<?xml version="1.0" encoding="utf-8"?>
<Catalog>
    <CAchievement default="1" id="MATCHMAKING">
        <Category value="Achievement/Category/Multiplayer"/>
        <Flags index="Finalize" value="1"/>
        <Flags index="Local" value="1"/>
        <Flags index="Progress" value="1"/>
        <Filters index="MapMelee" value="1"/>
        <Filters index="MatchNoHandicaps" value="1"/>
        <Filters index="MatchNoAIBuilds" value="1"/>
    </CAchievement>
    <CAchievement default="1" id="EXPLORATION" parent="MATCHMAKING">
        <Category value="Achievement/Category/Exploration"/>
    </CAchievement>
    <CAchievement default="1" id="ECONOMY" parent="MATCHMAKING">
        <Category value="Achievement/Category/Multiplayer/Economy"/>
    </CAchievement>
    <CAchievement default="1" id="LEAGUECOMBAT" parent="MATCHMAKING">
        <Category value="Achievement/Category/Multiplayer/UnrankedRanked"/>
        <Filters index="MatchAnonymous" value="1"/>
        <Filters index="MatchMulti" value="1"/>
        <!-- Note: This Ranked isn't the same as league play Just means it
             uses a "ranked matchmaker" -->
        <Filters index="MatchRanked" value="1"/>
    </CAchievement>
    <CAchievement default="1" id="GUIDEONE" parent="EXPLORATION">
        <Category value="Achievement/Category/Exploration/GuideOne"/>
    </CAchievement>
    <CAchievement default="1" id="GUIDETWO" parent="EXPLORATION">
        <Category value="Achievement/Category/Exploration/GuideTwo"/>
    </CAchievement>
    <CAchievement default="1" id="GUIDETHREE" parent="EXPLORATION">
        <Category value="Achievement/Category/Exploration/GuideThree"/>
    </CAchievement>
    <CAchievement default="1" id="LIBERTY">
        <Category value="Achievement/Category/LibertyCampaign"/>
    </CAchievement>
    <CAchievement default="1" id="MELEECOMBAT" parent="MATCHMAKING">
        <Category value="Achievement/Category/Multiplayer/MeleeCombat"/>
    </CAchievement>
    <CAchievement default="1" id="COMPETITIVE" parent="MATCHMAKING">
        <Category value="Achievement/Category/Multiplayer/Competitive"/>
    </CAchievement>
    <CAchievement default="1" id="CHALLENGE">
        <Category value="Achievement/Category/Exploration/Challenge"/>
        <Filters index="MatchSingle" value="1"/>
    </CAchievement>
    <CAchievement default="1" id="CUSTOMGAME">
        <Category value="Achievement/Category/Matchmaking/Competitive"/>
        <Flags index="Enabled" value="0"/>
        <Flags index="Hidden" value="1"/>
    </CAchievement>
    <CAchievement default="1" id="CUSTOMMODMAPS" parent="CUSTOMGAME">
        <Category value="Achievement/Category/CustomModMaps"/>
        <Tags index="0" Value="CSTM" Check="Present"/>
        <Flags index="Enabled" value="1"/>
        <Flags index="Hidden" value="0"/>
    </CAchievement>
    <CAchievement id="Campaign_Progress_Liberty" parent="LIBERTY">
        <Flags index="Hidden" value="1"/>
        <Points value="0"/>
    </CAchievement>
    <CAchievement id="Campaign_Progress_Swarm">
        <Flags index="Hidden" value="1"/>
        <Points value="0"/>
        <Category value="Achievement/Category/SwarmCampaign"/>
    </CAchievement>
    <CAchievement id="Campaign_Progress_Void">
        <Category value="Achievement/Category/VoidCampaign"/>
        <Points value="0"/>
        <Flags index="Hidden" value="1"/>
    </CAchievement>
    <CAchievement id="Campaign_Progress_VoidPrologue">
        <Category value="Achievement/Category/VoidCampaign/Prologue"/>
        <Points value="0"/>
        <Flags index="Hidden" value="1"/>
    </CAchievement>
    <CAchievement id="Campaign_Progress_VoidEpilogue">
        <Category value="Achievement/Category/VoidCampaign/SC2Epilogue"/>
        <Points value="0"/>
        <Flags index="Hidden" value="1"/>
    </CAchievement>
    <CAchievement id="AlliedCommanders_Progress">
        <Category value="Achievement/Category/AlliedCommanders"/>
        <Points value="0"/>
        <Flags index="Hidden" value="1"/>
    </CAchievement>
    <CAchievement id="Campaign_Progress_MissionPacks">
        <Category value="Achievement/Category/MissionPacks"/>
        <Points value="0"/>
        <Flags index="Hidden" value="1"/>
    </CAchievement>
    <CAchievement id="Campaign_Progress_NovaCovertOps">
        <Category value="Achievement/Category/MissionPacks/NovaCovertOps"/>
        <Points value="0"/>
        <Flags index="Hidden" value="1"/>
    </CAchievement>
    <!--                                            -->
    <!-- Guide One                              -->
    <!--                                            -->
    <CAchievement id="Challenge_MasterAchievement_Basic" parent="GUIDEONE">
        <Flags index="Local" value="0"/>
        <MinTermCount value="3"/>
        <TermTable index="0" value="Challenge_MasterAchievement_Basic_1"/>
        <TermTable value="Challenge_MasterAchievement_Basic_2"/>
        <TermTable value="Challenge_MasterAchievement_Basic_3"/>
        <TermTable value="Challenge_MasterAchievement_Basic_4"/>
        <TermTable value="Challenge_MasterAchievement_Basic_5"/>
        <TermTable value="Challenge_MasterAchievement_Basic_6"/>
        <TermTable value="Challenge_MasterAchievement_Basic_7"/>
        <TermTable value="Challenge_MasterAchievement_Basic_8"/>
        <TermTable value="Challenge_MasterAchievement_Basic_9"/>
    </CAchievement>
    <!--                                            -->
    <!-- Guide Two                             -->
    <!--                                            -->
    <CAchievement id="Challenge_MasterAchievement_Mastery" parent="GUIDETWO">
        <Flags index="Local" value="0"/>
        <MinTermCount value="6"/>
        <TermTable index="0" value="Challenge_MasterAchievement_Mastery_1"/>
        <TermTable value="Challenge_MasterAchievement_Mastery_2"/>
        <TermTable value="Challenge_MasterAchievement_Mastery_3"/>
        <TermTable value="Challenge_MasterAchievement_Mastery_4"/>
        <TermTable value="Challenge_MasterAchievement_Mastery_5"/>
        <TermTable value="Challenge_MasterAchievement_Mastery_6"/>
        <TermTable value="Challenge_MasterAchievement_Mastery_7"/>
        <TermTable value="Challenge_MasterAchievement_Mastery_8"/>
        <TermTable value="Challenge_MasterAchievement_Mastery_9"/>
    </CAchievement>
    <!--                                            -->
    <!-- Guide Three                           -->
    <!--                                            -->
    <CAchievement id="Challenge_MasterAchievement_Dominance" parent="GUIDETHREE">
        <Flags index="Local" value="0"/>
        <MinTermCount value="9"/>
        <TermTable value="Challenge_MasterAchievement_Dominance_1"/>
        <TermTable value="Challenge_MasterAchievement_Dominance_2"/>
        <TermTable value="Challenge_MasterAchievement_Dominance_3"/>
        <TermTable value="Challenge_MasterAchievement_Dominance_4"/>
        <TermTable value="Challenge_MasterAchievement_Dominance_5"/>
        <TermTable value="Challenge_MasterAchievement_Dominance_6"/>
        <TermTable value="Challenge_MasterAchievement_Dominance_7"/>
        <TermTable value="Challenge_MasterAchievement_Dominance_8"/>
        <TermTable value="Challenge_MasterAchievement_Dominance_9"/>
    </CAchievement>
    <CAchievement id="Combat_Exploration_FreeForAllCrusher" parent="GUIDETHREE">
        <Flags index="Cloaked" value="1"/>
        <Flags index="Local" value="0"/>
        <Filters index="MatchAnonymous" value="1"/>
        <Filters index="MatchFFA" value="1"/>
        <Points value="0"/>
    </CAchievement>
    <CAchievement id="Exploration_GuideThree_PlayReplay" parent="GUIDETHREE">
        <Filters index="MapMelee" value="0"/>
        <Filters index="MatchNoHandicaps" value="0"/>
        <Filters index="MatchNoAIBuilds" value="0"/>
        <Filters index="MatchObserver" value="1"/>
        <Filters index="MatchParticipant" value="0"/>
        <Flags index="Progress" value="0"/>
    </CAchievement>
    <!--                                            -->
    <!-- Economy                               -->
    <!--                                            -->
    <CAchievement id="Combat_BasicTraining_Marines" parent="ECONOMY">
        <Race value="Terr"/>
        <TermTable index="0" value="Combat_BasicTraining_MarinesTime"/>
        <TermTable value="Combat_BasicTraining_MarinesCount"/>
    </CAchievement>
    <CAchievement id="Combat_BasicTraining_Zerglings" parent="ECONOMY">
        <Race value="Zerg"/>
        <TermTable index="0" value="Combat_BasicTraining_ZerglingsTime"/>
        <TermTable value="Combat_BasicTraining_ZerglingsCount"/>
    </CAchievement>
    <CAchievement id="Combat_BasicTraining_Zealots" parent="ECONOMY">
        <Race value="Prot"/>
        <TermTable index="0" value="Combat_BasicTraining_ZealotsTime"/>
        <TermTable value="Combat_BasicTraining_ZealotsCount"/>
    </CAchievement>
    <CAchievement id="Combat_FastExpand" parent="ECONOMY">
        <TermTable index="0" value="Combat_FastExpand_Time"/>
        <TermTable value="Combat_FastExpand_BuildingCount"/>
        <Flags index="Progress" value="0"/>
    </CAchievement>
    <CAchievement id="Combat_FastTier2_Factory" parent="ECONOMY">
        <Race value="Terr"/>
        <TermTable index="0" value="Combat_FastTier2_FactoryTime"/>
        <TermTable value="Combat_FastTier2_FactoryCount"/>
        <Flags index="Progress" value="0"/>
    </CAchievement>
    <CAchievement id="Combat_FastTier2_TwilightCouncil" parent="ECONOMY">
        <Race value="Prot"/>
        <TermTable index="0" value="Combat_FastTier2_TwilightCouncilTime"/>
        <TermTable value="Combat_FastTier2_TwilightCouncilCount"/>
        <Flags index="Progress" value="0"/>
    </CAchievement>
    <CAchievement id="Combat_FastTier2_Lair" parent="ECONOMY">
        <Race value="Zerg"/>
        <TermTable index="0" value="Combat_FastTier2_LairTime"/>
        <TermTable value="Combat_FastTier2_LairCount"/>
        <Flags index="Progress" value="0"/>
    </CAchievement>
    <CAchievement id="Combat_Mechanic_HighYield" parent="ECONOMY">
        <TermTable index="0" value="Combat_Mechanic_HighYield_Combine"/>
    </CAchievement>
    <CAchievement id="Combat_Teammatery_Repair" parent="ECONOMY"/>
    <CAchievement id="Combat_Meta_Economy" parent="ECONOMY">
        <Category value="Achievement/Category/Multiplayer"/>
        <TermTable index="0" value="Combat_Meta_Economy_7"/>
        <TermTable value="Combat_Meta_Economy_9"/>
        <TermTable value="Combat_Meta_Economy_5"/>
        <TermTable value="Combat_Meta_Economy_6"/>
        <TermTable value="Combat_Meta_Economy_2"/>
        <TermTable value="Combat_Meta_Economy_8"/>
        <TermTable value="Combat_Meta_Economy_4"/>
        <TermTable value="Combat_Meta_Economy_3"/>
        <TermTable value="Combat_Meta_Economy_1"/>
        <Flags index="Local" value="0"/>
        <Flags index="Progress" value="0"/>
        <Points value="20"/>
    </CAchievement>
    <!--                                            -->
    <!-- League Combat                       -->
    <!--                                            -->
    <CAchievement id="Combat_Spells_Yamato" parent="LEAGUECOMBAT"/>
    <CAchievement id="Combat_Spells_Snipe" parent="LEAGUECOMBAT"/>
    <CAchievement id="Combat_Spells_NeuralParasite" parent="LEAGUECOMBAT"/>
    <CAchievement id="Combat_Micro_Unit20Kills" parent="LEAGUECOMBAT"/>
    <CAchievement id="Combat_Spells_AutoTurretSCVKills" parent="LEAGUECOMBAT"/>
    <CAchievement id="Combat_Mechanic_KillTransport" parent="LEAGUECOMBAT">
        <Flags index="Progress" value="0"/>
    </CAchievement>
    <CAchievement id="Combat_Spells_Nuke" parent="LEAGUECOMBAT"/>
    <CAchievement id="Combat_Infrastructure_Terran" parent="LEAGUECOMBAT">
        <Race value="Terr"/>
        <Flags index="Progress" value="0"/>
        <TermTable index="0" value="Combat_Infrastructure_TerranCount"/>
    </CAchievement>
    <CAchievement id="Combat_Infrastructure_Protoss" parent="LEAGUECOMBAT">
        <Race value="Prot"/>
        <Flags index="Progress" value="0"/>
        <TermTable index="0" value="Combat_Infrastructure_ProtossCount"/>
    </CAchievement>
    <CAchievement id="Combat_Infrastructure_Zerg" parent="LEAGUECOMBAT">
        <Race value="Zerg"/>
        <Flags index="Progress" value="0"/>
        <TermTable index="0" value="Combat_Infrastructure_ZergCount"/>
    </CAchievement>
    <CAchievement id="Combat_Mechanic_WarpIn" parent="LEAGUECOMBAT"/>
    <CAchievement id="Combat_Spells_SpawnLarva" parent="LEAGUECOMBAT"/>
    <CAchievement id="Combat_Teammatery_Heal" parent="LEAGUECOMBAT"/>
    <CAchievement id="Combat_Spells_Heal" parent="LEAGUECOMBAT"/>
    <CAchievement id="Combat_Mechanic_Shields" parent="LEAGUECOMBAT"/>
    <CAchievement id="Combat_Mechanic_RoachRegen" parent="LEAGUECOMBAT"/>
    <CAchievement id="Combat_Spells_HallucinationAbsorb" parent="LEAGUECOMBAT"/>
    <CAchievement id="Combat_NoCounterAttacks" parent="LEAGUECOMBAT"/>
    <CAchievement id="Combat_TownHallDestroyer" parent="LEAGUECOMBAT"/>
    <CAchievement id="Combat_MapControl_DestroyConstructingTownHall" parent="LEAGUECOMBAT">
        <Flags index="Progress" value="0"/>
    </CAchievement>
    <CAchievement id="Combat_Micro_HotPickup" parent="LEAGUECOMBAT">
        <Flags index="Progress" value="0"/>
    </CAchievement>
    <CAchievement id="Combat_Spells_MULE" parent="LEAGUECOMBAT"/>
    <CAchievement id="Combat_Mechanic_WatchTower" parent="LEAGUECOMBAT"/>
    <CAchievement id="Combat_Spells_Changeling" parent="LEAGUECOMBAT"/>
    <CAchievement id="Combat_Spells_HealShield" parent="LEAGUECOMBAT"/>
    <CAchievement id="Combat_Meta_LeagueCombat" parent="LEAGUECOMBAT">
        <Category value="Achievement/Category/Multiplayer"/>
        <TermTable index="0" value="Combat_Meta_LeagueCombat_27"/>
        <TermTable value="Combat_Meta_LeagueCombat_20"/>
        <TermTable value="Combat_Meta_LeagueCombat_25"/>
        <TermTable value="Combat_Meta_LeagueCombat_21"/>
        <TermTable value="Combat_Meta_LeagueCombat_2"/>
        <TermTable value="Combat_Meta_LeagueCombat_17"/>
        <TermTable value="Combat_Meta_LeagueCombat_14"/>
        <TermTable value="Combat_Meta_LeagueCombat_23"/>
        <TermTable value="Combat_Meta_LeagueCombat_15"/>
        <TermTable value="Combat_Meta_LeagueCombat_28"/>
        <TermTable value="Combat_Meta_LeagueCombat_24"/>
        <TermTable value="Combat_Meta_LeagueCombat_16"/>
        <TermTable value="Combat_Meta_LeagueCombat_13"/>
        <TermTable value="Combat_Meta_LeagueCombat_11"/>
        <TermTable value="Combat_Meta_LeagueCombat_18"/>
        <TermTable value="Combat_Meta_LeagueCombat_1"/>
        <TermTable value="Combat_Meta_LeagueCombat_19"/>
        <TermTable value="Combat_Meta_LeagueCombat_5"/>
        <TermTable value="Combat_Meta_LeagueCombat_4"/>
        <TermTable value="Combat_Meta_LeagueCombat_6"/>
        <TermTable value="Combat_Meta_LeagueCombat_8"/>
        <TermTable value="Combat_Meta_LeagueCombat_12"/>
        <TermTable value="Combat_Meta_LeagueCombat_26"/>
        <TermTable value="Combat_Meta_LeagueCombat_9"/>
        <Flags index="Local" value="0"/>
        <Flags index="Progress" value="0"/>
        <Points value="20"/>
    </CAchievement>
    <!--                                            -->
    <!-- Melee Combat                        -->
    <!--                                            -->
    <CAchievement id="Combat_Spells_Seeker" parent="MELEECOMBAT"/>
    <CAchievement id="Combat_Mechanic_Detection" parent="MELEECOMBAT"/>
    <CAchievement id="Combat_Spells_InfestedTerrans" parent="MELEECOMBAT"/>
    <CAchievement id="Combat_Spells_HighTemplarKills" parent="MELEECOMBAT"/>
    <CAchievement id="Combat_Meatgrinder" parent="MELEECOMBAT"/>
    <CAchievement id="Combat_Spells_PhasePrism" parent="MELEECOMBAT"/>
    <CAchievement id="Combat_Spells_ZealotWhileZerg" parent="MELEECOMBAT">
        <Race value="Zerg"/>
        <Flags index="Progress" value="0"/>
    </CAchievement>
    <CAchievement id="Combat_Spells_Vortex" parent="MELEECOMBAT"/>
    <CAchievement id="Combat_Spells_Blink" parent="MELEECOMBAT">
        <Flags index="Progress" value="0"/>
    </CAchievement>
    <CAchievement id="Combat_DodgeSeeker" parent="MELEECOMBAT">
        <Flags index="Progress" value="0"/>
    </CAchievement>
    <CAchievement id="Combat_Mechanic_Repair" parent="MELEECOMBAT"/>
    <CAchievement id="Combat_Economy_CancelConstructionUnderFire" parent="MELEECOMBAT">
        <Flags index="Progress" value="0"/>
    </CAchievement>
    <CAchievement id="Combat_Spells_HallucinationCount" parent="MELEECOMBAT"/>
    <CAchievement id="Combat_Meta_MeleeCombat" parent="MELEECOMBAT">
        <Category value="Achievement/Category/Multiplayer"/>
        <TermTable index="0" value="Combat_Meta_MeleeCombat_4"/>
        <TermTable value="Combat_Meta_MeleeCombat_9"/>
        <TermTable value="Combat_Meta_MeleeCombat_6"/>
        <TermTable value="Combat_Meta_MeleeCombat_8"/>
        <TermTable value="Combat_Meta_MeleeCombat_11"/>
        <TermTable value="Combat_Meta_MeleeCombat_10"/>
        <TermTable value="Combat_Meta_MeleeCombat_1"/>
        <TermTable value="Combat_Meta_MeleeCombat_2"/>
        <TermTable value="Combat_Meta_MeleeCombat_3"/>
        <TermTable value="Combat_Meta_MeleeCombat_7"/>
        <TermTable value="Combat_Meta_MeleeCombat_5"/>
        <TermTable value="Combat_Meta_LeagueCombat_10"/>
        <TermTable value="Combat_Meta_LeagueCombat_22"/>
        <Flags index="Local" value="0"/>
        <Flags index="Progress" value="0"/>
        <Points value="20"/>
    </CAchievement>
    <!--                                            -->
    <!-- Competitive                           -->
    <!--                                            -->
    <CAchievement id="QuickMatch_Competitive_FFA_5000_Kills" parent="COMPETITIVE">
        <Flags index="Cloaked" value="1"/>
        <Flags index="Local" value="0"/>
        <Filters index="MatchAnonymous" value="1"/>
        <Filters index="MatchFFA" value="1"/>
        <Points value="0"/>
    </CAchievement>
    <!--                                            -->
    <!-- Challenges                             -->
    <!--                                            -->
    <CAchievement id="Challenge_TerranCombat_Basic" parent="CHALLENGE"/>
    <CAchievement id="Challenge_TerranCombat_Mastery" parent="CHALLENGE"/>
    <CAchievement id="Challenge_TerranCombat_Dominance" parent="CHALLENGE"/>
    <CAchievement id="Challenge_ProtossCombat_Basic" parent="CHALLENGE"/>
    <CAchievement id="Challenge_ProtossCombat_Mastery" parent="CHALLENGE"/>
    <CAchievement id="Challenge_ProtossCombat_Dominance" parent="CHALLENGE"/>
    <CAchievement id="Challenge_ZergCombat_Basic" parent="CHALLENGE"/>
    <CAchievement id="Challenge_ZergCombat_Mastery" parent="CHALLENGE"/>
    <CAchievement id="Challenge_ZergCombat_Dominance" parent="CHALLENGE"/>
    <CAchievement id="Challenge_TerranCovertOps_Basic" parent="CHALLENGE"/>
    <CAchievement id="Challenge_TerranCovertOps_Mastery" parent="CHALLENGE"/>
    <CAchievement id="Challenge_TerranCovertOps_Dominance" parent="CHALLENGE"/>
    <CAchievement id="Challenge_ProtossPsionics_Basic" parent="CHALLENGE"/>
    <CAchievement id="Challenge_ProtossPsionics_Mastery" parent="CHALLENGE"/>
    <CAchievement id="Challenge_ProtossPsionics_Dominance" parent="CHALLENGE"/>
    <CAchievement id="Challenge_ZergInfestation_Basic" parent="CHALLENGE"/>
    <CAchievement id="Challenge_ZergInfestation_Mastery" parent="CHALLENGE"/>
    <CAchievement id="Challenge_ZergInfestation_Dominance" parent="CHALLENGE"/>
    <CAchievement id="Challenge_AdvancedCommand_Basic" parent="CHALLENGE"/>
    <CAchievement id="Challenge_AdvancedCommand_Mastery" parent="CHALLENGE"/>
    <CAchievement id="Challenge_AdvancedCommand_Dominance" parent="CHALLENGE"/>
    <CAchievement id="Challenge_Economy_Basic" parent="CHALLENGE"/>
    <CAchievement id="Challenge_Economy_Mastery" parent="CHALLENGE"/>
    <CAchievement id="Challenge_Economy_Dominance" parent="CHALLENGE"/>
    <CAchievement id="Challenge_RushDefense_Basic" parent="CHALLENGE"/>
    <CAchievement id="Challenge_RushDefense_Mastery" parent="CHALLENGE"/>
    <CAchievement id="Challenge_RushDefense_Dominance" parent="CHALLENGE"/>
    <CAchievement id="Challenge_Meta_GoldCollection" parent="CHALLENGE">
        <TermTable index="0" value="Challenge_Meta_GoldCollection_1"/>
        <TermTable value="Challenge_Meta_GoldCollection_2"/>
        <TermTable value="Challenge_Meta_GoldCollection_3"/>
        <TermTable value="Challenge_Meta_GoldCollection_4"/>
        <TermTable value="Challenge_Meta_GoldCollection_5"/>
        <TermTable value="Challenge_Meta_GoldCollection_6"/>
        <TermTable value="Challenge_Meta_GoldCollection_7"/>
        <TermTable value="Challenge_Meta_GoldCollection_8"/>
        <TermTable value="Challenge_Meta_GoldCollection_9"/>
        <Points value="20"/>
    </CAchievement>
    <!--                                             -->
    <!-- Mod Maps                               -->
    <!--                                             -->
    <!-- StarCraft Master                               -->
    <CAchievement id="StarCraftMaster_01" parent="CUSTOMMODMAPS">
        <MinTermCount value="10"/>
        <SharesTerms value="StarCraftMaster_04"/>
    </CAchievement>
    <CAchievement id="StarCraftMaster_02" parent="CUSTOMMODMAPS">
        <Supersedes value="StarCraftMaster_01"/>
        <MinTermCount value="20"/>
        <SharesTerms value="StarCraftMaster_04"/>
    </CAchievement>
    <CAchievement id="StarCraftMaster_03" parent="CUSTOMMODMAPS">
        <Supersedes value="StarCraftMaster_02"/>
        <MinTermCount value="25"/>
        <SharesTerms value="StarCraftMaster_04"/>
        <RewardTable index="0" value="StarCraftMaster_Portrait"/>
    </CAchievement>
    <CAchievement id="StarCraftMaster_04" parent="CUSTOMMODMAPS">
        <TermTable index="0" value="StarCraftMaster_04_01"/>
        <TermTable value="StarCraftMaster_04_02"/>
        <TermTable value="StarCraftMaster_04_03"/>
        <TermTable value="StarCraftMaster_04_04"/>
        <TermTable value="StarCraftMaster_04_05"/>
        <TermTable value="StarCraftMaster_04_06"/>
        <TermTable value="StarCraftMaster_04_07"/>
        <TermTable value="StarCraftMaster_04_08"/>
        <TermTable value="StarCraftMaster_04_09"/>
        <TermTable value="StarCraftMaster_04_10"/>
        <TermTable value="StarCraftMaster_04_11"/>
        <TermTable value="StarCraftMaster_04_12"/>
        <TermTable value="StarCraftMaster_04_13"/>
        <TermTable value="StarCraftMaster_04_14"/>
        <TermTable value="StarCraftMaster_04_15"/>
        <TermTable value="StarCraftMaster_04_16"/>
        <TermTable value="StarCraftMaster_04_17"/>
        <TermTable value="StarCraftMaster_04_18"/>
        <TermTable value="StarCraftMaster_04_19"/>
        <TermTable value="StarCraftMaster_04_20"/>
        <TermTable value="StarCraftMaster_04_21"/>
        <TermTable value="StarCraftMaster_04_22"/>
        <TermTable value="StarCraftMaster_04_23"/>
        <TermTable value="StarCraftMaster_04_24"/>
        <TermTable value="StarCraftMaster_04_25"/>
        <TermTable value="StarCraftMaster_04_26"/>
        <TermTable value="StarCraftMaster_04_27"/>
        <TermTable value="StarCraftMaster_04_28"/>
        <TermTable value="StarCraftMaster_04_29"/>
        <TermTable value="StarCraftMaster_04_30"/>
    </CAchievement>
    <CAchievement id="StarCraftMaster_05" parent="CUSTOMMODMAPS"/>
    <CAchievement id="StarCraftMaster_06" parent="CUSTOMMODMAPS"/>
    <CAchievement id="StarCraftMaster_07" parent="CUSTOMMODMAPS"/>
    <CAchievement id="VoidGlueFilterCord">
        <Flags index="Hidden" value="1"/>
        <Category value="Achievement/Category/VoidCampaign"/>
        <Points value="0"/>
    </CAchievement>
    <CAchievement id="VoidGlueFilterGauntletOn">
        <Flags index="Hidden" value="1"/>
        <Category value="Achievement/Category/VoidCampaign"/>
        <Points value="0"/>
    </CAchievement>
    <CAchievement id="VoidGlueFilterGauntletOff">
        <Flags index="Hidden" value="1"/>
        <Category value="Achievement/Category/VoidCampaign"/>
        <Points value="0"/>
    </CAchievement>
    <CAchievement id="Legacy_of_the_Ursadon">
        <Category value="Achievement/Category/FeatOfStrength"/>
        <Points value="0"/>
        <Flags index="Cloaked" value="1"/>
        <Flags index="Finalize" value="1"/>
    </CAchievement>
</Catalog>
