<?xml version="1.0" encoding="utf-8"?>
<Catalog>
    <CAchievementTermUnitRegen default="1" id="Combat_Mechanic_Shields_Template">
        <Flags index="Notify" value="0"/>
        <Evaluate value="Expand"/>
        <Quantity value="500"/>
        <Vital value="Shields"/>
    </CAchievementTermUnitRegen>
    <CAchievementTermUnitRegen default="1" id="Combat_Mechanic_Regen_Template">
        <Flags index="Notify" value="0"/>
        <Evaluate value="Expand"/>
        <Quantity value="500"/>
    </CAchievementTermUnitRegen>
    <CAchievementTermUnitDeath id="Combat_Exploration_FreeForAllCrusher">
        <Flags index="Persist" value="1"/>
        <Quantity value="100"/>
        <ValidatorArray value="TargetIsEnemy"/>
    </CAchievementTermUnitDeath>
    <CAchievementTermUnitRegen id="Combat_Mechanic_Shields_Archon" parent="Combat_Mechanic_Shields_Template">
        <Unit value="Archon"/>
    </CAchievementTermUnitRegen>
    <CAchievementTermUnitDeath id="QuickMatch_Competitive_FFA_5000_Kills">
        <Flags index="Persist" value="1"/>
        <Quantity value="5000"/>
        <ValidatorArray value="TargetIsEnemy"/>
    </CAchievementTermUnitDeath>
    <CAchievementTermAchievement id="Challenge_Meta_GoldCollection_1">
        <Child value="Challenge_TerranCombat_Dominance"/>
        <Flags index="Persist" value="1"/>
    </CAchievementTermAchievement>
    <CAchievementTermAchievement id="Challenge_Meta_GoldCollection_2">
        <Child value="Challenge_ProtossCombat_Dominance"/>
        <Flags index="Persist" value="1"/>
    </CAchievementTermAchievement>
    <CAchievementTermAchievement id="Challenge_Meta_GoldCollection_3">
        <Child value="Challenge_ZergCombat_Dominance"/>
        <Flags index="Persist" value="1"/>
    </CAchievementTermAchievement>
    <CAchievementTermAchievement id="Challenge_Meta_GoldCollection_4">
        <Child value="Challenge_TerranCovertOps_Dominance"/>
        <Flags index="Persist" value="1"/>
    </CAchievementTermAchievement>
    <CAchievementTermAchievement id="Challenge_Meta_GoldCollection_5">
        <Child value="Challenge_ProtossPsionics_Dominance"/>
        <Flags index="Persist" value="1"/>
    </CAchievementTermAchievement>
    <CAchievementTermAchievement id="Challenge_Meta_GoldCollection_6">
        <Child value="Challenge_ZergInfestation_Dominance"/>
        <Flags index="Persist" value="1"/>
    </CAchievementTermAchievement>
    <CAchievementTermAchievement id="Challenge_Meta_GoldCollection_7">
        <Child value="Challenge_AdvancedCommand_Dominance"/>
        <Flags index="Persist" value="1"/>
    </CAchievementTermAchievement>
    <CAchievementTermAchievement id="Challenge_Meta_GoldCollection_8">
        <Child value="Challenge_Economy_Dominance"/>
        <Flags index="Persist" value="1"/>
    </CAchievementTermAchievement>
    <CAchievementTermAchievement id="Challenge_Meta_GoldCollection_9">
        <Child value="Challenge_RushDefense_Dominance"/>
        <Flags index="Persist" value="1"/>
    </CAchievementTermAchievement>
    <CAchievementTermAchievement id="Challenge_MasterAchievement_Basic_1">
        <Flags index="Persist" value="1"/>
        <Child value="Challenge_TerranCombat_Basic"/>
    </CAchievementTermAchievement>
    <CAchievementTermAchievement id="Challenge_MasterAchievement_Basic_2">
        <Flags index="Persist" value="1"/>
        <Child value="Challenge_ProtossCombat_Basic"/>
    </CAchievementTermAchievement>
    <CAchievementTermAchievement id="Challenge_MasterAchievement_Basic_3">
        <Flags index="Persist" value="1"/>
        <Child value="Challenge_ZergCombat_Basic"/>
    </CAchievementTermAchievement>
    <CAchievementTermAchievement id="Challenge_MasterAchievement_Basic_4">
        <Flags index="Persist" value="1"/>
        <Child value="Challenge_TerranCovertOps_Basic"/>
    </CAchievementTermAchievement>
    <CAchievementTermAchievement id="Challenge_MasterAchievement_Basic_5">
        <Flags index="Persist" value="1"/>
        <Child value="Challenge_ProtossPsionics_Basic"/>
    </CAchievementTermAchievement>
    <CAchievementTermAchievement id="Challenge_MasterAchievement_Basic_6">
        <Flags index="Persist" value="1"/>
        <Child value="Challenge_ZergInfestation_Basic"/>
    </CAchievementTermAchievement>
    <CAchievementTermAchievement id="Challenge_MasterAchievement_Basic_7">
        <Flags index="Persist" value="1"/>
        <Child value="Challenge_AdvancedCommand_Basic"/>
    </CAchievementTermAchievement>
    <CAchievementTermAchievement id="Challenge_MasterAchievement_Basic_8">
        <Flags index="Persist" value="1"/>
        <Child value="Challenge_Economy_Basic"/>
    </CAchievementTermAchievement>
    <CAchievementTermAchievement id="Challenge_MasterAchievement_Basic_9">
        <Flags index="Persist" value="1"/>
        <Child value="Challenge_RushDefense_Basic"/>
    </CAchievementTermAchievement>
    <CAchievementTermAchievement id="Challenge_MasterAchievement_Mastery_1">
        <Flags index="Persist" value="1"/>
        <Child value="Challenge_TerranCombat_Basic"/>
    </CAchievementTermAchievement>
    <CAchievementTermAchievement id="Challenge_MasterAchievement_Mastery_2">
        <Flags index="Persist" value="1"/>
        <Child value="Challenge_ProtossCombat_Basic"/>
    </CAchievementTermAchievement>
    <CAchievementTermAchievement id="Challenge_MasterAchievement_Mastery_3">
        <Flags index="Persist" value="1"/>
        <Child value="Challenge_ZergCombat_Basic"/>
    </CAchievementTermAchievement>
    <CAchievementTermAchievement id="Challenge_MasterAchievement_Mastery_4">
        <Flags index="Persist" value="1"/>
        <Child value="Challenge_TerranCovertOps_Basic"/>
    </CAchievementTermAchievement>
    <CAchievementTermAchievement id="Challenge_MasterAchievement_Mastery_5">
        <Flags index="Persist" value="1"/>
        <Child value="Challenge_ProtossPsionics_Basic"/>
    </CAchievementTermAchievement>
    <CAchievementTermAchievement id="Challenge_MasterAchievement_Mastery_6">
        <Flags index="Persist" value="1"/>
        <Child value="Challenge_ZergInfestation_Basic"/>
    </CAchievementTermAchievement>
    <CAchievementTermAchievement id="Challenge_MasterAchievement_Mastery_7">
        <Flags index="Persist" value="1"/>
        <Child value="Challenge_AdvancedCommand_Basic"/>
    </CAchievementTermAchievement>
    <CAchievementTermAchievement id="Challenge_MasterAchievement_Mastery_8">
        <Flags index="Persist" value="1"/>
        <Child value="Challenge_Economy_Basic"/>
    </CAchievementTermAchievement>
    <CAchievementTermAchievement id="Challenge_MasterAchievement_Mastery_9">
        <Flags index="Persist" value="1"/>
        <Child value="Challenge_RushDefense_Basic"/>
    </CAchievementTermAchievement>
    <CAchievementTermAchievement id="Challenge_MasterAchievement_Dominance_1">
        <Flags index="Persist" value="1"/>
        <Child value="Challenge_TerranCombat_Basic"/>
    </CAchievementTermAchievement>
    <CAchievementTermAchievement id="Challenge_MasterAchievement_Dominance_2">
        <Flags index="Persist" value="1"/>
        <Child value="Challenge_ProtossCombat_Basic"/>
    </CAchievementTermAchievement>
    <CAchievementTermAchievement id="Challenge_MasterAchievement_Dominance_3">
        <Flags index="Persist" value="1"/>
        <Child value="Challenge_ZergCombat_Basic"/>
    </CAchievementTermAchievement>
    <CAchievementTermAchievement id="Challenge_MasterAchievement_Dominance_4">
        <Flags index="Persist" value="1"/>
        <Child value="Challenge_TerranCovertOps_Basic"/>
    </CAchievementTermAchievement>
    <CAchievementTermAchievement id="Challenge_MasterAchievement_Dominance_5">
        <Flags index="Persist" value="1"/>
        <Child value="Challenge_ProtossPsionics_Basic"/>
    </CAchievementTermAchievement>
    <CAchievementTermAchievement id="Challenge_MasterAchievement_Dominance_6">
        <Flags index="Persist" value="1"/>
        <Child value="Challenge_ZergInfestation_Basic"/>
    </CAchievementTermAchievement>
    <CAchievementTermAchievement id="Challenge_MasterAchievement_Dominance_7">
        <Flags index="Persist" value="1"/>
        <Child value="Challenge_AdvancedCommand_Basic"/>
    </CAchievementTermAchievement>
    <CAchievementTermAchievement id="Challenge_MasterAchievement_Dominance_8">
        <Flags index="Persist" value="1"/>
        <Child value="Challenge_Economy_Basic"/>
    </CAchievementTermAchievement>
    <CAchievementTermAchievement id="Challenge_MasterAchievement_Dominance_9">
        <Flags index="Persist" value="1"/>
        <Child value="Challenge_RushDefense_Basic"/>
    </CAchievementTermAchievement>
    <!--=========================================================================================-->
    <CAchievementTermCombine id="Combat_Mechanic_KillTransport">
        <Quantity value="1"/>
        <Type value="ValueAdd"/>
        <ChildTable value="Combat_Mechanic_KillTransport_Overlord"/>
        <ChildTable value="Combat_Mechanic_KillTransport_Medivac"/>
        <ChildTable value="Combat_Mechanic_KillTransport_WarpPrismTransport"/>
        <ChildTable value="Combat_Mechanic_KillTransport_WarpPrismPhasing"/>
    </CAchievementTermCombine>
    <CAchievementTermUnitDeath id="Combat_Mechanic_KillTransport_Overlord">
        <Quantity value="1"/>
        <Flags index="Notify" value="0"/>
        <Unit value="Overlord"/>
        <ValidatorArray value="IsTransportFull"/>
        <ValidatorArray value="TargetIsEnemy"/>
    </CAchievementTermUnitDeath>
    <CAchievementTermUnitDeath id="Combat_Mechanic_KillTransport_Medivac">
        <Quantity value="1"/>
        <Flags index="Notify" value="0"/>
        <Unit value="Medivac"/>
        <ValidatorArray value="IsTransportFull"/>
        <ValidatorArray value="TargetIsEnemy"/>
    </CAchievementTermUnitDeath>
    <CAchievementTermUnitDeath id="Combat_Mechanic_KillTransport_WarpPrismTransport">
        <Quantity value="1"/>
        <Flags index="Notify" value="0"/>
        <Unit value="WarpPrism"/>
        <ValidatorArray value="IsTransportFull"/>
        <ValidatorArray value="TargetIsEnemy"/>
    </CAchievementTermUnitDeath>
    <CAchievementTermUnitDeath id="Combat_Mechanic_KillTransport_WarpPrismPhasing">
        <Quantity value="1"/>
        <Flags index="Notify" value="0"/>
        <Unit value="WarpPrismPhasing"/>
        <ValidatorArray value="IsTransportFull"/>
        <ValidatorArray value="TargetIsEnemy"/>
    </CAchievementTermUnitDeath>
    <!--=========================================================================================-->
    <CAchievementTermTime id="Combat_BasicTraining_MarinesTime">
        <Quantity value="320"/>
    </CAchievementTermTime>
    <CAchievementTermUnitBirth id="Combat_BasicTraining_MarinesCount">
        <Quantity value="10"/>
        <Unit value="Marine"/>
    </CAchievementTermUnitBirth>
    <CAchievementTermTime id="Combat_BasicTraining_ZerglingsTime">
        <Quantity value="255"/>
    </CAchievementTermTime>
    <CAchievementTermUnitBirth id="Combat_BasicTraining_ZerglingsCount">
        <Quantity value="20"/>
        <Unit value="Zergling"/>
    </CAchievementTermUnitBirth>
    <CAchievementTermTime id="Combat_BasicTraining_ZealotsTime">
        <Quantity value="250"/>
    </CAchievementTermTime>
    <CAchievementTermUnitBirth id="Combat_BasicTraining_ZealotsCount">
        <Quantity value="5"/>
        <Unit value="Zealot"/>
    </CAchievementTermUnitBirth>
    <!--=========================================================================================-->
    <CAchievementTermTime id="Combat_FastTier2_FactoryTime">
        <Quantity value="270"/>
    </CAchievementTermTime>
    <CAchievementTermUnitBirth id="Combat_FastTier2_FactoryCount">
        <Quantity value="1"/>
        <Unit value="Factory"/>
    </CAchievementTermUnitBirth>
    <CAchievementTermTime id="Combat_FastTier2_LairTime">
        <Quantity value="285"/>
    </CAchievementTermTime>
    <CAchievementTermUnitBirth id="Combat_FastTier2_LairCount">
        <Quantity value="1"/>
        <Unit value="Lair"/>
    </CAchievementTermUnitBirth>
    <CAchievementTermTime id="Combat_FastTier2_TwilightCouncilTime">
        <Quantity value="275"/>
    </CAchievementTermTime>
    <CAchievementTermUnitBirth id="Combat_FastTier2_TwilightCouncilCount">
        <Quantity value="1"/>
        <Unit value="TwilightCouncil"/>
    </CAchievementTermUnitBirth>
    <!--=========================================================================================-->
    <CAchievementTermScoreValue id="Combat_Infrastructure_TerranCount">
        <Quantity value="9"/>
        <ScoreValue value="UnitsInProgressCount"/>
    </CAchievementTermScoreValue>
    <CAchievementTermScoreValue id="Combat_Infrastructure_ProtossCount">
        <Quantity value="9"/>
        <ScoreValue value="UnitsInProgressCount"/>
    </CAchievementTermScoreValue>
    <CAchievementTermScoreValue id="Combat_Infrastructure_ZergCount">
        <Quantity value="21"/>
        <ScoreValue value="UnitsInProgressCount"/>
    </CAchievementTermScoreValue>
    <!--=========================================================================================-->
    <CAchievementTermCombine id="Combat_MapControl_DestroyConstructingTownHall">
        <Quantity value="1"/>
        <Type value="ValueAdd"/>
        <ChildTable value="Combat_MapControl_DestroyCommandCenterCount"/>
        <ChildTable value="Combat_MapControl_DestroyNexusCount"/>
        <ChildTable value="Combat_MapControl_DestroyHatcheryCount"/>
        <ChildTable value="Combat_MapControl_DestroyLairCount"/>
        <ChildTable value="Combat_MapControl_DestroyHiveCount"/>
    </CAchievementTermCombine>
    <CAchievementTermUnitDeath id="Combat_MapControl_DestroyCommandCenterCount">
        <Flags index="Notify" value="0"/>
        <Unit value="CommandCenter"/>
        <ValidatorArray value="IsConstructing"/>
        <ValidatorArray value="TargetIsEnemy"/>
    </CAchievementTermUnitDeath>
    <CAchievementTermUnitDeath id="Combat_MapControl_DestroyNexusCount">
        <Flags index="Notify" value="0"/>
        <Unit value="Nexus"/>
        <ValidatorArray value="IsConstructing"/>
        <ValidatorArray value="TargetIsEnemy"/>
    </CAchievementTermUnitDeath>
    <CAchievementTermUnitDeath id="Combat_MapControl_DestroyHatcheryCount">
        <Flags index="Notify" value="0"/>
        <Unit value="Hatchery"/>
        <ValidatorArray value="IsConstructing"/>
        <ValidatorArray value="TargetIsEnemy"/>
    </CAchievementTermUnitDeath>
    <CAchievementTermUnitDeath id="Combat_MapControl_DestroyLairCount">
        <Flags index="Notify" value="0"/>
        <Unit value="Lair"/>
        <ValidatorArray value="IsConstructing"/>
        <ValidatorArray value="TargetIsEnemy"/>
    </CAchievementTermUnitDeath>
    <CAchievementTermUnitDeath id="Combat_MapControl_DestroyHiveCount">
        <Flags index="Notify" value="0"/>
        <Unit value="Hive"/>
        <ValidatorArray value="IsConstructing"/>
        <ValidatorArray value="TargetIsEnemy"/>
    </CAchievementTermUnitDeath>
    <!--=========================================================================================-->
    <CAchievementTermAbilUse id="Combat_Economy_CancelConstructionUnderFire">
        <Quantity value="1"/>
        <AbilCmd value="BuildInProgress,Cancel"/>
        <ValidatorArray value="IsConstructionUnderFire"/>
    </CAchievementTermAbilUse>
    <!--=========================================================================================-->
    <CAchievementTermTime id="Combat_FastExpand_Time">
        <Quantity value="225"/>
    </CAchievementTermTime>
    <CAchievementTermCombine id="Combat_FastExpand_BuildingCount">
        <Quantity value="2"/>
        <Type value="ValueAdd"/>
        <ChildTable value="Combat_FastExpand_CommandCenterCount"/>
        <ChildTable value="Combat_FastExpand_NexusCount"/>
        <ChildTable value="Combat_FastExpand_HatcheryCount"/>
    </CAchievementTermCombine>
    <CAchievementTermUnitBirth id="Combat_FastExpand_CommandCenterCount">
        <Flags index="Notify" value="0"/>
        <Unit value="CommandCenter"/>
    </CAchievementTermUnitBirth>
    <CAchievementTermUnitBirth id="Combat_FastExpand_NexusCount">
        <Flags index="Notify" value="0"/>
        <Unit value="Nexus"/>
    </CAchievementTermUnitBirth>
    <CAchievementTermUnitBirth id="Combat_FastExpand_HatcheryCount">
        <Flags index="Notify" value="0"/>
        <Unit value="Hatchery"/>
    </CAchievementTermUnitBirth>
    <!--=========================================================================================-->
    <CAchievementTermCombine id="Combat_Mechanic_WarpIn">
        <Quantity value="100"/>
        <Type value="ValueAdd"/>
        <ChildTable value="Combat_Mechanic_WarpIn_Zealot"/>
        <ChildTable value="Combat_Mechanic_WarpIn_Sentry"/>
        <ChildTable value="Combat_Mechanic_WarpIn_Stalker"/>
        <ChildTable value="Combat_Mechanic_WarpIn_HighTemplar"/>
        <ChildTable value="Combat_Mechanic_WarpIn_DarkTemplar"/>
    </CAchievementTermCombine>
    <CAchievementTermAbilUse id="Combat_Mechanic_WarpIn_Zealot">
        <Flags index="Notify" value="0"/>
        <AbilCmd value="WarpGateTrain,Train1"/>
    </CAchievementTermAbilUse>
    <CAchievementTermAbilUse id="Combat_Mechanic_WarpIn_Sentry">
        <Flags index="Notify" value="0"/>
        <AbilCmd value="WarpGateTrain,Train6"/>
    </CAchievementTermAbilUse>
    <CAchievementTermAbilUse id="Combat_Mechanic_WarpIn_Stalker">
        <Flags index="Notify" value="0"/>
        <AbilCmd value="WarpGateTrain,Train2"/>
    </CAchievementTermAbilUse>
    <CAchievementTermAbilUse id="Combat_Mechanic_WarpIn_HighTemplar">
        <Flags index="Notify" value="0"/>
        <AbilCmd value="WarpGateTrain,Train4"/>
    </CAchievementTermAbilUse>
    <CAchievementTermAbilUse id="Combat_Mechanic_WarpIn_DarkTemplar">
        <Flags index="Notify" value="0"/>
        <AbilCmd value="WarpGateTrain,Train5"/>
    </CAchievementTermAbilUse>
    <!--=========================================================================================-->
    <CAchievementTermAbilInteract id="Combat_Mechanic_WatchTower">
        <Evaluate value="Expand"/>
        <Quantity value="300"/>
        <AbilCmd value="TowerCapture"/>
    </CAchievementTermAbilInteract>
    <!--=========================================================================================-->
    <CAchievementTermUnitDeath id="Combat_Mechanic_Detection">
        <Quantity value="10"/>
        <ValidatorArray value="TargetIsCloaked"/>
        <ValidatorArray value="TargetIsEnemy"/>
    </CAchievementTermUnitDeath>
    <!--=========================================================================================-->
    <CAchievementTermCombine id="Combat_Mechanic_Shields">
        <Quantity value="500"/>
        <Evaluate value="Expand"/>
        <Type value="ValueExpand"/>
        <ChildTable value="Combat_Mechanic_Shields_Probe"/>
        <ChildTable value="Combat_Mechanic_Shields_Zealot"/>
        <ChildTable value="Combat_Mechanic_Shields_Stalker"/>
        <ChildTable value="Combat_Mechanic_Shields_Disruptor"/>
        <ChildTable value="Combat_Mechanic_Shields_HighTemplar"/>
        <ChildTable value="Combat_Mechanic_Shields_DarkTemplar"/>
        <ChildTable value="Combat_Mechanic_Shields_Phoenix"/>
        <ChildTable value="Combat_Mechanic_Shields_Carrier"/>
        <ChildTable value="Combat_Mechanic_Shields_VoidRay"/>
        <ChildTable value="Combat_Mechanic_Shields_WarpPrism"/>
        <ChildTable value="Combat_Mechanic_Shields_Observer"/>
        <ChildTable value="Combat_Mechanic_Shields_Colossus"/>
        <ChildTable value="Combat_Mechanic_Shields_Immortal"/>
        <ChildTable value="Combat_Mechanic_Shields_Archon"/>
        <ChildTable value="Combat_Mechanic_Shields_Mothership"/>
    </CAchievementTermCombine>
    <CAchievementTermUnitRegen id="Combat_Mechanic_Shields_Probe" parent="Combat_Mechanic_Shields_Template">
        <Unit value="Probe"/>
    </CAchievementTermUnitRegen>
    <CAchievementTermUnitRegen id="Combat_Mechanic_Shields_Zealot" parent="Combat_Mechanic_Shields_Template">
        <Unit value="Zealot"/>
    </CAchievementTermUnitRegen>
    <CAchievementTermUnitRegen id="Combat_Mechanic_Shields_Stalker" parent="Combat_Mechanic_Shields_Template">
        <Unit value="Stalker"/>
    </CAchievementTermUnitRegen>
    <CAchievementTermUnitRegen id="Combat_Mechanic_Shields_Disruptor" parent="Combat_Mechanic_Shields_Template">
        <Unit value="Sentry"/>
    </CAchievementTermUnitRegen>
    <CAchievementTermUnitRegen id="Combat_Mechanic_Shields_HighTemplar" parent="Combat_Mechanic_Shields_Template">
        <Unit value="HighTemplar"/>
    </CAchievementTermUnitRegen>
    <CAchievementTermUnitRegen id="Combat_Mechanic_Shields_DarkTemplar" parent="Combat_Mechanic_Shields_Template">
        <Unit value="DarkTemplar"/>
    </CAchievementTermUnitRegen>
    <CAchievementTermUnitRegen id="Combat_Mechanic_Shields_Phoenix" parent="Combat_Mechanic_Shields_Template">
        <Unit value="Phoenix"/>
    </CAchievementTermUnitRegen>
    <CAchievementTermUnitRegen id="Combat_Mechanic_Shields_Carrier" parent="Combat_Mechanic_Shields_Template">
        <Unit value="Carrier"/>
    </CAchievementTermUnitRegen>
    <CAchievementTermUnitRegen id="Combat_Mechanic_Shields_VoidRay" parent="Combat_Mechanic_Shields_Template">
        <Unit value="VoidRay"/>
    </CAchievementTermUnitRegen>
    <CAchievementTermUnitRegen id="Combat_Mechanic_Shields_WarpPrism" parent="Combat_Mechanic_Shields_Template">
        <Unit value="WarpPrism"/>
    </CAchievementTermUnitRegen>
    <CAchievementTermUnitRegen id="Combat_Mechanic_Shields_Observer" parent="Combat_Mechanic_Shields_Template">
        <Unit value="Observer"/>
    </CAchievementTermUnitRegen>
    <CAchievementTermUnitRegen id="Combat_Mechanic_Shields_Colossus" parent="Combat_Mechanic_Shields_Template">
        <Unit value="Colossus"/>
    </CAchievementTermUnitRegen>
    <CAchievementTermUnitRegen id="Combat_Mechanic_Shields_Immortal" parent="Combat_Mechanic_Shields_Template">
        <Unit value="Immortal"/>
    </CAchievementTermUnitRegen>
    <CAchievementTermUnitRegen id="Combat_Mechanic_Shields_Mothership" parent="Combat_Mechanic_Shields_Template">
        <Unit value="Mothership"/>
    </CAchievementTermUnitRegen>
    <!--=========================================================================================-->
    <CAchievementTermBehaviorState id="Combat_Mechanic_Repair">
        <Quantity value="8"/>
        <Behavior value="TerranBuildingBurnDown"/>
        <ValidatorArray value="NotDead"/>
        <ValidatorArray value="TargetLastDamagedByEnemy"/>
    </CAchievementTermBehaviorState>
    <!--=========================================================================================-->
    <CAchievementTermCombine id="Combat_Mechanic_HighYield_Combine">
        <Type value="ValueAdd"/>
        <ChildTable value="Combat_Mechanic_HighYield900"/>
        <ChildTable value="Combat_Mechanic_HighYield"/>
        <Quantity value="10"/>
    </CAchievementTermCombine>
    <CAchievementTermUnitDeath id="Combat_Mechanic_HighYield">
        <Unit value="RichMineralField"/>
    </CAchievementTermUnitDeath>
    <CAchievementTermUnitDeath id="Combat_Mechanic_HighYield900">
        <Unit value="RichMineralField750"/>
    </CAchievementTermUnitDeath>
    <!--=========================================================================================-->
    <CAchievementTermCombine id="Combat_Mechanic_RoachRegen">
        <Quantity value="500"/>
        <Evaluate value="Expand"/>
        <Type value="ValueExpand"/>
        <ChildTable value="Combat_Mechanic_RoachRegen_Roach"/>
        <ChildTable value="Combat_Mechanic_RoachRegen_RoachBurrowed"/>
    </CAchievementTermCombine>
    <CAchievementTermUnitRegen id="Combat_Mechanic_RoachRegen_Roach" parent="Combat_Mechanic_Regen_Template">
        <Unit value="Roach"/>
    </CAchievementTermUnitRegen>
    <CAchievementTermUnitRegen id="Combat_Mechanic_RoachRegen_RoachBurrowed" parent="Combat_Mechanic_Regen_Template">
        <Unit value="RoachBurrowed"/>
    </CAchievementTermUnitRegen>
    <CAchievementTermAchievement id="Combat_Meta_Economy_7">
        <Child value="Combat_BasicTraining_Marines"/>
        <Flags index="Persist" value="1"/>
    </CAchievementTermAchievement>
    <CAchievementTermAchievement id="Combat_Meta_Economy_9">
        <Child value="Combat_BasicTraining_Zerglings"/>
        <Flags index="Persist" value="1"/>
    </CAchievementTermAchievement>
    <CAchievementTermAchievement id="Combat_Meta_Economy_5">
        <Child value="Combat_BasicTraining_Zealots"/>
        <Flags index="Persist" value="1"/>
    </CAchievementTermAchievement>
    <CAchievementTermAchievement id="Combat_Meta_Economy_6">
        <Child value="Combat_FastExpand"/>
        <Flags index="Persist" value="1"/>
    </CAchievementTermAchievement>
    <CAchievementTermAchievement id="Combat_Meta_Economy_2">
        <Child value="Combat_FastTier2_Factory"/>
        <Flags index="Persist" value="1"/>
    </CAchievementTermAchievement>
    <CAchievementTermAchievement id="Combat_Meta_Economy_8">
        <Child value="Combat_FastTier2_TwilightCouncil"/>
        <Flags index="Persist" value="1"/>
    </CAchievementTermAchievement>
    <CAchievementTermAchievement id="Combat_Meta_Economy_4">
        <Child value="Combat_FastTier2_Lair"/>
        <Flags index="Persist" value="1"/>
    </CAchievementTermAchievement>
    <CAchievementTermAchievement id="Combat_Meta_Economy_3">
        <Child value="Combat_Mechanic_HighYield"/>
        <Flags index="Persist" value="1"/>
    </CAchievementTermAchievement>
    <CAchievementTermAchievement id="Combat_Meta_Economy_1">
        <Child value="Combat_Teammatery_Repair"/>
        <Flags index="Persist" value="1"/>
    </CAchievementTermAchievement>
    <CAchievementTermAchievement id="Combat_Meta_LeagueCombat_27">
        <Child value="Combat_Spells_Yamato"/>
        <Flags index="Persist" value="1"/>
    </CAchievementTermAchievement>
    <CAchievementTermAchievement id="Combat_Meta_LeagueCombat_20">
        <Child value="Combat_Spells_Snipe"/>
        <Flags index="Persist" value="1"/>
    </CAchievementTermAchievement>
    <CAchievementTermAchievement id="Combat_Meta_LeagueCombat_10">
        <Flags index="Persist" value="1"/>
        <Child value="Combat_Spells_InfestedTerrans"/>
    </CAchievementTermAchievement>
    <CAchievementTermAchievement id="Combat_Meta_LeagueCombat_22">
        <Child value="Combat_Spells_Seeker"/>
        <Flags index="Persist" value="1"/>
    </CAchievementTermAchievement>
    <CAchievementTermAchievement id="Combat_Meta_LeagueCombat_25">
        <Child value="Combat_Spells_NeuralParasite"/>
        <Flags index="Persist" value="1"/>
    </CAchievementTermAchievement>
    <CAchievementTermAchievement id="Combat_Meta_LeagueCombat_21">
        <Child value="Combat_Micro_Unit20Kills"/>
        <Flags index="Persist" value="1"/>
    </CAchievementTermAchievement>
    <CAchievementTermAchievement id="Combat_Meta_LeagueCombat_2">
        <Child value="Combat_Spells_AutoTurretSCVKills"/>
        <Flags index="Persist" value="1"/>
    </CAchievementTermAchievement>
    <CAchievementTermAchievement id="Combat_Meta_LeagueCombat_17">
        <Child value="Combat_Mechanic_KillTransport"/>
        <Flags index="Persist" value="1"/>
    </CAchievementTermAchievement>
    <CAchievementTermAchievement id="Combat_Meta_LeagueCombat_14">
        <Child value="Combat_Spells_Nuke"/>
        <Flags index="Persist" value="1"/>
    </CAchievementTermAchievement>
    <CAchievementTermAchievement id="Combat_Meta_LeagueCombat_23">
        <Child value="Combat_Infrastructure_Terran"/>
        <Flags index="Persist" value="1"/>
    </CAchievementTermAchievement>
    <CAchievementTermAchievement id="Combat_Meta_LeagueCombat_15">
        <Child value="Combat_Infrastructure_Protoss"/>
        <Flags index="Persist" value="1"/>
    </CAchievementTermAchievement>
    <CAchievementTermAchievement id="Combat_Meta_LeagueCombat_28">
        <Child value="Combat_Infrastructure_Zerg"/>
        <Flags index="Persist" value="1"/>
    </CAchievementTermAchievement>
    <CAchievementTermAchievement id="Combat_Meta_LeagueCombat_24">
        <Child value="Combat_Mechanic_WarpIn"/>
        <Flags index="Persist" value="1"/>
    </CAchievementTermAchievement>
    <CAchievementTermAchievement id="Combat_Meta_LeagueCombat_16">
        <Child value="Combat_Spells_SpawnLarva"/>
        <Flags index="Persist" value="1"/>
    </CAchievementTermAchievement>
    <CAchievementTermAchievement id="Combat_Meta_LeagueCombat_13">
        <Child value="Combat_Teammatery_Heal"/>
        <Flags index="Persist" value="1"/>
    </CAchievementTermAchievement>
    <CAchievementTermAchievement id="Combat_Meta_LeagueCombat_11">
        <Child value="Combat_Spells_Heal"/>
        <Flags index="Persist" value="1"/>
    </CAchievementTermAchievement>
    <CAchievementTermAchievement id="Combat_Meta_LeagueCombat_18">
        <Child value="Combat_Mechanic_Shields"/>
        <Flags index="Persist" value="1"/>
    </CAchievementTermAchievement>
    <CAchievementTermAchievement id="Combat_Meta_LeagueCombat_1">
        <Child value="Combat_Mechanic_RoachRegen"/>
        <Flags index="Persist" value="1"/>
    </CAchievementTermAchievement>
    <CAchievementTermAchievement id="Combat_Meta_LeagueCombat_19">
        <Child value="Combat_Spells_HallucinationAbsorb"/>
        <Flags index="Persist" value="1"/>
    </CAchievementTermAchievement>
    <CAchievementTermAchievement id="Combat_Meta_LeagueCombat_5">
        <Child value="Combat_NoCounterAttacks"/>
        <Flags index="Persist" value="1"/>
    </CAchievementTermAchievement>
    <CAchievementTermAchievement id="Combat_Meta_LeagueCombat_4">
        <Child value="Combat_TownHallDestroyer"/>
        <Flags index="Persist" value="1"/>
    </CAchievementTermAchievement>
    <CAchievementTermAchievement id="Combat_Meta_LeagueCombat_6">
        <Child value="Combat_MapControl_DestroyConstructingTownHall"/>
        <Flags index="Persist" value="1"/>
    </CAchievementTermAchievement>
    <CAchievementTermAchievement id="Combat_Meta_LeagueCombat_8">
        <Child value="Combat_Micro_HotPickup"/>
        <Flags index="Persist" value="1"/>
    </CAchievementTermAchievement>
    <CAchievementTermAchievement id="Combat_Meta_LeagueCombat_12">
        <Child value="Combat_Spells_MULE"/>
        <Flags index="Persist" value="1"/>
    </CAchievementTermAchievement>
    <CAchievementTermAchievement id="Combat_Meta_LeagueCombat_26">
        <Child value="Combat_Mechanic_WatchTower"/>
        <Flags index="Persist" value="1"/>
    </CAchievementTermAchievement>
    <CAchievementTermAchievement id="Combat_Meta_LeagueCombat_9">
        <Child value="Combat_Spells_Changeling"/>
        <Flags index="Persist" value="1"/>
    </CAchievementTermAchievement>
    <CAchievementTermAchievement id="Combat_Meta_MeleeCombat_4">
        <Child value="Combat_Mechanic_Detection"/>
        <Flags index="Persist" value="1"/>
    </CAchievementTermAchievement>
    <CAchievementTermAchievement id="Combat_Meta_MeleeCombat_9">
        <Child value="Combat_Spells_HighTemplarKills"/>
        <Flags index="Persist" value="1"/>
    </CAchievementTermAchievement>
    <CAchievementTermAchievement id="Combat_Meta_MeleeCombat_6">
        <Child value="Combat_Meatgrinder"/>
        <Flags index="Persist" value="1"/>
    </CAchievementTermAchievement>
    <CAchievementTermAchievement id="Combat_Meta_MeleeCombat_8">
        <Child value="Combat_Spells_PhasePrism"/>
        <Flags index="Persist" value="1"/>
    </CAchievementTermAchievement>
    <CAchievementTermAchievement id="Combat_Meta_MeleeCombat_11">
        <Child value="Combat_Spells_ZealotWhileZerg"/>
        <Flags index="Persist" value="1"/>
    </CAchievementTermAchievement>
    <CAchievementTermAchievement id="Combat_Meta_MeleeCombat_10">
        <Child value="Combat_Spells_Vortex"/>
        <Flags index="Persist" value="1"/>
    </CAchievementTermAchievement>
    <CAchievementTermAchievement id="Combat_Meta_MeleeCombat_1">
        <Child value="Combat_Spells_Blink"/>
        <Flags index="Persist" value="1"/>
    </CAchievementTermAchievement>
    <CAchievementTermAchievement id="Combat_Meta_MeleeCombat_2">
        <Child value="Combat_DodgeSeeker"/>
        <Flags index="Persist" value="1"/>
    </CAchievementTermAchievement>
    <CAchievementTermAchievement id="Combat_Meta_MeleeCombat_3">
        <Child value="Combat_Mechanic_Repair"/>
        <Flags index="Persist" value="1"/>
    </CAchievementTermAchievement>
    <CAchievementTermAchievement id="Combat_Meta_MeleeCombat_7">
        <Child value="Combat_Economy_CancelConstructionUnderFire"/>
        <Flags index="Persist" value="1"/>
    </CAchievementTermAchievement>
    <CAchievementTermAchievement id="Combat_Meta_MeleeCombat_5">
        <Child value="Combat_Spells_HallucinationCount"/>
        <Flags index="Persist" value="1"/>
    </CAchievementTermAchievement>
    <!--=========================================================================================-->
    <CAchievementTermAbilLoad id="Combat_Micro_HotPickup">
        <Quantity value="1"/>
        <AbilCmd value="MedivacTransport"/>
        <ValidatorArray value="IsUnderFire"/>
    </CAchievementTermAbilLoad>
    <!--=========================================================================================-->
    <CAchievementTermScoreValue id="Combat_Micro_Unit20Kills">
        <Quantity value="40"/>
        <ScoreValue value="UnitKillsPeakCount"/>
    </CAchievementTermScoreValue>
    <!--=========================================================================================-->
    <CAchievementTermAbilUse id="Combat_Spells_MULE">
        <Quantity value="30"/>
        <AbilCmd value="CalldownMULE,Execute"/>
    </CAchievementTermAbilUse>
    <!--=========================================================================================-->
    <CAchievementTermUnitKills id="Combat_Spells_NeuralParasite">
        <Quantity value="5"/>
        <ValidatorArray value="TargetIsNeuralParasited"/>
    </CAchievementTermUnitKills>
    <!--=========================================================================================-->
    <CAchievementTermEffectKilled id="Combat_Spells_Nuke">
        <Evaluate value="Expand"/>
        <Quantity value="15"/>
        <Effect value="Nuke"/>
    </CAchievementTermEffectKilled>
    <!--=========================================================================================-->
    <CAchievementTermCombine id="Combat_Spells_PhasePrism">
        <Quantity value="50"/>
        <Type value="ValueAdd"/>
        <ChildTable value="Combat_Spells_PhasePrism_Zealot"/>
        <ChildTable value="Combat_Spells_PhasePrism_Sentry"/>
        <ChildTable value="Combat_Spells_PhasePrism_Stalker"/>
        <ChildTable value="Combat_Spells_PhasePrism_HighTemplar"/>
        <ChildTable value="Combat_Spells_PhasePrism_DarkTemplar"/>
    </CAchievementTermCombine>
    <CAchievementTermAbilUse id="Combat_Spells_PhasePrism_Zealot">
        <Flags index="Notify" value="0"/>
        <AbilCmd value="WarpGateTrain,Train1"/>
        <ValidatorArray value="IsPoweredByWarpPrism"/>
    </CAchievementTermAbilUse>
    <CAchievementTermAbilUse id="Combat_Spells_PhasePrism_Sentry">
        <Flags index="Notify" value="0"/>
        <AbilCmd value="WarpGateTrain,Train6"/>
        <ValidatorArray value="IsPoweredByWarpPrism"/>
    </CAchievementTermAbilUse>
    <CAchievementTermAbilUse id="Combat_Spells_PhasePrism_Stalker">
        <Flags index="Notify" value="0"/>
        <AbilCmd value="WarpGateTrain,Train2"/>
        <ValidatorArray value="IsPoweredByWarpPrism"/>
    </CAchievementTermAbilUse>
    <CAchievementTermAbilUse id="Combat_Spells_PhasePrism_HighTemplar">
        <Flags index="Notify" value="0"/>
        <AbilCmd value="WarpGateTrain,Train4"/>
        <ValidatorArray value="IsPoweredByWarpPrism"/>
    </CAchievementTermAbilUse>
    <CAchievementTermAbilUse id="Combat_Spells_PhasePrism_DarkTemplar">
        <Flags index="Notify" value="0"/>
        <AbilCmd value="WarpGateTrain,Train5"/>
        <ValidatorArray value="IsPoweredByWarpPrism"/>
    </CAchievementTermAbilUse>
    <!--=========================================================================================-->
    <CAchievementTermEffectKilled id="Combat_Spells_Snipe">
        <Quantity value="20"/>
        <Effect value="SnipeDamage"/>
    </CAchievementTermEffectKilled>
    <!--=========================================================================================-->
    <CAchievementTermEffectHealed id="Combat_Spells_Heal">
        <Quantity value="5000"/>
        <Effect value="MedivacHeal"/>
    </CAchievementTermEffectHealed>
    <!--=========================================================================================-->
    <CAchievementTermEffectHealed id="Combat_Spells_HealShield">
        <Quantity value="3000"/>
        <Effect value="ShieldBatteryRechargeEx5"/>
    </CAchievementTermEffectHealed>
    <!--=========================================================================================-->
    <CAchievementTermEffectKilled id="Combat_Spells_AutoTurretSCVKills">
        <Quantity value="20"/>
        <Effect value="AutoTurret"/>
        <ValidatorArray value="isWorker"/>
    </CAchievementTermEffectKilled>
    <!--=========================================================================================-->
    <CAchievementTermEffectKilled id="Combat_Spells_Seeker">
        <Evaluate value="Expand"/>
        <Quantity value="6"/>
        <Effect value="SeekerMissileLaunchMissile"/>
    </CAchievementTermEffectKilled>
    <!--=========================================================================================-->
    <CAchievementTermEffectKilled id="Combat_Spells_Yamato">
        <Quantity value="20"/>
        <Effect value="Yamato"/>
    </CAchievementTermEffectKilled>
    <!--=========================================================================================-->
    <CAchievementTermEffectUse id="Combat_Spells_SpawnLarva">
        <Quantity value="100"/>
        <Effect value="LarvaRelease"/>
    </CAchievementTermEffectUse>
    <!--=========================================================================================-->
    <CAchievementTermCombine id="Combat_Spells_Changeling">
        <Type value="ValueAdd"/>
        <Quantity value="5"/>
        <ChildTable value="Combat_Spells_Changeling_Normal"/>
        <ChildTable value="Combat_Spells_Changeling_Marine"/>
        <ChildTable value="Combat_Spells_Changeling_MarineShield"/>
        <ChildTable value="Combat_Spells_Changeling_Zealot"/>
        <ChildTable value="Combat_Spells_Changeling_Zergling"/>
        <ChildTable value="Combat_Spells_Changeling_ZerglingWings"/>
    </CAchievementTermCombine>
    <CAchievementTermUnitDeath id="Combat_Spells_Changeling_Normal">
        <Flags index="Notify" value="0"/>
        <Unit value="Changeling"/>
        <ValidatorArray value="TargetIsEnemy"/>
    </CAchievementTermUnitDeath>
    <CAchievementTermUnitDeath id="Combat_Spells_Changeling_Marine">
        <Flags index="Notify" value="0"/>
        <Unit value="ChangelingMarine"/>
        <ValidatorArray value="TargetIsEnemy"/>
    </CAchievementTermUnitDeath>
    <CAchievementTermUnitDeath id="Combat_Spells_Changeling_MarineShield">
        <Flags index="Notify" value="0"/>
        <Unit value="ChangelingMarineShield"/>
        <ValidatorArray value="TargetIsEnemy"/>
    </CAchievementTermUnitDeath>
    <CAchievementTermUnitDeath id="Combat_Spells_Changeling_Zealot">
        <Flags index="Notify" value="0"/>
        <Unit value="ChangelingZealot"/>
        <ValidatorArray value="TargetIsEnemy"/>
    </CAchievementTermUnitDeath>
    <CAchievementTermUnitDeath id="Combat_Spells_Changeling_Zergling">
        <Flags index="Notify" value="0"/>
        <Unit value="ChangelingZergling"/>
        <ValidatorArray value="TargetIsEnemy"/>
    </CAchievementTermUnitDeath>
    <CAchievementTermUnitDeath id="Combat_Spells_Changeling_ZerglingWings">
        <Flags index="Notify" value="0"/>
        <Unit value="ChangelingZerglingWings"/>
        <ValidatorArray value="TargetIsEnemy"/>
    </CAchievementTermUnitDeath>
    <!--=========================================================================================-->
    <CAchievementTermEffectKilled id="Combat_Spells_InfestedTerrans">
        <Effect value="InfestedGuassRifle"/>
        <Quantity value="30"/>
    </CAchievementTermEffectKilled>
    <!--=========================================================================================-->
    <CAchievementTermCombine id="Combat_Spells_ZealotWhileZerg">
        <Quantity value="1"/>
        <Type value="ValueAdd"/>
        <ChildTable value="Combat_Spells_ZealotWhileZerg_Gateway"/>
        <ChildTable value="Combat_Spells_ZealotWhileZerg_Warpgate"/>
    </CAchievementTermCombine>
    <CAchievementTermAbilUse id="Combat_Spells_ZealotWhileZerg_Gateway">
        <AbilCmd value="GatewayTrain,Train1"/>
        <Quantity value="1"/>
        <Flags index="Notify" value="0"/>
    </CAchievementTermAbilUse>
    <CAchievementTermAbilUse id="Combat_Spells_ZealotWhileZerg_Warpgate">
        <AbilCmd value="WarpGateTrain,Train1"/>
        <Quantity value="1"/>
        <Flags index="Notify" value="0"/>
    </CAchievementTermAbilUse>
    <!--=========================================================================================-->
    <CAchievementTermAbilUse id="Combat_Spells_Blink">
        <AbilCmd value="Blink,Execute"/>
        <Quantity value="1"/>
        <ValidatorArray value="IsCasterLowHealthInCombatLong"/>
    </CAchievementTermAbilUse>
    <!--=========================================================================================-->
    <CAchievementTermCombine id="Combat_Spells_HallucinationAbsorb">
        <Quantity value="1000"/>
        <Type value="ValueAdd"/>
        <ChildTable value="Combat_Spells_HallucinationAbsorb_Archon"/>
        <ChildTable value="Combat_Spells_HallucinationAbsorb_Colossus"/>
        <ChildTable value="Combat_Spells_HallucinationAbsorb_HighTemplar"/>
        <ChildTable value="Combat_Spells_HallucinationAbsorb_Immortal"/>
        <ChildTable value="Combat_Spells_HallucinationAbsorb_Phoenix"/>
        <ChildTable value="Combat_Spells_HallucinationAbsorb_Probe"/>
        <ChildTable value="Combat_Spells_HallucinationAbsorb_Stalker"/>
        <ChildTable value="Combat_Spells_HallucinationAbsorb_VoidRay"/>
        <ChildTable value="Combat_Spells_HallucinationAbsorb_WarpPrism"/>
        <ChildTable value="Combat_Spells_HallucinationAbsorb_Zealot"/>
    </CAchievementTermCombine>
    <CAchievementTermEffectAbsorbed id="Combat_Spells_HallucinationAbsorb_Archon">
        <Flags index="Notify" value="0"/>
        <Effect value="HallucinationCreateArchon"/>
    </CAchievementTermEffectAbsorbed>
    <CAchievementTermEffectAbsorbed id="Combat_Spells_HallucinationAbsorb_Colossus">
        <Flags index="Notify" value="0"/>
        <Effect value="HallucinationCreateColossus"/>
    </CAchievementTermEffectAbsorbed>
    <CAchievementTermEffectAbsorbed id="Combat_Spells_HallucinationAbsorb_HighTemplar">
        <Flags index="Notify" value="0"/>
        <Effect value="HallucinationCreateHighTemplar"/>
    </CAchievementTermEffectAbsorbed>
    <CAchievementTermEffectAbsorbed id="Combat_Spells_HallucinationAbsorb_Immortal">
        <Flags index="Notify" value="0"/>
        <Effect value="HallucinationCreateImmortal"/>
    </CAchievementTermEffectAbsorbed>
    <CAchievementTermEffectAbsorbed id="Combat_Spells_HallucinationAbsorb_Phoenix">
        <Flags index="Notify" value="0"/>
        <Effect value="HallucinationCreatePhoenix"/>
    </CAchievementTermEffectAbsorbed>
    <CAchievementTermEffectAbsorbed id="Combat_Spells_HallucinationAbsorb_Probe">
        <Flags index="Notify" value="0"/>
        <Effect value="HallucinationCreateProbe"/>
    </CAchievementTermEffectAbsorbed>
    <CAchievementTermEffectAbsorbed id="Combat_Spells_HallucinationAbsorb_Stalker">
        <Flags index="Notify" value="0"/>
        <Effect value="HallucinationCreateStalker"/>
    </CAchievementTermEffectAbsorbed>
    <CAchievementTermEffectAbsorbed id="Combat_Spells_HallucinationAbsorb_VoidRay">
        <Flags index="Notify" value="0"/>
        <Effect value="HallucinationCreateVoidRay"/>
    </CAchievementTermEffectAbsorbed>
    <CAchievementTermEffectAbsorbed id="Combat_Spells_HallucinationAbsorb_WarpPrism">
        <Flags index="Notify" value="0"/>
        <Effect value="HallucinationCreateWarpPrism"/>
    </CAchievementTermEffectAbsorbed>
    <CAchievementTermEffectAbsorbed id="Combat_Spells_HallucinationAbsorb_Zealot">
        <Flags index="Notify" value="0"/>
        <Effect value="HallucinationCreateZealot"/>
    </CAchievementTermEffectAbsorbed>
    <!--=========================================================================================-->
    <CAchievementTermBehaviorCount id="Combat_Spells_HallucinationCount">
        <Quantity value="15"/>
        <Behavior value="Hallucination"/>
    </CAchievementTermBehaviorCount>
    <!--=========================================================================================-->
    <CAchievementTermUnitKills id="Combat_Spells_HighTemplarKills">
        <Evaluate value="Expand"/>
        <Quantity value="20"/>
        <Unit value="HighTemplar"/>
    </CAchievementTermUnitKills>
    <!--=========================================================================================-->
    <CAchievementTermBehaviorCount id="Combat_Spells_Vortex">
        <Quantity value="50"/>
        <Behavior value="VortexBehaviorEnemy"/>
    </CAchievementTermBehaviorCount>
    <!--=========================================================================================-->
    <CAchievementTermCombine id="Combat_Teammatery_Repair">
        <Quantity value="1000"/>
        <Type value="ValueAdd"/>
        <ChildTable value="Combat_Teammatery_SCVRepair"/>
        <ChildTable value="Combat_Teammatery_MULERepair"/>
    </CAchievementTermCombine>
    <CAchievementTermEffectHealed id="Combat_Teammatery_SCVRepair">
        <Flags index="Notify" value="0"/>
        <Effect value="Repair"/>
        <ValidatorArray value="TargetIsAlly"/>
        <ValidatorArray value="TargetLastDamagedByEnemy"/>
    </CAchievementTermEffectHealed>
    <CAchievementTermEffectHealed id="Combat_Teammatery_MULERepair">
        <Flags index="Notify" value="0"/>
        <Effect value="MULERepair"/>
        <ValidatorArray value="TargetIsAlly"/>
        <ValidatorArray value="TargetLastDamagedByEnemy"/>
    </CAchievementTermEffectHealed>
    <!--=========================================================================================-->
    <CAchievementTermEffectHealed id="Combat_Teammatery_Heal">
        <Quantity value="300"/>
        <Effect value="MedivacHeal"/>
        <ValidatorArray value="TargetIsAlly"/>
        <ValidatorArray value="TargetLastDamagedByEnemy"/>
    </CAchievementTermEffectHealed>
    <!--=========================================================================================-->
    <CAchievementTermEffectDodged id="Combat_DodgeSeeker">
        <Quantity value="1"/>
        <WhichPlayer Value="Target"/>
        <Effect value="SeekerMissileLaunchMissile"/>
        <ValidatorArray value="TargetIsEnemy"/>
    </CAchievementTermEffectDodged>
    <!--=========================================================================================-->
    <CAchievementTermUnitSupplyLoss id="Combat_Meatgrinder">
        <Quantity value="50"/>
        <Period value="15"/>
        <ValidatorArray value="TargetIsEnemy"/>
    </CAchievementTermUnitSupplyLoss>
    <!--=========================================================================================-->
    <CAchievementTermScoreValue id="Combat_NoCounterAttacks">
        <Quantity value="20"/>
        <ScoreValue value="UncontestedCombatTime"/>
    </CAchievementTermScoreValue>
    <!--=========================================================================================-->
    <CAchievementTermCombine id="Combat_TownHallDestroyer">
        <Quantity value="4"/>
        <Type value="ValueAdd"/>
        <ChildTable value="Combat_TownHallDestroyerCommandCenterCount"/>
        <ChildTable value="Combat_TownHallDestroyerOrbitalCommandCount"/>
        <ChildTable value="Combat_TownHallDestroyerPlanetaryFortressCount"/>
        <ChildTable value="Combat_TownHallDestroyerNexusCount"/>
        <ChildTable value="Combat_TownHallDestroyerHatcheryCount"/>
        <ChildTable value="Combat_TownHallDestroyerLairCount"/>
        <ChildTable value="Combat_TownHallDestroyerHiveCount"/>
    </CAchievementTermCombine>
    <CAchievementTermUnitDeath id="Combat_TownHallDestroyerCommandCenterCount">
        <Flags index="Notify" value="0"/>
        <Unit value="CommandCenter"/>
        <ValidatorArray value="TargetIsEnemy"/>
    </CAchievementTermUnitDeath>
    <CAchievementTermUnitDeath id="Combat_TownHallDestroyerOrbitalCommandCount">
        <Flags index="Notify" value="0"/>
        <Unit value="OrbitalCommand"/>
        <ValidatorArray value="TargetIsEnemy"/>
    </CAchievementTermUnitDeath>
    <CAchievementTermUnitDeath id="Combat_TownHallDestroyerPlanetaryFortressCount">
        <Flags index="Notify" value="0"/>
        <Unit value="PlanetaryFortress"/>
        <ValidatorArray value="TargetIsEnemy"/>
    </CAchievementTermUnitDeath>
    <CAchievementTermUnitDeath id="Combat_TownHallDestroyerNexusCount">
        <Flags index="Notify" value="0"/>
        <Unit value="Nexus"/>
        <ValidatorArray value="TargetIsEnemy"/>
    </CAchievementTermUnitDeath>
    <CAchievementTermUnitDeath id="Combat_TownHallDestroyerHatcheryCount">
        <Flags index="Notify" value="0"/>
        <Unit value="Hatchery"/>
        <ValidatorArray value="TargetIsEnemy"/>
    </CAchievementTermUnitDeath>
    <CAchievementTermUnitDeath id="Combat_TownHallDestroyerLairCount">
        <Flags index="Notify" value="0"/>
        <Unit value="Lair"/>
        <ValidatorArray value="TargetIsEnemy"/>
    </CAchievementTermUnitDeath>
    <CAchievementTermUnitDeath id="Combat_TownHallDestroyerHiveCount">
        <Flags index="Notify" value="0"/>
        <Unit value="Hive"/>
        <ValidatorArray value="TargetIsEnemy"/>
    </CAchievementTermUnitDeath>
    <!--=========================================================================================-->
    <CAchievementTermReplay id="Exploration_GuideThree_PlayReplay">
        <Quantity value="1"/>
    </CAchievementTermReplay>
    <CAchievementTermGeneric id="StarCraftMaster_04_01">
        <Flags index="Persist" value="1"/>
    </CAchievementTermGeneric>
    <CAchievementTermGeneric id="StarCraftMaster_04_02">
        <Flags index="Persist" value="1"/>
    </CAchievementTermGeneric>
    <CAchievementTermGeneric id="StarCraftMaster_04_03">
        <Flags index="Persist" value="1"/>
    </CAchievementTermGeneric>
    <CAchievementTermGeneric id="StarCraftMaster_04_04">
        <Flags index="Persist" value="1"/>
    </CAchievementTermGeneric>
    <CAchievementTermGeneric id="StarCraftMaster_04_05">
        <Flags index="Persist" value="1"/>
    </CAchievementTermGeneric>
    <CAchievementTermGeneric id="StarCraftMaster_04_06">
        <Flags index="Persist" value="1"/>
    </CAchievementTermGeneric>
    <CAchievementTermGeneric id="StarCraftMaster_04_07">
        <Flags index="Persist" value="1"/>
    </CAchievementTermGeneric>
    <CAchievementTermGeneric id="StarCraftMaster_04_08">
        <Flags index="Persist" value="1"/>
    </CAchievementTermGeneric>
    <CAchievementTermGeneric id="StarCraftMaster_04_09">
        <Flags index="Persist" value="1"/>
    </CAchievementTermGeneric>
    <CAchievementTermGeneric id="StarCraftMaster_04_10">
        <Flags index="Persist" value="1"/>
    </CAchievementTermGeneric>
    <CAchievementTermGeneric id="StarCraftMaster_04_11">
        <Flags index="Persist" value="1"/>
    </CAchievementTermGeneric>
    <CAchievementTermGeneric id="StarCraftMaster_04_12">
        <Flags index="Persist" value="1"/>
    </CAchievementTermGeneric>
    <CAchievementTermGeneric id="StarCraftMaster_04_13">
        <Flags index="Persist" value="1"/>
    </CAchievementTermGeneric>
    <CAchievementTermGeneric id="StarCraftMaster_04_14">
        <Flags index="Persist" value="1"/>
    </CAchievementTermGeneric>
    <CAchievementTermGeneric id="StarCraftMaster_04_15">
        <Flags index="Persist" value="1"/>
    </CAchievementTermGeneric>
    <CAchievementTermGeneric id="StarCraftMaster_04_16">
        <Flags index="Persist" value="1"/>
    </CAchievementTermGeneric>
    <CAchievementTermGeneric id="StarCraftMaster_04_17">
        <Flags index="Persist" value="1"/>
    </CAchievementTermGeneric>
    <CAchievementTermGeneric id="StarCraftMaster_04_18">
        <Flags index="Persist" value="1"/>
    </CAchievementTermGeneric>
    <CAchievementTermGeneric id="StarCraftMaster_04_19">
        <Flags index="Persist" value="1"/>
    </CAchievementTermGeneric>
    <CAchievementTermGeneric id="StarCraftMaster_04_20">
        <Flags index="Persist" value="1"/>
    </CAchievementTermGeneric>
    <CAchievementTermGeneric id="StarCraftMaster_04_21">
        <Flags index="Persist" value="1"/>
    </CAchievementTermGeneric>
    <CAchievementTermGeneric id="StarCraftMaster_04_22">
        <Flags index="Persist" value="1"/>
    </CAchievementTermGeneric>
    <CAchievementTermGeneric id="StarCraftMaster_04_23">
        <Flags index="Persist" value="1"/>
    </CAchievementTermGeneric>
    <CAchievementTermGeneric id="StarCraftMaster_04_24">
        <Flags index="Persist" value="1"/>
    </CAchievementTermGeneric>
    <CAchievementTermGeneric id="StarCraftMaster_04_25">
        <Flags index="Persist" value="1"/>
    </CAchievementTermGeneric>
    <CAchievementTermGeneric id="StarCraftMaster_04_26">
        <Flags index="Persist" value="1"/>
    </CAchievementTermGeneric>
    <CAchievementTermGeneric id="StarCraftMaster_04_27">
        <Flags index="Persist" value="1"/>
    </CAchievementTermGeneric>
    <CAchievementTermGeneric id="StarCraftMaster_04_28">
        <Flags index="Persist" value="1"/>
    </CAchievementTermGeneric>
    <CAchievementTermGeneric id="StarCraftMaster_04_29">
        <Flags index="Persist" value="1"/>
    </CAchievementTermGeneric>
    <CAchievementTermGeneric id="StarCraftMaster_04_30">
        <Flags index="Persist" value="1"/>
    </CAchievementTermGeneric>
    <CAchievementTermUnitDeath id="Legacy_of_the_Ursadon">
        <Quantity value="1"/>
        <Unit value="Ursadon"/>
    </CAchievementTermUnitDeath>
</Catalog>
