<?xml version="1.0" encoding="us-ascii"?>
<Catalog>
    <CAlert default="1" id="AICommGeneric" parent="AIComm">
        <PingTime value="5.000000"/>
    </CAlert>
    <CAlert default="1" id="AICommArmy" parent="AIComm">
        <PingTime value="5.000000"/>
        <PingModel value="BeaconArmyPing"/>
        <Icon value="Assets\Textures\ui_btn_aicommand_commandcard_assault.dds"/>
    </CAlert>
    <CAlert default="1" id="AICommDefend" parent="AIComm">
        <PingTime value="5.000000"/>
        <PingModel value="BeaconDefendPing"/>
        <Icon value="Assets\Textures\ui_btn_aicommand_commandcard_defend.dds"/>
    </CAlert>
    <CAlert default="1" id="AICommAssault" parent="AIComm">
        <PingTime value="5.000000"/>
        <PingModel value="BeaconAssaultPing"/>
        <Icon value="Assets\Textures\ui_btn_aicommand_commandcard_assault.dds"/>
    </CAlert>
    <CAlert default="1" id="AICommHarass" parent="AIComm">
        <PingTime value="5.000000"/>
        <PingModel value="BeaconHarassPing"/>
        <Icon value="Assets\Textures\ui_btn_aicommand_commandcard_harass.dds"/>
    </CAlert>
    <CAlert default="1" id="AICommIdle" parent="AIComm">
        <PingTime value="5.000000"/>
        <PingModel value="BeaconIdlePing"/>
        <Icon value="Assets\Textures\ui_btn_aicommand_commandcard_idle.dds"/>
    </CAlert>
    <CAlert default="1" id="AICommAutoAI" parent="AIComm">
        <PingTime value="4.000000"/>
        <PingModel value="BeaconAutoAIPing"/>
        <Icon value="Assets\Textures\ui_btn_aicommand_commandcard_autoai.dds"/>
    </CAlert>
    <CAlert default="1" id="AICommDetect" parent="AIComm">
        <PingTime value="2.000000"/>
        <PingModel value="BeaconDetectPing"/>
        <Icon value="Assets\Textures\ui_btn_aicommand_commandcard_detection.dds"/>
    </CAlert>
    <CAlert default="1" id="AICommScout" parent="AIComm">
        <PingTime value="2.000000"/>
        <PingModel value="BeaconScoutPing"/>
        <Icon value="Assets\Textures\ui_btn_aicommand_commandcard_scout.dds"/>
    </CAlert>
    <CAlert default="1" id="AICommClaim" parent="AIComm">
        <PingTime value="2.000000"/>
        <PingModel value="BeaconScoutPing"/>
        <Icon value="Assets\Textures\ui_btn_aicommand_commandcard_claim.dds"/>
    </CAlert>
    <CAlert default="1" id="AICommExpand" parent="AIComm">
        <PingTime value="2.000000"/>
        <PingModel value="BeaconExpandPing"/>
        <Icon value="Assets\Textures\ui_btn_aicommand_commandcard_expand.dds"/>
    </CAlert>
    <CAlert default="1" id="AICommRally" parent="AIComm">
        <PingTime value="2.000000"/>
        <PingModel value="BeaconRallyPing"/>
        <Icon value="Assets\Textures\ui_btn_aicommand_commandcard_rally.dds"/>
    </CAlert>
    <CAlert default="1" id="AICommCustom" parent="AIComm">
        <PingTime value="2.000000"/>
        <PingModel value="BeaconCustomPing"/>
        <Icon value="Assets\Textures\ui_btn_aicommand_commandcard_customability.dds"/>
    </CAlert>
    <CAlert default="1" id="AICommSpotted" parent="AIComm">
        <PingTime value="4.000000"/>
        <PingModel value="BeaconSpottedPing"/>
        <Icon value="Assets\Textures\btn-command-attack.dds"/>
    </CAlert>
    <CAlert default="1" id="AICommNeed" parent="AIComm">
        <PingTime value="4.000000"/>
        <PingModel value="BeaconNeedHelpPing"/>
        <Icon value="Assets\Textures\btn-command-attack.dds"/>
    </CAlert>
    <CAlert default="1" id="AICommTrade" parent="AIComm">
        <PingTime value="4.000000"/>
        <Icon value="Assets\Textures\icon-mineral-nobg.dds"/>
    </CAlert>
    <CAlert id="AICommAttackAck" parent="AICommAssault"/>
    <CAlert id="AICommAttackFail" parent="AICommAssault"/>
    <CAlert id="AICommAutoAck" parent="AICommAutoAI"/>
    <CAlert id="AICommAutoRetry" parent="AICommAutoAI"/>
    <CAlert id="AICommAutoDone" parent="AICommAutoAI"/>
    <CAlert id="AICommClaimAck" parent="AICommClaim"/>
    <CAlert id="AICommClaimEnd" parent="AICommClaim"/>
    <CAlert id="AICommClaimFail" parent="AICommClaim"/>
    <CAlert id="AICommClaimRetry" parent="AICommClaim"/>
    <CAlert id="AICommDefenseAck" parent="AICommDefend"/>
    <CAlert id="AICommDefenseFail" parent="AICommDefend"/>
    <CAlert id="AICommDetectAck" parent="AICommDetect"/>
    <CAlert id="AICommDetectEnd" parent="AICommDetect"/>
    <CAlert id="AICommDetectFail" parent="AICommDetect"/>
    <CAlert id="AICommDetectRetry" parent="AICommDetect"/>
    <CAlert id="AICommEarlyBuildingFoundProtoss" parent="AICommSpotted"/>
    <CAlert id="AICommEarlyBuildingFoundTerran" parent="AICommSpotted"/>
    <CAlert id="AICommEarlyBuildingFoundUnknown" parent="AICommSpotted"/>
    <CAlert id="AICommEarlyBuildingFoundZerg" parent="AICommSpotted"/>
    <CAlert id="AICommEarlyForce" parent="AICommSpotted"/>
    <CAlert id="AICommEarlyProxy" parent="AICommSpotted"/>
    <CAlert id="AICommEarlyRaceFoundProtoss" parent="AICommSpotted"/>
    <CAlert id="AICommEarlyRaceFoundTerran" parent="AICommSpotted"/>
    <CAlert id="AICommEarlyRaceFoundZerg" parent="AICommSpotted"/>
    <CAlert id="AICommEnemyAir" parent="AICommSpotted"/>
    <CAlert id="AICommEnemyCloak" parent="AICommSpotted"/>
    <CAlert id="AICommEnemyTownHall" parent="AICommSpotted"/>
    <CAlert id="AICommExpandAck" parent="AICommExpand"/>
    <CAlert id="AICommExpandDone" parent="AICommExpand"/>
    <CAlert id="AICommExpandFail" parent="AICommExpand"/>
    <CAlert id="AICommIdleAck" parent="AICommIdle"/>
    <CAlert id="AICommIdleDone" parent="AICommIdle"/>
    <CAlert id="AICommIdleFail" parent="AICommIdle"/>
    <CAlert id="AICommHarassAck" parent="AICommHarass"/>
    <CAlert id="AICommHarassRetry" parent="AICommHarass"/>
    <CAlert id="AICommHarassDone" parent="AICommHarass"/>
    <CAlert id="AICommHarassFail" parent="AICommHarass"/>
    <CAlert id="AICommNeedDetection" parent="AICommNeed"/>
    <CAlert id="AICommNeedHelp" parent="AICommNeed"/>
    <CAlert id="AICommRallyAck" parent="AICommRally"/>
    <CAlert id="AICommResourceAck" parent="AICommTrade"/>
    <CAlert id="AICommScoutAck" parent="AICommScout"/>
    <CAlert id="AICommScoutDone" parent="AICommScout"/>
    <CAlert id="AICommScoutEnd" parent="AICommScout"/>
    <CAlert id="AICommScoutFail" parent="AICommScout"/>
    <CAlert id="AICommScoutRetry" parent="AICommScout"/>
    <CAlert id="AICommAttackAck_Protoss" parent="AICommAttackAck">
        <Sound value="AIComm_Protoss_FullForceConfirm"/>
    </CAlert>
    <CAlert id="AICommAttackFail_Protoss" parent="AICommAttackFail">
        <Sound value="AIComm_Protoss_NoArmyAttack"/>
    </CAlert>
    <CAlert id="AICommAutoAck_Protoss" parent="AICommAutoAck">
        <Sound value="AIComm_Protoss_FullAIControl"/>
    </CAlert>
    <CAlert id="AICommAutoRetry_Protoss" parent="AICommAutoRetry">
        <Sound value="AIComm_Protoss_AttackCautious"/>
    </CAlert>
    <CAlert id="AICommAutoDone_Protoss" parent="AICommAutoDone">
        <Sound value="AIComm_Protoss_EndingHarrass"/>
    </CAlert>
    <CAlert id="AICommClaimAck_Protoss" parent="AICommClaimAck">
        <Sound value=""/>
    </CAlert>
    <CAlert id="AICommClaimEnd_Protoss" parent="AICommClaimEnd">
        <Sound value=""/>
    </CAlert>
    <CAlert id="AICommClaimFail_Protoss" parent="AICommClaimFail">
        <Sound value=""/>
    </CAlert>
    <CAlert id="AICommClaimRetry_Protoss" parent="AICommClaimRetry">
        <Sound value=""/>
    </CAlert>
    <CAlert id="AICommDefenseAck_Protoss" parent="AICommDefenseAck">
        <Sound value="AIComm_Protoss_DefendArea"/>
    </CAlert>
    <CAlert id="AICommDefenseFail_Protoss" parent="AICommDefenseFail">
        <Sound value="AIComm_Protoss_NoArmyDefendArea"/>
    </CAlert>
    <CAlert id="AICommDetectAck_Protoss" parent="AICommDetectAck">
        <Sound value="AIComm_Protoss_SendingDetector"/>
    </CAlert>
    <CAlert id="AICommDetectEnd_Protoss" parent="AICommDetectEnd">
        <Sound value="AIComm_Protoss_AbortingDetector"/>
    </CAlert>
    <CAlert id="AICommDetectFail_Protoss" parent="AICommDetectFail">
        <Sound value="AIComm_Protoss_BuildingDetector"/>
    </CAlert>
    <CAlert id="AICommDetectRetry_Protoss" parent="AICommDetectRetry">
        <Sound value="AIComm_Protoss_DetectingDetectorDied"/>
    </CAlert>
    <CAlert id="AICommEarlyBuildingFoundProtoss_Protoss" parent="AICommEarlyBuildingFoundProtoss">
        <Sound value="AIComm_Protoss_ProtossBuildingSighted"/>
    </CAlert>
    <CAlert id="AICommEarlyBuildingFoundTerran_Protoss" parent="AICommEarlyBuildingFoundTerran">
        <Sound value="AIComm_Protoss_TerranBuildingSighted"/>
    </CAlert>
    <CAlert id="AICommEarlyBuildingFoundUnknown_Protoss" parent="AICommEarlyBuildingFoundUnknown">
        <Sound value=""/>
    </CAlert>
    <CAlert id="AICommEarlyBuildingFoundZerg_Protoss" parent="AICommEarlyBuildingFoundZerg">
        <Sound value="AIComm_Protoss_ZergBuildingSighted"/>
    </CAlert>
    <CAlert id="AICommEarlyForce_Protoss" parent="AICommEarlyForce">
        <Sound value="AIComm_Protoss_EnemySighted"/>
    </CAlert>
    <CAlert id="AICommEarlyProxy_Protoss" parent="AICommEarlyProxy">
        <Sound value="AIComm_Protoss_ProxySighted"/>
    </CAlert>
    <CAlert id="AICommEarlyRaceFoundProtoss_Protoss" parent="AICommEarlyRaceFoundProtoss">
        <Sound value="AIComm_Protoss_ProtossSighted"/>
    </CAlert>
    <CAlert id="AICommEarlyRaceFoundTerran_Protoss" parent="AICommEarlyRaceFoundTerran">
        <Sound value="AIComm_Protoss_TerranSighted"/>
    </CAlert>
    <CAlert id="AICommEarlyRaceFoundZerg_Protoss" parent="AICommEarlyRaceFoundZerg">
        <Sound value="AIComm_Protoss_ZergSighted"/>
    </CAlert>
    <CAlert id="AICommEnemyAir_Protoss" parent="AICommEnemyAir">
        <Sound value=""/>
    </CAlert>
    <CAlert id="AICommEnemyCloak_Protoss" parent="AICommEnemyCloak">
        <Sound value=""/>
    </CAlert>
    <CAlert id="AICommEnemyTownHall_Protoss" parent="AICommEnemyTownHall">
        <Sound value="AIComm_Protoss_TownHallSighted"/>
    </CAlert>
    <CAlert id="AICommExpandAck_Protoss" parent="AICommExpandAck">
        <Sound value="AIComm_Protoss_Expanding"/>
    </CAlert>
    <CAlert id="AICommExpandDone_Protoss" parent="AICommExpandDone">
        <Sound value="AIComm_Protoss_ExpansionSecured"/>
    </CAlert>
    <CAlert id="AICommExpandFail_Protoss" parent="AICommExpandFail">
        <Sound value="AIComm_Protoss_ExpansionFailed"/>
    </CAlert>
    <CAlert id="AICommIdleAck_Protoss" parent="AICommIdleAck">
        <Sound value=""/>
    </CAlert>
    <CAlert id="AICommIdleDone_Protoss" parent="AICommIdleDone">
        <Sound value=""/>
    </CAlert>
    <CAlert id="AICommIdleFail_Protoss" parent="AICommIdleFail">
        <Sound value=""/>
    </CAlert>
    <CAlert id="AICommHarassAck_Protoss" parent="AICommHarassAck">
        <Sound value="AIComm_Protoss_AttackCautious"/>
    </CAlert>
    <CAlert id="AICommHarassRetry_Protoss" parent="AICommHarassRetry">
        <Sound value=""/>
    </CAlert>
    <CAlert id="AICommHarassDone_Protoss" parent="AICommHarassDone">
        <Sound value="AIComm_Protoss_EndingHarrass"/>
    </CAlert>
    <CAlert id="AICommHarassFail_Protoss" parent="AICommHarassFail">
        <Sound value="AIComm_Protoss_NoArmyHarrass"/>
    </CAlert>
    <CAlert id="AICommNeedDetection_Protoss" parent="AICommNeedDetection">
        <Sound value="AIComm_Protoss_NeedDetection"/>
    </CAlert>
    <CAlert id="AICommNeedHelp_Protoss" parent="AICommNeedHelp">
        <Sound value="AIComm_Protoss_NeedHelp"/>
    </CAlert>
    <CAlert id="AICommRallyAck_Protoss" parent="AICommRallyAck">
        <Sound value=""/>
    </CAlert>
    <CAlert id="AICommResourceAck_Protoss" parent="AICommResourceAck">
        <Sound value=""/>
    </CAlert>
    <CAlert id="AICommScoutAck_Protoss" parent="AICommScoutAck">
        <Sound value="AIComm_Protoss_Scouting"/>
    </CAlert>
    <CAlert id="AICommScoutDone_Protoss" parent="AICommScoutDone">
        <Sound value="AIComm_Protoss_ScoutingComplete"/>
    </CAlert>
    <CAlert id="AICommScoutEnd_Protoss" parent="AICommScoutEnd">
        <Sound value="AIComm_Protoss_ScoutingUnable"/>
    </CAlert>
    <CAlert id="AICommScoutFail_Protoss" parent="AICommScoutFail">
        <Sound value="AIComm_Protoss_NoArmyScouting"/>
    </CAlert>
    <CAlert id="AICommScoutRetry_Protoss" parent="AICommScoutRetry">
        <Sound value="AIComm_Protoss_ScoutingScoutDied"/>
    </CAlert>
    <CAlert id="AICommAttackAck_Terran" parent="AICommAttackAck">
        <Sound value="AIComm_Terran_FullForceConfirm"/>
    </CAlert>
    <CAlert id="AICommAttackFail_Terran" parent="AICommAttackFail">
        <Sound value="AIComm_Terran_NoArmyAttack"/>
    </CAlert>
    <CAlert id="AICommAutoAck_Terran" parent="AICommAutoAck">
        <Sound value="AIComm_Terran_FullAIControl"/>
    </CAlert>
    <CAlert id="AICommAutoRetry_Terran" parent="AICommAutoRetry">
        <Sound value="AIComm_Terran_AttackCautious"/>
    </CAlert>
    <CAlert id="AICommAutoDone_Terran" parent="AICommAutoDone">
        <Sound value="AIComm_Terran_EndingHarrass"/>
    </CAlert>
    <CAlert id="AICommClaimAck_Terran" parent="AICommClaimAck">
        <Sound value=""/>
    </CAlert>
    <CAlert id="AICommClaimEnd_Terran" parent="AICommClaimEnd">
        <Sound value=""/>
    </CAlert>
    <CAlert id="AICommClaimFail_Terran" parent="AICommClaimFail">
        <Sound value=""/>
    </CAlert>
    <CAlert id="AICommClaimRetry_Terran" parent="AICommClaimRetry">
        <Sound value=""/>
    </CAlert>
    <CAlert id="AICommDefenseAck_Terran" parent="AICommDefenseAck">
        <Sound value="AIComm_Terran_DefendArea"/>
    </CAlert>
    <CAlert id="AICommDefenseFail_Terran" parent="AICommDefenseFail">
        <Sound value="AIComm_Terran_NoArmyDefendArea"/>
    </CAlert>
    <CAlert id="AICommDetectAck_Terran" parent="AICommDetectAck">
        <Sound value="AIComm_Terran_SendingDetector"/>
    </CAlert>
    <CAlert id="AICommDetectEnd_Terran" parent="AICommDetectEnd">
        <Sound value="AIComm_Terran_AbortingDetector"/>
    </CAlert>
    <CAlert id="AICommDetectFail_Terran" parent="AICommDetectFail">
        <Sound value="AIComm_Terran_BuildingDetector"/>
    </CAlert>
    <CAlert id="AICommDetectRetry_Terran" parent="AICommDetectRetry">
        <Sound value="AIComm_Terran_DetectingDetectorDied"/>
    </CAlert>
    <CAlert id="AICommEarlyBuildingFoundProtoss_Terran" parent="AICommEarlyBuildingFoundProtoss">
        <Sound value="AIComm_Terran_ProtossBuildingSighted"/>
    </CAlert>
    <CAlert id="AICommEarlyBuildingFoundTerran_Terran" parent="AICommEarlyBuildingFoundTerran">
        <Sound value="AIComm_Terran_TerranBuildingSighted"/>
    </CAlert>
    <CAlert id="AICommEarlyBuildingFoundUnknown_Terran" parent="AICommEarlyBuildingFoundUnknown">
        <Sound value=""/>
    </CAlert>
    <CAlert id="AICommEarlyBuildingFoundZerg_Terran" parent="AICommEarlyBuildingFoundZerg">
        <Sound value="AIComm_Terran_ZergBuildingSighted"/>
    </CAlert>
    <CAlert id="AICommEarlyForce_Terran" parent="AICommEarlyForce">
        <Sound value="AIComm_Terran_EnemySighted"/>
    </CAlert>
    <CAlert id="AICommEarlyProxy_Terran" parent="AICommEarlyProxy">
        <Sound value="AIComm_Terran_ProxySighted"/>
    </CAlert>
    <CAlert id="AICommEarlyRaceFoundProtoss_Terran" parent="AICommEarlyRaceFoundProtoss">
        <Sound value="AIComm_Terran_ProtossSighted"/>
    </CAlert>
    <CAlert id="AICommEarlyRaceFoundTerran_Terran" parent="AICommEarlyRaceFoundTerran">
        <Sound value="AIComm_Terran_TerranSighted"/>
    </CAlert>
    <CAlert id="AICommEarlyRaceFoundZerg_Terran" parent="AICommEarlyRaceFoundZerg">
        <Sound value="AIComm_Terran_ZergSighted"/>
    </CAlert>
    <CAlert id="AICommEnemyAir_Terran" parent="AICommEnemyAir">
        <Sound value=""/>
    </CAlert>
    <CAlert id="AICommEnemyCloak_Terran" parent="AICommEnemyCloak">
        <Sound value=""/>
    </CAlert>
    <CAlert id="AICommEnemyTownHall_Terran" parent="AICommEnemyTownHall">
        <Sound value="AIComm_Terran_TownHallSighted"/>
    </CAlert>
    <CAlert id="AICommExpandAck_Terran" parent="AICommExpandAck">
        <Sound value="AIComm_Terran_Expanding"/>
    </CAlert>
    <CAlert id="AICommExpandDone_Terran" parent="AICommExpandDone">
        <Sound value="AIComm_Terran_ExpansionSecured"/>
    </CAlert>
    <CAlert id="AICommExpandFail_Terran" parent="AICommExpandFail">
        <Sound value="AIComm_Terran_ExpansionFailed"/>
    </CAlert>
    <CAlert id="AICommIdleAck_Terran" parent="AICommIdleAck">
        <Sound value=""/>
    </CAlert>
    <CAlert id="AICommIdleDone_Terran" parent="AICommIdleDone">
        <Sound value=""/>
    </CAlert>
    <CAlert id="AICommIdleFail_Terran" parent="AICommIdleFail">
        <Sound value=""/>
    </CAlert>
    <CAlert id="AICommHarassAck_Terran" parent="AICommHarassAck">
        <Sound value="AIComm_Terran_AttackCautious"/>
    </CAlert>
    <CAlert id="AICommHarassRetry_Terran" parent="AICommHarassRetry">
        <Sound value="AIComm_Terran_AttackCautious"/>
    </CAlert>
    <CAlert id="AICommHarassDone_Terran" parent="AICommHarassDone">
        <Sound value="AIComm_Terran_EndingHarrass"/>
    </CAlert>
    <CAlert id="AICommHarassFail_Terran" parent="AICommHarassFail">
        <Sound value="AIComm_Terran_NoArmyHarrass"/>
    </CAlert>
    <CAlert id="AICommNeedDetection_Terran" parent="AICommNeedDetection">
        <Sound value="AIComm_Terran_NeedDetection"/>
    </CAlert>
    <CAlert id="AICommNeedHelp_Terran" parent="AICommNeedHelp">
        <Sound value="AIComm_Terran_NeedHelp"/>
    </CAlert>
    <CAlert id="AICommRallyAck_Terran" parent="AICommRallyAck">
        <Sound value=""/>
    </CAlert>
    <CAlert id="AICommResourceAck_Terran" parent="AICommResourceAck">
        <Sound value=""/>
    </CAlert>
    <CAlert id="AICommScoutAck_Terran" parent="AICommScoutAck">
        <Sound value="AIComm_Terran_Scouting"/>
    </CAlert>
    <CAlert id="AICommScoutDone_Terran" parent="AICommScoutDone">
        <Sound value="AIComm_Terran_ScoutingComplete"/>
    </CAlert>
    <CAlert id="AICommScoutEnd_Terran" parent="AICommScoutEnd">
        <Sound value="AIComm_Terran_ScoutingUnable"/>
    </CAlert>
    <CAlert id="AICommScoutFail_Terran" parent="AICommScoutFail">
        <Sound value="AIComm_Terran_NoArmyScouting"/>
    </CAlert>
    <CAlert id="AICommScoutRetry_Terran" parent="AICommScoutRetry">
        <Sound value="AIComm_Terran_ScoutingScoutDied"/>
    </CAlert>
    <CAlert id="AICommAttackAck_Zerg" parent="AICommAttackAck">
        <Sound value="AIComm_Zerg_FullForceConfirm"/>
    </CAlert>
    <CAlert id="AICommAttackFail_Zerg" parent="AICommAttackFail">
        <Sound value="AIComm_Zerg_NoArmyAttack"/>
    </CAlert>
    <CAlert id="AICommAutoAck_Zerg" parent="AICommAutoAck">
        <Sound value="AIComm_Zerg_FullAIControl"/>
    </CAlert>
    <CAlert id="AICommAutoRetry_Zerg" parent="AICommAutoRetry">
        <Sound value="AIComm_Zerg_AttackCautious"/>
    </CAlert>
    <CAlert id="AICommAutoDone_Zerg" parent="AICommAutoDone">
        <Sound value="AIComm_Zerg_EndingHarrass"/>
    </CAlert>
    <CAlert id="AICommClaimAck_Zerg" parent="AICommClaimAck">
        <Sound value=""/>
    </CAlert>
    <CAlert id="AICommClaimEnd_Zerg" parent="AICommClaimEnd">
        <Sound value=""/>
    </CAlert>
    <CAlert id="AICommClaimFail_Zerg" parent="AICommClaimFail">
        <Sound value=""/>
    </CAlert>
    <CAlert id="AICommClaimRetry_Zerg" parent="AICommClaimRetry">
        <Sound value=""/>
    </CAlert>
    <CAlert id="AICommDefenseAck_Zerg" parent="AICommDefenseAck">
        <Sound value="AIComm_Zerg_DefendArea"/>
    </CAlert>
    <CAlert id="AICommDefenseFail_Zerg" parent="AICommDefenseFail">
        <Sound value="AIComm_Zerg_NoArmyDefendArea"/>
    </CAlert>
    <CAlert id="AICommDetectAck_Zerg" parent="AICommDetectAck">
        <Sound value="AIComm_Zerg_SendingDetector"/>
    </CAlert>
    <CAlert id="AICommDetectEnd_Zerg" parent="AICommDetectEnd">
        <Sound value="AIComm_Zerg_AbortingDetector"/>
    </CAlert>
    <CAlert id="AICommDetectFail_Zerg" parent="AICommDetectFail">
        <Sound value="AIComm_Zerg_BuildingDetector"/>
    </CAlert>
    <CAlert id="AICommDetectRetry_Zerg" parent="AICommDetectRetry">
        <Sound value="AIComm_Zerg_DetectingDetectorDied"/>
    </CAlert>
    <CAlert id="AICommEarlyBuildingFoundProtoss_Zerg" parent="AICommEarlyBuildingFoundProtoss">
        <Sound value="AIComm_Zerg_ProtossBuildingSighted"/>
    </CAlert>
    <CAlert id="AICommEarlyBuildingFoundTerran_Zerg" parent="AICommEarlyBuildingFoundTerran">
        <Sound value="AIComm_Zerg_TerranBuildingSighted"/>
    </CAlert>
    <CAlert id="AICommEarlyBuildingFoundUnknown_Zerg" parent="AICommEarlyBuildingFoundUnknown">
        <Sound value=""/>
    </CAlert>
    <CAlert id="AICommEarlyBuildingFoundZerg_Zerg" parent="AICommEarlyBuildingFoundZerg">
        <Sound value="AIComm_Zerg_ZergBuildingSighted"/>
    </CAlert>
    <CAlert id="AICommEarlyForce_Zerg" parent="AICommEarlyForce">
        <Sound value="AIComm_Zerg_EnemySighted"/>
    </CAlert>
    <CAlert id="AICommEarlyProxy_Zerg" parent="AICommEarlyProxy">
        <Sound value="AIComm_Zerg_ProxySighted"/>
    </CAlert>
    <CAlert id="AICommEarlyRaceFoundProtoss_Zerg" parent="AICommEarlyRaceFoundProtoss">
        <Sound value="AIComm_Zerg_ProtossSighted"/>
    </CAlert>
    <CAlert id="AICommEarlyRaceFoundTerran_Zerg" parent="AICommEarlyRaceFoundTerran">
        <Sound value="AIComm_Zerg_TerranSighted"/>
    </CAlert>
    <CAlert id="AICommEarlyRaceFoundZerg_Zerg" parent="AICommEarlyRaceFoundZerg">
        <Sound value="AIComm_Zerg_ZergSighted"/>
    </CAlert>
    <CAlert id="AICommEnemyAir_Zerg" parent="AICommEnemyAir">
        <Sound value=""/>
    </CAlert>
    <CAlert id="AICommEnemyCloak_Zerg" parent="AICommEnemyCloak">
        <Sound value=""/>
    </CAlert>
    <CAlert id="AICommEnemyTownHall_Zerg" parent="AICommEnemyTownHall">
        <Sound value="AIComm_Zerg_TownHallSighted"/>
    </CAlert>
    <CAlert id="AICommExpandAck_Zerg" parent="AICommExpandAck">
        <Sound value="AIComm_Zerg_Expanding"/>
    </CAlert>
    <CAlert id="AICommExpandDone_Zerg" parent="AICommExpandDone">
        <Sound value="AIComm_Zerg_ExpansionSecured"/>
    </CAlert>
    <CAlert id="AICommExpandFail_Zerg" parent="AICommExpandFail">
        <Sound value="AIComm_Zerg_ExpansionFailed"/>
    </CAlert>
    <CAlert id="AICommIdleAck_Zerg" parent="AICommIdleAck">
        <Sound value=""/>
    </CAlert>
    <CAlert id="AICommIdleDone_Zerg" parent="AICommIdleDone">
        <Sound value=""/>
    </CAlert>
    <CAlert id="AICommIdleFail_Zerg" parent="AICommIdleFail">
        <Sound value=""/>
    </CAlert>
    <CAlert id="AICommHarassAck_Zerg" parent="AICommHarassAck">
        <Sound value="AIComm_Zerg_AttackCautious"/>
    </CAlert>
    <CAlert id="AICommHarassRetry_Zerg" parent="AICommHarassRetry">
        <Sound value="AIComm_Zerg_AttackCautious"/>
    </CAlert>
    <CAlert id="AICommHarassDone_Zerg" parent="AICommHarassDone">
        <Sound value="AIComm_Zerg_EndingHarrass"/>
    </CAlert>
    <CAlert id="AICommHarassFail_Zerg" parent="AICommHarassFail">
        <Sound value="AIComm_Zerg_NoArmyHarrass"/>
    </CAlert>
    <CAlert id="AICommNeedDetection_Zerg" parent="AICommNeedDetection">
        <Sound value="AIComm_Zerg_NeedDetection"/>
    </CAlert>
    <CAlert id="AICommNeedHelp_Zerg" parent="AICommNeedHelp">
        <Sound value="AIComm_Zerg_NeedHelp"/>
    </CAlert>
    <CAlert id="AICommRallyAck_Zerg" parent="AICommRallyAck">
        <Sound value=""/>
    </CAlert>
    <CAlert id="AICommResourceAck_Zerg" parent="AICommResourceAck">
        <Sound value=""/>
    </CAlert>
    <CAlert id="AICommScoutAck_Zerg" parent="AICommScoutAck">
        <Sound value="AIComm_Zerg_Scouting"/>
    </CAlert>
    <CAlert id="AICommScoutDone_Zerg" parent="AICommScoutDone">
        <Sound value="AIComm_Zerg_ScoutingComplete"/>
    </CAlert>
    <CAlert id="AICommScoutEnd_Zerg" parent="AICommScoutEnd">
        <Sound value="AIComm_Zerg_ScoutingUnable"/>
    </CAlert>
    <CAlert id="AICommScoutFail_Zerg" parent="AICommScoutFail">
        <Sound value="AIComm_Zerg_NoArmyScouting"/>
    </CAlert>
    <CAlert id="AICommScoutRetry_Zerg" parent="AICommScoutRetry">
        <Sound value="AIComm_Zerg_ScoutingScoutDied"/>
    </CAlert>
    <CAlert id="AddOnComplete_Prot">
        <Text value="Alert/Text/AddOnComplete"/>
    </CAlert>
    <CAlert id="AddOnComplete_Terr">
        <Text value="Alert/Text/AddOnComplete"/>
    </CAlert>
    <CAlert id="AddOnComplete_Zerg">
        <Text value="Alert/Text/AddOnComplete"/>
    </CAlert>
    <CAlert id="AttackTown_Prot" parent="AttackTown">
        <Sound value="Alert_ProtossBaseUnderAttack"/>
    </CAlert>
    <CAlert id="AttackTown_Terr" parent="AttackTown">
        <Sound value="Alert_TerranBaseUnderAttack"/>
    </CAlert>
    <CAlert id="AttackTown_Zerg" parent="AttackTown">
        <Sound value="Alert_ZergBaseUnderAttack"/>
    </CAlert>
    <CAlert id="AttackTownAlly_Prot" parent="AttackTownAlly">
        <Sound value="Alert_ProtossAllysBaseUnderAttack"/>
    </CAlert>
    <CAlert id="AttackTownAlly_Terr" parent="AttackTownAlly">
        <Sound value="Alert_TerranAllyBaseUnderAttack"/>
    </CAlert>
    <CAlert id="AttackTownAlly_Zerg" parent="AttackTownAlly">
        <Sound value="Alert_ZergAllyBaseUnderAttack"/>
    </CAlert>
    <CAlert id="AttackUnit_Prot" parent="AttackUnit">
        <Sound value="Alert_ProtossForcesUnderAttack"/>
    </CAlert>
    <CAlert id="AttackUnit_Terr" parent="AttackUnit">
        <Sound value="Alert_TerranForcesUnderAttack"/>
    </CAlert>
    <CAlert id="AttackUnit_Zerg" parent="AttackUnit">
        <Sound value="Alert_ZergForcesUnderAttack"/>
    </CAlert>
    <CAlert id="AttackUnitAlly_Prot" parent="AttackUnitAlly">
        <Sound value="Alert_ProtossAllyUnderAttack"/>
    </CAlert>
    <CAlert id="AttackUnitAlly_Terr" parent="AttackUnitAlly">
        <Sound value="Alert_TerranAllyUnderAttack"/>
    </CAlert>
    <CAlert id="AttackUnitAlly_Zerg" parent="AttackUnitAlly">
        <Sound value="Alert_ZergAllyUnderAttack"/>
    </CAlert>
    <CAlert id="BuildComplete_Prot">
        <Peripheral value="BuildingComplete"/>
        <Voice value="Ready"/>
    </CAlert>
    <CAlert id="BuildComplete_Terr">
        <Peripheral value="BuildingComplete"/>
        <Voice value="Ready"/>
    </CAlert>
    <CAlert id="BuildComplete_Zerg">
        <Peripheral value="BuildingComplete"/>
        <Voice value="Ready"/>
    </CAlert>
    <CAlert id="DefeatAlert">
        <SupersededVolume value="1.000000"/>
    </CAlert>
    <CAlert id="DrawAlert">
        <SupersededVolume value="1.000000"/>
    </CAlert>
    <CAlert id="LarvaHatched">
        <PrimaryActions index="Flash" value="0"/>
        <PrimaryActions index="Select" value="0"/>
        <PrimaryActions index="View" value="0"/>
        <SecondaryActions index="Flash" value="0"/>
        <SecondaryActions index="Select" value="0"/>
        <SecondaryActions index="View" value="0"/>
        <Icon value="Assets\Textures\btn-unit-zerg-larva.dds"/>
        <QueueTime value="5.000000"/>
        <Peripheral value="LarvaHatched"/>
    </CAlert>
    <CAlert id="MULEExpired">
        <PrimaryActions index="Flash" value="0"/>
        <PrimaryActions index="Select" value="0"/>
        <PrimaryActions index="View" value="0"/>
        <SecondaryActions index="Flash" value="0"/>
        <SecondaryActions index="Select" value="0"/>
        <SecondaryActions index="View" value="0"/>
        <Icon value="Assets\Textures\btn-unit-terran-mule.dds"/>
        <QueueTime value="5.000000"/>
        <Peripheral value="MULEExpired"/>
    </CAlert>
    <CAlert id="ChronoBoostExpired">
        <PrimaryActions index="Flash" value="0"/>
        <PrimaryActions index="Select" value="0"/>
        <PrimaryActions index="View" value="0"/>
        <SecondaryActions index="Flash" value="0"/>
        <SecondaryActions index="Select" value="0"/>
        <SecondaryActions index="View" value="0"/>
        <Icon value="Assets\Textures\btn-ability-protoss-protoncharge-color.dds"/>
        <QueueTime value="5.000000"/>
        <Peripheral value="ChronoBoostExpired"/>
    </CAlert>
    <CAlert id="RebornComplete">
        <Icon value="Assets\Textures\btn-unit-terran-thor.dds"/>
        <Sound value="Thor_Repaired"/>
    </CAlert>
    <CAlert id="ResourceExhausted_HighYieldMineral">
        <Peripheral value="ResourceExhausted"/>
        <Icon value="Assets\Textures\icon-highyieldmineral.dds"/>
        <Sound value="ResourceExhausted_Mineral"/>
    </CAlert>
    <CAlert id="ResourceExhausted_HighYieldMineral_Terr" parent="ResourceExhausted_HighYieldMineral">
        <Icon value="Assets\Textures\icon-highyieldmineral-terran.dds"/>
        <Sound value="Alert_TerranMineralsDepleted"/>
        <Text value="Alert/Text/ResourceExhausted_HighYieldMineral_Terr"/>
        <Tooltip value="Alert/Tooltip/ResourceExhausted_HighYieldMineral_Terr"/>
    </CAlert>
    <CAlert id="ResourceExhausted_HighYieldMineral_Zerg" parent="ResourceExhausted_HighYieldMineral">
        <Icon value="Assets\Textures\icon-highyieldmineral-zerg.dds"/>
        <Sound value="Alert_ZergMineralsDepleted"/>
        <Text value="Alert/Text/ResourceExhausted_HighYieldMineral_Zerg"/>
        <Tooltip value="Alert/Tooltip/ResourceExhausted_HighYieldMineral_Zerg"/>
    </CAlert>
    <CAlert id="VictoryAlert">
        <SupersededVolume value="1.000000"/>
    </CAlert>
    <CAlert id="YamatoSpecializeComplete">
        <Peripheral value="SpecializationComplete"/>
        <Icon value="Assets\Textures\btn-ability-terran-yamatogun.dds"/>
        <Sound value="Battlecruiser_YamatoUpgrade"/>
    </CAlert>
    <CAlert id="UpgradeComplete_Prot">
        <Peripheral value="UpgradeComplete"/>
        <Sound value="Alert_ProtossUpgradeComplete"/>
    </CAlert>
    <CAlert id="UpgradeComplete_Terr">
        <Peripheral value="UpgradeComplete"/>
        <Sound value="Alert_TerranUpgradeComplete"/>
    </CAlert>
    <CAlert id="UpgradeComplete_Zerg">
        <Peripheral value="UpgradeComplete"/>
        <Sound value="Alert_ZergUpgradeComplete"/>
    </CAlert>
    <CAlert id="ResearchComplete">
        <Peripheral value="ResearchComplete"/>
        <Sound value="Alert_LegacyResearchComplete"/>
    </CAlert>
    <CAlert id="ResearchComplete_Prot">
        <Peripheral value="ResearchComplete"/>
        <Sound value="Alert_ProtossResearchComplete"/>
    </CAlert>
    <CAlert id="ResearchComplete_Terr">
        <Peripheral value="ResearchComplete"/>
        <Sound value="Alert_TerranResearchComplete"/>
    </CAlert>
    <CAlert id="ResearchComplete_Zerg">
        <Peripheral value="ResearchComplete"/>
        <Sound value="Alert_ZergReasearchComplete"/>
    </CAlert>
    <CAlert id="TrainComplete_Prot">
        <Peripheral value="TrainComplete"/>
        <Voice value="Ready"/>
    </CAlert>
    <CAlert id="TrainComplete_Terr">
        <Peripheral value="TrainComplete"/>
        <Voice value="Ready"/>
    </CAlert>
    <CAlert id="TrainComplete_Zerg">
        <Peripheral value="TrainComplete"/>
        <Voice value="Ready"/>
    </CAlert>
    <CAlert id="MothershipComplete_Prot" parent="TrainComplete_Prot">
        <Peripheral value="MothershipComplete"/>
    </CAlert>
    <CAlert id="MothershipComplete_Terr" parent="TrainComplete_Terr">
        <Peripheral value="MothershipComplete"/>
    </CAlert>
    <CAlert id="MothershipComplete_Zerg" parent="TrainComplete_Zerg">
        <Peripheral value="MothershipComplete"/>
    </CAlert>
    <CAlert id="TrainWorkerComplete_Prot">
        <Flags index="Hide" value="1"/>
        <Voice value="Ready"/>
    </CAlert>
    <CAlert id="TrainWorkerComplete_Terr">
        <Flags index="Hide" value="1"/>
        <Voice value="Ready"/>
    </CAlert>
    <CAlert id="TrainWorkerComplete_Zerg">
        <Flags index="Hide" value="1"/>
        <Voice value="Ready"/>
    </CAlert>
    <CAlert id="TrainError_Prot" parent="TrainError">
        <Icon value="Assets\Textures\icon-supply-protoss.dds"/>
    </CAlert>
    <CAlert id="TrainError_Terr" parent="TrainError">
        <Icon value="Assets\Textures\icon-supply-terran.dds"/>
    </CAlert>
    <CAlert id="TrainError_Zerg" parent="TrainError">
        <Icon value="Assets\Textures\icon-supply-zerg.dds"/>
    </CAlert>
    <CAlert id="ReviveError_Prot" parent="ReviveError">
        <Icon value="Assets\Textures\icon-supply-protoss.dds"/>
    </CAlert>
    <CAlert id="ReviveError_Terr" parent="ReviveError">
        <Icon value="Assets\Textures\icon-supply-terran.dds"/>
    </CAlert>
    <CAlert id="ReviveError_Zerg" parent="ReviveError">
        <Icon value="Assets\Textures\icon-supply-zerg.dds"/>
    </CAlert>
    <CAlert id="WarpTrainComplete_Prot">
        <Peripheral value="WarpInComplete"/>
        <Sound value=""/>
        <Voice value="Ready"/>
    </CAlert>
    <CAlert id="WarpTrainComplete_Terr">
        <Peripheral value="WarpInComplete"/>
        <Sound value=""/>
        <Voice value="Ready"/>
    </CAlert>
    <CAlert id="WarpTrainComplete_Zerg">
        <Peripheral value="WarpInComplete"/>
        <Sound value=""/>
        <Voice value="Ready"/>
    </CAlert>
    <CAlert id="AmmoComplete_Prot">
        <Voice value="Ready"/>
    </CAlert>
    <CAlert id="AmmoComplete_Terr">
        <Voice value="Ready"/>
    </CAlert>
    <CAlert id="AmmoComplete_Zerg">
        <Voice value="Ready"/>
    </CAlert>
    <CAlert id="NydusDetect" parent="Global">
        <Icon value="Assets\Textures\btn-building-zerg-nydusworm.dds"/>
        <QueueTime value="10.000000"/>
        <Tooltip value="Button/Tooltip/SummonNydusWorm"/>
    </CAlert>
    <CAlert id="NydusDetectObserver" parent="Observer">
        <Icon value="Assets\Textures\btn-building-zerg-nydusworm.dds"/>
        <PingModel value="PingNydus"/>
    </CAlert>
    <CAlert id="CalldownLaunch_Prot" parent="CalldownLaunch">
        <Sound value="Alert_ProtossCalldownLaunch"/>
        <QueueTime value="10.000000"/>
    </CAlert>
    <CAlert id="CalldownLaunch_Terr" parent="CalldownLaunch">
        <Sound value="Alert_TerranCalldownLaunch"/>
        <QueueTime value="10.000000"/>
    </CAlert>
    <CAlert id="CalldownLaunch_Zerg" parent="CalldownLaunch">
        <Sound value="Alert_ZergCalldownLaunch"/>
        <QueueTime value="10.000000"/>
    </CAlert>
    <CAlert id="MergeComplete_Prot">
        <Voice value="Ready"/>
    </CAlert>
    <CAlert id="MergeComplete_Terr">
        <Voice value="Ready"/>
    </CAlert>
    <CAlert id="MergeComplete_Zerg">
        <Voice value="Ready"/>
    </CAlert>
    <CAlert id="MorphComplete_Prot">
        <Peripheral value="MorphComplete"/>
        <Voice value="Ready"/>
    </CAlert>
    <CAlert id="MorphComplete_Terr">
        <Peripheral value="MorphComplete"/>
        <Voice value="Ready"/>
    </CAlert>
    <CAlert id="MorphComplete_Zerg">
        <Peripheral value="MorphComplete"/>
        <Voice value="Ready"/>
        <Sound value="Alert_ZergEvolutionComplete"/>
    </CAlert>
    <CAlert id="MorphaliskComplete">
        <Voice value="Ready"/>
        <Icon value="Assets\Textures\btn-unit-zerg-larva.dds"/>
    </CAlert>
    <CAlert id="SpecializeComplete_Prot">
        <Peripheral value="SpecializationComplete"/>
    </CAlert>
    <CAlert id="SpecializeComplete_Terr">
        <Peripheral value="SpecializationComplete"/>
    </CAlert>
    <CAlert id="SpecializeComplete_Zerg">
        <Peripheral value="SpecializationComplete"/>
    </CAlert>
    <CAlert id="ResourceExhausted_Mineral_Prot" parent="ResourceExhausted_Mineral">
        <Sound value="Alert_ProtossMineralsDepleted"/>
        <Icon value="Assets\Textures\icon-mineral-protoss.dds"/>
    </CAlert>
    <CAlert id="ResourceExhausted_HighYieldMineral_Prot" parent="ResourceExhausted_HighYieldMineral">
        <Icon value="Assets\Textures\icon-highyieldmineral-protoss.dds"/>
        <Sound value="Alert_ProtossMineralsDepleted"/>
        <Text value="Alert/Text/ResourceExhausted_HighYieldMineral_Prot"/>
        <Tooltip value="Alert/Tooltip/ResourceExhausted_HighYieldMineral_Prot"/>
    </CAlert>
    <CAlert id="ResourceExhausted_Mineral_Terr" parent="ResourceExhausted_Mineral">
        <Sound value="Alert_TerranMineralsDepleted"/>
        <Icon value="Assets\Textures\icon-mineral-terran.dds"/>
    </CAlert>
    <CAlert id="ResourceExhausted_Mineral_Zerg" parent="ResourceExhausted_Mineral">
        <Sound value="Alert_ZergMineralsDepleted"/>
        <Icon value="Assets\Textures\icon-mineral-zerg.dds"/>
    </CAlert>
    <CAlert id="ResourceExhausted_Vespene">
        <Peripheral value="ResourceExhausted"/>
        <Icon value="Assets\Textures\icon-gas.dds"/>
    </CAlert>
    <CAlert id="ResourceExhausted_Vespene_Prot" parent="ResourceExhausted_Vespene">
        <Sound value="Alert_ProtossVespeneGeyserExhausted"/>
        <Icon value="Assets\Textures\icon-gas-protoss.dds"/>
    </CAlert>
    <CAlert id="ResourceExhausted_Vespene_Terr" parent="ResourceExhausted_Vespene">
        <Sound value="Alert_TerranVespeneGeyserExhausted"/>
        <Icon value="Assets\Textures\icon-gas-terran.dds"/>
    </CAlert>
    <CAlert id="ResourceExhausted_Vespene_Zerg" parent="ResourceExhausted_Vespene">
        <Sound value="Alert_ZergVespeneGeyserExhausted"/>
        <Icon value="Assets\Textures\icon-gas-zerg.dds"/>
    </CAlert>
    <CAlert id="RestoreResourcesComplete">
        <Icon value="Assets\Textures\icon-gas.dds"/>
        <Sound value="UI_TerranHint"/>
    </CAlert>
    <CAlert id="MissilePodsSpecializeComplete">
        <Peripheral value="SpecializationComplete"/>
        <Icon value="Assets\Textures\BTN-Ability-Terran-Hurricane.dds"/>
        <Sound value="Battlecruiser_PlasmaUpgrade"/>
    </CAlert>
    <CAlert id="DefensiveMatrixSpecializeComplete">
        <Peripheral value="SpecializationComplete"/>
        <Icon value="Assets\Textures\BTN-Ability-Terran-DefensiveMatrix.dds"/>
        <Sound value="Battlecruiser_DefensiveMatrixUpgrade"/>
    </CAlert>
</Catalog>
