<?xml version="1.0" encoding="utf-8"?>
<Catalog>
    <CBehaviorBuff default="1" id="InhibitorZoneBase">
        <BehaviorFlags index="Permanent" value="1"/>
        <InfoFlags index="Hidden" value="1"/>
        <Period value="0.0625"/>
        <PeriodicEffect value="##id##Search"/>
    </CBehaviorBuff>
    <CBehaviorBuff default="1" id="Salvage">
        <EditorCategories value="Race:Terran,AbilityorEffectType:Structures"/>
        <Duration value="5"/>
        <ExpireEffect value="##id##"/>
        <InfoFlags index="Hidden" value="1"/>
        <DisplayDuration index="Self" value="1"/>
        <DisplayDuration index="Ally" value="1"/>
        <Modification>
            <ModifyFlags index="DisableAbils" value="1"/>
            <ModifyFlags index="SuppressMoving" value="1"/>
            <ModifyFlags index="SuppressTurning" value="1"/>
            <StateFlags index="SuppressAttack" value="1"/>
            <StateFlags index="SuppressCloak" value="1"/>
            <StateFlags index="SuppressDetection" value="1"/>
            <StateFlags index="SuppressRadar" value="1"/>
            <AbilLinkEnableArray value="##id##"/>
            <AbilLinkEnableArray value="##id##Refund"/>
            <BehaviorLinkDisableArray value="SensorTowerRadar"/>
        </Modification>
        <Name value="Behavior/Name/Salvage"/>
    </CBehaviorBuff>
    <CBehaviorBuff default="1" id="AccelerationZoneBase">
        <BehaviorFlags index="Permanent" value="1"/>
        <InfoFlags index="Hidden" value="1"/>
        <Period value="0.0625"/>
        <PeriodicEffect value="##id##Search"/>
    </CBehaviorBuff>
    <CBehaviorBuff default="1" id="AccelerationZoneFlyingBase">
        <BehaviorFlags index="Permanent" value="1"/>
        <InfoFlags index="Hidden" value="1"/>
        <Period value="0.0625"/>
        <PeriodicEffect value="##id##Search"/>
    </CBehaviorBuff>
    <CBehaviorBuff default="1" id="InhibitorZoneFlyingBase">
        <BehaviorFlags index="Permanent" value="1"/>
        <InfoFlags index="Hidden" value="1"/>
        <Period value="0.0625"/>
        <PeriodicEffect value="##id##Search"/>
    </CBehaviorBuff>
    <CBehaviorBuff id="AccelerationZoneLarge" parent="AccelerationZoneBase"/>
    <CBehaviorBuff id="AccelerationZoneMedium" parent="AccelerationZoneBase"/>
    <CBehaviorBuff id="AccelerationZoneSmall" parent="AccelerationZoneBase"/>
    <CBehaviorBuff id="AccelerationZoneTemporalField">
        <Alignment value="Positive"/>
        <InfoIcon value="Assets\Textures\btn-ability-spearofadun-temporalfield.dds"/>
        <EditorCategories value="Race:Protoss,AbilityorEffectType:Units"/>
        <Duration value="0.125"/>
        <Modification MoveSpeedMultiplier="1.35"/>
    </CBehaviorBuff>
    <CBehaviorBuff id="AccelerationZoneFlyingTemporalField">
        <Alignment value="Positive"/>
        <InfoIcon value="Assets\Textures\btn-ability-spearofadun-temporalfield.dds"/>
        <EditorCategories value="Race:Protoss,AbilityorEffectType:Units"/>
        <Duration value="0.125"/>
        <Modification MoveSpeedMultiplier="1.35"/>
    </CBehaviorBuff>
    <CBehaviorBuff id="AccelerationZoneFlyingLarge" parent="AccelerationZoneFlyingBase"/>
    <CBehaviorBuff id="AccelerationZoneFlyingMedium" parent="AccelerationZoneFlyingBase"/>
    <CBehaviorBuff id="AccelerationZoneFlyingSmall" parent="AccelerationZoneFlyingBase"/>
    <CBehaviorBuff id="InhibitorZoneFlyingTemporalField">
        <Alignment value="Negative"/>
        <InfoIcon value="Assets\Textures\btn-ability-spearofadun-temporalfield.dds"/>
        <EditorCategories value="Race:Protoss,AbilityorEffectType:Units"/>
        <Duration value="0.125"/>
        <Modification MoveSpeedMultiplier="0.65"/>
    </CBehaviorBuff>
    <CBehaviorBuff id="InhibitorZoneFlyingLarge" parent="InhibitorZoneFlyingBase"/>
    <CBehaviorBuff id="InhibitorZoneFlyingMedium" parent="InhibitorZoneFlyingBase"/>
    <CBehaviorBuff id="InhibitorZoneFlyingSmall" parent="InhibitorZoneFlyingBase"/>
    <CBehaviorBuff id="CarryHarvestableRichVespeneGeyserGas">
        <InfoFlags index="Hidden" value="1"/>
        <EditorCategories value="Race:Terran,AbilityorEffectType:Units"/>
    </CBehaviorBuff>
    <CBehaviorBuff id="CarryHarvestableRichVespeneGeyserGasZerg">
        <InfoFlags index="Hidden" value="1"/>
        <EditorCategories value="Race:Terran,AbilityorEffectType:Units"/>
    </CBehaviorBuff>
    <CBehaviorBuff id="CarryHarvestableRichVespeneGeyserGasProtoss">
        <InfoFlags index="Hidden" value="1"/>
        <EditorCategories value="Race:Terran,AbilityorEffectType:Units"/>
    </CBehaviorBuff>
    <CBehaviorResource id="HarvestableRichVespeneGeyserGas">
        <InfoFlags index="Hidden" value="1"/>
        <InfoIcon value="Assets\Textures\icon-gas.dds"/>
        <EditorCategories value="Race:Terran,AbilityorEffectType:Units"/>
        <Capacity value="32000"/>
        <HarvestTime value="1.981"/>
        <HarvestAmount value="4"/>
        <Flags index="HideHarvesters" value="1"/>
        <RequiredAlliance value="Control"/>
        <ExhaustedAlert value="ResourceExhausted_Vespene"/>
        <IdealHarvesterCount value="3"/>
    </CBehaviorResource>
    <CBehaviorResource id="HarvestableRichVespeneGeyserGasZerg">
        <InfoFlags index="Hidden" value="1"/>
        <InfoIcon value="Assets\Textures\icon-gas.dds"/>
        <EditorCategories value="Race:Terran,AbilityorEffectType:Units"/>
        <Capacity value="32000"/>
        <HarvestTime value="1.981"/>
        <HarvestAmount value="4"/>
        <Flags index="HideHarvesters" value="1"/>
        <RequiredAlliance value="Control"/>
        <ExhaustedAlert value="ResourceExhausted_Vespene"/>
        <IdealHarvesterCount value="3"/>
    </CBehaviorResource>
    <CBehaviorResource id="HarvestableRichVespeneGeyserGasProtoss">
        <InfoFlags index="Hidden" value="1"/>
        <InfoIcon value="Assets\Textures\icon-gas.dds"/>
        <EditorCategories value="Race:Terran,AbilityorEffectType:Units"/>
        <Capacity value="32000"/>
        <HarvestTime value="1.981"/>
        <HarvestAmount value="4"/>
        <Flags index="HideHarvesters" value="1"/>
        <RequiredAlliance value="Control"/>
        <ExhaustedAlert value="ResourceExhausted_Vespene"/>
        <IdealHarvesterCount value="3"/>
    </CBehaviorResource>
    <CBehaviorBuff id="InhibitorZoneLarge" parent="InhibitorZoneBase"/>
    <CBehaviorBuff id="InhibitorZoneMedium" parent="InhibitorZoneBase"/>
    <CBehaviorBuff id="InhibitorZoneSmall" parent="InhibitorZoneBase"/>
    <CBehaviorBuff id="InstantMorph">
        <InfoFlags index="Hidden" value="1"/>
        <Duration value="0.2"/>
        <Modification>
            <StateFlags index="SuppressCloak" value="1"/>
            <StateFlags index="TransientMorph" value="1"/>
        </Modification>
        <TimeScaleSource Value="Global"/>
    </CBehaviorBuff>
    <CBehaviorBuff id="KillsToCaster">
        <InfoFlags index="Hidden" value="1"/>
        <KillCredit Value="Caster"/>
    </CBehaviorBuff>
    <CBehaviorBuff id="AutoTurretTimedLife" parent="TimedLife">
        <EditorCategories value="Race:Terran,AbilityorEffectType:Units"/>
        <DisplayDuration index="Enemy" value="1"/>
        <Duration value="180"/>
    </CBehaviorBuff>
    <CBehaviorBuff id="ChangelingDisguise">
        <InfoFlags index="Hidden" value="1"/>
        <EditorCategories value="Race:Zerg,AbilityorEffectType:Units"/>
        <Period value="0.5"/>
        <PeriodicEffect value="DisguiseSearch"/>
    </CBehaviorBuff>
    <CBehaviorBuff id="ChangelingDisguiseEx3">
        <InfoFlags index="Hidden" value="1"/>
        <EditorCategories value="Race:Zerg,AbilityorEffectType:Units"/>
        <Period value="0.5"/>
        <PeriodicEffect value="ChangelingDisguiseEx3Search"/>
    </CBehaviorBuff>
    <CBehaviorBuff id="Corruption">
        <Alignment value="Negative"/>
        <Duration value="30"/>
        <InfoIcon value="Assets\Textures\btn-ability-zerg-corruption.dds"/>
        <EditorCategories value="Race:Zerg,AbilityorEffectType:Units"/>
        <Modification>
            <ModifyFlags index="DisableAbils" value="1"/>
            <ModifyFlags index="EnableAttack" value="1"/>
            <ModifyFlags index="EnableMove" value="1"/>
            <ModifyFlags index="SuppressMoving" value="1"/>
            <ModifyFlags index="SuppressTurning" value="1"/>
            <StateFlags index="SuppressAttack" value="1"/>
            <StateFlags index="SuppressCloak" value="1"/>
            <StateFlags index="SuppressDetection" value="1"/>
            <StateFlags index="SuppressRadar" value="1"/>
            <BehaviorClassDisableArray index="CBehaviorSpawn" value="1"/>
            <BehaviorLinkDisableArray value="QueenSpawnLarvaTimer"/>
        </Modification>
        <DisplayDuration index="Self" value="1"/>
        <DisplayDuration index="Ally" value="1"/>
        <DisplayDuration index="Enemy" value="1"/>
    </CBehaviorBuff>
    <CBehaviorWander id="CritterWander">
        <Range value="2.5"/>
        <Delay value="3.5"/>
    </CBehaviorWander>
    <CBehaviorWander id="CritterWanderLeash">
        <Leash value="1"/>
        <Range value="2.5"/>
        <Delay value="3.5"/>
    </CBehaviorWander>
    <CBehaviorWander id="CritterWanderLeashShort">
        <Leash value="1"/>
        <Range value="1"/>
        <Delay value="3.5"/>
    </CBehaviorWander>
    <CBehaviorBuff id="GhostHoldFire">
        <EditorCategories value="Race:Terran,AbilityorEffectType:Units"/>
        <InfoIcon value="Assets\Textures\btn-ability-terran-holdfire.dds"/>
        <Modification>
            <StateFlags index="Passive" value="1"/>
            <AbilClassDisableArray index="CAbilAttack" value="1"/>
        </Modification>
        <Duration value="0.07"/>
        <ExpireEffect value="GhostHoldFireB"/>
    </CBehaviorBuff>
    <CBehaviorBuff id="GhostHoldFireB">
        <EditorCategories value="Race:Terran,AbilityorEffectType:Units"/>
        <InfoIcon value="Assets\Textures\btn-ability-terran-holdfire.dds"/>
        <RemoveValidatorArray value="CasterNotAttacking"/>
        <Modification>
            <StateFlags index="Passive" value="1"/>
        </Modification>
    </CBehaviorBuff>
    <CBehaviorBuff id="Leech">
        <EditorCategories value="Race:Zerg,AbilityorEffectType:Units"/>
        <Duration value="4"/>
        <Period value="0.2"/>
        <PeriodCount value="20"/>
        <InitialEffect value="LeechSet"/>
        <PeriodicEffect value="LeechSet"/>
        <RemoveValidatorArray value="hasEnergy"/>
    </CBehaviorBuff>
    <CBehaviorBuff id="LeechDisableAbilities">
        <EditorCategories value="Race:Zerg,AbilityorEffectType:Units"/>
        <Duration value="5"/>
        <Modification>
            <AbilLinkDisableArray value="NeuralParasite"/>
            <AbilLinkDisableArray value="FungalGrowth"/>
        </Modification>
    </CBehaviorBuff>
    <CBehaviorUnitTracker id="LoadOutSpray@Tracker">
        <BehaviorCategories index="Permanent" value="1"/>
        <MaxTrackedUnits value="5"/>
        <UnitAddedAtMaxRule value="ReplaceOldest"/>
        <ReplacedEffect value="KillTargetDeathNormal"/>
        <UnitTrackerFlags index="UseSharedList" value="1"/>
        <UnitTrackerFlags index="SharedListPersistsForever" value="1"/>
        <SharedListPlayer Value="Caster"/>
    </CBehaviorUnitTracker>
    <CBehaviorBuff id="SurfaceForSpellCastChanneled">
        <InfoFlags index="Hidden" value="1"/>
        <EditorCategories value="Race:Zerg,AbilityorEffectType:Units"/>
        <Modification>
            <ModifyFlags index="Reveal" value="1"/>
            <ModifyFlags index="Detected" value="1"/>
            <ModifyFlags index="SuppressMoving" value="1"/>
            <ModifyFlags index="SuppressTurning" value="1"/>
            <StateFlags index="SuppressCloak" value="1"/>
            <AbilLinkDisableArray value="BurrowInfestorUp"/>
        </Modification>
    </CBehaviorBuff>
    <CBehaviorBuff id="InhibitorZoneTemporalField">
        <Alignment value="Negative"/>
        <InfoIcon value="Assets\Textures\btn-ability-spearofadun-temporalfield.dds"/>
        <EditorCategories value="Race:Protoss,AbilityorEffectType:Units"/>
        <Duration value="0.125"/>
        <Modification MoveSpeedMultiplier="0.65"/>
    </CBehaviorBuff>
    <CBehaviorBuff id="VoidRayPhase2">
        <InfoFlags index="Hidden" value="1"/>
        <EditorCategories value="Race:Protoss,AbilityorEffectType:Units"/>
        <RemoveValidatorArray value="NotQuadDamage"/>
        <RemoveValidatorArray value="NotVortexd"/>
        <Duration value="5"/>
        <Cost>
            <Charge Link="Behavior/DoubleDamage"/>
            <Cooldown Link="Behavior/DoubleDamage"/>
        </Cost>
        <Modification>
            <DeathResponse>
                <Cost>
                    <Charge Link="Behavior/DoubleDamage"/>
                    <Cooldown Link="Behavior/DoubleDamage"/>
                </Cost>
            </DeathResponse>
        </Modification>
        <DamageResponse>
            <Cost>
                <Charge Link="Behavior/DoubleDamage"/>
                <Cooldown Link="Behavior/DoubleDamage"/>
            </Cost>
        </DamageResponse>
    </CBehaviorBuff>
    <CBehaviorBuff id="NoDraw">
        <InfoFlags index="Hidden" value="1"/>
        <Modification>
            <StateFlags index="NoDraw" value="1"/>
        </Modification>
    </CBehaviorBuff>
    <CBehaviorBuff id="PointDefenseReady">
        <EditorCategories value="Race:Terran,AbilityorEffectType:Units"/>
        <Duration value="3"/>
        <InfoFlags index="Hidden" value="1"/>
    </CBehaviorBuff>
    <CBehaviorBuff id="VoidRayPhase3">
        <InfoFlags index="Hidden" value="1"/>
        <EditorCategories value="Race:Protoss,AbilityorEffectType:Units"/>
        <Duration value="5"/>
        <RemoveValidatorArray value="NotVortexd"/>
        <Cost>
            <Charge Link="Behavior/QuadDamage"/>
            <Cooldown Link="Behavior/QuadDamage"/>
        </Cost>
        <Modification>
            <DeathResponse>
                <Cost>
                    <Charge Link="Behavior/QuadDamage"/>
                    <Cooldown Link="Behavior/QuadDamage"/>
                </Cost>
            </DeathResponse>
        </Modification>
        <DamageResponse>
            <Cost>
                <Charge Link="Behavior/QuadDamage"/>
                <Cooldown Link="Behavior/QuadDamage"/>
            </Cost>
        </DamageResponse>
    </CBehaviorBuff>
    <CBehaviorBuff id="EMPDecloak">
        <InfoIcon value="Assets\Textures\btn-ability-terran-emp.dds"/>
        <EditorCategories value="Race:Terran,AbilityorEffectType:Units"/>
        <Duration value="10"/>
        <Modification>
            <StateFlags index="SuppressCloak" value="1"/>
        </Modification>
        <Alignment value="Negative"/>
        <RemoveValidatorArray value="IsNotBuried"/>
    </CBehaviorBuff>
    <CBehaviorBuff id="FungalGrowth">
        <Alignment value="Negative"/>
        <EditorCategories value="Race:Zerg,AbilityorEffectType:Units"/>
        <Modification>
            <StateFlags index="SuppressCloak" value="1"/>
        </Modification>
        <InfoIcon value="Assets\Textures\btn-ability-zerg-fungalgrowth.dds"/>
        <Duration value="8"/>
        <Period value="0.5"/>
        <PeriodicEffect value="FungalGrowthDamage"/>
    </CBehaviorBuff>
    <CBehaviorBuff id="FungalGrowthMovement">
        <Alignment value="Negative"/>
        <EditorCategories value="Race:Zerg,AbilityorEffectType:Units"/>
        <InfoFlags index="Hidden" value="1"/>
        <Modification>
            <ModifyFlags index="SuppressMoving" value="1"/>
            <StateFlags index="SuppressPassenger" value="1"/>
            <AbilClassDisableArray index="CAbilMove" value="1"/>
            <AbilLinkDisableArray value="BurrowInfestorUp"/>
            <AbilLinkDisableArray value="BurrowInfestorDown"/>
            <AbilLinkDisableArray value="BurrowRoachUp"/>
            <AbilLinkDisableArray value="BurrowRoachDown"/>
            <AbilLinkDisableArray value="BurrowZerglingUp"/>
            <AbilLinkDisableArray value="BurrowZerglingDown"/>
            <AbilLinkDisableArray value="BurrowDroneUp"/>
            <AbilLinkDisableArray value="BurrowDroneDown"/>
            <AbilLinkDisableArray value="BurrowUltraliskUp"/>
            <AbilLinkDisableArray value="BurrowUltraliskDown"/>
            <AbilLinkDisableArray value="BurrowQueenUp"/>
            <AbilLinkDisableArray value="BurrowQueenDown"/>
            <AbilLinkDisableArray value="BurrowBanelingUp"/>
            <AbilLinkDisableArray value="BurrowBanelingDown"/>
            <AbilLinkDisableArray value="BurrowHydraliskUp"/>
            <AbilLinkDisableArray value="BurrowHydraliskDown"/>
            <AbilLinkDisableArray value="BurrowInfestorTerranUp"/>
            <AbilLinkDisableArray value="BurrowInfestorTerranDown"/>
            <AbilLinkDisableArray value="SiegeMode"/>
            <AbilLinkDisableArray value="Unsiege"/>
            <AbilLinkDisableArray value="FighterMode"/>
            <AbilLinkDisableArray value="AssaultMode"/>
            <AbilLinkDisableArray value="PhasingMode"/>
            <AbilLinkDisableArray value="TransportMode"/>
        </Modification>
        <InfoIcon value="Assets\Textures\btn-ability-zerg-fungalgrowth.dds"/>
        <Duration value="8"/>
        <DisableValidatorArray value="NotFrenzied"/>
        <RemoveValidatorArray value="NotFungalGrowthed"/>
    </CBehaviorBuff>
    <CBehaviorBuff id="GuardianShield">
        <Alignment value="Positive"/>
        <EditorCategories value="Race:Protoss,AbilityorEffectType:Units"/>
        <Duration value="0.6"/>
        <DamageResponse>
            <Kind index="Spell" value="0"/>
            <Kind index="Melee" value="0"/>
            <Kind index="Splash" value="0"/>
            <ModifyAmount value="-2"/>
            <Chance value="1"/>
        </DamageResponse>
        <InfoIcon value="Assets\Textures\btn-ability-protoss-shieldbattery.dds"/>
    </CBehaviorBuff>
    <CBehaviorBuff id="PointDefenseDroneTimedLife" parent="TimedLife">
        <EditorCategories value="Race:Terran,AbilityorEffectType:Units"/>
        <DisplayDuration index="Enemy" value="1"/>
        <Duration value="180"/>
    </CBehaviorBuff>
    <CBehaviorBuff id="SeekerMissileTimeout">
        <EditorCategories value="Race:Terran,AbilityorEffectType:Units"/>
        <Duration value="15"/>
        <ExpireEffect value="Kill"/>
        <RemoveValidatorArray value="NotInLastMotionPhase"/>
    </CBehaviorBuff>
    <CBehaviorBuff id="QueenBirthUnburrow">
        <InfoFlags index="Hidden" value="1"/>
        <EditorCategories value="AbilityorEffectType:Units,Race:Zerg"/>
        <Duration value="0.8"/>
        <Modification>
            <AbilClassDisableArray index="CAbilAttack" value="1"/>
            <AbilClassDisableArray index="CAbilMove" value="1"/>
        </Modification>
    </CBehaviorBuff>
    <CBehaviorBuff id="Radar25">
        <Alignment value="Positive"/>
    </CBehaviorBuff>
    <CBehaviorBuff id="Recalled">
        <InfoFlags index="Hidden" value="1"/>
        <EditorCategories value="Race:Protoss,AbilityorEffectType:Units"/>
        <Duration value="2"/>
        <Modification>
            <ModifyFlags index="DisableAbils" value="1"/>
            <StateFlags index="SuppressAttack" value="1"/>
            <StateFlags index="Uncommandable" value="1"/>
            <AbilClassDisableArray index="CAbilAttack" value="1"/>
            <AbilClassDisableArray index="CAbilMove" value="1"/>
        </Modification>
    </CBehaviorBuff>
    <CBehaviorBuff id="Recalling">
        <InfoFlags index="Hidden" value="1"/>
        <EditorCategories value="Race:Protoss,AbilityorEffectType:Units"/>
        <Duration value="2"/>
        <ExpireEffect value="MassRecallSet"/>
        <Modification>
            <ModifyFlags index="DisableAbils" value="1"/>
            <StateFlags index="SuppressAttack" value="1"/>
            <StateFlags index="Uncommandable" value="1"/>
            <AbilClassDisableArray index="CAbilAttack" value="1"/>
            <AbilClassDisableArray index="CAbilMove" value="1"/>
        </Modification>
    </CBehaviorBuff>
    <CBehaviorBuff id="SupplyDepotMorphing">
        <InfoFlags index="Hidden" value="1"/>
        <EditorCategories value="AbilityorEffectType:Units,Race:Terran"/>
        <Duration value="1.35"/>
    </CBehaviorBuff>
    <CBehaviorBuff id="TimeWarpProduction">
        <Alignment value="Positive"/>
        <Cost>
            <Vital index="Energy" value="25"/>
        </Cost>
        <InfoIcon value="Assets\Textures\btn-ability-protoss-chronoboost.dds"/>
        <EditorCategories value="AbilityorEffectType:Units,Race:Protoss"/>
        <Duration value="20"/>
        <Modification TimeScale="1.5">
            <VitalRegenArray index="Energy" value="-0.1992"/>
        </Modification>
        <TimeScaleSource Value="Global"/>
        <ExpireEffect value="ChronoBoostAlert"/>
        <BehaviorCategories index="Fast" value="1"/>
    </CBehaviorBuff>
    <CBehaviorBuff id="UnderConstruction">
        <InfoFlags index="Hidden" value="1"/>
        <RemoveValidatorArray value="IsConstructing"/>
    </CBehaviorBuff>
    <CBehaviorPowerSource id="WarpPrismPowerSource">
        <PowerLink value="PowerSource"/>
        <InfoFlags index="Hidden" value="1"/>
        <EditorCategories value="Race:Protoss,AbilityorEffectType:Structures"/>
        <Radius value="3.75"/>
    </CBehaviorPowerSource>
    <CBehaviorBuff id="DisableEnergyRegen">
        <Modification>
            <VitalRegenArray index="Energy" value="-0.5625"/>
        </Modification>
        <InfoFlags index="Hidden" value="1"/>
        <BuffFlags index="Channeling" value="1"/>
    </CBehaviorBuff>
    <CBehaviorBuff id="DisablePhoenixWeapons">
        <InfoFlags index="Hidden" value="1"/>
        <BuffFlags index="Channeling" value="1"/>
        <Modification>
            <WeaponDisableArray value="IonCannons"/>
        </Modification>
    </CBehaviorBuff>
    <CBehaviorBuff id="MULETimedLife" parent="TimedLife">
        <EditorCategories value="Race:Terran,AbilityorEffectType:Units"/>
        <Duration value="90"/>
        <ExpireEffect value="MULEFate"/>
    </CBehaviorBuff>
    <CBehaviorBuff id="InfestedTerransEggTimedLife" parent="TimedLife">
        <EditorCategories value="Race:Zerg,AbilityorEffectType:Units"/>
        <ExpireEffect value="InfestedTerransMorphToInfestedTerran"/>
    </CBehaviorBuff>
    <CBehaviorBuff id="GravitonBeam">
        <Alignment value="Negative"/>
        <InfoIcon value="Assets\Textures\btn-ability-protoss-gravitonbeam.dds"/>
        <EditorCategories value="Race:Protoss,AbilityorEffectType:Units"/>
        <TimeScaleSource Value="Global"/>
        <Duration value="0.5"/>
        <Modification>
            <ModifyFlags index="DisableAbils" value="1"/>
            <ModifyFlags index="SuppressMoving" value="1"/>
            <ModifyFlags index="SuppressTurning" value="1"/>
            <StateFlags index="Stun" value="1"/>
            <StateFlags index="SuppressAttack" value="1"/>
            <StateFlags index="SuppressCloak" value="1"/>
            <StateFlags index="SuppressCollision" value="1"/>
            <StateFlags index="SuppressDetection" value="1"/>
            <StateFlags index="SuppressPassenger" value="1"/>
            <StateFlags index="SuppressRadar" value="1"/>
            <StateFlags index="Uncommandable" value="1"/>
            <AbilLinkEnableArray value="TerranBuild"/>
            <!--AbilClassEnableArray index="CAbilMorph" value="1"/-->
            <!--AbilLinkEnableArray value="MorphToInfestedTerran"/>
            <AbilLinkEnableArray value="BurrowZerglingUp"/>
            <AbilLinkEnableArray value="BurrowBanelingUp"/>
            <AbilLinkEnableArray value="BurrowRoachUp"/>
            <AbilLinkEnableArray value="BurrowHydraliskUp"/>
            <AbilLinkEnableArray value="BurrowInfestorUp"/>
            <AbilLinkEnableArray value="BurrowInfestorTerranUp"/>
            <AbilLinkEnableArray value="BurrowUltraliskUp"/>
            <AbilLinkEnableArray value="BurrowQueenUp"/-->
            <BehaviorClassDisableArray index="CBehaviorCreepSource" value="1"/>
            <BehaviorClassDisableArray index="CBehaviorPowerSource" value="1"/>
            <BehaviorClassDisableArray index="CBehaviorResource" value="1"/>
            <BehaviorClassDisableArray index="CBehaviorSpawn" value="1"/>
        </Modification>
    </CBehaviorBuff>
    <CBehaviorBuff id="GravitonBeamHeight">
        <EditorCategories value="Race:Protoss,AbilityorEffectType:Units"/>
        <BuffFlags index="Channeling" value="1"/>
        <InfoFlags index="Hidden" value="1"/>
        <Modification Height="3.75">
            <HeightTime index="Start" value="1"/>
            <HeightTime index="Stop" value="0.25"/>
            <PlaneDelta index="Ground" value="-1"/>
            <PlaneDelta index="Air" value="1"/>
        </Modification>
    </CBehaviorBuff>
    <CBehaviorBuff id="Ethereal">
        <EditorCategories value="Race:Protoss,AbilityorEffectType:Units"/>
        <Duration value="2"/>
        <Modification>
            <ModifyFlags index="DisableAbils" value="1"/>
            <ModifyFlags index="EnableMove" value="1"/>
            <StateFlags index="Invulnerable" value="1"/>
            <StateFlags index="SuppressAttack" value="1"/>
            <StateFlags index="SuppressCloak" value="1"/>
            <StateFlags index="SuppressDetection" value="1"/>
            <StateFlags index="SuppressRadar" value="1"/>
            <AbilClassEnableArray index="CAbilStop" value="1"/>
            <AbilLinkEnableArray value="Warpable"/>
            <BehaviorClassDisableArray index="CBehaviorBuff" value="1"/>
            <BehaviorClassDisableArray index="CBehaviorPowerSource" value="1"/>
            <BehaviorLinkEnableArray value="Ethereal"/>
        </Modification>
        <InfoIcon value="Assets\Textures\BTN-Ability-Protoss-phaseshift.dds"/>
        <Alignment value="Negative"/>
    </CBehaviorBuff>
    <CBehaviorBuff id="NeuralParasite">
        <Alignment value="Negative"/>
        <InfoIcon value="Assets\Textures\BTN-Ability-Zerg-NeuralParasite.dds"/>
        <EditorCategories value="Race:Zerg,AbilityorEffectType:Units"/>
        <Player Value="Caster"/>
        <AcquirePlayer Effect="NeuralParasiteLaunchMissile" Value="Target"/>
        <Modification>
            <StateFlags index="SuppressPassenger" value="1"/>
            <AbilClassDisableArray index="CAbilSpecialize" value="1"/>
            <AbilClassDisableArray index="CAbilTransport" value="1"/>
            <AbilLinkDisableArray value="ArchonWarp"/>
            <AbilLinkDisableArray value="SprayProtoss"/>
            <AbilLinkDisableArray value="SprayTerran"/>
            <AbilLinkDisableArray value="SprayZerg"/>
        </Modification>
        <BuffFlags index="Channeled" value="1"/>
        <RemoveValidatorArray value="NotHidden"/>
        <RemoveValidatorArray value="NotFrenzied"/>
        <RemoveValidatorArray value="NotVortexd"/>
    </CBehaviorBuff>
    <CBehaviorBuff id="NeuralParasiteWait">
        <Alignment value="Negative"/>
        <InfoIcon value="Assets\Textures\BTN-Ability-Zerg-NeuralParasite.dds"/>
        <EditorCategories value="Race:Zerg,AbilityorEffectType:Units"/>
        <Duration value="15"/>
        <PeriodicEffect value="NeuralParasiteRecheck"/>
    </CBehaviorBuff>
    <CBehaviorBuff id="QueenSpawnLarva">
        <InfoFlags index="Hidden" value="1"/>
        <EditorCategories value="Race:Zerg,AbilityorEffectType:Structures"/>
        <MaxStackCount value="0"/>
        <Duration value="1.5"/>
    </CBehaviorBuff>
    <CBehaviorBuff id="QueenSpawnLarvaTimer">
        <Alignment value="Positive"/>
        <InfoIcon value="Assets\Textures\BTN-Unit-Zerg-Larva.dds"/>
        <EditorCategories value="Race:Zerg,AbilityorEffectType:Structures"/>
        <BuffFlags index="Countdown" value="0"/>
        <DisplayDuration index="Self" value="1"/>
        <DisplayDuration index="Ally" value="1"/>
        <Duration value="40"/>
        <ExpireEffect value="SpawnMutantLarvaApplySpawnBehavior"/>
    </CBehaviorBuff>
    <CBehaviorBuff id="StimpackMarauder">
        <Alignment value="Positive"/>
        <InfoIcon value="Assets\Textures\btn-ability-terran-stimpack.dds"/>
        <EditorCategories value="Race:Terran,AbilityorEffectType:Units"/>
        <Duration value="15"/>
        <Modification MoveSpeedMultiplier="1.5" AttackSpeedMultiplier="1.5"/>
    </CBehaviorBuff>
    <CBehaviorBuff id="SupplyDrop">
        <Alignment value="Positive"/>
        <InfoIcon value="Assets\Textures\BTN-Building-Terran-SupplyDepot.dds"/>
        <EditorCategories value="Race:Terran,AbilityorEffectType:Structures"/>
        <Modification Food="8"/>
    </CBehaviorBuff>
    <CBehaviorBuff id="SupplyDropEnRoute">
        <InfoFlags index="Hidden" value="1"/>
        <EditorCategories value="Race:Terran,AbilityorEffectType:Structures"/>
        <Duration value="4"/>
        <ExpireEffect value="SupplyDropApplyBehavior"/>
        <Modification>
            <AbilClassDisableArray index="CAbilMorph" value="1"/>
        </Modification>
    </CBehaviorBuff>
    <CBehaviorBuff id="SurfaceForSpellCast">
        <InfoFlags index="Hidden" value="1"/>
        <EditorCategories value="Race:Zerg,AbilityorEffectType:Units"/>
        <Duration value="1.5"/>
        <Modification>
            <ModifyFlags index="Reveal" value="1"/>
            <ModifyFlags index="Detected" value="1"/>
            <ModifyFlags index="SuppressMoving" value="1"/>
            <ModifyFlags index="SuppressTurning" value="1"/>
            <StateFlags index="SuppressCloak" value="1"/>
            <AbilLinkDisableArray value="BurrowInfestorUp"/>
        </Modification>
    </CBehaviorBuff>
    <CBehaviorBuff id="250mmStrikeCannons">
        <Alignment value="Negative"/>
        <InfoIcon value="Assets\Textures\btn-ability-terran-bombardmentstrike.dds"/>
        <EditorCategories value="Race:Terran,AbilityorEffectType:Units"/>
        <Duration value="10"/>
        <Modification>
            <ModifyFlags index="DisableAbils" value="1"/>
            <ModifyFlags index="SuppressMoving" value="1"/>
            <ModifyFlags index="SuppressTurning" value="1"/>
        </Modification>
        <BuffFlags index="Channeling" value="1"/>
        <Period value="0.25"/>
        <MaxStackCount value="20"/>
        <DisableValidatorArray value="NotFrenzied"/>
    </CBehaviorBuff>
    <CBehaviorBuff id="BroodlingFate" parent="TimedLife">
        <InfoIcon value="Assets\Textures\btn-ability-zerg-explode.dds"/>
        <EditorCategories value="Race:Zerg,AbilityorEffectType:Units"/>
        <Duration value="8"/>
        <KillCredit Value="Unknown"/>
    </CBehaviorBuff>
    <CBehaviorWander id="BroodlingWander">
        <EditorCategories value="Race:Zerg,AbilityorEffectType:Units"/>
        <Leash value="1"/>
        <Range value="0.6"/>
        <Delay value="2"/>
    </CBehaviorWander>
    <CBehaviorBuff id="Changeling" parent="TimedLife">
        <EditorCategories value="Race:Zerg,AbilityorEffectType:Units"/>
        <Duration value="150"/>
    </CBehaviorBuff>
    <CBehaviorBuff id="ChangelingDisable">
        <InfoFlags index="Hidden" value="1"/>
        <EditorCategories value="Race:Zerg,AbilityorEffectType:Units"/>
        <DamageResponse ClampMinimum="1" Handled="Suicide" Minimum="1">
            <Chance value="1"/>
        </DamageResponse>
        <Modification>
            <ModifyFlags index="DisableAbils" value="1"/>
            <ModifyFlags index="EnableMove" value="1"/>
            <StateFlags index="Passive" value="1"/>
            <StateFlags index="SuppressAttack" value="1"/>
            <AbilClassEnableArray index="CAbilStop" value="1"/>
        </Modification>
    </CBehaviorBuff>
    <CBehaviorBuff id="Stimpack">
        <Alignment value="Positive"/>
        <InfoIcon value="Assets\Textures\btn-ability-terran-stimpack.dds"/>
        <EditorCategories value="Race:Terran,AbilityorEffectType:Units"/>
        <Duration value="15"/>
        <Modification MoveSpeedMultiplier="1.5" AttackSpeedMultiplier="1.5"/>
    </CBehaviorBuff>
    <CBehaviorBuff id="GhostCloak">
        <Alignment value="Positive"/>
        <InfoIcon value="Assets\Textures\btn-ability-terran-cloak.dds"/>
        <EditorCategories value="Race:Terran,AbilityorEffectType:Units"/>
        <RemoveValidatorArray value="CanSpendEnergy"/>
        <RemoveValidatorArray value="hasEnergy"/>
        <Modification>
            <StateFlags index="Cloak" value="1"/>
            <VitalRegenArray index="Energy" value="-1.4765"/>
        </Modification>
    </CBehaviorBuff>
    <CBehaviorBuff id="BansheeCloak">
        <Alignment value="Positive"/>
        <InfoIcon value="Assets\Textures\btn-ability-terran-cloak.dds"/>
        <EditorCategories value="Race:Terran,AbilityorEffectType:Units"/>
        <RemoveValidatorArray value="CanSpendEnergy"/>
        <RemoveValidatorArray value="hasEnergy"/>
        <Modification>
            <StateFlags index="Cloak" value="1"/>
            <VitalRegenArray index="Energy" value="-1.4765"/>
        </Modification>
    </CBehaviorBuff>
    <CBehaviorBuff id="PsiStorm">
        <Alignment value="Negative"/>
        <InfoIcon value="Assets\Textures\btn-ability-protoss-psistorm.dds"/>
        <EditorCategories value="Race:Protoss,AbilityorEffectType:Units"/>
        <Duration value="0.6665"/>
        <Period value="0.571"/>
        <InitialEffect value="PsiStormDamageInitial"/>
        <PeriodicEffect value="PsiStormDamage"/>
        <TimeScaleSource Value="Global"/>
    </CBehaviorBuff>
    <CBehaviorBuff id="CloakField">
        <EditorCategories value="Race:Protoss,AbilityorEffectType:Units"/>
        <Period value="0.2"/>
        <PeriodicEffect value="CloakingFieldSearch"/>
        <InfoIcon value="Assets\Textures\BTN-Ability-Protoss-CloakField.dds"/>
        <BuffFlags index="DisableWhileUnderConstruction" value="1"/>
        <Alignment value="Positive"/>
        <InfoFlags index="Hidden" value="1"/>
    </CBehaviorBuff>
    <CBehaviorBuff id="CloakFieldEffect">
        <Alignment value="Positive"/>
        <InfoIcon value="Assets\Textures\btn-ability-protoss-cloakfield.dds"/>
        <EditorCategories value="Race:Protoss,AbilityorEffectType:Units"/>
        <Duration value="0.5417"/>
        <Modification>
            <StateFlags index="Cloak" value="1"/>
        </Modification>
        <DisableValidatorArray value="NotMothership"/>
        <TimeScaleSource Value="Global"/>
    </CBehaviorBuff>
    <CBehaviorConjoined id="Conjoined">
        <Radius value="5"/>
        <InfoFlags index="Hidden" value="1"/>
    </CBehaviorConjoined>
    <CBehaviorResource id="MineralFieldMinerals">
        <InfoIcon value="Assets\Textures\icon-mineral.dds"/>
        <Capacity value="1500"/>
        <Contents value="1500"/>
        <HarvestTime value="2.786"/>
        <HarvestAmount value="5"/>
        <Flags index="RemoveWhenEmpty" value="1"/>
        <ReturnDelay value="0.5"/>
        <ExhaustedAlert value="ResourceExhausted_Mineral"/>
        <DepletionThreshold value="750"/>
        <DepletionVariationCount value="4"/>
        <InfoFlags index="Hidden" value="1"/>
        <IdealHarvesterCount value="3"/>
    </CBehaviorResource>
    <CBehaviorResource id="MineralFieldMineralsOpaque">
        <InfoFlags index="Hidden" value="1"/>
        <InfoIcon value="Assets\Textures\icon-mineral.dds"/>
        <Capacity value="1800"/>
        <Contents value="1800"/>
        <HarvestTime value="2.786"/>
        <HarvestAmount value="5"/>
        <Flags index="RemoveWhenEmpty" value="1"/>
        <ReturnDelay value="0.5"/>
        <ExhaustedAlert value="ResourceExhausted_Mineral"/>
        <DepletionThreshold value="750"/>
        <DepletionVariationCount value="4"/>
        <CarryResourceBehavior value="CarryMineralFieldMinerals"/>
        <IdealHarvesterCount value="3"/>
    </CBehaviorResource>
    <CBehaviorResource id="MineralFieldMineralsOpaque900">
        <InfoFlags index="Hidden" value="1"/>
        <InfoIcon value="Assets\Textures\icon-mineral.dds"/>
        <Capacity value="900"/>
        <Contents value="900"/>
        <HarvestTime value="2.786"/>
        <HarvestAmount value="5"/>
        <Flags index="RemoveWhenEmpty" value="1"/>
        <ReturnDelay value="0.5"/>
        <ExhaustedAlert value="ResourceExhausted_Mineral"/>
        <DepletionThreshold value="750"/>
        <DepletionVariationCount value="4"/>
        <CarryResourceBehavior value="CarryMineralFieldMinerals"/>
        <IdealHarvesterCount value="3"/>
    </CBehaviorResource>
    <CBehaviorResource id="HighYieldMineralFieldMinerals">
        <InfoIcon value="Assets\Textures\icon-mineral.dds"/>
        <Capacity value="1500"/>
        <Contents value="1500"/>
        <HarvestTime value="2.786"/>
        <HarvestAmount value="7"/>
        <Flags index="RemoveWhenEmpty" value="1"/>
        <ReturnDelay value="0.5"/>
        <ExhaustedAlert value="ResourceExhausted_HighYieldMineral"/>
        <DepletionThreshold value="750"/>
        <DepletionVariationCount value="4"/>
        <InfoFlags index="Hidden" value="1"/>
        <IdealHarvesterCount value="3"/>
    </CBehaviorResource>
    <CBehaviorResource id="RawVespeneGeyserGas">
        <InfoIcon value="Assets\Textures\icon-gas.dds"/>
        <Capacity value="32000"/>
        <InfoFlags index="Hidden" value="1"/>
        <DepletionVariationCount value="4"/>
        <Contents value="2500"/>
        <HarvestAmount value="4"/>
    </CBehaviorResource>
    <CBehaviorResource id="RawRichVespeneGeyserGas">
        <InfoIcon value="Assets\Textures\icon-gas.dds"/>
        <Capacity value="32000"/>
        <InfoFlags index="Hidden" value="1"/>
        <DepletionVariationCount value="6"/>
        <Contents value="2500"/>
        <HarvestAmount value="6"/>
    </CBehaviorResource>
    <CBehaviorResource id="HarvestableVespeneGeyserGas">
        <InfoIcon value="Assets\Textures\icon-gas.dds"/>
        <Capacity value="32000"/>
        <HarvestTime value="1.981"/>
        <HarvestAmount value="4"/>
        <ExhaustedAlert value="ResourceExhausted_Vespene"/>
        <InfoFlags index="Hidden" value="1"/>
        <Flags index="HideHarvesters" value="1"/>
        <RequiredAlliance value="Control"/>
        <EditorCategories value="Race:Terran,AbilityorEffectType:Units"/>
        <IdealHarvesterCount value="3"/>
    </CBehaviorResource>
    <CBehaviorResource id="HarvestableVespeneGeyserGasProtoss">
        <InfoIcon value="Assets\Textures\icon-gas.dds"/>
        <Capacity value="2500"/>
        <HarvestTime value="1.981"/>
        <HarvestAmount value="4"/>
        <ExhaustedAlert value="ResourceExhausted_Vespene"/>
        <InfoFlags index="Hidden" value="1"/>
        <Flags index="HideHarvesters" value="1"/>
        <RequiredAlliance value="Control"/>
        <EditorCategories value="Race:Protoss,AbilityorEffectType:Units"/>
        <IdealHarvesterCount value="3"/>
    </CBehaviorResource>
    <CBehaviorResource id="HarvestableVespeneGeyserGasZerg">
        <InfoIcon value="Assets\Textures\icon-gas.dds"/>
        <Capacity value="2500"/>
        <HarvestTime value="1.981"/>
        <HarvestAmount value="4"/>
        <ExhaustedAlert value="ResourceExhausted_Vespene"/>
        <InfoFlags index="Hidden" value="1"/>
        <Flags index="HideHarvesters" value="1"/>
        <RequiredAlliance value="Control"/>
        <EditorCategories value="Race:Zerg,AbilityorEffectType:Units"/>
        <IdealHarvesterCount value="3"/>
    </CBehaviorResource>
    <CBehaviorJump id="ReaperJump">
        <EditorCategories value="Race:Terran,AbilityorEffectType:Units"/>
        <TriggerHeightDeltaMin value="1.5"/>
        <TriggerHeightDeltaMax value="4.5"/>
        <InitiateRangeUp value="1.5"/>
        <InitiateRangeDown value="0.5"/>
        <JumpRangeMax value="12"/>
        <Mover value="CliffJumper"/>
        <MoverUp value="ReaperJumpDown"/>
        <MoverDown value="ReaperJumpDown"/>
        <DurationPreLaunch value="0.05"/>
        <DurationPostLand value="0.075"/>
        <DurationMoveOut value="0.08"/>
        <Placeholder value="ReaperPlaceholder"/>
        <LandAdjustmentDown value="1"/>
        <LandArrivalRange value="0.05"/>
        <LandCheckRadius value="5"/>
        <InfoFlags index="Hidden" value="1"/>
    </CBehaviorJump>
    <CBehaviorBuff id="CarryMineralFieldMinerals">
        <InfoFlags index="Hidden" value="1"/>
    </CBehaviorBuff>
    <CBehaviorBuff id="CarryHighYieldMineralFieldMinerals">
        <InfoFlags index="Hidden" value="1"/>
    </CBehaviorBuff>
    <CBehaviorBuff id="CarryHarvestableVespeneGeyserGas">
        <InfoFlags index="Hidden" value="1"/>
        <EditorCategories value="Race:Terran,AbilityorEffectType:Units"/>
    </CBehaviorBuff>
    <CBehaviorBuff id="CarryHarvestableVespeneGeyserGasProtoss">
        <InfoFlags index="Hidden" value="1"/>
        <EditorCategories value="Race:Protoss,AbilityorEffectType:Units"/>
    </CBehaviorBuff>
    <CBehaviorBuff id="CarryHarvestableVespeneGeyserGasZerg">
        <InfoFlags index="Hidden" value="1"/>
        <EditorCategories value="Race:Zerg,AbilityorEffectType:Units"/>
    </CBehaviorBuff>
    <CBehaviorPowerSource id="PowerSource">
        <InfoIcon value="Assets\Textures\btn-building-protoss-pylon.dds"/>
        <EditorCategories value="Race:Protoss,AbilityorEffectType:Structures"/>
        <Radius value="7.5"/>
        <InfoFlags index="Hidden" value="1"/>
    </CBehaviorPowerSource>
    <CBehaviorPowerUser id="PowerUserQueue">
        <InfoIcon value="Assets\Textures\btn-building-protoss-pylon.dds"/>
        <EditorCategories value="Race:Protoss,AbilityorEffectType:Structures"/>
        <PowerLink value="PowerSource"/>
        <PlacementMinPowerLevel value="1"/>
        <InfoFlags index="Hidden" value="1"/>
        <PowerStageArray>
            <Modification>
                <ModifyFlags index="DisableAbils" value="1"/>
                <StateFlags index="SuppressDetection" value="1"/>
                <StateFlags index="SuppressThreat" value="1"/>
                <AbilLinkEnableArray value="BuildInProgress"/>
                <AbilLinkEnableArray value="Rally"/>
                <BehaviorLinkDisableArray value="Detector11"/>
                <SoundArray index="What" value="Protoss_PoweredDownWhatLarge"/>
            </Modification>
        </PowerStageArray>
        <PowerStageArray MinPowerLevel="1"/>
    </CBehaviorPowerUser>
    <CBehaviorPowerUser id="PowerUserWarpable">
        <InfoIcon value="Assets\Textures\btn-building-protoss-pylon.dds"/>
        <EditorCategories value="Race:Protoss,AbilityorEffectType:Units"/>
        <PowerLink value="PowerSource"/>
        <PlacementMinPowerLevel value="1"/>
        <PoweredWhileUnderConstruction value="1"/>
        <PowerStageArray/>
        <Alignment value="Positive"/>
        <Flags index="KillIfUnpowered" value="1"/>
    </CBehaviorPowerUser>
    <CBehaviorPowerUser id="PowerUserQueueSmall" parent="PowerUserQueue">
        <PowerStageArray index="0">
            <Modification>
                <ModifyFlags index="DisableAbils" value="1"/>
                <StateFlags index="SuppressDetection" value="1"/>
                <StateFlags index="SuppressThreat" value="1"/>
                <AbilLinkEnableArray index="0" value="BuildInProgress"/>
                <AbilLinkEnableArray index="1" value="Rally"/>
                <BehaviorLinkDisableArray index="0" value="Detector11"/>
                <SoundArray index="What" value="Protoss_PoweredDownWhatSmall"/>
                <DeathResponse>
                    <Cost>
                        <Charge Link="Behavior/PowerUserQueueSmall"/>
                        <Cooldown Link="Behavior/PowerUserQueueSmall"/>
                    </Cost>
                </DeathResponse>
            </Modification>
        </PowerStageArray>
        <Name value="Behavior/Name/PowerUserQueueSmall"/>
        <Tooltip value="Behavior/Tooltip/PowerUserQueueSmall"/>
    </CBehaviorPowerUser>
    <CBehaviorPowerUser id="PowerUserBaseDefenseSmall" parent="PowerUserQueue">
        <PowerStageArray index="0">
            <Modification>
                <ModifyFlags index="DisableAbils" value="1"/>
                <StateFlags index="SuppressDetection" value="1"/>
                <StateFlags index="SuppressThreat" value="1"/>
                <AbilLinkEnableArray index="0" value="BuildInProgress"/>
                <AbilLinkEnableArray index="1" value="Rally"/>
                <BehaviorLinkDisableArray index="0" value="Detector11"/>
                <SoundArray index="What" value="Protoss_PoweredDownWhatSmall"/>
                <DeathResponse>
                    <Cost>
                        <Charge Link="Behavior/PowerUserBaseDefenseSmall"/>
                        <Cooldown Link="Behavior/PowerUserBaseDefenseSmall"/>
                    </Cost>
                </DeathResponse>
            </Modification>
        </PowerStageArray>
        <Name value="Behavior/Name/PowerUserBaseDefenseSmall"/>
        <Tooltip value="Behavior/Tooltip/PowerUserBaseDefenseSmall"/>
    </CBehaviorPowerUser>
    <CBehaviorBuff id="Charging">
        <InfoIcon value="Assets\Textures\btn-ability-protoss-charge.dds"/>
        <EditorCategories value="Race:Protoss,AbilityorEffectType:Units"/>
        <Duration value="3.5"/>
        <Modification MoveSpeedMultiplier="2.2"/>
        <Alignment value="Positive"/>
        <BuffFlags index="Channeling" value="1"/>
        <RemoveValidatorArray value="ChargeTargetAttacked"/>
    </CBehaviorBuff>
    <CBehaviorBuff id="HardenedShield">
        <Alignment value="Positive"/>
        <InfoIcon value="Assets\Textures\BTN-Ability-Protoss-HardenedShields.dds"/>
        <EditorCategories value="Race:Protoss,AbilityorEffectType:Units"/>
        <Cost>
            <Cooldown Link="Immortal Shield"/>
        </Cost>
        <InfoFlags index="Hidden" value="1"/>
        <DisableValidatorArray value="CasterShieldsGE1"/>
        <DamageResponse ClampMaximum="10" Minimum="10">
            <Kind index="Spell" value="0"/>
            <Chance value="1"/>
        </DamageResponse>
    </CBehaviorBuff>
    <CBehaviorWander id="LarvaWander">
        <EditorCategories value="Race:Zerg,AbilityorEffectType:Units"/>
        <Leash value="1"/>
        <Range value="0.6"/>
        <Delay value="2"/>
    </CBehaviorWander>
    <CBehaviorSpawn id="SpawnLarva">
        <EditorCategories value="Race:Zerg,AbilityorEffectType:Structures"/>
        <InfoArray Unit="Larva" MaxCount="3" Delay="15"/>
        <InfoArray>
            <Unit value="Larva"/>
            <MaxCount value="19"/>
            <Requirements value="HatcherySpawnMutantLarva"/>
            <Delay value="0.25"/>
            <Effect value="LarvaRelease"/>
        </InfoArray>
        <Slop value="1"/>
        <InfoFlags index="Hidden" value="1"/>
        <Center value="0,-3"/>
        <Offset value="0,-3"/>
        <Offset value="1,-3"/>
        <Offset value="2,-3"/>
        <Offset value="3,-3"/>
        <Offset value="3,-2"/>
        <Offset value="3,-1"/>
        <Offset value="3,0"/>
        <Offset value="3,1"/>
        <Offset value="3,2"/>
        <Offset value="3,3"/>
        <Offset value="2,3"/>
        <Offset value="1,3"/>
        <Offset value="0,3"/>
        <Offset value="-1,3"/>
        <Offset value="-2,3"/>
        <Offset value="-3,3"/>
        <Offset value="-3,2"/>
        <Offset value="-3,1"/>
        <Offset value="-3,0"/>
        <Offset value="-3,-1"/>
        <Offset value="-3,-2"/>
        <Offset value="-3,-3"/>
        <Offset value="-2,-3"/>
        <Offset value="-1,-3"/>
        <Range value="1"/>
        <Limit value="19"/>
        <ConjoinedLink value="SpawnLarvaConjoined"/>
    </CBehaviorSpawn>
    <CBehaviorConjoined id="SpawnLarvaConjoined">
        <InfoFlags index="Hidden" value="1"/>
        <EditorCategories value="Race:Zerg,AbilityorEffectType:Structures"/>
        <ConjoinedFlags index="ShareLife" value="0"/>
        <ConjoinedFlags index="ShareAcquire" value="0"/>
        <ConjoinedFlags index="ShareSelect" value="1"/>
    </CBehaviorConjoined>
    <CBehaviorBuff id="WormholeTransitHeight">
        <InfoFlags index="Hidden" value="1"/>
        <EditorCategories value="Race:Protoss,AbilityorEffectType:Units"/>
        <Duration value="0.01"/>
        <Modification Height="3.75">
            <HeightTime index="Start" value="0.01"/>
            <HeightTime index="Stop" value="1"/>
        </Modification>
    </CBehaviorBuff>
    <CBehaviorCreepSource id="makeCreep4x4">
        <EditorCategories value="Race:Zerg,AbilityorEffectType:Structures"/>
        <Period value="0.8332"/>
        <Birth value="Footprint4x4CreepSourceStart"/>
        <Start value="Footprint4x4CreepSourceGrown"/>
        <Grown value="Footprint4x4CreepSourceGrown"/>
        <InfoFlags index="Hidden" value="1"/>
    </CBehaviorCreepSource>
    <CBehaviorCreepSource id="makeCreep8x6">
        <EditorCategories value="Race:Zerg,AbilityorEffectType:Structures"/>
        <Period value="0.8332"/>
        <Build value="Footprint8x6CreepSourceBuild"/>
        <Birth value="Footprint8x6CreepSourceStart"/>
        <Start value="Footprint8x6CreepSourceGrown"/>
        <Grown value="Footprint8x6CreepSourceGrown"/>
        <InfoFlags index="Hidden" value="1"/>
    </CBehaviorCreepSource>
    <CBehaviorCreepSource id="makeCreep2x2Overlord">
        <DisableValidatorArray value="CasterIsStationary"/>
        <DisableValidatorArray value="Pathable"/>
        <EditorCategories value="Race:Zerg,AbilityorEffectType:Structures"/>
        <Delay value="2"/>
        <Period value="1"/>
        <Birth value="Footprint2x2OverlordCreepSourceStart"/>
        <Start value="Footprint2x2OverlordCreepSourceStart"/>
        <Grown value="Footprint2x2OverlordCreepSourceGrown"/>
        <InfoFlags index="Hidden" value="1"/>
    </CBehaviorCreepSource>
    <CBehaviorBuff id="ReactorQueue">
        <EditorCategories value="Race:Terran,AbilityorEffectType:Structures"/>
        <Requirements value="HaveAttachedNuclearReactor"/>
        <InfoFlags index="Hidden" value="1"/>
        <Modification QueueCount="1" QueueSize="3"/>
    </CBehaviorBuff>
    <CBehaviorBuff id="BunkerWeaponRangeBonus">
        <EditorCategories value="Race:Terran,AbilityorEffectType:Structures"/>
        <InfoFlags index="Hidden" value="1"/>
        <Modification WeaponRange="1">
            <AbilLinkEnableArray value="Stimpack"/>
            <AbilLinkEnableArray value="heal"/>
            <AbilLinkEnableArray value="stop"/>
            <AbilLinkEnableArray value="HoldFire"/>
            <WeaponDisableArray value="FusionCutter"/>
        </Modification>
    </CBehaviorBuff>
    <CBehaviorBuff id="BarracksReactor">
        <EditorCategories value="Race:Terran,AbilityorEffectType:Structures"/>
        <InfoFlags index="Hidden" value="1"/>
    </CBehaviorBuff>
    <CBehaviorBuff id="FactoryReactor">
        <EditorCategories value="Race:Terran,AbilityorEffectType:Structures"/>
        <InfoFlags index="Hidden" value="1"/>
    </CBehaviorBuff>
    <CBehaviorBuff id="StarportReactor">
        <EditorCategories value="Race:Terran,AbilityorEffectType:Structures"/>
        <InfoFlags index="Hidden" value="1"/>
    </CBehaviorBuff>
    <CBehaviorBuff id="BarracksTechLab">
        <EditorCategories value="Race:Terran,AbilityorEffectType:Structures"/>
        <InfoFlags index="Hidden" value="1"/>
    </CBehaviorBuff>
    <CBehaviorBuff id="FactoryTechLab">
        <EditorCategories value="Race:Terran,AbilityorEffectType:Structures"/>
        <InfoFlags index="Hidden" value="1"/>
    </CBehaviorBuff>
    <CBehaviorBuff id="StarportTechLab">
        <EditorCategories value="Race:Terran,AbilityorEffectType:Structures"/>
        <InfoFlags index="Hidden" value="1"/>
    </CBehaviorBuff>
    <CBehaviorBuff id="SensorTowerRadar">
        <BuffFlags index="DisableWhileUnderConstruction" value="1"/>
        <InfoIcon value="Assets\Textures\btn-status-radar.dds"/>
        <EditorCategories value="Race:Terran,AbilityorEffectType:Structures"/>
        <Modification Radar="30" RadarFilters="-;Neutral,RawResource,HarvestableResource,Missile,Destructible,Buried,Cloaked"/>
        <Alignment value="Positive"/>
        <InfoFlags index="Hidden" value="1"/>
    </CBehaviorBuff>
    <CBehaviorBuff id="Immobilize">
        <EditorCategories value="Race:Protoss,AbilityorEffectType:Units"/>
        <InfoFlags index="Hidden" value="1"/>
        <Modification>
            <ModifyFlags index="SuppressMoving" value="1"/>
            <ModifyFlags index="SuppressTurning" value="1"/>
            <AbilClassDisableArray index="CAbilMove" value="1"/>
            <AbilClassDisableArray index="CAbilStop" value="1"/>
            <AbilLinkDisableArray value="RecallPhasePrism"/>
        </Modification>
    </CBehaviorBuff>
    <CBehaviorBuff id="BanelingExplode">
        <Alignment value="Positive"/>
        <EditorCategories value="Race:Zerg,AbilityorEffectType:Units"/>
        <InfoFlags index="Hidden" value="1"/>
        <Modification>
            <DeathResponse Chance="1" Effect="VolatileBurst"/>
        </Modification>
        <AINotifyEffect value="VolatileBurstU"/>
    </CBehaviorBuff>
    <CBehaviorBuff id="AIDangerBuff">
        <AINotifyEffect value="AIDangerDamageSmall"/>
    </CBehaviorBuff>
    <!-- Cant parent from TimedLife due to the morph applying the InfestedTerranTimedLife behavior,
        as the TimedLife parent would use <KillCredit Value="Caster"/> which sets kill credit to the egg -->
    <CBehaviorBuff id="InfestedTerranTimedLife">
        <Tooltip value="Behavior/Tooltip/BroodlingFate"/>
        <InfoFlags index="Hidden" value="1"/>
        <InfoIcon value="Assets\Textures\btn-ability-zerg-explode.dds"/>
        <EditorCategories value="Race:Zerg,AbilityorEffectType:Units"/>
        <Duration value="20"/>
        <DurationRandomMax value="0.5"/>
        <DisplayDuration index="Self" value="1"/>
        <DisplayDuration index="Ally" value="1"/>
        <ExpireEffect value="TimedLifeFate"/>
        <Modification>
            <StateFlags index="Summoned" value="1"/>
        </Modification>
    </CBehaviorBuff>
    <CBehaviorBuff id="Detector10" parent="Detector">
        <InfoIcon value="Assets\Textures\btn-status-detector.dds"/>
        <Modification Detect="10"/>
        <Alignment value="Positive"/>
        <InfoFlags index="Hidden" value="1"/>
    </CBehaviorBuff>
    <CBehaviorBuff id="Detector11" parent="Detector">
        <InfoIcon value="Assets\Textures\btn-status-detector.dds"/>
        <Modification Detect="11"/>
        <Alignment value="Positive"/>
        <InfoFlags index="Hidden" value="1"/>
    </CBehaviorBuff>
    <CBehaviorBuff id="Detector12" parent="Detector">
        <InfoIcon value="Assets\Textures\btn-status-detector.dds"/>
        <Modification Detect="12"/>
        <Alignment value="Positive"/>
        <InfoFlags index="Hidden" value="1"/>
    </CBehaviorBuff>
    <CBehaviorBuff id="Detector20" parent="Detector">
        <Alignment value="Positive"/>
        <InfoFlags index="Hidden" value="1"/>
        <InfoIcon value="Assets\Textures\btn-status-detector.dds"/>
        <Modification Detect="20"/>
    </CBehaviorBuff>
    <CBehaviorBuff id="ForceFieldFate" parent="TimedLife">
        <EditorCategories value="Race:Protoss,AbilityorEffectType:Units"/>
        <Duration value="15"/>
    </CBehaviorBuff>
    <CBehaviorBuff id="SalvageShared" parent="Salvage">
        <Name value="Behavior/Name/SalvageShared"/>
    </CBehaviorBuff>
    <CBehaviorBuff id="SalvageBunker" parent="Salvage">
        <Name value="Behavior/Name/SalvageBunker"/>
    </CBehaviorBuff>
    <CBehaviorBuff id="VortexBehavior">
        <InfoIcon value="Assets\Textures\btn-ability-protoss-blackhole.dds"/>
        <EditorCategories value="Race:Protoss,AbilityorEffectType:Units"/>
        <Replace value="FarthestDistance"/>
        <ReplaceLocation Effect="VortexCreatePersistentInitial" Value="TargetPoint"/>
        <Modification MoveSpeedMinimum="2">
            <ModifyFlags index="DisableAbils" value="1"/>
            <ModifyFlags index="Detected" value="1"/>
            <StateFlags index="Invulnerable" value="1"/>
            <StateFlags index="Stasis" value="1"/>
            <StateFlags index="SuppressAttack" value="1"/>
            <StateFlags index="SuppressCloak" value="1"/>
            <StateFlags index="SuppressCollision" value="1"/>
            <StateFlags index="SuppressDetection" value="1"/>
            <StateFlags index="SuppressPassenger" value="1"/>
            <StateFlags index="SuppressLifeRegen" value="1"/>
            <StateFlags index="SuppressShieldsRegen" value="1"/>
            <StateFlags index="SuppressEnergyRegen" value="1"/>
            <StateFlags index="Uncommandable" value="1"/>
            <StateFlags index="Unselectable" value="1"/>
            <StateFlags index="Untargetable" value="1"/>
            <AbilClassEnableArray index="CAbilMorph" value="1"/>
            <AbilLinkEnableArray value="BroodLordQueue2"/>
            <AbilLinkEnableArray value="BroodLordHangar"/>
            <AbilLinkDisableArray value="MorphToOverseer"/>
            <AbilLinkDisableArray value="MorphToBroodLord"/>
            <BehaviorClassDisableArray index="CBehaviorPowerSource" value="1"/>
            <BehaviorLinkEnableArray value="ReaperJump"/>
            <BehaviorLinkDisableArray value="CloakField"/>
        </Modification>
        <Alignment value="Negative"/>
        <Duration value="0.125"/>
        <InitialEffect value="VortexForce"/>
        <RefreshEffect value="VortexForce"/>
        <ExpireEffect value="PhaseShiftSet"/>
    </CBehaviorBuff>
    <CBehaviorBuff id="VortexBehaviorEnemy" parent="VortexBehavior"/>
    <CBehaviorBuff id="VortexEventHorizon">
        <InfoFlags index="Hidden" value="1"/>
        <InfoIcon value="Assets\Textures\btn-ability-protoss-blackhole.dds"/>
        <EditorCategories value="Race:Protoss,AbilityorEffectType:Units"/>
        <Replace value="FarthestDistance"/>
        <ReplaceLocation Effect="VortexCreatePersistentInitial" Value="TargetPoint"/>
        <Modification>
            <ModifyFlags index="Warpable" value="1"/>
        </Modification>
        <Duration value="0.125"/>
    </CBehaviorBuff>
    <CBehaviorBuff id="OnCreep">
        <EditorCategories value="Race:Zerg,AbilityorEffectType:Units"/>
        <InfoFlags index="Hidden" value="1"/>
        <DisableValidatorArray value="OnCreep"/>
    </CBehaviorBuff>
    <CBehaviorBuff id="Slow">
        <Alignment value="Negative"/>
        <InfoIcon value="Assets\Textures\btn-ability-terran-slow.dds"/>
        <EditorCategories value="Race:Terran,AbilityorEffectType:Units"/>
        <Duration value="1.5"/>
        <Modification MoveSpeedMultiplier="0.5"/>
    </CBehaviorBuff>
    <CBehaviorBuff id="ZergBuildingNotOnCreep">
        <EditorCategories value="Race:Zerg,AbilityorEffectType:Structures"/>
        <InfoFlags index="Hidden" value="1"/>
        <Requirements value="NotOnCreep"/>
        <Period value="0.3332"/>
        <PeriodicEffect value="ZergBuildingNotOnCreepDamage"/>
    </CBehaviorBuff>
    <CBehaviorBuff id="ZergBuildingDies6">
        <EditorCategories value="Race:Zerg,AbilityorEffectType:Units"/>
        <InfoFlags index="Hidden" value="1"/>
        <BuffFlags index="DisableWhileUnderConstruction" value="1"/>
        <Modification>
            <DeathResponse Chance="1" Effect="ZergBuildingSpawnBroodling6Delay"/>
        </Modification>
    </CBehaviorBuff>
    <CBehaviorBuff id="ZergBuildingDies9">
        <EditorCategories value="Race:Zerg,AbilityorEffectType:Units"/>
        <InfoFlags index="Hidden" value="1"/>
        <BuffFlags index="DisableWhileUnderConstruction" value="1"/>
        <Modification>
            <DeathResponse Chance="1" Effect="ZergBuildingSpawnBroodling9Delay"/>
        </Modification>
    </CBehaviorBuff>
    <CBehaviorBuff id="Hallucination">
        <EditorCategories value="Race:Protoss,AbilityorEffectType:Units"/>
        <BehaviorFlags index="Permanent" value="1"/>
        <InfoFlags index="Hidden" value="1"/>
        <DamageResponse ModifyFraction="2">
            <Chance value="1"/>
        </DamageResponse>
        <Modification LifeArmorMultiplier="0" ShieldArmorMultiplier="0" SubgroupPriority="-100">
            <ModifyFlags index="DisableAbils" value="1"/>
            <ModifyFlags index="EnableAttack" value="1"/>
            <ModifyFlags index="EnableMove" value="1"/>
            <ModifyFlags index="HideChangeUI" value="1"/>
            <StateFlags index="Hallucination" value="1"/>
            <StateFlags index="SuppressCombat" value="1"/>
            <StateFlags index="SuppressDetection" value="1"/>
            <StateFlags index="SuppressRadar" value="1"/>
            <DamageDealtMaximum index="Spell" value="0"/>
            <DamageDealtMaximum index="Melee" value="0"/>
            <DamageDealtMaximum index="Ranged" value="0"/>
            <DamageDealtMaximum index="Splash" value="0"/>
            <AbilClassEnableArray index="CAbilMorph" value="1"/>
            <AbilClassEnableArray index="CAbilMorphPlacement" value="1"/>
            <AbilClassEnableArray index="CAbilStop" value="1"/>
            <AbilLinkDisableArray value="MorphZerglingToBaneling"/>
            <AbilLinkDisableArray value="DevourerAspect"/>
            <AbilLinkDisableArray value="MorphToBroodLord"/>
            <AbilLinkDisableArray value="LurkerAspect"/>
            <AbilLinkDisableArray value="MorphToOverseer"/>
            <AbilLinkDisableArray value="MorphQueen2"/>
            <AbilLinkDisableArray value="MorphQueen3"/>
            <AbilLinkDisableArray value="ThorCrippled"/>
            <AbilLinkDisableArray value="ThorUncrippled"/>
            <AbilLinkDisableArray value="PhasingMode"/>
        </Modification>
    </CBehaviorBuff>
    <CBehaviorBuff id="HallucinationTimedLife">
        <EditorCategories value="Race:Protoss,AbilityorEffectType:Units"/>
        <Duration value="60"/>
        <ExpireEffect value="KillHallucination"/>
        <InfoFlags index="Hidden" value="1"/>
        <DisplayDuration index="Self" value="1"/>
        <Modification>
            <StateFlags index="SuppressPassenger" value="1"/>
        </Modification>
    </CBehaviorBuff>
    <CBehaviorBuff id="TerranBuildingBurnDown">
        <EditorCategories value="Race:Terran,AbilityorEffectType:Structures"/>
        <InfoFlags index="Hidden" value="1"/>
        <DisableValidatorArray value="BurnDownFire"/>
        <Period value="0.3332"/>
        <PeriodicEffect value="BurndownDamage"/>
    </CBehaviorBuff>
    <CBehaviorBuff id="TemporalRiftUnit">
        <Alignment value="Negative"/>
        <InfoIcon value="Assets\Textures\BTN-Ability-Protoss-TimeBomb.dds"/>
        <EditorCategories value="Race:Protoss,AbilityorEffectType:Units"/>
        <Duration value="0.125"/>
        <TimeScaleSource Value="Global"/>
        <Modification TimeScale="0.3332"/>
        <BehaviorCategories index="Slow" value="1"/>
    </CBehaviorBuff>
    <CBehaviorClickResponse id="CritterExplode">
        <InfoFlags index="Hidden" value="1"/>
        <Count value="30"/>
        <CountDelay value="0.5"/>
        <CountEffect value="Suicide"/>
    </CBehaviorClickResponse>
    <CBehaviorClickResponse id="CritterBurrow">
        <InfoFlags index="Hidden" value="1"/>
        <Count value="10"/>
        <CountDelay value="0.5"/>
        <CountEffect value="CritterBurrowDown"/>
        <ResetDelay value="60"/>
        <ResetEffect value="CritterBurrowUp"/>
    </CBehaviorClickResponse>
    <CBehaviorBuff id="BroodlingAttackDelay">
        <InfoFlags index="Hidden" value="1"/>
        <EditorCategories value="Race:Zerg,AbilityorEffectType:Units"/>
        <Duration value="0.5"/>
        <Modification>
            <AbilLinkDisableArray value="attack"/>
        </Modification>
    </CBehaviorBuff>
    <CBehaviorBuff id="WarpInEffect">
        <InfoFlags index="Hidden" value="1"/>
        <Duration value="2"/>
        <EditorCategories value="Race:Protoss,AbilityorEffectType:Units"/>
    </CBehaviorBuff>
    <CBehaviorBuff id="WarpInEffect15">
        <InfoFlags index="Hidden" value="1"/>
        <Duration value="1.5"/>
        <EditorCategories value="Race:Protoss,AbilityorEffectType:Units"/>
    </CBehaviorBuff>
    <CBehaviorBuff id="MultiKillObjectTimedLife" parent="TimedLife">
        <EditorCategories value="Race:Terran,AbilityorEffectType:Units"/>
        <DisplayDuration index="Self" value="0"/>
        <DisplayDuration index="Ally" value="0"/>
        <Duration value="1"/>
    </CBehaviorBuff>
    <CBehaviorBuff id="SheepBusy">
        <Duration value="5"/>
    </CBehaviorBuff>
    <CBehaviorBuff id="RepulserField6">
        <InfoFlags index="Hidden" value="1"/>
        <Period value="0.0625"/>
        <InitialEffect value="RepulserField6SearchArea"/>
        <PeriodicEffect value="RepulserField6SearchArea"/>
    </CBehaviorBuff>
    <CBehaviorBuff id="RepulserField8">
        <InfoFlags index="Hidden" value="1"/>
        <Period value="0.0625"/>
        <InitialEffect value="RepulserField8SearchArea"/>
        <PeriodicEffect value="RepulserField8SearchArea"/>
    </CBehaviorBuff>
    <CBehaviorBuff id="RepulserField10">
        <InfoFlags index="Hidden" value="1"/>
        <Period value="0.0625"/>
        <InitialEffect value="RepulserField10SearchArea"/>
        <PeriodicEffect value="RepulserField10SearchArea"/>
    </CBehaviorBuff>
    <CBehaviorBuff id="RepulserField12">
        <InfoFlags index="Hidden" value="1"/>
        <Period value="0.0625"/>
        <InitialEffect value="RepulserField12SearchArea"/>
        <PeriodicEffect value="RepulserField12SearchArea"/>
    </CBehaviorBuff>
    <CBehaviorBuff id="Frenzy">
        <Alignment value="Positive"/>
        <InfoIcon value="Assets\Textures\btn-ability-zerg-creepmove.dds"/>
        <EditorCategories value="Race:Zerg,AbilityorEffectType:Units"/>
        <InfoFlags index="Hidden" value="1"/>
    </CBehaviorBuff>
    <CBehaviorBuff id="TransportDummy">
        <InfoFlags index="Hidden" value="1"/>
    </CBehaviorBuff>
    <CBehaviorBuff id="CCTransportDummy">
        <InfoFlags index="Hidden" value="1"/>
    </CBehaviorBuff>
    <CBehaviorBuff id="Contaminated">
        <DisplayDuration index="Self" value="1"/>
        <DisplayDuration index="Ally" value="1"/>
        <DisplayDuration index="Enemy" value="1"/>
        <Alignment value="Negative"/>
        <EditorCategories value="Race:Zerg,AbilityorEffectType:Units"/>
        <Modification>
            <AbilClassDisableArray index="CAbilQueue" value="1"/>
            <AbilClassDisableArray index="CAbilResearch" value="1"/>
            <AbilClassDisableArray index="CAbilTrain" value="1"/>
            <AbilClassDisableArray index="CAbilWarpTrain" value="1"/>
            <BehaviorLinkDisableArray value="SpawnLarva"/>
            <BehaviorLinkDisableArray value="QueenSpawnLarvaTimer"/>
        </Modification>
        <InfoIcon value="Assets\Textures\btn-ability-zerg-fungalgrowth.dds"/>
        <Duration value="30"/>
        <TimeScaleSource Value="Global"/>
    </CBehaviorBuff>
    <CBehaviorBuff id="NeuralParasiteDrone">
        <Alignment value="Negative"/>
        <InfoFlags index="Hidden" value="1"/>
        <InfoIcon value="Assets\Textures\BTN-Ability-Zerg-NeuralParasite.dds"/>
        <EditorCategories value="Race:Zerg,AbilityorEffectType:Units"/>
        <Player Value="Caster"/>
        <AcquirePlayer Effect="NeuralParasiteLaunchMissile" Value="Target"/>
        <Modification>
            <StateFlags index="SuppressPassenger" value="1"/>
            <AbilClassDisableArray index="CAbilSpecialize" value="1"/>
            <AbilClassDisableArray index="CAbilTransport" value="1"/>
            <AbilLinkDisableArray value="ArchonWarp"/>
        </Modification>
        <Period value="0.0625"/>
        <PeriodicEffect value="NeuralParasiteDroneRemoveCheck"/>
    </CBehaviorBuff>
    <CBehaviorBuff id="ForceLowDeath">
        <InfoFlags index="Hidden" value="1"/>
    </CBehaviorBuff>
    <CBehaviorBuff id="SightReduction">
        <InfoFlags index="Hidden" value="1"/>
        <Modification SightBonus="-1"/>
        <MaxStackCount value="10"/>
        <Duration value="600"/>
    </CBehaviorBuff>
    <CBehaviorBuff id="UnitKnockback">
        <InfoFlags index="Hidden" value="1"/>
        <EditorCategories value="Race:Zerg,AbilityorEffectType:Units"/>
        <Duration value="2"/>
    </CBehaviorBuff>
    <CBehaviorBuff id="PrecursorUnitKnockback">
        <InfoFlags index="Hidden" value="1"/>
        <Duration value="0.5"/>
        <Modification>
            <ModifyFlags index="DisableAbils" value="1"/>
            <ModifyFlags index="SuppressMoving" value="1"/>
            <ModifyFlags index="SuppressTurning" value="1"/>
            <StateFlags index="Invulnerable" value="1"/>
            <StateFlags index="SuppressCollision" value="1"/>
            <StateFlags index="NoDraw" value="1"/>
            <StateFlags index="Uncommandable" value="1"/>
            <StateFlags index="Unselectable" value="1"/>
            <StateFlags index="Untargetable" value="1"/>
        </Modification>
        <FinalEffect value="SuicideRemove"/>
    </CBehaviorBuff>
    <CBehaviorBuff id="TimeScaleConversionBehavior">
        <EditorCategories value="Race:Terran,AbilityorEffectType:Units"/>
        <Duration value="1"/>
    </CBehaviorBuff>
    <CBehaviorResource id="MineralFieldMinerals450">
        <InfoFlags index="Hidden" value="1"/>
        <InfoIcon value="Assets\Textures\icon-mineral.dds"/>
        <Capacity value="450"/>
        <Contents value="450"/>
        <HarvestTime value="2.786"/>
        <HarvestAmount value="5"/>
        <Flags index="RemoveWhenEmpty" value="1"/>
        <ReturnDelay value="0.5"/>
        <ExhaustedAlert value="ResourceExhausted_Mineral"/>
        <DepletionThreshold value="750"/>
        <DepletionVariationCount value="4"/>
        <CarryResourceBehavior value="CarryMineralFieldMinerals"/>
        <IdealHarvesterCount value="3"/>
    </CBehaviorResource>
    <CBehaviorResource id="MineralFieldMinerals750">
        <InfoFlags index="Hidden" value="1"/>
        <InfoIcon value="Assets\Textures\icon-mineral.dds"/>
        <Capacity value="1500"/>
        <Contents value="1500"/>
        <HarvestTime value="2.786"/>
        <HarvestAmount value="5"/>
        <Flags index="RemoveWhenEmpty" value="1"/>
        <ReturnDelay value="0.5"/>
        <ExhaustedAlert value="ResourceExhausted_Mineral"/>
        <DepletionThreshold value="750"/>
        <DepletionVariationCount value="4"/>
        <CarryResourceBehavior value="CarryMineralFieldMinerals"/>
        <IdealHarvesterCount value="3"/>
    </CBehaviorResource>
    <CBehaviorResource id="HighYieldMineralFieldMinerals750">
        <InfoFlags index="Hidden" value="1"/>
        <InfoIcon value="Assets\Textures\icon-mineral.dds"/>
        <Capacity value="1500"/>
        <Contents value="1500"/>
        <HarvestTime value="2.786"/>
        <HarvestAmount value="7"/>
        <Flags index="RemoveWhenEmpty" value="1"/>
        <ReturnDelay value="0.5"/>
        <ExhaustedAlert value="ResourceExhausted_HighYieldMineral"/>
        <DepletionThreshold value="750"/>
        <DepletionVariationCount value="4"/>
        <CarryResourceBehavior value="CarryHighYieldMineralFieldMinerals"/>
        <IdealHarvesterCount value="3"/>
    </CBehaviorResource>
    <CBehaviorBuff id="Uncommandable">
        <InfoFlags index="Hidden" value="1"/>
        <Modification>
            <StateFlags index="Uncommandable" value="1"/>
        </Modification>
    </CBehaviorBuff>
</Catalog>
