<?xml version="1.0" encoding="utf-8"?>
<Catalog>
    <CCharacter id="AbathurAnnouncer">
        <Race value="Zerg"/>
        <Voice value="NaturalSoft Graham"/>
        <Color value="255,0,128,64"/>
    </CCharacter>
    <CCharacter id="Alarak">
        <Age value="50"/>
        <Image value="Assets\Textures\alarakportrait_static.dds"/>
        <Voice value="NaturalSoft Ryan"/>
        <Color value="255,0,128,128"/>
    </CCharacter>
    <CCharacter id="ArtanisUI">
        <Variations Model="GlueProtossArtanis">
            <DefaultCategories value="Default"/>
        </Variations>
    </CCharacter>
    <CCharacter id="BelshirScientist">
        <Age value="27"/>
        <Race value="Terran"/>
        <Image value="Assets\Textures\stetmannportrait_static.dds"/>
        <Voice value="NaturalSoft Graham"/>
        <Color value="255,128,0,128"/>
    </CCharacter>
    <CCharacter id="Jeon"/>
    <CCharacter id="Kim"/>
    <CCharacter id="MengskCommander">
        <Color value="255,179,0,0"/>
    </CCharacter>
    <CCharacter id="StetmannCommander">
        <Age value="37"/>
        <Race value="Terran"/>
        <Image value="Assets\Textures\stetmann_portrait_static.dds"/>
        <Voice value="NaturalSoft Graham"/>
        <Color value="255,140,140,140"/>
    </CCharacter>
    <CCharacter id="Day9"/>
    <CCharacter id="Dehaka">
        <Voice value="NaturalSoft Graham"/>
        <Color value="255,0,128,192"/>
        <Race value="Zerg"/>
        <Image value="Assets\Textures\SMX1_PrimalZergCommanderT1Portrait_Static.dds"/>
        <Variations Name="Character/Name/Dehaka/Var1" Model="DehakaCoopPortrait" Actor="DehakaCoopPortrait">
            <DefaultCategories value="ConversationType:Mission"/>
            <DefaultCategories value="ConversationType:Briefing"/>
        </Variations>
    </CCharacter>
    <CCharacter id="Dva">
        <Age value="19"/>
        <Gender value="Female"/>
        <Race value="Terran"/>
    </CCharacter>
    <!--VO for multiplayer female ghost skin-->
    <CCharacter id="GhostFemale">
        <Age value="27"/>
        <Gender value="Female"/>
        <Race value="Terran"/>
        <Image value="Assets\Textures\ghostportrait_static.dds"/>
        <Variations Model="GhostAlternatePortrait">
            <DefaultCategories value="Default"/>
        </Variations>
    </CCharacter>
    <CCharacter id="Horner">
        <Color value="255,0,0,255"/>
    </CCharacter>
    <CCharacter id="KerriganSSF">
        <Color value="255,128,0,128"/>
    </CCharacter>
    <CCharacter id="KerriganUI">
        <Variations Model="GlueKerriganInfestedWithLight">
            <DefaultCategories value="Default"/>
        </Variations>
    </CCharacter>
    <CCharacter id="LockwellSSF">
        <Color value="255,0,179,179"/>
    </CCharacter>
    <CCharacter id="MengskSSF">
        <Color value="255,179,0,0"/>
    </CCharacter>
    <CCharacter id="Narrator"/>
    <CCharacter id="Nathanias"/>
    <CCharacter id="NovaAnnouncer">
        <Voice value="NaturalVoice Kate"/>
        <Color value="255,0,151,151"/>
    </CCharacter>
    <CCharacter id="Park"/>
    <CCharacter id="ProtossAICommand">
        <Voice value="ATT Rich"/>
        <Color value="255,255,0,255"/>
    </CCharacter>
    <CCharacter id="ProtossAICommand2"/>
    <CCharacter id="RaynorAnnouncer">
        <Voice value="ATT Mel"/>
        <Color value="255,0,0,255"/>
    </CCharacter>
    <CCharacter id="RaynorSSF">
        <Color value="255,0,0,255"/>
    </CCharacter>
    <CCharacter id="RaynorUI">
        <Variations Model="GlueRaynorMarine">
            <DefaultCategories value="Default"/>
        </Variations>
    </CCharacter>
    <CCharacter id="StoneAnnouncer">
        <Voice value="NaturalSoft Graham"/>
        <Color value="255,0,0,160"/>
    </CCharacter>
    <CCharacter id="TassadarAnnouncer">
        <Voice value="ATT Mike"/>
        <Color value="255,255,128,0"/>
    </CCharacter>
    <CCharacter id="Tastosis"/>
    <CCharacter id="TerranAdjutant">
        <Age value="30"/>
        <Gender value="Female"/>
        <Race value="Terran"/>
        <Relevance value="Minor"/>
        <Color value="255,39,88,18"/>
        <Variations Model="AdjutantPortrait_L">
            <DefaultCategories value="Default"/>
        </Variations>
    </CCharacter>
    <CCharacter id="TerranAICommand">
        <Race value="Terran"/>
        <Voice value="ATT Mel"/>
        <Color value="255,255,0,255"/>
    </CCharacter>
    <CCharacter id="TerranAICommand2"/>
    <CCharacter id="TotalBiscuit">
        <Age value="32"/>
        <Race value="Unknown"/>
    </CCharacter>
    <CCharacter id="Alex007">
        <Race value="Unknown"/>
    </CCharacter>
    <CCharacter id="WhiteRa">
        <Race value="Unknown"/>
    </CCharacter>
    <CCharacter id="TychusAnnouncer">
        <Color value="255,0,0,160"/>
    </CCharacter>
    <CCharacter id="Um"/>
    <CCharacter id="UmJeonKimTrio"/>
    <CCharacter id="ZeratulAnnouncer"/>
    <CCharacter id="ZeratulUI">
        <Variations Model="GlueZeratul">
            <DefaultCategories value="Default"/>
        </Variations>
    </CCharacter>
    <CCharacter id="ZergAICommand">
        <Gender value="Female"/>
        <Race value="Zerg"/>
        <Voice value="NaturalVoice Kate"/>
        <Color value="255,255,0,255"/>
    </CCharacter>
    <CCharacter id="ZergAICommand2"/>
    <CCharacter id="Nova">
        <Age value="21"/>
        <Gender value="Female"/>
        <Race value="Terran"/>
        <Image value="Assets\Textures\novaportrait_static.dds"/>
        <Voice value="NaturalSoft Heather"/>
        <Pitch value="3"/>
        <Color value="255,0,128,0"/>
        <Variations Name="Character/Name/Nova/Var1" Model="SMX3_NovaPortrait" Actor="SMX3_NovaPortrait">
            <DefaultCategories value="ConversationType:Mission"/>
            <DefaultCategories value="ConversationType:Briefing"/>
        </Variations>
    </CCharacter>
    <CCharacter id="ACScientist">
        <Image value="Assets\Textures\scientist1portrait_static.dds"/>
        <Voice value="ATT Mike"/>
        <Variations Model="Scientist1Portrait">
            <DefaultCategories value="Default"/>
        </Variations>
        <Race value="Terran"/>
        <Age value="50"/>
    </CCharacter>
    <CCharacter id="Abathur">
        <Race value="Zerg"/>
        <Image value="Assets\Textures\smx1_evolutionmaster_static.dds"/>
        <Voice value="NaturalSoft Peter"/>
        <Color value="255,0,128,0"/>
        <Variations Model="AbathurPortraitEx3"/>
    </CCharacter>
    <CCharacter id="Artanis">
        <Image value="Assets\Textures\artanisportrait_static.dds"/>
        <Color value="255,0,159,159"/>
        <Variations Model="ArtanisEx2Portrait" Actor="ArtanisEx2Portrait">
            <DefaultCategories value="Default"/>
            <DefaultCategories value="ConversationType:Mission"/>
            <DefaultCategories value="ConversationType:UnitVO"/>
            <DefaultCategories value="ConversationType:Pitch"/>
        </Variations>
    </CCharacter>
    <CCharacter id="DominionOfficer">
        <Voice value="NaturalSoft Peter"/>
        <Variations Model="DominionOfficer1Portrait">
            <DefaultCategories value="Default"/>
        </Variations>
        <Age value="30"/>
    </CCharacter>
    <CCharacter id="Hill">
        <Age value="35"/>
        <Race value="Terran"/>
        <Image value="Assets\Textures\hillportrait_static.dds"/>
        <Voice value="ATT Mike"/>
        <Variations Model="HillPortrait">
            <DefaultCategories value="Default"/>
        </Variations>
    </CCharacter>
    <CCharacter id="Izsha">
        <Gender value="Female"/>
        <Race value="Zerg"/>
        <Color value="255,0,89,89"/>
        <Variations Model="ZergAdjutantPortrait" Actor="ZergAdjutantPortrait">
            <DefaultCategories value="Default"/>
        </Variations>
    </CCharacter>
    <CCharacter id="Karax">
        <Image value="Assets\Textures\karaxbraidsportrait_static.dds"/>
        <Voice value="NaturalSoft Peter"/>
        <Color value="255,159,80,0"/>
        <Variations Model="KaraxEx2RoboticCordsPortrait" Actor="KaraxEx2RoboticCordsPortrait">
            <DefaultCategories value="Default"/>
        </Variations>
    </CCharacter>
    <CCharacter id="Kerrigan">
        <Color value="255,128,0,128"/>
        <Variations Model="KerriganPrimalPortrait" Actor="KerriganPrimalPortrait">
            <DefaultCategories value="Default"/>
        </Variations>
        <Race value="Zerg"/>
    </CCharacter>
    <CCharacter id="Raynor">
        <Voice value="ATT Mike"/>
        <Color value="255,0,0,160"/>
        <Variations Model="RaynorCommanderPortrait"/>
    </CCharacter>
    <CCharacter id="Selendis">
        <Gender value="Female"/>
        <Image value="Assets\Textures\selendisportrait_static.dds"/>
        <Variations Model="SelendisEx2Portrait" Actor="SelendisEx2Portrait"/>
        <Color value="255,128,128,64"/>
    </CCharacter>
    <CCharacter id="SgtHammer">
        <Image value="Assets\Textures\liberatorportrait_static.dds"/>
        <Voice value="NaturalVoice Kate"/>
        <Variations Model="AC_SgtHammer_Portrait">
            <DefaultCategories value="Default"/>
        </Variations>
        <Gender value="Female"/>
        <Race value="Terran"/>
    </CCharacter>
    <CCharacter id="ShakurasAlly">
        <Image value="Assets\Textures\rohannabaldportrait_static.dds"/>
        <Voice value="NaturalSoft Graham"/>
        <Color value="255,89,0,89"/>
        <Variations Model="RohanaEx2Portrait" Actor="RohanaEx2Portrait">
            <DefaultCategories value="Default"/>
        </Variations>
        <Gender value="Female"/>
    </CCharacter>
    <CCharacter id="Swann">
        <Color value="255,187,61,0"/>
        <Variations Model="SwannPortrait">
            <DefaultCategories value="Default"/>
        </Variations>
    </CCharacter>
    <CCharacter id="TDChampion">
        <Age value="45"/>
        <Gender value="Female"/>
        <Image value="Assets\Textures\jinaraportrait_static.dds"/>
        <Color value="255,128,0,64"/>
        <Variations Name="Character/Name/TDChampion" Model="Jinara_Portrait">
            <DefaultCategories value="Default"/>
        </Variations>
    </CCharacter>
    <CCharacter id="Vermillion">
        <Age value="40"/>
        <Race value="Terran"/>
        <Voice value="ATT Mike"/>
        <Color value="255,0,128,0"/>
        <Variations Model="VermillionPortraitCoop">
            <DefaultCategories value="Default"/>
        </Variations>
    </CCharacter>
    <CCharacter id="Vorazun">
        <Image value="Assets\Textures\vorazunex2portrait_static.dds"/>
        <Voice value="ATT Lauren"/>
        <Color value="255,64,0,64"/>
        <Variations Model="VorazunEx2Portrait" Actor="VorazunEx2Portrait">
            <DefaultCategories value="Default"/>
        </Variations>
        <Gender value="Female"/>
    </CCharacter>
    <CCharacter id="Zagara">
        <Image value="Assets\Textures\smx1_zagaraportrait_static.dds"/>
        <Variations Model="ZagaraPortrait" Actor="ZagaraPortrait">
            <DefaultCategories value="Default"/>
        </Variations>
        <Voice value="ATT Crystal"/>
        <Color value="255,45,150,255"/>
    </CCharacter>
    <CCharacter id="ProtossAI">
        <Age value="30"/>
        <Image value="Assets\Textures\urunportrait_static.dds"/>
        <Voice value="ATT Rich"/>
        <Color value="255,151,151,0"/>
        <Variations Name="Character/Name/ProtossAI/Var1" Model="FenixEx2Portrait" Actor="FenixEx2Portrait">
            <DefaultCategories value="ConversationType:Mission"/>
            <DefaultCategories value="ConversationType:UnitVO"/>
        </Variations>
    </CCharacter>
    <CCharacter id="iNcontrol"/>
    <CCharacter id="scboy"/>
</Catalog>
