<?xml version="1.0" encoding="us-ascii"?>
<Catalog>
    <CCliffMesh id="AgriaCliff0">
        <CliffHeights index="0" value="-8.000000"/>
    </CCliffMesh>
    <CCliffMesh id="AgriaCliff1">
        <CliffHeights index="0" value="-8.000000"/>
    </CCliffMesh>
    <CCliffMesh id="AiurCliff0">
        <CliffHeights index="0" value="-8.000000"/>
    </CCliffMesh>
    <CCliffMesh id="AiurCliff1">
        <CliffHeights index="0" value="-8.000000"/>
    </CCliffMesh>
    <CCliffMesh id="AvernusCliff0">
        <CliffHeights index="0" value="-8.000000"/>
    </CCliffMesh>
    <CCliffMesh id="AvernusCliff1">
        <CliffHeights index="0" value="-8.000000"/>
    </CCliffMesh>
    <CCliffMesh id="BelShirCliff0">
        <CliffHeights index="0" value="-8.000000"/>
    </CCliffMesh>
    <CCliffMesh id="BelShirCliff1">
        <WeldNormals value="0"/>
        <CliffHeights index="0" value="-8.000000"/>
    </CCliffMesh>
    <CCliffMesh id="BraxisAlphaCliff0">
        <CliffHeights index="0" value="-8.000000"/>
    </CCliffMesh>
    <CCliffMesh id="BraxisAlphaCliff1">
        <CliffHeights index="0" value="-7.000000"/>
    </CCliffMesh>
    <CCliffMesh id="CastanarCliff0">
        <CliffHeights index="0" value="-8.000000"/>
    </CCliffMesh>
    <CCliffMesh id="CastanarCliff1">
        <CliffHeights index="0" value="-8.000000"/>
    </CCliffMesh>
    <CCliffMesh id="CharCliff0">
        <CliffHeights index="0" value="-8.000000"/>
    </CCliffMesh>
    <CCliffMesh id="CharCliff1">
        <CliffHeights index="0" value="-8.000000"/>
    </CCliffMesh>
    <CCliffMesh id="CliffNatural0">
        <CliffHeights index="0" value="-8.000000"/>
    </CCliffMesh>
    <CCliffMesh id="CliffNatural1">
        <CliffHeights index="0" value="-8.000000"/>
    </CCliffMesh>
    <CCliffMesh id="CliffMade0">
        <CliffHeights index="0" value="-8.000000"/>
    </CCliffMesh>
    <CCliffMesh id="CliffMade1">
        <CliffHeights index="0" value="-8.000000"/>
    </CCliffMesh>
    <CCliffMesh id="CliffMade2">
        <WeldNormals value="0"/>
        <CliffHeights index="0" value="-8.000000"/>
    </CCliffMesh>
    <CCliffMesh id="CliffMade3">
        <CliffHeights index="0" value="-8.000000"/>
    </CCliffMesh>
    <CCliffMesh id="CliffMade4">
        <CliffHeights index="0" value="-8.000000"/>
    </CCliffMesh>
    <CCliffMesh id="CliffMade5">
        <WeldNormals value="0"/>
        <CliffHeights index="0" value="-8.000000"/>
    </CCliffMesh>
    <CCliffMesh id="CliffMade6">
        <WeldNormals value="0"/>
        <CliffHeights index="0" value="-7.000000"/>
    </CCliffMesh>
    <CCliffMesh id="CliffMade7">
        <WeldNormals value="0"/>
        <CliffHeights index="0" value="-20.000000"/>
    </CCliffMesh>
    <CCliffMesh id="HavenCliff0">
        <CliffHeights index="0" value="-8.000000"/>
    </CCliffMesh>
    <CCliffMesh id="KorhalCliff0">
        <WeldNormals value="0"/>
        <CliffHeights index="0" value="-20.000000"/>
    </CCliffMesh>
    <CCliffMesh id="KorhalCliff1">
        <WeldNormals value="0"/>
        <CliffHeights index="0" value="-8.000000"/>
    </CCliffMesh>
    <CCliffMesh id="MarSaraCliff0">
        <CliffHeights index="0" value="-8.000000"/>
    </CCliffMesh>
    <CCliffMesh id="MarSaraCliff1">
        <CliffHeights index="0" value="-8.000000"/>
    </CCliffMesh>
    <CCliffMesh id="MeinhoffCliff0">
        <CliffHeights index="0" value="-8.000000"/>
    </CCliffMesh>
    <CCliffMesh id="MeinhoffCliff1">
        <CliffHeights index="0" value="-8.000000"/>
    </CCliffMesh>
    <CCliffMesh id="MonlythCliff0">
        <CliffHeights index="0" value="-8.000000"/>
    </CCliffMesh>
    <CCliffMesh id="MonlythCliff1">
        <CliffHeights index="0" value="-8.000000"/>
    </CCliffMesh>
    <CCliffMesh id="NewFolsomCliff0">
        <CliffHeights index="0" value="-8.000000"/>
    </CCliffMesh>
    <CCliffMesh id="NewFolsomCliff1">
        <CliffHeights index="0" value="-8.000000"/>
    </CCliffMesh>
    <CCliffMesh id="PortZionCliff0">
        <CliffHeights index="0" value="-8.000000"/>
    </CCliffMesh>
    <CCliffMesh id="PortZionCliff1">
        <CliffHeights index="0" value="-8.000000"/>
    </CCliffMesh>
    <CCliffMesh id="RedstoneCliff0">
        <CliffHeights index="0" value="-8.000000"/>
    </CCliffMesh>
    <CCliffMesh id="RedstoneCliff1">
        <CliffHeights index="0" value="-8.000000"/>
    </CCliffMesh>
    <CCliffMesh id="ShakurasCliff0">
        <CliffHeights index="0" value="-8.000000"/>
    </CCliffMesh>
    <CCliffMesh id="ShakurasCliff1">
        <CliffHeights index="0" value="-8.000000"/>
    </CCliffMesh>
    <CCliffMesh id="TarsonisCliff0">
        <CliffHeights index="0" value="-8.000000"/>
    </CCliffMesh>
    <CCliffMesh id="TarsonisCliff1">
        <WeldNormals value="0"/>
        <CliffHeights index="0" value="-8.000000"/>
    </CCliffMesh>
    <CCliffMesh id="TyphonCliff0">
        <CliffHeights index="0" value="-8.000000"/>
    </CCliffMesh>
    <CCliffMesh id="TyphonCliff1">
        <CliffHeights index="0" value="-8.000000"/>
    </CCliffMesh>
    <CCliffMesh id="TyradorCliff0">
        <CliffHeights index="0" value="-8.000000"/>
    </CCliffMesh>
    <CCliffMesh id="TyradorCliff1">
        <CliffHeights index="0" value="-8.000000"/>
    </CCliffMesh>
    <CCliffMesh id="UlaanCliff0">
        <CliffHeights index="0" value="-8.000000"/>
    </CCliffMesh>
    <CCliffMesh id="UlaanCliff1">
        <CliffHeights index="0" value="-8.000000"/>
    </CCliffMesh>
    <CCliffMesh id="UlnarCliff0">
        <CliffHeights index="0" value="-8.000000"/>
    </CCliffMesh>
    <CCliffMesh id="UlnarCliff1">
        <CliffHeights index="0" value="-8.000000"/>
    </CCliffMesh>
    <CCliffMesh id="ValhallaCliff0">
        <CliffHeights index="0" value="-8.000000"/>
    </CCliffMesh>
    <CCliffMesh id="ValhallaCliff1">
        <CliffHeights index="0" value="-8.000000"/>
    </CCliffMesh>
    <CCliffMesh id="XilCliff0">
        <CliffHeights index="0" value="-8.000000"/>
    </CCliffMesh>
    <CCliffMesh id="XilCliff1">
        <CliffHeights index="0" value="-8.000000"/>
    </CCliffMesh>
    <CCliffMesh id="ZhakulDasCliff0">
        <CliffHeights index="0" value="-8.000000"/>
    </CCliffMesh>
    <CCliffMesh id="ZhakulDasCliff1">
        <CliffHeights index="0" value="-8.000000"/>
    </CCliffMesh>
</Catalog>
