<?xml version="1.0" encoding="us-ascii"?>
<Catalog>
    <CCliff id="AgriaCliff0">
        <CliffMesh value="CliffNatural0"/>
        <EditorIcon value="Assets\Textures\ui-editoricon-terraineditor_cliffnatural.dds"/>
    </CCliff>
    <CCliff id="AgriaCliff1">
        <CliffMesh value="CliffMade0"/>
        <EditorIcon value="Assets\Textures\ui-editoricon-terraineditor_cliffmanmade.dds"/>
    </CCliff>
    <CCliff id="AiurCliff0">
        <CliffMesh value="CliffNatural0"/>
        <EditorIcon value="Assets\Textures\ui-editoricon-terraineditor_cliffnatural.dds"/>
    </CCliff>
    <CCliff id="AiurCliff1">
        <CliffMesh value="CliffMade1"/>
        <EditorIcon value="Assets\Textures\ui-editoricon-terraineditor_clifftemple.dds"/>
    </CCliff>
    <CCliff id="AvernusCliff0">
        <CliffMesh value="CliffNatural1"/>
        <EditorIcon value="Assets\Textures\ui-editoricon-terraineditor_cliffnatural.dds"/>
    </CCliff>
    <CCliff id="AvernusCliff1">
        <CliffMesh value="CliffMade3"/>
        <EditorIcon value="Assets\Textures\ui-editoricon-terraineditor_cliffmanmade.dds"/>
    </CCliff>
    <CCliff id="BelShirCliff0">
        <CliffMesh value="CliffNatural0"/>
        <EditorIcon value="Assets\Textures\ui-editoricon-terraineditor_cliffnatural.dds"/>
    </CCliff>
    <CCliff id="BelShirCliff1">
        <CliffMesh value="CliffMade5"/>
        <EditorIcon value="Assets\Textures\ui-editoricon-terraineditor_clifftemple.dds"/>
    </CCliff>
    <CCliff id="BraxisAlphaCliff0">
        <CliffMesh value="CliffNatural1"/>
        <EditorIcon value="Assets\Textures\ui-editoricon-terraineditor_cliffnatural.dds"/>
    </CCliff>
    <CCliff id="BraxisAlphaCliff1">
        <CliffMesh value="CliffMade6"/>
        <EditorIcon value="Assets\Textures\ui-editoricon-terraineditor_cliffmanmade.dds"/>
    </CCliff>
    <CCliff id="CastanarCliff0">
        <CliffMesh value="CliffNatural1"/>
        <EditorIcon value="Assets\Textures\ui-editoricon-terraineditor_cliffnatural.dds"/>
    </CCliff>
    <CCliff id="CastanarCliff1">
        <CliffMesh value="CliffMade3"/>
        <EditorIcon value="Assets\Textures\ui-editoricon-terraineditor_cliffmanmade.dds"/>
    </CCliff>
    <CCliff id="CharCliff0">
        <CliffMesh value="CliffNatural0"/>
        <EditorIcon value="Assets\Textures\ui-editoricon-terraineditor_cliffnatural.dds"/>
    </CCliff>
    <CCliff id="CharCliff1">
        <CliffMesh value="CliffNatural0"/>
        <EditorIcon value="Assets\Textures\ui-editoricon-terraineditor_cliffmanmade.dds"/>
    </CCliff>
    <CCliff id="HavenCliff0">
        <CliffMesh value="CliffNatural0"/>
        <EditorIcon value="Assets\Textures\ui-editoricon-terraineditor_cliffnatural.dds"/>
    </CCliff>
    <CCliff id="KorhalCliff0">
        <CliffMesh value="CliffMade7"/>
        <EditorIcon value="Assets\Textures\ui-editoricon-terraineditor_cliffmanmade.dds"/>
    </CCliff>
    <CCliff id="KorhalCliff1">
        <CliffMesh value="CliffMade2"/>
        <EditorIcon value="Assets\Textures\ui-editoricon-terraineditor_cliffmanmade.dds"/>
    </CCliff>
    <CCliff id="MarSaraCliff0">
        <CliffMesh value="CliffNatural0"/>
        <EditorIcon value="Assets\Textures\ui-editoricon-terraineditor_cliffnatural.dds"/>
    </CCliff>
    <CCliff id="MarSaraCliff1">
        <CliffMesh value="CliffMade0"/>
        <EditorIcon value="Assets\Textures\ui-editoricon-terraineditor_cliffmanmade.dds"/>
    </CCliff>
    <CCliff id="MeinhoffCliff0">
        <CliffMesh value="CliffNatural0"/>
        <EditorIcon value="Assets\Textures\ui-editoricon-terraineditor_cliffnatural.dds"/>
    </CCliff>
    <CCliff id="MeinhoffCliff1">
        <CliffMesh value="CliffMade0"/>
        <EditorIcon value="Assets\Textures\ui-editoricon-terraineditor_cliffmanmade.dds"/>
    </CCliff>
    <CCliff id="MonlythCliff0">
        <CliffMesh value="CliffNatural0"/>
        <EditorIcon value="Assets\Textures\ui-editoricon-terraineditor_cliffnatural.dds"/>
    </CCliff>
    <CCliff id="MonlythCliff1">
        <CliffMesh value="CliffMade1"/>
        <EditorIcon value="Assets\Textures\ui-editoricon-terraineditor_clifftemple.dds"/>
    </CCliff>
    <CCliff id="NewFolsomCliff0">
        <CliffMesh value="CliffNatural0"/>
        <EditorIcon value="Assets\Textures\ui-editoricon-terraineditor_cliffnatural.dds"/>
    </CCliff>
    <CCliff id="NewFolsomCliff1">
        <CliffMesh value="CliffMade2"/>
        <EditorIcon value="Assets\Textures\ui-editoricon-terraineditor_cliffmanmade.dds"/>
    </CCliff>
    <CCliff id="PortZionCliff0">
        <CliffMesh value="CliffNatural0"/>
        <EditorIcon value="Assets\Textures\ui-editoricon-terraineditor_cliffnatural.dds"/>
    </CCliff>
    <CCliff id="PortZionCliff1">
        <CliffMesh value="CliffMade0"/>
        <EditorIcon value="Assets\Textures\ui-editoricon-terraineditor_cliffmanmade.dds"/>
    </CCliff>
    <CCliff id="RedstoneCliff0">
        <CliffMesh value="CliffNatural0"/>
        <EditorIcon value="Assets\Textures\ui-editoricon-terraineditor_cliffnatural.dds"/>
    </CCliff>
    <CCliff id="RedstoneCliff1">
        <CliffMesh value="CliffMade0"/>
        <EditorIcon value="Assets\Textures\ui-editoricon-terraineditor_cliffmanmade.dds"/>
    </CCliff>
    <CCliff id="ShakurasCliff0">
        <CliffMesh value="CliffNatural0"/>
        <EditorIcon value="Assets\Textures\ui-editoricon-terraineditor_cliffnatural.dds"/>
    </CCliff>
    <CCliff id="ShakurasCliff1">
        <CliffMesh value="CliffMade4"/>
        <EditorIcon value="Assets\Textures\ui-editoricon-terraineditor_clifftemple.dds"/>
    </CCliff>
    <CCliff id="TarsonisCliff0">
        <CliffMesh value="CliffNatural0"/>
        <EditorIcon value="Assets\Textures\ui-editoricon-terraineditor_cliffnatural.dds"/>
    </CCliff>
    <CCliff id="TarsonisCliff1">
        <CliffMesh value="CliffMade2"/>
        <EditorIcon value="Assets\Textures\ui-editoricon-terraineditor_cliffmanmade.dds"/>
    </CCliff>
    <CCliff id="TyphonCliff0">
        <CliffMesh value="CliffNatural0"/>
        <EditorIcon value="Assets\Textures\ui-editoricon-terraineditor_cliffnatural.dds"/>
    </CCliff>
    <CCliff id="TyphonCliff1">
        <CliffMesh value="CliffMade1"/>
        <EditorIcon value="Assets\Textures\ui-editoricon-terraineditor_clifftemple.dds"/>
    </CCliff>
    <CCliff id="TyradorCliff0">
        <CliffMesh value="CliffNatural0"/>
        <EditorIcon value="Assets\Textures\ui-editoricon-terraineditor_cliffnatural.dds"/>
    </CCliff>
    <CCliff id="TyradorCliff1">
        <CliffMesh value="CliffMade2"/>
        <EditorIcon value="Assets\Textures\ui-editoricon-terraineditor_cliffmanmade.dds"/>
    </CCliff>
    <CCliff id="UlaanCliff0">
        <CliffMesh value="CliffNatural0"/>
        <EditorIcon value="Assets\Textures\ui-editoricon-terraineditor_cliffnatural.dds"/>
    </CCliff>
    <CCliff id="UlaanCliff1">
        <CliffMesh value="CliffMade4"/>
        <EditorIcon value="Assets\Textures\ui-editoricon-terraineditor_cliffmanmade.dds"/>
    </CCliff>
    <CCliff id="UlnarCliff0">
        <CliffMesh value="CliffNatural1"/>
        <EditorIcon value="Assets\Textures\ui-editoricon-terraineditor_cliffnatural.dds"/>
    </CCliff>
    <CCliff id="UlnarCliff1">
        <CliffMesh value="CliffMade3"/>
        <EditorIcon value="Assets\Textures\ui-editoricon-terraineditor_cliffmanmade.dds"/>
    </CCliff>
    <CCliff id="ValhallaCliff0">
        <CliffMesh value="CliffNatural0"/>
        <EditorIcon value="Assets\Textures\ui-editoricon-terraineditor_cliffnatural.dds"/>
    </CCliff>
    <CCliff id="ValhallaCliff1">
        <CliffMesh value="CliffMade0"/>
        <EditorIcon value="Assets\Textures\ui-editoricon-terraineditor_cliffmanmade.dds"/>
    </CCliff>
    <CCliff id="XilCliff0">
        <CliffMesh value="CliffNatural0"/>
        <EditorIcon value="Assets\Textures\ui-editoricon-terraineditor_cliffnatural.dds"/>
    </CCliff>
    <CCliff id="XilCliff1">
        <CliffMesh value="CliffMade5"/>
        <EditorIcon value="Assets\Textures\ui-editoricon-terraineditor_cliffmanmade.dds"/>
    </CCliff>
    <CCliff id="ZhakulDasCliff0">
        <CliffMesh value="CliffNatural0"/>
        <EditorIcon value="Assets\Textures\ui-editoricon-terraineditor_cliffnatural.dds"/>
    </CCliff>
    <CCliff id="ZhakulDasCliff1">
        <CliffMesh value="CliffMade1"/>
        <EditorIcon value="Assets\Textures\ui-editoricon-terraineditor_clifftemple.dds"/>
    </CCliff>
</Catalog>
