<?xml version="1.0" encoding="utf-8"?>
<Catalog>
    <CCommander id="Raynor">
        <AttributeId value="Rayn"/>
        <Race value="Terr"/>
        <LevelAchievementId value="91475321586896"/>
        <Color value="255,0,66,255"/>
        <!-- Units -->
        <UnitArray Unit="MarineACGluescreenDummy"/>
        <UnitArray Unit="FirebatACGluescreenDummy"/>
        <UnitArray Unit="MedicACGluescreenDummy"/>
        <UnitArray Unit="MarauderACGluescreenDummy"/>
        <UnitArray Unit="VultureACGluescreenDummy"/>
        <UnitArray Unit="SiegeTankACGluescreenDummy"/>
        <UnitArray Unit="VikingACGluescreenDummy"/>
        <UnitArray Unit="BansheeACGluescreenDummy"/>
        <UnitArray Unit="BattlecruiserACGluescreenDummy"/>
        <UnitArray Unit="OrbitalCommandACGluescreenDummy"/>
        <UnitArray Unit="BunkerACGluescreenDummy" Upgrade="BunkerUpgradedACGluescreenDummy"/>
        <UnitArray Unit="MissileTurretACGluescreenDummy"/>
        <!-- Level 1 -->
        <TalentTreeArray Talent="CommanderRaynorInfantrySpecialist" Level="1"/>
        <!-- Level 2 -->
        <TalentTreeArray Talent="CommanderRaynorBansheeAirStrike" Level="2" Type="Ability"/>
        <!-- Level 3 -->
        <TalentTreeArray Talent="CommanderRaynorFirebatandMedicRange" Level="3"/>
        <!-- Level 4 -->
        <TalentTreeArray Talent="CommanderRaynorInfantryUpgradePack" Level="4" Type="Bundle"/>
        <!-- Level 5 -->
        <TalentTreeArray Talent="CommanderRaynorHyperionAbility" Level="5" Type="Ability"/>
        <!-- Level 6 -->
        <TalentTreeArray>
            <Talent value="CommanderRaynorUnlockBattlecruiser"/>
            <Unit value="BattlecruiserACGluescreenDummy"/>
            <Level value="6"/>
            <Type value="Unit"/>
        </TalentTreeArray>
        <!-- Level 7 -->
        <TalentTreeArray Talent="CommanderRaynorEngineeringBayUpgradePack" Unit="BunkerUpgradedACGluescreenDummy" Level="7"/>
        <!-- Level 8 -->
        <TalentTreeArray Talent="CommanderRaynorOrbitalDropPods" Level="8"/>
        <!-- Level 9 -->
        <TalentTreeArray Talent="CommanderRaynorFactoryUpgradePack" Level="9" Type="Bundle"/>
        <!-- Level 10 -->
        <TalentTreeArray Talent="PHCommanderRaynorArmorVanadium" Level="10"/>
        <TalentTreeArray Talent="CommanderRaynorAdditionalArmoryUpgrades" Level="11" Type="Bundle"/>
        <TalentTreeArray Talent="CommanderRaynorOrbitalDepots" Level="12"/>
        <TalentTreeArray Talent="CommanderRaynorStarportUpgradePack" Level="13" Type="Bundle"/>
        <TalentTreeArray Talent="CommanderRaynorHyperionAdvancedTargetingSystems" Level="14"/>
        <TalentTreeArray Talent="CommanderRaynorImprovedInfantryWeapons" Level="15"/>
        <CommanderAbilArray Button="CommanderTraitRaynorSummonHyperion"/>
        <CommanderAbilArray Button="CommanderTraitRaynorHyperionHyperjump"/>
        <CommanderAbilArray Button="CommanderTraitRaynorHyperionYamatoCannon"/>
        <!-- Mastery talents -->
        <MasteryTalentArray>
            <Talent value="MasteryRaynorResearchCost"/>
            <ValuePerRank value="-2.000000"/>
            <MaxRank value="30"/>
            <Type value="Percent"/>
        </MasteryTalentArray>
        <MasteryTalentArray>
            <Talent value="MasteryRaynorDropPodHaste"/>
            <ValuePerRank value="2.000000"/>
            <MaxRank value="30"/>
            <Type value="Percent"/>
        </MasteryTalentArray>
        <MasteryTalentArray>
            <Talent value="MasteryRaynorHyperionCooldown"/>
            <ValuePerRank value="-4.000000"/>
            <MaxRank value="30"/>
            <Type value="Seconds"/>
            <Bucket value="1"/>
        </MasteryTalentArray>
        <MasteryTalentArray>
            <Talent value="MasteryRaynorDuskWingCooldown"/>
            <ValuePerRank value="-4.000000"/>
            <MaxRank value="30"/>
            <Type value="Seconds"/>
            <Bucket value="1"/>
        </MasteryTalentArray>
        <MasteryTalentArray>
            <Talent value="MasteryRaynorMedicSecondaryHeal"/>
            <ValuePerRank value="3.000000"/>
            <MaxRank value="30"/>
            <Type value="Percent"/>
            <Bucket value="2"/>
        </MasteryTalentArray>
        <MasteryTalentArray>
            <Talent value="MasteryRaynorMechAttackSpeed"/>
            <ValuePerRank value="1.000000"/>
            <MaxRank value="30"/>
            <Type value="Percent"/>
            <Bucket value="2"/>
        </MasteryTalentArray>
        <ConsoleSkin value="ConsoleTerran_Default"/>
        <PrestigeArray value="CommanderPrestigeRaynorBioHealth"/>
        <PrestigeArray value="CommanderPrestigeRaynorAfterburners"/>
        <PrestigeArray value="CommanderPrestigeRaynorStarport"/>
        <CommanderPrestigeAchievementId value="91475320792422"/>
    </CCommander>
    <CCommander id="Swann">
        <StoreName value="Commander/StoreName/Swann"/>
        <AttributeId value="Swan"/>
        <ProductId value="20909"/>
        <Race value="Terr"/>
        <LevelAchievementId value="91475322854429"/>
        <Color value="255,254,138,14"/>
        <ConsoleSkin value="ConsoleTerran_Swann"/>
        <UnitArray Unit="HellbatACGluescreenDummy"/>
        <UnitArray Unit="GoliathACGluescreenDummy"/>
        <UnitArray Unit="SiegeTankACGluescreenDummy"/>
        <UnitArray Unit="CycloneACGluescreenDummy"/>
        <UnitArray Unit="WraithACGluescreenDummy"/>
        <UnitArray Unit="ScienceVesselACGluescreenDummy"/>
        <UnitArray Unit="HerculesACGluescreenDummy"/>
        <UnitArray Unit="ThorACGluescreenDummy"/>
        <UnitArray Unit="PerditionTurretACGluescreenDummy" Upgrade="FlamingBettyACGluescreenDummy"/>
        <UnitArray Unit="DevastationTurretACGluescreenDummy" Upgrade="BlasterBillyACGluescreenDummy"/>
        <UnitArray Unit="MissileTurretACGluescreenDummy" Upgrade="SpinningDizzyACGluescreenDummy"/>
        <TalentTreeArray Talent="CommanderSwannVehicleSpecialist" Level="1"/>
        <TalentTreeArray Talent="CommanderSwannCombatDrop" Level="2" Type="Ability"/>
        <TalentTreeArray Talent="CommanderSwannImprovedTurrets" Unit="FlamingBettyACGluescreenDummy" Level="3"/>
        <TalentTreeArray>
            <Talent value="CommanderSwannImprovedTurrets"/>
            <Unit value="BlasterBillyACGluescreenDummy"/>
            <Level value="3"/>
            <IsHidden value="1"/>
        </TalentTreeArray>
        <TalentTreeArray>
            <Talent value="CommanderSwannImprovedTurrets"/>
            <Unit value="SpinningDizzyACGluescreenDummy"/>
            <Level value="3"/>
            <IsHidden value="1"/>
        </TalentTreeArray>
        <TalentTreeArray Talent="CommanderSwannImprovedLaserDrill" Level="4" Type="Bundle"/>
        <TalentTreeArray Talent="CommanderSwannVespeneDrone" Level="5" Type="Ability"/>
        <TalentTreeArray>
            <Talent value="CommanderSwannUnlockThor"/>
            <Unit value="ThorACGluescreenDummy"/>
            <Level value="6"/>
            <Type value="Unit"/>
        </TalentTreeArray>
        <TalentTreeArray Talent="CommanderSwannFactoryTechLabUpgradesPack" Level="7" Type="Bundle"/>
        <TalentTreeArray Talent="CommanderSwannImprovedSCVs" Level="8"/>
        <TalentTreeArray Talent="CommanderSwannArmoryUpgradePack" Level="9" Type="Bundle"/>
        <TalentTreeArray Talent="CommanderSwannTechReactors" Level="10"/>
        <TalentTreeArray Talent="CommanderSwannEngineeringBayUpgradesPack" Level="11" Type="Bundle"/>
        <TalentTreeArray Talent="CommanderSwannImmortalityProtocol" Level="12" Type="Ability"/>
        <TalentTreeArray Talent="CommanderSwannUnlockAdditionalStarportTechLabUpgrades" Level="13" Type="Bundle"/>
        <TalentTreeArray Talent="CommanderSwannImprovedCombatDrop" Level="14"/>
        <TalentTreeArray Talent="CommanderSwannIncreasedVehicleHealth" Level="15"/>
        <CommanderAbilArray Button="CommanderTraitSwannDrakkenLaserDrill"/>
        <CommanderAbilArray Button="CommanderTraitSwannDrakkenLaserDrillAttack"/>
        <CommanderAbilArray Button="CommanderTraitSwannConcentratedBeam"/>
        <!-- Mastery talents -->
        <MasteryTalentArray>
            <Talent value="MasterySwannConcentratedBeam"/>
            <ValuePerRank value="2.000000"/>
            <MaxRank value="30"/>
            <Type value="Percent"/>
        </MasteryTalentArray>
        <MasteryTalentArray>
            <Talent value="MasterySwannCombatDrop"/>
            <ValuePerRank value="2.000000"/>
            <MaxRank value="30"/>
            <Type value="Percent"/>
        </MasteryTalentArray>
        <MasteryTalentArray>
            <Talent value="MasterySwannImmortalityProtocol"/>
            <ValuePerRank value="-2.000000"/>
            <MaxRank value="30"/>
            <Type value="Percent"/>
            <Bucket value="1"/>
        </MasteryTalentArray>
        <MasteryTalentArray>
            <Talent value="MasterySwannBuildingHealth"/>
            <ValuePerRank value="2.000000"/>
            <MaxRank value="30"/>
            <Type value="Percent"/>
            <Bucket value="1"/>
        </MasteryTalentArray>
        <MasteryTalentArray>
            <Talent value="MasterySwannVespeneDroneCost"/>
            <ValuePerRank value="-3.000000"/>
            <MaxRank value="30"/>
            <Type value="Percent"/>
            <Bucket value="2"/>
        </MasteryTalentArray>
        <MasteryTalentArray>
            <Talent value="MasterySwannLaserDrillBuildTime"/>
            <ValuePerRank value="-1.500000"/>
            <MaxRank value="30"/>
            <Type value="Percent"/>
            <Bucket value="2"/>
        </MasteryTalentArray>
        <Campaign value="LegacyOfTheVoid"/>
        <PrestigeArray value="CommanderPrestigeSwannDrill"/>
        <PrestigeArray value="CommanderPrestigeSwannTurrets"/>
        <PrestigeArray value="CommanderPrestigeSwannHercules"/>
        <CommanderPrestigeAchievementId value="91475328713885"/>
    </CCommander>
    <CCommander id="Kerrigan">
        <AttributeId value="Kerr"/>
        <Race value="Zerg"/>
        <LevelAchievementId value="91475334165341"/>
        <Color value="255,255,0,255"/>
        <UnitArray Unit="ZerglingKerriganACGluescreenDummy" Upgrade="RaptorACGluescreenDummy"/>
        <UnitArray Unit="QueenCoopACGluescreenDummy"/>
        <UnitArray Unit="HydraliskACGluescreenDummy" Upgrade="HydraliskLurkerACGluescreenDummy"/>
        <UnitArray Unit="MutaliskBroodlordACGluescreenDummy"/>
        <UnitArray Unit="BroodLordACGluescreenDummy"/>
        <UnitArray Unit="UltraliskACGluescreenDummy" Upgrade="TorrasqueACGluescreenDummy"/>
        <UnitArray Unit="OverseerACGluescreenDummy"/>
        <UnitArray Unit="LurkerACGluescreenDummy"/>
        <UnitArray Unit="SpineCrawlerACGluescreenDummy"/>
        <UnitArray Unit="SporeCrawlerACGluescreenDummy"/>
        <UnitArray Unit="NydusNetworkACGluescreenDummy" Upgrade="OmegaNetworkACGluescreenDummy"/>
        <TalentTreeArray Talent="CommanderKerriganMutatingCarapace" Level="1"/>
        <TalentTreeArray Talent="CommanderKerriganCrushingGripWave" Level="2" Type="Ability"/>
        <TalentTreeArray Talent="CommanderKerriganImprovedLeapingStrike" Level="3"/>
        <TalentTreeArray Talent="CommanderKerriganZerglingUpgradesPack" Level="4" Type="Bundle"/>
        <TalentTreeArray>
            <Talent value="CommanderKerriganUnlockLurker"/>
            <Unit value="LurkerACGluescreenDummy"/>
            <Level value="5"/>
            <Type value="Unit"/>
        </TalentTreeArray>
        <TalentTreeArray>
            <Talent value="CommanderKerriganUnlockLurker"/>
            <Unit value="HydraliskLurkerACGluescreenDummy"/>
            <Level value="5"/>
            <Type value="Unit"/>
            <IsHidden value="1"/>
        </TalentTreeArray>
        <TalentTreeArray Talent="CommanderKerriganHydraliskandLurkerUpgradesPack" Level="6" Type="Bundle"/>
        <TalentTreeArray Talent="CommanderKerriganMalignantCreep" Level="7"/>
        <TalentTreeArray>
            <Talent value="CommanderKerriganGreaterNydusWorm"/>
            <Unit value="OmegaNetworkACGluescreenDummy"/>
            <Level value="8"/>
            <Type value="Unit"/>
        </TalentTreeArray>
        <TalentTreeArray Talent="CommanderKerriganKerriganUpgradesPack" Level="9" Type="Bundle"/>
        <TalentTreeArray Talent="CommanderKerriganKerrigansFury" Level="10"/>
        <TalentTreeArray Talent="CommanderKerriganSpireUpgradesPack" Level="11" Type="Bundle"/>
        <TalentTreeArray Talent="CommanderKerriganZerglingEvolutionRaptor" Unit="RaptorACGluescreenDummy" Level="12"/>
        <TalentTreeArray Talent="CommanderKerriganUltraliskUpgradesPack" Level="13" Type="Bundle"/>
        <TalentTreeArray Talent="CommanderKerriganUltraliskEvolutionTorrasque" Unit="TorrasqueACGluescreenDummy" Level="14"/>
        <TalentTreeArray Talent="CommanderKerriganKerriganEnergyRegeneration" Level="15"/>
        <CommanderAbilArray Button="CommanderTraitKerriganLeapingStrike"/>
        <CommanderAbilArray Button="CommanderTraitKerriganPsionicShift"/>
        <CommanderAbilArray Button="CommanderTraitKerriganAssimilationAura"/>
        <!-- Mastery talents -->
        <MasteryTalentArray>
            <Talent value="MasteryKerriganEnergyRegen"/>
            <ValuePerRank value="1.500000"/>
            <MaxRank value="30"/>
            <Type value="Percent"/>
        </MasteryTalentArray>
        <MasteryTalentArray Talent="MasteryKerriganAutoAttackDamage" ValuePerRank="1.000000" MaxRank="30"/>
        <MasteryTalentArray>
            <Talent value="MasteryKerriganArmyGasCost"/>
            <ValuePerRank value="-1.000000"/>
            <MaxRank value="30"/>
            <Type value="Percent"/>
            <Bucket value="1"/>
        </MasteryTalentArray>
        <MasteryTalentArray>
            <Talent value="MasteryKerriganImmobilizationDamage"/>
            <ValuePerRank value="3.333300"/>
            <MaxRank value="30"/>
            <Type value="Percent"/>
            <Bucket value="1"/>
        </MasteryTalentArray>
        <MasteryTalentArray>
            <Talent value="MasteryKerriganResearchSpeedandCost"/>
            <ValuePerRank value="-2.000000"/>
            <MaxRank value="30"/>
            <Type value="Percent"/>
            <Bucket value="2"/>
        </MasteryTalentArray>
        <MasteryTalentArray>
            <Talent value="MasteryKerriganPrimarySpeedDamage"/>
            <ValuePerRank value="1.000000"/>
            <MaxRank value="30"/>
            <Type value="Percent"/>
            <Bucket value="2"/>
        </MasteryTalentArray>
        <StoreTypeName value="UI/StoreTypeName/CommanderFemale"/>
        <ConsoleSkin value="ConsoleZerg_Default"/>
        <PrestigeArray value="CommanderPrestigeKerriganCreep"/>
        <PrestigeArray value="CommanderPrestigeKerriganAbilities"/>
        <PrestigeArray value="CommanderPrestigeKerriganAssimilationAura"/>
        <CommanderPrestigeAchievementId value="91475323102072"/>
    </CCommander>
    <CCommander id="Zagara">
        <StoreName value="Commander/StoreName/Zagara"/>
        <AttributeId value="Zaga"/>
        <ProductId value="20908"/>
        <Race value="Zerg"/>
        <LevelAchievementId value="91475330808631"/>
        <Color value="255,51,0,191"/>
        <UnitArray Unit="ZerglingZagaraACGluescreenDummy" Upgrade="SwarmlingACGluescreenDummy"/>
        <UnitArray Unit="QueenZagaraACGluescreenDummy"/>
        <UnitArray Unit="BanelingACGluescreenDummy" Upgrade="SplitterlingACGluescreenDummy"/>
        <UnitArray Unit="AberrationACGluescreenDummy"/>
        <UnitArray Unit="ScourgeACGluescreenDummy"/>
        <UnitArray Unit="CorruptorACGluescreenDummy"/>
        <UnitArray Unit="OverseerZagaraACGluescreenDummy"/>
        <UnitArray Unit="SpineCrawlerACGluescreenDummy"/>
        <UnitArray Unit="SporeCrawlerACGluescreenDummy"/>
        <UnitArray Unit="BileLauncherACGluescreenDummy"/>
        <TalentTreeArray Talent="CommanderZagaraRelentless" Level="1"/>
        <TalentTreeArray Talent="CommanderZagaraMassRoachDrop" Level="2" Type="Ability"/>
        <TalentTreeArray Talent="CommanderZagaraImprovedInjectLarva" Level="3"/>
        <TalentTreeArray Talent="CommanderZagaraScourgeUpgradesPack" Level="4" Type="Bundle"/>
        <TalentTreeArray>
            <Talent value="CommanderZagaraUnlockBileLauncher"/>
            <Unit value="BileLauncherACGluescreenDummy"/>
            <Level value="5"/>
            <Type value="Unit"/>
        </TalentTreeArray>
        <TalentTreeArray Talent="CommanderZagaraZerglingUpgradesPack" Level="6" Type="Bundle"/>
        <TalentTreeArray Talent="CommanderZagaraVolatileBanelingNest" Level="7"/>
        <TalentTreeArray Talent="CommanderZagaraIncubateBanelings" Level="8"/>
        <TalentTreeArray Talent="CommanderZagaraEvolutionChamberUpgradesPack" Level="9" Type="Bundle"/>
        <TalentTreeArray Talent="CommanderZagaraImprovedMassRoachDrop" Level="10"/>
        <TalentTreeArray Talent="CommanderZagaraBanelingNestUpgradesPack" Level="11" Type="Bundle"/>
        <TalentTreeArray Talent="CommanderZagaraZerglingEvolutionSwarmling" Unit="SwarmlingACGluescreenDummy" Level="12"/>
        <TalentTreeArray Talent="CommanderZagaraBileLauncherUpgradesPack" Level="13" Type="Bundle"/>
        <TalentTreeArray Talent="CommanderZagaraBanelingEvolutionSplitterling" Unit="SplitterlingACGluescreenDummy" Level="14"/>
        <TalentTreeArray Talent="CommanderZagaraMasterSpawner" Level="15"/>
        <CommanderAbilArray Button="CommanderTraitZagaraBanelingBarrage"/>
        <CommanderAbilArray Button="CommanderTraitZagaraSpawnHunterKillers"/>
        <CommanderAbilArray Button="CommanderTraitZagaraMassFrenzy"/>
        <!-- Mastery talents -->
        <MasteryTalentArray>
            <Talent value="MasteryZagaraHealthAndEnergyRegen"/>
            <ValuePerRank value="1.000000"/>
            <MaxRank value="30"/>
            <Type value="Percent"/>
        </MasteryTalentArray>
        <MasteryTalentArray Talent="MasteryZagaraAutoAttackDamage" ValuePerRank="1.000000" MaxRank="30"/>
        <MasteryTalentArray>
            <Talent value="MasteryZagaraMassFrenzySpeedBoost"/>
            <ValuePerRank value="1.500000"/>
            <MaxRank value="30"/>
            <Type value="Percent"/>
            <Bucket value="1"/>
        </MasteryTalentArray>
        <MasteryTalentArray>
            <Talent value="MasteryZagaraZerglingDodgeChance"/>
            <ValuePerRank value="1.500000"/>
            <MaxRank value="30"/>
            <Type value="Percent"/>
            <Bucket value="1"/>
        </MasteryTalentArray>
        <MasteryTalentArray>
            <Talent value="MasteryZagaraRoachDropDamageAndHealth"/>
            <ValuePerRank value="2.000000"/>
            <MaxRank value="30"/>
            <Type value="Percent"/>
            <Bucket value="2"/>
        </MasteryTalentArray>
        <MasteryTalentArray>
            <Talent value="MasteryZagaraBanelingsDamage"/>
            <ValuePerRank value="1.000000"/>
            <MaxRank value="30"/>
            <Bucket value="2"/>
        </MasteryTalentArray>
        <Campaign value="LegacyOfTheVoid"/>
        <ConsoleSkin value="ConsoleZerg_Zagara"/>
        <StoreTypeName value="UI/StoreTypeName/CommanderFemale"/>
        <PrestigeArray value="CommanderPrestigeZagaraMaxSupply"/>
        <PrestigeArray value="CommanderPrestigeZagaraCorruptorsAberrations"/>
        <PrestigeArray value="CommanderPrestigeZagaraZagara"/>
        <CommanderPrestigeAchievementId value="91475337001654"/>
    </CCommander>
    <CCommander id="Abathur">
        <StoreName value="Commander/StoreName/Abathur"/>
        <AttributeId value="Abat"/>
        <LevelAchievementId value="91475325739484"/>
        <Color value="255,235,225,41"/>
        <ConsoleSkin value="ConsoleZerg_Abathur"/>
        <ProductId value="22042"/>
        <Race value="Zerg"/>
        <FeaturedImagePath value="Assets/Textures/SC2_UI_Collection_Featured_Bundle_Commander_Abathur.dds"/>
        <UnitArray Unit="SwarmQueenACGluescreenDummy"/>
        <UnitArray Unit="RoachACGluescreenDummy" Upgrade="RoachVileACGluescreenDummy"/>
        <UnitArray Unit="RavagerACGluescreenDummy"/>
        <UnitArray Unit="SwarmHostACGluescreenDummy"/>
        <UnitArray Unit="MutaliskACGluescreenDummy"/>
        <UnitArray Unit="GuardianACGluescreenDummy"/>
        <UnitArray Unit="DevourerACGluescreenDummy"/>
        <UnitArray Unit="OverseerACGluescreenDummy"/>
        <UnitArray Unit="ViperACGluescreenDummy"/>
        <UnitArray Unit="BrutaliskACGluescreenDummy"/>
        <UnitArray Unit="LeviathanACGluescreenDummy"/>
        <UnitArray Unit="SpineCrawlerACGluescreenDummy"/>
        <UnitArray Unit="SporeCrawlerACGluescreenDummy"/>
        <UnitArray Unit="NydusNetworkACGluescreenDummy"/>
        <TalentTreeArray Talent="CommanderAbathurBaseTrait" Level="1"/>
        <!--TalentTreeArray Talent="CommanderAbathurUnlockBrutaliskLeviathan" Level="2"/-->
        <TalentTreeArray>
            <Talent value="CommanderAbathurUnlockBrutaliskLeviathan"/>
            <Unit value="BrutaliskACGluescreenDummy"/>
            <Level value="2"/>
            <Type value="Unit"/>
        </TalentTreeArray>
        <TalentTreeArray>
            <Talent value="CommanderAbathurUnlockBrutaliskLeviathan2"/>
            <Unit value="LeviathanACGluescreenDummy"/>
            <Level value="2"/>
            <Type value="Unit"/>
            <IsHidden value="1"/>
        </TalentTreeArray>
        <TalentTreeArray Talent="CommanderAbathurToxicBonusBiomass" Level="3"/>
        <TalentTreeArray Talent="CommanderAbathurUnlockRoachWarrenUpgrades" Level="4" Type="Bundle"/>
        <TalentTreeArray Talent="CommanderAbathurImprovedMend" Level="5"/>
        <TalentTreeArray Talent="CommanderAbathurUnlockEvolutionChamberUpgrades" Level="6" Type="Bundle"/>
        <TalentTreeArray Talent="CommanderAbathurBiomassRefund" Level="7"/>
        <TalentTreeArray>
            <Talent value="CommanderAbathurUnlockViper"/>
            <Unit value="ViperACGluescreenDummy"/>
            <Level value="8"/>
            <Type value="Unit"/>
        </TalentTreeArray>
        <TalentTreeArray Talent="CommanderAbathurUnlockInfestationPitUpgrades" Level="9" Type="Bundle"/>
        <TalentTreeArray Talent="CommanderAbathurBrutaliskLeviathanSymbiote" Level="10"/>
        <TalentTreeArray Talent="CommanderAbathurUnlockGreaterSpireUpgrades" Level="11" Type="Bundle"/>
        <TalentTreeArray Talent="CommanderAbathurUnitEvolutionMorphTimesReduced" Level="12"/>
        <TalentTreeArray Talent="CommanderAbathurSpawnLocustsOnKill" Level="13"/>
        <TalentTreeArray>
            <Talent value="CommanderAbathurRoachEvolutionVile"/>
            <Unit value="RoachVileACGluescreenDummy"/>
            <Level value="14"/>
            <Type value="Unit"/>
        </TalentTreeArray>
        <TalentTreeArray Talent="CommanderAbathurBiomassLifesteal" Level="15"/>
        <CommanderAbilArray Button="CommanderTraitAbathurBiomass"/>
        <CommanderAbilArray Button="CommanderTraitAbathurToxicNest"/>
        <CommanderAbilArray Button="CommanderTraitAbathurMend"/>
        <!-- Mastery talents -->
        <MasteryTalentArray>
            <Talent value="MasteryAbathurToxicNestDamageAndRespawn"/>
            <ValuePerRank value="2.000000"/>
            <MaxRank value="30"/>
            <Type value="Percent"/>
        </MasteryTalentArray>
        <MasteryTalentArray>
            <Talent value="MasteryAbathurMendHeal"/>
            <ValuePerRank value="10.000000"/>
            <MaxRank value="30"/>
            <Type value="Percent"/>
        </MasteryTalentArray>
        <MasteryTalentArray>
            <Talent value="MasteryAbathurSymbioteCarapace"/>
            <ValuePerRank value="3.330000"/>
            <MaxRank value="30"/>
            <Type value="Percent"/>
            <Bucket value="1"/>
        </MasteryTalentArray>
        <MasteryTalentArray>
            <Talent value="MasteryAbathurDoubleBiomass"/>
            <ValuePerRank value="1.500000"/>
            <MaxRank value="30"/>
            <Type value="Percent"/>
            <Bucket value="1"/>
        </MasteryTalentArray>
        <MasteryTalentArray>
            <Talent value="MasteryAbathurToxicNestCharge"/>
            <ValuePerRank value="1.000000"/>
            <MaxRank value="30"/>
            <Bucket value="2"/>
        </MasteryTalentArray>
        <MasteryTalentArray>
            <Talent value="MasteryAbathurTechFastBuild"/>
            <ValuePerRank value="-2.000000"/>
            <MaxRank value="30"/>
            <Type value="Percent"/>
            <Bucket value="2"/>
        </MasteryTalentArray>
        <PrestigeArray value="CommanderPrestigeAbathurBiomass"/>
        <PrestigeArray value="CommanderPrestigeAbathurDeepTunnel"/>
        <PrestigeArray value="CommanderPrestigeAbathurUltimateEvo"/>
        <CommanderPrestigeAchievementId value="91475330205596"/>
    </CCommander>
    <CCommander id="Artanis">
        <AttributeId value="Arta"/>
        <Race value="Prot"/>
        <LevelAchievementId value="91475321435484"/>
        <Color value="255,28,167,234"/>
        <UnitArray Unit="ZealotACGluescreenDummy" Upgrade="ZealotAiurACGluescreenDummy"/>
        <UnitArray Unit="DragoonACGluescreenDummy"/>
        <UnitArray Unit="HighTemplarACGluescreenDummy"/>
        <UnitArray Unit="ArchonACGluescreenDummy"/>
        <UnitArray Unit="ImmortalACGluescreenDummy"/>
        <UnitArray Unit="ObserverACGluescreenDummy"/>
        <UnitArray Unit="PhoenixAiurACGluescreenDummy"/>
        <UnitArray Unit="ReaverACGluescreenDummy"/>
        <UnitArray Unit="TempestACGluescreenDummy"/>
        <UnitArray Unit="PhotonCannonACGluescreenDummy"/>
        <TalentTreeArray Talent="CommanderArtanisSwiftRetribution" Level="1"/>
        <TalentTreeArray Talent="CommanderArtanisSpearofAdunGuardianShell" Level="2" Type="Ability"/>
        <TalentTreeArray Talent="CommanderArtanisWarpgateCharges" Level="3"/>
        <TalentTreeArray>
            <Talent value="CommanderArtanisTwilightCouncilUpgradesPack"/>
            <Unit value="ZealotAiurACGluescreenDummy"/>
            <Level value="4"/>
            <Type value="Bundle"/>
        </TalentTreeArray>
        <TalentTreeArray>
            <Talent value="CommanderArtanisUnlockReaver"/>
            <Unit value="ReaverACGluescreenDummy"/>
            <Level value="5"/>
            <Type value="Unit"/>
        </TalentTreeArray>
        <TalentTreeArray Talent="CommanderArtanisTemplarArchivesUpgradesPack" Level="6" Type="Bundle"/>
        <TalentTreeArray Talent="CommanderArtanisHighArchon" Level="7"/>
        <TalentTreeArray Talent="CommanderArtanisSpearofAdunWarpHarmonization" Level="8"/>
        <TalentTreeArray Talent="CommanderArtanisRoboticsBayUpgradesPack" Level="9" Type="Bundle"/>
        <TalentTreeArray Talent="CommanderArtanisSpearofAdunSolarBombardment" Level="10" Type="Ability"/>
        <TalentTreeArray>
            <Talent value="CommanderArtanisUnlockTempest"/>
            <Unit value="TempestACGluescreenDummy"/>
            <Level value="11"/>
            <Type value="Unit"/>
        </TalentTreeArray>
        <TalentTreeArray Talent="CommanderArtanisFleetBeaconUpgradesPack" Level="12" Type="Bundle"/>
        <TalentTreeArray Talent="CommanderArtanisSpearofAdunShieldOvercharge" Level="13" Type="Ability"/>
        <TalentTreeArray Talent="CommanderArtanisImprovedSolarBombardment" Level="14"/>
        <TalentTreeArray Talent="CommanderArtanisStartingMaxSupply" Level="15"/>
        <CommanderAbilArray Button="CommanderTraitArtanisSOAProjectPowerField"/>
        <CommanderAbilArray Button="CommanderTraitArtanisSOAOrbitalStrike"/>
        <CommanderAbilArray Button="CommanderTraitArtanisSOAShieldOvercharge"/>
        <!-- Mastery talents -->
        <MasteryTalentArray>
            <Talent value="MasteryArtanisShieldOvercharge"/>
            <ValuePerRank value="3.000000"/>
            <MaxRank value="30"/>
            <Type value="Percent"/>
        </MasteryTalentArray>
        <MasteryTalentArray>
            <Talent value="MasteryArtanisGuardianShellHeal"/>
            <ValuePerRank value="0.500000"/>
            <MaxRank value="30"/>
            <Type value="Percent"/>
        </MasteryTalentArray>
        <MasteryTalentArray>
            <Talent value="MasteryArtanisEnergyRegenCooldown"/>
            <ValuePerRank value="1.500000"/>
            <MaxRank value="30"/>
            <Type value="Percent"/>
            <Bucket value="1"/>
        </MasteryTalentArray>
        <MasteryTalentArray>
            <Talent value="MasteryArtanisSoAPowerFieldHaste"/>
            <ValuePerRank value="2.000000"/>
            <MaxRank value="30"/>
            <Type value="Percent"/>
            <Bucket value="1"/>
        </MasteryTalentArray>
        <MasteryTalentArray>
            <Talent value="MasteryArtanisChronoBoost"/>
            <ValuePerRank value="1.000000"/>
            <MaxRank value="30"/>
            <Type value="Percent"/>
            <Bucket value="2"/>
        </MasteryTalentArray>
        <MasteryTalentArray>
            <Talent value="MasteryArtanisStartingAndMaxSoAEnergy"/>
            <ValuePerRank value="3.000000"/>
            <MaxRank value="30"/>
            <Bucket value="2"/>
        </MasteryTalentArray>
        <ConsoleSkin value="ConsoleProtoss_Default"/>
        <PrestigeArray value="CommanderPrestigeArtanisCombatAbilities"/>
        <PrestigeArray value="CommanderPrestigeArtanisPowerField"/>
        <PrestigeArray value="CommanderPrestigeArtanisOrbitalStrike"/>
        <CommanderPrestigeAchievementId value="91475324369427"/>
    </CCommander>
    <CCommander id="Vorazun">
        <StoreName value="Commander/StoreName/Vorazun"/>
        <AttributeId value="Vora"/>
        <ProductId value="20907"/>
        <Race value="Prot"/>
        <LevelAchievementId value="91475337087173"/>
        <Color value="255,84,0,129"/>
        <UnitArray Unit="ZealotVorazunACGluescreenDummy" Upgrade="ZealotShakurasACGluescreenDummy"/>
        <UnitArray Unit="StalkerShakurasACGluescreenDummy"/>
        <UnitArray Unit="DarkTemplarShakurasACGluescreenDummy"/>
        <UnitArray Unit="CorsairACGluescreenDummy"/>
        <UnitArray Unit="VoidRayACGluescreenDummy" Upgrade="VoidRayShakurasACGluescreenDummy"/>
        <UnitArray Unit="OracleACGluescreenDummy"/>
        <UnitArray Unit="DarkArchonACGluescreenDummy"/>
        <UnitArray Unit="DarkPylonACGluescreenDummy"/>
        <UnitArray Unit="PhotonCannonACGluescreenDummy"/>
        <TalentTreeArray Talent="CommanderVorazunShadowStalk" Level="1"/>
        <TalentTreeArray Talent="CommanderVorazunSpearofAdunOrbitalAssimilators" Level="2"/>
        <TalentTreeArray Talent="CommanderVorazunShadowGuardIncreasedSpawnCount" Level="3"/>
        <TalentTreeArray>
            <Talent value="CommanderVorazunTwilightCouncilUpgradesPack"/>
            <Unit value="ZealotShakurasACGluescreenDummy"/>
            <Level value="4"/>
            <Type value="Bundle"/>
        </TalentTreeArray>
        <TalentTreeArray>
            <Talent value="CommanderVorazunUnlockDarkArchon"/>
            <Unit value="DarkArchonACGluescreenDummy"/>
            <Level value="5"/>
            <Type value="Unit"/>
        </TalentTreeArray>
        <TalentTreeArray Talent="CommanderVorazunDarkTemplarUpgradesPack" Level="6" Type="Bundle"/>
        <TalentTreeArray Talent="CommanderVorazunImprovedShieldRegeneration" Level="7"/>
        <TalentTreeArray Talent="CommanderVorazunImprovedSpearofAdunBlackhole" Level="8"/>
        <TalentTreeArray Talent="CommanderVorazunDarkArchonUpgradesPack" Level="9" Type="Bundle"/>
        <TalentTreeArray Talent="CommanderVorazunSpearofAdunTimeStop" Level="10" Type="Ability"/>
        <TalentTreeArray Talent="CommanderVorazunDarkPylonRecall" Level="11" Type="Ability"/>
        <TalentTreeArray>
            <Talent value="CommanderVorazunFleetBeaconUpgradesPack"/>
            <Unit value="VoidRayShakurasACGluescreenDummy"/>
            <Level value="12"/>
            <Type value="Bundle"/>
        </TalentTreeArray>
        <TalentTreeArray Talent="CommanderVorazunSpearofAdunEmergencyRecall" Level="13"/>
        <TalentTreeArray Talent="CommanderVorazunImprovedTimeStop" Level="14"/>
        <TalentTreeArray Talent="CommanderVorazunCloakedUnitsDamageBoost" Level="15"/>
        <CommanderAbilArray Button="CommanderTraitVorazunSOASummonDarkPylon"/>
        <CommanderAbilArray Button="CommanderTraitVorazunSOABlackHole"/>
        <CommanderAbilArray Button="CommanderTraitVorazunSOASummonShadowGuard"/>
        <!-- Mastery talents -->
        <MasteryTalentArray>
            <Talent value="MasteryVorazunDarkPylonRadius"/>
            <ValuePerRank value="2.000000"/>
            <MaxRank value="30"/>
            <Type value="Percent"/>
        </MasteryTalentArray>
        <MasteryTalentArray>
            <Talent value="MasteryVorazunBlackHoleDuration"/>
            <ValuePerRank value="2.000000"/>
            <MaxRank value="30"/>
            <Type value="Percent"/>
        </MasteryTalentArray>
        <MasteryTalentArray>
            <Talent value="MasteryVorazunShadowGuardDuration"/>
            <ValuePerRank value="2.000000"/>
            <MaxRank value="30"/>
            <Type value="Seconds"/>
            <Bucket value="1"/>
        </MasteryTalentArray>
        <MasteryTalentArray>
            <Talent value="MasteryVorazunTimeStopHaste"/>
            <ValuePerRank value="1.000000"/>
            <MaxRank value="30"/>
            <Type value="Percent"/>
            <Bucket value="1"/>
        </MasteryTalentArray>
        <MasteryTalentArray>
            <Talent value="MasteryVorazunChronoBoostSpeed"/>
            <ValuePerRank value="1.000000"/>
            <MaxRank value="30"/>
            <Type value="Percent"/>
            <Bucket value="2"/>
        </MasteryTalentArray>
        <MasteryTalentArray>
            <Talent value="MasteryVorazunStartingAndMaxSoAEnergy"/>
            <ValuePerRank value="3.000000"/>
            <MaxRank value="30"/>
            <Bucket value="2"/>
        </MasteryTalentArray>
        <Campaign value="LegacyOfTheVoid"/>
        <StoreTypeName value="UI/StoreTypeName/CommanderFemale"/>
        <ConsoleSkin value="ConsoleProtoss_Default"/>
        <PrestigeArray value="CommanderPrestigeVorazunFrontlineRecall"/>
        <PrestigeArray value="CommanderPrestigeVorazunCrowdControlDamage"/>
        <PrestigeArray value="CommanderPrestigeVorazunTimestopShadowguard"/>
        <CommanderPrestigeAchievementId value="91475322250759"/>
    </CCommander>
    <CCommander id="Karax">
        <StoreName value="Commander/StoreName/Karax"/>
        <AttributeId value="Kara"/>
        <Race value="Prot"/>
        <ProductId value="20910"/>
        <LevelAchievementId value="91475332196275"/>
        <Color value="255,235,225,41"/>
        <UnitArray Unit="ZealotPurifierACGluescreenDummy"/>
        <UnitArray Unit="SentryPurifierACGluescreenDummy"/>
        <UnitArray Unit="ImmortalACGluescreenDummy" Upgrade="ImmortalKaraxACGluescreenDummy"/>
        <UnitArray Unit="ColossusACGluescreenDummy" Upgrade="ColossusPurifierACGluescreenDummy"/>
        <UnitArray Unit="ObserverACGluescreenDummy"/>
        <UnitArray Unit="PhoenixPurifierACGluescreenDummy"/>
        <UnitArray Unit="CarrierACGluescreenDummy" Upgrade="CarrierAiurACGluescreenDummy"/>
        <UnitArray Unit="PhotonCannonACGluescreenDummy"/>
        <UnitArray Unit="KhaydarinMonolithACGluescreenDummy"/>
        <UnitArray Unit="ShieldBatteryACGluescreenDummy"/>
        <TalentTreeArray Talent="CommanderKaraxOrbitalAssault" Level="1"/>
        <TalentTreeArray Talent="CommanderKaraxUnlockSOAChronoPassive" Level="2"/>
        <TalentTreeArray>
            <Talent value="CommanderKaraxUnlockKhaydarinMonolith"/>
            <Unit value="KhaydarinMonolithACGluescreenDummy"/>
            <Level value="3"/>
            <Type value="Unit"/>
        </TalentTreeArray>
        <TalentTreeArray Talent="CommanderKaraxTwilightCouncilUpgradesPack" Level="4" Type="Bundle"/>
        <TalentTreeArray Talent="CommanderKaraxMassChronoUpgrade" Level="5"/>
        <TalentTreeArray Talent="CommanderKaraxForgeUpgradesPack" Level="6" Type="Bundle"/>
        <TalentTreeArray Talent="CommanderKaraxUnlockRepairBeam" Level="7"/>
        <TalentTreeArray Talent="CommanderKaraxSolarForgeUpgradesPack1" Level="8" Type="Bundle"/>
        <TalentTreeArray>
            <Talent value="CommanderKaraxRoboticsBayUpgradesPack"/>
            <Unit value="ColossusPurifierACGluescreenDummy"/>
            <Level value="9"/>
            <Type value="Bundle"/>
        </TalentTreeArray>
        <TalentTreeArray>
            <Talent value="CommanderKaraxRoboticsBayUpgradesPack"/>
            <Unit value="ImmortalKaraxACGluescreenDummy"/>
            <Level value="9"/>
            <Type value="Bundle"/>
            <IsHidden value="1"/>
        </TalentTreeArray>
        <TalentTreeArray Talent="CommanderKaraxUnlockPurifierBeam" Level="10" Type="Ability"/>
        <TalentTreeArray Talent="CommanderKaraxInstantStructureWarp" Level="11"/>
        <TalentTreeArray Talent="CommanderKaraxSolarForgeUpgradesPack2" Level="12" Type="Bundle"/>
        <TalentTreeArray Talent="CommanderKaraxPurifierBeamUpgrade" Level="13"/>
        <TalentTreeArray>
            <Talent value="CommanderKaraxFleetBeaconUpgradesPack"/>
            <Unit value="CarrierAiurACGluescreenDummy"/>
            <Level value="14"/>
            <Type value="Bundle"/>
        </TalentTreeArray>
        <TalentTreeArray Talent="CommanderKaraxUnitSpawnBarrier" Level="15"/>
        <CommanderAbilArray Button="CommanderTraitKaraxSOAOrbitalStrike"/>
        <CommanderAbilArray Button="CommanderTraitKaraxSOASolarLance"/>
        <CommanderAbilArray Button="CommanderTraitKaraxSOAChronoWave"/>
        <!-- Mastery talents -->
        <MasteryTalentArray>
            <Talent value="MasteryKaraxUnitVital"/>
            <ValuePerRank value="1.000000"/>
            <MaxRank value="30"/>
            <Type value="Percent"/>
        </MasteryTalentArray>
        <MasteryTalentArray>
            <Talent value="MasteryKaraxBuildingVital"/>
            <ValuePerRank value="2.000000"/>
            <MaxRank value="30"/>
            <Type value="Percent"/>
        </MasteryTalentArray>
        <MasteryTalentArray>
            <Talent value="MasteryKaraxRepairBeamHeal"/>
            <ValuePerRank value="3.000000"/>
            <MaxRank value="30"/>
            <Type value="Percent"/>
            <Bucket value="1"/>
        </MasteryTalentArray>
        <MasteryTalentArray>
            <Talent value="MasteryKaraxSoAChronoRegen"/>
            <ValuePerRank value="3.000000"/>
            <MaxRank value="30"/>
            <Bucket value="1"/>
        </MasteryTalentArray>
        <MasteryTalentArray>
            <Talent value="MasteryKaraxChronoBoostSpeed"/>
            <ValuePerRank value="1.000000"/>
            <MaxRank value="30"/>
            <Type value="Percent"/>
            <Bucket value="2"/>
        </MasteryTalentArray>
        <MasteryTalentArray>
            <Talent value="MasteryKaraxStartingAndMaxSoAEnergy"/>
            <ValuePerRank value="3.000000"/>
            <MaxRank value="30"/>
            <Bucket value="2"/>
        </MasteryTalentArray>
        <PurchaseImage value="Assets/Textures/UI_Battlenet_Glue_Campaign_Purchase_Thumb_Karax.dds"/>
        <Campaign value="LegacyOfTheVoid"/>
        <ConsoleSkin value="ConsoleProtoss_Default"/>
        <PrestigeArray value="CommanderPrestigeKaraxStructures"/>
        <PrestigeArray value="CommanderPrestigeKaraxArmy"/>
        <PrestigeArray value="CommanderPrestigeKaraxTopBar"/>
        <CommanderPrestigeAchievementId value="91475325082351"/>
    </CCommander>
    <CCommander id="Nova">
        <StoreName value="Commander/StoreName/Nova"/>
        <AttributeId value="Nova"/>
        <ProductId value="22245"/>
        <Race value="Terr"/>
        <Color value="255,28,167,234"/>
        <UnitArray Unit="EliteMarineACGluescreenDummy"/>
        <UnitArray Unit="MarauderCommandoACGluescreenDummy"/>
        <UnitArray Unit="SpecOpsGhostACGluescreenDummy"/>
        <UnitArray Unit="HellbatRangerACGluescreenDummy"/>
        <UnitArray Unit="StrikeGoliathACGluescreenDummy"/>
        <UnitArray Unit="HeavySiegeTankACGluescreenDummy"/>
        <UnitArray Unit="RaidLiberatorACGluescreenDummy"/>
        <UnitArray Unit="RavenTypeIIACGluescreenDummy"/>
        <UnitArray Unit="CovertBansheeACGluescreenDummy"/>
        <UnitArray Unit="RailgunTurretACGluescreenDummy"/>
        <UnitArray Unit="BlackOpsMissileTurretACGluescreenDummy"/>
        <TalentTreeArray Talent="CommanderNovaBaseTrait" Level="1"/>
        <TalentTreeArray Talent="CommanderNovaUnlockBombingRun" Level="2" Type="Ability"/>
        <TalentTreeArray Talent="CommanderNovaUnlockEquipmentChange" Level="3" Type="Ability"/>
        <TalentTreeArray Talent="CommanderNovaBarracksTechLabUpgradesPack" Level="4" Type="Bundle"/>
        <TalentTreeArray Talent="CommanderNovaUnlockGriffinTransport" Level="5" Type="Ability"/>
        <TalentTreeArray Talent="CommanderNovaFactoryTechLabUpgradesPack" Level="6" Type="Bundle"/>
        <TalentTreeArray Talent="CommanderNovaAutoRefineries" Level="7"/>
        <TalentTreeArray Talent="CommanderNovaTechLabandGhostAcademyUpgradesPack" Level="8" Type="Bundle"/>
        <TalentTreeArray Talent="CommanderNovaUnlockNukeandHoloDecoy" Level="9" Type="Ability"/>
        <TalentTreeArray Talent="CommanderNovaBansheeLiberatorStarportTechLabUpgradesPack" Level="10" Type="Bundle"/>
        <TalentTreeArray Talent="CommanderNovaResearchCostandTimeReduction" Level="11"/>
        <TalentTreeArray Talent="CommanderNovaRavenStarportTechLabUpgradesPack" Level="12" Type="Bundle"/>
        <TalentTreeArray Talent="CommanderNovaDefensiveMatrixDroneCharges" Level="13"/>
        <TalentTreeArray Talent="CommanderNovaGhostAcademyUpgradesPack2" Level="14" Type="Bundle"/>
        <TalentTreeArray Talent="CommanderNovaKitSwapCooldownandEnergy" Level="15"/>
        <CommanderAbilArray Button="CommanderTraitNovaStealthMode"/>
        <CommanderAbilArray Button="CommanderTraitNovaDefensiveDrone"/>
        <CommanderAbilArray Button="CommanderTraitNovaInstantRegeneration"/>
        <MasteryTalentArray>
            <Talent value="MasteryNovaNukeAndHoloDecoyCooldown"/>
            <ValuePerRank value="-3.000000"/>
            <MaxRank value="30"/>
            <Type value="Seconds"/>
        </MasteryTalentArray>
        <MasteryTalentArray Talent="MasteryNovaGriffinCooldown" ValuePerRank="-10.000000" MaxRank="30"/>
        <MasteryTalentArray>
            <Talent value="MasteryNovaPrimaryAbilityImprovement"/>
            <ValuePerRank value="1.666670"/>
            <MaxRank value="30"/>
            <Type value="Percent"/>
            <Bucket value="1"/>
        </MasteryTalentArray>
        <MasteryTalentArray>
            <Talent value="MasteryNovaArmyAttackSpeed"/>
            <ValuePerRank value="0.500000"/>
            <MaxRank value="30"/>
            <Type value="Percent"/>
            <Bucket value="1"/>
        </MasteryTalentArray>
        <MasteryTalentArray>
            <Talent value="MasteryNovaEnergyRegen"/>
            <ValuePerRank value="1.000000"/>
            <MaxRank value="30"/>
            <Type value="Percent"/>
            <Bucket value="2"/>
        </MasteryTalentArray>
        <MasteryTalentArray>
            <Talent value="MasteryNovaArmyOOCRegenSpeed"/>
            <ValuePerRank value="0.200000"/>
            <MaxRank value="30"/>
            <Bucket value="2"/>
        </MasteryTalentArray>
        <LevelAchievementId value="91475322146808"/>
        <ConsoleSkin value="ConsoleTerran_Nova"/>
        <FeaturedImagePath value="Assets/Textures/SC2_UI_Collection_Featured_Bundle_Commander_Nova.dds"/>
        <StoreTypeName value="UI/StoreTypeName/CommanderFemale"/>
        <LearnMoreBackgroundImage value="Assets\Textures\UI_Battlenet_Glue_Campaign_Purchase_Logo_CommanderNova.dds"/>
        <LearnMoreImage1 value="Assets\Textures\UI_Battlenet_Glue_Campaign_Purchase_Thumb_CommanderNova_Standard_01.dds"/>
        <LearnMoreImage2 value="Assets\Textures\UI_Battlenet_Glue_Campaign_Purchase_Thumb_CommanderNova_Standard_02.dds"/>
        <LearnMoreImage3 value="Assets\Textures\UI_Battlenet_Glue_Campaign_Purchase_Thumb_CommanderNova_Standard_03.dds"/>
        <PrestigeArray value="CommanderPrestigeNovaInfantry"/>
        <PrestigeArray value="CommanderPrestigeNovaAirlift"/>
        <PrestigeArray value="CommanderPrestigeNovaStealth"/>
        <CommanderPrestigeAchievementId value="91475329781716"/>
    </CCommander>
    <CCommander id="Mastery">
        <LevelAchievementId value="91475326674863"/>
    </CCommander>
    <CCommander id="Alarak">
        <StoreName value="Commander/StoreName/Alarak"/>
        <AttributeId value="Alar"/>
        <ProductId value="22244"/>
        <Race value="Prot"/>
        <Color value="255,64,0,0"/>
        <UnitArray Unit="SupplicantACGluescreenDummy"/>
        <UnitArray Unit="StalkerTaldarimACGluescreenDummy"/>
        <UnitArray Unit="SentryTaldarimACGluescreenDummy"/>
        <UnitArray Unit="HighTemplarTaldarimACGluescreenDummy"/>
        <UnitArray Unit="ImmortalTaldarimACGluescreenDummy"/>
        <UnitArray Unit="ColossusTaldarimACGluescreenDummy"/>
        <UnitArray Unit="WarpPrismTaldarimACGluescreenDummy"/>
        <UnitArray Unit="PhotonCannonTaldarimACGluescreenDummy"/>
        <TalentTreeArray Talent="CommanderAlarakStrongestSurvive" Level="1"/>
        <TalentTreeArray Talent="CommanderAlarakImprovedStructureOvercharge" Level="2"/>
        <TalentTreeArray Talent="CommanderAlarakImprovedDeadlyCharge" Level="3"/>
        <TalentTreeArray Talent="CommanderAlarakTwilightCouncilUpgradesPack" Level="4" Type="Bundle"/>
        <TalentTreeArray Talent="CommanderAlarakEmpowerMeSlaves" Level="5" Type="Ability"/>
        <TalentTreeArray Talent="CommanderAlarakRoboticsBayUpgradesPack" Level="6" Type="Bundle"/>
        <TalentTreeArray Talent="CommanderAlarakLightningStrikes" Level="7"/>
        <TalentTreeArray>
            <Talent value="CommanderAlarakUnlockAscendant"/>
            <Unit value="HighTemplarTaldarimACGluescreenDummy"/>
            <Level value="8"/>
            <Type value="Unit"/>
        </TalentTreeArray>
        <TalentTreeArray Talent="CommanderAlarakHavocUpgradesPack" Level="9" Type="Bundle"/>
        <TalentTreeArray Talent="CommanderAlarakUnlockDeathFleet" Level="10" Type="Ability"/>
        <TalentTreeArray Talent="CommanderAlarakEmpoweredAOEAttacks" Level="11"/>
        <TalentTreeArray Talent="CommanderAlarakTemplarArchivesUpgradesPack" Level="12" Type="Bundle"/>
        <TalentTreeArray Talent="CommanderAlarakImprovedDeathFleet" Level="13"/>
        <TalentTreeArray Talent="CommanderAlarakForgeAlarakUpgrades" Level="14" Type="Bundle"/>
        <TalentTreeArray Talent="CommanderAlarakSupplicantSacrificeCDR" Level="15"/>
        <!-- Mastery talents -->
        <MasteryTalentArray Talent="MasteryAlarakAutoAttackDamage" ValuePerRank="1.000000" MaxRank="30"/>
        <MasteryTalentArray>
            <Talent value="MasteryAlarakUnitAttackSpeed"/>
            <ValuePerRank value="0.500000"/>
            <MaxRank value="30"/>
            <Type value="Percent"/>
        </MasteryTalentArray>
        <MasteryTalentArray>
            <Talent value="MasteryAlarakEmpowerMeSlavesDuration"/>
            <ValuePerRank value="1.000000"/>
            <MaxRank value="30"/>
            <Type value="Seconds"/>
            <Bucket value="1"/>
        </MasteryTalentArray>
        <MasteryTalentArray>
            <Talent value="MasteryAlarakDeathFleetCDR"/>
            <ValuePerRank value="-4.000000"/>
            <MaxRank value="30"/>
            <Type value="Seconds"/>
            <Bucket value="1"/>
        </MasteryTalentArray>
        <MasteryTalentArray>
            <Talent value="MasteryAlarakOverchargeShieldsDamage"/>
            <ValuePerRank value="2.000000"/>
            <MaxRank value="30"/>
            <Type value="Percent"/>
            <Bucket value="2"/>
        </MasteryTalentArray>
        <MasteryTalentArray>
            <Talent value="MasteryAlarakChronoBoostSpeed"/>
            <ValuePerRank value="1.000000"/>
            <MaxRank value="30"/>
            <Type value="Percent"/>
            <Bucket value="2"/>
        </MasteryTalentArray>
        <CommanderAbilArray Button="CommanderTraitAlarakDeadlyCharge"/>
        <CommanderAbilArray Button="CommanderTraitAlarakDestructionWave"/>
        <CommanderAbilArray Button="CommanderTraitAlarakStructureOvercharge"/>
        <LevelAchievementId value="91475325649922"/>
        <FeaturedImagePath value="Assets/Textures/SC2_UI_Collection_Featured_Bundle_Commander_Alarak.dds"/>
        <ConsoleSkin value="ConsoleProtoss_Forged"/>
        <PrestigeArray value="CommanderPrestigeAlarakMech"/>
        <PrestigeArray value="CommanderPrestigeAlarakEmpowerMe"/>
        <PrestigeArray value="CommanderPrestigeAlarakDeathFleet"/>
        <CommanderPrestigeAchievementId value="91475329712924"/>
    </CCommander>
    <CCommander id="Stukov">
        <StoreName value="Commander/StoreName/Stukov"/>
        <AttributeId value="Stuk"/>
        <Race value="Zerg"/>
        <Color value="255,204,166,252"/>
        <UnitArray Unit="StukovInfestedCivilianACGluescreenDummy"/>
        <!--UnitArray Unit="StukovInfestedTrooperACGluescreenDummy"/-->
        <UnitArray Unit="StukovInfestedMarineACGluescreenDummy"/>
        <UnitArray Unit="StukovInfestedSiegeTankACGluescreenDummy"/>
        <UnitArray Unit="StukovInfestedDiamondbackACGluescreenDummy"/>
        <UnitArray Unit="StukovInfestedBansheeACGluescreenDummy"/>
        <UnitArray Unit="SILiberatorACGluescreenDummy"/>
        <UnitArray Unit="OverseerACGluescreenDummy"/>
        <UnitArray Unit="StukovInfestedBunkerACGluescreenDummy"/>
        <UnitArray Unit="StukovInfestedMissileTurretACGluescreenDummy"/>
        <UnitArray Unit="StukovBroodQueenACGluescreenDummy"/>
        <TalentTreeArray Talent="CommanderStukovAutoCreep" Level="1"/>
        <TalentTreeArray Talent="CommanderStukovImprovedInfestStructure" Level="2"/>
        <TalentTreeArray Talent="CommanderStukovExtraInfestedCivilians" Level="3"/>
        <TalentTreeArray Talent="CommanderStukovApocalisk" Level="4" Type="Ability"/>
        <TalentTreeArray Talent="CommanderStukovBunkerResearch" Level="5" Type="Bundle"/>
        <TalentTreeArray Talent="CommanderStukovImprovedMarineSpawning" Level="6"/>
        <TalentTreeArray Talent="CommanderStukovInfestedCivilianResearch" Level="7" Type="Bundle"/>
        <TalentTreeArray>
            <Talent value="CommanderStukovQueenClassic"/>
            <Unit value="StukovBroodQueenACGluescreenDummy"/>
            <Level value="8"/>
            <Type value="Unit"/>
        </TalentTreeArray>
        <TalentTreeArray Talent="CommanderStukovInfestedFactoryResearchPack" Level="9" Type="Bundle"/>
        <TalentTreeArray Talent="CommanderStukovAleksander" Level="10" Type="Ability"/>
        <TalentTreeArray Talent="CommanderStukovInfestedStarportResearchPack" Level="11" Type="Bundle"/>
        <TalentTreeArray Talent="CommanderStukovApocaliskUpgraded" Level="12"/>
        <TalentTreeArray Talent="CommanderStukovQueenClassicUpgradeCache" Level="13" Type="Bundle"/>
        <TalentTreeArray Talent="CommanderStukovBunkerBonuses" Level="14"/>
        <TalentTreeArray Talent="CommanderStukovAleksanderMindControl" Level="15"/>
        <!--CommanderAbilArray Button="CommanderTraitStukovInfestStructure"/-->
        <CommanderAbilArray Button="CommanderTraitStukovInfestedHorde"/>
        <CommanderAbilArray Button="CommanderTraitStukovPsiEmitter"/>
        <CommanderAbilArray Button="CommanderTraitStukovInfestStructure"/>
        <MasteryTalentArray>
            <Talent value="MasteryStukovVolatileChance"/>
            <ValuePerRank value="0.500000"/>
            <MaxRank value="30"/>
            <Type value="Percent"/>
        </MasteryTalentArray>
        <MasteryTalentArray>
            <Talent value="MasteryStukovInfestStructureCDR"/>
            <ValuePerRank value="-1.500000"/>
            <MaxRank value="30"/>
            <Type value="Seconds"/>
        </MasteryTalentArray>
        <MasteryTalentArray>
            <Talent value="MasteryStukovAleksanderCDR"/>
            <ValuePerRank value="-3.000000"/>
            <MaxRank value="30"/>
            <Type value="Seconds"/>
            <Bucket value="1"/>
        </MasteryTalentArray>
        <MasteryTalentArray>
            <Talent value="MasteryStukovApocaliskCDR"/>
            <ValuePerRank value="-3.000000"/>
            <MaxRank value="30"/>
            <Type value="Seconds"/>
            <Bucket value="1"/>
        </MasteryTalentArray>
        <MasteryTalentArray>
            <Talent value="MasteryStukovTimedLife"/>
            <ValuePerRank value="1.000000"/>
            <MaxRank value="30"/>
            <Type value="Seconds"/>
            <Bucket value="2"/>
        </MasteryTalentArray>
        <MasteryTalentArray>
            <Talent value="MasteryStukovMechAttackSpeed"/>
            <ValuePerRank value="1.000000"/>
            <MaxRank value="30"/>
            <Type value="Percent"/>
            <Bucket value="2"/>
        </MasteryTalentArray>
        <LevelAchievementId value="91475325035850"/>
        <ProductId value="22686"/>
        <FeaturedImagePath value="Assets/Textures/SC2_UI_Collection_Featured_Bundle_Commander_Stukov.dds"/>
        <ConsoleSkin value="ConsoleZerg_Default"/>
        <PrestigeArray value="CommanderPrestigeStukovMech"/>
        <PrestigeArray value="CommanderPrestigeStukov"/>
        <PrestigeArray value="CommanderPrestigeStukovBunkers"/>
        <CommanderPrestigeAchievementId value="91475329335486"/>
    </CCommander>
    <CCommander id="Fenix">
        <StoreName value="Commander/StoreName/Fenix"/>
        <AttributeId value="Feni"/>
        <ProductId value="25493"/>
        <Race value="Prot"/>
        <Color value="255,254,138,14"/>
        <UnitArray Unit="ZealotFenixACGluescreenDummy"/>
        <UnitArray Unit="SentryFenixACGluescreenDummy"/>
        <UnitArray Unit="AdeptFenixACGluescreenDummy"/>
        <UnitArray Unit="ImmortalFenixACGluescreenDummy"/>
        <UnitArray Unit="ColossusFenixACGluescreenDummy"/>
        <UnitArray Unit="DisruptorACGluescreenDummy"/>
        <UnitArray Unit="ObserverFenixACGluescreenDummy"/>
        <UnitArray Unit="ScoutACGluescreenDummy"/>
        <UnitArray Unit="CarrierFenixACGluescreenDummy"/>
        <UnitArray Unit="PhotonCannonFenixACGluescreenDummy"/>
        <TalentTreeArray Talent="CommanderFenixBaseTrait" Level="1"/>
        <TalentTreeArray Talent="CommanderFenixUnlockPurifierConclave" Level="2"/>
        <TalentTreeArray Talent="CommanderFenixUnlockArbiterSuit" Level="3"/>
        <TalentTreeArray Talent="CommanderFenixPurifierConclaveResearchPack1" Level="4" Type="Bundle"/>
        <TalentTreeArray Talent="CommanderFenixUnlockPurifierAI1" Level="5"/>
        <TalentTreeArray Talent="CommanderFenixSuitUpgrades" Level="6" Type="Bundle"/>
        <TalentTreeArray>
            <Talent value="CommanderFenixUnlockDisruptor"/>
            <Unit value="DisruptorACGluescreenDummy"/>
            <Level value="7"/>
            <Type value="Unit"/>
        </TalentTreeArray>
        <TalentTreeArray Talent="CommanderFenixUnlockPurifierAI2" Level="8"/>
        <TalentTreeArray Talent="CommanderFenixDisruptorSentryResearchPack" Level="9" Type="Bundle"/>
        <TalentTreeArray Talent="CommanderFenixNoTechNoGas" Level="10"/>
        <TalentTreeArray Talent="CommanderFenixChampionTransferBuff" Level="11"/>
        <TalentTreeArray Talent="CommanderFenixPurifierConclaveResearchPack2" Level="12" Type="Bundle"/>
        <TalentTreeArray Talent="CommanderFenixOfflineSuitRegen" Level="13"/>
        <TalentTreeArray Talent="CommanderFenixPurifierConclaveResearchPack3" Level="14" Type="Bundle"/>
        <TalentTreeArray Talent="CommanderFenixNetworkedSuperiority" Level="15" Type="Ability"/>
        <!-- Mastery talents -->
        <MasteryTalentArray>
            <Talent value="MasteryFenixSuitAttackSpeed"/>
            <ValuePerRank value="2.000000"/>
            <MaxRank value="30"/>
            <Type value="Percent"/>
        </MasteryTalentArray>
        <MasteryTalentArray>
            <Talent value="MasteryFenixSuitEnergyRegen"/>
            <ValuePerRank value="0.750000"/>
            <MaxRank value="30"/>
            <Type value="Percent"/>
        </MasteryTalentArray>
        <MasteryTalentArray>
            <Talent value="MasteryFenixChampionAttackSpeed"/>
            <ValuePerRank value="1.000000"/>
            <MaxRank value="30"/>
            <Type value="Percent"/>
            <Bucket value="1"/>
        </MasteryTalentArray>
        <MasteryTalentArray>
            <Talent value="MasteryFenixChampionLifeShieldBuff"/>
            <ValuePerRank value="2.000000"/>
            <MaxRank value="30"/>
            <Type value="Percent"/>
            <Bucket value="1"/>
        </MasteryTalentArray>
        <MasteryTalentArray>
            <Talent value="MasteryFenixChronoBoostExtra"/>
            <ValuePerRank value="1.000000"/>
            <MaxRank value="30"/>
            <Type value="Percent"/>
            <Bucket value="2"/>
        </MasteryTalentArray>
        <MasteryTalentArray>
            <Talent value="MasteryFenixExtraStartingSupply"/>
            <ValuePerRank value="2.000000"/>
            <MaxRank value="30"/>
            <Bucket value="2"/>
            <MaxValuePrecision value="1"/>
        </MasteryTalentArray>
        <CommanderAbilArray Button="CommanderTraitFenixPraetorArmorSuit"/>
        <CommanderAbilArray Button="CommanderTraitFenixSolariteDragoonSuit"/>
        <CommanderAbilArray Button="CommanderTraitFenixChampionAI"/>
        <LevelAchievementId value="91475336371133"/>
        <ConsoleSkin value="ConsoleProtoss_Fenix"/>
        <FeaturedImagePath value="Assets/Textures/SC2_UI_Collection_Featured_Bundle_Commander_Fenix.dds"/>
        <PrestigeArray value="CommanderPrestigeFenixSuitSwap"/>
        <PrestigeArray value="CommanderPrestigeFenixDataWeb"/>
        <PrestigeArray value="CommanderPrestigeFenixAvenger"/>
        <CommanderPrestigeAchievementId value="91475325941076"/>
    </CCommander>
    <CCommander id="Dehaka">
        <StoreName value="Commander/StoreName/Dehaka"/>
        <AttributeId value="Deha"/>
        <ProductId value="30469"/>
        <Race value="Zerg"/>
        <Color value="255,105,199,214"/>
        <UnitArray Unit="PrimalZerglingACGluescreenDummy"/>
        <UnitArray Unit="RavasaurACGluescreenDummy"/>
        <UnitArray Unit="PrimalRoachACGluescreenDummy"/>
        <UnitArray Unit="FireRoachACGluescreenDummy"/>
        <UnitArray Unit="PrimalGuardianACGluescreenDummy"/>
        <UnitArray Unit="PrimalHydraliskACGluescreenDummy"/>
        <UnitArray Unit="PrimalMutaliskACGluescreenDummy"/>
        <UnitArray Unit="PrimalImpalerACGluescreenDummy"/>
        <UnitArray Unit="PrimalSwarmHostACGluescreenDummy"/>
        <UnitArray Unit="CreeperHostACGluescreenDummy"/>
        <UnitArray Unit="PrimalUltraliskACGluescreenDummy"/>
        <UnitArray Unit="TyrannozorACGluescreenDummy"/>
        <UnitArray Unit="PrimalWurmACGluescreenDummy"/>
        <TalentTreeArray Talent="CommanderDehakaBaseTrait" Level="1"/>
        <TalentTreeArray>
            <Talent value="CommanderDehakaLevel02"/>
            <Unit value="RavasaurACGluescreenDummy"/>
            <Level value="2"/>
            <Type value="Unit"/>
        </TalentTreeArray>
        <TalentTreeArray>
            <Talent value="CommanderDehakaLevel02"/>
            <Unit value="FireRoachACGluescreenDummy"/>
            <Level value="2"/>
            <Type value="Unit"/>
            <IsHidden value="1"/>
        </TalentTreeArray>
        <TalentTreeArray Talent="CommanderDehakaLevel03" Level="3" Type="Bundle"/>
        <TalentTreeArray Talent="CommanderDehakaLevel04" Level="4" Type="Ability"/>
        <TalentTreeArray Talent="CommanderDehakaLevel05" Level="5" Type="Ability"/>
        <TalentTreeArray>
            <Talent value="CommanderDehakaLevel06"/>
            <Unit value="PrimalMutaliskACGluescreenDummy"/>
            <Level value="6"/>
            <Type value="Unit"/>
        </TalentTreeArray>
        <TalentTreeArray>
            <Talent value="CommanderDehakaLevel06"/>
            <Unit value="PrimalGuardianACGluescreenDummy"/>
            <Level value="6"/>
            <Type value="Unit"/>
            <IsHidden value="1"/>
        </TalentTreeArray>
        <TalentTreeArray Talent="CommanderDehakaLevel07" Level="7" Type="Bundle"/>
        <TalentTreeArray>
            <Talent value="CommanderDehakaLevel08"/>
            <Unit value="PrimalImpalerACGluescreenDummy"/>
            <Level value="8"/>
            <Type value="Unit"/>
        </TalentTreeArray>
        <TalentTreeArray>
            <Talent value="CommanderDehakaLevel08"/>
            <Unit value="CreeperHostACGluescreenDummy"/>
            <Level value="8"/>
            <Type value="Unit"/>
            <IsHidden value="1"/>
        </TalentTreeArray>
        <TalentTreeArray Talent="CommanderDehakaLevel09" Level="9" Type="Bundle"/>
        <TalentTreeArray Talent="CommanderDehakaLevel10" Level="10" Type="Ability"/>
        <TalentTreeArray>
            <Talent value="CommanderDehakaLevel11"/>
            <Unit value="TyrannozorACGluescreenDummy"/>
            <Level value="11"/>
            <Type value="Unit"/>
        </TalentTreeArray>
        <TalentTreeArray Talent="CommanderDehakaLevel12" Level="12" Type="Ability"/>
        <TalentTreeArray Talent="CommanderDehakaLevel13" Level="13" Type="Bundle"/>
        <TalentTreeArray Talent="CommanderDehakaLevel14" Level="14"/>
        <TalentTreeArray Talent="CommanderDehakaLevel15" Level="15" Type="Ability"/>
        <MasteryTalentArray>
            <Talent value="MasteryDehakaConsumeHealing"/>
            <ValuePerRank value="1.000000"/>
            <MaxRank value="30"/>
            <Type value="Percent"/>
        </MasteryTalentArray>
        <MasteryTalentArray>
            <Talent value="MasteryDehakaConsumeDuration"/>
            <ValuePerRank value="3.000000"/>
            <MaxRank value="30"/>
            <Type value="Percent"/>
        </MasteryTalentArray>
        <MasteryTalentArray>
            <Talent value="MasteryDehakaPrimalWurmCDR"/>
            <ValuePerRank value="-2.000000"/>
            <MaxRank value="30"/>
            <Type value="Percent"/>
            <Bucket value="1"/>
        </MasteryTalentArray>
        <MasteryTalentArray>
            <Talent value="MasteryDehakaBossTimedLife"/>
            <ValuePerRank value="1.000000"/>
            <MaxRank value="30"/>
            <Type value="Percent"/>
            <Bucket value="1"/>
        </MasteryTalentArray>
        <MasteryTalentArray>
            <Talent value="MasteryDehakaGeneMutation"/>
            <ValuePerRank value="1.000000"/>
            <MaxRank value="30"/>
            <Type value="Percent"/>
            <Bucket value="2"/>
        </MasteryTalentArray>
        <MasteryTalentArray>
            <Talent value="MasteryDehakaAttackSpeed"/>
            <ValuePerRank value="1.000000"/>
            <MaxRank value="30"/>
            <Type value="Percent"/>
            <Bucket value="2"/>
        </MasteryTalentArray>
        <CommanderAbilArray Button="CommanderTraitDehakaConsume"/>
        <CommanderAbilArray Button="CommanderTraitDehakaPrimalCombat"/>
        <CommanderAbilArray Button="CommanderTraitDehakaPrimalPackLeaders"/>
        <FeaturedImagePath value="Assets/Textures/SC2_UI_Collection_Featured_Bundle_Commander_Dehaka.dds"/>
        <LevelAchievementId value="91475330935154"/>
        <ConsoleSkin value="ConsoleZerg_Dehaka"/>
        <PrestigeArray value="CommanderPrestigeDehakaDevour"/>
        <PrestigeArray value="CommanderPrestigeDehakaPackLeaders"/>
        <PrestigeArray value="CommanderPrestigeDehakaClone"/>
        <CommanderPrestigeAchievementId value="91475328228993"/>
    </CCommander>
    <CCommander id="Horner">
        <StoreName value="Commander/StoreName/Horner"/>
        <ProductId value="32729"/>
        <Race value="Terr"/>
        <Color value="255,74,27,71"/>
        <Movie value="Assets\Textures\video_ac_hanhorner.ogv"/>
        <UnitArray Unit="HHReaperACGluescreenDummy"/>
        <UnitArray Unit="HHWidowMineACGluescreenDummy"/>
        <UnitArray Unit="HHHellionTankACGluescreenDummy"/>
        <UnitArray Unit="HHWraithACGluescreenDummy"/>
        <UnitArray Unit="HHVikingACGluescreenDummy"/>
        <UnitArray Unit="HHBattlecruiserACGluescreenDummy"/>
        <UnitArray Unit="HHRavenACGluescreenDummy"/>
        <UnitArray Unit="HHBomberPlatformACGluescreenDummy"/>
        <UnitArray Unit="HHMercStarportACGluescreenDummy"/>
        <UnitArray Unit="HHMissileTurretACGluescreenDummy"/>
        <TalentTreeArray Talent="CommanderHornerLevel01" Level="1"/>
        <TalentTreeArray>
            <Talent value="CommanderHornerLevel02"/>
            <Unit value="HHBomberPlatformACGluescreenDummy"/>
            <Level value="2"/>
            <Type value="Unit"/>
        </TalentTreeArray>
        <TalentTreeArray Talent="CommanderHornerLevel03" Level="3" Type="Bundle"/>
        <TalentTreeArray Talent="CommanderHornerLevel04" Level="4" Type="Bundle"/>
        <TalentTreeArray Talent="CommanderHornerLevel05" Level="5" Type="Ability"/>
        <TalentTreeArray Talent="CommanderHornerLevel06" Level="6"/>
        <TalentTreeArray Talent="CommanderHornerLevel07" Level="7" Type="Bundle"/>
        <TalentTreeArray Talent="CommanderHornerLevel08" Level="8"/>
        <TalentTreeArray Talent="CommanderHornerLevel09" Level="9" Type="Bundle"/>
        <TalentTreeArray Talent="CommanderHornerLevel10" Level="10" Type="Ability"/>
        <TalentTreeArray Talent="CommanderHornerLevel11" Level="11"/>
        <TalentTreeArray Talent="CommanderHornerLevel12" Level="12"/>
        <TalentTreeArray Talent="CommanderHornerLevel13" Level="13" Type="Bundle"/>
        <TalentTreeArray Talent="CommanderHornerLevel14" Level="14"/>
        <TalentTreeArray Talent="CommanderHornerLevel15" Level="15"/>
        <!-- Mastery talents -->
        <MasteryTalentArray>
            <Talent value="MasteryHornerBomberRadius"/>
            <ValuePerRank value="1.000000"/>
            <MaxRank value="30"/>
            <Type value="Percent"/>
        </MasteryTalentArray>
        <MasteryTalentArray>
            <Talent value="MasteryHornerBetterDeathRattle"/>
            <ValuePerRank value="2.000000"/>
            <MaxRank value="30"/>
            <Type value="Percent"/>
        </MasteryTalentArray>
        <MasteryTalentArray>
            <Talent value="MasteryHornerMSOBonus"/>
            <ValuePerRank value="0.500000"/>
            <MaxRank value="30"/>
            <Type value="Percent"/>
            <Bucket value="1"/>
        </MasteryTalentArray>
        <MasteryTalentArray>
            <Talent value="MasteryHornerDoubleSalvageChance"/>
            <ValuePerRank value="2.000000"/>
            <MaxRank value="30"/>
            <Type value="Percent"/>
            <Bucket value="1"/>
        </MasteryTalentArray>
        <MasteryTalentArray>
            <Talent value="MasteryHornerAirStrikeDistance"/>
            <ValuePerRank value="2.000000"/>
            <MaxRank value="30"/>
            <Type value="Percent"/>
            <Bucket value="2"/>
        </MasteryTalentArray>
        <MasteryTalentArray>
            <Talent value="MasteryHornerMagMineUpgrades"/>
            <ValuePerRank value="-1.000000"/>
            <MaxRank value="30"/>
            <Type value="Percent"/>
            <Bucket value="2"/>
        </MasteryTalentArray>
        <LoadingImage value="Assets\Textures\ui_loading_coop_hero_HanandHorner.dds"/>
        <LoadingImageAlly value="Assets\Textures\ui_loading_coop_hero_HanandHorner.dds"/>
        <CommanderAbilArray Button="CommanderTraitHornerCallFleet"/>
        <CommanderAbilArray Button="CommanderTraitHornerSpaceStation"/>
        <CommanderAbilArray Button="CommanderTraitHornerSalvage"/>
        <ProfileImagePath value="Assets\Textures\SC2_UI_UserProfile_Summary_Commander_HanandHorner.dds"/>
        <AttributeId value="Horn"/>
        <FeaturedImagePath value="Assets\Textures\sc2_ui_collection_featured_bundle_commander_hanandhorner.dds"/>
        <LevelAchievementId value="91475322650438"/>
        <ConsoleSkin value="ConsoleTerran_Horner"/>
        <Portrait value="Assets\Textures\UI_CommanderPortrait_HanandHorner.dds"/>
        <TraitIcon value="Assets\Textures\SC2_UI_Coop_Detail_Background_HanandHorner.dds"/>
        <LearnMoreBackgroundImage value="Assets\Textures\UI_Battlenet_Glue_Campaign_Purchase_Logo_HanandHorner.dds"/>
        <LearnMoreImage1 value="Assets\Textures\UI_Battlenet_Glue_Campaign_Purchase_Thumb_HanandHorner_Standard_01.dds"/>
        <LearnMoreImage2 value="Assets\Textures\UI_Battlenet_Glue_Campaign_Purchase_Thumb_HanandHorner_Standard_02.dds"/>
        <LearnMoreImage3 value="Assets\Textures\UI_Battlenet_Glue_Campaign_Purchase_Thumb_HanandHorner_Standard_03.dds"/>
        <LearnMoreTitleText1 value="UI/CampaignPurchase/InfoDialog/HanandHorner/Standard/Item1/Title"/>
        <LearnMoreTitleText2 value="UI/CampaignPurchase/InfoDialog/HanandHorner/Standard/Item2/Title"/>
        <LearnMoreTitleText3 value="UI/CampaignPurchase/InfoDialog/HanandHorner/Standard/Item3/Title"/>
        <LearnMoreBodyText1 value="UI/CampaignPurchase/InfoDialog/HanandHorner/Standard/Item1/Description"/>
        <LearnMoreBodyText2 value="UI/CampaignPurchase/InfoDialog/HanandHorner/Standard/Item2/Description"/>
        <LearnMoreBodyText3 value="UI/CampaignPurchase/InfoDialog/HanandHorner/Standard/Item3/Description"/>
        <PurchaseMessage value="UI/CampaignPurchase/InfoDialog/HanandHorner/Description"/>
        <PrestigeArray value="CommanderPrestigeHornerMagMines"/>
        <PrestigeArray value="CommanderPrestigeHornerStarport"/>
        <PrestigeArray value="CommanderPrestigeHornerBombingPlatforms"/>
        <CommanderPrestigeAchievementId value="91475332752110"/>
    </CCommander>
    <CCommander id="Tychus">
        <StoreName value="Commander/StoreName/Tychus"/>
        <AttributeId value="Tych"/>
        <LevelAchievementId value="91475333780375"/>
        <ProductId value="41750"/>
        <Race value="Terr"/>
        <Color value="255,167,105,66"/>
        <!-- <ConsoleSkin value="ConsoleTerran_Construction"/> -->
        <UnitArray Unit="TychusReaperACGluescreenDummy"/>
        <UnitArray Unit="TychusFirebatACGluescreenDummy"/>
        <UnitArray Unit="TychusSpectreACGluescreenDummy"/>
        <UnitArray Unit="TychusMedicACGluescreenDummy"/>
        <UnitArray Unit="TychusMarauderACGluescreenDummy"/>
        <UnitArray Unit="TychusWarhoundACGluescreenDummy"/>
        <UnitArray Unit="TychusHERCACGluescreenDummy"/>
        <UnitArray Unit="TychusGhostACGluescreenDummy"/>
        <UnitArray Unit="TychusSCVAutoTurretACGluescreenDummy"/>
        <TalentTreeArray Talent="CommanderTychusLevel01" Level="1"/>
        <TalentTreeArray Talent="CommanderTychusLevel02" Level="2"/>
        <TalentTreeArray Talent="CommanderTychusLevel03" Level="3" Type="Ability"/>
        <TalentTreeArray Talent="CommanderTychusLevel04" Unit="TychusMarauderACGluescreenDummy" Level="4"/>
        <TalentTreeArray Talent="CommanderTychusLevel05" Level="5" Type="Bundle"/>
        <TalentTreeArray Talent="CommanderTychusLevel06" Unit="TychusWarhoundACGluescreenDummy" Level="6"/>
        <TalentTreeArray Talent="CommanderTychusLevel07" Level="7"/>
        <TalentTreeArray Talent="CommanderTychusLevel08" Unit="TychusHERCACGluescreenDummy" Level="8"/>
        <TalentTreeArray Talent="CommanderTychusLevel09" Level="9"/>
        <TalentTreeArray Talent="CommanderTychusLevel10" Unit="TychusGhostACGluescreenDummy" Level="10"/>
        <TalentTreeArray Talent="CommanderTychusLevel11" Level="11"/>
        <TalentTreeArray Talent="CommanderTychusLevel12" Level="12" Type="Bundle"/>
        <TalentTreeArray Talent="CommanderTychusLevel13" Level="13" Type="Bundle"/>
        <TalentTreeArray Talent="CommanderTychusLevel14" Level="14" Type="Bundle"/>
        <TalentTreeArray Talent="CommanderTychusLevel15" Level="15"/>
        <CommanderAbilArray Button="CommanderTraitTychusOdin"/>
        <CommanderAbilArray Button="CommanderTraitTychusOutlawRecruitment"/>
        <CommanderAbilArray Button="CommanderTraitTychusShredderGrenade"/>
        <!-- Mastery talents -->
        <MasteryTalentArray>
            <Talent value="MasteryTychusCommanderAttackSpeed"/>
            <ValuePerRank value="1.000000"/>
            <MaxRank value="30"/>
            <Type value="Percent"/>
        </MasteryTalentArray>
        <MasteryTalentArray>
            <Talent value="MasteryTychusGrenadeCooldown"/>
            <ValuePerRank value="-1.000000"/>
            <MaxRank value="30"/>
            <Type value="Percent"/>
        </MasteryTalentArray>
        <MasteryTalentArray>
            <Talent value="MasteryTychusUpgradesIncrease"/>
            <ValuePerRank value="0.500000"/>
            <MaxRank value="30"/>
            <Type value="Percent"/>
            <Bucket value="1"/>
        </MasteryTalentArray>
        <MasteryTalentArray>
            <Talent value="MasteryTychusHeroCooldown"/>
            <ValuePerRank value="-3.000000"/>
            <MaxRank value="30"/>
            <Type value="Seconds"/>
            <Bucket value="1"/>
        </MasteryTalentArray>
        <MasteryTalentArray>
            <Talent value="MasteryTychusMedivacBuff"/>
            <ValuePerRank value="-1.500000"/>
            <MaxRank value="30"/>
            <Type value="Seconds"/>
            <Bucket value="2"/>
        </MasteryTalentArray>
        <MasteryTalentArray>
            <Talent value="MasteryTychusOdinCooldown"/>
            <ValuePerRank value="-4.000000"/>
            <MaxRank value="30"/>
            <Type value="Seconds"/>
            <Bucket value="2"/>
        </MasteryTalentArray>
        <ConsoleSkin value="ConsoleTerran_Default"/>
        <PrestigeArray value="CommanderPrestigeTychusSquadCooldowns"/>
        <PrestigeArray value="CommanderPrestigeTychusLoneWolf"/>
        <PrestigeArray value="CommanderPrestigeTychusOdin"/>
        <CommanderPrestigeAchievementId value="91475326246910"/>
    </CCommander>
    <CCommander id="Zeratul">
        <StoreName value="Commander/StoreName/Zeratul"/>
        <AttributeId value="Zera"/>
        <ProductId value="43905"/>
        <Race value="Prot"/>
        <LevelAchievementId value="91475322682155"/>
        <Color value="255,1,167,98"/>
        <UnitArray Unit="ZeratulStalkerACGluescreenDummy"/>
        <UnitArray Unit="ZeratulSentryACGluescreenDummy"/>
        <UnitArray Unit="ZeratulDarkTemplarACGluescreenDummy"/>
        <UnitArray Unit="ZeratulImmortalACGluescreenDummy"/>
        <UnitArray Unit="ZeratulObserverACGluescreenDummy"/>
        <UnitArray Unit="ZeratulDisruptorACGluescreenDummy"/>
        <UnitArray Unit="ZeratulWarpPrismACGluescreenDummy"/>
        <UnitArray Unit="ZeratulPhotonCannonACGluescreenDummy"/>
        <TalentTreeArray Talent="CommanderZeratulLevel01" Level="1"/>
        <TalentTreeArray Talent="CommanderZeratulLevel02" Level="2"/>
        <TalentTreeArray Talent="CommanderZeratulLevel03" Level="3"/>
        <TalentTreeArray Talent="CommanderZeratulLevel04" Unit="ZeratulDisruptorACGluescreenDummy" Level="4"/>
        <TalentTreeArray Talent="CommanderZeratulLevel05" Level="5"/>
        <TalentTreeArray Talent="CommanderZeratulLevel06" Level="6"/>
        <TalentTreeArray Talent="CommanderZeratulLevel07" Level="7"/>
        <TalentTreeArray Talent="CommanderZeratulLevel08" Level="8"/>
        <TalentTreeArray Talent="CommanderZeratulLevel09" Unit="ZeratulWarpPrismACGluescreenDummy" Level="9"/>
        <TalentTreeArray Talent="CommanderZeratulLevel10" Level="10"/>
        <TalentTreeArray Talent="CommanderZeratulLevel11" Level="11"/>
        <TalentTreeArray Talent="CommanderZeratulLevel12" Level="12"/>
        <TalentTreeArray Talent="CommanderZeratulLevel13" Level="13"/>
        <TalentTreeArray Talent="CommanderZeratulLevel14" Level="14"/>
        <TalentTreeArray Talent="CommanderZeratulLevel15" Level="15"/>
        <CommanderAbilArray Button="CommanderTraitZeratulPropheticVision"/>
        <CommanderAbilArray Button="CommanderTraitZeratulLegendaryLegions"/>
        <CommanderAbilArray Button="CommanderTraitZeratulAvatarsofFormandEssence"/>
        <!-- Mastery talents -->
        <MasteryTalentArray>
            <Talent value="MasteryZeratulZeratulAttackSpeed"/>
            <ValuePerRank value="1.500000"/>
            <MaxRank value="30"/>
            <Type value="Percent"/>
        </MasteryTalentArray>
        <MasteryTalentArray>
            <Talent value="MasteryZeratulCombatUnitAttackSpeed"/>
            <ValuePerRank value="0.500000"/>
            <MaxRank value="30"/>
            <Type value="Percent"/>
        </MasteryTalentArray>
        <MasteryTalentArray>
            <Talent value="MasteryZeratulArtifactFragmentSpawnRate"/>
            <ValuePerRank value="-2.000000"/>
            <MaxRank value="30"/>
            <Type value="Seconds"/>
            <Bucket value="1"/>
        </MasteryTalentArray>
        <MasteryTalentArray>
            <Talent value="MasteryZeratulSupportCalldownCooldownReduction"/>
            <ValuePerRank value="-1.000000"/>
            <MaxRank value="30"/>
            <Type value="Percent"/>
            <Bucket value="1"/>
        </MasteryTalentArray>
        <MasteryTalentArray>
            <Talent value="MasteryZeratulLegendaryLegionCost"/>
            <ValuePerRank value="-1.000000"/>
            <MaxRank value="30"/>
            <Type value="Percent"/>
            <Bucket value="2"/>
        </MasteryTalentArray>
        <MasteryTalentArray>
            <Talent value="MasteryZeratulAvatarCooldown"/>
            <ValuePerRank value="-4.000000"/>
            <MaxRank value="30"/>
            <Type value="Seconds"/>
            <Bucket value="2"/>
        </MasteryTalentArray>
        <StoreTypeName value="UI/StoreTypeName/CommanderMale"/>
        <ConsoleSkin value="ConsoleProtoss_Ihanrii"/>
        <PrestigeArray value="CommanderPrestigeZeratulVoidSeeker"/>
        <PrestigeArray value="CommanderPrestigeZeratulArtifactFragments"/>
        <PrestigeArray value="CommanderPrestigeZeratulTornadoes"/>
        <CommanderPrestigeAchievementId value="91475331613161"/>
    </CCommander>
    <CCommander id="Stetmann">
        <StoreName value="Commander/StoreName/Stetmann"/>
        <AttributeId value="Stet"/>
        <LevelAchievementId value="91475334810732"/>
        <Race value="Zerg"/>
        <UnitArray Unit="MechaZerglingACGluescreenDummy"/>
        <UnitArray Unit="MechaBanelingACGluescreenDummy"/>
        <UnitArray Unit="MechaHydraliskACGluescreenDummy"/>
        <UnitArray Unit="MechaInfestorACGluescreenDummy"/>
        <UnitArray Unit="MechaCorruptorACGluescreenDummy"/>
        <UnitArray Unit="MechaUltraliskACGluescreenDummy"/>
        <UnitArray Unit="MechaOverseerACGluescreenDummy"/>
        <UnitArray Unit="MechaLurkerACGluescreenDummy"/>
        <UnitArray Unit="MechaBattlecarrierLordACGluescreenDummy"/>
        <UnitArray Unit="MechaSpineCrawlerACGluescreenDummy"/>
        <UnitArray Unit="MechaSporeCrawlerACGluescreenDummy"/>
        <TalentTreeArray Talent="CommanderStetmannLevel01" Level="1"/>
        <TalentTreeArray Talent="CommanderStetmannLevel02" Level="2"/>
        <TalentTreeArray Talent="CommanderStetmannLevel03" Level="3"/>
        <TalentTreeArray Talent="CommanderStetmannLevel04" Level="4"/>
        <TalentTreeArray Talent="CommanderStetmannLevel05" Level="5"/>
        <TalentTreeArray Talent="CommanderStetmannLevel06" Unit="MechaLurkerACGluescreenDummy" Level="6"/>
        <TalentTreeArray Talent="CommanderStetmannLevel07" Level="7"/>
        <TalentTreeArray Talent="CommanderStetmannLevel08" Level="8"/>
        <TalentTreeArray Talent="CommanderStetmannLevel09" Level="9"/>
        <TalentTreeArray Talent="CommanderStetmannLevel10" Level="10"/>
        <TalentTreeArray Talent="CommanderStetmannLevel11" Unit="MechaBattlecarrierLordACGluescreenDummy" Level="11"/>
        <TalentTreeArray Talent="CommanderStetmannLevel12" Level="12"/>
        <TalentTreeArray Talent="CommanderStetmannLevel13" Level="13"/>
        <TalentTreeArray Talent="CommanderStetmannLevel14" Level="14"/>
        <TalentTreeArray Talent="CommanderStetmannLevel15" Level="15"/>
        <MasteryTalentArray>
            <Talent value="MasteryStetmannUpgradeResourceCost"/>
            <ValuePerRank value="-2.000000"/>
            <MaxRank value="30"/>
            <Type value="Percent"/>
        </MasteryTalentArray>
        <MasteryTalentArray>
            <Talent value="MasteryStetmannGaryAbilityCooldown"/>
            <ValuePerRank value="-1.000000"/>
            <MaxRank value="30"/>
            <Type value="Percent"/>
        </MasteryTalentArray>
        <MasteryTalentArray>
            <Talent value="MasteryStetmannStetzoneBonuses"/>
            <ValuePerRank value="2.000000"/>
            <MaxRank value="30"/>
            <Type value="Percent"/>
            <Bucket value="1"/>
        </MasteryTalentArray>
        <MasteryTalentArray>
            <Talent value="MasteryStetmannMaximumEgonergyPool"/>
            <ValuePerRank value="2.000000"/>
            <MaxRank value="30"/>
            <Type value="Percent"/>
            <Bucket value="1"/>
        </MasteryTalentArray>
        <MasteryTalentArray>
            <Talent value="MasteryStetmannDeployStetelliteCooldown"/>
            <ValuePerRank value="-0.166670"/>
            <MaxRank value="30"/>
            <Type value="Seconds"/>
            <Bucket value="2"/>
        </MasteryTalentArray>
        <MasteryTalentArray>
            <Talent value="MasteryStetmannStructureMorphRate"/>
            <ValuePerRank value="2.000000"/>
            <MaxRank value="30"/>
            <Type value="Percent"/>
            <Bucket value="2"/>
        </MasteryTalentArray>
        <ConsoleSkin value="ConsoleZerg_Mecha"/>
        <CommanderAbilArray Button="CommanderTraitStetmannStetellites"/>
        <CommanderAbilArray Button="CommanderTraitStetmannGary"/>
        <CommanderAbilArray Button="CommanderTraitStetmannAnchoredMassReallocation"/>
        <ProductId value="47190"/>
        <StoreTypeName value="UI/StoreTypeName/CommanderMale"/>
        <Color value="255,254,138,14"/>
        <PrestigeArray value="CommanderPrestigeStetmannStetellites"/>
        <PrestigeArray value="CommanderPrestigeStetmannGary"/>
        <PrestigeArray value="CommanderPrestigeStetmannCombatBuff"/>
        <CommanderPrestigeAchievementId value="91475321808117"/>
    </CCommander>
    <CCommander id="Mengsk">
        <AttributeId value="Meng"/>
        <LevelAchievementId value="91475324069500"/>
        <Race value="Terr"/>
        <Portrait value="Assets\Textures\UI_commanderportrait_mengsk.dds"/>
        <HomePanelImage value="Assets\Textures\ui_homepanel_commander_mengsk.dds"/>
        <UnitArray Unit="TrooperMengskACGluescreenDummy"/>
        <UnitArray Unit="MedivacMengskACGluescreenDummy"/>
        <UnitArray Unit="BlimpMengskACGluescreenDummy"/>
        <UnitArray Unit="MarauderMengskACGluescreenDummy"/>
        <UnitArray Unit="GhostMengskACGluescreenDummy"/>
        <UnitArray Unit="SiegeTankMengskACGluescreenDummy"/>
        <UnitArray Unit="ThorMengskACGluescreenDummy"/>
        <UnitArray Unit="VikingMengskACGluescreenDummy"/>
        <UnitArray Unit="BattlecruiserMengskACGluescreenDummy"/>
        <UnitArray Unit="BunkerDepotMengskACGluescreenDummy"/>
        <UnitArray Unit="MissileTurretMengskACGluescreenDummy"/>
        <UnitArray Unit="ArtilleryMengskACGluescreenDummy"/>
        <TalentTreeArray Talent="CommanderMengskLevel01" Level="1"/>
        <TalentTreeArray Talent="CommanderMengskLevel02" Level="2" Type="Ability"/>
        <TalentTreeArray>
            <Talent value="CommanderMengskLevel03"/>
            <Unit value="ArtilleryMengskACGluescreenDummy"/>
            <Level value="3"/>
            <Type value="Unit"/>
        </TalentTreeArray>
        <TalentTreeArray Talent="CommanderMengskLevel04" Level="4" Type="Ability"/>
        <TalentTreeArray Talent="CommanderMengskLevel05" Level="5" Type="Bundle"/>
        <TalentTreeArray Talent="CommanderMengskLevel06" Level="6" Type="Bundle"/>
        <TalentTreeArray Talent="CommanderMengskLevel07" Level="7" Type="Ability"/>
        <TalentTreeArray Talent="CommanderMengskLevel08" Level="8" Type="Bundle"/>
        <TalentTreeArray>
            <Talent value="CommanderMengskLevel09"/>
            <Unit value="ThorMengskACGluescreenDummy"/>
            <Level value="9"/>
            <Type value="Unit"/>
        </TalentTreeArray>
        <TalentTreeArray Talent="CommanderMengskLevel10" Level="10" Type="Ability"/>
        <TalentTreeArray Talent="CommanderMengskLevel11" Level="11"/>
        <TalentTreeArray>
            <Talent value="CommanderMengskLevel12"/>
            <Unit value="BattlecruiserMengskACGluescreenDummy"/>
            <Level value="12"/>
            <Type value="Unit"/>
        </TalentTreeArray>
        <TalentTreeArray Talent="CommanderMengskLevel13" Level="13"/>
        <TalentTreeArray Talent="CommanderMengskLevel14" Level="14" Type="Bundle"/>
        <TalentTreeArray Talent="CommanderMengskLevel15" Level="15" Type="Bundle"/>
        <MasteryTalentArray>
            <Talent value="MasteryMengskTrooperMandateRegeneration"/>
            <ValuePerRank value="1.000000"/>
            <MaxRank value="30"/>
            <Type value="Percent"/>
        </MasteryTalentArray>
        <MasteryTalentArray>
            <Talent value="MasteryMengskRoyalGuardMandateRegeneration"/>
            <ValuePerRank value="1.000000"/>
            <MaxRank value="30"/>
            <Type value="Percent"/>
        </MasteryTalentArray>
        <MasteryTalentArray>
            <Talent value="MasteryMengskImperialPowers"/>
            <ValuePerRank value="1.000000"/>
            <MaxRank value="30"/>
            <Type value="Percent"/>
            <Bucket value="1"/>
        </MasteryTalentArray>
        <MasteryTalentArray>
            <Talent value="MasteryMengskRoyalGuardCost"/>
            <ValuePerRank value="-0.666667"/>
            <MaxRank value="30"/>
            <Type value="Percent"/>
            <Bucket value="1"/>
        </MasteryTalentArray>
        <MasteryTalentArray>
            <Talent value="MasteryMengskStartingImperialMandate"/>
            <ValuePerRank value="1.000000"/>
            <MaxRank value="30"/>
            <Bucket value="2"/>
        </MasteryTalentArray>
        <MasteryTalentArray>
            <Talent value="MasteryMengskRoyalGuardVeterancyRate"/>
            <ValuePerRank value="0.500000"/>
            <MaxRank value="30"/>
            <Type value="Percent"/>
            <Bucket value="2"/>
        </MasteryTalentArray>
        <LoadingImage value="Assets\Textures\ui_loading_coop_hero_mengsk.dds"/>
        <LoadingImageAlly value="Assets\Textures\ui_loading_coop_hero_mengsk.dds"/>
        <CommanderAbilArray Button="CommanderTraitMengskForcedConscription"/>
        <CommanderAbilArray Button="CommanderTraitMengskDogsofWar"/>
        <CommanderAbilArray Button="CommanderTraitMengskNuclearAnnihilation"/>
        <ProductId value="71073"/>
        <ConsoleSkin value="ConsoleTerran_Default"/>
        <Color value="255,200,20,40"/>
        <PrestigeArray value="CommanderPrestigeMengskArtillery"/>
        <PrestigeArray value="CommanderPrestigeMengskRoyalGuard"/>
        <PrestigeArray value="CommanderPrestigeMengskTrooper"/>
        <CommanderPrestigeAchievementId value="91475327247185"/>
    </CCommander>
    <CCommander id="Random">
        <TraitIcon value="assets\textures\sc2_ui_versus_detail_iconbackground_random.dds"/>
    </CCommander>
</Catalog>
