<?xml version="1.0" encoding="utf-8"?>
<Catalog>
    <CConfig id="Config">
        <CommanderMastery value="Mastery"/>
        <CommanderDifficultyLevels>
            <DifficultyLevel value="1"/>
            <Name value="CommanderDifficultyLevel/Name/Casual"/>
            <Description value="CommanderDifficultyLevel/Description/Casual"/>
            <IsDefault value="1"/>
            <AISkillLevel value="1"/>
        </CommanderDifficultyLevels>
        <!--Icon value="Assets\Textures\UI_commanderdifficulty_Recruit.dds"/-->
        <CommanderDifficultyLevels>
            <DifficultyLevel value="2"/>
            <Name value="CommanderDifficultyLevel/Name/Normal"/>
            <Description value="CommanderDifficultyLevel/Description/Normal"/>
            <AISkillLevel value="2"/>
        </CommanderDifficultyLevels>
        <!--Icon value="Assets\Textures\UI_commanderdifficulty_Soldier.dds"/-->
        <CommanderDifficultyLevels>
            <DifficultyLevel value="3"/>
            <CommanderLevel value="7"/>
            <Name value="CommanderDifficultyLevel/Name/Hard"/>
            <Description value="CommanderDifficultyLevel/Description/Hard"/>
            <AISkillLevel value="3"/>
        </CommanderDifficultyLevels>
        <!--Icon value="Assets\Textures\UI_commanderdifficulty_Veteran.dds"/-->
        <CommanderDifficultyLevels>
            <DifficultyLevel value="4"/>
            <CommanderLevel value="15"/>
            <Name value="CommanderDifficultyLevel/Name/Brutal"/>
            <Description value="CommanderDifficultyLevel/Description/Brutal"/>
            <AISkillLevel value="4"/>
        </CommanderDifficultyLevels>
        <!--Icon value="Assets\Textures\UI_commanderdifficulty_Commander.dds"/-->
        <CommanderDifficultyLevels>
            <DifficultyLevel value="5"/>
            <CommanderLevel value="15"/>
            <Name value="CommanderDifficultyLevel/Name/Brutal+"/>
            <Description value="CommanderDifficultyLevel/Description/Brutal+"/>
            <AISkillLevel value="4"/>
            <BeyondBrutalLevel value="1"/>
        </CommanderDifficultyLevels>
        <!--Icon value="Assets\Textures\UI_commanderdifficulty_Commander.dds"/-->
        <CommanderDifficultyLevels>
            <DifficultyLevel value="6"/>
            <CommanderLevel value="15"/>
            <Name value="CommanderDifficultyLevel/Name/Brutal+2"/>
            <Description value="CommanderDifficultyLevel/Description/Brutal+2"/>
            <AISkillLevel value="4"/>
            <BeyondBrutalLevel value="2"/>
            <RequirePartyToQueue value="1"/>
        </CommanderDifficultyLevels>
        <!--Icon value="Assets\Textures\UI_commanderdifficulty_Commander.dds"/-->
        <CommanderDifficultyLevels>
            <DifficultyLevel value="7"/>
            <CommanderLevel value="15"/>
            <Name value="CommanderDifficultyLevel/Name/Brutal+3"/>
            <Description value="CommanderDifficultyLevel/Description/Brutal+3"/>
            <AISkillLevel value="4"/>
            <BeyondBrutalLevel value="3"/>
            <RequirePartyToQueue value="1"/>
        </CommanderDifficultyLevels>
        <!--Icon value="Assets\Textures\UI_commanderdifficulty_Commander.dds"/-->
        <CommanderDifficultyLevels>
            <DifficultyLevel value="8"/>
            <CommanderLevel value="15"/>
            <Name value="CommanderDifficultyLevel/Name/Brutal+4"/>
            <Description value="CommanderDifficultyLevel/Description/Brutal+4"/>
            <AISkillLevel value="4"/>
            <BeyondBrutalLevel value="4"/>
            <RequirePartyToQueue value="1"/>
        </CommanderDifficultyLevels>
        <!--Icon value="Assets\Textures\UI_commanderdifficulty_Commander.dds"/-->
        <CommanderDifficultyLevels>
            <DifficultyLevel value="9"/>
            <CommanderLevel value="15"/>
            <Name value="CommanderDifficultyLevel/Name/Brutal+5"/>
            <Description value="CommanderDifficultyLevel/Description/Brutal+5"/>
            <AISkillLevel value="4"/>
            <BeyondBrutalLevel value="5"/>
            <RequirePartyToQueue value="1"/>
        </CommanderDifficultyLevels>
        <!--Icon value="Assets\Textures\UI_commanderdifficulty_Commander.dds"/-->
        <CommanderDifficultyLevels>
            <DifficultyLevel value="10"/>
            <CommanderLevel value="15"/>
            <Name value="CommanderDifficultyLevel/Name/Brutal+6"/>
            <Description value="CommanderDifficultyLevel/Description/Brutal+6"/>
            <AISkillLevel value="4"/>
            <BeyondBrutalLevel value="6"/>
            <RequirePartyToQueue value="1"/>
        </CommanderDifficultyLevels>
        <CommanderDifficultyLevels>
            <DifficultyLevel value="11"/>
            <Name value="CommanderDifficultyLevel/Name/Retry"/>
            <Description value="CommanderDifficultyLevel/Description/Retry"/>
            <AISkillLevel value="4"/>
            <RequirePartyToQueue value="1"/>
            <IsRetry value="1"/>
        </CommanderDifficultyLevels>
        <!--Icon value="Assets\Textures\UI_commanderdifficulty_Commander.dds"/-->
        <CommanderAchievementCategoryId value="4386911"/>
        <CoopCampaignAchievementCategoryId value="4386911"/>
        <SilencePenaltyLicense value="16331"/>
        <FreeNonKRIGRLicense value="11452"/>
        <BoostLicense value="25616"/>
        <GameContentArray value="Commander,Raynor"/>
        <GameContentArray value="Commander,Kerrigan"/>
        <GameContentArray value="Commander,Artanis"/>
        <GameContentArray value="Commander,Swann"/>
        <GameContentArray value="Commander,Zagara"/>
        <GameContentArray value="Commander,Vorazun"/>
        <GameContentArray value="Commander,Karax"/>
        <GameContentArray value="Commander,Abathur"/>
        <GameContentArray value="Commander,Alarak"/>
        <GameContentArray value="Commander,Nova"/>
        <GameContentArray value="Commander,Stukov"/>
        <GameContentArray value="Commander,Fenix"/>
        <GameContentArray value="Commander,Dehaka"/>
        <GameContentArray value="Commander,Horner"/>
        <GameContentArray value="Commander,Tychus"/>
        <GameContentArray value="Commander,Zeratul"/>
        <GameContentArray value="Commander,Stetmann"/>
        <GameContentArray value="Commander,Mengsk"/>
        <GameContentArray value="Commander,Random"/>
        <GameContentArray value="EmoticonPack,Default"/>
        <GameContentArray value="EmoticonPack,WingsOfLiberty"/>
        <GameContentArray value="EmoticonPack,HeartOfTheSwarm"/>
        <GameContentArray value="EmoticonPack,LegacyOfTheVoid"/>
        <GameContentArray value="EmoticonPack,CommanderAbathur"/>
        <GameContentArray value="EmoticonPack,NovaDLC1"/>
        <GameContentArray value="EmoticonPack,CommanderAlarak"/>
        <GameContentArray value="EmoticonPack,CommanderNova"/>
        <GameContentArray value="EmoticonPack,CarbotProtoss"/>
        <GameContentArray value="EmoticonPack,CarbotTerran"/>
        <GameContentArray value="EmoticonPack,CarbotZerg"/>
        <GameContentArray value="EmoticonPack,CommanderStukov"/>
        <GameContentArray value="EmoticonPack,CommanderFenix"/>
        <GameContentArray value="EmoticonPack,WarChestTerran"/>
        <GameContentArray value="EmoticonPack,WarChestZerg"/>
        <GameContentArray value="EmoticonPack,WarChestProtoss"/>
        <GameContentArray value="EmoticonPack,PrestigePack"/>
        <GameContentArray value="EmoticonPack,CommanderDehaka"/>
        <GameContentArray value="EmoticonPack,CommanderHorner"/>
        <GameContentArray value="EmoticonPack,WarChest2Terran"/>
        <GameContentArray value="EmoticonPack,WarChest2Zerg"/>
        <GameContentArray value="EmoticonPack,WarChest2Protoss"/>
        <GameContentArray value="EmoticonPack,Twitch20thAnniversary"/>
        <GameContentArray value="EmoticonPack,NationWars"/>
        <GameContentArray value="EmoticonPack,TotalBiscuitTribute_EmoticonPack"/>
        <GameContentArray value="EmoticonPack,WarChest3Terran"/>
        <GameContentArray value="EmoticonPack,WarChest3Zerg"/>
        <GameContentArray value="EmoticonPack,WarChest3Protoss"/>
        <GameContentArray value="EmoticonPack,CommanderTychus"/>
        <GameContentArray value="EmoticonPack,BlizzCon2018_TwitchDrop"/>
        <GameContentArray value="EmoticonPack,CommanderZeratul"/>
        <GameContentArray value="EmoticonPack,WarChest4Terran"/>
        <GameContentArray value="EmoticonPack,WarChest4Zerg"/>
        <GameContentArray value="EmoticonPack,WarChest4Protoss"/>
        <GameContentArray value="EmoticonPack,TwitchPrime2019"/>
        <GameContentArray value="EmoticonPack,CommanderStetmann"/>
        <GameContentArray value="EmoticonPack,WarChest5Terran"/>
        <GameContentArray value="EmoticonPack,WarChest5Zerg"/>
        <GameContentArray value="EmoticonPack,WarChest5Protoss"/>
        <GameContentArray value="EmoticonPack,WarChest5Free"/>
        <GameContentArray value="EmoticonPack,CommanderMengsk"/>
        <GameContentArray value="EmoticonPack,WarChest6Terran"/>
        <GameContentArray value="EmoticonPack,WarChest6Zerg"/>
        <GameContentArray value="EmoticonPack,WarChest6Protoss"/>
        <GameContentArray value="EmoticonPack,WarChest6Free"/>
        <GameContentArray value="VoicePack,Default"/>
        <GameContentArray value="VoicePack,Day9"/>
        <GameContentArray value="VoicePack,Dehaka"/>
        <GameContentArray value="VoicePack,HornerHan"/>
        <GameContentArray value="VoicePack,iNcontrol"/>
        <GameContentArray value="VoicePack,scboy"/>
        <GameContentArray value="VoicePack,Park"/>
        <GameContentArray value="VoicePack,Nathanias"/>
        <GameContentArray value="VoicePack,Tastosis"/>
        <GameContentArray value="VoicePack,Alex007"/>
        <GameContentArray value="VoicePack,Fenix"/>
        <GameContentArray value="VoicePack,Abathur"/>
        <GameContentArray value="VoicePack,Alarak"/>
        <GameContentArray value="VoicePack,Artanis"/>
        <GameContentArray value="VoicePack,BlizzConDVa"/>
        <GameContentArray value="VoicePack,Kerrigan"/>
        <GameContentArray value="VoicePack,Raynor"/>
        <GameContentArray value="VoicePack,Swann"/>
        <GameContentArray value="VoicePack,Nova"/>
        <GameContentArray value="VoicePack,TotalBiscuit"/>
        <GameContentArray value="VoicePack,Tychus"/>
        <GameContentArray value="VoicePack,PomfThud"/>
        <GameContentArray value="VoicePack,Zeratul"/>
        <GameContentArray value="VoicePack,Lowko"/>
        <GameContentArray value="VoicePack,MrSheng"/>
        <GameContentArray value="VoicePack,Vorazun"/>
        <GameContentArray value="VoicePack,Stetmann"/>
        <GameContentArray value="VoicePack,eSports"/>
        <GameContentArray value="VoicePack,Um"/>
        <GameContentArray value="VoicePack,Jeon"/>
        <GameContentArray value="VoicePack,Kim"/>
        <GameContentArray value="VoicePack,Winter"/>
        <GameContentArray value="VoicePack,Mengsk"/>
        <GameContentArray value="VoicePack,Stone"/>
        <GameContentArray value="VoicePack,WhiteRa"/>
        <GameContentArray value="SkinPack,WoLCESkinPack"/>
        <GameContentArray value="SkinPack,HotSCESkinPack"/>
        <GameContentArray value="SkinPack,LotVCEAdeptSkinPack"/>
        <GameContentArray value="SkinPack,LotVCEColossusSkinPack"/>
        <GameContentArray value="SkinPack,SupplyDepotMercenarySkinPack"/>
        <GameContentArray value="SkinPack,MarineMercenarySkinPack"/>
        <GameContentArray value="SkinPack,OverlordMutantSkinPack"/>
        <GameContentArray value="SkinPack,ZerglingMutantSkinPack"/>
        <GameContentArray value="SkinPack,PylonJudicatorSkinPack"/>
        <GameContentArray value="SkinPack,ZealotJudicatorSkinPack"/>
        <GameContentArray value="SkinPack,ColossusTaldarimSkinPack"/>
        <GameContentArray value="SkinPack,GhostNovaSkinPack"/>
        <GameContentArray value="SkinPack,RoachDeluxeSkinPack"/>
        <GameContentArray value="SkinPack,StalkerDeluxeSkinPack"/>
        <GameContentArray value="SkinPack,MarauderDeluxeSkinPack"/>
        <GameContentArray value="SkinPack,HellionJunkerSkinPack"/>
        <GameContentArray value="SkinPack,ImmortalAdunSkinPack"/>
        <GameContentArray value="SkinPack,RavagerBoneSkinPack"/>
        <GameContentArray value="SkinPack,DefaultSkinPack"/>
        <GameContentArray value="SkinPack,BroodLordAquaticSkinPack"/>
        <GameContentArray value="SkinPack,CarrierAmonBroodSkinPack"/>
        <GameContentArray value="SkinPack,VikingMechaSkinPack"/>
        <GameContentArray value="SkinPack,ProbeTaldarimSkinPack"/>
        <GameContentArray value="SkinPack,ZealotTaldarimSkinPack"/>
        <GameContentArray value="SkinPack,AdeptTaldarimSkinPack"/>
        <GameContentArray value="SkinPack,StalkerTaldarimSkinPack"/>
        <GameContentArray value="SkinPack,SentryTaldarimSkinPack"/>
        <GameContentArray value="SkinPack,HighTemplarTaldarimSkinPack"/>
        <GameContentArray value="SkinPack,DarkTemplarTaldarimSkinPack"/>
        <GameContentArray value="SkinPack,ImmortalTaldarimSkinPack"/>
        <GameContentArray value="SkinPack,ColossusTaldarimBSkinPack"/>
        <GameContentArray value="SkinPack,ObserverTaldarimSkinPack"/>
        <GameContentArray value="SkinPack,OracleTaldarimSkinPack"/>
        <GameContentArray value="SkinPack,DisruptorTaldarimSkinPack"/>
        <GameContentArray value="SkinPack,PhoenixTaldarimSkinPack"/>
        <GameContentArray value="SkinPack,WarpPrismTaldarimSkinPack"/>
        <GameContentArray value="SkinPack,VoidRayTaldarimSkinPack"/>
        <GameContentArray value="SkinPack,CarrierTaldarimSkinPack"/>
        <GameContentArray value="SkinPack,MothershipTaldarimSkinPack"/>
        <GameContentArray value="SkinPack,TempestTaldarimSkinPack"/>
        <GameContentArray value="SkinPack,DroneWebbySkinPack"/>
        <GameContentArray value="SkinPack,ZerglingWebbySkinPack"/>
        <GameContentArray value="SkinPack,BanelingWebbySkinPack"/>
        <GameContentArray value="SkinPack,RoachWebbySkinPack"/>
        <GameContentArray value="SkinPack,HydraliskWebbySkinPack"/>
        <GameContentArray value="SkinPack,LurkerWebbySkinPack"/>
        <GameContentArray value="SkinPack,RavagerWebbySkinPack"/>
        <GameContentArray value="SkinPack,UltraliskWebbySkinPack"/>
        <GameContentArray value="SkinPack,QueenWebbySkinPack"/>
        <GameContentArray value="SkinPack,InfestorWebbySkinPack"/>
        <GameContentArray value="SkinPack,SwarmHostWebbySkinPack"/>
        <GameContentArray value="SkinPack,MutaliskWebbySkinPack"/>
        <GameContentArray value="SkinPack,CorruptorWebbySkinPack"/>
        <GameContentArray value="SkinPack,ViperWebbySkinPack"/>
        <GameContentArray value="SkinPack,OverlordWebbySkinPack"/>
        <GameContentArray value="SkinPack,OverSeerWebbySkinPack"/>
        <GameContentArray value="SkinPack,BroodLordWebbySkinPack"/>
        <GameContentArray value="SkinPack,SCVCovertOpsSkinPack"/>
        <GameContentArray value="SkinPack,MarineCovertOpsSkinPack"/>
        <GameContentArray value="SkinPack,MarauderCovertOpsSkinPack"/>
        <GameContentArray value="SkinPack,ReaperCovertOpsSkinPack"/>
        <GameContentArray value="SkinPack,GhostCovertOpsSkinPack"/>
        <GameContentArray value="SkinPack,HellionCovertOpsSkinPack"/>
        <GameContentArray value="SkinPack,SiegeTankCovertOpsSkinPack"/>
        <GameContentArray value="SkinPack,ThorCovertOpsSkinPack"/>
        <GameContentArray value="SkinPack,CycloneCovertOpsSkinPack"/>
        <GameContentArray value="SkinPack,BansheeCovertOpsSkinPack"/>
        <GameContentArray value="SkinPack,VikingCovertOpsSkinPack"/>
        <GameContentArray value="SkinPack,LiberatorCovertOpsSkinPack"/>
        <GameContentArray value="SkinPack,BattlecruiserCovertOpsSkinPack"/>
        <GameContentArray value="SkinPack,RavenCovertOpsSkinPack"/>
        <GameContentArray value="SkinPack,MedivacCovertOpsSkinPack"/>
        <GameContentArray value="SkinPack,WidowMineCovertOpsSkinPack"/>
        <GameContentArray value="SkinPack,WarpPrismNerazimSkinPack"/>
        <GameContentArray value="SkinPack,HydraliskNoxiousSkinPack"/>
        <GameContentArray value="SkinPack,SiegeTankMercSkinPack"/>
        <GameContentArray value="SkinPack,BlizzCon2017DroneSkinPack"/>
        <GameContentArray value="SkinPack,BlizzCon2017ProbeSkinPack"/>
        <GameContentArray value="SkinPack,BlizzCon2017SCVSkinPack"/>
        <GameContentArray value="SkinPack,GhostEidolonSkinPack"/>
        <GameContentArray value="SkinPack,ProbePurifierSkinPack"/>
        <GameContentArray value="SkinPack,ZealotPurifierSkinPack"/>
        <GameContentArray value="SkinPack,AdeptPurifierSkinPack"/>
        <GameContentArray value="SkinPack,StalkerPurifierSkinPack"/>
        <GameContentArray value="SkinPack,SentryPurifierSkinPack"/>
        <GameContentArray value="SkinPack,HighTemplarPurifierSkinPack"/>
        <GameContentArray value="SkinPack,DarkTemplarPurifierSkinPack"/>
        <GameContentArray value="SkinPack,ImmortalPurifierSkinPack"/>
        <GameContentArray value="SkinPack,ColossusPurifierBSkinPack"/>
        <GameContentArray value="SkinPack,ObserverPurifierSkinPack"/>
        <GameContentArray value="SkinPack,OraclePurifierSkinPack"/>
        <GameContentArray value="SkinPack,DisruptorPurifierSkinPack"/>
        <GameContentArray value="SkinPack,PhoenixPurifierSkinPack"/>
        <GameContentArray value="SkinPack,WarpPrismPurifierSkinPack"/>
        <GameContentArray value="SkinPack,VoidRayPurifierSkinPack"/>
        <GameContentArray value="SkinPack,CarrierPurifierSkinPack"/>
        <GameContentArray value="SkinPack,MothershipPurifierSkinPack"/>
        <GameContentArray value="SkinPack,TempestPurifierSkinPack"/>
        <GameContentArray value="SkinPack,DronePrimalSkinPack"/>
        <GameContentArray value="SkinPack,ZerglingPrimalSkinPack"/>
        <GameContentArray value="SkinPack,BanelingPrimalSkinPack"/>
        <GameContentArray value="SkinPack,RoachPrimalSkinPack"/>
        <GameContentArray value="SkinPack,HydraliskPrimalSkinPack"/>
        <GameContentArray value="SkinPack,LurkerPrimalSkinPack"/>
        <GameContentArray value="SkinPack,RavagerPrimalSkinPack"/>
        <GameContentArray value="SkinPack,UltraliskPrimalSkinPack"/>
        <GameContentArray value="SkinPack,QueenPrimalSkinPack"/>
        <GameContentArray value="SkinPack,InfestorPrimalSkinPack"/>
        <GameContentArray value="SkinPack,SwarmHostPrimalSkinPack"/>
        <GameContentArray value="SkinPack,MutaliskPrimalSkinPack"/>
        <GameContentArray value="SkinPack,CorruptorPrimalSkinPack"/>
        <GameContentArray value="SkinPack,ViperPrimalSkinPack"/>
        <GameContentArray value="SkinPack,OverlordPrimalSkinPack"/>
        <GameContentArray value="SkinPack,OverSeerPrimalSkinPack"/>
        <GameContentArray value="SkinPack,BroodLordPrimalSkinPack"/>
        <GameContentArray value="SkinPack,SCVJunkerMMSkinPack"/>
        <GameContentArray value="SkinPack,MarineJunkerSkinPack"/>
        <GameContentArray value="SkinPack,MarauderJunkerSkinPack"/>
        <GameContentArray value="SkinPack,ReaperJunkerSkinPack"/>
        <GameContentArray value="SkinPack,GhostJunkerSkinPack"/>
        <GameContentArray value="SkinPack,HellionJunkerMMSkinPack"/>
        <GameContentArray value="SkinPack,SiegeTankJunkerSkinPack"/>
        <GameContentArray value="SkinPack,ThorJunkerSkinPack"/>
        <GameContentArray value="SkinPack,CycloneJunkerSkinPack"/>
        <GameContentArray value="SkinPack,BansheeJunkerSkinPack"/>
        <GameContentArray value="SkinPack,VikingJunkerSkinPack"/>
        <GameContentArray value="SkinPack,LiberatorJunkerSkinPack"/>
        <GameContentArray value="SkinPack,BattlecruiserJunkerSkinPack"/>
        <GameContentArray value="SkinPack,RavenJunkerSkinPack"/>
        <GameContentArray value="SkinPack,MedivacJunkerSkinPack"/>
        <GameContentArray value="SkinPack,WidowMineJunkerSkinPack"/>
        <GameContentArray value="SkinPack,BanelingMecha"/>
        <GameContentArray value="SkinPack,BansheeUmojan"/>
        <GameContentArray value="SkinPack,BattlecruiserUmojan"/>
        <GameContentArray value="SkinPack,BroodLordMecha"/>
        <GameContentArray value="SkinPack,CorruptorMecha"/>
        <GameContentArray value="SkinPack,CycloneUmojan"/>
        <GameContentArray value="SkinPack,DroneMecha"/>
        <GameContentArray value="SkinPack,GhostUmojan"/>
        <GameContentArray value="SkinPack,HellionUmojan"/>
        <GameContentArray value="SkinPack,HydraliskMecha"/>
        <GameContentArray value="SkinPack,InfestorMecha"/>
        <GameContentArray value="SkinPack,LiberatorUmojan"/>
        <GameContentArray value="SkinPack,LurkerMecha"/>
        <GameContentArray value="SkinPack,MarauderUmojan"/>
        <GameContentArray value="SkinPack,MarineUmojan"/>
        <GameContentArray value="SkinPack,MedivacUmojan"/>
        <GameContentArray value="SkinPack,MutaliskMecha"/>
        <GameContentArray value="SkinPack,OverlordMecha"/>
        <GameContentArray value="SkinPack,OverseerMecha"/>
        <GameContentArray value="SkinPack,QueenMecha"/>
        <GameContentArray value="SkinPack,RavagerMecha"/>
        <GameContentArray value="SkinPack,RavenUmojan"/>
        <GameContentArray value="SkinPack,ReaperUmojan"/>
        <GameContentArray value="SkinPack,RoachMecha"/>
        <GameContentArray value="SkinPack,SCVUmojan"/>
        <GameContentArray value="SkinPack,SiegeTankUmojan"/>
        <GameContentArray value="SkinPack,SwarmHostMecha"/>
        <GameContentArray value="SkinPack,ThorUmojan"/>
        <GameContentArray value="SkinPack,UltraliskMecha"/>
        <GameContentArray value="SkinPack,VikingUmojan"/>
        <GameContentArray value="SkinPack,ViperMecha"/>
        <GameContentArray value="SkinPack,WidowMineUmojan"/>
        <GameContentArray value="SkinPack,ZerglingMecha"/>
        <GameContentArray value="SkinPack,AdeptGolden"/>
        <GameContentArray value="SkinPack,CarrierGolden"/>
        <GameContentArray value="SkinPack,ColossusGolden"/>
        <GameContentArray value="SkinPack,DarkTemplarGolden"/>
        <GameContentArray value="SkinPack,DisruptorGolden"/>
        <GameContentArray value="SkinPack,HighTemplarGolden"/>
        <GameContentArray value="SkinPack,ImmortalGolden"/>
        <GameContentArray value="SkinPack,MothershipGolden"/>
        <GameContentArray value="SkinPack,ObserverGolden"/>
        <GameContentArray value="SkinPack,OracleGolden"/>
        <GameContentArray value="SkinPack,PhoenixGolden"/>
        <GameContentArray value="SkinPack,ProbeGolden"/>
        <GameContentArray value="SkinPack,SentryGolden"/>
        <GameContentArray value="SkinPack,StalkerGolden"/>
        <GameContentArray value="SkinPack,TempestGolden"/>
        <GameContentArray value="SkinPack,VoidRayGolden"/>
        <GameContentArray value="SkinPack,WarpPrismGolden"/>
        <GameContentArray value="SkinPack,ZealotGolden"/>
        <GameContentArray value="SkinPack,ProbeRemastered"/>
        <GameContentArray value="SkinPack,SCVRemastered"/>
        <GameContentArray value="SkinPack,DroneRemastered"/>
        <GameContentArray value="SkinPack,BanelingNestMecha"/>
        <GameContentArray value="SkinPack,EvolutionChamberMecha"/>
        <GameContentArray value="SkinPack,ExtractorMecha"/>
        <GameContentArray value="SkinPack,HatcheryMecha"/>
        <GameContentArray value="SkinPack,HydraliskDenMecha"/>
        <GameContentArray value="SkinPack,InfestationPitMecha"/>
        <GameContentArray value="SkinPack,LurkerDenMecha"/>
        <GameContentArray value="SkinPack,NydusNetworkMecha"/>
        <GameContentArray value="SkinPack,RoachWarrenMecha"/>
        <GameContentArray value="SkinPack,SpawningPoolMecha"/>
        <GameContentArray value="SkinPack,SpineCrawlerMecha"/>
        <GameContentArray value="SkinPack,SporeCrawlerMecha"/>
        <GameContentArray value="SkinPack,SpireMecha"/>
        <GameContentArray value="SkinPack,UltraliskCavernMecha"/>
        <GameContentArray value="SkinPack,LarvaMecha"/>
        <GameContentArray value="SkinPack,CommandCenterCovertOps"/>
        <GameContentArray value="SkinPack,RefineryCovertOps"/>
        <GameContentArray value="SkinPack,SupplyDepotCovertOps"/>
        <GameContentArray value="SkinPack,BarracksCovertOps"/>
        <GameContentArray value="SkinPack,EngineeringBayCovertOps"/>
        <GameContentArray value="SkinPack,BunkerCovertOps"/>
        <GameContentArray value="SkinPack,MissileTurretCovertOps"/>
        <GameContentArray value="SkinPack,ReactorCovertOps"/>
        <GameContentArray value="SkinPack,FactoryCovertOps"/>
        <GameContentArray value="SkinPack,ArmoryCovertOps"/>
        <GameContentArray value="SkinPack,TechLabCovertOps"/>
        <GameContentArray value="SkinPack,StarportCovertOps"/>
        <GameContentArray value="SkinPack,SensorTowerCovertOps"/>
        <GameContentArray value="SkinPack,GhostAcademyCovertOps"/>
        <GameContentArray value="SkinPack,FusionCoreCovertOps"/>
        <GameContentArray value="SkinPack,NexusForged"/>
        <GameContentArray value="SkinPack,AssimilatorForged"/>
        <GameContentArray value="SkinPack,PylonForged"/>
        <GameContentArray value="SkinPack,GatewayForged"/>
        <GameContentArray value="SkinPack,ForgeForged"/>
        <GameContentArray value="SkinPack,PhotonCannonForged"/>
        <GameContentArray value="SkinPack,ShieldBatteryForged"/>
        <GameContentArray value="SkinPack,CyberneticsCoreForged"/>
        <GameContentArray value="SkinPack,RoboticsFacilityForged"/>
        <GameContentArray value="SkinPack,RoboticsBayForged"/>
        <GameContentArray value="SkinPack,TwilightCouncilForged"/>
        <GameContentArray value="SkinPack,StargateForged"/>
        <GameContentArray value="SkinPack,TemplarArchiveForged"/>
        <GameContentArray value="SkinPack,DarkShrineForged"/>
        <GameContentArray value="SkinPack,FleetBeaconForged"/>
        <GameContentArray value="SkinPack,BanelingRCZ"/>
        <GameContentArray value="SkinPack,BansheeSilver"/>
        <GameContentArray value="SkinPack,BattlecruiserSilver"/>
        <GameContentArray value="SkinPack,BroodLordRCZ"/>
        <GameContentArray value="SkinPack,CorruptorRCZ"/>
        <GameContentArray value="SkinPack,CycloneSilver"/>
        <GameContentArray value="SkinPack,DroneRCZ"/>
        <GameContentArray value="SkinPack,GhostSilver"/>
        <GameContentArray value="SkinPack,HellionSilver"/>
        <GameContentArray value="SkinPack,HydraliskRCZ"/>
        <GameContentArray value="SkinPack,InfestorRCZ"/>
        <GameContentArray value="SkinPack,LiberatorSilver"/>
        <GameContentArray value="SkinPack,LurkerRCZ"/>
        <GameContentArray value="SkinPack,MarauderSilver"/>
        <GameContentArray value="SkinPack,MarineSilver"/>
        <GameContentArray value="SkinPack,MedivacSilver"/>
        <GameContentArray value="SkinPack,MutaliskRCZ"/>
        <GameContentArray value="SkinPack,OverlordRCZ"/>
        <GameContentArray value="SkinPack,OverseerRCZ"/>
        <GameContentArray value="SkinPack,QueenRCZ"/>
        <GameContentArray value="SkinPack,RavagerRCZ"/>
        <GameContentArray value="SkinPack,RavenSilver"/>
        <GameContentArray value="SkinPack,ReaperSilver"/>
        <GameContentArray value="SkinPack,RoachRCZ"/>
        <GameContentArray value="SkinPack,SCVSilver"/>
        <GameContentArray value="SkinPack,SiegeTankSilver"/>
        <GameContentArray value="SkinPack,SwarmHostRCZ"/>
        <GameContentArray value="SkinPack,ThorSilver"/>
        <GameContentArray value="SkinPack,UltraliskRCZ"/>
        <GameContentArray value="SkinPack,VikingSilver"/>
        <GameContentArray value="SkinPack,ViperRCZ"/>
        <GameContentArray value="SkinPack,WidowMineSilver"/>
        <GameContentArray value="SkinPack,ZerglingRCZ"/>
        <GameContentArray value="SkinPack,AdeptIhanrii"/>
        <GameContentArray value="SkinPack,CarrierIhanrii"/>
        <GameContentArray value="SkinPack,ColossusIhanrii"/>
        <GameContentArray value="SkinPack,DarkTemplarIhanrii"/>
        <GameContentArray value="SkinPack,DisruptorIhanrii"/>
        <GameContentArray value="SkinPack,HighTemplarIhanrii"/>
        <GameContentArray value="SkinPack,ImmortalIhanrii"/>
        <GameContentArray value="SkinPack,MothershipIhanrii"/>
        <GameContentArray value="SkinPack,ObserverIhanrii"/>
        <GameContentArray value="SkinPack,OracleIhanrii"/>
        <GameContentArray value="SkinPack,PhoenixIhanrii"/>
        <GameContentArray value="SkinPack,ProbeIhanrii"/>
        <GameContentArray value="SkinPack,SentryIhanrii"/>
        <GameContentArray value="SkinPack,StalkerIhanrii"/>
        <GameContentArray value="SkinPack,TempestIhanrii"/>
        <GameContentArray value="SkinPack,VoidRayIhanrii"/>
        <GameContentArray value="SkinPack,WarpPrismIhanrii"/>
        <GameContentArray value="SkinPack,ZealotIhanrii"/>
        <GameContentArray value="SkinPack,MarineRemastered"/>
        <GameContentArray value="SkinPack,ZealotRemastered"/>
        <GameContentArray value="SkinPack,HydraliskRemastered"/>
        <GameContentArray value="SkinPack,BattlecruiserRemastered"/>
        <GameContentArray value="SkinPack,CarrierRemastered"/>
        <GameContentArray value="SkinPack,UltraliskRemastered"/>
        <GameContentArray value="SkinPack,BanelingNestRCZ"/>
        <GameContentArray value="SkinPack,EvolutionChamberRCZ"/>
        <GameContentArray value="SkinPack,ExtractorRCZ"/>
        <GameContentArray value="SkinPack,HatcheryRCZ"/>
        <GameContentArray value="SkinPack,HydraliskDenRCZ"/>
        <GameContentArray value="SkinPack,InfestationPitRCZ"/>
        <GameContentArray value="SkinPack,LurkerDenRCZ"/>
        <GameContentArray value="SkinPack,NydusNetworkRCZ"/>
        <GameContentArray value="SkinPack,RoachWarrenRCZ"/>
        <GameContentArray value="SkinPack,SpawningPoolRCZ"/>
        <GameContentArray value="SkinPack,SpineCrawlerRCZ"/>
        <GameContentArray value="SkinPack,SporeCrawlerRCZ"/>
        <GameContentArray value="SkinPack,SpireRCZ"/>
        <GameContentArray value="SkinPack,UltraliskCavernRCZ"/>
        <GameContentArray value="SkinPack,LarvaRCZ"/>
        <GameContentArray value="SkinPack,CommandCenterSilver"/>
        <GameContentArray value="SkinPack,RefinerySilver"/>
        <GameContentArray value="SkinPack,SupplyDepotSilver"/>
        <GameContentArray value="SkinPack,BarracksSilver"/>
        <GameContentArray value="SkinPack,EngineeringBaySilver"/>
        <GameContentArray value="SkinPack,BunkerSilver"/>
        <GameContentArray value="SkinPack,MissileTurretSilver"/>
        <GameContentArray value="SkinPack,ReactorSilver"/>
        <GameContentArray value="SkinPack,FactorySilver"/>
        <GameContentArray value="SkinPack,ArmorySilver"/>
        <GameContentArray value="SkinPack,TechLabSilver"/>
        <GameContentArray value="SkinPack,StarportSilver"/>
        <GameContentArray value="SkinPack,SensorTowerSilver"/>
        <GameContentArray value="SkinPack,GhostAcademySilver"/>
        <GameContentArray value="SkinPack,FusionCoreSilver"/>
        <GameContentArray value="SkinPack,NexusIhanrii"/>
        <GameContentArray value="SkinPack,AssimilatorIhanrii"/>
        <GameContentArray value="SkinPack,PylonIhanrii"/>
        <GameContentArray value="SkinPack,GatewayIhanrii"/>
        <GameContentArray value="SkinPack,ForgeIhanrii"/>
        <GameContentArray value="SkinPack,PhotonCannonIhanrii"/>
        <GameContentArray value="SkinPack,ShieldBatteryIhanrii"/>
        <GameContentArray value="SkinPack,CyberneticsCoreIhanrii"/>
        <GameContentArray value="SkinPack,RoboticsFacilityIhanrii"/>
        <GameContentArray value="SkinPack,RoboticsBayIhanrii"/>
        <GameContentArray value="SkinPack,TwilightCouncilIhanrii"/>
        <GameContentArray value="SkinPack,StargateIhanrii"/>
        <GameContentArray value="SkinPack,TemplarArchiveIhanrii"/>
        <GameContentArray value="SkinPack,DarkShrineIhanrii"/>
        <GameContentArray value="SkinPack,FleetBeaconIhanrii"/>
        <GameContentArray value="SkinPack,CommandCenterRemastered"/>
        <GameContentArray value="SkinPack,HatcheryRemastered"/>
        <GameContentArray value="SkinPack,NexusRemastered"/>
        <GameContentArray value="Bundle,MengskCommander"/>
        <GameContentArray value="Bundle,WhiteRaAnnouncerBundle"/>
        <GameContentArray value="Bundle,WarChestSeason5TerranSkinsBundle"/>
        <GameContentArray value="Bundle,WarChestSeason5ZergSkinsBundle"/>
        <GameContentArray value="Bundle,WarChestSeason5ProtossSkinsBundle"/>
        <GameContentArray value="Bundle,NovaCovertOpsBundle"/>
        <GameContentArray value="Bundle,CompleteCollectionStandard"/>
        <GameContentArray value="Bundle,CompleteCollectionDeluxe"/>
        <GameContentArray value="Bundle,WarChestSeason1TerranSkinsBundle"/>
        <GameContentArray value="Bundle,WarChestSeason2TerranSkinsBundle"/>
        <GameContentArray value="Bundle,WarChestSeason3TerranSkinsBundle"/>
        <GameContentArray value="Bundle,WarChestSeason4TerranSkinsBundle"/>
        <GameContentArray value="Bundle,WarChestSeason6TerranSkinsBundle"/>
        <GameContentArray value="Bundle,WarChestSeason1ZergSkinsBundle"/>
        <GameContentArray value="Bundle,WarChestSeason2ZergSkinsBundle"/>
        <GameContentArray value="Bundle,WarChestSeason3ZergSkinsBundle"/>
        <GameContentArray value="Bundle,WarChestSeason4ZergSkinsBundle"/>
        <GameContentArray value="Bundle,WarChestSeason6ZergSkinsBundle"/>
        <GameContentArray value="Bundle,WarChestSeason1ProtossSkinsBundle"/>
        <GameContentArray value="Bundle,WarChestSeason2ProtossSkinsBundle"/>
        <GameContentArray value="Bundle,WarChestSeason3ProtossSkinsBundle"/>
        <GameContentArray value="Bundle,WarChestSeason4ProtossSkinsBundle"/>
        <GameContentArray value="Bundle,WarChestSeason6ProtossSkinsBundle"/>
        <GameContentArray value="Bundle,PremiumMapARKStar"/>
        <GameContentArray value="Bundle,PremiumMapDirectStrike"/>
        <GameContentArray value="ConsoleSkin,ConsoleProtoss_Default"/>
        <GameContentArray value="ConsoleSkin,ConsoleTerran_Default"/>
        <GameContentArray value="ConsoleSkin,ConsoleZerg_Default"/>
        <GameContentArray value="ConsoleSkin,ConsoleProtoss_Fenix"/>
        <GameContentArray value="ConsoleSkin,ConsoleTerran_Horner"/>
        <GameContentArray value="ConsoleSkin,ConsoleZerg_Dehaka"/>
        <GameContentArray value="ConsoleSkin,ConsoleTerran_Classic"/>
        <GameContentArray value="ConsoleSkin,ConsoleProtoss_Classic"/>
        <GameContentArray value="ConsoleSkin,ConsoleZerg_Classic"/>
        <GameContentArray value="ConsoleSkin,ConsoleTerran_XelNaga"/>
        <GameContentArray value="ConsoleSkin,ConsoleProtoss_XelNaga"/>
        <GameContentArray value="ConsoleSkin,ConsoleZerg_XelNaga"/>
        <GameContentArray value="ConsoleSkin,ConsoleTerran_CovertOps"/>
        <GameContentArray value="ConsoleSkin,ConsoleProtoss_Forged"/>
        <GameContentArray value="ConsoleSkin,ConsoleZerg_Mecha"/>
        <GameContentArray value="ConsoleSkin,ConsoleZerg_Abathur"/>
        <GameContentArray value="ConsoleSkin,ConsoleTerran_Swann"/>
        <GameContentArray value="ConsoleSkin,ConsoleProtoss_Nerazim"/>
        <GameContentArray value="ConsoleSkin,ConsoleTerran_ArcadePurple"/>
        <GameContentArray value="ConsoleSkin,ConsoleZerg_ArcadePurple"/>
        <GameContentArray value="ConsoleSkin,ConsoleProtoss_ArcadePurple"/>
        <GameContentArray value="ConsoleSkin,ConsoleTerran_Alliance"/>
        <GameContentArray value="ConsoleSkin,ConsoleZerg_Alliance"/>
        <GameContentArray value="ConsoleSkin,ConsoleProtoss_Alliance"/>
        <GameContentArray value="ConsoleSkin,ConsoleTerran_Horde"/>
        <GameContentArray value="ConsoleSkin,ConsoleZerg_Horde"/>
        <GameContentArray value="ConsoleSkin,ConsoleProtoss_Horde"/>
        <GameContentArray value="ConsoleSkin,ConsoleTerran_Scourge"/>
        <GameContentArray value="ConsoleSkin,ConsoleZerg_Scourge"/>
        <GameContentArray value="ConsoleSkin,ConsoleProtoss_Scourge"/>
        <GameContentArray value="ConsoleSkin,ConsoleTerran_Sentinels"/>
        <GameContentArray value="ConsoleSkin,ConsoleZerg_Sentinels"/>
        <GameContentArray value="ConsoleSkin,ConsoleProtoss_Sentinels"/>
        <GameContentArray value="ConsoleSkin,ConsoleTerran_Silver"/>
        <GameContentArray value="ConsoleSkin,ConsoleZerg_RCZ"/>
        <GameContentArray value="ConsoleSkin,ConsoleProtoss_Ihanrii"/>
        <GameContentArray value="WarChest,WarChestSeason1Terran"/>
        <GameContentArray value="WarChest,WarChestSeason1Zerg"/>
        <GameContentArray value="WarChest,WarChestSeason1Protoss"/>
        <GameContentArray value="WarChest,WarChestSeason1Complete"/>
        <GameContentArray value="WarChest,WarChestSeason2Terran"/>
        <GameContentArray value="WarChest,WarChestSeason2Zerg"/>
        <GameContentArray value="WarChest,WarChestSeason2Protoss"/>
        <GameContentArray value="WarChest,WarChestSeason2Complete"/>
        <GameContentArray value="WarChest,WarChestSeason3Terran"/>
        <GameContentArray value="WarChest,WarChestSeason3Zerg"/>
        <GameContentArray value="WarChest,WarChestSeason3Protoss"/>
        <GameContentArray value="WarChest,WarChestSeason3Complete"/>
        <GameContentArray value="WarChest,WarChestSeason4Terran"/>
        <GameContentArray value="WarChest,WarChestSeason4Zerg"/>
        <GameContentArray value="WarChest,WarChestSeason4Protoss"/>
        <GameContentArray value="WarChest,WarChestSeason4Complete"/>
        <GameContentArray value="WarChest,WarChestSeason5Terran"/>
        <GameContentArray value="WarChest,WarChestSeason5Zerg"/>
        <GameContentArray value="WarChest,WarChestSeason5Protoss"/>
        <GameContentArray value="WarChest,WarChestSeason5Complete"/>
        <GameContentArray value="WarChest,WarChestSeason6Terran"/>
        <GameContentArray value="WarChest,WarChestSeason6Zerg"/>
        <GameContentArray value="WarChest,WarChestSeason6Protoss"/>
        <GameContentArray value="WarChest,WarChestSeason6Complete"/>
    </CConfig>
</Catalog>
