<?xml version="1.0" encoding="us-ascii"?>
<Catalog>
    <CEmoticon id="happy"/>
    <CEmoticon id="sad">
        <Image Index="1"/>
    </CEmoticon>
    <CEmoticon id="angry">
        <Image Index="2"/>
    </CEmoticon>
    <CEmoticon id="surprised">
        <Image Index="3"/>
    </CEmoticon>
    <CEmoticon id="cool">
        <Image Index="4"/>
    </CEmoticon>
    <CEmoticon id="inlove">
        <Image Index="5"/>
    </CEmoticon>
    <CEmoticon id="speechless">
        <Image Index="6"/>
    </CEmoticon>
    <CEmoticon id="rofl">
        <Image Index="7"/>
    </CEmoticon>
    <CEmoticon id="silly">
        <Image Index="8"/>
    </CEmoticon>
    <CEmoticon id="zipped">
        <Image Index="9"/>
    </CEmoticon>
    <CEmoticon id="scared">
        <Image Index="48"/>
    </CEmoticon>
    <CEmoticon id="sleepy">
        <Image Index="49"/>
    </CEmoticon>
    <CEmoticon id="thinking">
        <Image Index="50"/>
    </CEmoticon>
    <CEmoticon id="kiss">
        <Image Index="51"/>
    </CEmoticon>
    <CEmoticon id="nerd">
        <Image Index="52"/>
    </CEmoticon>
    <CEmoticon id="party">
        <Image Index="60"/>
    </CEmoticon>
    <CEmoticon id="devil">
        <Image Index="53"/>
    </CEmoticon>
    <CEmoticon id="infested">
        <Image Index="10"/>
    </CEmoticon>
    <CEmoticon id="gg">
        <Image Index="11"/>
    </CEmoticon>
    <CEmoticon id="glhf">
        <Image Index="12"/>
    </CEmoticon>
    <CEmoticon id="flex">
        <Image Index="13"/>
    </CEmoticon>
    <CEmoticon id="thumbsup">
        <Image Index="14"/>
    </CEmoticon>
    <CEmoticon id="thumbsdown">
        <Image Index="15"/>
    </CEmoticon>
    <CEmoticon id="toast">
        <Image Index="16"/>
    </CEmoticon>
    <CEmoticon id="minerals">
        <Image Index="18"/>
    </CEmoticon>
    <CEmoticon id="gminerals">
        <Image Index="19"/>
    </CEmoticon>
    <CEmoticon id="gas">
        <Image Index="20"/>
    </CEmoticon>
    <CEmoticon id="mochi">
        <Image Index="21"/>
        <Hidden value="1"/>
    </CEmoticon>
    <CEmoticon id="poo">
        <Image Index="22"/>
    </CEmoticon>
    <CEmoticon id="rainbow">
        <Image Index="54"/>
    </CEmoticon>
    <CEmoticon id="hearts">
        <Image Index="55"/>
    </CEmoticon>
    <CEmoticon id="cake">
        <Image Index="59"/>
    </CEmoticon>
    <CEmoticon id="sc2">
        <Image Index="23"/>
    </CEmoticon>
    <CEmoticon id="random">
        <Image Index="24"/>
    </CEmoticon>
    <CEmoticon id="terran">
        <Image Index="25"/>
    </CEmoticon>
    <CEmoticon id="zerg">
        <Image Index="26"/>
    </CEmoticon>
    <CEmoticon id="protoss">
        <Image Index="27"/>
    </CEmoticon>
    <CEmoticon id="scv">
        <Image Index="28"/>
    </CEmoticon>
    <CEmoticon id="drone">
        <Image Index="29"/>
    </CEmoticon>
    <CEmoticon id="probe">
        <Image Index="30"/>
    </CEmoticon>
    <CEmoticon id="depot">
        <Image Index="31"/>
    </CEmoticon>
    <CEmoticon id="overlord">
        <Image Index="32"/>
    </CEmoticon>
    <CEmoticon id="pylon">
        <Image Index="33"/>
    </CEmoticon>
    <CEmoticon id="bunker">
        <Image Index="34"/>
    </CEmoticon>
    <CEmoticon id="baneling">
        <Image Index="35"/>
    </CEmoticon>
    <CEmoticon id="cannon">
        <Image Index="36"/>
    </CEmoticon>
    <CEmoticon id="theart">
        <Image Index="37"/>
    </CEmoticon>
    <CEmoticon id="zheart">
        <Image Index="38"/>
    </CEmoticon>
    <CEmoticon id="pheart">
        <Image Index="39"/>
    </CEmoticon>
    <CEmoticon id="symbiote">
        <Image Index="40"/>
    </CEmoticon>
    <CEmoticon id="locust">
        <Image Index="41"/>
    </CEmoticon>
    <CEmoticon id="snipe">
        <Image Index="42"/>
    </CEmoticon>
    <CEmoticon id="nuke">
        <Image Index="43"/>
    </CEmoticon>
    <CEmoticon id="mustache">
        <Image Index="44"/>
        <Hidden value="1"/>
    </CEmoticon>
    <CEmoticon id="business">
        <Image Index="45"/>
        <Hidden value="1"/>
    </CEmoticon>
    <CEmoticon id="purplerain">
        <Image Index="46"/>
        <Hidden value="1"/>
    </CEmoticon>
    <CEmoticon id="pizza">
        <Image Index="47"/>
        <Hidden value="1"/>
    </CEmoticon>
    <CEmoticon id="salty">
        <Image Index="56"/>
        <Hidden value="1"/>
    </CEmoticon>
    <CEmoticon id="stim">
        <Image Index="57"/>
        <Hidden value="1"/>
    </CEmoticon>
    <CEmoticon id="swarmqueen">
        <Image Index="58"/>
        <Hidden value="1"/>
    </CEmoticon>
    <CEmoticon id="taldarim">
        <Image Index="61"/>
    </CEmoticon>
    <CEmoticon id="redpsi">
        <Image Index="62"/>
    </CEmoticon>
    <CEmoticon id="nyontal">
        <Image Index="63"/>
    </CEmoticon>
    <CEmoticon id="cloak">
        <Image Index="64"/>
    </CEmoticon>
    <CEmoticon id="ghost">
        <Image Index="65"/>
    </CEmoticon>
    <CEmoticon id="carbotcannon">
        <Image Index="66"/>
    </CEmoticon>
    <CEmoticon id="carbotexecutor">
        <Image Index="67"/>
    </CEmoticon>
    <CEmoticon id="carbothightemplar">
        <Image Index="68"/>
    </CEmoticon>
    <CEmoticon id="carbotoraclegg">
        <Image Index="69"/>
    </CEmoticon>
    <CEmoticon id="carbotprobecheese">
        <Image Index="70"/>
    </CEmoticon>
    <CEmoticon id="carbotprobegift">
        <Image Index="71"/>
    </CEmoticon>
    <CEmoticon id="carbotpyloncool">
        <Image Index="72"/>
    </CEmoticon>
    <CEmoticon id="carbotsentrylolkr">
        <Image Index="73"/>
    </CEmoticon>
    <CEmoticon id="carbotsentrylol">
        <Image Index="74"/>
    </CEmoticon>
    <CEmoticon id="carbotsurrender">
        <Image Index="75"/>
    </CEmoticon>
    <CEmoticon id="carbotzealotrage">
        <Image Index="76"/>
    </CEmoticon>
    <CEmoticon id="carbotstarshock">
        <Image Index="77"/>
    </CEmoticon>
    <CEmoticon id="carbotstarhappy">
        <Image Index="78"/>
    </CEmoticon>
    <CEmoticon id="carbotscvgift">
        <Image Index="79"/>
    </CEmoticon>
    <CEmoticon id="carbotreaperbomber">
        <Image Index="80"/>
    </CEmoticon>
    <CEmoticon id="carbotraynor">
        <Image Index="81"/>
    </CEmoticon>
    <CEmoticon id="carbotmule">
        <Image Index="82"/>
    </CEmoticon>
    <CEmoticon id="carbotmarine">
        <Image Index="83"/>
    </CEmoticon>
    <CEmoticon id="carbotmarinecptsalute">
        <Image Index="84"/>
    </CEmoticon>
    <CEmoticon id="carbotadjutant">
        <Image Index="85"/>
    </CEmoticon>
    <CEmoticon id="carbotwidowminegg">
        <Image Index="86"/>
    </CEmoticon>
    <CEmoticon id="carbotzergling">
        <Image Index="87"/>
    </CEmoticon>
    <CEmoticon id="carbotoverseer">
        <Image Index="88"/>
    </CEmoticon>
    <CEmoticon id="carbotoverlordunimpressed">
        <Image Index="89"/>
    </CEmoticon>
    <CEmoticon id="carbotmutalisk">
        <Image Index="90"/>
    </CEmoticon>
    <CEmoticon id="carbotlarva">
        <Image Index="91"/>
    </CEmoticon>
    <CEmoticon id="carbotinfestedterranlaugh">
        <Image Index="92"/>
    </CEmoticon>
    <CEmoticon id="carbothydralisk">
        <Image Index="93"/>
    </CEmoticon>
    <CEmoticon id="carbotdronegift">
        <Image Index="94"/>
    </CEmoticon>
    <CEmoticon id="carbotderpfestor">
        <Image Index="95"/>
    </CEmoticon>
    <CEmoticon id="carbotzerglingsleep">
        <Image Index="96"/>
    </CEmoticon>
    <CEmoticon id="coffeetime">
        <Image Index="97"/>
    </CEmoticon>
    <CEmoticon id="cutealarak">
        <Image Index="98"/>
    </CEmoticon>
    <CEmoticon id="goldtrophy">
        <Image Index="99"/>
    </CEmoticon>
    <CEmoticon id="stukov">
        <Image TextureSheet="EmoticonsSheet2"/>
    </CEmoticon>
    <CEmoticon id="infestedadjutant">
        <Image TextureSheet="EmoticonsSheet2" Index="1"/>
    </CEmoticon>
    <CEmoticon id="kitty">
        <Image TextureSheet="EmoticonsSheet2" Index="2"/>
        <Hidden value="1"/>
    </CEmoticon>
    <CEmoticon id="uhaveapackage">
        <Image TextureSheet="EmoticonsSheet2" Index="3"/>
        <Hidden value="1"/>
    </CEmoticon>
    <CEmoticon id="jtrain">
        <Image TextureSheet="EmoticonsSheet2" Index="4"/>
        <Hidden value="1"/>
    </CEmoticon>
    <CEmoticon id="jthursday">
        <Image TextureSheet="EmoticonsSheet2" Index="5"/>
        <Hidden value="1"/>
    </CEmoticon>
    <CEmoticon id="myheart">
        <Image TextureSheet="EmoticonsSheet2" Index="6"/>
        <Hidden value="1"/>
    </CEmoticon>
    <CEmoticon id="tuna">
        <Image TextureSheet="EmoticonsSheet2" Index="7"/>
        <Hidden value="1"/>
    </CEmoticon>
    <CEmoticon id="ahoot">
        <Image TextureSheet="EmoticonsSheet2" Index="8"/>
        <Hidden value="1"/>
    </CEmoticon>
    <CEmoticon id="arya">
        <Image TextureSheet="EmoticonsSheet2" Index="9"/>
        <Hidden value="1"/>
    </CEmoticon>
    <CEmoticon id="purifier">
        <Image TextureSheet="EmoticonsSheet2" Index="10"/>
    </CEmoticon>
    <CEmoticon id="fenix">
        <Image TextureSheet="EmoticonsSheet2" Index="11"/>
    </CEmoticon>
    <CEmoticon id="rip">
        <Image TextureSheet="EmoticonsSheet2" Index="12"/>
        <RequiredReward value="Emoticon_RestInPieces"/>
    </CEmoticon>
    <CEmoticon id="cheese">
        <Image TextureSheet="EmoticonsSheet2" Index="13"/>
        <RequiredReward value="Emoticon_Cheese"/>
    </CEmoticon>
    <CEmoticon id="keppa">
        <Image TextureSheet="EmoticonsSheet2" Index="14"/>
        <RequiredReward value="Emoticon_Kappa"/>
    </CEmoticon>
    <CEmoticon id="qq">
        <Image TextureSheet="EmoticonsSheet2" Index="15"/>
        <RequiredReward value="Emoticon_QQ"/>
    </CEmoticon>
    <CEmoticon id="feelsgood">
        <Image TextureSheet="EmoticonsSheet2" Index="16"/>
        <RequiredReward value="Emoticon_FeelsGoodMarine"/>
    </CEmoticon>
    <CEmoticon id="baited">
        <Image TextureSheet="EmoticonsSheet2" Index="17"/>
        <RequiredReward value="Emoticon_Baited"/>
    </CEmoticon>
    <CEmoticon id="wtf">
        <Image TextureSheet="EmoticonsSheet2" Index="18"/>
        <RequiredReward value="Emoticon_WTF"/>
    </CEmoticon>
    <CEmoticon id="survivor">
        <Image TextureSheet="EmoticonsSheet2" Index="19"/>
        <RequiredReward value="Emoticon_Survivor"/>
    </CEmoticon>
    <CEmoticon id="terranturtle">
        <Image TextureSheet="EmoticonsSheet2" Index="20"/>
        <RequiredReward value="Emoticon_Turtle"/>
    </CEmoticon>
    <CEmoticon id="teatime">
        <Image TextureSheet="EmoticonsSheet2" Index="21"/>
        <RequiredReward value="Emoticon_TeaTime"/>
    </CEmoticon>
    <CEmoticon id="applause">
        <Image TextureSheet="EmoticonsSheet2" Index="22"/>
        <RequiredReward value="Emoticon_Applause"/>
    </CEmoticon>
    <CEmoticon id="fistbump">
        <Image TextureSheet="EmoticonsSheet2" Index="23"/>
        <RequiredReward value="Emoticon_FistBump"/>
    </CEmoticon>
    <CEmoticon id="fingerscrossed">
        <Image TextureSheet="EmoticonsSheet2" Index="24"/>
        <RequiredReward value="Emoticon_FingersCrossed"/>
    </CEmoticon>
    <CEmoticon id="peace">
        <Image TextureSheet="EmoticonsSheet2" Index="25"/>
        <RequiredReward value="Emoticon_Peace"/>
    </CEmoticon>
    <CEmoticon id="gift">
        <Image TextureSheet="EmoticonsSheet2" Index="26"/>
        <RequiredReward value="Emoticon_Gift"/>
    </CEmoticon>
    <CEmoticon id="stinkytofu">
        <Image TextureSheet="EmoticonsSheet2" Index="27"/>
        <RequiredReward value="Emoticon_StinkyTofu"/>
    </CEmoticon>
    <CEmoticon id="shake">
        <Image TextureSheet="EmoticonsSheet2" Index="28"/>
        <RequiredReward value="Emoticon_Shake"/>
    </CEmoticon>
    <CEmoticon id="handok">
        <Image TextureSheet="EmoticonsSheet2" Index="29"/>
        <RequiredReward value="Emoticon_HandOk"/>
    </CEmoticon>
    <CEmoticon id="pray">
        <Image TextureSheet="EmoticonsSheet2" Index="30"/>
        <RequiredReward value="Emoticon_Pray"/>
    </CEmoticon>
    <CEmoticon id="rocks">
        <Image TextureSheet="EmoticonsSheet2" Index="31"/>
        <RequiredReward value="Emoticon_Rocks"/>
    </CEmoticon>
    <CEmoticon id="exhaust">
        <Image TextureSheet="EmoticonsSheet2" Index="32"/>
        <RequiredReward value="Emoticon_Exhaust"/>
    </CEmoticon>
    <CEmoticon id="cutemissile">
        <Image TextureSheet="EmoticonsSheet2" Index="33"/>
        <RequiredReward value="Emoticon_CuteMissile"/>
    </CEmoticon>
    <CEmoticon id="viper">
        <Image TextureSheet="EmoticonsSheet2" Index="34"/>
        <RequiredReward value="Emoticon_Viper"/>
    </CEmoticon>
    <CEmoticon id="vipertongue">
        <Image TextureSheet="EmoticonsSheet2" Index="35"/>
        <RequiredReward value="Emoticon_ViperTongue"/>
    </CEmoticon>
    <CEmoticon id="voidray">
        <Image TextureSheet="EmoticonsSheet2" Index="36"/>
        <RequiredReward value="Emoticon_VoidRay"/>
    </CEmoticon>
    <CEmoticon id="bluelaser">
        <Image TextureSheet="EmoticonsSheet2" Index="37"/>
        <RequiredReward value="Emoticon_BlueLaser"/>
    </CEmoticon>
    <CEmoticon id="dehaka">
        <Image TextureSheet="EmoticonsSheet2" Index="38"/>
    </CEmoticon>
    <CEmoticon id="dehakaclaw">
        <Image TextureSheet="EmoticonsSheet2" Index="39"/>
    </CEmoticon>
    <CEmoticon id="prestige91">
        <Image TextureSheet="EmoticonsSheet2" Index="50"/>
        <RequiredReward value="Emoticon_Prestige91"/>
    </CEmoticon>
    <CEmoticon id="prestige100">
        <Image TextureSheet="EmoticonsSheet2" Index="40"/>
        <RequiredReward value="Emoticon_Prestige100"/>
    </CEmoticon>
    <CEmoticon id="prestige200">
        <Image TextureSheet="EmoticonsSheet2" Index="41"/>
        <RequiredReward value="Emoticon_Prestige200"/>
    </CEmoticon>
    <CEmoticon id="prestige300">
        <Image TextureSheet="EmoticonsSheet2" Index="42"/>
        <RequiredReward value="Emoticon_Prestige300"/>
    </CEmoticon>
    <CEmoticon id="prestige400">
        <Image TextureSheet="EmoticonsSheet2" Index="43"/>
        <RequiredReward value="Emoticon_Prestige400"/>
    </CEmoticon>
    <CEmoticon id="prestige500">
        <Image TextureSheet="EmoticonsSheet2" Index="44"/>
        <RequiredReward value="Emoticon_Prestige500"/>
    </CEmoticon>
    <CEmoticon id="prestige600">
        <Image TextureSheet="EmoticonsSheet2" Index="45"/>
        <RequiredReward value="Emoticon_Prestige600"/>
    </CEmoticon>
    <CEmoticon id="prestige700">
        <Image TextureSheet="EmoticonsSheet2" Index="46"/>
        <RequiredReward value="Emoticon_Prestige700"/>
    </CEmoticon>
    <CEmoticon id="prestige800">
        <Image TextureSheet="EmoticonsSheet2" Index="47"/>
        <RequiredReward value="Emoticon_Prestige800"/>
    </CEmoticon>
    <CEmoticon id="prestige900">
        <Image TextureSheet="EmoticonsSheet2" Index="48"/>
        <RequiredReward value="Emoticon_Prestige900"/>
    </CEmoticon>
    <CEmoticon id="prestige1000">
        <Image TextureSheet="EmoticonsSheet2" Index="49"/>
        <RequiredReward value="Emoticon_Prestige1000"/>
    </CEmoticon>
    <CEmoticon id="smooch">
        <Image TextureSheet="EmoticonsSheet2" Index="51"/>
        <RequiredReward value="Emoticon_Smooch"/>
    </CEmoticon>
    <CEmoticon id="brokenheart">
        <Image TextureSheet="EmoticonsSheet2" Index="52"/>
        <RequiredReward value="Emoticon_BrokenHeart"/>
    </CEmoticon>
    <CEmoticon id="joker">
        <Image TextureSheet="EmoticonsSheet2" Index="53"/>
        <RequiredReward value="Emoticon_Joker"/>
    </CEmoticon>
    <CEmoticon id="explode">
        <Image TextureSheet="EmoticonsSheet2" Index="54"/>
        <RequiredReward value="Emoticon_Explode"/>
    </CEmoticon>
    <CEmoticon id="sick">
        <Image TextureSheet="EmoticonsSheet2" Index="55"/>
        <RequiredReward value="Emoticon_Sick"/>
    </CEmoticon>
    <CEmoticon id="cowboy">
        <Image TextureSheet="EmoticonsSheet2" Index="56"/>
        <RequiredReward value="Emoticon_Cowboy"/>
    </CEmoticon>
    <CEmoticon id="lying">
        <Image TextureSheet="EmoticonsSheet2" Index="57"/>
        <RequiredReward value="Emoticon_Lying"/>
    </CEmoticon>
    <CEmoticon id="hard">
        <Image TextureSheet="EmoticonsSheet2" Index="58"/>
        <RequiredReward value="Emoticon_Hardcore"/>
    </CEmoticon>
    <CEmoticon id="mule">
        <Image TextureSheet="EmoticonsSheet2" Index="59"/>
        <RequiredReward value="Emoticon_Mule"/>
    </CEmoticon>
    <CEmoticon id="scream">
        <Image TextureSheet="EmoticonsSheet2" Index="60"/>
        <RequiredReward value="Emoticon_Scream"/>
    </CEmoticon>
    <CEmoticon id="rush">
        <Image TextureSheet="EmoticonsSheet2" Index="61"/>
        <RequiredReward value="Emoticon_Rush"/>
    </CEmoticon>
    <CEmoticon id="creep">
        <Image TextureSheet="EmoticonsSheet2" Index="62"/>
        <RequiredReward value="Emoticon_Creep"/>
    </CEmoticon>
    <CEmoticon id="salute">
        <Image TextureSheet="EmoticonsSheet2" Index="63"/>
        <RequiredReward value="Emoticon_Salute"/>
    </CEmoticon>
    <CEmoticon id="drool">
        <Image TextureSheet="EmoticonsSheet2" Index="64"/>
        <RequiredReward value="Emoticon_Drool"/>
    </CEmoticon>
    <CEmoticon id="nohear">
        <Image TextureSheet="EmoticonsSheet2" Index="65"/>
        <RequiredReward value="Emoticon_HearNoEvil"/>
    </CEmoticon>
    <CEmoticon id="nospeak">
        <Image TextureSheet="EmoticonsSheet2" Index="66"/>
        <RequiredReward value="Emoticon_SpeakNoEvil"/>
    </CEmoticon>
    <CEmoticon id="nosee">
        <Image TextureSheet="EmoticonsSheet2" Index="67"/>
        <RequiredReward value="Emoticon_SeeNoEvil"/>
    </CEmoticon>
    <CEmoticon id="skull">
        <Image TextureSheet="EmoticonsSheet2" Index="68"/>
        <RequiredReward value="Emoticon_RaynorSkull"/>
    </CEmoticon>
    <CEmoticon id="twitch">
        <Image TextureSheet="EmoticonsSheet2" Index="69"/>
        <RequiredReward value="Emoticon_Twitch"/>
    </CEmoticon>
    <CEmoticon id="nwace">
        <Image TextureSheet="EmoticonsSheet2" Index="70"/>
        <RequiredReward value="Emoticon_NationWarsAce"/>
    </CEmoticon>
    <CEmoticon id="nwallkill">
        <Image TextureSheet="EmoticonsSheet2" Index="71"/>
        <RequiredReward value="Emoticon_NationWarsAllKill"/>
    </CEmoticon>
    <CEmoticon id="nwezpz">
        <Image TextureSheet="EmoticonsSheet2" Index="72"/>
        <RequiredReward value="Emoticon_NationWarsEZPZ"/>
    </CEmoticon>
    <CEmoticon id="nwwallez">
        <Image TextureSheet="EmoticonsSheet2" Index="73"/>
        <RequiredReward value="Emoticon_NationWarsWallez"/>
    </CEmoticon>
    <CEmoticon id="gameheart">
        <Image TextureSheet="EmoticonsSheet2" Index="74"/>
        <Hidden value="1"/>
    </CEmoticon>
    <CEmoticon id="lul">
        <Image TextureSheet="EmoticonsSheet2" Index="75"/>
        <RequiredReward value="Emoticon_LUL"/>
    </CEmoticon>
    <CEmoticon id="axiom">
        <Image TextureSheet="EmoticonsSheet2" Index="76"/>
        <RequiredReward value="Emoticon_Axiom"/>
    </CEmoticon>
    <CEmoticon id="tophat">
        <Image TextureSheet="EmoticonsSheet2" Index="77"/>
        <RequiredReward value="Emoticon_TopHat"/>
    </CEmoticon>
    <CEmoticon id="pointright">
        <Image TextureSheet="EmoticonsSheet2" Index="78"/>
        <RequiredReward value="Emoticon_PointRight"/>
    </CEmoticon>
    <CEmoticon id="pointleft">
        <Image TextureSheet="EmoticonsSheet2" Index="79"/>
        <RequiredReward value="Emoticon_PointLeft"/>
    </CEmoticon>
    <CEmoticon id="pineapple">
        <Image TextureSheet="EmoticonsSheet2" Index="80"/>
        <RequiredReward value="Emoticon_Pineapple"/>
    </CEmoticon>
    <CEmoticon id="cheeseburger">
        <Image TextureSheet="EmoticonsSheet2" Index="81"/>
        <RequiredReward value="Emoticon_Cheeseburger"/>
    </CEmoticon>
    <CEmoticon id="potato">
        <Image TextureSheet="EmoticonsSheet2" Index="82"/>
        <RequiredReward value="Emoticon_Potato"/>
    </CEmoticon>
    <CEmoticon id="doubleproxy">
        <Image TextureSheet="EmoticonsSheet2" Index="83"/>
        <RequiredReward value="Emoticon_DoubleProxy"/>
    </CEmoticon>
    <CEmoticon id="dropperlord">
        <Image TextureSheet="EmoticonsSheet2" Index="84"/>
        <RequiredReward value="Emoticon_Dropperlord"/>
    </CEmoticon>
    <CEmoticon id="warpprism">
        <Image TextureSheet="EmoticonsSheet2" Index="85"/>
        <RequiredReward value="Emoticon_WarpPrism"/>
    </CEmoticon>
    <CEmoticon id="medivac">
        <Image TextureSheet="EmoticonsSheet2" Index="86"/>
        <RequiredReward value="Emoticon_Medivac"/>
    </CEmoticon>
    <CEmoticon id="dead">
        <Image TextureSheet="EmoticonsSheet2" Index="87"/>
        <RequiredReward value="Emoticon_Dead"/>
    </CEmoticon>
    <CEmoticon id="skeleton">
        <Image TextureSheet="EmoticonsSheet2" Index="88"/>
        <RequiredReward value="Emoticon_Skeleton"/>
    </CEmoticon>
    <CEmoticon id="cantlook">
        <Image TextureSheet="EmoticonsSheet2" Index="89"/>
        <RequiredReward value="Emoticon_CantLook"/>
    </CEmoticon>
    <CEmoticon id="bwegg">
        <Image TextureSheet="EmoticonsSheet2" Index="90"/>
        <RequiredReward value="Emoticon_BWEgg"/>
    </CEmoticon>
    <CEmoticon id="bwhydralisk">
        <Image TextureSheet="EmoticonsSheet2" Index="91"/>
        <RequiredReward value="Emoticon_BWHydralisk"/>
    </CEmoticon>
    <CEmoticon id="bwmutalisk">
        <Image TextureSheet="EmoticonsSheet2" Index="92"/>
        <RequiredReward value="Emoticon_BWMutalisk"/>
    </CEmoticon>
    <CEmoticon id="warpin">
        <Image TextureSheet="EmoticonsSheet2" Index="93"/>
        <RequiredReward value="Emoticon_WarpIn"/>
    </CEmoticon>
    <CEmoticon id="reaper">
        <Image TextureSheet="EmoticonsSheet2" Index="94"/>
        <RequiredReward value="Emoticon_Reaper"/>
    </CEmoticon>
    <CEmoticon id="tychus">
        <Image TextureSheet="EmoticonsSheet2" Index="95"/>
        <RequiredReward value="Emoticon_Tychus"/>
    </CEmoticon>
    <CEmoticon id="bongo">
        <Image TextureSheet="EmoticonsSheet2" Index="96"/>
        <RequiredReward value="Emoticon_BongoProbe"/>
    </CEmoticon>
    <CEmoticon id="mic">
        <Image TextureSheet="EmoticonsSheet2" Index="97"/>
        <RequiredReward value="Emoticon_Mic"/>
    </CEmoticon>
    <CEmoticon id="seethis">
        <Image TextureSheet="EmoticonsSheet2" Index="98"/>
        <RequiredReward value="Emoticon_SeeThis"/>
    </CEmoticon>
    <CEmoticon id="rainbarf">
        <Image TextureSheet="EmoticonsSheet2" Index="99"/>
        <RequiredReward value="Emoticon_RainbowBarf"/>
    </CEmoticon>
    <CEmoticon id="zeratul">
        <Image TextureSheet="EmoticonsSheet3" Index="0"/>
        <RequiredReward value="Emoticon_Zeratul"/>
    </CEmoticon>
    <CEmoticon id="artifact">
        <Image TextureSheet="EmoticonsSheet3" Index="1"/>
        <RequiredReward value="Emoticon_Artifact"/>
    </CEmoticon>
    <CEmoticon id="glterran">
        <Image TextureSheet="EmoticonsSheet3" Index="2"/>
        <RequiredReward value="Emoticon_GoodLuckTerran"/>
    </CEmoticon>
    <CEmoticon id="glzerg">
        <Image TextureSheet="EmoticonsSheet3" Index="3"/>
        <RequiredReward value="Emoticon_GoodLuckZerg"/>
    </CEmoticon>
    <CEmoticon id="glprotoss">
        <Image TextureSheet="EmoticonsSheet3" Index="4"/>
        <RequiredReward value="Emoticon_GoodLuckProtoss"/>
    </CEmoticon>
    <CEmoticon id="hfterran">
        <Image TextureSheet="EmoticonsSheet3" Index="5"/>
        <RequiredReward value="Emoticon_HaveFunTerran"/>
    </CEmoticon>
    <CEmoticon id="hfzerg">
        <Image TextureSheet="EmoticonsSheet3" Index="6"/>
        <RequiredReward value="Emoticon_HaveFunZerg"/>
    </CEmoticon>
    <CEmoticon id="hfprotoss">
        <Image TextureSheet="EmoticonsSheet3" Index="7"/>
        <RequiredReward value="Emoticon_HaveFunProtoss"/>
    </CEmoticon>
    <CEmoticon id="sombrero">
        <Image TextureSheet="EmoticonsSheet3" Index="8"/>
        <RequiredReward value="Emoticon_Sombrero"/>
    </CEmoticon>
    <CEmoticon id="stovepipe">
        <Image TextureSheet="EmoticonsSheet3" Index="9"/>
        <RequiredReward value="Emoticon_Stovepipe"/>
    </CEmoticon>
    <CEmoticon id="bowler">
        <Image TextureSheet="EmoticonsSheet3" Index="10"/>
        <RequiredReward value="Emoticon_Bowler"/>
    </CEmoticon>
    <CEmoticon id="koi">
        <Image TextureSheet="EmoticonsSheet3" Index="11"/>
        <RequiredReward value="Emoticon_Koi"/>
    </CEmoticon>
    <CEmoticon id="shark">
        <Image TextureSheet="EmoticonsSheet3" Index="12"/>
        <RequiredReward value="Emoticon_Shark"/>
    </CEmoticon>
    <CEmoticon id="tancho">
        <Image TextureSheet="EmoticonsSheet3" Index="13"/>
        <RequiredReward value="Emoticon_Tancho"/>
    </CEmoticon>
    <CEmoticon id="canisterrifle">
        <Image TextureSheet="EmoticonsSheet3" Index="14"/>
        <RequiredReward value="Emoticon_CanisterRifle"/>
    </CEmoticon>
    <CEmoticon id="simulant">
        <Image TextureSheet="EmoticonsSheet3" Index="15"/>
        <RequiredReward value="Emoticon_Simulant"/>
    </CEmoticon>
    <CEmoticon id="goldenage">
        <Image TextureSheet="EmoticonsSheet3" Index="16"/>
        <RequiredReward value="Emoticon_GoldenAge"/>
    </CEmoticon>
    <CEmoticon id="junkbot">
        <Image TextureSheet="EmoticonsSheet3" Index="17"/>
        <RequiredReward value="Emoticon_Junkbot"/>
    </CEmoticon>
    <CEmoticon id="scantipede">
        <Image TextureSheet="EmoticonsSheet3" Index="18"/>
        <RequiredReward value="Emoticon_Scantipede"/>
    </CEmoticon>
    <CEmoticon id="urubu">
        <Image TextureSheet="EmoticonsSheet3" Index="19"/>
        <RequiredReward value="Emoticon_Urubu"/>
    </CEmoticon>
    <CEmoticon id="babyrage">
        <Image TextureSheet="EmoticonsSheet3" Index="20"/>
        <RequiredReward value="Emoticon_BabyRage"/>
    </CEmoticon>
    <CEmoticon id="bleedpurple">
        <Image TextureSheet="EmoticonsSheet3" Index="21"/>
        <RequiredReward value="Emoticon_BleedPurple"/>
    </CEmoticon>
    <CEmoticon id="cmonbruh">
        <Image TextureSheet="EmoticonsSheet3" Index="22"/>
        <RequiredReward value="Emoticon_CmonBruh"/>
    </CEmoticon>
    <CEmoticon id="coolcat">
        <Image TextureSheet="EmoticonsSheet3" Index="23"/>
        <RequiredReward value="Emoticon_CoolCat"/>
    </CEmoticon>
    <CEmoticon id="failfish">
        <Image TextureSheet="EmoticonsSheet3" Index="24"/>
        <RequiredReward value="Emoticon_FailFish"/>
    </CEmoticon>
    <CEmoticon id="heyguys">
        <Image TextureSheet="EmoticonsSheet3" Index="25"/>
        <RequiredReward value="Emoticon_HeyGuys"/>
    </CEmoticon>
    <CEmoticon id="kappa">
        <Image TextureSheet="EmoticonsSheet3" Index="26"/>
        <RequiredReward value="Emoticon_KappaTW"/>
    </CEmoticon>
    <CEmoticon id="ohmydog">
        <Image TextureSheet="EmoticonsSheet3" Index="27"/>
        <RequiredReward value="Emoticon_OhMyDog"/>
    </CEmoticon>
    <CEmoticon id="stinkycheese">
        <Image TextureSheet="EmoticonsSheet3" Index="28"/>
        <RequiredReward value="Emoticon_StinkyCheese"/>
    </CEmoticon>
    <CEmoticon id="theilluminati">
        <Image TextureSheet="EmoticonsSheet3" Index="29"/>
        <RequiredReward value="Emoticon_TheIlluminati"/>
    </CEmoticon>
    <CEmoticon id="thething">
        <Image TextureSheet="EmoticonsSheet3" Index="30"/>
        <RequiredReward value="Emoticon_TheThing"/>
    </CEmoticon>
    <CEmoticon id="unity">
        <Image TextureSheet="EmoticonsSheet3" Index="31"/>
        <RequiredReward value="Emoticon_Unity"/>
    </CEmoticon>
    <CEmoticon id="wutface">
        <Image TextureSheet="EmoticonsSheet3" Index="32"/>
        <RequiredReward value="Emoticon_WutFace"/>
    </CEmoticon>
    <CEmoticon id="residentsleeper">
        <Image TextureSheet="EmoticonsSheet3" Index="33"/>
        <RequiredReward value="Emoticon_ResidentSleeper"/>
    </CEmoticon>
    <CEmoticon id="kappaross">
        <Image TextureSheet="EmoticonsSheet3" Index="34"/>
        <RequiredReward value="Emoticon_KappaRoss"/>
    </CEmoticon>
    <CEmoticon id="cheesehand">
        <Image TextureSheet="EmoticonsSheet3" Index="35"/>
        <RequiredReward value="Emoticon_CheeseHand"/>
    </CEmoticon>
    <CEmoticon id="goodgary">
        <Image TextureSheet="EmoticonsSheet3" Index="36"/>
        <RequiredReward value="Emoticon_GoodGary"/>
    </CEmoticon>
    <CEmoticon id="badgary">
        <Image TextureSheet="EmoticonsSheet3" Index="37"/>
        <RequiredReward value="Emoticon_BadGary"/>
    </CEmoticon>
    <CEmoticon id="shield">
        <Image TextureSheet="EmoticonsSheet3" Index="38"/>
        <RequiredReward value="Emoticon_Shield"/>
    </CEmoticon>
    <CEmoticon id="sword">
        <Image TextureSheet="EmoticonsSheet3" Index="39"/>
        <RequiredReward value="Emoticon_Sword"/>
    </CEmoticon>
    <CEmoticon id="pickaxe">
        <Image TextureSheet="EmoticonsSheet3" Index="40"/>
        <RequiredReward value="Emoticon_Pickaxe"/>
    </CEmoticon>
    <CEmoticon id="shovel">
        <Image TextureSheet="EmoticonsSheet3" Index="41"/>
        <RequiredReward value="Emoticon_Shovel"/>
    </CEmoticon>
    <CEmoticon id="hammer">
        <Image TextureSheet="EmoticonsSheet3" Index="42"/>
        <RequiredReward value="Emoticon_Hammer"/>
    </CEmoticon>
    <CEmoticon id="saw">
        <Image TextureSheet="EmoticonsSheet3" Index="43"/>
        <RequiredReward value="Emoticon_Saw"/>
    </CEmoticon>
    <CEmoticon id="wrench">
        <Image TextureSheet="EmoticonsSheet3" Index="44"/>
        <RequiredReward value="Emoticon_Wrench"/>
    </CEmoticon>
    <CEmoticon id="pliers">
        <Image TextureSheet="EmoticonsSheet3" Index="45"/>
        <RequiredReward value="Emoticon_Pliers"/>
    </CEmoticon>
    <CEmoticon id="drill">
        <Image TextureSheet="EmoticonsSheet3" Index="46"/>
        <RequiredReward value="Emoticon_Drill"/>
    </CEmoticon>
    <CEmoticon id="screwdriver">
        <Image TextureSheet="EmoticonsSheet3" Index="47"/>
        <RequiredReward value="Emoticon_Screwdriver"/>
    </CEmoticon>
    <CEmoticon id="crowbar">
        <Image TextureSheet="EmoticonsSheet3" Index="48"/>
        <RequiredReward value="Emoticon_Crowbar"/>
    </CEmoticon>
    <CEmoticon id="vice">
        <Image TextureSheet="EmoticonsSheet3" Index="49"/>
        <RequiredReward value="Emoticon_Vice"/>
    </CEmoticon>
    <CEmoticon id="classicterran">
        <Image TextureSheet="EmoticonsSheet3" Index="50"/>
        <RequiredReward value="Emoticon_ClassicTerran"/>
    </CEmoticon>
    <CEmoticon id="classiczerg">
        <Image TextureSheet="EmoticonsSheet3" Index="51"/>
        <RequiredReward value="Emoticon_ClassicZerg"/>
    </CEmoticon>
    <CEmoticon id="classicprotoss">
        <Image TextureSheet="EmoticonsSheet3" Index="52"/>
        <RequiredReward value="Emoticon_ClassicProtoss"/>
    </CEmoticon>
    <CEmoticon id="slaproof">
        <Image TextureSheet="EmoticonsSheet3" Index="53"/>
        <RequiredReward value="Emoticon_SlapRoof"/>
    </CEmoticon>
    <CEmoticon id="whatsthis">
        <Image TextureSheet="EmoticonsSheet3" Index="54"/>
        <RequiredReward value="Emoticon_WhatsThis"/>
    </CEmoticon>
    <CEmoticon id="npc">
        <Image TextureSheet="EmoticonsSheet3" Index="55"/>
        <RequiredReward value="Emoticon_NPC"/>
    </CEmoticon>
    <CEmoticon id="thumbtack">
        <Image TextureSheet="EmoticonsSheet3" Index="56"/>
        <RequiredReward value="Emoticon_Thumbtack"/>
    </CEmoticon>
    <CEmoticon id="browncat">
        <Image TextureSheet="EmoticonsSheet3" Index="57"/>
        <RequiredReward value="Emoticon_BrownCat"/>
    </CEmoticon>
    <CEmoticon id="cheesemouse">
        <Image TextureSheet="EmoticonsSheet3" Index="58"/>
        <RequiredReward value="Emoticon_CheeseMouse"/>
    </CEmoticon>
    <CEmoticon id="cookierat">
        <Image TextureSheet="EmoticonsSheet3" Index="59"/>
        <RequiredReward value="Emoticon_CookieRat"/>
    </CEmoticon>
    <CEmoticon id="contaminated">
        <Image TextureSheet="EmoticonsSheet3" Index="60"/>
        <RequiredReward value="Emoticon_Contaminated"/>
    </CEmoticon>
    <CEmoticon id="royal">
        <Image TextureSheet="EmoticonsSheet3" Index="61"/>
        <RequiredReward value="Emoticon_Royal"/>
    </CEmoticon>
    <CEmoticon id="pie">
        <Image TextureSheet="EmoticonsSheet3" Index="62"/>
        <RequiredReward value="Emoticon_Pie"/>
    </CEmoticon>
    <CEmoticon id="cookie">
        <Image TextureSheet="EmoticonsSheet3" Index="63"/>
        <RequiredReward value="Emoticon_Cookie"/>
    </CEmoticon>
    <CEmoticon id="coffee">
        <Image TextureSheet="EmoticonsSheet3" Index="64"/>
        <RequiredReward value="Emoticon_Coffee"/>
    </CEmoticon>
    <CEmoticon id="juicebox">
        <Image TextureSheet="EmoticonsSheet3" Index="65"/>
        <RequiredReward value="Emoticon_JuiceBox"/>
    </CEmoticon>
    <CEmoticon id="donut">
        <Image TextureSheet="EmoticonsSheet3" Index="66"/>
        <RequiredReward value="Emoticon_Donut"/>
    </CEmoticon>
    <CEmoticon id="pancakes">
        <Image TextureSheet="EmoticonsSheet3" Index="67"/>
        <RequiredReward value="Emoticon_Pancakes"/>
    </CEmoticon>
    <CEmoticon id="broccoli">
        <Image TextureSheet="EmoticonsSheet3" Index="68"/>
        <RequiredReward value="Emoticon_Broccoli"/>
    </CEmoticon>
    <CEmoticon id="apple">
        <Image TextureSheet="EmoticonsSheet3" Index="69"/>
        <RequiredReward value="Emoticon_Apple"/>
    </CEmoticon>
    <CEmoticon id="toasted">
        <Image TextureSheet="EmoticonsSheet3" Index="70"/>
        <RequiredReward value="Emoticon_Toasted"/>
    </CEmoticon>
    <CEmoticon id="steak">
        <Image TextureSheet="EmoticonsSheet3" Index="71"/>
        <RequiredReward value="Emoticon_Steak"/>
    </CEmoticon>
    <CEmoticon id="cherries">
        <Image TextureSheet="EmoticonsSheet3" Index="72"/>
        <RequiredReward value="Emoticon_Cherries"/>
    </CEmoticon>
    <CEmoticon id="garlic">
        <Image TextureSheet="EmoticonsSheet3" Index="73"/>
        <RequiredReward value="Emoticon_Garlic"/>
    </CEmoticon>
    <CEmoticon id="carrot">
        <Image TextureSheet="EmoticonsSheet3" Index="74"/>
        <RequiredReward value="Emoticon_Carrot"/>
    </CEmoticon>
    <CEmoticon id="strawberry">
        <Image TextureSheet="EmoticonsSheet3" Index="75"/>
        <RequiredReward value="Emoticon_Strawberry"/>
    </CEmoticon>
    <CEmoticon id="croissant">
        <Image TextureSheet="EmoticonsSheet3" Index="76"/>
        <RequiredReward value="Emoticon_Croissant"/>
    </CEmoticon>
    <CEmoticon id="lobster">
        <Image TextureSheet="EmoticonsSheet3" Index="77"/>
        <RequiredReward value="Emoticon_Lobster"/>
    </CEmoticon>
    <CEmoticon id="lemon">
        <Image TextureSheet="EmoticonsSheet3" Index="78"/>
        <RequiredReward value="Emoticon_Lemon"/>
    </CEmoticon>
    <CEmoticon id="pepper">
        <Image TextureSheet="EmoticonsSheet3" Index="79"/>
        <RequiredReward value="Emoticon_Pepper"/>
    </CEmoticon>
    <CEmoticon id="onion">
        <Image TextureSheet="EmoticonsSheet3" Index="80"/>
        <RequiredReward value="Emoticon_Onion"/>
    </CEmoticon>
    <CEmoticon id="banana">
        <Image TextureSheet="EmoticonsSheet3" Index="81"/>
        <RequiredReward value="Emoticon_Banana"/>
    </CEmoticon>
    <CEmoticon id="muffin">
        <Image TextureSheet="EmoticonsSheet3" Index="82"/>
        <RequiredReward value="Emoticon_Muffin"/>
    </CEmoticon>
    <CEmoticon id="shrimp">
        <Image TextureSheet="EmoticonsSheet3" Index="83"/>
        <RequiredReward value="Emoticon_Shrimp"/>
    </CEmoticon>
    <CEmoticon id="grapes">
        <Image TextureSheet="EmoticonsSheet3" Index="84"/>
        <RequiredReward value="Emoticon_Grapes"/>
    </CEmoticon>
    <CEmoticon id="mushroom">
        <Image TextureSheet="EmoticonsSheet3" Index="85"/>
        <RequiredReward value="Emoticon_Mushroom"/>
    </CEmoticon>
</Catalog>
