<?xml version="1.0" encoding="utf-8"?>
<Catalog>
    <CGameUI id="Dflt">
        <MusicArray value="Music_LibertyStartup"/>
        <IntroMusic value="Music_LibertyIntro"/>
        <PostGameMusic value="Music_LibertyIntro"/>
        <CreditsMusic value="Music_EndCreditsA1"/>
        <LoopAmbience value="Ambience_Liberty"/>
        <ObjectGroupData MinimapIcon="Assets\Textures\ui_minimap_icon_destructablerocks.dds"/>
        <ObjectGroupData MinLevel="10" MinimapIcon="Assets\Textures\ui_minimap_icon_xelnagawatchtower.dds"/>
        <LoadingScreenHelpIntro Text="LoadingScreen/HelpIntro00"/>
        <LoadingScreenHelpIntro Text="LoadingScreen/HelpIntro01"/>
        <LoadingScreenHelpIntro Text="LoadingScreen/HelpIntro02"/>
        <LoadingScreenHelp Text="LoadingScreen/Help00"/>
        <LoadingScreenHelp Text="LoadingScreen/Help01"/>
        <LoadingScreenHelp Text="LoadingScreen/Help02"/>
        <LoadingScreenHelp Text="LoadingScreen/Help03"/>
        <LoadingScreenHelp Text="LoadingScreen/Help04"/>
        <LoadingScreenHelp Text="LoadingScreen/Help05"/>
        <LoadingScreenHelp Text="LoadingScreen/Help06"/>
        <LoadingScreenHelp Text="LoadingScreen/Help07"/>
        <LoadingScreenHelp Text="LoadingScreen/Help08"/>
        <LoadingScreenHelp Text="LoadingScreen/Help09"/>
        <LoadingScreenHelp Text="LoadingScreen/Help10"/>
        <LoadingScreenHelp Text="LoadingScreen/Help11"/>
        <LoadingScreenHelp Text="LoadingScreen/Help12"/>
        <LoadingScreenHelp Text="LoadingScreen/Help13"/>
        <LoadingScreenHelp Text="LoadingScreen/Help14"/>
        <LoadingScreenHelp Text="LoadingScreen/Help15"/>
        <LoadingScreenHelp Text="LoadingScreen/Help16"/>
        <LoadingScreenHelp Text="LoadingScreen/Help17"/>
        <LoadingScreenHelp Text="LoadingScreen/Help18"/>
        <LoadingScreenHelp Text="LoadingScreen/Help19"/>
        <LoadingScreenHelp Text="LoadingScreen/Help20"/>
        <LoadingScreenHelp Text="LoadingScreen/Help21" Race="Terr"/>
        <LoadingScreenHelp Text="LoadingScreen/Help22" Race="Terr"/>
        <LoadingScreenHelp Text="LoadingScreen/Help23" Race="Terr"/>
        <LoadingScreenHelp Text="LoadingScreen/Help24" Race="Terr"/>
        <LoadingScreenHelp Text="LoadingScreen/Help25" Race="Terr"/>
        <LoadingScreenHelp Text="LoadingScreen/Help26" Race="Terr"/>
        <LoadingScreenHelp Text="LoadingScreen/Help27" Race="Terr"/>
        <LoadingScreenHelp Text="LoadingScreen/Help28" Race="Terr"/>
        <LoadingScreenHelp Text="LoadingScreen/Help29" Race="Terr"/>
        <LoadingScreenHelp Text="LoadingScreen/Help30" Race="Terr"/>
        <LoadingScreenHelp Text="LoadingScreen/Help31" Race="Prot"/>
        <LoadingScreenHelp Text="LoadingScreen/Help32" Race="Prot"/>
        <LoadingScreenHelp Text="LoadingScreen/Help33" Race="Prot"/>
        <LoadingScreenHelp Text="LoadingScreen/Help34" Race="Prot"/>
        <LoadingScreenHelp Text="LoadingScreen/Help35" Race="Prot"/>
        <LoadingScreenHelp Text="LoadingScreen/Help36" Race="Prot"/>
        <LoadingScreenHelp Text="LoadingScreen/Help37" Race="Prot"/>
        <LoadingScreenHelp Text="LoadingScreen/Help38" Race="Prot"/>
        <LoadingScreenHelp Text="LoadingScreen/Help39" Race="Prot"/>
        <LoadingScreenHelp Text="LoadingScreen/Help40" Race="Prot"/>
        <LoadingScreenHelp Text="LoadingScreen/Help41" Race="Prot"/>
        <LoadingScreenHelp Text="LoadingScreen/Help42" Race="Zerg"/>
        <LoadingScreenHelp Text="LoadingScreen/Help43" Race="Zerg"/>
        <LoadingScreenHelp Text="LoadingScreen/Help44" Race="Zerg"/>
        <LoadingScreenHelp Text="LoadingScreen/Help45" Race="Zerg"/>
        <LoadingScreenHelp Text="LoadingScreen/Help46" Race="Zerg"/>
        <LoadingScreenHelp Text="LoadingScreen/Help47" Race="Zerg"/>
        <LoadingScreenHelp Text="LoadingScreen/Help48" Race="Zerg"/>
        <LoadingScreenHelp Text="LoadingScreen/Help49" Race="Zerg"/>
        <LoadingScreenHelp Text="LoadingScreen/Help50" Race="Zerg"/>
        <LoadingScreenHelp Text="LoadingScreen/Help51"/>
        <LoadingScreenHelp Text="LoadingScreen/Help52"/>
        <LoadingScreenHelp Text="LoadingScreen/Help53"/>
        <LoadingScreenHelp Text="LoadingScreen/Help54"/>
        <LoadingScreenHelp Text="LoadingScreen/Help55"/>
        <LoadingScreenHelp Text="LoadingScreen/Help56"/>
        <LoadingScreenHelp Text="LoadingScreen/Help57"/>
        <LoadingScreenHelp Text="LoadingScreen/Help58"/>
        <LoadingScreenHelp Text="LoadingScreen/Help59"/>
        <LoadingBars Name="LoadingBar/Prot" FrameSuffix="Prot"/>
        <LoadingBars Name="LoadingBar/Terr" FrameSuffix="Terr"/>
        <LoadingBars Name="LoadingBar/Zerg" FrameSuffix="Zerg"/>
        <LoadingBars Name="LoadingBar/BattleNet" FrameSuffix="BattleNet"/>
        <UnitKillRank Text="UnitKillRank/Rank1"/>
        <UnitKillRank MinKills="5" Text="UnitKillRank/Rank2"/>
        <UnitKillRank MinKills="10" Text="UnitKillRank/Rank3"/>
        <UnitKillRank MinKills="15" Text="UnitKillRank/Rank4"/>
        <UnitKillRank MinKills="20" Text="UnitKillRank/Rank5"/>
        <MinimapData InnerBorderColor="255,0,198,0" OuterBorderColor="255,0,0,0"/>
        <DefaultUIRace value="Terr"/>
        <ObserverSoundtrack value="Music_TerrLow"/>
        <StrobeHaloEmission value="1.000000"/>
        <StrobeHighlightColor value="255,255,225,225"/>
        <TutorialArray Title="Tutorial/Title/Overview" Icon="Assets/Textures/btn-tips-tutorial.dds" Movie="Assets/Textures/video_tutorial_overview.ogv"/>
        <TutorialArray Title="Tutorial/Title/CameraControl" Icon="Assets/Textures/ui_tutorial_cameraicon2.dds" Movie="Assets/Textures/video_tutorial_camera_control.ogv"/>
        <TutorialArray Title="Tutorial/Title/Movement" Icon="Assets/Textures/btn-command-move.dds" Movie="Assets/Textures/video_tutorial_movement.ogv"/>
        <TutorialArray Title="Tutorial/Title/Combat" Icon="Assets/Textures/btn-command-attack.dds" Movie="Assets/Textures/video_tutorial_combat.ogv"/>
        <TutorialArray Title="Tutorial/Title/ResourceCollection" Icon="Assets/Textures/icon-mineral-terran.dds" Movie="Assets/Textures/video_tutorial_resource_collection.ogv"/>
        <TutorialArray Title="Tutorial/Title/TerranBaseConstruction" Icon="Assets/Textures/btn-building-terran-commandcenter.dds" Movie="Assets/Textures/video_tutorial_terran_base_construction.ogv"/>
        <TutorialArray Title="Tutorial/Title/TerranSupply" Icon="Assets/Textures/icon-supply-terran.dds" Movie="Assets/Textures/video_tutorial_terran_supply.ogv"/>
        <TutorialArray Title="Tutorial/Title/TerranUnitProduction" Icon="Assets/Textures/btn-unit-terran-marine.dds" Movie="Assets/Textures/video_tutorial_terran_unit_production.ogv"/>
        <TutorialArray Title="Tutorial/Title/Protoss" Icon="Assets/Textures/btn-unit-protoss-zealot.dds" Movie="Assets/Textures/tutorial_protoss.ogv"/>
        <TutorialArray Title="Tutorial/Title/Zerg" Icon="Assets/Textures/btn-unit-zerg-zergling.dds" Movie="Assets/Textures/tutorial_zerg.ogv"/>
        <SoundData index="User16" MuteControl="SoundEffects" VolumeControl="SoundEffects"/>
        <SoundData index="User17" MuteControl="SoundEffects" VolumeControl="SoundEffects"/>
        <!-- User18 = DX_VisorDom -->
        <SoundData index="User18" Volume="-2.000000" MuteControl="SoundVoices" VolumeControl="SoundVoices"/>
        <SoundData index="User19" MuteControl="SoundEffects" VolumeControl="SoundEffects"/>
        <!-- User20 = GRP_UI_Screen -->
        <!-- UI_Screen_DIA -->
        <SoundData index="User21" MuteControl="SoundVoices" VolumeControl="SoundVoices"/>
        <!-- UI_Screen_AMB -->
        <SoundData index="User22" MuteControl="SoundAmbience" VolumeControl="SoundAmbience"/>
        <!-- UI_Screen_SFX -->
        <SoundData index="User23" MuteControl="SoundEffects" VolumeControl="SoundEffects"/>
        <SoundData index="User24" MuteControl="SoundEffects" VolumeControl="SoundEffects"/>
        <SoundData index="User25" MuteControl="SoundEffects" VolumeControl="SoundEffects"/>
        <SoundData index="User26" MuteControl="SoundEffects" VolumeControl="SoundEffects"/>
        <SoundData index="User27" MuteControl="SoundEffects" VolumeControl="SoundEffects"/>
        <!-- HHReaperFlying_Land -->
        <SoundData index="User28" MuteControl="SoundEffects" VolumeControl="SoundEffects"/>
        <SoundData index="User29" MuteControl="SoundEffects" VolumeControl="SoundEffects"/>
        <!-- Horner Han Fleet Call Down Music -->
        <SoundData index="User30" MuteControl="Music" VolumeControl="Music"/>
        <SoundData index="User31" MuteControl="SoundEffects" VolumeControl="SoundEffects"/>
        <SoundData index="User32" MuteControl="SoundEffects" VolumeControl="SoundEffects"/>
        <SoundData index="User33" MuteControl="SoundEffects" VolumeControl="SoundEffects"/>
        <!-- UI Rewind SFX -->
        <SoundData index="User34" MuteControl="SoundEffects" VolumeControl="SoundEffects"/>
        <!-- GGWin/Lose announcer dialog -->
        <SoundData index="User35" Volume="-2.000000" MuteControl="SoundVoices" VolumeControl="SoundVoices"/>
        <MixRouting index="User21" ParentCategory="User20"/>
        <MixRouting index="User22" ParentCategory="User20"/>
        <MixRouting index="User23" ParentCategory="User20"/>
        <StartupMovieArray Name="Movie/Cinematic0" Path="Assets/Textures/cinematic_voidintro.ogv" Source="Mods/Liberty.SC2Mod"/>
        <HelpTechTitle value="UI/HelpMenuDialogTechLiberty"/>
        <!--Note that we reset this array because we want to use a different default setting-->
        <AltSoundtrack index="0" AltSoundtrackName="UI/SoundOptions/AltSoundtrack/SoundtrackAll" Suffix="_All"/>
        <AltSoundtrack AltSoundtrackName="UI/SoundOptions/AltSoundtrack/SoundtrackSCII"/>
        <AltSoundtrack AltSoundtrackName="UI/SoundOptions/AltSoundtrack/SoundtrackSC" Suffix="_SCI"/>
        <HelpGameMechanics>
            <Icon value="UI/HelpMenuDialogGameMechanics_Minerals"/>
            <IconBackground value="UI/HelpMenuDialogGameMechanics_IconFrame"/>
            <Name value="UI/HelpGameMechanic_Minerals_Name"/>
            <Description value="UI/HelpGameMechanic_Minerals_Description"/>
        </HelpGameMechanics>
        <HelpGameMechanics>
            <Icon value="UI/HelpMenuDialogGameMechanics_ReducedMineralFields"/>
            <IconBackground value="UI/HelpMenuDialogGameMechanics_IconFrame"/>
            <Name value="UI/HelpGameMechanic_ReducedMineralFields_Name"/>
            <Description value="UI/HelpGameMechanic_ReducedMineralFields_Description"/>
        </HelpGameMechanics>
        <HelpGameMechanics>
            <Icon value="UI/HelpMenuDialogGameMechanics_RichMinerals"/>
            <IconBackground value="UI/HelpMenuDialogGameMechanics_IconFrame"/>
            <Name value="UI/HelpGameMechanic_RichMinerals_Name"/>
            <Description value="UI/HelpGameMechanic_RichMinerals_Description"/>
        </HelpGameMechanics>
        <HelpGameMechanics>
            <Icon value="UI/HelpMenuDialogGameMechanics_Vespene"/>
            <IconBackground value="UI/HelpMenuDialogGameMechanics_IconFrame"/>
            <Name value="UI/HelpGameMechanic_VespeneGeysers_Name"/>
            <Description value="UI/HelpGameMechanic_VespeneGeysers_Description"/>
        </HelpGameMechanics>
        <HelpGameMechanics>
            <Icon value="UI/HelpMenuDialogGameMechanics_RichVespene"/>
            <IconBackground value="UI/HelpMenuDialogGameMechanics_IconFrame"/>
            <Name value="UI/HelpGameMechanic_RichVespeneGeysers_Name"/>
            <Description value="UI/HelpGameMechanic_RichVespeneGeysers_Description"/>
        </HelpGameMechanics>
        <HelpGameMechanics>
            <Icon value="UI/HelpMenuDialogGameMechanics_Bushes"/>
            <IconBackground value="UI/HelpMenuDialogGameMechanics_IconFrame"/>
            <Name value="UI/HelpGameMechanic_LineOfSight_Name"/>
            <Description value="UI/HelpGameMechanic_LineOfSight_Description"/>
        </HelpGameMechanics>
        <HelpGameMechanics>
            <Icon value="UI/HelpMenuDialogGameMechanics_Destructible"/>
            <IconBackground value="UI/HelpMenuDialogGameMechanics_IconFrame"/>
            <Name value="UI/HelpGameMechanic_DestructibleRocks_Name"/>
            <Description value="UI/HelpGameMechanic_DestructibleRocks_Description"/>
        </HelpGameMechanics>
        <HelpGameMechanics>
            <Icon value="UI/HelpMenuDialogGameMechanics_Collapsible"/>
            <IconBackground value="UI/HelpMenuDialogGameMechanics_IconFrame"/>
            <Name value="UI/HelpGameMechanic_FallingRocks_Name"/>
            <Description value="UI/HelpGameMechanic_FallingRocks_Description"/>
        </HelpGameMechanics>
        <HelpGameMechanics>
            <Icon value="UI/HelpMenuDialogGameMechanics_Xelnaga"/>
            <IconBackground value="UI/HelpMenuDialogGameMechanics_IconFrame"/>
            <Name value="UI/HelpGameMechanic_XelNagaWatchTower_Name"/>
            <Description value="UI/HelpGameMechanic_XelNagaWatchTower_Description"/>
        </HelpGameMechanics>
        <HelpGameMechanics>
            <Icon value="UI/HelpMenuDialogGameMechanics_Fog"/>
            <IconBackground value="UI/HelpMenuDialogGameMechanics_IconFrame"/>
            <Name value="UI/HelpGameMechanic_FogOfWar_Name"/>
            <Description value="UI/HelpGameMechanic_FogOfWar_Description"/>
        </HelpGameMechanics>
        <HelpGameMechanics>
            <Icon value="UI/HelpMenuDialogGameMechanics_HighGround"/>
            <IconBackground value="UI/HelpMenuDialogGameMechanics_IconFrame"/>
            <Name value="UI/HelpGameMechanic_HighLowGround_Name"/>
            <Description value="UI/HelpGameMechanic_HighLowGround_Description"/>
        </HelpGameMechanics>
        <HelpGameMechanics>
            <Icon value="UI/HelpMenuDialogGameMechanics_AccelerationZoneGenerators"/>
            <IconBackground value="UI/HelpMenuDialogGameMechanics_IconFrame"/>
            <Name value="UI/HelpGameMechanic_AccelerationZoneGenerators_Name"/>
            <Description value="UI/HelpGameMechanic_AccelerationZoneGenerators_Description"/>
        </HelpGameMechanics>
        <HelpGameMechanics>
            <Icon value="UI/HelpMenuDialogGameMechanics_InhibitorZoneGenerators"/>
            <IconBackground value="UI/HelpMenuDialogGameMechanics_IconFrame"/>
            <Name value="UI/HelpGameMechanic_InhibitorZoneGenerators_Name"/>
            <Description value="UI/HelpGameMechanic_InhibitorZoneGenerators_Description"/>
        </HelpGameMechanics>
        <HelpControlCategories Name="UI/HelpControlCategory_Selection_Name" Description="UI/HelpControlCategory_Selection_Description"/>
        <HelpControlCategories Name="UI/HelpControlCategory_BasicUnitCommands_Name" Description="UI/HelpControlCategory_BasicUnitCommands_Description"/>
        <HelpControlCategories Name="UI/HelpControlCategory_AdvancedUnitCommands_Name" Description="UI/HelpControlCategory_AdvancedUnitCommands_Description"/>
        <HelpControlCategories Name="UI/HelpControlCategory_ControlGroups_Name" Description="UI/HelpControlCategory_ControlGroups_Description"/>
        <HelpControlCategories Name="UI/HelpControlCategory_CameraControls_Name" Description="UI/HelpControlCategory_CameraControls_Description"/>
        <HelpControlCategories Name="UI/HelpControlCategory_Communication_Name" Description="UI/HelpControlCategory_Communication_Description"/>
        <HelpControls Category="UI/HelpControlCategory_Selection_Name" Name="UI/HelpControl_SelectSingleTarget_Name" Description="UI/HelpControl_SelectSingleTarget_Description" Basic="1"/>
        <HelpControls Category="UI/HelpControlCategory_Selection_Name" Name="UI/HelpControl_SelectMultipleTargets_Name" Description="UI/HelpControl_SelectMultipleTargets_Description" Basic="1"/>
        <HelpControls Category="UI/HelpControlCategory_Selection_Name" Name="UI/HelpControl_AddToSelection_Name" Description="UI/HelpControl_AddToSelection_Description"/>
        <HelpControls Category="UI/HelpControlCategory_Selection_Name" Name="UI/HelpControl_SelectUnitType_Name" Description="UI/HelpControl_SelectUnitType_Description"/>
        <HelpControls Category="UI/HelpControlCategory_Selection_Name" Name="UI/HelpControl_SelectIdleWorker_Name" Description="UI/HelpControl_SelectIdleWorker_Description"/>
        <HelpControls Category="UI/HelpControlCategory_Selection_Name" Name="UI/HelpControl_SelectArmy_Name" Description="UI/HelpControl_SelectArmy_Description" Basic="1"/>
        <HelpControls Category="UI/HelpControlCategory_BasicUnitCommands_Name" Name="UI/HelpControl_AttackMove_Name" Description="UI/HelpControl_AttackMove_Description" Basic="1"/>
        <HelpControls Category="UI/HelpControlCategory_BasicUnitCommands_Name" Name="UI/HelpControl_Move_Name" Description="UI/HelpControl_Move_Description" Basic="1"/>
        <HelpControls Category="UI/HelpControlCategory_BasicUnitCommands_Name" Name="UI/HelpControl_FocusFire_Name" Description="UI/HelpControl_FocusFire_Description" Basic="1"/>
        <HelpControls Category="UI/HelpControlCategory_AdvancedUnitCommands_Name" Name="UI/HelpControl_Stop_Name" Description="UI/HelpControl_Stop_Description"/>
        <HelpControls Category="UI/HelpControlCategory_AdvancedUnitCommands_Name" Name="UI/HelpControl_HoldPosition_Name" Description="UI/HelpControl_HoldPosition_Description"/>
        <HelpControls Category="UI/HelpControlCategory_AdvancedUnitCommands_Name" Name="UI/HelpControl_Patrol_Name" Description="UI/HelpControl_Patrol_Description"/>
        <HelpControls Category="UI/HelpControlCategory_AdvancedUnitCommands_Name" Name="UI/HelpControl_Follow_Name" Description="UI/HelpControl_Follow_Description"/>
        <HelpControls Category="UI/HelpControlCategory_AdvancedUnitCommands_Name" Name="UI/HelpControl_Queueing_Name" Description="UI/HelpControl_Queueing_Description"/>
        <HelpControls Category="UI/HelpControlCategory_AdvancedUnitCommands_Name" Name="UI/HelpControl_Animations_Name" Description="UI/HelpControl_Animations_Description"/>
        <HelpControls Category="UI/HelpControlCategory_ControlGroups_Name" Name="UI/HelpControl_AssignControlGroup_Name" Description="UI/HelpControl_AssignControlGroup_Description"/>
        <HelpControls Category="UI/HelpControlCategory_ControlGroups_Name" Name="UI/HelpControl_OverrideControlGroup_Name" Description="UI/HelpControl_OverrideControlGroup_Description"/>
        <HelpControls Category="UI/HelpControlCategory_ControlGroups_Name" Name="UI/HelpControl_SelectControlGroup_Name" Description="UI/HelpControl_SelectControlGroup_Description"/>
        <HelpControls Category="UI/HelpControlCategory_ControlGroups_Name" Name="UI/HelpControl_AddRemoveControlGroup_Name" Description="UI/HelpControl_AddRemoveControlGroup_Description"/>
        <HelpControls Category="UI/HelpControlCategory_ControlGroups_Name" Name="UI/HelpControl_CycleSubgroups_Name" Description="UI/HelpControl_CycleSubgroups_Description"/>
        <HelpControls Category="UI/HelpControlCategory_CameraControls_Name" Name="UI/HelpControl_MoveMapMiddleMouse_Name" Description="UI/HelpControl_MoveMapMiddleMouse_Description"/>
        <HelpControls Category="UI/HelpControlCategory_CameraControls_Name" Name="UI/HelpControl_CenterControlGroup_Name" Description="UI/HelpControl_CenterControlGroup_Description"/>
        <HelpControls Category="UI/HelpControlCategory_CameraControls_Name" Name="UI/HelpControl_CycleNotifications_Name" Description="UI/HelpControl_CycleNotifications_Description"/>
        <HelpControls Category="UI/HelpControlCategory_CameraControls_Name" Name="UI/HelpControl_CycleBases_Name" Description="UI/HelpControl_CycleBases_Description"/>
        <HelpControls Category="UI/HelpControlCategory_CameraControls_Name" Name="UI/HelpControl_SaveLocation_Name" Description="UI/HelpControl_SaveLocation_Description"/>
        <HelpControls Category="UI/HelpControlCategory_CameraControls_Name" Name="UI/HelpControl_RecallLocation_Name" Description="UI/HelpControl_RecallLocation_Description"/>
        <HelpControls Category="UI/HelpControlCategory_CameraControls_Name" Name="UI/HelpControl_CameraFollow_Name" Description="UI/HelpControl_CameraFollow_Description"/>
        <HelpControls Category="UI/HelpControlCategory_Communication_Name" Name="UI/HelpControl_InitiateChat_Name" Description="UI/HelpControl_InitiateChat_Description"/>
        <HelpControls Category="UI/HelpControlCategory_Communication_Name" Name="UI/HelpControl_AlliedChat_Name" Description="UI/HelpControl_AlliedChat_Description"/>
        <HelpControls Category="UI/HelpControlCategory_Communication_Name" Name="UI/HelpControl_AllChat_Name" Description="UI/HelpControl_AllChat_Description"/>
        <HelpControls Category="UI/HelpControlCategory_Communication_Name" Name="UI/HelpControl_Ping_Name" Description="UI/HelpControl_Ping_Description"/>
        <HelpControls Category="UI/HelpControlCategory_Communication_Name" Name="UI/HelpControl_Advanced_Ping_Name" Description="UI/HelpControl_Advanced_Ping_Description"/>
        <HelpControls Category="UI/HelpControlCategory_Communication_Name" Name="UI/HelpControl_CycleRecipients_Name" Description="UI/HelpControl_CycleRecipients_Description"/>
        <HelpControls Category="UI/HelpControlCategory_Communication_Name" Name="UI/HelpControl_Reply_Name" Description="UI/HelpControl_Reply_Description"/>
        <HelpControls Category="UI/HelpControlCategory_Communication_Name" Name="UI/HelpControl_PartyChat_Name" Description="UI/HelpControl_PartyChat_Description"/>
        <HelpControls Category="UI/HelpControlCategory_Communication_Name" Name="UI/HelpControl_Block_Name" Description="UI/HelpControl_Block_Description"/>
        <!--<HotkeyInfoArray index="VideoRecord" Name="UI/Hotkey/Name/21/VideoRecord" Tooltip="UI/Hotkey/Tooltip/VideoRecord" Category="Hotkey/Category/11/UI"/>-->
        <HotkeyInfoArray index="FPS" Category="Hotkey/Category/11/UI" Name="UI/Hotkey/Name/22/FPS" Tooltip="UI/Hotkey/Tooltip/FPS"/>
        <HotkeyInfoArray index="Music" Category="Hotkey/Category/11/UI" Name="UI/Hotkey/Name/15/Music" Tooltip="UI/Hotkey/Tooltip/Music"/>
        <HotkeyInfoArray index="Sound" Category="Hotkey/Category/11/UI" Name="UI/Hotkey/Name/16/Sound" Tooltip="UI/Hotkey/Tooltip/Sound"/>
        <HotkeyInfoArray index="PTT" Category="Hotkey/Category/11/UI" Name="UI/Hotkey/Name/12/PTT" Tooltip="UI/Hotkey/Tooltip/PTT"/>
        <HotkeyInfoArray index="DisplayMode" Category="Hotkey/Category/11/UI" Name="UI/Hotkey/Name/12/DisplayMode" Tooltip="UI/Hotkey/Tooltip/DisplayMode"/>
        <HotkeyInfoArray index="ChatAll" Category="Hotkey/Category/02/Chat" Name="UI/Hotkey/Name/04/ChatAll" Tooltip="UI/Hotkey/Tooltip/ChatAll"/>
        <HotkeyInfoArray index="ChatAllies" Category="Hotkey/Category/02/Chat" Name="UI/Hotkey/Name/05/ChatAllies" Tooltip="UI/Hotkey/Tooltip/ChatAllies"/>
        <HotkeyInfoArray index="ChatCancel" Category="Hotkey/Category/02/Chat" Name="UI/Hotkey/Name/03/ChatCancel" Tooltip="UI/Hotkey/Tooltip/ChatCancel"/>
        <HotkeyInfoArray index="ChatDefault" Category="Hotkey/Category/02/Chat" Name="UI/Hotkey/Name/01/ChatDefault" Tooltip="UI/Hotkey/Tooltip/ChatDefault"/>
        <HotkeyInfoArray index="ChatIndividual" Category="Hotkey/Category/02/Chat" Name="UI/Hotkey/Name/06/ChatIndividual" Tooltip="UI/Hotkey/Tooltip/ChatIndividual"/>
        <HotkeyInfoArray index="ChatRecipient" Category="Hotkey/Category/02/Chat" Name="UI/Hotkey/Name/07/ChatRecipient" Tooltip="UI/Hotkey/Tooltip/ChatRecipient"/>
        <HotkeyInfoArray index="ChatSend" Category="Hotkey/Category/02/Chat" Name="UI/Hotkey/Name/02/ChatSend" Tooltip="UI/Hotkey/Tooltip/ChatSend"/>
        <HotkeyInfoArray index="DialogDismiss" Category="Hotkey/Category/07/Menu" Name="UI/Hotkey/Name/06/DialogDismiss" Tooltip="UI/Hotkey/Tooltip/DialogDismiss"/>
        <HotkeyInfoArray index="MenuAchievements" Category="Hotkey/Category/07/Menu" Name="UI/Hotkey/Name/01/MenuAchievements" Tooltip="UI/Hotkey/Tooltip/MenuAchievements"/>
        <HotkeyInfoArray index="MenuGame" Category="Hotkey/Category/07/Menu" Name="UI/Hotkey/Name/02/MenuGame" Tooltip="UI/Hotkey/Tooltip/MenuGame"/>
        <HotkeyInfoArray index="MenuMessages" Category="Hotkey/Category/07/Menu" Name="UI/Hotkey/Name/03/MenuMessages" Tooltip="UI/Hotkey/Tooltip/MenuMessages"/>
        <HotkeyInfoArray index="MenuHelp" Category="Hotkey/Category/07/Menu" Name="UI/Hotkey/Name/04/MenuHelp" Tooltip="UI/Hotkey/Tooltip/MenuHelp"/>
        <HotkeyInfoArray index="MenuSocial" Category="Hotkey/Category/07/Menu" Name="UI/Hotkey/Name/05/MenuSocial" Tooltip="UI/Hotkey/Tooltip/MenuSocial"/>
        <HotkeyInfoArray index="LeaderNone" Category="Hotkey/Category/08/Observer" Name="UI/Hotkey/Name/18/LeaderNone" Tooltip="UI/Hotkey/Tooltip/LeaderNone"/>
        <HotkeyInfoArray index="LeaderResources" Category="Hotkey/Category/08/Observer" Name="UI/Hotkey/Name/14/LeaderResources" Tooltip="UI/Hotkey/Tooltip/LeaderResources"/>
        <HotkeyInfoArray index="LeaderIncome" Category="Hotkey/Category/08/Observer" Name="UI/Hotkey/Name/12/LeaderIncome" Tooltip="UI/Hotkey/Tooltip/LeaderIncome"/>
        <HotkeyInfoArray index="LeaderSpending" Category="Hotkey/Category/08/Observer" Name="UI/Hotkey/Name/15/LeaderSpending" Tooltip="UI/Hotkey/Tooltip/LeaderSpending"/>
        <HotkeyInfoArray index="LeaderUnits" Category="Hotkey/Category/08/Observer" Name="UI/Hotkey/Name/16/LeaderUnits" Tooltip="UI/Hotkey/Tooltip/LeaderUnits"/>
        <HotkeyInfoArray index="LeaderStructures" Category="Hotkey/Category/08/Observer" Name="UI/Hotkey/Name/17/LeaderStructures" Tooltip="UI/Hotkey/Tooltip/LeaderStructures"/>
        <HotkeyInfoArray index="LeaderUnitsLost" Category="Hotkey/Category/08/Observer" Name="UI/Hotkey/Name/17/LeaderUnitsLost" Tooltip="UI/Hotkey/Tooltip/LeaderUnitsLost"/>
        <HotkeyInfoArray index="LeaderProduction" Category="Hotkey/Category/08/Observer" Name="UI/Hotkey/Name/13/LeaderProduction" Tooltip="UI/Hotkey/Tooltip/LeaderProduction"/>
        <HotkeyInfoArray index="LeaderUpgrades" Category="Hotkey/Category/08/Observer" Name="UI/Hotkey/Name/13/LeaderUpgrades" Tooltip="UI/Hotkey/Tooltip/LeaderUpgrades"/>
        <HotkeyInfoArray index="LeaderArmy" Category="Hotkey/Category/08/Observer" Name="UI/Hotkey/Name/11/LeaderArmy" Tooltip="UI/Hotkey/Tooltip/LeaderArmy"/>
        <HotkeyInfoArray index="LeaderAPM" Category="Hotkey/Category/08/Observer" Name="UI/Hotkey/Name/10/LeaderAPM" Tooltip="UI/Hotkey/Tooltip/LeaderAPM"/>
        <HotkeyInfoArray index="LeaderCPM" Category="Hotkey/Category/08/Observer" Name="UI/Hotkey/Name/19/LeaderCPM" Tooltip="UI/Hotkey/Tooltip/LeaderCPM"/>
        <!--<HotkeyInfoArray index="ObserveCommentator" Name="UI/Hotkey/Name/22/ObserveCommentator" Tooltip="UI/Hotkey/Tooltip/ObserveCommentator" Category="Hotkey/Category/08/Observer"/>-->
        <HotkeyInfoArray index="ObserveAllPlayers" Category="Hotkey/Category/08/Observer" Name="UI/Hotkey/Name/23/ObserveAllPlayers" Tooltip="UI/Hotkey/Tooltip/ObserveAllPlayers"/>
        <HotkeyInfoArray index="ObserveAutoCamera" Category="Hotkey/Category/08/Observer" Name="UI/Hotkey/Name/19/ObserveAutoCamera" Tooltip="UI/Hotkey/Tooltip/ObserveAutoCamera"/>
        <HotkeyInfoArray index="ObserveClearSelection" Category="Hotkey/Category/08/Observer" Name="UI/Hotkey/Name/40/ObserveClearSelection" Tooltip="UI/Hotkey/Tooltip/ObserveClearSelection"/>
        <HotkeyInfoArray index="ObservePlayer0" Category="Hotkey/Category/08/Observer" Name="UI/Hotkey/Name/24/ObservePlayer0" Tooltip="UI/Hotkey/Tooltip/ObservePlayer0"/>
        <HotkeyInfoArray index="ObservePlayer1" Category="Hotkey/Category/08/Observer" Name="UI/Hotkey/Name/25/ObservePlayer1" Tooltip="UI/Hotkey/Tooltip/ObservePlayer1"/>
        <HotkeyInfoArray index="ObservePlayer2" Category="Hotkey/Category/08/Observer" Name="UI/Hotkey/Name/26/ObservePlayer2" Tooltip="UI/Hotkey/Tooltip/ObservePlayer2"/>
        <HotkeyInfoArray index="ObservePlayer3" Category="Hotkey/Category/08/Observer" Name="UI/Hotkey/Name/27/ObservePlayer3" Tooltip="UI/Hotkey/Tooltip/ObservePlayer3"/>
        <HotkeyInfoArray index="ObservePlayer4" Category="Hotkey/Category/08/Observer" Name="UI/Hotkey/Name/28/ObservePlayer4" Tooltip="UI/Hotkey/Tooltip/ObservePlayer4"/>
        <HotkeyInfoArray index="ObservePlayer5" Category="Hotkey/Category/08/Observer" Name="UI/Hotkey/Name/29/ObservePlayer5" Tooltip="UI/Hotkey/Tooltip/ObservePlayer5"/>
        <HotkeyInfoArray index="ObservePlayer6" Category="Hotkey/Category/08/Observer" Name="UI/Hotkey/Name/30/ObservePlayer6" Tooltip="UI/Hotkey/Tooltip/ObservePlayer6"/>
        <HotkeyInfoArray index="ObservePlayer7" Category="Hotkey/Category/08/Observer" Name="UI/Hotkey/Name/31/ObservePlayer7" Tooltip="UI/Hotkey/Tooltip/ObservePlayer7"/>
        <HotkeyInfoArray index="ObservePlayer8" Category="Hotkey/Category/08/Observer" Name="UI/Hotkey/Name/32/ObservePlayer8" Tooltip="UI/Hotkey/Tooltip/ObservePlayer8"/>
        <HotkeyInfoArray index="ObservePlayer9" Category="Hotkey/Category/08/Observer" Name="UI/Hotkey/Name/33/ObservePlayer9" Tooltip="UI/Hotkey/Tooltip/ObservePlayer9"/>
        <HotkeyInfoArray index="ObservePlayer10" Category="Hotkey/Category/08/Observer" Name="UI/Hotkey/Name/34/ObservePlayer10" Tooltip="UI/Hotkey/Tooltip/ObservePlayer10"/>
        <HotkeyInfoArray index="ObservePlayer11" Category="Hotkey/Category/08/Observer" Name="UI/Hotkey/Name/35/ObservePlayer11" Tooltip="UI/Hotkey/Tooltip/ObservePlayer11"/>
        <HotkeyInfoArray index="ObservePlayer12" Category="Hotkey/Category/08/Observer" Name="UI/Hotkey/Name/36/ObservePlayer12" Tooltip="UI/Hotkey/Tooltip/ObservePlayer12"/>
        <HotkeyInfoArray index="ObservePlayer13" Category="Hotkey/Category/08/Observer" Name="UI/Hotkey/Name/37/ObservePlayer13" Tooltip="UI/Hotkey/Tooltip/ObservePlayer13"/>
        <HotkeyInfoArray index="ObservePlayer14" Category="Hotkey/Category/08/Observer" Name="UI/Hotkey/Name/38/ObservePlayer14" Tooltip="UI/Hotkey/Tooltip/ObservePlayer14"/>
        <HotkeyInfoArray index="ObservePlayer15" Category="Hotkey/Category/08/Observer" Name="UI/Hotkey/Name/39/ObservePlayer15" Tooltip="UI/Hotkey/Tooltip/ObservePlayer15"/>
        <HotkeyInfoArray index="ObservePreview" Category="Hotkey/Category/08/Observer" Name="UI/Hotkey/Name/20/ObservePreview" Tooltip="UI/Hotkey/Tooltip/ObservePreview"/>
        <HotkeyInfoArray index="ObserveSelected" Category="Hotkey/Category/08/Observer" Name="UI/Hotkey/Name/21/ObserveSelected" Tooltip="UI/Hotkey/Tooltip/ObserveSelected"/>
        <HotkeyInfoArray index="ObserveStatusBars" Category="Hotkey/Category/08/Observer" Name="UI/Hotkey/Name/01/ObserveStatusBars" Tooltip="UI/Hotkey/Tooltip/ObserveStatusBars"/>
        <HotkeyInfoArray index="ObserveZoomCameraLevel1" Category="Hotkey/Category/08/Observer" Name="UI/Hotkey/Name/40/ObserveZoomCameraLevel1" Tooltip="UI/Hotkey/Tooltip/ObserveZoomCameraLevel1"/>
        <HotkeyInfoArray index="ObserveZoomCameraLevel2" Category="Hotkey/Category/08/Observer" Name="UI/Hotkey/Name/40/ObserveZoomCameraLevel2" Tooltip="UI/Hotkey/Tooltip/ObserveZoomCameraLevel2"/>
        <HotkeyInfoArray index="NamePanel" Category="Hotkey/Category/08/Observer" Name="UI/Hotkey/Name/41/ObserveNamePanel" Tooltip="UI/Hotkey/Tooltip/ObserveNamePanel"/>
        <HotkeyInfoArray index="StatPanelResources" Category="Hotkey/Category/08/Observer" Name="UI/Hotkey/Name/42/ObserveComparePanel1" Tooltip="UI/Hotkey/Tooltip/ObserveComparePanel1"/>
        <HotkeyInfoArray index="StatPanelArmySupply" Category="Hotkey/Category/08/Observer" Name="UI/Hotkey/Name/43/ObserveComparePanel2" Tooltip="UI/Hotkey/Tooltip/ObserveComparePanel2"/>
        <HotkeyInfoArray index="StatPanelUnitsLost" Category="Hotkey/Category/08/Observer" Name="UI/Hotkey/Name/44/ObserveComparePanel3" Tooltip="UI/Hotkey/Tooltip/ObserveComparePanel3"/>
        <HotkeyInfoArray index="StatPanelAPM" Category="Hotkey/Category/08/Observer" Name="UI/Hotkey/Name/45/ObserveComparePanel4" Tooltip="UI/Hotkey/Tooltip/ObserveComparePanel4"/>
        <HotkeyInfoArray index="StatPanelCPM" Category="Hotkey/Category/08/Observer" Name="UI/Hotkey/Name/46/ObserveComparePanel5" Tooltip="UI/Hotkey/Tooltip/ObserveComparePanel5"/>
        <HotkeyInfoArray index="ToggleVersusModeSides" Category="Hotkey/Category/08/Observer" Name="UI/Hotkey/Name/47/ToggleVersusModeSides" Tooltip="UI/Hotkey/Tooltip/ToggleVersusModeSides"/>
        <HotkeyInfoArray index="ToggleWorldPanel" Category="Hotkey/Category/08/Observer" Name="UI/Hotkey/Name/47/ObserveComparePanel6" Tooltip="UI/Hotkey/Tooltip/ObserveComparePanel6"/>
        <HotkeyInfoArray index="ConversationSkipOne" Category="Hotkey/Category/11/UI" Name="UI/Hotkey/Name/19/ConversationSkipOne" Tooltip="UI/Hotkey/Tooltip/ConversationSkipOne"/>
        <HotkeyInfoArray index="CinematicSkip" Category="Hotkey/Category/11/UI" Name="UI/Hotkey/Name/17/CinematicSkip" Tooltip="UI/Hotkey/Tooltip/CinematicSkip"/>
        <HotkeyInfoArray index="AICommunication" Category="Hotkey/Category/00/AI" Name="UI/Hotkey/Name/10/AICommunication" Tooltip="UI/Hotkey/Tooltip/AICommunication"/>
        <HotkeyInfoArray index="AIArmy" Category="Hotkey/Category/00/AI" Name="UI/Hotkey/Name/11/AIArmy" Tooltip="UI/Hotkey/Tooltip/AIArmy"/>
        <HotkeyInfoArray index="AIScout" Category="Hotkey/Category/00/AI" Name="UI/Hotkey/Name/12/AIScout" Tooltip="UI/Hotkey/Tooltip/AIScout"/>
        <HotkeyInfoArray index="AIDetect" Category="Hotkey/Category/00/AI" Name="UI/Hotkey/Name/13/AIDetect" Tooltip="UI/Hotkey/Tooltip/AIDetect"/>
        <HotkeyInfoArray index="AIExpand" Category="Hotkey/Category/00/AI" Name="UI/Hotkey/Name/14/AIExpand" Tooltip="UI/Hotkey/Tooltip/AIExpand"/>
        <HotkeyInfoArray index="AIBuild" Category="Hotkey/Category/00/AI" Name="UI/Hotkey/Name/15/AIBuild" Tooltip="UI/Hotkey/Tooltip/AIBuild"/>
        <HotkeyInfoArray index="AIClearAll" Category="Hotkey/Category/00/AI" Name="UI/Hotkey/Name/16/AIClearAll" Tooltip="UI/Hotkey/Tooltip/AIClearAll"/>
        <HotkeyInfoArray index="AIDelete" Category="Hotkey/Category/00/AI" Name="UI/Hotkey/Name/17/AIDelete" Tooltip="UI/Hotkey/Tooltip/AIDelete"/>
        <HotkeyInfoArray index="AIExit" Category="Hotkey/Category/00/AI" Name="UI/Hotkey/Name/19/AIExit" Tooltip="UI/Hotkey/Tooltip/AIExit"/>
        <HotkeyInfoArray index="AICancel" Category="Hotkey/Category/00/AI" Name="UI/Hotkey/Name/18/AICancel" Tooltip="UI/Hotkey/Tooltip/AICancel"/>
        <HotkeyInfoArray index="AlertRecall" Category="Hotkey/Category/10/UnitManagement" Name="UI/Hotkey/Name/12/AlertRecall" Tooltip="UI/Hotkey/Tooltip/AlertRecall"/>
        <HotkeyInfoArray index="ArmySelect" Category="Hotkey/Category/10/UnitManagement" Name="UI/Hotkey/Name/24/ArmySelect" Tooltip="UI/Hotkey/Tooltip/ArmySelect"/>
        <HotkeyInfoArray index="CameraCenter" Category="Hotkey/Category/01/Camera" Name="UI/Hotkey/Name/22/CameraCenter" Tooltip="UI/Hotkey/Tooltip/CameraCenter"/>
        <HotkeyInfoArray index="CameraFollow" Category="Hotkey/Category/01/Camera" Name="UI/Hotkey/Name/23/CameraFollow" Tooltip="UI/Hotkey/Tooltip/CameraFollow"/>
        <HotkeyInfoArray index="CameraMoveUp" Category="Hotkey/Category/01/Camera" Name="UI/Hotkey/Name/10/CameraMoveUp" Tooltip="UI/Hotkey/Tooltip/CameraMoveUp"/>
        <HotkeyInfoArray index="CameraMoveDown" Category="Hotkey/Category/01/Camera" Name="UI/Hotkey/Name/11/CameraMoveDown" Tooltip="UI/Hotkey/Tooltip/CameraMoveDown"/>
        <HotkeyInfoArray index="CameraMoveLeft" Category="Hotkey/Category/01/Camera" Name="UI/Hotkey/Name/12/CameraMoveLeft" Tooltip="UI/Hotkey/Tooltip/CameraMoveLeft"/>
        <HotkeyInfoArray index="CameraMoveRight" Category="Hotkey/Category/01/Camera" Name="UI/Hotkey/Name/13/CameraMoveRight" Tooltip="UI/Hotkey/Tooltip/CameraMoveRight"/>
        <HotkeyInfoArray index="CameraTurnLeft" Category="Hotkey/Category/01/Camera" Name="UI/Hotkey/Name/14/CameraTurnLeft" Tooltip="UI/Hotkey/Tooltip/CameraTurnLeft"/>
        <HotkeyInfoArray index="CameraTurnRight" Category="Hotkey/Category/01/Camera" Name="UI/Hotkey/Name/15/CameraTurnRight" Tooltip="UI/Hotkey/Tooltip/CameraTurnRight"/>
        <HotkeyInfoArray index="CameraZoomFirst" Category="Hotkey/Category/01/Camera" Name="UI/Hotkey/Name/19/CameraZoomFirst" Tooltip="UI/Hotkey/Tooltip/CameraZoomFirst"/>
        <HotkeyInfoArray index="CameraZoomLast" Category="Hotkey/Category/01/Camera" Name="UI/Hotkey/Name/18/CameraZoomLast" Tooltip="UI/Hotkey/Tooltip/CameraZoomLast"/>
        <HotkeyInfoArray index="CameraZoomNext" Category="Hotkey/Category/01/Camera" Name="UI/Hotkey/Name/16/CameraZoomNext" Tooltip="UI/Hotkey/Tooltip/CameraZoomNext"/>
        <HotkeyInfoArray index="CameraZoomPrev" Category="Hotkey/Category/01/Camera" Name="UI/Hotkey/Name/17/CameraZoomPrev" Tooltip="UI/Hotkey/Tooltip/CameraZoomPrev"/>
        <HotkeyInfoArray index="CameraPush" Category="Hotkey/Category/01/Camera" Name="UI/Hotkey/Name/20/CameraPush" Tooltip="UI/Hotkey/Tooltip/CameraPush"/>
        <HotkeyInfoArray index="CommanderAbility0" Category="Hotkey/Category/13/CommanderAbility" Name="UI/Hotkey/Name/01/CommanderAbility0" Tooltip="UI/Hotkey/Tooltip/CommanderAbility0"/>
        <HotkeyInfoArray index="CommanderAbility1" Category="Hotkey/Category/13/CommanderAbility" Name="UI/Hotkey/Name/02/CommanderAbility1" Tooltip="UI/Hotkey/Tooltip/CommanderAbility1"/>
        <HotkeyInfoArray index="CommanderAbility2" Category="Hotkey/Category/13/CommanderAbility" Name="UI/Hotkey/Name/03/CommanderAbility2" Tooltip="UI/Hotkey/Tooltip/CommanderAbility2"/>
        <HotkeyInfoArray index="CommanderAbility3" Category="Hotkey/Category/13/CommanderAbility" Name="UI/Hotkey/Name/04/CommanderAbility3" Tooltip="UI/Hotkey/Tooltip/CommanderAbility3"/>
        <HotkeyInfoArray index="ControlGroupAppend0" Category="Hotkey/Category/04/ControlGroups" Name="UI/Hotkey/Name/39/ControlGroupAppend0" Tooltip="UI/Hotkey/Tooltip/ControlGroupAppend0"/>
        <HotkeyInfoArray index="ControlGroupAppend1" Category="Hotkey/Category/04/ControlGroups" Name="UI/Hotkey/Name/30/ControlGroupAppend1" Tooltip="UI/Hotkey/Tooltip/ControlGroupAppend1"/>
        <HotkeyInfoArray index="ControlGroupAppend2" Category="Hotkey/Category/04/ControlGroups" Name="UI/Hotkey/Name/31/ControlGroupAppend2" Tooltip="UI/Hotkey/Tooltip/ControlGroupAppend2"/>
        <HotkeyInfoArray index="ControlGroupAppend3" Category="Hotkey/Category/04/ControlGroups" Name="UI/Hotkey/Name/32/ControlGroupAppend3" Tooltip="UI/Hotkey/Tooltip/ControlGroupAppend3"/>
        <HotkeyInfoArray index="ControlGroupAppend4" Category="Hotkey/Category/04/ControlGroups" Name="UI/Hotkey/Name/33/ControlGroupAppend4" Tooltip="UI/Hotkey/Tooltip/ControlGroupAppend4"/>
        <HotkeyInfoArray index="ControlGroupAppend5" Category="Hotkey/Category/04/ControlGroups" Name="UI/Hotkey/Name/34/ControlGroupAppend5" Tooltip="UI/Hotkey/Tooltip/ControlGroupAppend5"/>
        <HotkeyInfoArray index="ControlGroupAppend6" Category="Hotkey/Category/04/ControlGroups" Name="UI/Hotkey/Name/35/ControlGroupAppend6" Tooltip="UI/Hotkey/Tooltip/ControlGroupAppend6"/>
        <HotkeyInfoArray index="ControlGroupAppend7" Category="Hotkey/Category/04/ControlGroups" Name="UI/Hotkey/Name/36/ControlGroupAppend7" Tooltip="UI/Hotkey/Tooltip/ControlGroupAppend7"/>
        <HotkeyInfoArray index="ControlGroupAppend8" Category="Hotkey/Category/04/ControlGroups" Name="UI/Hotkey/Name/37/ControlGroupAppend8" Tooltip="UI/Hotkey/Tooltip/ControlGroupAppend8"/>
        <HotkeyInfoArray index="ControlGroupAppend9" Category="Hotkey/Category/04/ControlGroups" Name="UI/Hotkey/Name/38/ControlGroupAppend9" Tooltip="UI/Hotkey/Tooltip/ControlGroupAppend9"/>
        <HotkeyInfoArray index="ControlGroupAppendAndSteal0" Category="Hotkey/Category/04/ControlGroups" Name="UI/Hotkey/Name/59/ControlGroupAppendAndSteal0" Tooltip="UI/Hotkey/Tooltip/ControlGroupAppendAndSteal0"/>
        <HotkeyInfoArray index="ControlGroupAppendAndSteal1" Category="Hotkey/Category/04/ControlGroups" Name="UI/Hotkey/Name/50/ControlGroupAppendAndSteal1" Tooltip="UI/Hotkey/Tooltip/ControlGroupAppendAndSteal1"/>
        <HotkeyInfoArray index="ControlGroupAppendAndSteal2" Category="Hotkey/Category/04/ControlGroups" Name="UI/Hotkey/Name/51/ControlGroupAppendAndSteal2" Tooltip="UI/Hotkey/Tooltip/ControlGroupAppendAndSteal2"/>
        <HotkeyInfoArray index="ControlGroupAppendAndSteal3" Category="Hotkey/Category/04/ControlGroups" Name="UI/Hotkey/Name/52/ControlGroupAppendAndSteal3" Tooltip="UI/Hotkey/Tooltip/ControlGroupAppendAndSteal3"/>
        <HotkeyInfoArray index="ControlGroupAppendAndSteal4" Category="Hotkey/Category/04/ControlGroups" Name="UI/Hotkey/Name/53/ControlGroupAppendAndSteal4" Tooltip="UI/Hotkey/Tooltip/ControlGroupAppendAndSteal4"/>
        <HotkeyInfoArray index="ControlGroupAppendAndSteal5" Category="Hotkey/Category/04/ControlGroups" Name="UI/Hotkey/Name/54/ControlGroupAppendAndSteal5" Tooltip="UI/Hotkey/Tooltip/ControlGroupAppendAndSteal5"/>
        <HotkeyInfoArray index="ControlGroupAppendAndSteal6" Category="Hotkey/Category/04/ControlGroups" Name="UI/Hotkey/Name/55/ControlGroupAppendAndSteal6" Tooltip="UI/Hotkey/Tooltip/ControlGroupAppendAndSteal6"/>
        <HotkeyInfoArray index="ControlGroupAppendAndSteal7" Category="Hotkey/Category/04/ControlGroups" Name="UI/Hotkey/Name/56/ControlGroupAppendAndSteal7" Tooltip="UI/Hotkey/Tooltip/ControlGroupAppendAndSteal7"/>
        <HotkeyInfoArray index="ControlGroupAppendAndSteal8" Category="Hotkey/Category/04/ControlGroups" Name="UI/Hotkey/Name/57/ControlGroupAppendAndSteal8" Tooltip="UI/Hotkey/Tooltip/ControlGroupAppendAndSteal8"/>
        <HotkeyInfoArray index="ControlGroupAppendAndSteal9" Category="Hotkey/Category/04/ControlGroups" Name="UI/Hotkey/Name/58/ControlGroupAppendAndSteal9" Tooltip="UI/Hotkey/Tooltip/ControlGroupAppendAndSteal9"/>
        <HotkeyInfoArray index="ControlGroupAssign0" Category="Hotkey/Category/04/ControlGroups" Name="UI/Hotkey/Name/19/ControlGroupAssign0" Tooltip="UI/Hotkey/Tooltip/ControlGroupAssign0"/>
        <HotkeyInfoArray index="ControlGroupAssign1" Category="Hotkey/Category/04/ControlGroups" Name="UI/Hotkey/Name/10/ControlGroupAssign1" Tooltip="UI/Hotkey/Tooltip/ControlGroupAssign1"/>
        <HotkeyInfoArray index="ControlGroupAssign2" Category="Hotkey/Category/04/ControlGroups" Name="UI/Hotkey/Name/11/ControlGroupAssign2" Tooltip="UI/Hotkey/Tooltip/ControlGroupAssign2"/>
        <HotkeyInfoArray index="ControlGroupAssign3" Category="Hotkey/Category/04/ControlGroups" Name="UI/Hotkey/Name/12/ControlGroupAssign3" Tooltip="UI/Hotkey/Tooltip/ControlGroupAssign3"/>
        <HotkeyInfoArray index="ControlGroupAssign4" Category="Hotkey/Category/04/ControlGroups" Name="UI/Hotkey/Name/13/ControlGroupAssign4" Tooltip="UI/Hotkey/Tooltip/ControlGroupAssign4"/>
        <HotkeyInfoArray index="ControlGroupAssign5" Category="Hotkey/Category/04/ControlGroups" Name="UI/Hotkey/Name/14/ControlGroupAssign5" Tooltip="UI/Hotkey/Tooltip/ControlGroupAssign5"/>
        <HotkeyInfoArray index="ControlGroupAssign6" Category="Hotkey/Category/04/ControlGroups" Name="UI/Hotkey/Name/15/ControlGroupAssign6" Tooltip="UI/Hotkey/Tooltip/ControlGroupAssign6"/>
        <HotkeyInfoArray index="ControlGroupAssign7" Category="Hotkey/Category/04/ControlGroups" Name="UI/Hotkey/Name/16/ControlGroupAssign7" Tooltip="UI/Hotkey/Tooltip/ControlGroupAssign7"/>
        <HotkeyInfoArray index="ControlGroupAssign8" Category="Hotkey/Category/04/ControlGroups" Name="UI/Hotkey/Name/17/ControlGroupAssign8" Tooltip="UI/Hotkey/Tooltip/ControlGroupAssign8"/>
        <HotkeyInfoArray index="ControlGroupAssign9" Category="Hotkey/Category/04/ControlGroups" Name="UI/Hotkey/Name/18/ControlGroupAssign9" Tooltip="UI/Hotkey/Tooltip/ControlGroupAssign9"/>
        <HotkeyInfoArray index="ControlGroupAssignAndSteal0" Category="Hotkey/Category/04/ControlGroups" Name="UI/Hotkey/Name/49/ControlGroupAssignAndSteal0" Tooltip="UI/Hotkey/Tooltip/ControlGroupAssignAndSteal0"/>
        <HotkeyInfoArray index="ControlGroupAssignAndSteal1" Category="Hotkey/Category/04/ControlGroups" Name="UI/Hotkey/Name/40/ControlGroupAssignAndSteal1" Tooltip="UI/Hotkey/Tooltip/ControlGroupAssignAndSteal1"/>
        <HotkeyInfoArray index="ControlGroupAssignAndSteal2" Category="Hotkey/Category/04/ControlGroups" Name="UI/Hotkey/Name/41/ControlGroupAssignAndSteal2" Tooltip="UI/Hotkey/Tooltip/ControlGroupAssignAndSteal2"/>
        <HotkeyInfoArray index="ControlGroupAssignAndSteal3" Category="Hotkey/Category/04/ControlGroups" Name="UI/Hotkey/Name/42/ControlGroupAssignAndSteal3" Tooltip="UI/Hotkey/Tooltip/ControlGroupAssignAndSteal3"/>
        <HotkeyInfoArray index="ControlGroupAssignAndSteal4" Category="Hotkey/Category/04/ControlGroups" Name="UI/Hotkey/Name/43/ControlGroupAssignAndSteal4" Tooltip="UI/Hotkey/Tooltip/ControlGroupAssignAndSteal4"/>
        <HotkeyInfoArray index="ControlGroupAssignAndSteal5" Category="Hotkey/Category/04/ControlGroups" Name="UI/Hotkey/Name/44/ControlGroupAssignAndSteal5" Tooltip="UI/Hotkey/Tooltip/ControlGroupAssignAndSteal5"/>
        <HotkeyInfoArray index="ControlGroupAssignAndSteal6" Category="Hotkey/Category/04/ControlGroups" Name="UI/Hotkey/Name/45/ControlGroupAssignAndSteal6" Tooltip="UI/Hotkey/Tooltip/ControlGroupAssignAndSteal6"/>
        <HotkeyInfoArray index="ControlGroupAssignAndSteal7" Category="Hotkey/Category/04/ControlGroups" Name="UI/Hotkey/Name/46/ControlGroupAssignAndSteal7" Tooltip="UI/Hotkey/Tooltip/ControlGroupAssignAndSteal7"/>
        <HotkeyInfoArray index="ControlGroupAssignAndSteal8" Category="Hotkey/Category/04/ControlGroups" Name="UI/Hotkey/Name/47/ControlGroupAssignAndSteal8" Tooltip="UI/Hotkey/Tooltip/ControlGroupAssignAndSteal8"/>
        <HotkeyInfoArray index="ControlGroupAssignAndSteal9" Category="Hotkey/Category/04/ControlGroups" Name="UI/Hotkey/Name/48/ControlGroupAssignAndSteal9" Tooltip="UI/Hotkey/Tooltip/ControlGroupAssignAndSteal9"/>
        <HotkeyInfoArray index="ControlGroupRecall0" Category="Hotkey/Category/04/ControlGroups" Name="UI/Hotkey/Name/29/ControlGroupRecall0" Tooltip="UI/Hotkey/Tooltip/ControlGroupRecall0"/>
        <HotkeyInfoArray index="ControlGroupRecall1" Category="Hotkey/Category/04/ControlGroups" Name="UI/Hotkey/Name/20/ControlGroupRecall1" Tooltip="UI/Hotkey/Tooltip/ControlGroupRecall1"/>
        <HotkeyInfoArray index="ControlGroupRecall2" Category="Hotkey/Category/04/ControlGroups" Name="UI/Hotkey/Name/21/ControlGroupRecall2" Tooltip="UI/Hotkey/Tooltip/ControlGroupRecall2"/>
        <HotkeyInfoArray index="ControlGroupRecall3" Category="Hotkey/Category/04/ControlGroups" Name="UI/Hotkey/Name/22/ControlGroupRecall3" Tooltip="UI/Hotkey/Tooltip/ControlGroupRecall3"/>
        <HotkeyInfoArray index="ControlGroupRecall4" Category="Hotkey/Category/04/ControlGroups" Name="UI/Hotkey/Name/23/ControlGroupRecall4" Tooltip="UI/Hotkey/Tooltip/ControlGroupRecall4"/>
        <HotkeyInfoArray index="ControlGroupRecall5" Category="Hotkey/Category/04/ControlGroups" Name="UI/Hotkey/Name/24/ControlGroupRecall5" Tooltip="UI/Hotkey/Tooltip/ControlGroupRecall5"/>
        <HotkeyInfoArray index="ControlGroupRecall6" Category="Hotkey/Category/04/ControlGroups" Name="UI/Hotkey/Name/25/ControlGroupRecall6" Tooltip="UI/Hotkey/Tooltip/ControlGroupRecall6"/>
        <HotkeyInfoArray index="ControlGroupRecall7" Category="Hotkey/Category/04/ControlGroups" Name="UI/Hotkey/Name/26/ControlGroupRecall7" Tooltip="UI/Hotkey/Tooltip/ControlGroupRecall7"/>
        <HotkeyInfoArray index="ControlGroupRecall8" Category="Hotkey/Category/04/ControlGroups" Name="UI/Hotkey/Name/27/ControlGroupRecall8" Tooltip="UI/Hotkey/Tooltip/ControlGroupRecall8"/>
        <HotkeyInfoArray index="ControlGroupRecall9" Category="Hotkey/Category/04/ControlGroups" Name="UI/Hotkey/Name/28/ControlGroupRecall9" Tooltip="UI/Hotkey/Tooltip/ControlGroupRecall9"/>
        <HotkeyInfoArray index="GameSpeedDec" Category="Hotkey/Category/11/UI" Name="UI/Hotkey/Name/14/GameSpeedDec" Tooltip="UI/Hotkey/Tooltip/GameSpeedDec"/>
        <HotkeyInfoArray index="GameSpeedInc" Category="Hotkey/Category/11/UI" Name="UI/Hotkey/Name/13/GameSpeedInc" Tooltip="UI/Hotkey/Tooltip/GameSpeedInc"/>
        <HotkeyInfoArray index="GameTooltipsOn" Category="Hotkey/Category/11/UI" Name="UI/Hotkey/Name/14/GameTooltipsOn" Tooltip="UI/Hotkey/Tooltip/GameTooltipsOn"/>
        <HotkeyInfoArray index="HeroSelect0" Category="Hotkey/Category/05/Hero" Name="UI/Hotkey/Name/01/HeroSelect0" Tooltip="UI/Hotkey/Tooltip/HeroSelect0"/>
        <HotkeyInfoArray index="HeroSelect1" Category="Hotkey/Category/05/Hero" Name="UI/Hotkey/Name/02/HeroSelect1" Tooltip="UI/Hotkey/Tooltip/HeroSelect1"/>
        <HotkeyInfoArray index="HeroSelect2" Category="Hotkey/Category/05/Hero" Name="UI/Hotkey/Name/03/HeroSelect2" Tooltip="UI/Hotkey/Tooltip/HeroSelect2"/>
        <HotkeyInfoArray index="HeroSelect3" Category="Hotkey/Category/05/Hero" Name="UI/Hotkey/Name/04/HeroSelect3" Tooltip="UI/Hotkey/Tooltip/HeroSelect3"/>
        <HotkeyInfoArray index="HeroSelect4" Category="Hotkey/Category/05/Hero" Name="UI/Hotkey/Name/05/HeroSelect4" Tooltip="UI/Hotkey/Tooltip/HeroSelect4"/>
        <HotkeyInfoArray index="HeroSelect5" Category="Hotkey/Category/05/Hero" Name="UI/Hotkey/Name/06/HeroSelect5" Tooltip="UI/Hotkey/Tooltip/HeroSelect5"/>
        <HotkeyInfoArray index="IdleWorker" Category="Hotkey/Category/10/UnitManagement" Name="UI/Hotkey/Name/11/IdleWorker" Tooltip="UI/Hotkey/Tooltip/IdleWorker"/>
        <HotkeyInfoArray index="InventoryButtonAlt0" Category="Hotkey/Category/06/Inventory" Name="UI/Hotkey/Name/18/InventoryButtonAlt0" Tooltip="UI/Hotkey/Tooltip/InventoryButtonAlt0"/>
        <HotkeyInfoArray index="InventoryButtonAlt1" Category="Hotkey/Category/06/Inventory" Name="UI/Hotkey/Name/19/InventoryButtonAlt1" Tooltip="UI/Hotkey/Tooltip/InventoryButtonAlt1"/>
        <HotkeyInfoArray index="InventoryButtonAlt2" Category="Hotkey/Category/06/Inventory" Name="UI/Hotkey/Name/20/InventoryButtonAlt2" Tooltip="UI/Hotkey/Tooltip/InventoryButtonAlt2"/>
        <HotkeyInfoArray index="InventoryButtonAlt3" Category="Hotkey/Category/06/Inventory" Name="UI/Hotkey/Name/21/InventoryButtonAlt3" Tooltip="UI/Hotkey/Tooltip/InventoryButtonAlt3"/>
        <HotkeyInfoArray index="InventoryButtonAlt4" Category="Hotkey/Category/06/Inventory" Name="UI/Hotkey/Name/22/InventoryButtonAlt4" Tooltip="UI/Hotkey/Tooltip/InventoryButtonAlt4"/>
        <HotkeyInfoArray index="InventoryButtonAlt5" Category="Hotkey/Category/06/Inventory" Name="UI/Hotkey/Name/23/InventoryButtonAlt5" Tooltip="UI/Hotkey/Tooltip/InventoryButtonAlt5"/>
        <HotkeyInfoArray index="InventoryButtonAlt6" Category="Hotkey/Category/06/Inventory" Name="UI/Hotkey/Name/24/InventoryButtonAlt6" Tooltip="UI/Hotkey/Tooltip/InventoryButtonAlt6"/>
        <HotkeyInfoArray index="InventoryButtonAlt7" Category="Hotkey/Category/06/Inventory" Name="UI/Hotkey/Name/25/InventoryButtonAlt7" Tooltip="UI/Hotkey/Tooltip/InventoryButtonAlt7"/>
        <HotkeyInfoArray index="InventoryButtonUse0" Category="Hotkey/Category/06/Inventory" Name="UI/Hotkey/Name/10/InventoryButtonUse0" Tooltip="UI/Hotkey/Tooltip/InventoryButtonUse0"/>
        <HotkeyInfoArray index="InventoryButtonUse1" Category="Hotkey/Category/06/Inventory" Name="UI/Hotkey/Name/11/InventoryButtonUse1" Tooltip="UI/Hotkey/Tooltip/InventoryButtonUse1"/>
        <HotkeyInfoArray index="InventoryButtonUse2" Category="Hotkey/Category/06/Inventory" Name="UI/Hotkey/Name/12/InventoryButtonUse2" Tooltip="UI/Hotkey/Tooltip/InventoryButtonUse2"/>
        <HotkeyInfoArray index="InventoryButtonUse3" Category="Hotkey/Category/06/Inventory" Name="UI/Hotkey/Name/13/InventoryButtonUse3" Tooltip="UI/Hotkey/Tooltip/InventoryButtonUse3"/>
        <HotkeyInfoArray index="InventoryButtonUse4" Category="Hotkey/Category/06/Inventory" Name="UI/Hotkey/Name/14/InventoryButtonUse4" Tooltip="UI/Hotkey/Tooltip/InventoryButtonUse4"/>
        <HotkeyInfoArray index="InventoryButtonUse5" Category="Hotkey/Category/06/Inventory" Name="UI/Hotkey/Name/15/InventoryButtonUse5" Tooltip="UI/Hotkey/Tooltip/InventoryButtonUse5"/>
        <HotkeyInfoArray index="InventoryButtonUse6" Category="Hotkey/Category/06/Inventory" Name="UI/Hotkey/Name/16/InventoryButtonUse6" Tooltip="UI/Hotkey/Tooltip/InventoryButtonUse6"/>
        <HotkeyInfoArray index="InventoryButtonUse7" Category="Hotkey/Category/06/Inventory" Name="UI/Hotkey/Name/17/InventoryButtonUse7" Tooltip="UI/Hotkey/Tooltip/InventoryButtonUse7"/>
        <HotkeyInfoArray index="MinimapColors" Category="Hotkey/Category/11/UI" Name="UI/Hotkey/Name/20/MinimapColors" Tooltip="UI/Hotkey/Tooltip/MinimapColors"/>
        <HotkeyInfoArray index="MinimapPing" Category="Hotkey/Category/10/UnitManagement" Name="UI/Hotkey/Name/19/MinimapPing" Tooltip="UI/Hotkey/Tooltip/MinimapPing"/>
        <HotkeyInfoArray index="MinimapTargetingView" Category="Hotkey/Category/10/UnitManagement" Name="UI/Hotkey/Name/31/MinimapTargetingView" Tooltip="UI/Hotkey/Tooltip/MinimapTargetingView"/>
        <HotkeyInfoArray index="MinimapNormalView" Category="Hotkey/Category/10/UnitManagement" Name="UI/Hotkey/Name/30/MinimapNormalView" Tooltip="UI/Hotkey/Tooltip/MinimapNormalView"/>
        <HotkeyInfoArray index="MinimapTerrain" Category="Hotkey/Category/11/UI" Name="UI/Hotkey/Name/21/MinimapTerrain" Tooltip="UI/Hotkey/Tooltip/MinimapTerrain"/>
        <HotkeyInfoArray index="PauseGame" Category="Hotkey/Category/11/UI" Name="UI/Hotkey/Name/10/PauseGame" Tooltip="UI/Hotkey/Tooltip/PauseGame"/>
        <HotkeyInfoArray index="Ping" Category="Hotkey/Category/10/UnitManagement" Name="UI/Hotkey/Name/25/Ping" Tooltip="UI/Hotkey/Tooltip/Ping"/>
        <HotkeyInfoArray index="QuickPing" Category="Hotkey/Category/10/UnitManagement" Name="UI/Hotkey/Name/23/QuickPing" Tooltip="UI/Hotkey/Tooltip/QuickPing"/>
        <HotkeyInfoArray index="QuickSave" Category="Hotkey/Category/11/UI" Name="UI/Hotkey/Name/11/QuickSave" Tooltip="UI/Hotkey/Tooltip/QuickSave"/>
        <HotkeyInfoArray index="ReplayPlayPause" Category="Hotkey/Category/09/Replay" Name="UI/Hotkey/Name/01/ReplayPlayPause" Tooltip="UI/Hotkey/Tooltip/ReplayPlayPause"/>
        <HotkeyInfoArray index="ReplayRestart" Category="Hotkey/Category/09/Replay" Name="UI/Hotkey/Name/06/ReplayRestart" Tooltip="UI/Hotkey/Tooltip/ReplayRestart"/>
        <HotkeyInfoArray index="ReplaySkipBack" Category="Hotkey/Category/09/Replay" Name="UI/Hotkey/Name/05/ReplaySkipBack" Tooltip="UI/Hotkey/Tooltip/ReplaySkipBack"/>
        <HotkeyInfoArray index="ReplaySkipNext" Category="Hotkey/Category/09/Replay" Name="UI/Hotkey/Name/04/ReplaySkipNext" Tooltip="UI/Hotkey/Tooltip/ReplaySkipNext"/>
        <HotkeyInfoArray index="ReplaySpeedDec" Category="Hotkey/Category/09/Replay" Name="UI/Hotkey/Name/03/ReplaySpeedDec" Tooltip="UI/Hotkey/Tooltip/ReplaySpeedDec"/>
        <HotkeyInfoArray index="ReplaySpeedInc" Category="Hotkey/Category/09/Replay" Name="UI/Hotkey/Name/02/ReplaySpeedInc" Tooltip="UI/Hotkey/Tooltip/ReplaySpeedInc"/>
        <HotkeyInfoArray index="ReplayStop" Category="Hotkey/Category/09/Replay" Name="UI/Hotkey/Name/07/ReplayStop" Tooltip="UI/Hotkey/Tooltip/ReplayStop"/>
        <HotkeyInfoArray index="ReplayHide" Category="Hotkey/Category/09/Replay" Name="UI/Hotkey/Name/08/ReplayHide" Tooltip="UI/Hotkey/Tooltip/ReplayHide"/>
        <HotkeyInfoArray index="Screenshot" Category="Hotkey/Category/11/UI" Name="UI/Hotkey/Name/20/Screenshot" Tooltip="UI/Hotkey/Tooltip/Screenshot"/>
        <HotkeyInfoArray index="SelectionCancelDrag" Category="Hotkey/Category/10/UnitManagement" Name="UI/Hotkey/Name/22/SelectionCancelDrag" Tooltip="UI/Hotkey/Tooltip/SelectionCancelDrag"/>
        <HotkeyInfoArray index="Selection" Category="Hotkey/Category/10/UnitManagement" Name="UI/Hotkey/Name/26/Selection" Tooltip="UI/Hotkey/Tooltip/Selection"/>
        <HotkeyInfoArray index="SmartCommand" Category="Hotkey/Category/10/UnitManagement" Name="UI/Hotkey/Name/27/SmartCommand" Tooltip="UI/Hotkey/Tooltip/SmartCommand"/>
        <HotkeyInfoArray index="StatusAll" Category="Hotkey/Category/10/UnitManagement" Name="UI/Hotkey/Name/15/StatusAll" Tooltip="UI/Hotkey/Tooltip/StatusAll"/>
        <HotkeyInfoArray index="StatusOwner" Category="Hotkey/Category/10/UnitManagement" Name="UI/Hotkey/Name/16/StatusOwner" Tooltip="UI/Hotkey/Tooltip/StatusOwner"/>
        <HotkeyInfoArray index="StatusAlly" Category="Hotkey/Category/10/UnitManagement" Name="UI/Hotkey/Name/17/StatusAlly" Tooltip="UI/Hotkey/Tooltip/StatusAlly"/>
        <HotkeyInfoArray index="StatusEnemy" Category="Hotkey/Category/10/UnitManagement" Name="UI/Hotkey/Name/18/StatusEnemy" Tooltip="UI/Hotkey/Tooltip/StatusEnemy"/>
        <HotkeyInfoArray index="SubgroupNext" Category="Hotkey/Category/10/UnitManagement" Name="UI/Hotkey/Name/13/SubgroupNext" Tooltip="UI/Hotkey/Tooltip/SubgroupNext"/>
        <HotkeyInfoArray index="SubgroupPrev" Category="Hotkey/Category/10/UnitManagement" Name="UI/Hotkey/Name/14/SubgroupPrev" Tooltip="UI/Hotkey/Tooltip/SubgroupPrev"/>
        <HotkeyInfoArray index="TargetCancel" Category="Hotkey/Category/10/UnitManagement" Name="UI/Hotkey/Name/28/TargetCancel" Tooltip="UI/Hotkey/Tooltip/TargetCancel"/>
        <HotkeyInfoArray index="TargetChoose" Category="Hotkey/Category/10/UnitManagement" Name="UI/Hotkey/Name/29/TargetChoose" Tooltip="UI/Hotkey/Tooltip/TargetChoose"/>
        <HotkeyInfoArray index="TeamResources" Category="Hotkey/Category/07/Menu" Name="UI/Hotkey/Name/05/TeamResources" Tooltip="UI/Hotkey/Tooltip/TeamResources"/>
        <HotkeyInfoArray index="TownCamera" Category="Hotkey/Category/01/Camera" Name="UI/Hotkey/Name/21/TownCamera" Tooltip="UI/Hotkey/Tooltip/TownCamera"/>
        <HotkeyInfoArray index="WarpIn" Category="Hotkey/Category/10/UnitManagement" Name="UI/Hotkey/Name/10/WarpIn" Tooltip="UI/Hotkey/Tooltip/WarpIn"/>
        <HotkeyInfoArray index="CommandButton00" Category="Hotkey/Category/03/CommandCard" Name="UI/Hotkey/Name/CommandButton00"/>
        <HotkeyInfoArray index="CommandButton01" Category="Hotkey/Category/03/CommandCard" Name="UI/Hotkey/Name/CommandButton01"/>
        <HotkeyInfoArray index="CommandButton02" Category="Hotkey/Category/03/CommandCard" Name="UI/Hotkey/Name/CommandButton02"/>
        <HotkeyInfoArray index="CommandButton03" Category="Hotkey/Category/03/CommandCard" Name="UI/Hotkey/Name/CommandButton03"/>
        <HotkeyInfoArray index="CommandButton04" Category="Hotkey/Category/03/CommandCard" Name="UI/Hotkey/Name/CommandButton04"/>
        <HotkeyInfoArray index="CommandButton05" Category="Hotkey/Category/03/CommandCard" Name="UI/Hotkey/Name/CommandButton05"/>
        <HotkeyInfoArray index="CommandButton06" Category="Hotkey/Category/03/CommandCard" Name="UI/Hotkey/Name/CommandButton06"/>
        <HotkeyInfoArray index="CommandButton07" Category="Hotkey/Category/03/CommandCard" Name="UI/Hotkey/Name/CommandButton07"/>
        <HotkeyInfoArray index="CommandButton08" Category="Hotkey/Category/03/CommandCard" Name="UI/Hotkey/Name/CommandButton08"/>
        <HotkeyInfoArray index="CommandButton09" Category="Hotkey/Category/03/CommandCard" Name="UI/Hotkey/Name/CommandButton09"/>
        <HotkeyInfoArray index="CommandButton10" Category="Hotkey/Category/03/CommandCard" Name="UI/Hotkey/Name/CommandButton10"/>
        <HotkeyInfoArray index="CommandButton11" Category="Hotkey/Category/03/CommandCard" Name="UI/Hotkey/Name/CommandButton11"/>
        <HotkeyInfoArray index="CommandButton12" Category="Hotkey/Category/03/CommandCard" Name="UI/Hotkey/Name/CommandButton12"/>
        <HotkeyInfoArray index="CommandButton13" Category="Hotkey/Category/03/CommandCard" Name="UI/Hotkey/Name/CommandButton13"/>
        <HotkeyInfoArray index="CommandButton14" Category="Hotkey/Category/03/CommandCard" Name="UI/Hotkey/Name/CommandButton14"/>
        <HotkeyInfoArray index="CameraSave0" Category="Hotkey/Category/01/Camera" Name="UI/Hotkey/Name/24/CameraSave0" Tooltip="UI/Hotkey/Tooltip/CameraSave0"/>
        <HotkeyInfoArray index="CameraSave1" Category="Hotkey/Category/01/Camera" Name="UI/Hotkey/Name/25/CameraSave1" Tooltip="UI/Hotkey/Tooltip/CameraSave1"/>
        <HotkeyInfoArray index="CameraSave2" Category="Hotkey/Category/01/Camera" Name="UI/Hotkey/Name/26/CameraSave2" Tooltip="UI/Hotkey/Tooltip/CameraSave2"/>
        <HotkeyInfoArray index="CameraSave3" Category="Hotkey/Category/01/Camera" Name="UI/Hotkey/Name/27/CameraSave3" Tooltip="UI/Hotkey/Tooltip/CameraSave3"/>
        <HotkeyInfoArray index="CameraSave4" Category="Hotkey/Category/01/Camera" Name="UI/Hotkey/Name/28/CameraSave4" Tooltip="UI/Hotkey/Tooltip/CameraSave4"/>
        <HotkeyInfoArray index="CameraSave5" Category="Hotkey/Category/01/Camera" Name="UI/Hotkey/Name/29/CameraSave5" Tooltip="UI/Hotkey/Tooltip/CameraSave5"/>
        <HotkeyInfoArray index="CameraSave6" Category="Hotkey/Category/01/Camera" Name="UI/Hotkey/Name/30/CameraSave6" Tooltip="UI/Hotkey/Tooltip/CameraSave6"/>
        <HotkeyInfoArray index="CameraSave7" Category="Hotkey/Category/01/Camera" Name="UI/Hotkey/Name/31/CameraSave7" Tooltip="UI/Hotkey/Tooltip/CameraSave7"/>
        <HotkeyInfoArray index="CameraView0" Category="Hotkey/Category/01/Camera" Name="UI/Hotkey/Name/32/CameraView0" Tooltip="UI/Hotkey/Tooltip/CameraView0"/>
        <HotkeyInfoArray index="CameraView1" Category="Hotkey/Category/01/Camera" Name="UI/Hotkey/Name/33/CameraView1" Tooltip="UI/Hotkey/Tooltip/CameraView1"/>
        <HotkeyInfoArray index="CameraView2" Category="Hotkey/Category/01/Camera" Name="UI/Hotkey/Name/34/CameraView2" Tooltip="UI/Hotkey/Tooltip/CameraView2"/>
        <HotkeyInfoArray index="CameraView3" Category="Hotkey/Category/01/Camera" Name="UI/Hotkey/Name/35/CameraView3" Tooltip="UI/Hotkey/Tooltip/CameraView3"/>
        <HotkeyInfoArray index="CameraView4" Category="Hotkey/Category/01/Camera" Name="UI/Hotkey/Name/36/CameraView4" Tooltip="UI/Hotkey/Tooltip/CameraView4"/>
        <HotkeyInfoArray index="CameraView5" Category="Hotkey/Category/01/Camera" Name="UI/Hotkey/Name/37/CameraView5" Tooltip="UI/Hotkey/Tooltip/CameraView5"/>
        <HotkeyInfoArray index="CameraView6" Category="Hotkey/Category/01/Camera" Name="UI/Hotkey/Name/38/CameraView6" Tooltip="UI/Hotkey/Tooltip/CameraView6"/>
        <HotkeyInfoArray index="CameraView7" Category="Hotkey/Category/01/Camera" Name="UI/Hotkey/Name/39/CameraView7" Tooltip="UI/Hotkey/Tooltip/CameraView7"/>
        <HotkeyInfoArray index="UIEditorToggle" Category="Hotkey/Category/12/UIEditor" Name="UI/Hotkey/Name/01/UIEditorToggle" Tooltip="UI/Hotkey/Tooltip/UIEditorToggle"/>
        <HotkeyInfoArray index="UIEditorReload" Category="Hotkey/Category/12/UIEditor" Name="UI/Hotkey/Name/02/UIEditorReload" Tooltip="UI/Hotkey/Tooltip/UIEditorReload"/>
        <HotkeyInfoArray index="UIEditorSaveSelected" Category="Hotkey/Category/12/UIEditor" Name="UI/Hotkey/Name/03/UIEditorSaveSelected" Tooltip="UI/Hotkey/Tooltip/UIEditorSaveSelected"/>
        <HotkeyInfoArray index="UIEditorSaveAll" Category="Hotkey/Category/12/UIEditor" Name="UI/Hotkey/Name/04/UIEditorSaveAll" Tooltip="UI/Hotkey/Tooltip/UIEditorSaveAll"/>
        <HotkeyInfoArray index="UIEditorUndo" Category="Hotkey/Category/12/UIEditor" Name="UI/Hotkey/Name/05/UIEditorUndo" Tooltip="UI/Hotkey/Tooltip/UIEditorUndo"/>
        <HotkeyInfoArray index="UIEditorRedo" Category="Hotkey/Category/12/UIEditor" Name="UI/Hotkey/Name/06/UIEditorRedo" Tooltip="UI/Hotkey/Tooltip/UIEditorRedo"/>
        <HotkeyInfoArray index="UIEditorDeselect" Category="Hotkey/Category/12/UIEditor" Name="UI/Hotkey/Name/07/UIEditorDeselect" Tooltip="UI/Hotkey/Tooltip/UIEditorDeselect"/>
        <HotkeyInfoArray index="UIEditorShowInfoTooltip" Category="Hotkey/Category/12/UIEditor" Name="UI/Hotkey/Name/08/UIEditorShowInfoTooltip" Tooltip="UI/Hotkey/Tooltip/UIEditorShowInfoTooltip"/>
        <HotkeyInfoArray index="UIEditorToggleVisible" Category="Hotkey/Category/12/UIEditor" Name="UI/Hotkey/Name/09/UIEditorToggleVisible" Tooltip="UI/Hotkey/Tooltip/UIEditorToggleVisible"/>
        <HotkeyInfoArray index="UIEditorHoverControls" Category="Hotkey/Category/12/UIEditor" Name="UI/Hotkey/Name/10/UIEditorHoverControls" Tooltip="UI/Hotkey/Tooltip/UIEditorHoverControls"/>
        <HotkeyInfoArray index="UIEditorLockInfoTooltip" Category="Hotkey/Category/12/UIEditor" Name="UI/Hotkey/Name/11/UIEditorLockInfoTooltip" Tooltip="UI/Hotkey/Tooltip/UIEditorLockInfoTooltip"/>
        <HotkeyInfoArray index="UIEditorOutlineAnchors" Category="Hotkey/Category/12/UIEditor" Name="UI/Hotkey/Name/12/UIEditorOutlineAnchors" Tooltip="UI/Hotkey/Tooltip/UIEditorOutlineAnchors"/>
        <HotkeyInfoArray index="UIEditorIncreaseGridSpacing" Category="Hotkey/Category/12/UIEditor" Name="UI/Hotkey/Name/13/UIEditorIncreaseGridSpacing" Tooltip="UI/Hotkey/Tooltip/UIEditorIncreaseGridSpacing"/>
        <HotkeyInfoArray index="UIEditorDecreaseGridSpacing" Category="Hotkey/Category/12/UIEditor" Name="UI/Hotkey/Name/14/UIEditorDecreaseGridSpacing" Tooltip="UI/Hotkey/Tooltip/UIEditorDecreaseGridSpacing"/>
        <HotkeyInfoArray index="UIEditorToggleStateGroupOverlay" Category="Hotkey/Category/12/UIEditor" Name="UI/Hotkey/Name/09/UIEditorToggleStateGroupOverlay" Tooltip="UI/Hotkey/Tooltip/UIEditorToggleStateGroupOverlay"/>
        <HotkeyInfoArray index="UIEditorSize720x406" Category="Hotkey/Category/12/UIEditor" Name="UI/Hotkey/Name/15/UIEditorSize720x406" Tooltip="UI/Hotkey/Tooltip/UIEditorSize720x406"/>
        <HotkeyInfoArray index="UIEditorSize800x600" Category="Hotkey/Category/12/UIEditor" Name="UI/Hotkey/Name/16/UIEditorSize800x600" Tooltip="UI/Hotkey/Tooltip/UIEditorSize800x600"/>
        <HotkeyInfoArray index="UIEditorSize1024x768" Category="Hotkey/Category/12/UIEditor" Name="UI/Hotkey/Name/17/UIEditorSize1024x768" Tooltip="UI/Hotkey/Tooltip/UIEditorSize1024x768"/>
        <HotkeyInfoArray index="UIEditorSize1280x1024" Category="Hotkey/Category/12/UIEditor" Name="UI/Hotkey/Name/18/UIEditorSize1280x1024" Tooltip="UI/Hotkey/Tooltip/UIEditorSize1280x1024"/>
        <HotkeyInfoArray index="UIEditorSize1280x960" Category="Hotkey/Category/12/UIEditor" Name="UI/Hotkey/Name/19/UIEditorSize1280x960" Tooltip="UI/Hotkey/Tooltip/UIEditorSize1280x960"/>
        <HotkeyInfoArray index="UIEditorSize1280x720" Category="Hotkey/Category/12/UIEditor" Name="UI/Hotkey/Name/20/UIEditorSize1280x720" Tooltip="UI/Hotkey/Tooltip/UIEditorSize1280x720"/>
        <HotkeyInfoArray index="UIEditorSize1680x1050" Category="Hotkey/Category/12/UIEditor" Name="UI/Hotkey/Name/21/UIEditorSize1680x1050" Tooltip="UI/Hotkey/Tooltip/UIEditorSize1680x1050"/>
        <HotkeyInfoArray index="UIEditorSize1400x1050" Category="Hotkey/Category/12/UIEditor" Name="UI/Hotkey/Name/22/UIEditorSize1400x1050" Tooltip="UI/Hotkey/Tooltip/UIEditorSize1400x1050"/>
        <HotkeyInfoArray index="UIEditorSize1920x1200" Category="Hotkey/Category/12/UIEditor" Name="UI/Hotkey/Name/23/UIEditorSize1920x1200" Tooltip="UI/Hotkey/Tooltip/UIEditorSize1920x1200"/>
        <HotkeyInfoArray index="UIEditorSize1920x1080" Category="Hotkey/Category/12/UIEditor" Name="UI/Hotkey/Name/24/UIEditorSize1920x1080" Tooltip="UI/Hotkey/Tooltip/UIEditorSize1920x1080"/>
        <HotkeyInfoArray index="UIEditorSize1600x1200" Category="Hotkey/Category/12/UIEditor" Name="UI/Hotkey/Name/25/UIEditorSize1600x1200" Tooltip="UI/Hotkey/Tooltip/UIEditorSize1600x1200"/>
        <HotkeyInfoArray index="UIEditorSize2048x1536" Category="Hotkey/Category/12/UIEditor" Name="UI/Hotkey/Name/26/UIEditorSize2048x1536" Tooltip="UI/Hotkey/Tooltip/UIEditorSize2048x1536"/>
        <HotkeyInfoArray index="UIEditorSize2560x1600" Category="Hotkey/Category/12/UIEditor" Name="UI/Hotkey/Name/27/UIEditorSize2560x1600" Tooltip="UI/Hotkey/Tooltip/UIEditorSize2560x1600"/>
        <HotkeyInfoArray index="UIEditorSize2560x2048" Category="Hotkey/Category/12/UIEditor" Name="UI/Hotkey/Name/28/UIEditorSize2560x2048" Tooltip="UI/Hotkey/Tooltip/UIEditorSize2560x2048"/>
        <HotkeyInfoArray index="UIEditorSize4096x2560" Category="Hotkey/Category/12/UIEditor" Name="UI/Hotkey/Name/29/UIEditorSize4096x2560" Tooltip="UI/Hotkey/Tooltip/UIEditorSize4096x2560"/>
        <HotkeyInfoArray index="UIEditorSize4096x2304" Category="Hotkey/Category/12/UIEditor" Name="UI/Hotkey/Name/30/UIEditorSize4096x2304" Tooltip="UI/Hotkey/Tooltip/UIEditorSize4096x2304"/>
        <HotkeyInfoArray index="UIEditorSize4096x3072" Category="Hotkey/Category/12/UIEditor" Name="UI/Hotkey/Name/31/UIEditorSize4096x3072" Tooltip="UI/Hotkey/Tooltip/UIEditorSize4096x3072"/>
        <!-- to add a new theme you'll need to modify EGlueTheme enum in Formats/GameUI.xml -->
        <CutsceneAssetPath Path="Cutscenes/MainMenuSpace.SC2Cutscene" Theme="Terran"/>
        <CutsceneAssetPath Path="Cutscenes/PlanetViewAgria.SC2Cutscene" Theme="Terran"/>
        <CutsceneAssetPath Path="Cutscenes/PlanetViewChar.SC2Cutscene" Theme="Terran"/>
        <CutsceneAssetPath Path="Cutscenes/PlanetViewMonlyth.SC2Cutscene" Theme="Terran"/>
        <CutsceneAssetPath Path="Cutscenes/PlanetViewTyrador.SC2Cutscene" Theme="Terran"/>
        <CutsceneAssetPath Path="Cutscenes/MainMenuSwarm.SC2Cutscene" Theme="Zerg"/>
        <CutsceneAssetPath Path="Cutscenes/MainMenuVoid.SC2Cutscene" Theme="Protoss"/>
        <CutsceneAssetPath Path="Cutscenes/MainMenuDefaultVoid.SC2Cutscene" Theme="Clouds"/>
        <CutsceneAssetPath Path="Cutscenes/MainMenuKarax_Foreground.SC2Cutscene" Theme="Karax"/>
        <CutsceneAssetPath Path="Cutscenes/MainMenuNova.SC2Cutscene" Theme="Nova"/>
        <CutsceneAssetPath Path="Cutscenes/MainMenuAbathur.SC2Cutscene" Theme="Abathur"/>
        <CutsceneAssetPath Path="Cutscenes/MainMenuNova_02.SC2Cutscene" Theme="Nova2"/>
        <CutsceneAssetPath Path="Cutscenes/MainMenuAlarak.SC2Cutscene" Theme="Alarak"/>
        <CutsceneAssetPath Path="Cutscenes/MainMenuNova_03.SC2Cutscene" Theme="NovaCommander"/>
        <CutsceneAssetPath Path="Cutscenes/MainMenuWCS.SC2Cutscene" Theme="WCS2016"/>
        <CutsceneAssetPath Path="Cutscenes/MainMenuNova_04.SC2Cutscene" Theme="Nova3"/>
        <CutsceneAssetPath Path="Cutscenes/MainMenuStukov.SC2Cutscene" Theme="Stukov"/>
        <CutsceneAssetPath Path="Cutscenes/MainMenuFenix.SC2Cutscene" Theme="Fenix"/>
        <CutsceneAssetPath Path="Cutscenes/MainMenuDehaka.SC2Cutscene" Theme="Dehaka"/>
        <CutsceneAssetPath Path="Cutscenes/MainMenuHorner.SC2Cutscene" Theme="Horner"/>
        <CutsceneAssetPath Path="Cutscenes/MainMenuReBrand.SC2Cutscene" Theme="Anniversary"/>
        <CutsceneAssetPath Path="Cutscenes/MainMenu_MarSaraBar.SC2Cutscene" Theme="Anniversary2018"/>
        <CutsceneAssetPath Path="Cutscenes/MainMenu_Tychus.SC2Cutscene" Theme="Tychus"/>
        <CutsceneAssetPath Path="Cutscenes/MainMenuWCS2017.SC2Cutscene" Theme="WCS2017"/>
        <CutsceneAssetPath Path="Cutscenes/MainMenuWCS2018.SC2Cutscene" Theme="WCS2018"/>
        <CutsceneAssetPath Path="Cutscenes/MainMenuWCS2019.SC2Cutscene" Theme="WCS2019"/>
        <CutsceneAssetPath Path="Cutscenes/MainMenu_Zeratul.SC2Cutscene" Theme="Zeratul"/>
        <CutsceneAssetPath Path="Cutscenes/MainMenu_Stetmann.SC2Cutscene" Theme="Stetmann"/>
        <CutsceneAssetPath Path="Cutscenes/MainMenu_Mengsk.SC2Cutscene" Theme="Mengsk"/>
        <!-- Make sure these are in the same order as the CutsceneAssetPath fields -->
        <CutsceneThemeChoiceArray value="UI/GlueTheme/Terran"/>
        <CutsceneThemeChoiceArray value="UI/GlueTheme/Zerg"/>
        <CutsceneThemeChoiceArray value="UI/GlueTheme/Protoss"/>
        <CutsceneThemeChoiceArray value="UI/GlueTheme/Clouds"/>
        <CutsceneThemeChoiceArray value="UI/GlueTheme/Karax"/>
        <CutsceneThemeChoiceArray value="UI/GlueTheme/Nova"/>
        <CutsceneThemeChoiceArray value="UI/GlueTheme/Abathur"/>
        <CutsceneThemeChoiceArray value="UI/GlueTheme/Nova2"/>
        <CutsceneThemeChoiceArray value="UI/GlueTheme/Alarak"/>
        <CutsceneThemeChoiceArray value="UI/GlueTheme/NovaCommander"/>
        <CutsceneThemeChoiceArray value="UI/GlueTheme/WCS2016"/>
        <CutsceneThemeChoiceArray value="UI/GlueTheme/Nova3"/>
        <CutsceneThemeChoiceArray value="UI/GlueTheme/Stukov"/>
        <CutsceneThemeChoiceArray value="UI/GlueTheme/Fenix"/>
        <CutsceneThemeChoiceArray value="UI/GlueTheme/Dehaka"/>
        <CutsceneThemeChoiceArray value="UI/GlueTheme/Horner"/>
        <CutsceneThemeChoiceArray value="UI/GlueTheme/Anniversary"/>
        <CutsceneThemeChoiceArray value="UI/GlueTheme/Anniversary2018"/>
        <CutsceneThemeChoiceArray value="UI/GlueTheme/Tychus"/>
        <CutsceneThemeChoiceArray value="UI/GlueTheme/WCS2017"/>
        <CutsceneThemeChoiceArray value="UI/GlueTheme/WCS2018"/>
        <CutsceneThemeChoiceArray value="UI/GlueTheme/WCS2019"/>
        <CutsceneThemeChoiceArray value="UI/GlueTheme/Zeratul"/>
        <CutsceneThemeChoiceArray value="UI/GlueTheme/Stetmann"/>
        <CutsceneThemeChoiceArray value="UI/GlueTheme/Mengsk"/>
        <!-- should always be last -->
        <CutsceneThemeChoiceArray value="UI/GlueTheme/Random"/>
        <!-- Latest cutscene that would be used -->
        <CutsceneLatest value="Mengsk"/>
    </CGameUI>
</Catalog>
