<?xml version="1.0" encoding="us-ascii"?>
<Catalog>
    <CGame id="Dflt">
        <CreepDecaySound value="Zerg_CreepDecay"/>
        <CreepGrowSound value="Zerg_CreepGrow"/>
        <JoinInProgress value="0"/>
        <PlayersRequiredForLargeFormat value="5"/>
        <PlayerLeaveFlags index="ClearSelection" value="1"/>
        <PlayerLeaveFlags index="FinalizeScore" value="1"/>
        <PlayerLeaveFlags index="ForcedAlliance" value="1"/>
        <PlayerLeaveFlags index="FulfillResourceRequests" value="1"/>
        <PlayerLeaveFlags index="ReportScore" value="1"/>
        <PlayerLeaveFlags index="SplitResources" value="1"/>
        <TriggerLibs Id="Lbty" IncludePath="TriggerLibs/LibertyLib"/>
        <EnforcedGameResultScoreResult value="Experience"/>
        <SprayAbil value="LoadOutSpray"/>
        <SprayButtonReplacementTarget index="0" value="LoadOutSpray@1"/>
        <SprayButtonReplacementTarget index="1" value="LoadOutSpray@2"/>
        <SprayButtonReplacementTarget index="2" value="LoadOutSpray@3"/>
        <SprayButtonReplacementTarget index="3" value="LoadOutSpray@4"/>
        <SprayButtonReplacementTarget index="4" value="LoadOutSpray@5"/>
        <SprayButtonReplacementTarget index="5" value="LoadOutSpray@6"/>
        <SprayButtonReplacementTarget index="6" value="LoadOutSpray@7"/>
        <SprayButtonReplacementTarget index="7" value="LoadOutSpray@8"/>
        <SprayButtonReplacementTarget index="8" value="LoadOutSpray@9"/>
        <SprayButtonReplacementTarget index="9" value="LoadOutSpray@10"/>
        <SprayButtonReplacementTarget index="10" value="LoadOutSpray@11"/>
        <SprayButtonReplacementTarget index="11" value="LoadOutSpray@12"/>
        <SprayButtonReplacementTarget index="12" value="LoadOutSpray@13"/>
        <SprayButtonReplacementTarget index="13" value="LoadOutSpray@14"/>
        <BeaconInfoArray index="Army" Unit="BeaconArmy" Tooltip="UI/BeaconArmy">
            <Clear index="Defend" value="1"/>
            <Clear index="Attack" value="1"/>
            <Clear index="Harass" value="1"/>
            <Clear index="Idle" value="1"/>
            <Clear index="Auto" value="1"/>
        </BeaconInfoArray>
        <BeaconInfoArray index="Defend" Unit="BeaconDefend" Tooltip="UI/BeaconDefend">
            <Clear index="Army" value="1"/>
            <Clear index="Attack" value="1"/>
            <Clear index="Harass" value="1"/>
            <Clear index="Idle" value="1"/>
            <Clear index="Auto" value="1"/>
        </BeaconInfoArray>
        <BeaconInfoArray index="Attack" Unit="BeaconAttack" Tooltip="UI/BeaconAttack">
            <Clear index="Army" value="1"/>
            <Clear index="Defend" value="1"/>
            <Clear index="Harass" value="1"/>
            <Clear index="Idle" value="1"/>
            <Clear index="Auto" value="1"/>
        </BeaconInfoArray>
        <BeaconInfoArray index="Harass" Unit="BeaconHarass" Tooltip="UI/BeaconHarass">
            <Clear index="Army" value="1"/>
            <Clear index="Defend" value="1"/>
            <Clear index="Attack" value="1"/>
            <Clear index="Idle" value="1"/>
            <Clear index="Auto" value="1"/>
        </BeaconInfoArray>
        <BeaconInfoArray index="Idle" Unit="BeaconIdle" Tooltip="UI/BeaconIdle">
            <Clear index="Army" value="1"/>
            <Clear index="Defend" value="1"/>
            <Clear index="Attack" value="1"/>
            <Clear index="Harass" value="1"/>
            <Clear index="Auto" value="1"/>
        </BeaconInfoArray>
        <BeaconInfoArray index="Auto" Unit="BeaconAuto" Tooltip="UI/BeaconAuto">
            <Clear index="Army" value="1"/>
            <Clear index="Defend" value="1"/>
            <Clear index="Attack" value="1"/>
            <Clear index="Harass" value="1"/>
            <Clear index="Idle" value="1"/>
        </BeaconInfoArray>
        <BeaconInfoArray index="Detect" Unit="BeaconDetect" Tooltip="UI/BeaconDetect"/>
        <BeaconInfoArray index="Scout" Unit="BeaconScout" Tooltip="UI/BeaconScout"/>
        <BeaconInfoArray index="Claim" Unit="BeaconClaim" Tooltip="UI/BeaconClaim"/>
        <BeaconInfoArray index="Expand" Unit="BeaconExpand" Tooltip="UI/BeaconExpand"/>
        <BeaconInfoArray index="Rally" Unit="BeaconRally" Tooltip="UI/BeaconRally"/>
        <BeaconInfoArray index="Custom1" Unit="BeaconCustom1" Tooltip="UI/BeaconCustom1"/>
        <BeaconInfoArray index="Custom2" Unit="BeaconCustom2" Tooltip="UI/BeaconCustom2"/>
        <BeaconInfoArray index="Custom3" Unit="BeaconCustom3" Tooltip="UI/BeaconCustom3"/>
        <BeaconInfoArray index="Custom4" Unit="BeaconCustom4" Tooltip="UI/BeaconCustom4"/>
        <!-- Random Build -->
        <AIBuilds index="0">
            <AttributeId value="AB00"/>
            <Name value="UI/AIBuild00"/>
            <MenuTooltip value="UI/AIBuild00Tip"/>
            <Enabled value="1"/>
            <Race value="All"/>
            <MaxDiff value="10"/>
        </AIBuilds>
        <!-- Custom Test Build -->
        <AIBuilds index="1">
            <AttributeId value="AB01"/>
            <Name value="UI/AIBuild01"/>
            <MenuTooltip value="UI/AIBuild01Tip"/>
            <Race value="All"/>
            <MaxDiff value="10"/>
            <BuildScriptNum value="1"/>
        </AIBuilds>
        <!-- Generic Opening Build -->
        <AIBuilds index="2">
            <AttributeId value="AB02"/>
            <Name value="UI/AIBuild02"/>
            <MenuTooltip value="UI/AIBuild02Tip"/>
            <Enabled value="1"/>
            <Race value="All"/>
            <MaxDiff value="10"/>
            <BuildScriptNum value="2"/>
        </AIBuilds>
        <AIBuilds index="3">
            <AttributeId value="AB03"/>
            <Name value="UI/AIBuild03"/>
            <MenuTooltip value="UI/AIBuild03Tip"/>
            <Enabled value="1"/>
            <Race value="All"/>
            <MaxDiff value="10"/>
            <BuildScriptNum value="3"/>
        </AIBuilds>
        <AIBuilds index="4">
            <AttributeId value="AB04"/>
            <Name value="UI/AIBuild04"/>
            <MenuTooltip value="UI/AIBuild04Tip"/>
            <Enabled value="1"/>
            <Race value="All"/>
            <MaxDiff value="10"/>
            <BuildScriptNum value="4"/>
        </AIBuilds>
        <AIBuilds index="5">
            <AttributeId value="AB05"/>
            <Name value="UI/AIBuild05"/>
            <MenuTooltip value="UI/AIBuild05Tip"/>
            <Enabled value="1"/>
            <Race value="All"/>
            <MaxDiff value="10"/>
            <BuildScriptNum value="5"/>
        </AIBuilds>
        <AIBuilds index="6">
            <AttributeId value="AB06"/>
            <Name value="UI/AIBuild06"/>
            <MenuTooltip value="UI/AIBuild06Tip"/>
            <Enabled value="1"/>
            <Race value="All"/>
            <MaxDiff value="10"/>
            <BuildScriptNum value="6"/>
        </AIBuilds>
        <!-- Zerg 1-Base Timing Builds -->
        <AIBuilds index="30">
            <AttributeId value="Z030"/>
            <Name value="UI/AIBuild30"/>
            <MenuTooltip value="UI/AIBuild30Tip"/>
            <Enabled value="1"/>
            <Race value="Zerg"/>
            <MinDiff value="6"/>
            <MaxDiff value="10"/>
            <BuildScriptNum value="30"/>
        </AIBuilds>
        <AIBuilds index="31">
            <AttributeId value="Z031"/>
            <Name value="UI/AIBuild31"/>
            <MenuTooltip value="UI/AIBuild31Tip"/>
            <Enabled value="1"/>
            <Race value="Zerg"/>
            <MinDiff value="6"/>
            <MaxDiff value="10"/>
            <BuildScriptNum value="31"/>
        </AIBuilds>
        <AIBuilds index="32">
            <AttributeId value="Z032"/>
            <Name value="UI/AIBuild32"/>
            <MenuTooltip value="UI/AIBuild32Tip"/>
            <Enabled value="1"/>
            <Race value="Zerg"/>
            <MinDiff value="6"/>
            <MaxDiff value="10"/>
            <BuildScriptNum value="32"/>
        </AIBuilds>
        <!-- Zerg 2-Base Power Builds -->
        <AIBuilds index="40">
            <AttributeId value="Z040"/>
            <Name value="UI/AIBuild40"/>
            <MenuTooltip value="UI/AIBuild40Tip"/>
            <Enabled value="1"/>
            <Race value="Zerg"/>
            <MinDiff value="6"/>
            <MaxDiff value="10"/>
            <BuildScriptNum value="40"/>
        </AIBuilds>
        <AIBuilds index="41">
            <AttributeId value="Z041"/>
            <Name value="UI/AIBuild41"/>
            <MenuTooltip value="UI/AIBuild41Tip"/>
            <Enabled value="1"/>
            <Race value="Zerg"/>
            <MinDiff value="6"/>
            <MaxDiff value="10"/>
            <BuildScriptNum value="41"/>
        </AIBuilds>
        <AIBuilds index="42">
            <AttributeId value="Z042"/>
            <Name value="UI/AIBuild42"/>
            <MenuTooltip value="UI/AIBuild42Tip"/>
            <Enabled value="1"/>
            <Race value="Zerg"/>
            <MinDiff value="6"/>
            <MaxDiff value="10"/>
            <BuildScriptNum value="42"/>
        </AIBuilds>
        <AIBuilds index="43">
            <AttributeId value="Z043"/>
            <Name value="UI/AIBuild43"/>
            <MenuTooltip value="UI/AIBuild43Tip"/>
            <Enabled value="1"/>
            <Race value="Zerg"/>
            <MinDiff value="6"/>
            <MaxDiff value="10"/>
            <BuildScriptNum value="43"/>
        </AIBuilds>
        <AIBuilds index="44">
            <AttributeId value="Z044"/>
            <Name value="UI/AIBuild44"/>
            <MenuTooltip value="UI/AIBuild44Tip"/>
            <Enabled value="1"/>
            <Race value="Zerg"/>
            <MinDiff value="6"/>
            <MaxDiff value="10"/>
            <BuildScriptNum value="44"/>
        </AIBuilds>
        <AIBuilds index="45">
            <AttributeId value="Z045"/>
            <Name value="UI/AIBuild45"/>
            <MenuTooltip value="UI/AIBuild45Tip"/>
            <Race value="Zerg"/>
            <MinDiff value="6"/>
            <MaxDiff value="10"/>
            <BuildScriptNum value="45"/>
        </AIBuilds>
        <AIBuilds index="46">
            <AttributeId value="Z046"/>
            <Name value="UI/AIBuild46"/>
            <MenuTooltip value="UI/AIBuild46Tip"/>
            <Race value="Zerg"/>
            <MinDiff value="6"/>
            <MaxDiff value="10"/>
            <BuildScriptNum value="46"/>
        </AIBuilds>
        <!-- Zerg Macro/Late Builds -->
        <AIBuilds index="50">
            <AttributeId value="Z050"/>
            <Name value="UI/AIBuild50"/>
            <MenuTooltip value="UI/AIBuild50Tip"/>
            <Enabled value="1"/>
            <Race value="Zerg"/>
            <MinDiff value="6"/>
            <MaxDiff value="10"/>
            <BuildScriptNum value="50"/>
        </AIBuilds>
        <AIBuilds index="51">
            <AttributeId value="Z051"/>
            <Name value="UI/AIBuild51"/>
            <MenuTooltip value="UI/AIBuild51Tip"/>
            <Race value="Zerg"/>
            <MinDiff value="6"/>
            <MaxDiff value="10"/>
            <BuildScriptNum value="51"/>
        </AIBuilds>
        <AIBuilds index="52">
            <AttributeId value="Z052"/>
            <Name value="UI/AIBuild52"/>
            <MenuTooltip value="UI/AIBuild52Tip"/>
            <Enabled value="1"/>
            <Race value="Zerg"/>
            <MinDiff value="6"/>
            <MaxDiff value="10"/>
            <BuildScriptNum value="52"/>
        </AIBuilds>
        <AIBuilds index="53">
            <AttributeId value="Z053"/>
            <Name value="UI/AIBuild53"/>
            <MenuTooltip value="UI/AIBuild53Tip"/>
            <Enabled value="1"/>
            <Race value="Zerg"/>
            <MinDiff value="6"/>
            <MaxDiff value="10"/>
            <BuildScriptNum value="53"/>
        </AIBuilds>
        <!-- Terran 1-Base Timing Builds -->
        <AIBuilds index="70">
            <AttributeId value="T070"/>
            <Name value="UI/AIBuild70"/>
            <MenuTooltip value="UI/AIBuild70Tip"/>
            <Enabled value="1"/>
            <Race value="Terr"/>
            <MinDiff value="6"/>
            <MaxDiff value="10"/>
            <BuildScriptNum value="70"/>
        </AIBuilds>
        <AIBuilds index="71">
            <AttributeId value="T071"/>
            <Name value="UI/AIBuild71"/>
            <MenuTooltip value="UI/AIBuild71Tip"/>
            <Enabled value="1"/>
            <Race value="Terr"/>
            <MinDiff value="6"/>
            <MaxDiff value="10"/>
            <BuildScriptNum value="71"/>
        </AIBuilds>
        <AIBuilds index="72">
            <AttributeId value="T072"/>
            <Name value="UI/AIBuild72"/>
            <MenuTooltip value="UI/AIBuild72Tip"/>
            <Enabled value="1"/>
            <Race value="Terr"/>
            <MinDiff value="6"/>
            <MaxDiff value="10"/>
            <BuildScriptNum value="72"/>
        </AIBuilds>
        <AIBuilds index="73">
            <AttributeId value="T073"/>
            <Name value="UI/AIBuild73"/>
            <MenuTooltip value="UI/AIBuild73Tip"/>
            <Enabled value="1"/>
            <Race value="Terr"/>
            <MinDiff value="6"/>
            <MaxDiff value="10"/>
            <BuildScriptNum value="73"/>
        </AIBuilds>
        <!-- Terran 2-Base Power Builds -->
        <AIBuilds index="80">
            <AttributeId value="T080"/>
            <Name value="UI/AIBuild80"/>
            <MenuTooltip value="UI/AIBuild80Tip"/>
            <Enabled value="1"/>
            <Race value="Terr"/>
            <MinDiff value="6"/>
            <MaxDiff value="10"/>
            <BuildScriptNum value="80"/>
        </AIBuilds>
        <AIBuilds index="81">
            <AttributeId value="T081"/>
            <Name value="UI/AIBuild81"/>
            <MenuTooltip value="UI/AIBuild81Tip"/>
            <Enabled value="1"/>
            <Race value="Terr"/>
            <MinDiff value="6"/>
            <MaxDiff value="10"/>
            <BuildScriptNum value="81"/>
        </AIBuilds>
        <AIBuilds index="82">
            <AttributeId value="T082"/>
            <Name value="UI/AIBuild82"/>
            <MenuTooltip value="UI/AIBuild82Tip"/>
            <Enabled value="1"/>
            <Race value="Terr"/>
            <MinDiff value="6"/>
            <MaxDiff value="10"/>
            <BuildScriptNum value="82"/>
        </AIBuilds>
        <AIBuilds index="83">
            <AttributeId value="T083"/>
            <Name value="UI/AIBuild83"/>
            <MenuTooltip value="UI/AIBuild83Tip"/>
            <Enabled value="1"/>
            <Race value="Terr"/>
            <MinDiff value="6"/>
            <MaxDiff value="10"/>
            <BuildScriptNum value="83"/>
        </AIBuilds>
        <AIBuilds index="84">
            <AttributeId value="T084"/>
            <Name value="UI/AIBuild84"/>
            <MenuTooltip value="UI/AIBuild84Tip"/>
            <Enabled value="1"/>
            <Race value="Terr"/>
            <MinDiff value="6"/>
            <MaxDiff value="10"/>
            <BuildScriptNum value="84"/>
        </AIBuilds>
        <!-- Terran Macro/Late Builds -->
        <AIBuilds index="90">
            <AttributeId value="T090"/>
            <Name value="UI/AIBuild90"/>
            <MenuTooltip value="UI/AIBuild90Tip"/>
            <Enabled value="1"/>
            <Race value="Terr"/>
            <MinDiff value="6"/>
            <MaxDiff value="10"/>
            <BuildScriptNum value="90"/>
        </AIBuilds>
        <AIBuilds index="91">
            <AttributeId value="T091"/>
            <Name value="UI/AIBuild91"/>
            <MenuTooltip value="UI/AIBuild91Tip"/>
            <Enabled value="1"/>
            <Race value="Terr"/>
            <MinDiff value="6"/>
            <MaxDiff value="10"/>
            <BuildScriptNum value="91"/>
        </AIBuilds>
        <AIBuilds index="92">
            <AttributeId value="T092"/>
            <Name value="UI/AIBuild92"/>
            <MenuTooltip value="UI/AIBuild92Tip"/>
            <Enabled value="1"/>
            <Race value="Terr"/>
            <MinDiff value="6"/>
            <MaxDiff value="10"/>
            <BuildScriptNum value="92"/>
        </AIBuilds>
        <!-- Protoss 1-Base Timing Builds -->
        <AIBuilds index="110">
            <AttributeId value="P110"/>
            <Name value="UI/AIBuild110"/>
            <MenuTooltip value="UI/AIBuild110Tip"/>
            <Enabled value="1"/>
            <Race value="Prot"/>
            <MinDiff value="6"/>
            <MaxDiff value="10"/>
            <BuildScriptNum value="110"/>
        </AIBuilds>
        <AIBuilds index="111">
            <AttributeId value="P111"/>
            <Name value="UI/AIBuild111"/>
            <MenuTooltip value="UI/AIBuild111Tip"/>
            <Race value="Prot"/>
            <MinDiff value="6"/>
            <MaxDiff value="10"/>
            <BuildScriptNum value="111"/>
        </AIBuilds>
        <AIBuilds index="112">
            <AttributeId value="P112"/>
            <Name value="UI/AIBuild112"/>
            <MenuTooltip value="UI/AIBuild112Tip"/>
            <Enabled value="1"/>
            <Race value="Prot"/>
            <MinDiff value="6"/>
            <MaxDiff value="10"/>
            <BuildScriptNum value="112"/>
        </AIBuilds>
        <AIBuilds index="113">
            <AttributeId value="P113"/>
            <Name value="UI/AIBuild113"/>
            <MenuTooltip value="UI/AIBuild113Tip"/>
            <Enabled value="1"/>
            <Race value="Prot"/>
            <MinDiff value="6"/>
            <MaxDiff value="10"/>
            <BuildScriptNum value="113"/>
        </AIBuilds>
        <AIBuilds index="114">
            <AttributeId value="P114"/>
            <Name value="UI/AIBuild114"/>
            <MenuTooltip value="UI/AIBuild114Tip"/>
            <Enabled value="1"/>
            <Race value="Prot"/>
            <MinDiff value="6"/>
            <MaxDiff value="10"/>
            <BuildScriptNum value="114"/>
        </AIBuilds>
        <!-- Protoss 2-Base Power Builds -->
        <AIBuilds index="120">
            <AttributeId value="P120"/>
            <Name value="UI/AIBuild120"/>
            <MenuTooltip value="UI/AIBuild120Tip"/>
            <Enabled value="1"/>
            <Race value="Prot"/>
            <MinDiff value="6"/>
            <MaxDiff value="10"/>
            <BuildScriptNum value="120"/>
        </AIBuilds>
        <AIBuilds index="121">
            <AttributeId value="P121"/>
            <Name value="UI/AIBuild121"/>
            <MenuTooltip value="UI/AIBuild121Tip"/>
            <Enabled value="1"/>
            <Race value="Prot"/>
            <MinDiff value="6"/>
            <MaxDiff value="10"/>
            <BuildScriptNum value="121"/>
        </AIBuilds>
        <AIBuilds index="122">
            <AttributeId value="P122"/>
            <Name value="UI/AIBuild122"/>
            <MenuTooltip value="UI/AIBuild122Tip"/>
            <Enabled value="1"/>
            <Race value="Prot"/>
            <MinDiff value="6"/>
            <MaxDiff value="10"/>
            <BuildScriptNum value="122"/>
        </AIBuilds>
        <AIBuilds index="123">
            <AttributeId value="P123"/>
            <Name value="UI/AIBuild123"/>
            <MenuTooltip value="UI/AIBuild123Tip"/>
            <Enabled value="1"/>
            <Race value="Prot"/>
            <MinDiff value="6"/>
            <MaxDiff value="10"/>
            <BuildScriptNum value="123"/>
        </AIBuilds>
        <AIBuilds index="124">
            <AttributeId value="P124"/>
            <Name value="UI/AIBuild124"/>
            <MenuTooltip value="UI/AIBuild124Tip"/>
            <Enabled value="1"/>
            <Race value="Prot"/>
            <MinDiff value="6"/>
            <MaxDiff value="10"/>
            <BuildScriptNum value="124"/>
        </AIBuilds>
        <!-- Protoss Macro/Late Builds -->
        <AIBuilds index="130">
            <AttributeId value="P130"/>
            <Name value="UI/AIBuild130"/>
            <MenuTooltip value="UI/AIBuild130Tip"/>
            <Enabled value="1"/>
            <Race value="Prot"/>
            <MinDiff value="6"/>
            <MaxDiff value="10"/>
            <BuildScriptNum value="130"/>
        </AIBuilds>
        <AIBuilds index="131">
            <AttributeId value="P131"/>
            <Name value="UI/AIBuild131"/>
            <MenuTooltip value="UI/AIBuild131Tip"/>
            <Enabled value="1"/>
            <Race value="Prot"/>
            <MinDiff value="6"/>
            <MaxDiff value="10"/>
            <BuildScriptNum value="131"/>
        </AIBuilds>
        <AIBuilds index="132">
            <AttributeId value="P132"/>
            <Name value="UI/AIBuild132"/>
            <MenuTooltip value="UI/AIBuild132Tip"/>
            <Enabled value="1"/>
            <Race value="Prot"/>
            <MinDiff value="6"/>
            <MaxDiff value="10"/>
            <BuildScriptNum value="132"/>
        </AIBuilds>
        <!-- Test Builds -->
        <!-- <AIBuilds index="200">
            <AttributeId value="B200"/>
            <Name value="UI/AIBuild200"/>
            <MenuTooltip value="UI/AIBuild200Tip"/>
            <Enabled value="1"/>
            <Race value="Prot"/>
            <MinDiff value="0"/>
            <MaxDiff value="10"/>
            <BuildScriptNum value="0"/>
        </AIBuilds>
        <AIBuilds index="201">
            <AttributeId value="B201"/>
            <Name value="UI/AIBuild201"/>
            <MenuTooltip value="UI/AIBuild201Tip"/>
            <Enabled value="1"/>
            <Race value="Terr"/>
            <MinDiff value="0"/>
            <MaxDiff value="10"/>
            <BuildScriptNum value="0"/>
        </AIBuilds>
        <AIBuilds index="202">
            <AttributeId value="B202"/>
            <Name value="UI/AIBuild202"/>
            <MenuTooltip value="UI/AIBuild202Tip"/>
            <Enabled value="1"/>
            <Race value="Zerg"/>
            <MinDiff value="0"/>
            <MaxDiff value="10"/>
            <BuildScriptNum value="0"/>
        </AIBuilds>
        <AIBuilds index="203">
            <AttributeId value="B203"/>
            <Name value="UI/AIBuild203"/>
            <MenuTooltip value="UI/AIBuild203Tip"/>
            <Enabled value="1"/>
            <Race value="Rand"/>
            <MinDiff value="0"/>
            <MaxDiff value="10"/>
            <BuildScriptNum value="0"/>
        </AIBuilds>
        <AIBuilds index="204">
            <AttributeId value="B204"/>
            <Name value="UI/AIBuild204"/>
            <MenuTooltip value="UI/AIBuild204Tip"/>
            <Enabled value="1"/>
            <Race value="Prot"/>
            <MinDiff value="1"/>
            <MaxDiff value="5"/>
            <BuildScriptNum value="0"/>
        </AIBuilds>
        <AIBuilds index="205">
            <AttributeId value="B205"/>
            <Name value="UI/AIBuild205"/>
            <MenuTooltip value="UI/AIBuild205Tip"/>
            <Enabled value="1"/>
            <Race value="Terr"/>
            <MinDiff value="1"/>
            <MaxDiff value="5"/>
            <BuildScriptNum value="0"/>
        </AIBuilds>
        <AIBuilds index="206">
            <AttributeId value="B206"/>
            <Name value="UI/AIBuild206"/>
            <MenuTooltip value="UI/AIBuild206Tip"/>
            <Enabled value="1"/>
            <Race value="Zerg"/>
            <MinDiff value="1"/>
            <MaxDiff value="5"/>
            <BuildScriptNum value="0"/>
        </AIBuilds>
        <AIBuilds index="207">
            <AttributeId value="B207"/>
            <Name value="UI/AIBuild207"/>
            <MenuTooltip value="UI/AIBuild207Tip"/>
            <Enabled value="1"/>
            <Race value="Rand"/>
            <MinDiff value="1"/>
            <MaxDiff value="5"/>
            <BuildScriptNum value="0"/>
        </AIBuilds>
        <AIBuilds index="208">
            <AttributeId value="B208"/>
            <Name value="UI/AIBuild208"/>
            <MenuTooltip value="UI/AIBuild208Tip"/>
            <Enabled value="1"/>
            <Race value="Prot"/>
            <MinDiff value="6"/>
            <MaxDiff value="10"/>
            <BuildScriptNum value="0"/>
        </AIBuilds>
        <AIBuilds index="209">
            <AttributeId value="B209"/>
            <Name value="UI/AIBuild209"/>
            <MenuTooltip value="UI/AIBuild209Tip"/>
            <Enabled value="1"/>
            <Race value="Terr"/>
            <MinDiff value="6"/>
            <MaxDiff value="10"/>
            <BuildScriptNum value="0"/>
        </AIBuilds>
        <AIBuilds index="210">
            <AttributeId value="B210"/>
            <Name value="UI/AIBuild210"/>
            <MenuTooltip value="UI/AIBuild210Tip"/>
            <Enabled value="1"/>
            <Race value="Zerg"/>
            <MinDiff value="6"/>
            <MaxDiff value="10"/>
            <BuildScriptNum value="0"/>
        </AIBuilds>
        <AIBuilds index="211">
            <AttributeId value="B211"/>
            <Name value="UI/AIBuild211"/>
            <MenuTooltip value="UI/AIBuild211Tip"/>
            <Enabled value="1"/>
            <Race value="Rand"/>
            <MinDiff value="6"/>
            <MaxDiff value="10"/>
            <BuildScriptNum value="0"/>
        </AIBuilds>
        <AIBuilds index="212">
            <AttributeId value="B212"/>
            <Name value="UI/AIBuild212"/>
            <MenuTooltip value="UI/AIBuild212Tip"/>
            <Enabled value="1"/>
            <Race value="All"/>
            <MinDiff value="0"/>
            <MaxDiff value="10"/>
            <BuildScriptNum value="0"/>
        </AIBuilds>
        <AIBuilds index="213">
            <AttributeId value="B213"/>
            <Name value="UI/AIBuild213"/>
            <MenuTooltip value="UI/AIBuild213Tip"/>
            <Enabled value="1"/>
            <Race value="All"/>
            <MinDiff value="0"/>
            <MaxDiff value="10"/>
            <BuildScriptNum value="0"/>
        </AIBuilds>
        <AIBuilds index="214">
            <AttributeId value="B214"/>
            <Name value="UI/AIBuild214"/>
            <MenuTooltip value="UI/AIBuild214Tip"/>
            <Enabled value="0"/>
            <Race value="All"/>
            <MinDiff value="0"/>
            <MaxDiff value="10"/>
            <BuildScriptNum value="0"/>
        </AIBuilds>>
        <AIBuilds index="215">
            <AttributeId value="B215"/>
            <Name value="UI/AIBuild215"/>
            <MenuTooltip value="UI/AIBuild215Tip"/>
            <Enabled value="0"/>
            <Race value="All"/>
            <MinDiff value="0"/>
            <MaxDiff value="10"/>
            <BuildScriptNum value="0"/>
        </AIBuilds> -->
    </CGame>
</Catalog>
