<?xml version="1.0" encoding="us-ascii"?>
<Catalog>
    <CItemContainer default="1"/>
    <CItemContainer id="War3Hero">
        <Slots Row="0" Column="0"/>
        <Slots Row="0" Column="1"/>
        <Slots Row="1" Column="0"/>
        <Slots Row="1" Column="1"/>
        <Slots Row="2" Column="0"/>
        <Slots Row="2" Column="1"/>
    </CItemContainer>
    <CItemContainer id="WoWCharacter">
        <ModelWidth value="400"/>
        <ModelHeight value="400"/>
        <Slots Equip="1" Row="0" Column="0">
            <Classes value="Head"/>
        </Slots>
        <Slots Equip="1" Row="1" Column="0">
            <Classes value="Neck"/>
        </Slots>
        <Slots Equip="1" Row="2" Column="0">
            <Classes value="Shoulders"/>
        </Slots>
        <Slots Equip="1" Row="3" Column="0">
            <Classes value="Back"/>
        </Slots>
        <Slots Equip="1" Row="4" Column="0">
            <Classes value="Chest"/>
        </Slots>
        <Slots Equip="1" Row="5" Column="0">
            <Classes value="Shirt"/>
        </Slots>
        <Slots Equip="1" Row="6" Column="0">
            <Classes value="Tabard"/>
        </Slots>
        <Slots Equip="1" Row="7" Column="0">
            <Classes value="Wrist"/>
        </Slots>
        <Slots Equip="1" Row="0" Column="7">
            <Classes value="Hands"/>
        </Slots>
        <Slots Equip="1" Row="1" Column="7">
            <Classes value="Waist"/>
        </Slots>
        <Slots Equip="1" Row="2" Column="7">
            <Classes value="Legs"/>
        </Slots>
        <Slots Equip="1" Row="3" Column="7">
            <Classes value="Feet"/>
        </Slots>
        <Slots Equip="1" Row="4" Column="7">
            <Classes value="Ring"/>
        </Slots>
        <Slots Equip="1" Row="5" Column="7">
            <Classes value="Ring"/>
        </Slots>
        <Slots Equip="1" Row="6" Column="7">
            <Classes value="Trinket"/>
        </Slots>
        <Slots Equip="1" Row="7" Column="7">
            <Classes value="Trinket"/>
        </Slots>
        <Slots Equip="1" Row="7" Column="2">
            <Classes value="Axe"/>
            <Classes value="Dagger"/>
            <Classes value="Fist"/>
            <Classes value="Mace"/>
            <Classes value="Polearm"/>
            <Classes value="Staff"/>
            <Classes value="Sword"/>
        </Slots>
        <Slots Equip="1" Row="7" Column="3">
            <Classes value="Shield"/>
        </Slots>
        <Slots Equip="1" Row="7" Column="4">
            <Classes value="Bow"/>
            <Classes value="Crossbow"/>
            <Classes value="Gun"/>
            <Classes value="Thrown"/>
            <Classes value="Wand"/>
        </Slots>
    </CItemContainer>
    <CItemContainer id="DiabloCharacter">
        <Slots Equip="1" Row="0" Column="2">
            <Classes value="Head"/>
        </Slots>
        <Slots Equip="1" Row="1" Column="1">
            <Classes value="Neck"/>
        </Slots>
        <Slots Equip="1" Row="2" Column="2">
            <Classes value="Chest"/>
        </Slots>
        <Slots Equip="1" Row="2" Column="3">
            <Classes value="Shoulders"/>
        </Slots>
        <Slots Equip="1" Row="3" Column="0">
            <Classes value="Axe"/>
            <Classes value="Dagger"/>
            <Classes value="Fist"/>
            <Classes value="Mace"/>
            <Classes value="Polearm"/>
            <Classes value="Staff"/>
            <Classes value="Sword"/>
            <Classes value="Bow"/>
            <Classes value="Crossbow"/>
            <Classes value="Gun"/>
            <Classes value="Thrown"/>
            <Classes value="Wand"/>
        </Slots>
        <Slots Equip="1" Row="3" Column="1">
            <Classes value="Hands"/>
        </Slots>
        <Slots Equip="1" Row="3" Column="2">
            <Classes value="Waist"/>
        </Slots>
        <Slots Equip="1" Row="3" Column="3">
            <Classes value="Wrist"/>
        </Slots>
        <Slots Equip="1" Row="3" Column="4">
            <Classes value="Shield"/>
        </Slots>
        <Slots Equip="1" Row="4" Column="1">
            <Classes value="Ring"/>
        </Slots>
        <Slots Equip="1" Row="4" Column="2">
            <Classes value="Legs"/>
        </Slots>
        <Slots Equip="1" Row="4" Column="3">
            <Classes value="Ring"/>
        </Slots>
        <Slots Equip="1" Row="5" Column="0">
            <Classes value="Trinket"/>
        </Slots>
        <Slots Equip="1" Row="5" Column="2">
            <Classes value="Feet"/>
        </Slots>
        <Slots Equip="1" Row="5" Column="5">
            <Classes value="Trinket"/>
        </Slots>
    </CItemContainer>
    <CItemContainer id="4SlotBag">
        <Slots Row="0" Column="0"/>
        <Slots Row="0" Column="1"/>
        <Slots Row="0" Column="2"/>
        <Slots Row="0" Column="3"/>
    </CItemContainer>
    <CItemContainer id="6SlotBag">
        <Slots Row="0" Column="2"/>
        <Slots Row="0" Column="3"/>
        <Slots Row="1" Column="0"/>
        <Slots Row="1" Column="1"/>
        <Slots Row="1" Column="2"/>
        <Slots Row="1" Column="3"/>
    </CItemContainer>
    <CItemContainer id="8SlotBag">
        <Slots Row="0" Column="0"/>
        <Slots Row="0" Column="1"/>
        <Slots Row="0" Column="2"/>
        <Slots Row="0" Column="3"/>
        <Slots Row="1" Column="0"/>
        <Slots Row="1" Column="1"/>
        <Slots Row="1" Column="2"/>
        <Slots Row="1" Column="3"/>
    </CItemContainer>
    <CItemContainer id="10SlotBag">
        <Slots Row="0" Column="2"/>
        <Slots Row="0" Column="3"/>
        <Slots Row="1" Column="0"/>
        <Slots Row="1" Column="1"/>
        <Slots Row="1" Column="2"/>
        <Slots Row="1" Column="3"/>
        <Slots Row="2" Column="0"/>
        <Slots Row="2" Column="1"/>
        <Slots Row="2" Column="2"/>
        <Slots Row="2" Column="3"/>
    </CItemContainer>
    <CItemContainer id="12SlotBag">
        <Slots Row="0" Column="0"/>
        <Slots Row="0" Column="1"/>
        <Slots Row="0" Column="2"/>
        <Slots Row="0" Column="3"/>
        <Slots Row="1" Column="0"/>
        <Slots Row="1" Column="1"/>
        <Slots Row="1" Column="2"/>
        <Slots Row="1" Column="3"/>
        <Slots Row="2" Column="0"/>
        <Slots Row="2" Column="1"/>
        <Slots Row="2" Column="2"/>
        <Slots Row="2" Column="3"/>
    </CItemContainer>
    <CItemContainer id="14SlotBag">
        <Slots Row="0" Column="2"/>
        <Slots Row="0" Column="3"/>
        <Slots Row="1" Column="0"/>
        <Slots Row="1" Column="1"/>
        <Slots Row="1" Column="2"/>
        <Slots Row="1" Column="3"/>
        <Slots Row="2" Column="0"/>
        <Slots Row="2" Column="1"/>
        <Slots Row="2" Column="2"/>
        <Slots Row="2" Column="3"/>
        <Slots Row="3" Column="0"/>
        <Slots Row="3" Column="1"/>
        <Slots Row="3" Column="2"/>
        <Slots Row="3" Column="3"/>
    </CItemContainer>
    <CItemContainer id="16SlotBag">
        <Slots Row="0" Column="0"/>
        <Slots Row="0" Column="1"/>
        <Slots Row="0" Column="2"/>
        <Slots Row="0" Column="3"/>
        <Slots Row="1" Column="0"/>
        <Slots Row="1" Column="1"/>
        <Slots Row="1" Column="2"/>
        <Slots Row="1" Column="3"/>
        <Slots Row="2" Column="0"/>
        <Slots Row="2" Column="1"/>
        <Slots Row="2" Column="2"/>
        <Slots Row="2" Column="3"/>
        <Slots Row="3" Column="0"/>
        <Slots Row="3" Column="1"/>
        <Slots Row="3" Column="2"/>
        <Slots Row="3" Column="3"/>
    </CItemContainer>
    <CItemContainer id="18SlotBag">
        <Slots Row="0" Column="2"/>
        <Slots Row="0" Column="3"/>
        <Slots Row="1" Column="0"/>
        <Slots Row="1" Column="1"/>
        <Slots Row="1" Column="2"/>
        <Slots Row="1" Column="3"/>
        <Slots Row="2" Column="0"/>
        <Slots Row="2" Column="1"/>
        <Slots Row="2" Column="2"/>
        <Slots Row="2" Column="3"/>
        <Slots Row="3" Column="0"/>
        <Slots Row="3" Column="1"/>
        <Slots Row="3" Column="2"/>
        <Slots Row="3" Column="3"/>
        <Slots Row="4" Column="0"/>
        <Slots Row="4" Column="1"/>
        <Slots Row="4" Column="2"/>
        <Slots Row="4" Column="3"/>
    </CItemContainer>
    <CItemContainer id="20SlotBag">
        <Slots Row="0" Column="0"/>
        <Slots Row="0" Column="1"/>
        <Slots Row="0" Column="2"/>
        <Slots Row="0" Column="3"/>
        <Slots Row="1" Column="0"/>
        <Slots Row="1" Column="1"/>
        <Slots Row="1" Column="2"/>
        <Slots Row="1" Column="3"/>
        <Slots Row="2" Column="0"/>
        <Slots Row="2" Column="1"/>
        <Slots Row="2" Column="2"/>
        <Slots Row="2" Column="3"/>
        <Slots Row="3" Column="0"/>
        <Slots Row="3" Column="1"/>
        <Slots Row="3" Column="2"/>
        <Slots Row="3" Column="3"/>
        <Slots Row="4" Column="0"/>
        <Slots Row="4" Column="1"/>
        <Slots Row="4" Column="2"/>
        <Slots Row="4" Column="3"/>
    </CItemContainer>
    <CItemContainer id="22SlotBag">
        <Slots Row="0" Column="2"/>
        <Slots Row="0" Column="3"/>
        <Slots Row="1" Column="0"/>
        <Slots Row="1" Column="1"/>
        <Slots Row="1" Column="2"/>
        <Slots Row="1" Column="3"/>
        <Slots Row="2" Column="0"/>
        <Slots Row="2" Column="1"/>
        <Slots Row="2" Column="2"/>
        <Slots Row="2" Column="3"/>
        <Slots Row="3" Column="0"/>
        <Slots Row="3" Column="1"/>
        <Slots Row="3" Column="2"/>
        <Slots Row="3" Column="3"/>
        <Slots Row="4" Column="0"/>
        <Slots Row="4" Column="1"/>
        <Slots Row="4" Column="2"/>
        <Slots Row="4" Column="3"/>
        <Slots Row="5" Column="0"/>
        <Slots Row="5" Column="1"/>
        <Slots Row="5" Column="2"/>
        <Slots Row="5" Column="3"/>
    </CItemContainer>
    <CItemContainer id="24SlotBag">
        <Slots Row="0" Column="0"/>
        <Slots Row="0" Column="1"/>
        <Slots Row="0" Column="2"/>
        <Slots Row="0" Column="3"/>
        <Slots Row="1" Column="0"/>
        <Slots Row="1" Column="1"/>
        <Slots Row="1" Column="2"/>
        <Slots Row="1" Column="3"/>
        <Slots Row="2" Column="0"/>
        <Slots Row="2" Column="1"/>
        <Slots Row="2" Column="2"/>
        <Slots Row="2" Column="3"/>
        <Slots Row="3" Column="0"/>
        <Slots Row="3" Column="1"/>
        <Slots Row="3" Column="2"/>
        <Slots Row="3" Column="3"/>
        <Slots Row="4" Column="0"/>
        <Slots Row="4" Column="1"/>
        <Slots Row="4" Column="2"/>
        <Slots Row="4" Column="3"/>
        <Slots Row="5" Column="0"/>
        <Slots Row="5" Column="1"/>
        <Slots Row="5" Column="2"/>
        <Slots Row="5" Column="3"/>
    </CItemContainer>
    <CItemContainer id="24SlotBank">
        <Slots Row="0" Column="0"/>
        <Slots Row="0" Column="1"/>
        <Slots Row="0" Column="2"/>
        <Slots Row="0" Column="3"/>
        <Slots Row="0" Column="4"/>
        <Slots Row="0" Column="5"/>
        <Slots Row="1" Column="0"/>
        <Slots Row="1" Column="1"/>
        <Slots Row="1" Column="2"/>
        <Slots Row="1" Column="3"/>
        <Slots Row="1" Column="4"/>
        <Slots Row="1" Column="5"/>
        <Slots Row="2" Column="0"/>
        <Slots Row="2" Column="1"/>
        <Slots Row="2" Column="2"/>
        <Slots Row="2" Column="3"/>
        <Slots Row="2" Column="4"/>
        <Slots Row="2" Column="5"/>
        <Slots Row="3" Column="0"/>
        <Slots Row="3" Column="1"/>
        <Slots Row="3" Column="2"/>
        <Slots Row="3" Column="3"/>
        <Slots Row="3" Column="4"/>
        <Slots Row="3" Column="5"/>
    </CItemContainer>
    <CItemContainer id="HeroOnly">
        <ModelWidth value="100"/>
        <ModelHeight value="100"/>
    </CItemContainer>
</Catalog>
