<?xml version="1.0" encoding="us-ascii"?>
<Catalog>
    <CItemClass default="1"/>
    <CItemClass id="Head"/>
    <CItemClass id="Neck"/>
    <CItemClass id="Shoulders"/>
    <CItemClass id="Back"/>
    <CItemClass id="Chest"/>
    <CItemClass id="Wrist"/>
    <CItemClass id="Hands"/>
    <CItemClass id="Waist"/>
    <CItemClass id="Legs"/>
    <CItemClass id="Feet"/>
    <CItemClass id="Shirt"/>
    <CItemClass id="Tabard"/>
    <CItemClass id="Ring"/>
    <CItemClass id="Trinket"/>
    <CItemClass id="Axe"/>
    <CItemClass id="Dagger"/>
    <CItemClass id="Fist"/>
    <CItemClass id="Mace"/>
    <CItemClass id="Polearm"/>
    <CItemClass id="Staff"/>
    <CItemClass id="Sword"/>
    <CItemClass id="Bow"/>
    <CItemClass id="Crossbow"/>
    <CItemClass id="Gun"/>
    <CItemClass id="Thrown"/>
    <CItemClass id="Wand"/>
    <CItemClass id="Shield"/>
    <CItemClass id="Relic"/>
    <CItemClass id="Ammo"/>
    <CItemClass id="Potion"/>
    <CItemClass id="Scroll"/>
    <CItemClass id="Bag"/>
</Catalog>
