<?xml version="1.0" encoding="us-ascii"?>
<Catalog>
    <CPremiumMap id="ARKStar">
        <ProductId value="35755"/>
        <LicenseId value="27856"/>
        <Price value="5"/>
        <ScreenShotImageArray value="Assets/Textures/ui_battlenet_glues_premiummaps_arkstar_promotionalscreenshots_01.dds"/>
        <ScreenShotImageArray value="Assets/Textures/ui_battlenet_glues_premiummaps_arkstar_promotionalscreenshots_02.dds"/>
        <ScreenShotImageArray value="Assets/Textures/ui_battlenet_glues_premiummaps_arkstar_promotionalscreenshots_03.dds"/>
        <ScreenShotImageThumbnailArray value="Assets/Textures/ui_battlenet_glues_premiummaps_arkstar_promotionalscreenshots_thumb_01.dds"/>
        <ScreenShotImageThumbnailArray value="Assets/Textures/ui_battlenet_glues_premiummaps_arkstar_promotionalscreenshots_thumb_02.dds"/>
        <ScreenShotImageThumbnailArray value="Assets/Textures/ui_battlenet_glues_premiummaps_arkstar_promotionalscreenshots_thumb_03.dds"/>
        <ScreenShotDescriptionArray value="UI/PremiumMaps/ARKStar/ScreenshotDescription1"/>
        <ScreenShotDescriptionArray value="UI/PremiumMaps/ARKStar/ScreenshotDescription2"/>
        <ScreenShotDescriptionArray value="UI/PremiumMaps/ARKStar/ScreenshotDescription3"/>
        <Movie value="Assets/Textures/Video_PremiumArcade_Preview_ARKStar.ogv"/>
        <MoviePreviewImage value="Assets/Textures/ui_battlenet_glues_premiummaps_arkstar_moviepreviewimage.dds"/>
        <MovieImageThumbnail value="Assets/Textures/ui_battlenet_glues_premiummaps_arkstar_moviepreviewimage_thumb.dds"/>
        <MovieDescription value="UI/PremiumMaps/ARKStar/MovieDescription"/>
        <Description value="UI/PremiumMaps/ARKStar/LongDescription"/>
        <Title value="UI/PremiumMaps/ARKStar/Title"/>
        <PayToPlay value="1"/>
        <ShortDescription value="UI/PremiumMaps/ARKStar/ShortDescription"/>
        <LanguageWarning value="UI/PremiumMaps/ARKStar/LanguageWarning"/>
        <CustomFeaturedDescription value="UI/PremiumMaps/ARKStar/CustomFeaturedDescription"/>
    </CPremiumMap>
    <CPremiumMap id="DirectStrike">
        <ProductId value="35770"/>
        <LicenseId value="27827"/>
        <Price value="5"/>
        <ScreenShotImageArray value="Assets/Textures/ui_battlenet_glues_premiummaps_directstrike_promotionalscreenshots_01.dds"/>
        <ScreenShotImageArray value="Assets/Textures/ui_battlenet_glues_premiummaps_directstrike_promotionalscreenshots_02.dds"/>
        <ScreenShotImageArray value="Assets/Textures/ui_battlenet_glues_premiummaps_directstrike_promotionalscreenshots_03.dds"/>
        <ScreenShotImageThumbnailArray value="Assets/Textures/ui_battlenet_glues_premiummaps_directstrike_promotionalscreenshots_thumb_01.dds"/>
        <ScreenShotImageThumbnailArray value="Assets/Textures/ui_battlenet_glues_premiummaps_directstrike_promotionalscreenshots_thumb_02.dds"/>
        <ScreenShotImageThumbnailArray value="Assets/Textures/ui_battlenet_glues_premiummaps_directstrike_promotionalscreenshots_thumb_03.dds"/>
        <ScreenShotDescriptionArray value="UI/PremiumMaps/DirectStrike/ScreenshotDescription1"/>
        <ScreenShotDescriptionArray value="UI/PremiumMaps/DirectStrike/ScreenshotDescription2"/>
        <ScreenShotDescriptionArray value="UI/PremiumMaps/DirectStrike/ScreenshotDescription3"/>
        <Movie value="Assets/Textures/Video_PremiumArcade_Preview_DirectStrike.ogv"/>
        <MoviePreviewImage value="Assets/Textures/ui_battlenet_glues_premiummaps_directstrike_moviepreviewimage.dds"/>
        <MovieImageThumbnail value="Assets/Textures/ui_battlenet_glues_premiummaps_directstrike_moviepreviewimage_thumb.dds"/>
        <MovieDescription value="UI/PremiumMaps/DirectStrike/MovieDescription"/>
        <Description value="UI/PremiumMaps/DirectStrike/LongDescription"/>
        <Title value="UI/PremiumMaps/DirectStrike/Title"/>
        <PayToPlay value="0"/>
        <ShortDescription value="UI/PremiumMaps/DirectStrike/ShortDescription"/>
        <LanguageWarning value="UI/PremiumMaps/DirectStrike/LanguageWarning"/>
        <CustomFeaturedDescription value="UI/PremiumMaps/DirectStrike/CustomFeaturedDescription"/>
    </CPremiumMap>
</Catalog>
