<?xml version="1.0" encoding="utf-8"?>
<Catalog>
    <CRace id="Terr">
        <AttributeId value="Terr"/>
        <ExpansionOrder value="1"/>
        <StartingResource index="Minerals" value="50"/>
        <Flags index="Selectable" value="1"/>
        <Flags index="TrialAllowed" value="1"/>
        <StartingUnitArray Unit="CommandCenter">
            <Flags index="ResourceSetRally" value="1"/>
        </StartingUnitArray>
        <StartingUnitArray Count="6" Unit="SCV">
            <Flags index="ResourceRally" value="1"/>
            <Offset value="0,-3"/>
            <Offset value="1,-3"/>
            <Offset value="2,-3"/>
            <Offset value="3,-3"/>
            <Offset value="3,-2"/>
            <Offset value="3,-1"/>
            <Offset value="3,0"/>
            <Offset value="3,1"/>
            <Offset value="3,2"/>
            <Offset value="3,3"/>
            <Offset value="2,3"/>
            <Offset value="1,3"/>
            <Offset value="0,3"/>
            <Offset value="-1,3"/>
            <Offset value="-2,3"/>
            <Offset value="-3,3"/>
            <Offset value="-3,2"/>
            <Offset value="-3,1"/>
            <Offset value="-3,0"/>
            <Offset value="-3,-1"/>
            <Offset value="-3,-2"/>
            <Offset value="-3,-3"/>
            <Offset value="-2,-3"/>
            <Offset value="-1,-3"/>
        </StartingUnitArray>
        <GlossaryTeamColorIndex value="1"/>
        <MiniMapBorderColor value="100,40,172,68"/>
        <PlacementGridColorBlindColor value="255,90,255,133"/>
        <VictorySound value="UI_MissionComplete"/>
        <DefeatSound value="UI_MissionFailed"/>
        <LevelAchievementId value="91475320767753"/>
    </CRace>
    <CRace id="Prot">
        <AttributeId value="Prot"/>
        <ExpansionOrder value="3"/>
        <StartingResource index="Minerals" value="50"/>
        <Flags index="Selectable" value="1"/>
        <Flags index="TrialAllowed" value="1"/>
        <StartingUnitArray Unit="Nexus">
            <Flags index="ResourceSetRally" value="1"/>
        </StartingUnitArray>
        <StartingUnitArray Count="6" Unit="Probe">
            <Flags index="ResourceRally" value="1"/>
            <Offset value="0,-3"/>
            <Offset value="1,-3"/>
            <Offset value="2,-3"/>
            <Offset value="3,-3"/>
            <Offset value="3,-2"/>
            <Offset value="3,-1"/>
            <Offset value="3,0"/>
            <Offset value="3,1"/>
            <Offset value="3,2"/>
            <Offset value="3,3"/>
            <Offset value="2,3"/>
            <Offset value="1,3"/>
            <Offset value="0,3"/>
            <Offset value="-1,3"/>
            <Offset value="-2,3"/>
            <Offset value="-3,3"/>
            <Offset value="-3,2"/>
            <Offset value="-3,1"/>
            <Offset value="-3,0"/>
            <Offset value="-3,-1"/>
            <Offset value="-3,-2"/>
            <Offset value="-3,-3"/>
            <Offset value="-2,-3"/>
            <Offset value="-1,-3"/>
        </StartingUnitArray>
        <GlossaryTeamColorIndex value="2"/>
        <MiniMapBorderColor value="100,12,149,250"/>
        <PlacementGridColorBlindColor value="255,72,140,255"/>
        <VictorySound value="UI_MissionComplete"/>
        <DefeatSound value="UI_MissionFailed"/>
        <LevelAchievementId value="91475320767755"/>
    </CRace>
    <CRace id="Zerg">
        <AttributeId value="Zerg"/>
        <ExpansionOrder value="2"/>
        <StartingResource index="Minerals" value="50"/>
        <Flags index="Selectable" value="1"/>
        <Flags index="TrialAllowed" value="1"/>
        <StartingUnitArray Unit="Hatchery">
            <Flags index="ResourceSetRally" value="1"/>
        </StartingUnitArray>
        <StartingUnitArray Count="6" Unit="Drone">
            <Flags index="ResourceRally" value="1"/>
            <Offset value="0,-3"/>
            <Offset value="1,-3"/>
            <Offset value="2,-3"/>
            <Offset value="3,-3"/>
            <Offset value="3,-2"/>
            <Offset value="3,-1"/>
            <Offset value="3,0"/>
            <Offset value="3,1"/>
            <Offset value="3,2"/>
            <Offset value="3,3"/>
            <Offset value="2,3"/>
            <Offset value="1,3"/>
            <Offset value="0,3"/>
            <Offset value="-1,3"/>
            <Offset value="-2,3"/>
            <Offset value="-3,3"/>
            <Offset value="-3,2"/>
            <Offset value="-3,1"/>
            <Offset value="-3,0"/>
            <Offset value="-3,-1"/>
            <Offset value="-3,-2"/>
            <Offset value="-3,-3"/>
            <Offset value="-2,-3"/>
            <Offset value="-1,-3"/>
        </StartingUnitArray>
        <StartingUnitArray Unit="Overlord">
            <Offset value="0,-3"/>
            <Offset value="1,-3"/>
            <Offset value="2,-3"/>
            <Offset value="3,-3"/>
            <Offset value="3,-2"/>
            <Offset value="3,-1"/>
            <Offset value="3,0"/>
            <Offset value="3,1"/>
            <Offset value="3,2"/>
            <Offset value="3,3"/>
            <Offset value="2,3"/>
            <Offset value="1,3"/>
            <Offset value="0,3"/>
            <Offset value="-1,3"/>
            <Offset value="-2,3"/>
            <Offset value="-3,3"/>
            <Offset value="-3,2"/>
            <Offset value="-3,1"/>
            <Offset value="-3,0"/>
            <Offset value="-3,-1"/>
            <Offset value="-3,-2"/>
            <Offset value="-3,-3"/>
            <Offset value="-2,-3"/>
            <Offset value="-1,-3"/>
        </StartingUnitArray>
        <GlossaryTeamColorIndex value="4"/>
        <MiniMapBorderColor value="100,245,140,70"/>
        <PlacementGridColorBlindColor value="255,192,80,192"/>
        <VictorySound value="UI_MissionComplete"/>
        <DefeatSound value="UI_MissionFailed"/>
        <LevelAchievementId value="91475320767751"/>
    </CRace>
</Catalog>
