<?xml version="1.0" encoding="us-ascii"?>
<Catalog>
    <CRequirement id="HaveGhostAlternate">
        <NodeArray index="Show" Link="CountUpgradeGhostAlternateCompleteOnly"/>
    </CRequirement>
    <CRequirement id="HaveGhostJunker">
        <NodeArray index="Show" Link="CountUpgradeGhostSkinJunkerCompleteOnly"/>
    </CRequirement>
    <CRequirement id="GhostHoldingFire">
        <EditorCategories value="Race:Terran,TechType:Ability"/>
        <NodeArray index="Show" Link="CountBehaviorGhostHoldFireBCompleteOnlyAtUnit"/>
    </CRequirement>
    <CRequirement id="GhostNotHoldingFire">
        <EditorCategories value="Race:Terran,TechType:Ability"/>
        <NodeArray index="Show" Link="NotCountBehaviorGhostHoldFireBCompleteOnlyAtUnit"/>
    </CRequirement>
    <CRequirement id="HatcherySpawnLarva">
        <EditorCategories value="Race:Zerg,TechType:Unit"/>
        <NodeArray index="Show" Link="LTCountUnitLarvaCompleteOnlyAtUnit3"/>
    </CRequirement>
    <CRequirement id="HatcherySpawnMutantLarva">
        <EditorCategories value="Race:Zerg,TechType:Unit"/>
        <NodeArray index="Show" Link="GTCountBehaviorQueenSpawnLarvaCompleteOnlyAtUnit0"/>
    </CRequirement>
    <CRequirement id="HaveMetabolicBoost">
        <EditorCategories value="Race:Zerg,TechType:Upgrade"/>
        <NodeArray index="Use" Link="CountUpgradezerglingmovementspeedCompleteOnlyTechTreeCheat"/>
    </CRequirement>
    <CRequirement id="HaveSnowVisualMP">
        <EditorCategories value="Race:Protoss,TechType:Ability"/>
        <NodeArray index="Show" Link="CountUpgradeSnowVisualMPCompleteOnly"/>
    </CRequirement>
    <CRequirement id="HaveWeaponRefit">
        <EditorCategories value="Race:Terran,TechType:Upgrade"/>
        <NodeArray index="Use" Link="CountUpgradeBattlecruiserEnableSpecializationsCompleteOnlyTechTreeCheat"/>
    </CRequirement>
    <CRequirement id="HaveOrganicCarapace">
        <EditorCategories value="Race:Zerg,TechType:Upgrade"/>
        <NodeArray index="Use" Link="CountUpgradeTunnelingClawsCompleteOnlyTechTreeCheat"/>
    </CRequirement>
    <CRequirement id="HaveCentrificalHooks">
        <EditorCategories value="Race:Zerg,TechType:Upgrade"/>
        <NodeArray index="Use" Link="CountUpgradeCentrificalHooksCompleteOnlyTechTreeCheat"/>
    </CRequirement>
    <CRequirement id="JumboBunkerNotResearched">
        <NodeArray index="Use" Link="NotCountUpgradeNeosteelFrameCompleteOnly"/>
        <EditorCategories value="Race:Terran"/>
    </CRequirement>
    <CRequirement id="LearnBattlecruiserEnergyUpgrade">
        <EditorCategories value="Race:Terran,TechType:Upgrade"/>
        <NodeArray index="Show" Link="NotCountUpgradeBattlecruiserBehemothReactorQueuedOrBetter"/>
    </CRequirement>
    <CRequirement id="LearnObverseIncubation">
        <EditorCategories value="Race:Zerg,TechType:Upgrade"/>
        <NodeArray index="Use" Link="Or1515591279CountUnitHiveCompleteOnlyTechTreeCheatCountUnitLairCompleteOnlyTechTreeCheat"/>
        <NodeArray index="Show" Link="NotCountUpgradeObverseIncubationQueuedOrBetter"/>
    </CRequirement>
    <CRequirement id="LearnTunnelingClaws">
        <EditorCategories value="Race:Zerg,TechType:Upgrade"/>
        <NodeArray index="Use" Link="Or1515591279CountUnitLairCompleteOnlyTechTreeCheatCountUnitHiveCompleteOnlyTechTreeCheat"/>
        <NodeArray index="Show" Link="NotCountUpgradeTunnelingClawsQueuedOrBetter"/>
    </CRequirement>
    <CRequirement id="LearnPunisherGrenades">
        <EditorCategories value="Race:Zerg,TechType:Upgrade"/>
        <NodeArray index="Show" Link="NotCountUpgradePunisherGrenadesQueuedOrBetter"/>
    </CRequirement>
    <CRequirement id="LearnInfestorEnergyUpgrade">
        <EditorCategories value="Race:Zerg,TechType:Upgrade"/>
        <NodeArray index="Show" Link="NotCountUpgradeInfestorEnergyUpgradeQueuedOrBetter"/>
    </CRequirement>
    <CRequirement id="LearnMedivacEnergyUpgrade">
        <EditorCategories value="Race:Terran,TechType:Upgrade"/>
        <NodeArray index="Show" Link="NotCountUpgradeMedivacCaduceusReactorQueuedOrBetter"/>
    </CRequirement>
    <CRequirement id="LearnBattlecruiserSpecializations">
        <EditorCategories value="Race:Terran,TechType:Upgrade"/>
        <NodeArray index="Show" Link="NotCountUpgradeBattlecruiserEnableSpecializationsQueuedOrBetter"/>
    </CRequirement>
    <CRequirement id="LearnRavenEnergyUpgrade">
        <EditorCategories value="Race:Terran,TechType:Upgrade"/>
        <NodeArray index="Show" Link="NotCountUpgradeRavenCorvidReactorQueuedOrBetter"/>
    </CRequirement>
    <CRequirement id="LearnGhostEnergyUpgrade">
        <EditorCategories value="Race:Terran,TechType:Upgrade"/>
        <NodeArray index="Show" Link="NotCountUpgradeGhostMoebiusReactorQueuedOrBetter"/>
    </CRequirement>
    <CRequirement id="LearnVoidRaySpeedUpgrade">
        <EditorCategories value="Race:Protoss,TechType:Upgrade"/>
        <NodeArray index="Show" Link="NotCountUpgradeVoidRaySpeedUpgradeQueuedOrBetter"/>
    </CRequirement>
    <CRequirement id="LearnHunterSeekerMissiles">
        <EditorCategories value="Race:Terran"/>
        <NodeArray index="Use" Link="CountUnitFusionCoreCompleteOnlyTechTreeCheat"/>
        <NodeArray index="Show" Link="NotCountUpgradeHunterSeekerQueuedOrBetter"/>
    </CRequirement>
    <CRequirement id="LearnInfestorBurrow">
        <EditorCategories value="Race:Zerg,TechType:Upgrade"/>
        <NodeArray index="Show" Link="NotCountUpgradeInfestorPeristalsisQueuedOrBetter"/>
    </CRequirement>
    <CRequirement id="LearnNeosteelFrame">
        <EditorCategories value="Race:Terran,TechType:Ability"/>
        <NodeArray index="Show" Link="NotCountUpgradeNeosteelFrameQueuedOrBetter"/>
    </CRequirement>
    <CRequirement id="LearnDurableMaterials">
        <EditorCategories value="Race:Terran,TechType:Upgrade"/>
        <NodeArray index="Show" Link="NotCountUpgradeDurableMaterialsQueuedOrBetter"/>
    </CRequirement>
    <CRequirement id="LearnVikingMissileUpgrade">
        <EditorCategories value="Race:Terran,TechType:Ability"/>
        <NodeArray index="Show" Link="NotCountUpgradeVikingJotunBoostersQueuedOrBetter"/>
    </CRequirement>
    <CRequirement id="LearnInterceptorLaunchSpeedUpgrade">
        <EditorCategories value="Race:Protoss,TechType:Upgrade"/>
        <NodeArray index="Show" Link="NotCountUpgradeCarrierLaunchSpeedUpgradeQueuedOrBetter"/>
    </CRequirement>
    <CRequirement id="NotUnderConstruction">
        <EditorCategories value="Race:Neutral,TechType:Unit"/>
        <NodeArray index="Use" Link="Not1225867992CountBehaviorUnderConstructionCompleteOnlyAtUnit"/>
    </CRequirement>
    <CRequirement id="PlayerHasTunnelingClaws">
        <EditorCategories value="Race:Zerg,TechType:Upgrade"/>
        <NodeArray index="Show" Link="CountUpgradeTunnelingClawsCompleteOnlyTechTreeCheat"/>
    </CRequirement>
    <CRequirement id="UseBattlecruiserSpecializations">
        <EditorCategories value="Race:Terran,TechType:Unit"/>
        <NodeArray index="Use" Link="CountUpgradeBattlecruiserEnableSpecializationsCompleteOnly3622066930TechTreeCheat"/>
    </CRequirement>
    <CRequirement id="UseGravitonCatapult">
        <NodeArray index="Use" Link="CountUpgradeCarrierLaunchSpeedUpgradeCompleteOnly545093725"/>
    </CRequirement>
    <CRequirement id="UseHighCapacityBarrels">
        <EditorCategories value="Race:Terran,TechType:Upgrade"/>
        <NodeArray index="Use" Link="CountUpgradeHighCapacityBarrelsCompleteOnlyTechTreeCheat"/>
    </CRequirement>
    <CRequirement id="UseObverseIncubation">
        <EditorCategories value="Race:Zerg,TechType:Upgrade"/>
        <NodeArray index="Use" Link="And3124702931CountUnitSpawningPoolCompleteOnlyTechTreeCheatCountUpgradeObverseIncubationCompleteOnlyTechTreeCheat"/>
        <NodeArray index="Show" Link="CountUpgradeObverseIncubationCompleteOnlyTechTreeCheat"/>
    </CRequirement>
    <CRequirement id="UsePunisherGrenades">
        <EditorCategories value="Race:Zerg,TechType:Upgrade"/>
        <NodeArray index="Use" Link="CountUpgradePunisherGrenadesCompleteOnly679349TechTreeCheat"/>
    </CRequirement>
    <CRequirement id="UseHunterSeekerMissiles">
        <EditorCategories value="Race:Protoss,TechType:Ability"/>
        <NodeArray index="Use" Link="CountUpgradeHunterSeekerCompleteOnly3785489870TechTreeCheat"/>
    </CRequirement>
    <CRequirement id="UseReaperSpeed">
        <EditorCategories value="Race:Terran,TechType:Upgrade"/>
        <NodeArray index="Use" Link="CountUpgradeReaperSpeedCompleteOnly1852580877TechTreeCheat"/>
    </CRequirement>
    <CRequirement id="UseSwarmInfestation">
        <EditorCategories value="Race:Zerg,TechType:Ability"/>
        <NodeArray index="Use" Link="CountUpgradeSwarmInfestationTechCompleteOnlyTechTreeCheat"/>
    </CRequirement>
    <CRequirement id="HaveAttachedBarrTechLabAndShadowOps">
        <NodeArray index="Use" Link="AndCountUnitBarracksTechLabCompleteOnlyAtUnit2589852481TechTreeCheatCountUnitGhostAcademyCompleteOnlyTechTreeCheat"/>
        <EditorCategories value="Race:Terran,TechType:Unit"/>
    </CRequirement>
    <CRequirement id="LearnTerranDefenseRangeBonus">
        <EditorCategories value="Race:Terran,TechType:Upgrade"/>
        <NodeArray index="Show" Link="EqCountUpgradeHiSecAutoTrackingQueuedOrBetter0"/>
    </CRequirement>
    <CRequirement id="LearnTerranBuildingArmor">
        <EditorCategories value="Race:Terran,TechType:Upgrade"/>
        <NodeArray index="Show" Link="EqCountUpgradeTerranBuildingArmorQueuedOrBetter0"/>
    </CRequirement>
    <CRequirement id="HaveNexus">
        <EditorCategories value="Race:Protoss,TechType:Unit"/>
        <NodeArray index="Use" Link="CountUnitNexusCompleteOnlyTechTreeCheat"/>
    </CRequirement>
    <CRequirement id="HaveGateway">
        <EditorCategories value="Race:Protoss,TechType:Unit"/>
        <NodeArray index="Use" Link="CountUnitAlias_GatewayCompleteOnly4260347518TechTreeCheat"/>
    </CRequirement>
    <CRequirement id="HaveForge">
        <EditorCategories value="Race:Protoss,TechType:Unit"/>
        <NodeArray index="Use" Link="CountUnitForgeCompleteOnlyTechTreeCheat"/>
    </CRequirement>
    <CRequirement id="HaveTwilightCouncil">
        <EditorCategories value="Race:Protoss,TechType:Unit"/>
        <NodeArray index="Use" Link="CountUnitTwilightCouncilCompleteOnlyTechTreeCheat"/>
    </CRequirement>
    <CRequirement id="HaveRoboticsBay">
        <EditorCategories value="Race:Protoss,TechType:Unit"/>
        <NodeArray index="Use" Link="CountUnitRoboticsBayCompleteOnlyTechTreeCheat"/>
    </CRequirement>
    <CRequirement id="HaveCyberneticsCore">
        <EditorCategories value="Race:Protoss,TechType:Unit"/>
        <NodeArray index="Use" Link="CountUnitCyberneticsCoreCompleteOnlyTechTreeCheat"/>
    </CRequirement>
    <CRequirement id="HaveRoboticsFa">
        <EditorCategories value="Race:Protoss,TechType:Unit"/>
        <NodeArray index="Use" Link="CountUnitRoboticsFacilityCompleteOnlyTechTreeCheat"/>
    </CRequirement>
    <CRequirement id="HaveStargate">
        <EditorCategories value="Race:Protoss,TechType:Unit"/>
        <NodeArray index="Use" Link="CountUnitStargateCompleteOnlyTechTreeCheat"/>
    </CRequirement>
    <CRequirement id="HaveFleetBeacon">
        <EditorCategories value="Race:Protoss,TechType:Unit"/>
        <NodeArray index="Use" Link="CountUnitFleetBeaconCompleteOnlyTechTreeCheat"/>
    </CRequirement>
    <CRequirement id="HaveTemplarArchives">
        <EditorCategories value="Race:Protoss,TechType:Unit"/>
        <NodeArray index="Use" Link="CountUnitTemplarArchiveCompleteOnlyTechTreeCheat"/>
    </CRequirement>
    <CRequirement id="HaveDarkShrine">
        <EditorCategories value="Race:Protoss,TechType:Unit"/>
        <NodeArray index="Use" Link="CountUnitDarkShrineCompleteOnlyTechTreeCheat"/>
    </CRequirement>
    <CRequirement id="UseCharge">
        <EditorCategories value="Race:Protoss,TechType:Upgrade"/>
        <NodeArray index="Use" Link="CountUpgradeChargeCompleteOnly137519211TechTreeCheat"/>
    </CRequirement>
    <CRequirement id="LearnCharge">
        <EditorCategories value="Race:Protoss,TechType:Upgrade"/>
        <NodeArray index="Show" Link="NotCountUpgradeChargeQueuedOrBetter"/>
    </CRequirement>
    <CRequirement id="UsePsiStorm">
        <EditorCategories value="Race:Protoss,TechType:Ability"/>
        <NodeArray index="Use" Link="CountUpgradePsiStormTechCompleteOnly3263798822TechTreeCheat"/>
    </CRequirement>
    <CRequirement id="UseHallucination">
        <EditorCategories value="Race:Protoss,TechType:Ability"/>
        <NodeArray index="Use" Link="CountUpgradehaltechCompleteOnly2084212084TechTreeCheat"/>
    </CRequirement>
    <CRequirement id="ArmInterceptor">
        <EditorCategories value="Race:Protoss,TechType:Unit"/>
        <NodeArray index="Use" Link="LT2210218377CountUnitInterceptorQueuedOrBetterAtUnit8"/>
    </CRequirement>
    <CRequirement id="ArmBroodlingEscort">
        <EditorCategories value="Race:Protoss,TechType:Unit"/>
        <NodeArray index="Use" Link="LTCountUnitBroodlingEscortQueuedOrBetterAtUnit2"/>
    </CRequirement>
    <CRequirement id="LearnHighTemplarEnergyUpgrade">
        <EditorCategories value="Race:Protoss,TechType:Upgrade"/>
        <NodeArray index="Show" Link="NotCountUpgradeHighTemplarKhaydarinAmuletQueuedOrBetter"/>
    </CRequirement>
    <CRequirement id="LearnPsiStorm">
        <EditorCategories value="Race:Protoss,TechType:Ability"/>
        <NodeArray index="Show" Link="NotCountUpgradePsiStormTechQueuedOrBetter"/>
    </CRequirement>
    <CRequirement id="LearnHallucination">
        <EditorCategories value="Race:Protoss,TechType:Ability"/>
        <NodeArray index="Show" Link="NotCountUpgradehaltechQueuedOrBetter"/>
    </CRequirement>
    <CRequirement id="LearnGraviticDrive">
        <EditorCategories value="Race:Protoss,TechType:Upgrade"/>
        <NodeArray index="Show" Link="NotCountUpgradeGraviticDriveQueuedOrBetter"/>
    </CRequirement>
    <CRequirement id="LearnGraviticBooster">
        <EditorCategories value="Race:Protoss,TechType:Upgrade"/>
        <NodeArray index="Show" Link="AndNotCountUpgradeObserverGraviticBoosterQueuedOrBetterAllowUnitObserver"/>
    </CRequirement>
    <CRequirement id="LearnTerranInfantryArmor1">
        <EditorCategories value="Race:Terran,TechType:Upgrade"/>
        <NodeArray index="Show" Link="EqCountUpgradeTerranInfantryArmorsLevel1QueuedOrBetter0"/>
    </CRequirement>
    <CRequirement id="LearnTerranInfantryArmor2">
        <EditorCategories value="Race:Terran,TechType:Upgrade"/>
        <NodeArray index="Use" Link="AndEq3446134918CountUpgradeTerranInfantryArmorsLevel1CompleteOnly1CountUnitArmoryCompleteOnlyTechTreeCheat"/>
        <NodeArray index="Show" Link="EqCountUpgradeTerranInfantryArmorsLevel2QueuedOrBetter0"/>
    </CRequirement>
    <CRequirement id="LearnTerranInfantryArmor3">
        <EditorCategories value="Race:Terran,TechType:Upgrade"/>
        <NodeArray index="Use" Link="AndEq3722837715CountUpgradeTerranInfantryArmorsLevel2CompleteOnly1CountUnitArmoryCompleteOnlyTechTreeCheat"/>
        <NodeArray index="Show" Link="EqCountUpgradeTerranInfantryArmorsLevel3QueuedOrBetter0"/>
    </CRequirement>
    <CRequirement id="LearnTerranInfantryWeapon1">
        <EditorCategories value="Race:Terran,TechType:Upgrade"/>
        <NodeArray index="Show" Link="EqCountUpgradeTerranInfantryWeaponsLevel1QueuedOrBetter0"/>
    </CRequirement>
    <CRequirement id="LearnTerranInfantryWeapon2">
        <EditorCategories value="Race:Terran,TechType:Upgrade"/>
        <NodeArray index="Use" Link="AndEq1429793488CountUpgradeTerranInfantryWeaponsLevel1CompleteOnly1CountUnitArmoryCompleteOnlyTechTreeCheat"/>
        <NodeArray index="Show" Link="EqCountUpgradeTerranInfantryWeaponsLevel2QueuedOrBetter0"/>
    </CRequirement>
    <CRequirement id="LearnTerranInfantryWeapon3">
        <EditorCategories value="Race:Terran,TechType:Upgrade"/>
        <NodeArray index="Use" Link="AndEq3342497887CountUpgradeTerranInfantryWeaponsLevel2CompleteOnly1CountUnitArmoryCompleteOnlyTechTreeCheat"/>
        <NodeArray index="Show" Link="EqCountUpgradeTerranInfantryWeaponsLevel3QueuedOrBetter0"/>
    </CRequirement>
    <CRequirement id="LearnTerranVehicleArmor1">
        <EditorCategories value="Race:Terran,TechType:Upgrade"/>
        <NodeArray index="Show" Link="EqCountUpgradeTerranVehicleArmorsLevel1QueuedOrBetter0"/>
    </CRequirement>
    <CRequirement id="LearnTerranVehicleArmor2">
        <EditorCategories value="Race:Terran,TechType:Upgrade"/>
        <NodeArray index="Use" Link="AndEq1121594928CountUpgradeTerranVehicleArmorsLevel1CompleteOnly1"/>
        <NodeArray index="Show" Link="EqCountUpgradeTerranVehicleArmorsLevel2QueuedOrBetter0"/>
    </CRequirement>
    <CRequirement id="LearnTerranVehicleArmor3">
        <EditorCategories value="Race:Terran,TechType:Upgrade"/>
        <NodeArray index="Use" Link="AndEq2517918925CountUpgradeTerranVehicleArmorsLevel2CompleteOnly1"/>
        <NodeArray index="Show" Link="EqCountUpgradeTerranVehicleArmorsLevel3QueuedOrBetter0"/>
    </CRequirement>
    <CRequirement id="LearnTerranVehicleWeapon1">
        <EditorCategories value="Race:Terran,TechType:Upgrade"/>
        <NodeArray index="Show" Link="EqCountUpgradeTerranVehicleWeaponsLevel1QueuedOrBetter0"/>
    </CRequirement>
    <CRequirement id="LearnTerranVehicleWeapon2">
        <EditorCategories value="Race:Terran,TechType:Upgrade"/>
        <NodeArray index="Use" Link="AndEq1834932227CountUpgradeTerranVehicleWeaponsLevel1CompleteOnly1"/>
        <NodeArray index="Show" Link="EqCountUpgradeTerranVehicleWeaponsLevel2QueuedOrBetter0"/>
    </CRequirement>
    <CRequirement id="LearnTerranVehicleWeapon3">
        <EditorCategories value="Race:Terran,TechType:Upgrade"/>
        <NodeArray index="Use" Link="AndEq894233239CountUpgradeTerranVehicleWeaponsLevel2CompleteOnly1"/>
        <NodeArray index="Show" Link="EqCountUpgradeTerranVehicleWeaponsLevel3QueuedOrBetter0"/>
    </CRequirement>
    <CRequirement id="LearnTerranShipArmor1">
        <EditorCategories value="Race:Terran,TechType:Upgrade"/>
        <NodeArray index="Show" Link="EqCountUpgradeTerranShipArmorsLevel1QueuedOrBetter0"/>
    </CRequirement>
    <CRequirement id="LearnTerranShipArmor2">
        <EditorCategories value="Race:Terran,TechType:Upgrade"/>
        <NodeArray index="Use" Link="AndEq3052852033CountUpgradeTerranShipArmorsLevel1CompleteOnly1"/>
        <NodeArray index="Show" Link="EqCountUpgradeTerranShipArmorsLevel2QueuedOrBetter0"/>
    </CRequirement>
    <CRequirement id="LearnTerranShipArmor3">
        <EditorCategories value="Race:Terran,TechType:Upgrade"/>
        <NodeArray index="Use" Link="AndEq1864353859CountUpgradeTerranShipArmorsLevel2CompleteOnly1"/>
        <NodeArray index="Show" Link="EqCountUpgradeTerranShipArmorsLevel3QueuedOrBetter0"/>
    </CRequirement>
    <CRequirement id="LearnTerranShipWeapon1">
        <EditorCategories value="Race:Terran,TechType:Upgrade"/>
        <NodeArray index="Show" Link="EqCountUpgradeTerranShipWeaponsLevel1QueuedOrBetter0"/>
    </CRequirement>
    <CRequirement id="LearnTerranShipWeapon2">
        <EditorCategories value="Race:Terran,TechType:Upgrade"/>
        <NodeArray index="Use" Link="AndEq285961020CountUpgradeTerranShipWeaponsLevel1CompleteOnly1"/>
        <NodeArray index="Show" Link="EqCountUpgradeTerranShipWeaponsLevel2QueuedOrBetter0"/>
    </CRequirement>
    <CRequirement id="LearnTerranShipWeapon3">
        <EditorCategories value="Race:Terran,TechType:Upgrade"/>
        <NodeArray index="Use" Link="AndEq1004646809CountUpgradeTerranShipWeaponsLevel2CompleteOnly1"/>
        <NodeArray index="Show" Link="EqCountUpgradeTerranShipWeaponsLevel3QueuedOrBetter0"/>
    </CRequirement>
    <CRequirement id="LearnProtossGroundWeapon1">
        <EditorCategories value="Race:Protoss,TechType:Upgrade"/>
        <NodeArray index="Show" Link="EqCountUpgradeProtossGroundWeaponsLevel1QueuedOrBetter0"/>
    </CRequirement>
    <CRequirement id="LearnProtossGroundWeapon2">
        <EditorCategories value="Race:Protoss,TechType:Upgrade"/>
        <NodeArray index="Use" Link="AndEq1740904084CountUpgradeProtossGroundWeaponsLevel1CompleteOnly1CountUnitTwilightCouncilCompleteOnlyTechTreeCheat"/>
        <NodeArray index="Show" Link="EqCountUpgradeProtossGroundWeaponsLevel2QueuedOrBetter0"/>
    </CRequirement>
    <CRequirement id="LearnProtossGroundWeapon3">
        <EditorCategories value="Race:Protoss,TechType:Upgrade"/>
        <NodeArray index="Use" Link="AndEq629999927CountUpgradeProtossGroundWeaponsLevel2CompleteOnly1CountUnitTwilightCouncilCompleteOnlyTechTreeCheat"/>
        <NodeArray index="Show" Link="EqCountUpgradeProtossGroundWeaponsLevel3QueuedOrBetter0"/>
    </CRequirement>
    <CRequirement id="LearnProtossGroundArmor1">
        <EditorCategories value="Race:Protoss,TechType:Upgrade"/>
        <NodeArray index="Show" Link="EqCountUpgradeProtossGroundArmorsLevel1QueuedOrBetter0"/>
    </CRequirement>
    <CRequirement id="LearnProtossGroundArmor2">
        <EditorCategories value="Race:Protoss,TechType:Upgrade"/>
        <NodeArray index="Use" Link="AndEq3569156689CountUpgradeProtossGroundArmorsLevel1CompleteOnly1CountUnitTwilightCouncilCompleteOnlyTechTreeCheat"/>
        <NodeArray index="Show" Link="EqCountUpgradeProtossGroundArmorsLevel2QueuedOrBetter0"/>
    </CRequirement>
    <CRequirement id="LearnProtossGroundArmor3">
        <EditorCategories value="Race:Protoss,TechType:Upgrade"/>
        <NodeArray index="Use" Link="AndEq419273267CountUpgradeProtossGroundArmorsLevel2CompleteOnly1CountUnitTwilightCouncilCompleteOnlyTechTreeCheat"/>
        <NodeArray index="Show" Link="EqCountUpgradeProtossGroundArmorsLevel3QueuedOrBetter0"/>
    </CRequirement>
    <CRequirement id="LearnProtossShield1">
        <EditorCategories value="Race:Protoss,TechType:Upgrade"/>
        <NodeArray index="Show" Link="EqCountUpgradeProtossShieldsLevel1QueuedOrBetter0"/>
    </CRequirement>
    <CRequirement id="LearnProtossShield2">
        <EditorCategories value="Race:Protoss,TechType:Upgrade"/>
        <NodeArray index="Use" Link="AndEq3354561256CountUpgradeProtossShieldsLevel1CompleteOnly1CountUnitTwilightCouncilCompleteOnlyTechTreeCheat"/>
        <NodeArray index="Show" Link="EqCountUpgradeProtossShieldsLevel2QueuedOrBetter0"/>
    </CRequirement>
    <CRequirement id="LearnProtossShield3">
        <EditorCategories value="Race:Protoss,TechType:Upgrade"/>
        <NodeArray index="Use" Link="AndEq3751249461CountUpgradeProtossShieldsLevel2CompleteOnly1CountUnitTwilightCouncilCompleteOnlyTechTreeCheat"/>
        <NodeArray index="Show" Link="EqCountUpgradeProtossShieldsLevel3QueuedOrBetter0"/>
    </CRequirement>
    <CRequirement id="LearnProtossAirArmor1">
        <EditorCategories value="Race:Protoss,TechType:Upgrade"/>
        <NodeArray index="Show" Link="AndEqCountUpgradeProtossAirArmorsLevel1QueuedOrBetter0AllowUnitPhoenix"/>
    </CRequirement>
    <CRequirement id="LearnProtossAirArmor2">
        <EditorCategories value="Race:Protoss,TechType:Upgrade"/>
        <NodeArray index="Use" Link="AndEq4283478838CountUpgradeProtossAirArmorsLevel1CompleteOnly1CountUnitFleetBeaconCompleteOnlyTechTreeCheat"/>
        <NodeArray index="Show" Link="AndEqCountUpgradeProtossAirArmorsLevel2QueuedOrBetter0AllowUnitPhoenix"/>
    </CRequirement>
    <CRequirement id="LearnProtossAirArmor3">
        <EditorCategories value="Race:Protoss,TechType:Upgrade"/>
        <NodeArray index="Use" Link="AndEq2731442398CountUpgradeProtossAirArmorsLevel2CompleteOnly1CountUnitFleetBeaconCompleteOnlyTechTreeCheat"/>
        <NodeArray index="Show" Link="AndEqCountUpgradeProtossAirArmorsLevel3QueuedOrBetter0AllowUnitPhoenix"/>
    </CRequirement>
    <CRequirement id="LearnProtossAirWeapon1">
        <EditorCategories value="Race:Protoss,TechType:Upgrade"/>
        <NodeArray index="Show" Link="AndEqCountUpgradeProtossAirWeaponsLevel1QueuedOrBetter0AllowUnitPhoenix"/>
    </CRequirement>
    <CRequirement id="LearnProtossAirWeapon2">
        <EditorCategories value="Race:Protoss,TechType:Upgrade"/>
        <NodeArray index="Use" Link="AndEq1491800815CountUpgradeProtossAirWeaponsLevel1CompleteOnly1CountUnitFleetBeaconCompleteOnlyTechTreeCheat"/>
        <NodeArray index="Show" Link="AndEqCountUpgradeProtossAirWeaponsLevel2QueuedOrBetter0AllowUnitPhoenix"/>
    </CRequirement>
    <CRequirement id="LearnProtossAirWeapon3">
        <EditorCategories value="Race:Protoss,TechType:Upgrade"/>
        <NodeArray index="Use" Link="AndEq524089035CountUpgradeProtossAirWeaponsLevel2CompleteOnly1CountUnitFleetBeaconCompleteOnlyTechTreeCheat"/>
        <NodeArray index="Show" Link="AndEqCountUpgradeProtossAirWeaponsLevel3QueuedOrBetter0AllowUnitPhoenix"/>
    </CRequirement>
    <CRequirement id="LearnZergMeleeWeapon1">
        <EditorCategories value="Race:Zerg,TechType:Upgrade"/>
        <NodeArray index="Show" Link="EqCountUpgradeZergMeleeWeaponsLevel1QueuedOrBetter0"/>
    </CRequirement>
    <CRequirement id="LearnZergMeleeWeapon2">
        <EditorCategories value="Race:Zerg,TechType:Upgrade"/>
        <NodeArray index="Use" Link="AndEq1542947369CountUpgradeZergMeleeWeaponsLevel1CompleteOnly1CountUnitAlias_LairCompleteOnly1515591279TechTreeCheat"/>
        <NodeArray index="Show" Link="EqCountUpgradeZergMeleeWeaponsLevel2QueuedOrBetter0"/>
    </CRequirement>
    <CRequirement id="LearnZergMeleeWeapon3">
        <EditorCategories value="Race:Zerg,TechType:Upgrade"/>
        <NodeArray index="Use" Link="AndEq2480428841CountUpgradeZergMeleeWeaponsLevel2CompleteOnly1CountUnitHiveCompleteOnlyTechTreeCheat"/>
        <NodeArray index="Show" Link="EqCountUpgradeZergMeleeWeaponsLevel3QueuedOrBetter0"/>
    </CRequirement>
    <CRequirement id="LearnZergMissileWeapon1">
        <EditorCategories value="Race:Zerg,TechType:Upgrade"/>
        <NodeArray index="Show" Link="EqCountUpgradeZergMissileWeaponsLevel1QueuedOrBetter0"/>
    </CRequirement>
    <CRequirement id="LearnZergMissileWeapon2">
        <EditorCategories value="Race:Zerg,TechType:Upgrade"/>
        <NodeArray index="Use" Link="AndEq2966286162CountUpgradeZergMissileWeaponsLevel1CompleteOnly1CountUnitAlias_LairCompleteOnly1515591279TechTreeCheat"/>
        <NodeArray index="Show" Link="EqCountUpgradeZergMissileWeaponsLevel2QueuedOrBetter0"/>
    </CRequirement>
    <CRequirement id="LearnZergMissileWeapon3">
        <EditorCategories value="Race:Zerg,TechType:Upgrade"/>
        <NodeArray index="Use" Link="AndEq2358983352CountUpgradeZergMissileWeaponsLevel2CompleteOnly1CountUnitHiveCompleteOnlyTechTreeCheat"/>
        <NodeArray index="Show" Link="EqCountUpgradeZergMissileWeaponsLevel3QueuedOrBetter0"/>
    </CRequirement>
    <CRequirement id="LearnZergGroundArmor1">
        <EditorCategories value="Race:Zerg,TechType:Upgrade"/>
        <NodeArray index="Show" Link="EqCountUpgradeZergGroundArmorsLevel1QueuedOrBetter0"/>
    </CRequirement>
    <CRequirement id="LearnZergGroundArmor2">
        <EditorCategories value="Race:Zerg,TechType:Upgrade"/>
        <NodeArray index="Use" Link="AndEq1695466224CountUpgradeZergGroundArmorsLevel1CompleteOnly1CountUnitAlias_LairCompleteOnly1515591279TechTreeCheat"/>
        <NodeArray index="Show" Link="EqCountUpgradeZergGroundArmorsLevel2QueuedOrBetter0"/>
    </CRequirement>
    <CRequirement id="LearnZergGroundArmor3">
        <EditorCategories value="Race:Zerg,TechType:Upgrade"/>
        <NodeArray index="Use" Link="AndEq4090499265CountUpgradeZergGroundArmorsLevel2CompleteOnly1CountUnitHiveCompleteOnlyTechTreeCheat"/>
        <NodeArray index="Show" Link="EqCountUpgradeZergGroundArmorsLevel3QueuedOrBetter0"/>
    </CRequirement>
    <CRequirement id="LearnZergFlyerAttack1">
        <EditorCategories value="Race:Zerg,TechType:Upgrade"/>
        <NodeArray index="Show" Link="EqCountUpgradeZergFlyerWeaponsLevel1QueuedOrBetter0"/>
    </CRequirement>
    <CRequirement id="LearnZergFlyerAttack2">
        <EditorCategories value="Race:Zerg,TechType:Upgrade"/>
        <NodeArray index="Use" Link="AndEq3274469600CountUpgradeZergFlyerWeaponsLevel1CompleteOnly1CountUnitAlias_LairCompleteOnly1515591279TechTreeCheat"/>
        <NodeArray index="Show" Link="EqCountUpgradeZergFlyerWeaponsLevel2QueuedOrBetter0"/>
    </CRequirement>
    <CRequirement id="LearnZergFlyerAttack3">
        <EditorCategories value="Race:Zerg,TechType:Upgrade"/>
        <NodeArray index="Use" Link="AndEq2419098971CountUpgradeZergFlyerWeaponsLevel2CompleteOnly1CountUnitHiveCompleteOnlyTechTreeCheat"/>
        <NodeArray index="Show" Link="EqCountUpgradeZergFlyerWeaponsLevel3QueuedOrBetter0"/>
    </CRequirement>
    <CRequirement id="LearnZergFlyerArmor1">
        <EditorCategories value="Race:Zerg,TechType:Upgrade"/>
        <NodeArray index="Show" Link="EqCountUpgradeZergFlyerArmorsLevel1QueuedOrBetter0"/>
    </CRequirement>
    <CRequirement id="LearnZergFlyerArmor2">
        <EditorCategories value="Race:Zerg,TechType:Upgrade"/>
        <NodeArray index="Use" Link="AndEq539690215CountUpgradeZergFlyerArmorsLevel1CompleteOnly1CountUnitAlias_LairCompleteOnly1515591279TechTreeCheat"/>
        <NodeArray index="Show" Link="EqCountUpgradeZergFlyerArmorsLevel2QueuedOrBetter0"/>
    </CRequirement>
    <CRequirement id="LearnZergFlyerArmor3">
        <EditorCategories value="Race:Zerg,TechType:Upgrade"/>
        <NodeArray index="Use" Link="AndEq504020316CountUpgradeZergFlyerArmorsLevel2CompleteOnly1CountUnitHiveCompleteOnlyTechTreeCheat"/>
        <NodeArray index="Show" Link="EqCountUpgradeZergFlyerArmorsLevel3QueuedOrBetter0"/>
    </CRequirement>
    <CRequirement id="HaveCommandCenter">
        <EditorCategories value="Race:Terran,TechType:Unit"/>
        <NodeArray index="Use" Link="CountUnitAlias_CommandCenterCompleteOnly1610623376TechTreeCheat"/>
    </CRequirement>
    <CRequirement id="HaveBarracks">
        <EditorCategories value="Race:Terran,TechType:Unit"/>
        <NodeArray index="Use" Link="CountUnitAlias_BarracksCompleteOnly789532539TechTreeCheat"/>
    </CRequirement>
    <CRequirement id="HaveEngineeringBay">
        <EditorCategories value="Race:Terran,TechType:Unit"/>
        <NodeArray index="Use" Link="CountUnitEngineeringBayCompleteOnlyTechTreeCheat"/>
    </CRequirement>
    <CRequirement id="HaveFactory">
        <EditorCategories value="Race:Terran,TechType:Unit"/>
        <NodeArray index="Use" Link="CountUnitAlias_FactoryCompleteOnly96167438TechTreeCheat"/>
    </CRequirement>
    <CRequirement id="HaveStarport">
        <EditorCategories value="Race:Terran,TechType:Unit"/>
        <NodeArray index="Use" Link="CountUnitAlias_StarportCompleteOnly4195804750TechTreeCheat"/>
    </CRequirement>
    <CRequirement id="HaveFactoryOrStarport">
        <EditorCategories value="Race:Terran,TechType:Unit"/>
        <NodeArray index="Use" Link="Or3665682306CountUnitAlias_FactoryCompleteOnly96167438TechTreeCheatCountUnitAlias_StarportCompleteOnly4195804750TechTreeCheat"/>
    </CRequirement>
    <CRequirement id="HaveArmory">
        <EditorCategories value="Race:Terran,TechType:Unit"/>
        <NodeArray index="Use" Link="CountUnitArmoryCompleteOnlyTechTreeCheat"/>
    </CRequirement>
    <CRequirement id="HavePlanetaryFortress">
        <EditorCategories value="Race:Terran,TechType:Unit"/>
        <NodeArray index="Use" Link="CountUnitPlanetaryFortressCompleteOnlyTechTreeCheat"/>
    </CRequirement>
    <CRequirement id="HaveAttachedTechLab">
        <EditorCategories value="Race:Terran,TechType:Unit"/>
        <NodeArray index="Use" Link="CountUnitAlias_TechLabCompleteOnlyAtUnit2589852481TechTreeCheat"/>
    </CRequirement>
    <CRequirement id="HaveAttachedNuclearReactor">
        <EditorCategories value="Race:Terran,TechType:Unit"/>
        <NodeArray index="Use" Link="CountUnitAlias_ReactorCompleteOnlyAtUnit1444470936TechTreeCheat"/>
    </CRequirement>
    <CRequirement id="UseStimpack">
        <EditorCategories value="Race:Terran,TechType:Ability"/>
        <NodeArray index="Use" Link="CountUpgradeStimpackCompleteOnly80611996TechTreeCheat"/>
    </CRequirement>
    <CRequirement id="UseSiegeMode">
        <EditorCategories value="Race:Terran,TechType:Ability"/>
        <NodeArray index="Use" Link="CountUpgradeSiegeTechCompleteOnly1316718431TechTreeCheat"/>
    </CRequirement>
    <CRequirement id="UseFighterMode">
        <EditorCategories value="Race:Terran,TechType:Ability"/>
    </CRequirement>
    <CRequirement id="UseCloakingField">
        <EditorCategories value="Race:Terran,TechType:Ability"/>
        <NodeArray index="Use" Link="CountUpgradeBansheeCloakCompleteOnly758801471TechTreeCheat"/>
    </CRequirement>
    <CRequirement id="UsePersonalCloaking">
        <EditorCategories value="Race:Terran,TechType:Ability"/>
        <NodeArray index="Use" Link="CountUpgradePersonalCloakingCompleteOnly769360710TechTreeCheat"/>
    </CRequirement>
    <CRequirement id="LearnCaduceusReactor">
        <EditorCategories value="Race:Terran,TechType:Upgrade"/>
        <NodeArray index="Show" Link="NotCountUpgradeMedivacCaduceusReactorQueuedOrBetter"/>
    </CRequirement>
    <CRequirement id="LearnStimpack">
        <EditorCategories value="Race:Terran,TechType:Ability"/>
        <NodeArray index="Show" Link="AndAllowUnitMarineNotCountUpgradeStimpackQueuedOrBetter"/>
    </CRequirement>
    <CRequirement id="LearnSiegeTech">
        <EditorCategories value="Race:Terran,TechType:Ability"/>
        <NodeArray index="Show" Link="NotCountUpgradeSiegeTechQueuedOrBetter"/>
    </CRequirement>
    <CRequirement id="LearnCloakingField">
        <EditorCategories value="Race:Terran"/>
        <NodeArray index="Show" Link="NotCountUpgradeBansheeCloakQueuedOrBetter"/>
    </CRequirement>
    <CRequirement id="LearnPersonnelCloaking">
        <EditorCategories value="Race:Terran,TechType:Ability"/>
        <NodeArray index="Show" Link="NotCountUpgradePersonalCloakingQueuedOrBetter"/>
    </CRequirement>
    <CRequirement id="LearnColossusReactor">
        <EditorCategories value="Race:Protoss,TechType:Upgrade"/>
        <NodeArray index="Show" Link="NotCountUpgradeAbdominalFortitudeQueuedOrBetter"/>
    </CRequirement>
    <CRequirement id="HaveHatchery">
        <EditorCategories value="Race:Zerg,TechType:Unit"/>
        <NodeArray index="Use" Link="CountUnitAlias_HatcheryCompleteOnly3846943109TechTreeCheat"/>
    </CRequirement>
    <CRequirement id="HaveLair">
        <EditorCategories value="Race:Zerg,TechType:Unit"/>
        <NodeArray index="Use" Link="CountUnitAlias_LairCompleteOnly1515591279TechTreeCheat"/>
    </CRequirement>
    <CRequirement id="HaveHive">
        <EditorCategories value="Race:Zerg,TechType:Unit"/>
        <NodeArray index="Use" Link="CountUnitHiveCompleteOnlyTechTreeCheat"/>
    </CRequirement>
    <CRequirement id="HaveSpawningPool">
        <EditorCategories value="Race:Zerg,TechType:Unit"/>
        <NodeArray index="Use" Link="CountUnitSpawningPoolCompleteOnlyTechTreeCheat"/>
    </CRequirement>
    <CRequirement id="HaveEvolutionChamber">
        <EditorCategories value="Race:Zerg,TechType:Unit"/>
        <NodeArray index="Use" Link="CountUnitEvolutionChamberCompleteOnlyTechTreeCheat"/>
    </CRequirement>
    <CRequirement id="HaveHydraliskDen">
        <EditorCategories value="Race:Zerg,TechType:Unit"/>
        <NodeArray index="Use" Link="CountUnitAlias_HydraliskDenCompleteOnly4037297345TechTreeCheat"/>
    </CRequirement>
    <CRequirement id="HaveSpire">
        <EditorCategories value="Race:Zerg,TechType:Unit"/>
        <NodeArray index="Use" Link="CountUnitAlias_SpireCompleteOnly836078744TechTreeCheat"/>
    </CRequirement>
    <CRequirement id="HaveGreaterSpire">
        <EditorCategories value="Race:Zerg,TechType:Unit"/>
        <NodeArray index="Use" Link="CountUnitGreaterSpireCompleteOnlyTechTreeCheat"/>
    </CRequirement>
    <CRequirement id="HaveUltraliskCavern">
        <EditorCategories value="Race:Zerg,TechType:Unit"/>
        <NodeArray index="Use" Link="CountUnitUltraliskCavernCompleteOnlyTechTreeCheat"/>
    </CRequirement>
    <CRequirement id="HaveInfestationPit">
        <EditorCategories value="Race:Zerg,TechType:Unit"/>
        <NodeArray index="Use" Link="CountUnitInfestationPitCompleteOnlyTechTreeCheat"/>
    </CRequirement>
    <CRequirement id="HaveBanelingNest">
        <EditorCategories value="Race:Zerg,TechType:Unit"/>
        <NodeArray index="Use" Link="CountUnitBanelingNestCompleteOnlyTechTreeCheat"/>
    </CRequirement>
    <CRequirement id="HaveNydusNetwork">
        <EditorCategories value="Race:Zerg,TechType:Unit"/>
        <NodeArray index="Use" Link="CountUnitNydusNetworkCompleteOnlyTechTreeCheat"/>
    </CRequirement>
    <CRequirement id="HaveLurkerDen">
        <EditorCategories value="Race:Zerg,TechType:Unit"/>
        <NodeArray index="Use" Link="CountUnitLurkerDenCompleteOnlyTechTreeCheat"/>
    </CRequirement>
    <CRequirement id="UseOverlordTransport">
        <EditorCategories value="Race:Zerg,TechType:Upgrade"/>
        <NodeArray index="Use" Link="CountUpgradeoverlordtransportCompleteOnly2398587713TechTreeCheat"/>
    </CRequirement>
    <CRequirement id="LearnBurrow">
        <EditorCategories value="Race:Zerg,TechType:Ability"/>
        <NodeArray index="Use" Link="Or1515591279CountUnitLairCompleteOnlyTechTreeCheatCountUnitHiveCompleteOnlyTechTreeCheat"/>
        <NodeArray index="Show" Link="NotCountUpgradeBurrowQueuedOrBetter"/>
    </CRequirement>
    <CRequirement id="LearnVentralSacs">
        <EditorCategories value="Race:Zerg,TechType:Upgrade"/>
        <NodeArray index="Use" Link="Or1515591279CountUnitLairCompleteOnlyTechTreeCheatCountUnitHiveCompleteOnlyTechTreeCheat"/>
        <NodeArray index="Show" Link="NotCountUpgradeoverlordtransportQueuedOrBetter"/>
    </CRequirement>
    <CRequirement id="LearnPneumatizedCarapace">
        <EditorCategories value="Race:Zerg,TechType:Upgrade"/>
        <NodeArray index="Use" Link="Or1515591279CountUnitLairCompleteOnlyTechTreeCheatCountUnitHiveCompleteOnlyTechTreeCheat"/>
        <NodeArray index="Show" Link="NotCountUpgradeoverlordspeedQueuedOrBetter"/>
    </CRequirement>
    <CRequirement id="LearnMetabolicBoost">
        <EditorCategories value="Race:Zerg,TechType:Upgrade"/>
        <NodeArray index="Show" Link="NotCountUpgradezerglingmovementspeedQueuedOrBetter"/>
    </CRequirement>
    <CRequirement id="LearnAdrenalGlands">
        <EditorCategories value="Race:Zerg,TechType:Upgrade"/>
        <NodeArray index="Use" Link="CountUnitHiveCompleteOnlyTechTreeCheat"/>
        <NodeArray index="Show" Link="NotCountUpgradezerglingattackspeedQueuedOrBetter"/>
    </CRequirement>
    <CRequirement id="LearnMuscularAugments">
        <EditorCategories value="Race:Zerg,TechType:Upgrade"/>
        <NodeArray index="Show" Link="NotCountUpgradehydraliskspeedQueuedOrBetter"/>
    </CRequirement>
    <CRequirement id="LearnAnabolicSynthesis">
        <EditorCategories value="Race:Zerg,TechType:Upgrade"/>
        <NodeArray index="Show" Link="NotCountUpgradeAnabolicSynthesisQueuedOrBetter"/>
    </CRequirement>
    <CRequirement id="LearnChitinousPlating">
        <EditorCategories value="Race:Zerg,TechType:Upgrade"/>
        <NodeArray index="Show" Link="NotCountUpgradeChitinousPlatingQueuedOrBetter"/>
    </CRequirement>
    <CRequirement id="UseBurrow">
        <EditorCategories value="Race:Zerg,TechType:Ability"/>
        <NodeArray index="Use" Link="CountUpgradeBurrowCompleteOnly4196384071TechTreeCheat"/>
    </CRequirement>
    <CRequirement id="UseBlink">
        <EditorCategories value="Race:Protoss,TechType:Ability"/>
        <NodeArray index="Use" Link="CountUpgradeBlinkTechCompleteOnly520446663TechTreeCheat"/>
    </CRequirement>
    <CRequirement id="LearnBlink">
        <EditorCategories value="Race:Protoss,TechType:Ability"/>
        <NodeArray index="Show" Link="NotCountUpgradeBlinkTechQueuedOrBetter"/>
    </CRequirement>
    <CRequirement id="LearnGlialReconstitution">
        <EditorCategories value="Race:Zerg,TechType:Upgrade"/>
        <NodeArray index="Use" Link="Or1515591279CountUnitLairCompleteOnlyTechTreeCheatCountUnitHiveCompleteOnlyTechTreeCheat"/>
        <NodeArray index="Show" Link="NotCountUpgradeGlialReconstitutionQueuedOrBetter"/>
    </CRequirement>
    <CRequirement id="HaveAttachedStarportTechLabAndFusionCore">
        <EditorCategories value="Race:Terran,TechType:Unit"/>
        <NodeArray index="Use" Link="AndCountUnitAlias_TechLabCompleteOnlyAtUnit2589852481TechTreeCheatCountUnitFusionCoreCompleteOnlyTechTreeCheat"/>
    </CRequirement>
    <CRequirement id="LearnShieldWall">
        <EditorCategories value="Race:Terran,TechType:Ability"/>
        <NodeArray index="Show" Link="NotCountUpgradeShieldWallQueuedOrBetter"/>
    </CRequirement>
    <CRequirement id="UseShieldWall">
        <EditorCategories value="Race:Terran,TechType:Ability"/>
        <NodeArray index="Use" Link="CountUpgradeShieldWallCompleteOnlyTechTreeCheat"/>
    </CRequirement>
    <CRequirement id="TrainNuke">
        <EditorCategories value="Race:Terran,TechType:Ability"/>
        <NodeArray index="Use" Link="AndOr96167438CountUnitFactoryCompleteOnly96167438TechTreeCheatCountUnitFactoryFlyingCompleteOnly1718561093TechTreeCheatNot866976074CountUnitNukeQueuedOrBetterAtUnit"/>
    </CRequirement>
    <CRequirement id="HaveShadowOps">
        <EditorCategories value="Race:Terran,TechType:Unit"/>
        <NodeArray index="Use" Link="CountUnitGhostAcademyCompleteOnlyTechTreeCheat"/>
    </CRequirement>
    <CRequirement id="HaveNuke">
        <EditorCategories value="Race:Terran,TechType:Unit"/>
        <NodeArray index="Use" Link="CountUnitNukeCompleteOnly421500357"/>
    </CRequirement>
    <CRequirement id="ShowIfHaveNoAddOnParent">
        <EditorCategories value="Race:Terran,TechType:Unit"/>
        <NodeArray index="Show" Link="NotOrCountUnitAlias_BarracksCompleteOnlyAtUnitCountUnitAlias_FactoryCompleteOnlyAtUnitCountUnitAlias_StarportCompleteOnlyAtUnit"/>
    </CRequirement>
    <CRequirement id="ShowIfHaveBarrAddOnParent">
        <EditorCategories value="Race:Terran,TechType:Unit"/>
        <NodeArray index="Show" Link="CountUnitAlias_BarracksCompleteOnlyAtUnit"/>
    </CRequirement>
    <CRequirement id="ShowIfHaveFactAddOnParent">
        <EditorCategories value="Race:Terran,TechType:Unit"/>
        <NodeArray index="Show" Link="CountUnitAlias_FactoryCompleteOnlyAtUnit"/>
    </CRequirement>
    <CRequirement id="ShowIfHaveStarportAddOnParent">
        <EditorCategories value="Race:Terran,TechType:Unit"/>
        <NodeArray index="Show" Link="CountUnitAlias_StarportCompleteOnlyAtUnit"/>
    </CRequirement>
    <CRequirement id="UseWarpGate">
        <EditorCategories value="Race:Terran,TechType:Ability"/>
        <NodeArray index="Use" Link="CountUpgradeWarpGateResearchCompleteOnly3112877171TechTreeCheat"/>
    </CRequirement>
    <CRequirement id="LearnWarpGate">
        <EditorCategories value="Race:Protoss,TechType:Ability"/>
        <NodeArray index="Show" Link="NotCountUpgradeWarpGateResearchQueuedOrBetter"/>
    </CRequirement>
    <CRequirement id="MothershipRequirements">
        <EditorCategories value="Race:Protoss,TechType:Unit"/>
        <NodeArray index="Use" Link="AndCountUnitFleetBeaconCompleteOnlyTechTreeCheatEq1228785331CountUnitMothershipQueuedOrBetter0"/>
    </CRequirement>
    <CRequirement id="UseOverseerMorph">
        <EditorCategories value="Race:Zerg,TechType:Unit"/>
        <NodeArray index="Use" Link="CountUnitAlias_LairCompleteOnly1515591279TechTreeCheat"/>
    </CRequirement>
    <CRequirement id="HaveArmoryAndAttachedTechLab">
        <EditorCategories value="Race:Terran,TechType:Unit"/>
        <NodeArray index="Use" Link="AndCountUnitFactoryTechLabCompleteOnlyAtUnit2589852481TechTreeCheatCountUnitArmoryCompleteOnlyTechTreeCheat"/>
    </CRequirement>
    <CRequirement id="OnCreep">
        <EditorCategories value="Race:Zerg,TechType:Unit"/>
        <NodeArray index="Use" Link="CountBehaviorOnCreepCompleteOnlyAtUnit"/>
    </CRequirement>
    <CRequirement id="NotOnCreep">
        <EditorCategories value="Race:Zerg,TechType:Unit"/>
        <NodeArray index="Show" Link="NotCountBehaviorOnCreepCompleteOnlyAtUnit"/>
    </CRequirement>
    <CRequirement id="LearnOrganicCarapace">
        <EditorCategories value="Race:Zerg,TechType:Upgrade"/>
        <NodeArray index="Use" Link="CountUnitHiveCompleteOnlyTechTreeCheat"/>
        <NodeArray index="Show" Link="NotCountUpgradeOrganicCarapaceQueuedOrBetter"/>
    </CRequirement>
    <CRequirement id="LearnCentrificalHooks">
        <EditorCategories value="Race:Zerg,TechType:Upgrade"/>
        <NodeArray index="Use" Link="Or1515591279CountUnitLairCompleteOnlyTechTreeCheatCountUnitHiveCompleteOnlyTechTreeCheat"/>
        <NodeArray index="Show" Link="NotCountUpgradeCentrificalHooksQueuedOrBetter"/>
    </CRequirement>
    <CRequirement id="LearnHighCapacityBarrels">
        <EditorCategories value="Race:Terran,TechType:Upgrade"/>
        <NodeArray index="Show" Link="NotCountUpgradeHighCapacityBarrelsQueuedOrBetter"/>
    </CRequirement>
    <CRequirement id="LearnReaperSpeed">
        <EditorCategories value="Race:Terran,TechType:Ability"/>
        <NodeArray index="Show" Link="NotCountUpgradeReaperSpeedQueuedOrBetter"/>
    </CRequirement>
    <CRequirement id="LearnExtendedThermalLance">
        <EditorCategories value="Race:Protoss,TechType:Ability"/>
        <NodeArray index="Show" Link="AndNotCountUpgradeExtendedThermalLanceQueuedOrBetterAllowUnitColossus"/>
    </CRequirement>
    <CRequirement id="HaveBanelingNest2">
        <EditorCategories value="Race:Zerg,TechType:Unit"/>
        <NodeArray index="Use" Link="CountUnitRoachWarrenCompleteOnlyTechTreeCheat"/>
    </CRequirement>
    <CRequirement id="LearnStrikeCannons">
        <EditorCategories value="Race:Protoss,TechType:Ability"/>
        <NodeArray index="Show" Link="NotCountUpgradeStrikeCannonsQueuedOrBetter"/>
    </CRequirement>
    <CRequirement id="LearnIncreasedRange">
        <EditorCategories value="Race:Protoss,TechType:Ability"/>
        <NodeArray index="Show" Link="AndNotCountUpgradeIncreasedRangeQueuedOrBetterAllowUnitImmortal"/>
    </CRequirement>
    <CRequirement id="UseStrikeCannons">
        <EditorCategories value="Race:Protoss,TechType:Ability"/>
        <NodeArray index="Use" Link="CountUpgradeStrikeCannonsCompleteOnly3055499258TechTreeCheat"/>
    </CRequirement>
    <CRequirement id="HaveRewardThorSkin">
        <EditorCategories value="Race:Zerg,TechType:Upgrade"/>
        <NodeArray index="Show" Link="CountUpgradeRewardThorSkinCompleteOnly"/>
    </CRequirement>
    <CRequirement id="HaveSprayTerran">
        <EditorCategories value="Race:Terran,TechType:Upgrade"/>
        <NodeArray index="Show" Link="CountUpgradeSprayTerranCompleteOnly"/>
    </CRequirement>
    <CRequirement id="HaveSprayZerg">
        <EditorCategories value="Race:Terran,TechType:Upgrade"/>
        <NodeArray index="Show" Link="CountUpgradeSprayZergCompleteOnly"/>
    </CRequirement>
    <CRequirement id="HaveSprayProtoss">
        <EditorCategories value="Race:Terran,TechType:Upgrade"/>
        <NodeArray index="Show" Link="CountUpgradeSprayProtossCompleteOnly"/>
    </CRequirement>
</Catalog>
