<?xml version="1.0" encoding="us-ascii"?>
<Catalog>
    <CActorEventMacro id="MacroTownhallDeco_Terran" parent="MacroTownhallDecoBase" deco="SCEvent_Deco_Terran"/>
    <CActorEventMacro id="MacroTownhallDeco_Zerg" parent="MacroTownhallDecoBase" deco="SCEvent_Deco_Zerg"/>
    <CActorEventMacro id="MacroTownhallDeco_Protoss" parent="MacroTownhallDecoBase" deco="SCEvent_Deco_Protoss"/>
    <CActorModel id="SCEvent_TownhallDeco">
        <On Terms="ActorCreation" Send="AnimBracketStart BSD Birth Stand Death"/>
        <On Terms="AnimBracketState.*.AfterClosing; !AnimBracketExitReason ModelSwap; AnimName BSD" Send="Destroy"/>
        <On Terms="ActorOrphan" Send="AnimBracketStop BSD"/>
        <On Terms="ActorCreation; ModelName SCEvent_Deco_Protoss" Send="Destroy"/>
        <On Terms="ActorCreation; ModelName SCEvent_Deco_Terran" Send="Destroy"/>
        <On Terms="ActorCreation; ModelName SCEvent_Deco_Zerg" Send="Destroy"/>
        <HostSiteOps Ops="SOpAttachHarnessStationary ExtractorBuildFacing" HoldPosition="1" HoldRotation="1"/>
        <ModelFlags index="AllowHitTest" value="0"/>
        <Terms value="Cap 1"/>
        <Inherits index="CastShadows" value="1"/>
        <Inherits index="CloakEffect" value="1"/>
        <Inherits index="CreepEngulfment" value="1"/>
        <Inherits index="Decal" value="1"/>
        <Inherits index="LocalTintColor" value="1"/>
        <Inherits index="Opacity" value="1"/>
        <Inherits index="TeamColor" value="1"/>
        <Inherits index="TimeScale" value="1"/>
        <Inherits index="TintColor" value="1"/>
        <Inherits index="Visibility" value="1"/>
        <Inherits index="WarpGroup" value="1"/>
        <Aliases value="_Snapshot"/>
        <Host Subject="_Selectable"/>
    </CActorModel>
    <CActorModel id="SCEvent_WorkerHat" parent="ModelAnimationStyleContinuous">
        <HostSiteOps Ops="AttachHeadTop"/>
        <Terms value="Cap 1"/>
        <On Terms="ActorCreation; ModelName SCEvent_WorkerHat" Send="Destroy"/>
        <Host Subject="_Selectable"/>
        <Inherits index="CastShadows" value="1"/>
        <Inherits index="CloakEffect" value="1"/>
        <Inherits index="Decal" value="1"/>
        <Inherits index="LocalTintColor" value="1"/>
        <Inherits index="Opacity" value="1"/>
        <Inherits index="TeamColor" value="1"/>
        <Inherits index="TimeScale" value="1"/>
        <Inherits index="TintColor" value="1"/>
        <Inherits index="Visibility" value="1"/>
        <Inherits index="WarpGroup" value="1"/>
    </CActorModel>
    <CActorEventMacro id="MacroWorkerHat">
        <On Terms="Signal.*.Event_Preplaced" Send="Create SCEvent_WorkerHat"/>
        <On Terms="ActorCreation" Send="Create SCEvent_WorkerHat"/>
    </CActorEventMacro>
    <CModel id="SCEvent_WorkerHat" parent="RacePersistentSpellFX">
        <Model value="Assets\Units\Test\InvisibleUnit\InvisibleUnit.m3"/>
    </CModel>
    <CModel id="SCEvent_Deco_Protoss" parent="Trophies">
        <Model value="Assets\Units\Test\InvisibleUnit\InvisibleUnit.m3"/>
        <EditorCategories value="Race:Protoss"/>
    </CModel>
    <CModel id="SCEvent_Deco_Terran" parent="Trophies">
        <Model value="Assets\Units\Test\InvisibleUnit\InvisibleUnit.m3"/>
        <EditorCategories value="Race:Terran"/>
    </CModel>
    <CModel id="SCEvent_Deco_Zerg" parent="Trophies">
        <Model value="Assets\Units\Test\InvisibleUnit\InvisibleUnit.m3"/>
        <EditorCategories value="Race:Zerg"/>
    </CModel>
    <CModel id="Birthday_Celebration_Banner_Protoss" parent="Trophies">
        <Model value="Assets\UI\Banners\Birthday_Celebration_Banner_Protoss\Birthday_Celebration_Banner_Protoss.m3"/>
        <EditorCategories value="Race:Protoss"/>
        <Events>
            <Anim value="Birth,00"/>
            <Name value="SC_BDay_Fireworks_Canon_RaiseMech"/>
            <Type value="Sound"/>
            <Time value="0.009000"/>
            <Payload value="SC_BDay_Fireworks_Canon_RaiseMech"/>
        </Events>
        <Events>
            <Anim value="Birth,00"/>
            <Name value="SC_BDay_Fireworks_Launch"/>
            <Type value="Sound"/>
            <Time value="0.655000"/>
            <Payload value="SC_BDay_Fireworks_Launch"/>
        </Events>
        <Events>
            <Anim value="Birth,00"/>
            <Name value="SC_BDay_Fireworks_LaunchWhistle"/>
            <Type value="Sound"/>
            <Time value="0.703000"/>
            <Payload value="SC_BDay_Fireworks_LaunchWhistle"/>
        </Events>
        <Events>
            <Anim value="Birth,00"/>
            <Name value="SC_BDay_Fireworks_Launch"/>
            <Type value="Sound"/>
            <Time value="0.918000"/>
            <Payload value="SC_BDay_Fireworks_Launch"/>
        </Events>
        <Events>
            <Anim value="Birth,00"/>
            <Name value="SC_BDay_Fireworks_LaunchWhistle"/>
            <Type value="Sound"/>
            <Time value="0.979000"/>
            <Payload value="SC_BDay_Fireworks_LaunchWhistle"/>
        </Events>
        <Events>
            <Anim value="Birth,00"/>
            <Name value="SC_BDay_Fireworks_Impact"/>
            <Type value="Sound"/>
            <Time value="1.179000"/>
            <Payload value="SC_BDay_Fireworks_Impact"/>
        </Events>
        <Events>
            <Anim value="Birth,00"/>
            <Name value="SC_BDay_Fireworks_ImpactWhistle"/>
            <Type value="Sound"/>
            <Time value="1.200000"/>
            <Payload value="SC_BDay_Fireworks_ImpactWhistle"/>
        </Events>
        <Events>
            <Anim value="Birth,00"/>
            <Name value="SC_BDay_Fireworks_Impact"/>
            <Type value="Sound"/>
            <Time value="1.396000"/>
            <Payload value="SC_BDay_Fireworks_Impact"/>
        </Events>
        <Events>
            <Anim value="Birth,00"/>
            <Name value="SC_BDay_Fireworks_ImpactWhistle"/>
            <Type value="Sound"/>
            <Time value="1.448000"/>
            <Payload value="SC_BDay_Fireworks_ImpactWhistle"/>
        </Events>
        <Events>
            <Anim value="Birth,00"/>
            <Name value="SC_BDay_Fireworks_Launch"/>
            <Type value="Sound"/>
            <Time value="1.072000"/>
            <Payload value="SC_BDay_Fireworks_Launch"/>
        </Events>
        <Events>
            <Anim value="Birth,00"/>
            <Name value="SC_BDay_Fireworks_LaunchWhistle"/>
            <Type value="Sound"/>
            <Time value="1.148000"/>
            <Payload value="SC_BDay_Fireworks_LaunchWhistle"/>
        </Events>
        <Events>
            <Anim value="Birth,00"/>
            <Name value="SC_BDay_Fireworks_Impact"/>
            <Type value="Sound"/>
            <Time value="1.535000"/>
            <Payload value="SC_BDay_Fireworks_Impact"/>
        </Events>
        <Events>
            <Anim value="Birth,00"/>
            <Name value="SC_BDay_Fireworks_ImpactWhistle"/>
            <Type value="Sound"/>
            <Time value="1.590000"/>
            <Payload value="SC_BDay_Fireworks_ImpactWhistle"/>
        </Events>
        <Events>
            <Anim value="Birth,00"/>
            <Name value="SC_BDay_Fireworks_Fizzles"/>
            <Type value="Sound"/>
            <Time value="1.705000"/>
            <Payload value="SC_BDay_Fireworks_Fizzles"/>
        </Events>
        <Events>
            <Anim value="Birth,00"/>
            <Name value="SC_BDay_Fireworks_Fizzles"/>
            <Type value="Sound"/>
            <Time value="1.427000"/>
            <Payload value="SC_BDay_Fireworks_Fizzles"/>
        </Events>
        <Events>
            <Anim value="Death,00"/>
            <Name value="SC_BDay_Fireworks_Canon_RaiseMech"/>
            <Type value="Sound"/>
            <Time value="1.141000"/>
            <Payload value="SC_BDay_Fireworks_Canon_RaiseMech"/>
        </Events>
    </CModel>
    <CModel id="Birthday_Celebration_Banner_Terran" parent="Trophies">
        <Model value="Assets\UI\Banners\Birthday_Celebration_Banner_Terran\Birthday_Celebration_Banner_Terran.m3"/>
        <EditorCategories value="Race:Terran"/>
        <Events>
            <Anim value="Birth,00"/>
            <Name value="SC_BDay_Fireworks_Canon_RaiseMech"/>
            <Type value="Sound"/>
            <Time value="0.006000"/>
            <Payload value="SC_BDay_Fireworks_Canon_RaiseMech"/>
        </Events>
        <Events>
            <Anim value="Birth,00"/>
            <Name value="SC_BDay_Fireworks_Launch"/>
            <Type value="Sound"/>
            <Time value="0.627000"/>
            <Payload value="SC_BDay_Fireworks_Launch"/>
        </Events>
        <Events>
            <Anim value="Birth,00"/>
            <Name value="SC_BDay_Fireworks_LaunchWhistle"/>
            <Type value="Sound"/>
            <Time value="0.665000"/>
            <Payload value="SC_BDay_Fireworks_LaunchWhistle"/>
        </Events>
        <Events>
            <Anim value="Birth,00"/>
            <Name value="SC_BDay_Fireworks_ImpactWhistle"/>
            <Type value="Sound"/>
            <Time value="1.187000"/>
            <Payload value="SC_BDay_Fireworks_ImpactWhistle"/>
        </Events>
        <Events>
            <Anim value="Birth,00"/>
            <Name value="SC_BDay_Fireworks_ImpactWhistle"/>
            <Type value="Sound"/>
            <Time value="1.321000"/>
            <Payload value="SC_BDay_Fireworks_ImpactWhistle"/>
        </Events>
        <Events>
            <Anim value="Birth,00"/>
            <Name value="SC_BDay_Fireworks_Fizzles"/>
            <Type value="Sound"/>
            <Time value="1.452000"/>
            <Payload value="SC_BDay_Fireworks_Fizzles"/>
        </Events>
        <Events>
            <Anim value="Birth,00"/>
            <Name value="SC_BDay_Fireworks_Fizzles"/>
            <Type value="Sound"/>
            <Time value="1.643000"/>
            <Payload value="SC_BDay_Fireworks_Fizzles"/>
        </Events>
        <Events>
            <Anim value="Birth,00"/>
            <Name value="SC_BDay_Fireworks_Impact"/>
            <Type value="Sound"/>
            <Time value="1.187000"/>
            <Payload value="SC_BDay_Fireworks_Impact"/>
        </Events>
        <Events>
            <Anim value="Birth,00"/>
            <Name value="SC_BDay_Fireworks_Impact"/>
            <Type value="Sound"/>
            <Time value="1.321000"/>
            <Payload value="SC_BDay_Fireworks_Impact"/>
        </Events>
        <Events>
            <Anim value="Death,00"/>
            <Name value="SC_BDay_Fireworks_Canon_RaiseMech"/>
            <Type value="Sound"/>
            <Time value="1.208000"/>
            <Payload value="SC_BDay_Fireworks_Canon_RaiseMech"/>
        </Events>
    </CModel>
    <CModel id="Birthday_Celebration_Banner_Zerg" parent="Trophies">
        <Model value="Assets\UI\Banners\Birthday_Celebration_Banner_Zerg\Birthday_Celebration_Banner_Zerg.m3"/>
        <EditorCategories value="Race:Zerg"/>
        <Events>
            <Anim value="Birth,00"/>
            <Name value="SC_BDay_Fireworks_Canon_RaiseMech"/>
            <Type value="Sound"/>
            <Time value="0.006000"/>
            <Payload value="SC_BDay_Fireworks_Canon_RaiseMech"/>
        </Events>
        <Events>
            <Anim value="Birth,00"/>
            <Name value="SC_BDay_Fireworks_Launch"/>
            <Type value="Sound"/>
            <Time value="0.802000"/>
            <Payload value="SC_BDay_Fireworks_Launch"/>
        </Events>
        <Events>
            <Anim value="Birth,00"/>
            <Name value="SC_BDay_Fireworks_Launch"/>
            <Type value="Sound"/>
            <Time value="1.001000"/>
            <Payload value="SC_BDay_Fireworks_Launch"/>
        </Events>
        <Events>
            <Anim value="Birth,00"/>
            <Name value="SC_BDay_Fireworks_LaunchWhistle"/>
            <Type value="Sound"/>
            <Time value="0.645000"/>
            <Payload value="SC_BDay_Fireworks_LaunchWhistle"/>
        </Events>
        <Events>
            <Anim value="Birth,00"/>
            <Name value="SC_BDay_Fireworks_LaunchWhistle"/>
            <Type value="Sound"/>
            <Time value="0.893000"/>
            <Payload value="SC_BDay_Fireworks_LaunchWhistle"/>
        </Events>
        <Events>
            <Anim value="Birth,00"/>
            <Name value="SC_BDay_Fireworks_Impact"/>
            <Type value="Sound"/>
            <Time value="1.151000"/>
            <Payload value="SC_BDay_Fireworks_Impact"/>
        </Events>
        <Events>
            <Anim value="Birth,00"/>
            <Name value="SC_BDay_Fireworks_Fizzles"/>
            <Type value="Sound"/>
            <Time value="1.151000"/>
            <Payload value="SC_BDay_Fireworks_Fizzles"/>
        </Events>
        <Events>
            <Anim value="Birth,00"/>
            <Name value="SC_BDay_Fireworks_Impact"/>
            <Type value="Sound"/>
            <Time value="1.381000"/>
            <Payload value="SC_BDay_Fireworks_Impact"/>
        </Events>
        <Events>
            <Anim value="Birth,00"/>
            <Name value="SC_BDay_Fireworks_Fizzles"/>
            <Type value="Sound"/>
            <Time value="1.381000"/>
            <Payload value="SC_BDay_Fireworks_Fizzles"/>
        </Events>
        <Events>
            <Anim value="Birth,00"/>
            <Name value="SC_BDay_Fireworks_Impact"/>
            <Type value="Sound"/>
            <Time value="1.522000"/>
            <Payload value="SC_BDay_Fireworks_Impact"/>
        </Events>
        <Events>
            <Anim value="Birth,00"/>
            <Name value="SC_BDay_Fireworks_Fizzles"/>
            <Type value="Sound"/>
            <Time value="1.522000"/>
            <Payload value="SC_BDay_Fireworks_Fizzles"/>
        </Events>
        <Events>
            <Anim value="Birth,00"/>
            <Name value="SC_BDay_Fireworks_ImpactWhistle"/>
            <Type value="Sound"/>
            <Time value="1.640000"/>
            <Payload value="SC_BDay_Fireworks_ImpactWhistle"/>
        </Events>
        <Events>
            <Anim value="Birth,00"/>
            <Name value="SC_BDay_Fireworks_ImpactWhistle"/>
            <Type value="Sound"/>
            <Time value="1.946000"/>
            <Payload value="SC_BDay_Fireworks_ImpactWhistle"/>
        </Events>
        <Events>
            <Anim value="Death,00"/>
            <Name value="SC_BDay_Fireworks_Canon_RaiseMech"/>
            <Type value="Sound"/>
            <Time value="1.141000"/>
            <Payload value="SC_BDay_Fireworks_Canon_RaiseMech"/>
        </Events>
    </CModel>
    <CSkin id="SCEvent_Anniversary">
        <ReplacementArray Catalog="Model" From="SCEvent_Deco_Terran" To="Birthday_Celebration_Banner_Terran"/>
        <ReplacementArray Catalog="Model" From="SCEvent_Deco_Zerg" To="Birthday_Celebration_Banner_Zerg"/>
        <ReplacementArray Catalog="Model" From="SCEvent_Deco_Protoss" To="Birthday_Celebration_Banner_Protoss"/>
    </CSkin>
    <CSound id="MM_BDay_TO_Bar_Jukebox_Mx" parent="MUSIC">
        <AssetArray File="Assets\Sounds\MM_Jukebox_Mx_ZergShotgunYou.ogg" FacialGroup=""/>
        <AssetArray File="Assets\Sounds\MM_Jukebox_Mx_SweetHomeAlabama.ogg" FacialGroup=""/>
        <AssetArray File="Assets\Sounds\MM_Jukebox_Mx_Scribblin.ogg" FacialGroup=""/>
        <AssetArray File="Assets\Sounds\MM_Jukebox_Mx_TerranUpTheNight.ogg" FacialGroup=""/>
        <AssetArray File="Assets\Sounds\MM_Jukebox_Mx_Freebird.ogg" FacialGroup=""/>
        <AssetArray File="Assets\Sounds\MM_Jukebox_Mx_DimLights.ogg" FacialGroup=""/>
        <AssetArray File="Assets\Sounds\MM_Jukebox_Mx_JemsSong.ogg" FacialGroup=""/>
        <AssetArray File="Assets\Sounds\MM_Jukebox_Mx_SuspiciousMinds.ogg" FacialGroup=""/>
        <LoopCount value="-1"/>
        <SpeakerMix index="Center" value="0.000000"/>
        <SpeakerMix index="BackLeft" value="0.350000"/>
        <SpeakerMix index="BackRight" value="0.350000"/>
        <SpeakerMix index="SideLeft" value="0.125000"/>
        <SpeakerMix index="SideRight" value="0.125000"/>
        <Volume value="-2.000000,-2.000000"/>
    </CSound>
    <CSound id="SC_BDay_Fireworks_Fizzles" parent="Ambience_Object">
        <AssetArray File="Assets\Sounds\Mutator_Fireworks_Missle_Attack_Impact_B_01.wav" FacialGroup=""/>
        <AssetArray File="Assets\Sounds\Mutator_Fireworks_Missle_Attack_Impact_B_02.wav" FacialGroup=""/>
        <AssetArray File="Assets\Sounds\Mutator_Fireworks_Missle_Attack_Impact_B_03.wav" FacialGroup=""/>
        <AssetArray File="Assets\Sounds\Mutator_Fireworks_Missle_Attack_Impact_B_04.wav" FacialGroup=""/>
        <Volume value="2.000000,2.000000"/>
    </CSound>
    <CSound id="SC_BDay_Fireworks_Impact" parent="Ambience_Object">
        <AssetArray File="Assets\Sounds\Mutator_Fireworks_Missle_Attack_Impact_01.wav" FacialGroup=""/>
        <AssetArray File="Assets\Sounds\Mutator_Fireworks_Missle_Attack_Impact_02.wav" FacialGroup=""/>
        <AssetArray File="Assets\Sounds\Mutator_Fireworks_Missle_Attack_Impact_03.wav" FacialGroup=""/>
        <AssetArray File="Assets\Sounds\Mutator_Fireworks_Missle_Attack_Impact_04.wav" FacialGroup=""/>
    </CSound>
    <CSound id="SC_BDay_Fireworks_LaunchWhistle" parent="Ambience_Object">
        <AssetArray File="Assets\Sounds\Mutator_Fireworks_Missle_Attack_Launch_B_01.wav" FacialGroup=""/>
        <AssetArray File="Assets\Sounds\Mutator_Fireworks_Missle_Attack_Launch_B_02.wav" FacialGroup=""/>
        <AssetArray File="Assets\Sounds\Mutator_Fireworks_Missle_Attack_Launch_B_03.wav" FacialGroup=""/>
        <AssetArray File="Assets\Sounds\Mutator_Fireworks_Missle_Attack_Launch_B_04.wav" FacialGroup=""/>
        <Volume value="1.000000,1.000000"/>
    </CSound>
    <CSound id="SC_BDay_Fireworks_ImpactWhistle" parent="Ambience_Object">
        <AssetArray File="Assets\Sounds\Mutator_Fireworks_Missle_Attack_Whistle_01.wav" FacialGroup=""/>
        <AssetArray File="Assets\Sounds\Mutator_Fireworks_Missle_Attack_Whistle_02.wav" FacialGroup=""/>
        <AssetArray File="Assets\Sounds\Mutator_Fireworks_Missle_Attack_Whistle_03.wav" FacialGroup=""/>
        <AssetArray File="Assets\Sounds\Mutator_Fireworks_Missle_Attack_Whistle_04.wav" FacialGroup=""/>
        <Volume value="2.000000,2.000000"/>
    </CSound>
    <CSound id="SC_BDay_Fireworks_Launch" parent="Ambience_Object">
        <AssetArray File="Assets\Sounds\Mutator_Fireworks_Missle_Attack_Launch_01.wav" FacialGroup=""/>
        <AssetArray File="Assets\Sounds\Mutator_Fireworks_Missle_Attack_Launch_02.wav" FacialGroup=""/>
        <AssetArray File="Assets\Sounds\Mutator_Fireworks_Missle_Attack_Launch_03.wav" FacialGroup=""/>
        <AssetArray File="Assets\Sounds\Mutator_Fireworks_Missle_Attack_Launch_04.wav" FacialGroup=""/>
    </CSound>
    <CSound id="SC_BDay_Fireworks_Canon_RaiseMech" parent="Spell">
        <EditorCategories value="Race:Terran"/>
        <AssetArray File="Assets\Sounds\Eradicator_SWE_A_a.wav" FacialGroup=""/>
        <AssetArray File="Assets\Sounds\Eradicator_SWS_C_a.wav" FacialGroup=""/>
        <DupeDestroyCount value="4"/>
        <DupeMaximumMethod value="Replace"/>
        <DupeMuteCount value="3"/>
        <DupePrioritization value="Oldest"/>
        <Pitch value="12.000000,12.000000"/>
        <Volume value="-18.119999,-18.119999"/>
    </CSound>
    <CUser id="SCEvent_Events">
        <Fields Id="Start" Type="String" EditorColumn="1"/>
        <Fields Id="End" Type="String" EditorColumn="2"/>
        <Fields Id="Upgrade" Type="GameLink" GameLinkType="Upgrade"/>
        <Fields>
            <Id value="Skin"/>
            <Type value="GameLink"/>
            <GameLinkType value="Skin"/>
            <EditorColumn value="3"/>
        </Fields>
        <Fields Id="Disabler" Type="GameLink" GameLinkType="Upgrade"/>
        <Fields Id="Message" Type="String" EditorColumn="4"/>
        <Fields Id="MessageFilter" Type="String" EditorColumn="5"/>
        <Instances Id="[Default]">
            <GameLink GameLink="GameHeartActive">
                <Field Id="Upgrade"/>
            </GameLink>
            <String String="Signal Event_Preplaced">
                <Field Id="Message"/>
            </String>
        </Instances>
        <Instances Id="Anniversary">
            <GameLink GameLink="SCEvent_Anniversary">
                <Field Id="Skin"/>
            </GameLink>
            <String String="2018:07:23:00:01:00">
                <Field Id="Start"/>
            </String>
            <String String="2018:07:30:00:01:00">
                <Field Id="End"/>
            </String>
            <String String="PreventReveal;-">
                <Field Id="MessageFilter"/>
            </String>
        </Instances>
        <Instances Id="TotalBiscuit">
            <GameLink GameLink="SCEvent_TotalBiscuit">
                <Field Id="Skin"/>
            </GameLink>
            <String String="2018:07:21:00:01:00">
                <Field Id="Start"/>
            </String>
            <String String="2018:07:23:00:01:00">
                <Field Id="End"/>
            </String>
            <String String="Worker;-">
                <Field Id="MessageFilter"/>
            </String>
        </Instances>
    </CUser>
</Catalog>
