<?xml version="1.0" encoding="utf-8"?>
<Catalog>
    <CScoreResultRoot id="Standard">
        <HeaderTable value="Experience"/>
        <HeaderTable value="Performance"/>
        <HeaderTable value="ScoreSummary"/>
        <HeaderTable value="Units"/>
        <HeaderTable value="BuildOrder"/>
        <HeaderTable value="Graphs"/>
    </CScoreResultRoot>
    <CScoreResultExperience id="Experience">
        <ValueTable value="SpendingResourcePoints"/>
        <ValueTable value="DestructionPoints"/>
    </CScoreResultExperience>
    <CScoreResultPerformance id="Performance">
        <ValueTable value="ResourceFloatAverage"/>
        <ValueTable value="FoodCappedTime"/>
        <ValueTable value="WorkersTotalCount"/>
        <ValueTable value="APMAverage"/>
    </CScoreResultPerformance>
    <CScoreResultScore id="ScoreSummary">
        <ValueTable value="TotalResources"/>
        <ValueTable value="TotalUnits"/>
        <ValueTable value="TotalStructures"/>
        <ValueTable value="TotalTechnology"/>
        <ValueTable value="TotalOverview"/>
    </CScoreResultScore>
    <CScoreResultScore id="Units">
        <ValueTable value="UnitsTrainedCount"/>
        <ValueTable value="UnitsKilledCount"/>
        <ValueTable value="StructuresBuiltCount"/>
        <ValueTable value="StructuresKilledCount"/>
    </CScoreResultScore>
    <CScoreResultBuildOrder id="BuildOrder"/>
    <CScoreResultGraph id="Graphs">
        <ValueTable value="ResourceValueArmySampled"/>
        <ValueTable value="ResourceCollectionRateSampled"/>
        <ValueTable value="UpgradeSpendingSampled"/>
        <ValueTable value="WorkersActiveCountSampled"/>
    </CScoreResultGraph>
    <!-- Allied Commanders -->
    <CScoreResultScore id="AlliedCommandersAchievements">
        <ValueTable value="VorazunTimeStopKills"/>
        <Flags index="Hidden" value="1"/>
    </CScoreResultScore>
    <CScoreResultScore id="AlliedCommandersBI">
        <ValueTable value="CommanderLevel"/>
        <ValueTable value="CommanderSelection"/>
        <ValueTable value="Difficulty"/>
        <ValueTable value="EnemyPersonality"/>
        <ValueTable value="MasteryLevel"/>
        <ValueTable value="MasteryPoints1"/>
        <ValueTable value="MasteryPoints2"/>
        <ValueTable value="MasteryPoints3"/>
        <ValueTable value="MasteryPoints4"/>
        <ValueTable value="MasteryPoints5"/>
        <ValueTable value="MasteryPoints6"/>
        <ValueTable value="MutatorIsWeeklyChallenge"/>
        <ValueTable value="MutatorTryAgain1"/>
        <ValueTable value="MutatorTryAgain2"/>
        <ValueTable value="MutatorTryAgain3"/>
        <ValueTable value="MutatorTryAgain4"/>
        <ValueTable value="ACEnemyRace"/>
        <ValueTable value="ACEnemyComposition"/>
        <ValueTable value="AdvancedDifficulty"/>
        <Flags index="Hidden" value="1"/>
    </CScoreResultScore>
    <CScoreResultExperience id="AlliedCommandersExperience">
        <ValueTable value="MissionXP"/>
        <ValueTable value="BonusObjectiveXP"/>
        <Flags index="Hidden" value="1"/>
    </CScoreResultExperience>
    <CScoreResultRoot id="AlliedCommandersRoot">
        <HeaderTable value="AlliedCommandersBI"/>
        <HeaderTable value="AlliedCommandersAchievements"/>
        <HeaderTable value="AlliedCommandersExperience"/>
        <HeaderTable value="AlliedCommandersScoreScreen"/>
        <Flags index="Hidden" value="1"/>
    </CScoreResultRoot>
    <CScoreResultScore id="AlliedCommandersScoreScreen">
        <ValueTable value="MissionScore"/>
        <ValueTable value="CommanderOneScorePrimary"/>
        <ValueTable value="CommanderOneScoreSecondary"/>
        <ValueTable value="CommanderTwoScorePrimary"/>
        <ValueTable value="CommanderTwoScoreSecondary"/>
        <ValueTable value="UnitsStructuresKilled"/>
        <ValueTable value="UnitsProduced"/>
        <ValueTable value="ResourcesGathered"/>
        <ValueTable value="ArtanisShieldAbsorb"/>
        <ValueTable value="ZagaraFrenzyDamage"/>
        <ValueTable value="VorazunBlackHoleDamage"/>
        <ValueTable value="ZagaraSuicideDamage"/>
        <ValueTable value="VorazunCloakedDamage"/>
        <ValueTable value="ArtanisSoADamage"/>
        <ValueTable value="RaynorHyperionDamage"/>
        <ValueTable value="KerriganDamage"/>
        <ValueTable value="SwannDrillDamage"/>
        <ValueTable value="RaynorMedicHealing"/>
        <ValueTable value="SwannMechHealing"/>
        <ValueTable value="KerriganAssimilationResources"/>
        <ValueTable value="KaraxChronoCoop"/>
        <ValueTable value="CharThrasherLife"/>
        <ValueTable value="ShakurasTempleLife"/>
        <ValueTable value="KorhalRiftDamage"/>
        <ValueTable value="KaldirShuttleDamage"/>
        <ValueTable value="TarsonisTrainDamage"/>
        <ValueTable value="UlnarOverload"/>
        <ValueTable value="SlaynPush"/>
        <ValueTable value="AbathurMonsterDamage"/>
        <ValueTable value="AbathurHealingReceived"/>
        <ValueTable value="Veridia"/>
        <ValueTable value="BelshirEscortHarvesterDamage"/>
        <ValueTable value="AlarakDamage"/>
        <ValueTable value="AlarakSelfHeals"/>
        <ValueTable value="NovaDamage"/>
        <ValueTable value="NovaHealandAbsorb"/>
        <ValueTable value="JarbanPointCaptureKills"/>
        <ValueTable value="StukovInfestedDamage"/>
        <ValueTable value="StukovMonstrosityDamage"/>
        <ValueTable value="FenixChampionDamage"/>
        <ValueTable value="FenixSuitDamage"/>
        <ValueTable value="MeinhoffDayNightInfestedKills"/>
        <ValueTable value="CybrosEscortGuardianHealth"/>
        <ValueTable value="DamageDealtToVoidShards"/>
        <ValueTable value="DehakaDamage"/>
        <ValueTable value="DehakaConsume"/>
        <ValueTable value="HornerMagMineDamage"/>
        <ValueTable value="HornerScrapCollected"/>
        <ValueTable value="PartAndParcelCollection"/>
        <ValueTable value="CradleOfDeathDamageDealttoConstructs"/>
        <ValueTable value="TychusFirebatOilDamage"/>
        <ValueTable value="TychusGhostDominatedDamage"/>
        <ValueTable value="TychusGrenadeDamage"/>
        <ValueTable value="TychusHERCImpactDuration"/>
        <ValueTable value="TychusMarauderHeal"/>
        <ValueTable value="TychusMedicHeal"/>
        <ValueTable value="TychusOdinDamage"/>
        <ValueTable value="TychusReaperBombDamage"/>
        <ValueTable value="TychusSpectrePulseDamage"/>
        <ValueTable value="TychusWarhoundTurretDamage"/>
        <ValueTable value="ZeratulDamage"/>
        <ValueTable value="ZeratulShieldRestore"/>
        <ValueTable value="StetmannUnitsOverloaded"/>
        <ValueTable value="StetmannGaryDamage"/>
        <ValueTable value="MengskTrooperDamage"/>
        <ValueTable value="MengskRoyalGuardDamage"/>
        <Flags index="Hidden" value="1"/>
    </CScoreResultScore>
</Catalog>
