<?xml version="1.0" encoding="us-ascii"?>
<Catalog>
    <CSkinPack default="1" id="CollectionSkinBase">
        <?token id="unit" type="CUnitLink"?>
        <?token id="collection" value="Base"?>
        <ShortName value="SkinPack/ShortName/##id##"/>
        <EntryArray Unit="##unit##" Reward="Skin##unit####collection##"/>
        <CollectionId value="##collection##"/>
    </CSkinPack>
    <!-- Collector's Editions -->
    <CSkinPack id="WoLCESkinPack">
        <ReleaseDate value="7/27/2010"/>
        <EntryArray Unit="Thor" Reward="ThorCE"/>
    </CSkinPack>
    <CSkinPack id="HotSCESkinPack">
        <ReleaseDate value="3/12/2013"/>
        <EntryArray Unit="Ultralisk" Reward="UltraliskCE"/>
    </CSkinPack>
    <CSkinPack id="LotVCEAdeptSkinPack">
        <ReleaseDate value="11/10/2015"/>
        <EntryArray Unit="Adept" Reward="AdeptCE"/>
    </CSkinPack>
    <CSkinPack id="LotVCEColossusSkinPack">
        <ReleaseDate value="11/10/2015"/>
        <EntryArray Unit="Colossus" Reward="ColossusCE"/>
    </CSkinPack>
    <!-- Race Levels -->
    <CSkinPack id="SupplyDepotMercenarySkinPack">
        <ReleaseDate value="3/12/2013"/>
        <EntryArray Unit="SupplyDepot" Reward="SupplyDepotSkin"/>
    </CSkinPack>
    <CSkinPack id="MarineMercenarySkinPack">
        <ReleaseDate value="3/12/2013"/>
        <EntryArray Unit="Marine" Reward="MarineSkin"/>
    </CSkinPack>
    <CSkinPack id="OverlordMutantSkinPack">
        <ReleaseDate value="3/12/2013"/>
        <EntryArray Unit="Overlord" Reward="OverlordSkin"/>
    </CSkinPack>
    <CSkinPack id="ZerglingMutantSkinPack">
        <ReleaseDate value="3/12/2013"/>
        <EntryArray Unit="Zergling" Reward="ZerglingSkin"/>
    </CSkinPack>
    <CSkinPack id="PylonJudicatorSkinPack">
        <ReleaseDate value="3/12/2013"/>
        <EntryArray Unit="Pylon" Reward="PylonSkin"/>
    </CSkinPack>
    <CSkinPack id="ZealotJudicatorSkinPack">
        <ReleaseDate value="3/12/2013"/>
        <EntryArray Unit="Zealot" Reward="ZealotSkin"/>
    </CSkinPack>
    <!-- Misc -->
    <CSkinPack id="ColossusTaldarimSkinPack">
        <ReleaseDate value="2/2/2016"/>
        <EntryArray Unit="Colossus" Reward="ColossusTal"/>
    </CSkinPack>
    <CSkinPack id="GhostNovaSkinPack">
        <ReleaseDate value="11/10/2015"/>
        <EntryArray Unit="Ghost" Reward="GhostSkinNova"/>
        <ProductId value="22861"/>
    </CSkinPack>
    <!-- 3.7 Skins -->
    <CSkinPack id="RoachDeluxeSkinPack">
        <ShortName value="SkinPack/ShortName/RoachDeluxeSkinPack"/>
        <ReleaseDate value="10/17/2016"/>
        <EntryArray Unit="Roach" Reward="RoachSkinDeluxe"/>
        <ProductId value="22583"/>
    </CSkinPack>
    <CSkinPack id="StalkerDeluxeSkinPack">
        <ShortName value="SkinPack/ShortName/StalkerDeluxeSkinPack"/>
        <ReleaseDate value="10/17/2016"/>
        <EntryArray Unit="Stalker" Reward="StalkerSkinDeluxe"/>
        <ProductId value="22584"/>
    </CSkinPack>
    <CSkinPack id="MarauderDeluxeSkinPack">
        <ShortName value="SkinPack/ShortName/MarauderDeluxeSkinPack"/>
        <ReleaseDate value="10/17/2016"/>
        <EntryArray Unit="Marauder" Reward="MarauderSkinDeluxe"/>
        <ProductId value="22585"/>
    </CSkinPack>
    <!-- 3.12 Skins-->
    <CSkinPack id="HellionJunkerSkinPack">
        <ShortName value="SkinPack/ShortName/HellionJunkerSkinPack"/>
        <ReleaseDate value="2/27/2017"/>
        <EntryArray Unit="Hellion" Reward="HellionSkinJunker"/>
        <ProductId value="25419"/>
    </CSkinPack>
    <CSkinPack id="ImmortalAdunSkinPack">
        <ShortName value="SkinPack/ShortName/ImmortalAdunSkinPack"/>
        <ReleaseDate value="2/27/2017"/>
        <EntryArray Unit="Immortal" Reward="ImmortalSkinAdun"/>
        <ProductId value="25417"/>
    </CSkinPack>
    <CSkinPack id="RavagerBoneSkinPack">
        <ShortName value="SkinPack/ShortName/RavagerBoneSkinPack"/>
        <ReleaseDate value="2/27/2017"/>
        <EntryArray Unit="Ravager" Reward="RavagerSkinBone"/>
        <ProductId value="25418"/>
    </CSkinPack>
    <CSkinPack id="DefaultSkinPack">
        <Default value="1"/>
        <ReleaseDate value="7/27/2010"/>
        <EntryArray Unit="Probe" Reward="ProbeSkinOff"/>
        <EntryArray Unit="Zealot" Reward="ZealotSkinOff"/>
        <EntryArray Unit="Adept" Reward="AdeptCEOff"/>
        <EntryArray Unit="Sentry" Reward="SentrySkinOff"/>
        <EntryArray Unit="Stalker" Reward="StalkerSkinOff"/>
        <EntryArray>
            <Unit value="HighTemplarSkinPreview"/>
            <Reward value="HighTemplarSkinOff"/>
            <UnitAlternate value="Archon"/>
            <RewardAlternate value="Archon"/>
        </EntryArray>
        <EntryArray Unit="DarkTemplar" Reward="DarkTemplarSkinOff"/>
        <EntryArray Unit="Immortal" Reward="ImmortalSkinOff"/>
        <EntryArray Unit="Colossus" Reward="ColossusCEOff"/>
        <EntryArray Unit="Disruptor" Reward="DisruptorSkinOff"/>
        <EntryArray Unit="Observer" Reward="ObserverSkinOff"/>
        <EntryArray Unit="Oracle" Reward="OracleSkinOff"/>
        <EntryArray Unit="Phoenix" Reward="PhoenixSkinOff"/>
        <EntryArray Unit="VoidRay" Reward="VoidRaySkinOff"/>
        <EntryArray Unit="WarpPrism" Reward="WarpPrismSkinOff"/>
        <EntryArray Unit="Carrier" Reward="CarrierSkinOff"/>
        <EntryArray>
            <Unit value="Mothership"/>
            <Reward value="MothershipSkinOff"/>
            <UnitAlternate value="MothershipCore"/>
            <RewardAlternate value="MothershipCore"/>
        </EntryArray>
        <EntryArray Unit="Tempest" Reward="TempestSkinOff"/>
        <EntryArray Unit="SCV" Reward="SCVSkinOff"/>
        <EntryArray Unit="Marine" Reward="MarineSkinOff"/>
        <EntryArray Unit="Marauder" Reward="MarauderSkinOff"/>
        <EntryArray Unit="Reaper" Reward="ReaperSkinOff"/>
        <EntryArray Unit="Ghost" Reward="GhostSkinOff"/>
        <EntryArray Unit="WidowMine" Reward="WidowMineSkinOff"/>
        <EntryArray Unit="Hellion" Reward="HellionSkinOff"/>
        <EntryArray Unit="Cyclone" Reward="CycloneSkinOff"/>
        <EntryArray Unit="SiegeTank" Reward="SiegeTankSkinOff"/>
        <EntryArray Unit="Thor" Reward="ThorCEOff"/>
        <EntryArray Unit="Medivac" Reward="MedivacSkinOff"/>
        <EntryArray Unit="Viking" Reward="VikingSkinOff"/>
        <EntryArray Unit="Banshee" Reward="BansheeSkinOff"/>
        <EntryArray Unit="Raven" Reward="RavenSkinOff"/>
        <EntryArray Unit="Liberator" Reward="LiberatorSkinOff"/>
        <EntryArray Unit="Battlecruiser" Reward="BattlecruiserSkinOff"/>
        <EntryArray Unit="Overlord" Reward="OverlordSkinOff"/>
        <EntryArray Unit="Overseer" Reward="OverseerSkinOff"/>
        <EntryArray Unit="Drone" Reward="DroneSkinOff"/>
        <EntryArray Unit="Zergling" Reward="ZerglingSkinOff"/>
        <EntryArray Unit="Baneling" Reward="BanelingSkinOff"/>
        <EntryArray Unit="Roach" Reward="RoachSkinOff"/>
        <EntryArray Unit="Hydralisk" Reward="HydraliskSkinOff"/>
        <EntryArray Unit="LurkerMP" Reward="LurkerSkinOff"/>
        <EntryArray Unit="Queen" Reward="QueenSkinOff"/>
        <EntryArray Unit="SwarmHostMP" Reward="SwarmHostSkinOff"/>
        <EntryArray Unit="Infestor" Reward="InfestorSkinOff"/>
        <EntryArray Unit="Ravager" Reward="RavagerSkinOff"/>
        <EntryArray Unit="Ultralisk" Reward="UltraliskCEOff"/>
        <EntryArray Unit="Mutalisk" Reward="MutaliskSkinOff"/>
        <EntryArray Unit="Corruptor" Reward="CorruptorSkinOff"/>
        <EntryArray Unit="Viper" Reward="ViperSkinOff"/>
        <EntryArray Unit="BroodLord" Reward="BroodLordSkinOff"/>
        <EntryArray Unit="Armory" Reward="ArmorySkinOff"/>
        <EntryArray Unit="Barracks" Reward="BarracksSkinOff"/>
        <EntryArray Unit="Bunker" Reward="BunkerSkinOff"/>
        <EntryArray Unit="CommandCenter" Reward="CommandCenterSkinOff"/>
        <EntryArray Unit="EngineeringBay" Reward="EngineeringBaySkinOff"/>
        <EntryArray Unit="Factory" Reward="FactorySkinOff"/>
        <EntryArray Unit="FusionCore" Reward="FusionCoreSkinOff"/>
        <EntryArray Unit="GhostAcademy" Reward="GhostAcademySkinOff"/>
        <EntryArray Unit="MissileTurret" Reward="MissileTurretSkinOff"/>
        <EntryArray Unit="Reactor" Reward="ReactorSkinOff"/>
        <EntryArray Unit="Refinery" Reward="RefinerySkinOff"/>
        <EntryArray Unit="SensorTower" Reward="SensorTowerSkinOff"/>
        <EntryArray Unit="Starport" Reward="StarportSkinOff"/>
        <EntryArray Unit="SupplyDepot" Reward="SupplyDepotSkinOff"/>
        <EntryArray Unit="TechLab" Reward="TechLabSkinOff"/>
        <EntryArray Unit="Nexus" Reward="NexusSkinOff"/>
        <EntryArray Unit="Assimilator" Reward="AssimilatorSkinOff"/>
        <EntryArray Unit="Pylon" Reward="PylonSkinOff"/>
        <EntryArray Unit="Gateway" Reward="GatewaySkinOff"/>
        <EntryArray Unit="Forge" Reward="ForgeSkinOff"/>
        <EntryArray Unit="PhotonCannon" Reward="PhotonCannonSkinOff"/>
        <EntryArray Unit="ShieldBattery" Reward="ShieldBatterySkinOff"/>
        <EntryArray Unit="CyberneticsCore" Reward="CyberneticsCoreSkinOff"/>
        <EntryArray Unit="RoboticsFacility" Reward="RoboticsFacilitySkinOff"/>
        <EntryArray Unit="RoboticsBay" Reward="RoboticsBaySkinOff"/>
        <EntryArray Unit="TwilightCouncil" Reward="TwilightCouncilSkinOff"/>
        <EntryArray Unit="Stargate" Reward="StargateSkinOff"/>
        <EntryArray Unit="TemplarArchive" Reward="TemplarArchiveSkinOff"/>
        <EntryArray Unit="DarkShrine" Reward="DarkShrineSkinOff"/>
        <EntryArray Unit="FleetBeacon" Reward="FleetBeaconSkinOff"/>
        <EntryArray Unit="BanelingNest" Reward="BanelingNestSkinOff"/>
        <EntryArray Unit="EvolutionChamber" Reward="EvolutionChamberSkinOff"/>
        <EntryArray Unit="Extractor" Reward="ExtractorSkinOff"/>
        <EntryArray Unit="Hatchery" Reward="HatcherySkinOff"/>
        <EntryArray Unit="HydraliskDen" Reward="HydraliskDenSkinOff"/>
        <EntryArray Unit="InfestationPit" Reward="InfestationPitSkinOff"/>
        <EntryArray Unit="LurkerDenMP" Reward="LurkerDenSkinOff"/>
        <EntryArray Unit="NydusNetwork" Reward="NydusNetworkSkinOff"/>
        <EntryArray Unit="RoachWarren" Reward="RoachWarrenSkinOff"/>
        <EntryArray Unit="SpawningPool" Reward="SpawningPoolSkinOff"/>
        <EntryArray Unit="SpineCrawler" Reward="SpineCrawlerSkinOff"/>
        <EntryArray Unit="SporeCrawler" Reward="SporeCrawlerSkinOff"/>
        <EntryArray Unit="Spire" Reward="SpireSkinOff"/>
        <EntryArray Unit="UltraliskCavern" Reward="UltraliskCavernSkinOff"/>
        <EntryArray Unit="Larva" Reward="LarvaSkinOff"/>
        <CollectionId value="Default"/>
    </CSkinPack>
    <!-- 3.14 Skins-->
    <CSkinPack id="BroodLordAquaticSkinPack">
        <ShortName value="SkinPack/ShortName/BroodlordAquaticSkinPack"/>
        <ReleaseDate value="5/23/2017"/>
        <EntryArray Unit="BroodLord" Reward="BroodLord_PremiumSkin_Aquatic"/>
        <ProductId value="26854"/>
    </CSkinPack>
    <CSkinPack id="CarrierAmonBroodSkinPack">
        <ShortName value="SkinPack/ShortName/CarrierAmonBroodSkinPack"/>
        <ReleaseDate value="5/23/2017"/>
        <EntryArray Unit="Carrier" Reward="Carrier_AmonBrood_Collection"/>
        <ProductId value="26856"/>
    </CSkinPack>
    <CSkinPack id="VikingMechaSkinPack">
        <ShortName value="SkinPack/ShortName/VikingMechaSkinPack"/>
        <ReleaseDate value="5/23/2017"/>
        <EntryArray Unit="Viking" Reward="VikingMecha"/>
        <ProductId value="26855"/>
    </CSkinPack>
    <!--Free to play veteran player skin-->
    <CSkinPack id="GhostEidolonSkinPack">
        <ShortName value="SkinPack/ShortName/GhostEidolonSkinPack"/>
        <ReleaseDate value="11/14/2017"/>
        <EntryArray Unit="Ghost" Reward="GhostEidolon"/>
    </CSkinPack>
    <!-- War Chest Season 1 Skins-->
    <CSkinPack id="ProbeTaldarimSkinPack">
        <ShortName value="SkinPack/ShortName/ProbeTaldarimSkinPack"/>
        <ReleaseDate value="7/17/2017"/>
        <EntryArray Unit="Probe" Reward="ProbeTaldarim"/>
        <ProductId value="28979"/>
        <CollectionId value="Forged"/>
    </CSkinPack>
    <CSkinPack id="ZealotTaldarimSkinPack">
        <ShortName value="SkinPack/ShortName/ZealotTaldarimSkinPack"/>
        <ReleaseDate value="7/17/2017"/>
        <EntryArray Unit="Zealot" Reward="ZealotTaldarim"/>
        <ProductId value="29365"/>
        <CollectionId value="Forged"/>
    </CSkinPack>
    <CSkinPack id="AdeptTaldarimSkinPack">
        <ShortName value="SkinPack/ShortName/AdeptTaldarimSkinPack"/>
        <ReleaseDate value="7/17/2017"/>
        <EntryArray Unit="Adept" Reward="AdeptTaldarim"/>
        <ProductId value="29391"/>
        <CollectionId value="Forged"/>
    </CSkinPack>
    <CSkinPack id="StalkerTaldarimSkinPack">
        <ShortName value="SkinPack/ShortName/StalkerTaldarimSkinPack"/>
        <ReleaseDate value="7/17/2017"/>
        <EntryArray Unit="Stalker" Reward="StalkerTaldarim"/>
        <ProductId value="29403"/>
        <CollectionId value="Forged"/>
    </CSkinPack>
    <CSkinPack id="SentryTaldarimSkinPack">
        <ShortName value="SkinPack/ShortName/SentryTaldarimSkinPack"/>
        <ReleaseDate value="7/17/2017"/>
        <EntryArray Unit="Sentry" Reward="SentryTaldarim"/>
        <ProductId value="29402"/>
        <CollectionId value="Forged"/>
    </CSkinPack>
    <CSkinPack id="HighTemplarTaldarimSkinPack">
        <ShortName value="SkinPack/ShortName/HighTemplarTaldarimSkinPack"/>
        <ReleaseDate value="7/17/2017"/>
        <EntryArray>
            <Unit value="HighTemplarSkinPreview"/>
            <Reward value="HighTemplarTaldarim"/>
            <UnitAlternate value="Archon"/>
            <RewardAlternate value="ArchonTaldarim"/>
        </EntryArray>
        <ProductId value="29360"/>
        <CollectionId value="Forged"/>
    </CSkinPack>
    <CSkinPack id="DarkTemplarTaldarimSkinPack">
        <ShortName value="SkinPack/ShortName/DarkTemplarTaldarimSkinPack"/>
        <ReleaseDate value="7/17/2017"/>
        <EntryArray Unit="DarkTemplar" Reward="DarkTemplarTaldarim"/>
        <ProductId value="29398"/>
        <CollectionId value="Forged"/>
    </CSkinPack>
    <CSkinPack id="ImmortalTaldarimSkinPack">
        <ShortName value="SkinPack/ShortName/ImmortalTaldarimSkinPack"/>
        <ReleaseDate value="7/17/2017"/>
        <EntryArray Unit="Immortal" Reward="ImmortalTaldarim"/>
        <ProductId value="29361"/>
        <CollectionId value="Forged"/>
    </CSkinPack>
    <CSkinPack id="ColossusTaldarimBSkinPack">
        <ShortName value="SkinPack/ShortName/ColossusTaldarimBSkinPack"/>
        <ReleaseDate value="7/17/2017"/>
        <EntryArray Unit="Colossus" Reward="ColossusTaldarim"/>
        <ProductId value="29397"/>
        <CollectionId value="Forged"/>
    </CSkinPack>
    <CSkinPack id="ObserverTaldarimSkinPack">
        <ShortName value="SkinPack/ShortName/ObserverTaldarimSkinPack"/>
        <ReleaseDate value="7/17/2017"/>
        <EntryArray Unit="Observer" Reward="ObserverTaldarim"/>
        <ProductId value="29400"/>
        <CollectionId value="Forged"/>
    </CSkinPack>
    <CSkinPack id="OracleTaldarimSkinPack">
        <ShortName value="SkinPack/ShortName/OracleTaldarimSkinPack"/>
        <ReleaseDate value="7/17/2017"/>
        <EntryArray Unit="Oracle" Reward="OracleTaldarim"/>
        <ProductId value="29401"/>
        <CollectionId value="Forged"/>
    </CSkinPack>
    <CSkinPack id="DisruptorTaldarimSkinPack">
        <ShortName value="SkinPack/ShortName/DisruptorTaldarimSkinPack"/>
        <ReleaseDate value="7/17/2017"/>
        <EntryArray Unit="Disruptor" Reward="DisruptorTaldarim"/>
        <ProductId value="29399"/>
        <CollectionId value="Forged"/>
    </CSkinPack>
    <CSkinPack id="PhoenixTaldarimSkinPack">
        <ShortName value="SkinPack/ShortName/PhoenixTaldarimSkinPack"/>
        <ReleaseDate value="7/17/2017"/>
        <EntryArray Unit="Phoenix" Reward="PhoenixTaldarim"/>
        <ProductId value="29363"/>
        <CollectionId value="Forged"/>
    </CSkinPack>
    <CSkinPack id="WarpPrismTaldarimSkinPack">
        <ShortName value="SkinPack/ShortName/WarpPrismTaldarimSkinPack"/>
        <ReleaseDate value="7/17/2017"/>
        <EntryArray Unit="WarpPrism" Reward="WarpPrismTaldarim"/>
        <ProductId value="29364"/>
        <CollectionId value="Forged"/>
    </CSkinPack>
    <CSkinPack id="VoidRayTaldarimSkinPack">
        <ShortName value="SkinPack/ShortName/VoidRayTaldarimSkinPack"/>
        <ReleaseDate value="7/17/2017"/>
        <EntryArray Unit="VoidRay" Reward="VoidRayTaldarim"/>
        <ProductId value="29405"/>
        <CollectionId value="Forged"/>
    </CSkinPack>
    <CSkinPack id="CarrierTaldarimSkinPack">
        <ShortName value="SkinPack/ShortName/CarrierTaldarimSkinPack"/>
        <ReleaseDate value="7/17/2017"/>
        <EntryArray Unit="Carrier" Reward="CarrierTaldarim"/>
        <ProductId value="29392"/>
        <CollectionId value="Forged"/>
    </CSkinPack>
    <CSkinPack id="MothershipTaldarimSkinPack">
        <ShortName value="SkinPack/ShortName/MothershipTaldarimSkinPack"/>
        <ReleaseDate value="7/17/2017"/>
        <EntryArray>
            <Unit value="Mothership"/>
            <Reward value="MothershipTaldarim"/>
            <UnitAlternate value="MothershipCore"/>
            <RewardAlternate value="MothershipCoreTaldarim"/>
        </EntryArray>
        <ProductId value="29362"/>
        <CollectionId value="Forged"/>
    </CSkinPack>
    <CSkinPack id="TempestTaldarimSkinPack">
        <ShortName value="SkinPack/ShortName/TempestTaldarimSkinPack"/>
        <ReleaseDate value="7/17/2017"/>
        <EntryArray Unit="Tempest" Reward="TempestTaldarim"/>
        <ProductId value="29404"/>
        <CollectionId value="Forged"/>
    </CSkinPack>
    <CSkinPack id="DroneWebbySkinPack">
        <ShortName value="SkinPack/ShortName/DroneWebbySkinPack"/>
        <ReleaseDate value="7/17/2017"/>
        <EntryArray Unit="Drone" Reward="DroneWebby"/>
        <ProductId value="28977"/>
        <CollectionId value="Webby"/>
    </CSkinPack>
    <CSkinPack id="ZerglingWebbySkinPack">
        <ShortName value="SkinPack/ShortName/ZerglingWebbySkinPack"/>
        <ReleaseDate value="7/17/2017"/>
        <EntryArray Unit="Zergling" Reward="ZerglingWebby"/>
        <ProductId value="29388"/>
        <CollectionId value="Webby"/>
    </CSkinPack>
    <CSkinPack id="BanelingWebbySkinPack">
        <ShortName value="SkinPack/ShortName/BanelingWebbySkinPack"/>
        <ReleaseDate value="7/17/2017"/>
        <EntryArray Unit="Baneling" Reward="BanelingWebby"/>
        <ProductId value="29378"/>
        <CollectionId value="Webby"/>
    </CSkinPack>
    <CSkinPack id="RoachWebbySkinPack">
        <ShortName value="SkinPack/ShortName/RoachWebbySkinPack"/>
        <ReleaseDate value="7/17/2017"/>
        <EntryArray Unit="Roach" Reward="RoachWebby"/>
        <ProductId value="29386"/>
        <CollectionId value="Webby"/>
    </CSkinPack>
    <CSkinPack id="HydraliskWebbySkinPack">
        <ShortName value="SkinPack/ShortName/HydraliskWebbySkinPack"/>
        <ReleaseDate value="7/17/2017"/>
        <EntryArray Unit="Hydralisk" Reward="HydraliskWebby"/>
        <ProductId value="29381"/>
        <CollectionId value="Webby"/>
    </CSkinPack>
    <CSkinPack id="LurkerWebbySkinPack">
        <ShortName value="SkinPack/ShortName/LurkerWebbySkinPack"/>
        <ReleaseDate value="7/17/2017"/>
        <EntryArray Unit="LurkerMP" Reward="LurkerWebby"/>
        <ProductId value="29389"/>
        <CollectionId value="Webby"/>
    </CSkinPack>
    <CSkinPack id="RavagerWebbySkinPack">
        <ShortName value="SkinPack/ShortName/RavagerWebbySkinPack"/>
        <ReleaseDate value="7/17/2017"/>
        <EntryArray Unit="Ravager" Reward="RavagerWebby"/>
        <ProductId value="29385"/>
        <CollectionId value="Webby"/>
    </CSkinPack>
    <CSkinPack id="UltraliskWebbySkinPack">
        <ShortName value="SkinPack/ShortName/UltraliskWebbySkinPack"/>
        <ReleaseDate value="7/17/2017"/>
        <EntryArray Unit="Ultralisk" Reward="UltraliskWebby"/>
        <ProductId value="29356"/>
        <CollectionId value="Webby"/>
    </CSkinPack>
    <CSkinPack id="QueenWebbySkinPack">
        <ShortName value="SkinPack/ShortName/QueenWebbySkinPack"/>
        <ReleaseDate value="7/17/2017"/>
        <EntryArray Unit="Queen" Reward="QueenWebby"/>
        <ProductId value="29384"/>
        <CollectionId value="Webby"/>
    </CSkinPack>
    <CSkinPack id="InfestorWebbySkinPack">
        <ShortName value="SkinPack/ShortName/InfestorWebbySkinPack"/>
        <ReleaseDate value="7/17/2017"/>
        <EntryArray Unit="Infestor" Reward="InfestorWebby"/>
        <ProductId value="29355"/>
        <CollectionId value="Webby"/>
    </CSkinPack>
    <CSkinPack id="SwarmHostWebbySkinPack">
        <ShortName value="SkinPack/ShortName/SwarmHostWebbySkinPack"/>
        <ReleaseDate value="7/17/2017"/>
        <EntryArray Unit="SwarmHostMP" Reward="SwarmHostWebby"/>
        <ProductId value="29390"/>
        <CollectionId value="Webby"/>
    </CSkinPack>
    <CSkinPack id="MutaliskWebbySkinPack">
        <ShortName value="SkinPack/ShortName/MutaliskWebbySkinPack"/>
        <ReleaseDate value="7/17/2017"/>
        <EntryArray Unit="Mutalisk" Reward="MutaliskWebby"/>
        <ProductId value="29382"/>
        <CollectionId value="Webby"/>
    </CSkinPack>
    <CSkinPack id="CorruptorWebbySkinPack">
        <ShortName value="SkinPack/ShortName/CorruptorWebbySkinPack"/>
        <ReleaseDate value="7/17/2017"/>
        <EntryArray Unit="Corruptor" Reward="CorruptorWebby"/>
        <ProductId value="29380"/>
        <CollectionId value="Webby"/>
    </CSkinPack>
    <CSkinPack id="ViperWebbySkinPack">
        <ShortName value="SkinPack/ShortName/ViperWebbySkinPack"/>
        <ReleaseDate value="7/17/2017"/>
        <EntryArray Unit="Viper" Reward="ViperWebby"/>
        <ProductId value="29387"/>
        <CollectionId value="Webby"/>
    </CSkinPack>
    <CSkinPack id="OverlordWebbySkinPack">
        <ShortName value="SkinPack/ShortName/OverlordWebbySkinPack"/>
        <ReleaseDate value="7/17/2017"/>
        <EntryArray Unit="Overlord" Reward="OverlordWebby"/>
        <ProductId value="29383"/>
        <CollectionId value="Webby"/>
    </CSkinPack>
    <CSkinPack id="OverSeerWebbySkinPack">
        <ShortName value="SkinPack/ShortName/OverSeerWebbySkinPack"/>
        <ReleaseDate value="7/17/2017"/>
        <EntryArray Unit="Overseer" Reward="OverSeerWebby"/>
        <ProductId value="29357"/>
        <CollectionId value="Webby"/>
    </CSkinPack>
    <CSkinPack id="BroodLordWebbySkinPack">
        <ShortName value="SkinPack/ShortName/BroodLordWebbySkinPack"/>
        <ReleaseDate value="7/17/2017"/>
        <EntryArray Unit="BroodLord" Reward="BroodLordWebby"/>
        <ProductId value="29379"/>
        <CollectionId value="Webby"/>
    </CSkinPack>
    <CSkinPack id="SCVCovertOpsSkinPack">
        <ShortName value="SkinPack/ShortName/SCVCovertOpsSkinPack"/>
        <ReleaseDate value="7/17/2017"/>
        <EntryArray Unit="SCV" Reward="SCVCovertOps"/>
        <ProductId value="28975"/>
        <CollectionId value="CovertOps"/>
    </CSkinPack>
    <CSkinPack id="MarineCovertOpsSkinPack">
        <ShortName value="SkinPack/ShortName/MarineCovertOpsSkinPack"/>
        <ReleaseDate value="7/17/2017"/>
        <EntryArray Unit="Marine" Reward="MarineCovertOps"/>
        <ProductId value="29372"/>
        <CollectionId value="CovertOps"/>
    </CSkinPack>
    <CSkinPack id="MarauderCovertOpsSkinPack">
        <ShortName value="SkinPack/ShortName/MarauderCovertOpsSkinPack"/>
        <ReleaseDate value="7/17/2017"/>
        <EntryArray Unit="Marauder" Reward="MarauderCovertOps"/>
        <ProductId value="29371"/>
        <CollectionId value="CovertOps"/>
    </CSkinPack>
    <CSkinPack id="ReaperCovertOpsSkinPack">
        <ShortName value="SkinPack/ShortName/ReaperCovertOpsSkinPack"/>
        <ReleaseDate value="7/17/2017"/>
        <EntryArray Unit="Reaper" Reward="ReaperCovertOps"/>
        <ProductId value="29375"/>
        <CollectionId value="CovertOps"/>
    </CSkinPack>
    <CSkinPack id="GhostCovertOpsSkinPack">
        <ShortName value="SkinPack/ShortName/GhostCovertOpsSkinPack"/>
        <ReleaseDate value="7/17/2017"/>
        <EntryArray Unit="Ghost" Reward="GhostCovertOps"/>
        <ProductId value="29351"/>
        <CollectionId value="CovertOps"/>
    </CSkinPack>
    <CSkinPack id="HellionCovertOpsSkinPack">
        <ShortName value="SkinPack/ShortName/HellionCovertOpsSkinPack"/>
        <ReleaseDate value="7/17/2017"/>
        <EntryArray Unit="Hellion" Reward="HellionCovertOps"/>
        <ProductId value="29370"/>
        <CollectionId value="CovertOps"/>
    </CSkinPack>
    <CSkinPack id="SiegeTankCovertOpsSkinPack">
        <ShortName value="SkinPack/ShortName/SiegeTankCovertOpsSkinPack"/>
        <ReleaseDate value="7/17/2017"/>
        <EntryArray Unit="SiegeTank" Reward="SiegeTankCovertOps"/>
        <ProductId value="29353"/>
        <CollectionId value="CovertOps"/>
    </CSkinPack>
    <CSkinPack id="ThorCovertOpsSkinPack">
        <ShortName value="SkinPack/ShortName/ThorCovertOpsSkinPack"/>
        <ReleaseDate value="7/17/2017"/>
        <EntryArray Unit="Thor" Reward="ThorCovertOps"/>
        <ProductId value="29354"/>
        <CollectionId value="CovertOps"/>
    </CSkinPack>
    <CSkinPack id="CycloneCovertOpsSkinPack">
        <ShortName value="SkinPack/ShortName/CycloneCovertOpsSkinPack"/>
        <ReleaseDate value="7/17/2017"/>
        <EntryArray Unit="Cyclone" Reward="CycloneCovertOps"/>
        <ProductId value="29350"/>
        <CollectionId value="CovertOps"/>
    </CSkinPack>
    <CSkinPack id="BansheeCovertOpsSkinPack">
        <ShortName value="SkinPack/ShortName/BansheeCovertOpsSkinPack"/>
        <ReleaseDate value="7/17/2017"/>
        <EntryArray Unit="Banshee" Reward="BansheeCovertOps"/>
        <ProductId value="29349"/>
        <CollectionId value="CovertOps"/>
    </CSkinPack>
    <CSkinPack id="VikingCovertOpsSkinPack">
        <ShortName value="SkinPack/ShortName/VikingCovertOpsSkinPack"/>
        <ReleaseDate value="7/17/2017"/>
        <EntryArray Unit="Viking" Reward="VikingCovertOps"/>
        <ProductId value="29376"/>
        <CollectionId value="CovertOps"/>
    </CSkinPack>
    <CSkinPack id="LiberatorCovertOpsSkinPack">
        <ShortName value="SkinPack/ShortName/LiberatorCovertOpsSkinPack"/>
        <ReleaseDate value="7/17/2017"/>
        <EntryArray Unit="Liberator" Reward="LiberatorCovertOps"/>
        <ProductId value="29352"/>
        <CollectionId value="CovertOps"/>
    </CSkinPack>
    <CSkinPack id="BattlecruiserCovertOpsSkinPack">
        <ShortName value="SkinPack/ShortName/BattlecruiserCovertOpsSkinPack"/>
        <ReleaseDate value="7/17/2017"/>
        <EntryArray Unit="Battlecruiser" Reward="BattlecruiserCovertOps"/>
        <ProductId value="29369"/>
        <CollectionId value="CovertOps"/>
    </CSkinPack>
    <CSkinPack id="RavenCovertOpsSkinPack">
        <ShortName value="SkinPack/ShortName/RavenCovertOpsSkinPack"/>
        <ReleaseDate value="7/17/2017"/>
        <EntryArray Unit="Raven" Reward="RavenCovertOps"/>
        <ProductId value="29374"/>
        <CollectionId value="CovertOps"/>
    </CSkinPack>
    <CSkinPack id="MedivacCovertOpsSkinPack">
        <ShortName value="SkinPack/ShortName/MedivacCovertOpsSkinPack"/>
        <ReleaseDate value="7/17/2017"/>
        <EntryArray Unit="Medivac" Reward="MedivacCovertOps"/>
        <ProductId value="29373"/>
        <CollectionId value="CovertOps"/>
    </CSkinPack>
    <CSkinPack id="WidowMineCovertOpsSkinPack">
        <ShortName value="SkinPack/ShortName/WidowMineCovertOpsSkinPack"/>
        <ReleaseDate value="7/17/2017"/>
        <EntryArray Unit="WidowMine" Reward="WidowMineCovertOps"/>
        <ProductId value="29377"/>
        <CollectionId value="CovertOps"/>
    </CSkinPack>
    <CSkinPack id="WarpPrismNerazimSkinPack">
        <ShortName value="SkinPack/ShortName/WarpPrismNerazimSkinPack"/>
        <EntryArray Unit="WarpPrism" Reward="WarpPrismNerazim"/>
        <ProductId value="30530"/>
    </CSkinPack>
    <CSkinPack id="HydraliskNoxiousSkinPack">
        <ShortName value="SkinPack/ShortName/HydraliskNoxiousSkinPack"/>
        <EntryArray Unit="Hydralisk" Reward="HydraliskNoxious"/>
        <ProductId value="30509"/>
    </CSkinPack>
    <CSkinPack id="SiegeTankMercSkinPack">
        <ShortName value="SkinPack/ShortName/SiegeTankMercSkinPack"/>
        <EntryArray Unit="SiegeTank" Reward="SiegeTankMerc"/>
        <ProductId value="30529"/>
    </CSkinPack>
    <!-- War Chest Season 2 Skins-->
    <CSkinPack id="ProbePurifierSkinPack">
        <ShortName value="SkinPack/ShortName/ProbePurifierSkinPack"/>
        <ReleaseDate value="12/5/2017"/>
        <EntryArray Unit="Probe" Reward="ProbePurifier"/>
        <ProductId value="32766"/>
        <CollectionId value="Purifier"/>
    </CSkinPack>
    <CSkinPack id="ZealotPurifierSkinPack">
        <ShortName value="SkinPack/ShortName/ZealotPurifierSkinPack"/>
        <ReleaseDate value="12/5/2017"/>
        <EntryArray Unit="Zealot" Reward="ZealotPurifier"/>
        <ProductId value="32767"/>
        <CollectionId value="Purifier"/>
    </CSkinPack>
    <CSkinPack id="AdeptPurifierSkinPack">
        <ShortName value="SkinPack/ShortName/AdeptPurifierSkinPack"/>
        <ReleaseDate value="12/5/2017"/>
        <EntryArray Unit="Adept" Reward="AdeptPurifier"/>
        <ProductId value="32769"/>
        <CollectionId value="Purifier"/>
    </CSkinPack>
    <CSkinPack id="StalkerPurifierSkinPack">
        <ShortName value="SkinPack/ShortName/StalkerPurifierSkinPack"/>
        <ReleaseDate value="12/5/2017"/>
        <EntryArray Unit="Stalker" Reward="StalkerPurifier"/>
        <ProductId value="32768"/>
        <CollectionId value="Purifier"/>
    </CSkinPack>
    <CSkinPack id="SentryPurifierSkinPack">
        <ShortName value="SkinPack/ShortName/SentryPurifierSkinPack"/>
        <ReleaseDate value="12/5/2017"/>
        <EntryArray Unit="Sentry" Reward="SentryPurifier"/>
        <ProductId value="32795"/>
        <CollectionId value="Purifier"/>
    </CSkinPack>
    <CSkinPack id="HighTemplarPurifierSkinPack">
        <ShortName value="SkinPack/ShortName/HighTemplarPurifierSkinPack"/>
        <ReleaseDate value="12/5/2017"/>
        <EntryArray>
            <Unit value="HighTemplarSkinPreview"/>
            <Reward value="HighTemplarPurifier"/>
            <UnitAlternate value="Archon"/>
            <RewardAlternate value="ArchonPurifier"/>
        </EntryArray>
        <ProductId value="32792"/>
        <CollectionId value="Purifier"/>
    </CSkinPack>
    <CSkinPack id="DarkTemplarPurifierSkinPack">
        <ShortName value="SkinPack/ShortName/DarkTemplarPurifierSkinPack"/>
        <ReleaseDate value="12/5/2017"/>
        <EntryArray Unit="DarkTemplar" Reward="DarkTemplarPurifier"/>
        <ProductId value="32740"/>
        <CollectionId value="Purifier"/>
    </CSkinPack>
    <CSkinPack id="ImmortalPurifierSkinPack">
        <ShortName value="SkinPack/ShortName/ImmortalPurifierSkinPack"/>
        <ReleaseDate value="12/5/2017"/>
        <EntryArray Unit="Immortal" Reward="ImmortalPurifier"/>
        <ProductId value="32793"/>
        <CollectionId value="Purifier"/>
    </CSkinPack>
    <CSkinPack id="ColossusPurifierBSkinPack">
        <ShortName value="SkinPack/ShortName/ColossusPurifierBSkinPack"/>
        <ReleaseDate value="12/5/2017"/>
        <EntryArray Unit="Colossus" Reward="ColossusPurifier"/>
        <ProductId value="32790"/>
        <CollectionId value="Purifier"/>
    </CSkinPack>
    <CSkinPack id="ObserverPurifierSkinPack">
        <ShortName value="SkinPack/ShortName/ObserverPurifierSkinPack"/>
        <ReleaseDate value="12/5/2017"/>
        <EntryArray Unit="Observer" Reward="ObserverPurifier"/>
        <ProductId value="32742"/>
        <CollectionId value="Purifier"/>
    </CSkinPack>
    <CSkinPack id="OraclePurifierSkinPack">
        <ShortName value="SkinPack/ShortName/OraclePurifierSkinPack"/>
        <ReleaseDate value="12/5/2017"/>
        <EntryArray Unit="Oracle" Reward="OraclePurifier"/>
        <ProductId value="32794"/>
        <CollectionId value="Purifier"/>
    </CSkinPack>
    <CSkinPack id="DisruptorPurifierSkinPack">
        <ShortName value="SkinPack/ShortName/DisruptorPurifierSkinPack"/>
        <ReleaseDate value="12/5/2017"/>
        <EntryArray Unit="Disruptor" Reward="DisruptorPurifier"/>
        <ProductId value="32791"/>
        <CollectionId value="Purifier"/>
    </CSkinPack>
    <CSkinPack id="PhoenixPurifierSkinPack">
        <ShortName value="SkinPack/ShortName/PhoenixPurifierSkinPack"/>
        <ReleaseDate value="12/5/2017"/>
        <EntryArray Unit="Phoenix" Reward="PhoenixPurifier"/>
        <ProductId value="32743"/>
        <CollectionId value="Purifier"/>
    </CSkinPack>
    <CSkinPack id="WarpPrismPurifierSkinPack">
        <ShortName value="SkinPack/ShortName/WarpPrismPurifierSkinPack"/>
        <ReleaseDate value="12/5/2017"/>
        <EntryArray Unit="WarpPrism" Reward="WarpPrismPurifier"/>
        <ProductId value="32797"/>
        <CollectionId value="Purifier"/>
    </CSkinPack>
    <CSkinPack id="VoidRayPurifierSkinPack">
        <ShortName value="SkinPack/ShortName/VoidRayPurifierSkinPack"/>
        <ReleaseDate value="12/5/2017"/>
        <EntryArray Unit="VoidRay" Reward="VoidRayPurifier"/>
        <ProductId value="32744"/>
        <CollectionId value="Purifier"/>
    </CSkinPack>
    <CSkinPack id="CarrierPurifierSkinPack">
        <ShortName value="SkinPack/ShortName/CarrierPurifierSkinPack"/>
        <ReleaseDate value="12/5/2017"/>
        <EntryArray Unit="Carrier" Reward="CarrierPurifier"/>
        <ProductId value="32789"/>
        <CollectionId value="Purifier"/>
    </CSkinPack>
    <CSkinPack id="MothershipPurifierSkinPack">
        <ShortName value="SkinPack/ShortName/MothershipPurifierSkinPack"/>
        <ReleaseDate value="12/5/2017"/>
        <EntryArray>
            <Unit value="Mothership"/>
            <Reward value="MothershipPurifier"/>
            <UnitAlternate value="MothershipCore"/>
            <RewardAlternate value="MothershipCorePurifier"/>
        </EntryArray>
        <ProductId value="32741"/>
        <CollectionId value="Purifier"/>
    </CSkinPack>
    <CSkinPack id="TempestPurifierSkinPack">
        <ShortName value="SkinPack/ShortName/TempestPurifierSkinPack"/>
        <ReleaseDate value="12/5/2017"/>
        <EntryArray Unit="Tempest" Reward="TempestPurifier"/>
        <ProductId value="32796"/>
        <CollectionId value="Purifier"/>
    </CSkinPack>
    <CSkinPack id="DronePrimalSkinPack">
        <ShortName value="SkinPack/ShortName/DronePrimalSkinPack"/>
        <ReleaseDate value="12/5/2017"/>
        <EntryArray Unit="Drone" Reward="DronePrimal"/>
        <ProductId value="32733"/>
        <CollectionId value="Primal"/>
    </CSkinPack>
    <CSkinPack id="ZerglingPrimalSkinPack">
        <ShortName value="SkinPack/ShortName/ZerglingPrimalSkinPack"/>
        <ReleaseDate value="12/5/2017"/>
        <EntryArray Unit="Zergling" Reward="ZerglingPrimal"/>
        <ProductId value="32734"/>
        <CollectionId value="Primal"/>
    </CSkinPack>
    <CSkinPack id="BanelingPrimalSkinPack">
        <ShortName value="SkinPack/ShortName/BanelingPrimalSkinPack"/>
        <ReleaseDate value="12/5/2017"/>
        <EntryArray Unit="Baneling" Reward="BanelingPrimal"/>
        <ProductId value="32757"/>
        <CollectionId value="Primal"/>
    </CSkinPack>
    <CSkinPack id="RoachPrimalSkinPack">
        <ShortName value="SkinPack/ShortName/RoachPrimalSkinPack"/>
        <ReleaseDate value="12/5/2017"/>
        <EntryArray Unit="Roach" Reward="RoachPrimal"/>
        <ProductId value="32756"/>
        <CollectionId value="Primal"/>
    </CSkinPack>
    <CSkinPack id="HydraliskPrimalSkinPack">
        <ShortName value="SkinPack/ShortName/HydraliskPrimalSkinPack"/>
        <ReleaseDate value="12/5/2017"/>
        <EntryArray Unit="Hydralisk" Reward="HydraliskPrimal"/>
        <ProductId value="32755"/>
        <CollectionId value="Primal"/>
    </CSkinPack>
    <CSkinPack id="LurkerPrimalSkinPack">
        <ShortName value="SkinPack/ShortName/LurkerPrimalSkinPack"/>
        <ReleaseDate value="12/5/2017"/>
        <EntryArray Unit="LurkerMP" Reward="LurkerPrimal"/>
        <ProductId value="32760"/>
        <CollectionId value="Primal"/>
    </CSkinPack>
    <CSkinPack id="RavagerPrimalSkinPack">
        <ShortName value="SkinPack/ShortName/RavagerPrimalSkinPack"/>
        <ReleaseDate value="12/5/2017"/>
        <EntryArray Unit="Ravager" Reward="RavagerPrimal"/>
        <ProductId value="32758"/>
        <CollectionId value="Primal"/>
    </CSkinPack>
    <CSkinPack id="UltraliskPrimalSkinPack">
        <ShortName value="SkinPack/ShortName/UltraliskPrimalSkinPack"/>
        <ReleaseDate value="12/5/2017"/>
        <EntryArray Unit="Ultralisk" Reward="UltraliskPrimal"/>
        <ProductId value="32761"/>
        <CollectionId value="Primal"/>
    </CSkinPack>
    <CSkinPack id="QueenPrimalSkinPack">
        <ShortName value="SkinPack/ShortName/QueenPrimalSkinPack"/>
        <ReleaseDate value="12/5/2017"/>
        <EntryArray Unit="Queen" Reward="QueenPrimal"/>
        <ProductId value="32735"/>
        <CollectionId value="Primal"/>
    </CSkinPack>
    <CSkinPack id="InfestorPrimalSkinPack">
        <ShortName value="SkinPack/ShortName/InfestorPrimalSkinPack"/>
        <ReleaseDate value="12/5/2017"/>
        <EntryArray Unit="Infestor" Reward="InfestorPrimal"/>
        <ProductId value="32759"/>
        <CollectionId value="Primal"/>
    </CSkinPack>
    <CSkinPack id="SwarmHostPrimalSkinPack">
        <ShortName value="SkinPack/ShortName/SwarmHostPrimalSkinPack"/>
        <ReleaseDate value="12/5/2017"/>
        <EntryArray Unit="SwarmHostMP" Reward="SwarmHostPrimal"/>
        <ProductId value="32736"/>
        <CollectionId value="Primal"/>
    </CSkinPack>
    <CSkinPack id="MutaliskPrimalSkinPack">
        <ShortName value="SkinPack/ShortName/MutaliskPrimalSkinPack"/>
        <ReleaseDate value="12/5/2017"/>
        <EntryArray Unit="Mutalisk" Reward="MutaliskPrimal"/>
        <ProductId value="32737"/>
        <CollectionId value="Primal"/>
    </CSkinPack>
    <CSkinPack id="CorruptorPrimalSkinPack">
        <ShortName value="SkinPack/ShortName/CorruptorPrimalSkinPack"/>
        <ReleaseDate value="12/5/2017"/>
        <EntryArray Unit="Corruptor" Reward="CorruptorPrimal"/>
        <ProductId value="32763"/>
        <CollectionId value="Primal"/>
    </CSkinPack>
    <CSkinPack id="ViperPrimalSkinPack">
        <ShortName value="SkinPack/ShortName/ViperPrimalSkinPack"/>
        <ReleaseDate value="12/5/2017"/>
        <EntryArray Unit="Viper" Reward="ViperPrimal"/>
        <ProductId value="32764"/>
        <CollectionId value="Primal"/>
    </CSkinPack>
    <CSkinPack id="OverlordPrimalSkinPack">
        <ShortName value="SkinPack/ShortName/OverlordPrimalSkinPack"/>
        <ReleaseDate value="12/5/2017"/>
        <EntryArray Unit="Overlord" Reward="OverlordPrimal"/>
        <ProductId value="32762"/>
        <CollectionId value="Primal"/>
    </CSkinPack>
    <CSkinPack id="OverSeerPrimalSkinPack">
        <ShortName value="SkinPack/ShortName/OverSeerPrimalSkinPack"/>
        <ReleaseDate value="12/5/2017"/>
        <EntryArray Unit="Overseer" Reward="OverseerPrimal"/>
        <ProductId value="32765"/>
        <CollectionId value="Primal"/>
    </CSkinPack>
    <CSkinPack id="BroodLordPrimalSkinPack">
        <ShortName value="SkinPack/ShortName/BroodLordPrimalSkinPack"/>
        <ReleaseDate value="12/5/2017"/>
        <EntryArray Unit="BroodLord" Reward="BroodLordPrimal"/>
        <ProductId value="32738"/>
        <CollectionId value="Primal"/>
    </CSkinPack>
    <CSkinPack id="SCVJunkerMMSkinPack">
        <ShortName value="SkinPack/ShortName/SCVJunkerMMSkinPack"/>
        <ReleaseDate value="12/5/2017"/>
        <EntryArray Unit="SCV" Reward="SCVJunkerMM"/>
        <ProductId value="32683"/>
        <CollectionId value="Junker"/>
    </CSkinPack>
    <CSkinPack id="MarineJunkerSkinPack">
        <ShortName value="SkinPack/ShortName/MarineJunkerSkinPack"/>
        <ReleaseDate value="12/5/2017"/>
        <EntryArray Unit="Marine" Reward="MarineJunker"/>
        <ProductId value="32684"/>
        <CollectionId value="Junker"/>
    </CSkinPack>
    <CSkinPack id="MarauderJunkerSkinPack">
        <ShortName value="SkinPack/ShortName/MarauderJunkerSkinPack"/>
        <ReleaseDate value="12/5/2017"/>
        <EntryArray Unit="Marauder" Reward="MarauderJunker"/>
        <ProductId value="32622"/>
        <CollectionId value="Junker"/>
    </CSkinPack>
    <CSkinPack id="ReaperJunkerSkinPack">
        <ShortName value="SkinPack/ShortName/ReaperJunkerSkinPack"/>
        <ReleaseDate value="12/5/2017"/>
        <EntryArray Unit="Reaper" Reward="ReaperJunker"/>
        <ProductId value="32624"/>
        <CollectionId value="Junker"/>
    </CSkinPack>
    <CSkinPack id="GhostJunkerSkinPack">
        <ShortName value="SkinPack/ShortName/GhostJunkerSkinPack"/>
        <ReleaseDate value="12/5/2017"/>
        <EntryArray Unit="Ghost" Reward="GhostJunker"/>
        <ProductId value="32623"/>
        <CollectionId value="Junker"/>
    </CSkinPack>
    <CSkinPack id="HellionJunkerMMSkinPack">
        <ShortName value="SkinPack/ShortName/HellionJunkerMMSkinPack"/>
        <ReleaseDate value="12/5/2017"/>
        <EntryArray Unit="Hellion" Reward="HellionJunkerMM"/>
        <ProductId value="32709"/>
        <CollectionId value="Junker"/>
    </CSkinPack>
    <CSkinPack id="SiegeTankJunkerSkinPack">
        <ShortName value="SkinPack/ShortName/SiegeTankJunkerSkinPack"/>
        <ReleaseDate value="12/5/2017"/>
        <EntryArray Unit="SiegeTank" Reward="SiegeTankJunker"/>
        <ProductId value="32749"/>
        <CollectionId value="Junker"/>
    </CSkinPack>
    <CSkinPack id="ThorJunkerSkinPack">
        <ShortName value="SkinPack/ShortName/ThorJunkerSkinPack"/>
        <ReleaseDate value="12/5/2017"/>
        <EntryArray Unit="Thor" Reward="ThorJunker"/>
        <ProductId value="32732"/>
        <CollectionId value="Junker"/>
    </CSkinPack>
    <CSkinPack id="CycloneJunkerSkinPack">
        <ShortName value="SkinPack/ShortName/CycloneJunkerSkinPack"/>
        <ReleaseDate value="12/5/2017"/>
        <EntryArray Unit="Cyclone" Reward="CycloneJunker"/>
        <ProductId value="32710"/>
        <CollectionId value="Junker"/>
    </CSkinPack>
    <CSkinPack id="BansheeJunkerSkinPack">
        <ShortName value="SkinPack/ShortName/BansheeJunkerSkinPack"/>
        <ReleaseDate value="12/5/2017"/>
        <EntryArray Unit="Banshee" Reward="BansheeJunker"/>
        <ProductId value="32750"/>
        <CollectionId value="Junker"/>
    </CSkinPack>
    <CSkinPack id="VikingJunkerSkinPack">
        <ShortName value="SkinPack/ShortName/VikingJunkerSkinPack"/>
        <ReleaseDate value="12/5/2017"/>
        <EntryArray Unit="Viking" Reward="VikingJunker"/>
        <ProductId value="32751"/>
        <CollectionId value="Junker"/>
    </CSkinPack>
    <CSkinPack id="LiberatorJunkerSkinPack">
        <ShortName value="SkinPack/ShortName/LiberatorJunkerSkinPack"/>
        <ReleaseDate value="12/5/2017"/>
        <EntryArray Unit="Liberator" Reward="LiberatorJunker"/>
        <ProductId value="32752"/>
        <CollectionId value="Junker"/>
    </CSkinPack>
    <CSkinPack id="BattlecruiserJunkerSkinPack">
        <ShortName value="SkinPack/ShortName/BattlecruiserJunkerSkinPack"/>
        <ReleaseDate value="12/5/2017"/>
        <EntryArray Unit="Battlecruiser" Reward="BattlecruiserJunker"/>
        <ProductId value="32754"/>
        <CollectionId value="Junker"/>
    </CSkinPack>
    <CSkinPack id="RavenJunkerSkinPack">
        <ShortName value="SkinPack/ShortName/RavenJunkerSkinPack"/>
        <ReleaseDate value="12/5/2017"/>
        <EntryArray Unit="Raven" Reward="RavenJunker"/>
        <ProductId value="32753"/>
        <CollectionId value="Junker"/>
    </CSkinPack>
    <CSkinPack id="MedivacJunkerSkinPack">
        <ShortName value="SkinPack/ShortName/MedivacJunkerSkinPack"/>
        <ReleaseDate value="12/5/2017"/>
        <EntryArray Unit="Medivac" Reward="MedivacJunker"/>
        <ProductId value="32689"/>
        <CollectionId value="Junker"/>
    </CSkinPack>
    <CSkinPack id="WidowMineJunkerSkinPack">
        <ShortName value="SkinPack/ShortName/WidowMineJunkerSkinPack"/>
        <ReleaseDate value="12/5/2017"/>
        <EntryArray Unit="WidowMine" Reward="WidowMineJunker"/>
        <ProductId value="32690"/>
        <CollectionId value="Junker"/>
    </CSkinPack>
    <!-- BlizzCon 2017 Worker Skins -->
    <CSkinPack id="BlizzCon2017DroneSkinPack">
        <ShortName value="SkinPack/ShortName/BlizzCon2017DroneSkinPack"/>
        <EntryArray Unit="Drone" Reward="DroneBlizzcon17"/>
        <ReleaseDate value="11/3/2017"/>
    </CSkinPack>
    <CSkinPack id="BlizzCon2017ProbeSkinPack">
        <ShortName value="SkinPack/ShortName/BlizzCon2017ProbeSkinPack"/>
        <EntryArray Unit="Probe" Reward="ProbeBlizzcon17"/>
        <ReleaseDate value="11/3/2017"/>
    </CSkinPack>
    <CSkinPack id="BlizzCon2017SCVSkinPack">
        <ShortName value="SkinPack/ShortName/BlizzCon2017SCVSkinPack"/>
        <EntryArray Unit="SCV" Reward="SCVBlizzcon17"/>
        <ReleaseDate value="11/3/2017"/>
    </CSkinPack>
</Catalog>
