<?xml version="1.0" encoding="us-ascii"?>
<Catalog>
    <CSoundMixSnapshot id="DayNineAlertVictory">
        <Attack value="250"/>
        <Hold value="2000"/>
        <Release value="3000"/>
        <Flags index="ApplyCategoryDuckingGlobal" value="1"/>
        <MixGlobal index="Other" value="-8.000000"/>
    </CSoundMixSnapshot>
    <CSoundMixSnapshot id="ParkAlertVictory">
        <Attack value="250"/>
        <Hold value="3500"/>
        <Release value="3000"/>
        <Flags index="ApplyCategoryDuckingGlobal" value="1"/>
        <MixGlobal index="Other" value="-8.000000"/>
    </CSoundMixSnapshot>
    <CSoundMixSnapshot id="TastosisAlertVictory">
        <Attack value="500"/>
        <Hold value="2000"/>
        <Release value="3000"/>
        <Flags index="ApplyCategoryDuckingGlobal" value="1"/>
        <MixGlobal index="Other" value="-5.000000"/>
    </CSoundMixSnapshot>
    <CSoundMixSnapshot id="NathaniasAlertVictory">
        <Attack value="250"/>
        <Hold value="2000"/>
        <Release value="3000"/>
        <Flags index="ApplyCategoryDuckingGlobal" value="1"/>
        <MixGlobal index="Other" value="-8.000000"/>
    </CSoundMixSnapshot>
    <CSoundMixSnapshot id="ZeratulAlertVictory">
        <Attack value="500"/>
        <Hold value="2000"/>
        <Release value="3000"/>
        <Flags index="ApplyCategoryDuckingGlobal" value="1"/>
        <MixGlobal index="Other" value="-5.000000"/>
    </CSoundMixSnapshot>
    <CSoundMixSnapshot id="scboyAlertVictory">
        <Attack value="250"/>
        <Hold value="2000"/>
        <Release value="3000"/>
        <Flags index="ApplyCategoryDuckingGlobal" value="1"/>
        <MixGlobal index="Other" value="-8.000000"/>
    </CSoundMixSnapshot>
    <CSoundMixSnapshot id="iNcontrolAlertVictory">
        <Attack value="250"/>
        <Hold value="2000"/>
        <Release value="3000"/>
        <Flags index="ApplyCategoryDuckingGlobal" value="1"/>
        <MixGlobal index="Other" value="-8.000000"/>
    </CSoundMixSnapshot>
    <CSoundMixSnapshot id="HornerHanAlertVictory">
        <Attack value="250"/>
        <Hold value="2000"/>
        <Release value="3000"/>
        <Flags index="ApplyCategoryDuckingGlobal" value="1"/>
        <MixGlobal index="Other" value="-8.000000"/>
    </CSoundMixSnapshot>
</Catalog>
