<?xml version="1.0" encoding="us-ascii"?>
<Catalog>
    <CSoundExclusivity id="Dehaka_MainMenuTakeoverVox">
        <Group value="321"/>
        <CollideWithLower value="Stomp"/>
        <CollideWithEqual value="Fail"/>
        <CollideWithHigher value="Fail"/>
    </CSoundExclusivity>
    <CSoundExclusivity id="GamePausedResumed">
        <Group value="21"/>
        <CollideWithLower value="Stomp"/>
        <CollideWithEqual value="Stomp"/>
        <CollideWithHigher value="Stomp"/>
        <InterruptFade/>
        <InterruptFade Time="200" Volume="-96.000000"/>
        <QCollideWithLower value="Fail"/>
    </CSoundExclusivity>
    <CSoundExclusivity id="SoundPreview">
        <Group value="5"/>
        <CollideWithLower value="Stomp"/>
        <CollideWithEqual value="Stomp"/>
        <CollideWithHigher value="Stomp"/>
        <QCollideWithEqual value="Stomp"/>
        <QCollideWithHigher value="Stomp"/>
        <InterruptFade/>
        <InterruptFade Time="200" Volume="-96.000000"/>
    </CSoundExclusivity>
</Catalog>
