<?xml version="1.0" encoding="us-ascii"?>
<Catalog>
    <CSprayPack id="iNcontroLTribute_SprayPack">
        <SprayArray value="Decal_Spray_0098_01"/>
    </CSprayPack>
    <CSprayPack id="TotalBiscuitTribute_SprayPack">
        <ProductId value="40190"/>
        <SprayArray value="Decal_Spray_0048_01"/>
        <SprayArray value="Decal_Spray_0049_01"/>
        <SprayArray value="Decal_Spray_0050_01"/>
    </CSprayPack>
    <CSprayPack id="WarChestTerran_Ghost">
        <SprayArray value="Decal_Spray_0006_01"/>
    </CSprayPack>
    <CSprayPack id="WarChestTerran_Rattlesnake">
        <SprayArray value="Decal_Spray_0008_01"/>
    </CSprayPack>
    <CSprayPack id="WarChestTerran_BlackOps">
        <SprayArray value="Decal_Spray_0007_01"/>
    </CSprayPack>
    <CSprayPack id="WarChestZerg_Claws">
        <SprayArray value="Decal_Spray_0009_01"/>
    </CSprayPack>
    <CSprayPack id="WarChestZerg_Overlord">
        <SprayArray value="Decal_Spray_0010_01"/>
    </CSprayPack>
    <CSprayPack id="WarChestZerg_Abathur">
        <SprayArray value="Decal_Spray_0011_01"/>
    </CSprayPack>
    <CSprayPack id="WarChestProtoss_Nexus">
        <SprayArray value="Decal_Spray_0005_01"/>
    </CSprayPack>
    <CSprayPack id="WarChestProtoss_CorruptedProtoss">
        <SprayArray value="Decal_Spray_0004_01"/>
    </CSprayPack>
    <CSprayPack id="WarChestTerran_JunkerJoker">
        <SprayArray value="Decal_Spray_0037_01"/>
    </CSprayPack>
    <CSprayPack id="WarChestTerran_QueenOfHearts">
        <SprayArray value="Decal_Spray_0036_01"/>
    </CSprayPack>
    <CSprayPack id="WarChestTerran_AceOfSpades">
        <SprayArray value="Decal_Spray_0035_01"/>
    </CSprayPack>
    <CSprayPack id="WarChestZerg_JurassicBones">
        <SprayArray value="Decal_Spray_0038_01"/>
    </CSprayPack>
    <CSprayPack id="WarChestZerg_ZergRush">
        <SprayArray value="Decal_Spray_0040_01"/>
    </CSprayPack>
    <CSprayPack id="WarChestZerg_SweetEssence">
        <SprayArray value="Decal_Spray_0039_01"/>
    </CSprayPack>
    <CSprayPack id="WarChestProtoss_MyLifeForIron">
        <SprayArray value="Decal_Spray_0032_01"/>
    </CSprayPack>
    <CSprayPack id="WarChestProtoss_GLHFProtoss">
        <SprayArray value="Decal_Spray_0034_01"/>
    </CSprayPack>
    <CSprayPack id="WarChestTerran_GLHFTerr">
        <SprayArray value="Decal_Spray_0051_01"/>
    </CSprayPack>
    <CSprayPack id="WarChestZerg_GLHFZerg">
        <SprayArray value="Decal_Spray_0052_01"/>
    </CSprayPack>
    <CSprayPack id="WarChestProtoss_GLHFProt">
        <SprayArray value="Decal_Spray_0053_01"/>
    </CSprayPack>
    <CSprayPack id="WarChestTerran_UmojanTerran">
        <SprayArray value="Decal_Spray_0054_01"/>
    </CSprayPack>
    <CSprayPack id="WarChestZerg_SimulantZerg">
        <SprayArray value="Decal_Spray_0055_01"/>
    </CSprayPack>
    <CSprayPack id="WarChestProtoss_GoldenProtoss">
        <SprayArray value="Decal_Spray_0056_01"/>
    </CSprayPack>
    <CSprayPack id="WarChestTerran_QuestionMark">
        <SprayArray value="Decal_Spray_0058_01"/>
    </CSprayPack>
    <CSprayPack id="WarChestTerran_ExclamationMark">
        <SprayArray value="Decal_Spray_0059_01"/>
    </CSprayPack>
    <CSprayPack id="WarChestProtoss_No">
        <SprayArray value="Decal_Spray_0060_01"/>
    </CSprayPack>
    <CSprayPack id="WarChestProtoss_Here">
        <SprayArray value="Decal_Spray_0061_01"/>
    </CSprayPack>
    <CSprayPack id="WarChestZerg_Bomb">
        <SprayArray value="Decal_Spray_0062_01"/>
    </CSprayPack>
    <CSprayPack id="WarChestZerg_JollyRoger">
        <SprayArray value="Decal_Spray_0063_01"/>
    </CSprayPack>
    <CSprayPack id="WarChestFree_Thumbs">
        <SprayArray value="Decal_Spray_0077_01"/>
        <SprayArray value="Decal_Spray_0078_01"/>
        <SprayArray value="Decal_Spray_0079_01"/>
        <SprayArray value="Decal_Spray_0080_01"/>
        <SprayArray value="Decal_Spray_0081_01"/>
        <SprayArray value="Decal_Spray_0082_01"/>
    </CSprayPack>
    <CSprayPack id="WarChestFree_SaltyBrickWall">
        <SprayArray value="Decal_Spray_0089_01"/>
        <SprayArray value="Decal_Spray_0090_01"/>
    </CSprayPack>
    <CSprayPack id="WarChestFree_JuiceBoxLingXing">
        <SprayArray value="Decal_Spray_0091_01"/>
        <SprayArray value="Decal_Spray_0092_01"/>
    </CSprayPack>
    <CSprayPack id="WarChestFree_RedBalloonToast">
        <SprayArray value="Decal_Spray_0093_01"/>
        <SprayArray value="Decal_Spray_0094_01"/>
    </CSprayPack>
    <CSprayPack id="WarChestTerran_Caution">
        <SprayArray value="Decal_Spray_0083_01"/>
    </CSprayPack>
    <CSprayPack id="WarChestTerran_Bullseye">
        <SprayArray value="Decal_Spray_0084_01"/>
    </CSprayPack>
    <CSprayPack id="WarChestZerg_MoneyBag">
        <SprayArray value="Decal_Spray_0085_01"/>
    </CSprayPack>
    <CSprayPack id="WarChestZerg_Gift">
        <SprayArray value="Decal_Spray_0086_01"/>
    </CSprayPack>
    <CSprayPack id="WarChestProtoss_Balanced">
        <SprayArray value="Decal_Spray_0087_01"/>
    </CSprayPack>
    <CSprayPack id="WarChestProtoss_NoGas">
        <SprayArray value="Decal_Spray_0088_01"/>
    </CSprayPack>
    <CSprayPack id="WarChestFree_StopCheck">
        <SprayArray value="Decal_Spray_0112_01"/>
        <SprayArray value="Decal_Spray_0113_01"/>
    </CSprayPack>
    <CSprayPack id="WarChestFree_LightBulbPinkHeart">
        <SprayArray value="Decal_Spray_0114_01"/>
        <SprayArray value="Decal_Spray_0115_01"/>
    </CSprayPack>
    <CSprayPack id="WarChestFree_EpicGrips">
        <SprayArray value="Decal_Spray_0100_01"/>
        <SprayArray value="Decal_Spray_0101_01"/>
        <SprayArray value="Decal_Spray_0102_01"/>
        <SprayArray value="Decal_Spray_0103_01"/>
        <SprayArray value="Decal_Spray_0104_01"/>
        <SprayArray value="Decal_Spray_0105_01"/>
    </CSprayPack>
    <CSprayPack id="WarChestFree_SilverMedalGoldStar">
        <SprayArray value="Decal_Spray_0116_01"/>
        <SprayArray value="Decal_Spray_0117_01"/>
    </CSprayPack>
    <CSprayPack id="WarChestTerran_PricklyCactus">
        <SprayArray value="Decal_Spray_0106_01"/>
    </CSprayPack>
    <CSprayPack id="WarChestTerran_Crown">
        <SprayArray value="Decal_Spray_0107_01"/>
    </CSprayPack>
    <CSprayPack id="WarChestZerg_Gavel">
        <SprayArray value="Decal_Spray_0108_01"/>
    </CSprayPack>
    <CSprayPack id="WarChestZerg_SurprisedEyes">
        <SprayArray value="Decal_Spray_0109_01"/>
    </CSprayPack>
    <CSprayPack id="WarChestProtoss_Fork">
        <SprayArray value="Decal_Spray_0110_01"/>
    </CSprayPack>
    <CSprayPack id="WarChestProtoss_Torch">
        <SprayArray value="Decal_Spray_0111_01"/>
    </CSprayPack>
    <CSprayPack id="TwitchPrime2019">
        <ProductId value="48611"/>
        <SprayArray value="Decal_Spray_0065_01"/>
        <SprayArray value="Decal_Spray_0066_01"/>
        <SprayArray value="Decal_Spray_0067_01"/>
        <SprayArray value="Decal_Spray_0068_01"/>
        <SprayArray value="Decal_Spray_0069_01"/>
        <SprayArray value="Decal_Spray_0070_01"/>
        <SprayArray value="Decal_Spray_0071_01"/>
        <SprayArray value="Decal_Spray_0072_01"/>
        <SprayArray value="Decal_Spray_0073_01"/>
        <SprayArray value="Decal_Spray_0074_01"/>
        <SprayArray value="Decal_Spray_0075_01"/>
        <SprayArray value="Decal_Spray_0076_01"/>
    </CSprayPack>
</Catalog>
