<?xml version="1.0" encoding="utf-8"?>
<Catalog>
    <CSpray default="1" id="DecalTerran">
        <Model value="SprayTerranScaled"/>
    </CSpray>
    <CSpray default="1" id="DecalProtoss">
        <Model value="SprayProtossScaled"/>
    </CSpray>
    <CSpray default="1" id="DecalZerg">
        <Model value="SprayZergScaled"/>
    </CSpray>
    <CSpray default="1" id="SprayGlobal">
        <Model value="SprayGlobal"/>
    </CSpray>
    <CSpray id="Decal_Spray_0001_01" parent="SprayGlobal"/>
    <CSpray id="Decal_Spray_0002_01" parent="SprayGlobal"/>
    <CSpray id="Decal_Spray_0003_01" parent="SprayGlobal"/>
    <CSpray id="Decal_Spray_0004_01" parent="SprayGlobal"/>
    <CSpray id="Decal_Spray_0005_01" parent="SprayGlobal"/>
    <CSpray id="Decal_Spray_0006_01" parent="SprayGlobal"/>
    <CSpray id="Decal_Spray_0007_01" parent="SprayGlobal"/>
    <CSpray id="Decal_Spray_0008_01" parent="SprayGlobal"/>
    <CSpray id="Decal_Spray_0009_01" parent="SprayGlobal"/>
    <CSpray id="Decal_Spray_0010_01" parent="SprayGlobal"/>
    <CSpray id="Decal_Spray_0011_01" parent="SprayGlobal"/>
    <CSpray id="Decal_Spray_0012_01" parent="SprayGlobal"/>
    <CSpray id="Decal_Spray_0013_01" parent="SprayGlobal"/>
    <CSpray id="Decal_Spray_0014_01" parent="SprayGlobal"/>
    <CSpray id="Decal_Spray_0015_01" parent="SprayGlobal"/>
    <CSpray id="Decal_Spray_0016_01" parent="SprayGlobal"/>
    <CSpray id="Decal_Spray_0017_01" parent="SprayGlobal"/>
    <CSpray id="Decal_Spray_0018_01" parent="SprayGlobal"/>
    <CSpray id="Decal_Spray_0019_01" parent="SprayGlobal"/>
    <CSpray id="Decal_Spray_0020_01" parent="SprayGlobal"/>
    <CSpray id="Decal_Spray_0021_01" parent="SprayGlobal"/>
    <CSpray id="Decal_Spray_0022_01" parent="SprayGlobal"/>
    <CSpray id="Decal_Spray_0023_01" parent="SprayGlobal"/>
    <CSpray id="Decal_Spray_0025_01" parent="SprayGlobal"/>
    <CSpray id="Decal_Spray_0026_01" parent="SprayGlobal"/>
    <CSpray id="Decal_Spray_0027_01" parent="SprayGlobal"/>
    <CSpray id="Decal_Spray_0028_01" parent="SprayGlobal"/>
    <CSpray id="Decal_Spray_0029_01" parent="SprayGlobal"/>
    <CSpray id="Decal_Spray_0030_01" parent="SprayGlobal"/>
    <CSpray id="Decal_Spray_0031_01" parent="SprayGlobal"/>
    <CSpray id="Decal_Spray_0032_01" parent="SprayGlobal"/>
    <CSpray id="Decal_Spray_0033_01" parent="SprayGlobal"/>
    <CSpray id="Decal_Spray_0034_01" parent="SprayGlobal"/>
    <CSpray id="Decal_Spray_0035_01" parent="SprayGlobal"/>
    <CSpray id="Decal_Spray_0036_01" parent="SprayGlobal"/>
    <CSpray id="Decal_Spray_0037_01" parent="SprayGlobal"/>
    <CSpray id="Decal_Spray_0038_01" parent="SprayGlobal"/>
    <CSpray id="Decal_Spray_0039_01" parent="SprayGlobal"/>
    <CSpray id="Decal_Spray_0040_01" parent="SprayGlobal"/>
    <CSpray id="Decal_Spray_0041_01" parent="SprayGlobal"/>
    <CSpray id="Decal_Spray_0042_01" parent="SprayGlobal"/>
    <CSpray id="Decal_Spray_0043_01" parent="SprayGlobal"/>
    <CSpray id="Decal_Spray_0044_01" parent="SprayGlobal"/>
    <CSpray id="Decal_Spray_0045_01" parent="SprayGlobal"/>
    <CSpray id="Decal_Spray_0046_01" parent="SprayGlobal"/>
    <CSpray id="Decal_Spray_0047_01" parent="SprayGlobal"/>
    <CSpray id="Decal_Spray_0048_01" parent="SprayGlobal"/>
    <CSpray id="Decal_Spray_0049_01" parent="SprayGlobal"/>
    <CSpray id="Decal_Spray_0050_01" parent="SprayGlobal"/>
    <CSpray id="Decal_Spray_0051_01" parent="SprayGlobal"/>
    <CSpray id="Decal_Spray_0052_01" parent="SprayGlobal"/>
    <CSpray id="Decal_Spray_0053_01" parent="SprayGlobal"/>
    <CSpray id="Decal_Spray_0054_01" parent="SprayGlobal"/>
    <CSpray id="Decal_Spray_0055_01" parent="SprayGlobal"/>
    <CSpray id="Decal_Spray_0056_01" parent="SprayGlobal"/>
    <CSpray id="Decal_Spray_0057_01" parent="SprayGlobal"/>
    <CSpray id="Decal_Spray_0058_01" parent="SprayGlobal"/>
    <CSpray id="Decal_Spray_0059_01" parent="SprayGlobal"/>
    <CSpray id="Decal_Spray_0060_01" parent="SprayGlobal"/>
    <CSpray id="Decal_Spray_0061_01" parent="SprayGlobal"/>
    <CSpray id="Decal_Spray_0062_01" parent="SprayGlobal"/>
    <CSpray id="Decal_Spray_0063_01" parent="SprayGlobal"/>
    <CSpray id="Decal_Spray_0064_01" parent="SprayGlobal"/>
    <CSpray id="Decal_Spray_0065_01" parent="SprayGlobal"/>
    <CSpray id="Decal_Spray_0066_01" parent="SprayGlobal"/>
    <CSpray id="Decal_Spray_0067_01" parent="SprayGlobal"/>
    <CSpray id="Decal_Spray_0068_01" parent="SprayGlobal"/>
    <CSpray id="Decal_Spray_0069_01" parent="SprayGlobal"/>
    <CSpray id="Decal_Spray_0070_01" parent="SprayGlobal"/>
    <CSpray id="Decal_Spray_0071_01" parent="SprayGlobal"/>
    <CSpray id="Decal_Spray_0072_01" parent="SprayGlobal"/>
    <CSpray id="Decal_Spray_0073_01" parent="SprayGlobal"/>
    <CSpray id="Decal_Spray_0074_01" parent="SprayGlobal"/>
    <CSpray id="Decal_Spray_0075_01" parent="SprayGlobal"/>
    <CSpray id="Decal_Spray_0076_01" parent="SprayGlobal"/>
    <CSpray id="Decal_Spray_0077_01" parent="SprayGlobal"/>
    <CSpray id="Decal_Spray_0078_01" parent="SprayGlobal"/>
    <CSpray id="Decal_Spray_0079_01" parent="SprayGlobal"/>
    <CSpray id="Decal_Spray_0080_01" parent="SprayGlobal"/>
    <CSpray id="Decal_Spray_0081_01" parent="SprayGlobal"/>
    <CSpray id="Decal_Spray_0082_01" parent="SprayGlobal"/>
    <CSpray id="Decal_Spray_0083_01" parent="SprayGlobal"/>
    <CSpray id="Decal_Spray_0084_01" parent="SprayGlobal"/>
    <CSpray id="Decal_Spray_0085_01" parent="SprayGlobal"/>
    <CSpray id="Decal_Spray_0086_01" parent="SprayGlobal"/>
    <CSpray id="Decal_Spray_0087_01" parent="SprayGlobal"/>
    <CSpray id="Decal_Spray_0088_01" parent="SprayGlobal"/>
    <CSpray id="Decal_Spray_0089_01" parent="SprayGlobal"/>
    <CSpray id="Decal_Spray_0090_01" parent="SprayGlobal"/>
    <CSpray id="Decal_Spray_0091_01" parent="SprayGlobal"/>
    <CSpray id="Decal_Spray_0092_01" parent="SprayGlobal"/>
    <CSpray id="Decal_Spray_0093_01" parent="SprayGlobal"/>
    <CSpray id="Decal_Spray_0094_01" parent="SprayGlobal"/>
    <CSpray id="Decal_Spray_0095_01" parent="SprayGlobal"/>
    <CSpray id="Decal_Spray_0096_01" parent="SprayGlobal"/>
    <CSpray id="Decal_Spray_0097_01" parent="SprayGlobal"/>
    <CSpray id="Decal_Spray_0098_01" parent="SprayGlobal"/>
    <CSpray id="Decal_Spray_0099_01" parent="SprayGlobal"/>
    <CSpray id="Decal_Spray_0100_01" parent="SprayGlobal"/>
    <CSpray id="Decal_Spray_0101_01" parent="SprayGlobal"/>
    <CSpray id="Decal_Spray_0102_01" parent="SprayGlobal"/>
    <CSpray id="Decal_Spray_0103_01" parent="SprayGlobal"/>
    <CSpray id="Decal_Spray_0104_01" parent="SprayGlobal"/>
    <CSpray id="Decal_Spray_0105_01" parent="SprayGlobal"/>
    <CSpray id="Decal_Spray_0106_01" parent="SprayGlobal"/>
    <CSpray id="Decal_Spray_0107_01" parent="SprayGlobal"/>
    <CSpray id="Decal_Spray_0108_01" parent="SprayGlobal"/>
    <CSpray id="Decal_Spray_0109_01" parent="SprayGlobal"/>
    <CSpray id="Decal_Spray_0110_01" parent="SprayGlobal"/>
    <CSpray id="Decal_Spray_0111_01" parent="SprayGlobal"/>
    <CSpray id="Decal_Spray_0112_01" parent="SprayGlobal"/>
    <CSpray id="Decal_Spray_0113_01" parent="SprayGlobal"/>
    <CSpray id="Decal_Spray_0114_01" parent="SprayGlobal"/>
    <CSpray id="Decal_Spray_0115_01" parent="SprayGlobal"/>
    <CSpray id="Decal_Spray_0116_01" parent="SprayGlobal"/>
    <CSpray id="Decal_Spray_0117_01" parent="SprayGlobal"/>
    <CSpray id="Decal_Protoss_0001_01" parent="DecalProtoss"/>
    <CSpray id="Decal_Protoss_0002_01" parent="DecalProtoss"/>
    <CSpray id="Decal_Protoss_0003_01" parent="DecalProtoss"/>
    <CSpray id="Decal_Protoss_0004_01" parent="DecalProtoss"/>
    <CSpray id="Decal_Protoss_0005_01" parent="DecalProtoss"/>
    <CSpray id="Decal_Protoss_0006_01" parent="DecalProtoss"/>
    <CSpray id="Decal_Protoss_0007_01" parent="DecalProtoss"/>
    <CSpray id="Decal_Protoss_0008_01" parent="DecalProtoss"/>
    <CSpray id="Decal_Protoss_0009_01" parent="DecalProtoss"/>
    <CSpray id="Decal_Protoss_0010_01" parent="DecalProtoss"/>
    <CSpray id="Decal_Protoss_0011_01" parent="DecalProtoss"/>
    <CSpray id="Decal_Protoss_0012_01" parent="DecalProtoss"/>
    <CSpray id="Decal_Protoss_0013_01" parent="DecalProtoss"/>
    <CSpray id="Decal_Protoss_0014_01" parent="DecalProtoss"/>
    <CSpray id="Decal_Protoss_0015_01" parent="DecalProtoss"/>
    <CSpray id="Decal_Protoss_0016_01" parent="DecalProtoss"/>
    <CSpray id="Decal_Protoss_0017_01" parent="DecalProtoss"/>
    <CSpray id="Decal_Protoss_0018_01" parent="DecalProtoss"/>
    <CSpray id="Decal_Protoss_0019_01" parent="DecalProtoss"/>
    <CSpray id="Decal_Protoss_0020_01" parent="DecalProtoss"/>
    <CSpray id="Decal_Protoss_0021_01" parent="DecalProtoss"/>
    <CSpray id="Decal_Protoss_0022_01" parent="DecalProtoss"/>
    <CSpray id="Decal_Protoss_0023_01" parent="DecalProtoss"/>
    <CSpray id="Decal_Protoss_0024_01" parent="DecalProtoss"/>
    <CSpray id="Decal_Protoss_0025_01" parent="DecalProtoss"/>
    <CSpray id="Decal_Protoss_0026_01" parent="DecalProtoss"/>
    <CSpray id="Decal_Protoss_0027_01" parent="DecalProtoss"/>
    <CSpray id="Decal_Protoss_0028_01" parent="DecalProtoss"/>
    <CSpray id="Decal_Protoss_0029_01" parent="DecalProtoss"/>
    <CSpray id="Decal_Protoss_0030_01" parent="DecalProtoss"/>
    <CSpray id="Decal_Protoss_0031_01" parent="DecalProtoss"/>
    <CSpray id="Decal_Protoss_0032_01" parent="DecalProtoss"/>
    <CSpray id="Decal_Protoss_0034_01" parent="DecalProtoss"/>
    <CSpray id="Decal_Protoss_0035_01" parent="DecalProtoss"/>
    <CSpray id="Decal_Protoss_0036_01" parent="DecalProtoss"/>
    <CSpray id="Decal_Protoss_0037_01" parent="DecalProtoss"/>
    <CSpray id="Decal_Protoss_0038_01" parent="DecalProtoss"/>
    <CSpray id="Decal_Protoss_0039_01" parent="DecalProtoss"/>
    <CSpray id="Decal_Protoss_0041_01" parent="DecalProtoss"/>
    <CSpray id="Decal_Protoss_0042_01" parent="DecalProtoss"/>
    <CSpray id="Decal_Protoss_0043_01" parent="DecalProtoss"/>
    <CSpray id="Decal_Protoss_0044_01" parent="DecalProtoss"/>
    <CSpray id="Decal_Protoss_0045_01" parent="DecalProtoss"/>
    <CSpray id="Decal_Protoss_0046_01" parent="DecalProtoss"/>
    <CSpray id="Decal_Protoss_0047_01" parent="DecalProtoss"/>
    <CSpray id="Decal_Protoss_0048_01" parent="DecalProtoss"/>
    <CSpray id="Decal_Protoss_0049_01" parent="DecalProtoss"/>
    <CSpray id="Decal_Protoss_0051_01" parent="DecalProtoss"/>
    <CSpray id="Decal_Protoss_0052_01" parent="DecalProtoss"/>
    <CSpray id="Decal_Protoss_0053_01" parent="DecalProtoss"/>
    <CSpray id="Decal_Protoss_0053_02" parent="DecalProtoss"/>
    <CSpray id="Decal_Protoss_0054_01" parent="DecalProtoss"/>
    <CSpray id="Decal_Protoss_0055_01" parent="DecalProtoss"/>
    <CSpray id="Decal_Protoss_0056_01" parent="DecalProtoss"/>
    <CSpray id="Decal_Protoss_0057_01" parent="DecalProtoss"/>
    <CSpray id="Decal_Protoss_0058_01" parent="DecalProtoss"/>
    <CSpray id="Decal_Protoss_0059_01" parent="DecalProtoss"/>
    <CSpray id="Decal_Protoss_0060_01" parent="DecalProtoss"/>
    <CSpray id="Decal_Protoss_0061_01" parent="DecalProtoss"/>
    <CSpray id="Decal_Protoss_0062_01" parent="DecalProtoss"/>
    <CSpray id="Decal_Protoss_0063_01" parent="DecalProtoss"/>
    <CSpray id="Decal_Protoss_0064_01" parent="DecalProtoss"/>
    <CSpray id="Decal_Protoss_0065_01" parent="DecalProtoss"/>
    <CSpray id="Decal_Protoss_0066_01" parent="DecalProtoss"/>
    <CSpray id="Decal_Protoss_0067_01" parent="DecalProtoss"/>
    <CSpray id="Decal_Protoss_0068_01" parent="DecalProtoss"/>
    <CSpray id="Decal_Protoss_0069_01" parent="DecalProtoss"/>
    <CSpray id="Decal_Protoss_0070_01" parent="DecalProtoss"/>
    <CSpray id="Decal_Protoss_0071_01" parent="DecalProtoss"/>
    <CSpray id="Decal_Protoss_0072_01" parent="DecalProtoss"/>
    <CSpray id="Decal_Protoss_0073_01" parent="DecalProtoss"/>
    <CSpray id="Decal_Protoss_0074_01" parent="DecalProtoss"/>
    <CSpray id="Decal_Protoss_0075_01" parent="DecalProtoss"/>
    <CSpray id="Decal_Protoss_0076_01" parent="DecalProtoss"/>
    <CSpray id="Decal_Protoss_0077_01" parent="DecalProtoss"/>
    <CSpray id="Decal_Protoss_0079_01" parent="DecalProtoss"/>
    <CSpray id="Decal_Protoss_0080_01" parent="DecalProtoss"/>
    <CSpray id="Decal_Protoss_0081_01" parent="DecalProtoss"/>
    <CSpray id="Decal_Protoss_0082_01" parent="DecalProtoss"/>
    <CSpray id="Decal_Protoss_0083_01" parent="DecalProtoss"/>
    <CSpray id="Decal_Protoss_0084_01" parent="DecalProtoss"/>
    <CSpray id="Decal_Protoss_0085_01" parent="DecalProtoss"/>
    <CSpray id="Decal_Protoss_0086_01" parent="DecalProtoss"/>
    <CSpray id="Decal_Protoss_0087_01" parent="DecalProtoss"/>
    <CSpray id="Decal_Protoss_0088_01" parent="DecalProtoss"/>
    <CSpray id="Decal_Protoss_0090_01" parent="DecalProtoss"/>
    <CSpray id="Decal_Terran_0001_01" parent="DecalTerran"/>
    <CSpray id="Decal_Terran_0002_01" parent="DecalTerran"/>
    <CSpray id="Decal_Terran_0003_01" parent="DecalTerran"/>
    <CSpray id="Decal_Terran_0003_02" parent="DecalTerran"/>
    <CSpray id="Decal_Terran_0004_01" parent="DecalTerran"/>
    <CSpray id="Decal_Terran_0005_01" parent="DecalTerran"/>
    <CSpray id="Decal_Terran_0005_02" parent="DecalTerran"/>
    <CSpray id="Decal_Terran_0006_01" parent="DecalTerran"/>
    <CSpray id="Decal_Terran_0007_01" parent="DecalTerran"/>
    <CSpray id="Decal_Terran_0007_02" parent="DecalTerran"/>
    <CSpray id="Decal_Terran_0008_01" parent="DecalTerran"/>
    <CSpray id="Decal_Terran_0008_02" parent="DecalTerran"/>
    <CSpray id="Decal_Terran_0009_01" parent="DecalTerran"/>
    <CSpray id="Decal_Terran_0010_01" parent="DecalTerran"/>
    <CSpray id="Decal_Terran_0011_01" parent="DecalTerran"/>
    <CSpray id="Decal_Terran_0012_01" parent="DecalTerran"/>
    <CSpray id="Decal_Terran_0013_01" parent="DecalTerran"/>
    <CSpray id="Decal_Terran_0014_01" parent="DecalTerran"/>
    <CSpray id="Decal_Terran_0015_01" parent="DecalTerran"/>
    <CSpray id="Decal_Terran_0016_01" parent="DecalTerran"/>
    <CSpray id="Decal_Terran_0017_01" parent="DecalTerran"/>
    <CSpray id="Decal_Terran_0018_01" parent="DecalTerran"/>
    <CSpray id="Decal_Terran_0019_01" parent="DecalTerran"/>
    <CSpray id="Decal_Terran_0020_01" parent="DecalTerran"/>
    <CSpray id="Decal_Terran_0021_01" parent="DecalTerran"/>
    <CSpray id="Decal_Terran_0022_01" parent="DecalTerran"/>
    <CSpray id="Decal_Terran_0023_01" parent="DecalTerran"/>
    <CSpray id="Decal_Terran_0024_01" parent="DecalTerran"/>
    <CSpray id="Decal_Terran_0025_01" parent="DecalTerran"/>
    <CSpray id="Decal_Terran_0026_01" parent="DecalTerran"/>
    <CSpray id="Decal_Terran_0027_01" parent="DecalTerran"/>
    <CSpray id="Decal_Terran_0028_01" parent="DecalTerran"/>
    <CSpray id="Decal_Terran_0029_01" parent="DecalTerran"/>
    <CSpray id="Decal_Terran_0030_01" parent="DecalTerran"/>
    <CSpray id="Decal_Terran_0031_01" parent="DecalTerran"/>
    <CSpray id="Decal_Terran_0032_01" parent="DecalTerran"/>
    <CSpray id="Decal_Terran_0034_01" parent="DecalTerran"/>
    <CSpray id="Decal_Terran_0035_01" parent="DecalTerran"/>
    <CSpray id="Decal_Terran_0036_01" parent="DecalTerran"/>
    <CSpray id="Decal_Terran_0037_01" parent="DecalTerran"/>
    <CSpray id="Decal_Terran_0038_01" parent="DecalTerran"/>
    <CSpray id="Decal_Terran_0039_01" parent="DecalTerran"/>
    <CSpray id="Decal_Terran_0041_01" parent="DecalTerran"/>
    <CSpray id="Decal_Terran_0042_01" parent="DecalTerran"/>
    <CSpray id="Decal_Terran_0043_01" parent="DecalTerran"/>
    <CSpray id="Decal_Terran_0044_01" parent="DecalTerran"/>
    <CSpray id="Decal_Terran_0045_01" parent="DecalTerran"/>
    <CSpray id="Decal_Terran_0046_01" parent="DecalTerran"/>
    <CSpray id="Decal_Terran_0047_01" parent="DecalTerran"/>
    <CSpray id="Decal_Terran_0048_01" parent="DecalTerran"/>
    <CSpray id="Decal_Terran_0049_01" parent="DecalTerran"/>
    <CSpray id="Decal_Terran_0051_01" parent="DecalTerran"/>
    <CSpray id="Decal_Terran_0052_01" parent="DecalTerran"/>
    <CSpray id="Decal_Terran_0053_01" parent="DecalTerran"/>
    <CSpray id="Decal_Terran_0053_02" parent="DecalTerran"/>
    <CSpray id="Decal_Terran_0054_01" parent="DecalTerran"/>
    <CSpray id="Decal_Terran_0055_01" parent="DecalTerran"/>
    <CSpray id="Decal_Terran_0056_01" parent="DecalTerran"/>
    <CSpray id="Decal_Terran_0057_01" parent="DecalTerran"/>
    <CSpray id="Decal_Terran_0058_01" parent="DecalTerran"/>
    <CSpray id="Decal_Terran_0059_01" parent="DecalTerran"/>
    <CSpray id="Decal_Terran_0060_01" parent="DecalTerran"/>
    <CSpray id="Decal_Terran_0061_01" parent="DecalTerran"/>
    <CSpray id="Decal_Terran_0062_01" parent="DecalTerran"/>
    <CSpray id="Decal_Terran_0063_01" parent="DecalTerran"/>
    <CSpray id="Decal_Terran_0064_01" parent="DecalTerran"/>
    <CSpray id="Decal_Terran_0065_01" parent="DecalTerran"/>
    <CSpray id="Decal_Terran_0066_01" parent="DecalTerran"/>
    <CSpray id="Decal_Terran_0067_01" parent="DecalTerran"/>
    <CSpray id="Decal_Terran_0068_01" parent="DecalTerran"/>
    <CSpray id="Decal_Terran_0069_01" parent="DecalTerran"/>
    <CSpray id="Decal_Terran_0070_01" parent="DecalTerran"/>
    <CSpray id="Decal_Terran_0071_01" parent="DecalTerran"/>
    <CSpray id="Decal_Terran_0072_01" parent="DecalTerran"/>
    <CSpray id="Decal_Terran_0073_01" parent="DecalTerran"/>
    <CSpray id="Decal_Terran_0074_01" parent="DecalTerran"/>
    <CSpray id="Decal_Terran_0075_01" parent="DecalTerran"/>
    <CSpray id="Decal_Terran_0076_01" parent="DecalTerran"/>
    <CSpray id="Decal_Terran_0077_01" parent="DecalTerran"/>
    <CSpray id="Decal_Terran_0079_01" parent="DecalTerran"/>
    <CSpray id="Decal_Terran_0080_01" parent="DecalTerran"/>
    <CSpray id="Decal_Terran_0081_01" parent="DecalTerran"/>
    <CSpray id="Decal_Terran_0082_01" parent="DecalTerran"/>
    <CSpray id="Decal_Terran_0083_01" parent="DecalTerran"/>
    <CSpray id="Decal_Terran_0084_01" parent="DecalTerran"/>
    <CSpray id="Decal_Terran_0085_01" parent="DecalTerran"/>
    <CSpray id="Decal_Terran_0086_01" parent="DecalTerran"/>
    <CSpray id="Decal_Terran_0087_01" parent="DecalTerran"/>
    <CSpray id="Decal_Terran_0088_01" parent="DecalTerran"/>
    <CSpray id="Decal_Terran_0090_01" parent="DecalTerran"/>
    <CSpray id="Decal_Zerg_0001_01" parent="DecalZerg"/>
    <CSpray id="Decal_Zerg_0002_01" parent="DecalZerg"/>
    <CSpray id="Decal_Zerg_0003_01" parent="DecalZerg"/>
    <CSpray id="Decal_Zerg_0004_01" parent="DecalZerg"/>
    <CSpray id="Decal_Zerg_0005_01" parent="DecalZerg"/>
    <CSpray id="Decal_Zerg_0006_01" parent="DecalZerg"/>
    <CSpray id="Decal_Zerg_0007_01" parent="DecalZerg"/>
    <CSpray id="Decal_Zerg_0008_01" parent="DecalZerg"/>
    <CSpray id="Decal_Zerg_0009_01" parent="DecalZerg"/>
    <CSpray id="Decal_Zerg_0010_01" parent="DecalZerg"/>
    <CSpray id="Decal_Zerg_0011_01" parent="DecalZerg"/>
    <CSpray id="Decal_Zerg_0012_01" parent="DecalZerg"/>
    <CSpray id="Decal_Zerg_0013_01" parent="DecalZerg"/>
    <CSpray id="Decal_Zerg_0014_01" parent="DecalZerg"/>
    <CSpray id="Decal_Zerg_0015_01" parent="DecalZerg"/>
    <CSpray id="Decal_Zerg_0016_01" parent="DecalZerg"/>
    <CSpray id="Decal_Zerg_0017_01" parent="DecalZerg"/>
    <CSpray id="Decal_Zerg_0018_01" parent="DecalZerg"/>
    <CSpray id="Decal_Zerg_0019_01" parent="DecalZerg"/>
    <CSpray id="Decal_Zerg_0020_01" parent="DecalZerg"/>
    <CSpray id="Decal_Zerg_0021_01" parent="DecalZerg"/>
    <CSpray id="Decal_Zerg_0022_01" parent="DecalZerg"/>
    <CSpray id="Decal_Zerg_0023_01" parent="DecalZerg"/>
    <CSpray id="Decal_Zerg_0024_01" parent="DecalZerg"/>
    <CSpray id="Decal_Zerg_0025_01" parent="DecalZerg"/>
    <CSpray id="Decal_Zerg_0026_01" parent="DecalZerg"/>
    <CSpray id="Decal_Zerg_0027_01" parent="DecalZerg"/>
    <CSpray id="Decal_Zerg_0028_01" parent="DecalZerg"/>
    <CSpray id="Decal_Zerg_0029_01" parent="DecalZerg"/>
    <CSpray id="Decal_Zerg_0030_01" parent="DecalZerg"/>
    <CSpray id="Decal_Zerg_0031_01" parent="DecalZerg"/>
    <CSpray id="Decal_Zerg_0032_01" parent="DecalZerg"/>
    <CSpray id="Decal_Zerg_0034_01" parent="DecalZerg"/>
    <CSpray id="Decal_Zerg_0035_01" parent="DecalZerg"/>
    <CSpray id="Decal_Zerg_0036_01" parent="DecalZerg"/>
    <CSpray id="Decal_Zerg_0037_01" parent="DecalZerg"/>
    <CSpray id="Decal_Zerg_0038_01" parent="DecalZerg"/>
    <CSpray id="Decal_Zerg_0039_01" parent="DecalZerg"/>
    <CSpray id="Decal_Zerg_0041_01" parent="DecalZerg"/>
    <CSpray id="Decal_Zerg_0042_01" parent="DecalZerg"/>
    <CSpray id="Decal_Zerg_0043_01" parent="DecalZerg"/>
    <CSpray id="Decal_Zerg_0044_01" parent="DecalZerg"/>
    <CSpray id="Decal_Zerg_0045_01" parent="DecalZerg"/>
    <CSpray id="Decal_Zerg_0046_01" parent="DecalZerg"/>
    <CSpray id="Decal_Zerg_0047_01" parent="DecalZerg"/>
    <CSpray id="Decal_Zerg_0048_01" parent="DecalZerg"/>
    <CSpray id="Decal_Zerg_0049_01" parent="DecalZerg"/>
    <CSpray id="Decal_Zerg_0051_01" parent="DecalZerg"/>
    <CSpray id="Decal_Zerg_0052_01" parent="DecalZerg"/>
    <CSpray id="Decal_Zerg_0053_01" parent="DecalZerg"/>
    <CSpray id="Decal_Zerg_0053_02" parent="DecalZerg"/>
    <CSpray id="Decal_Zerg_0054_01" parent="DecalZerg"/>
    <CSpray id="Decal_Zerg_0055_01" parent="DecalZerg"/>
    <CSpray id="Decal_Zerg_0056_01" parent="DecalZerg"/>
    <CSpray id="Decal_Zerg_0057_01" parent="DecalZerg"/>
    <CSpray id="Decal_Zerg_0058_01" parent="DecalZerg"/>
    <CSpray id="Decal_Zerg_0059_01" parent="DecalZerg"/>
    <CSpray id="Decal_Zerg_0060_01" parent="DecalZerg"/>
    <CSpray id="Decal_Zerg_0061_01" parent="DecalZerg"/>
    <CSpray id="Decal_Zerg_0062_01" parent="DecalZerg"/>
    <CSpray id="Decal_Zerg_0063_01" parent="DecalZerg"/>
    <CSpray id="Decal_Zerg_0064_01" parent="DecalZerg"/>
    <CSpray id="Decal_Zerg_0065_01" parent="DecalZerg"/>
    <CSpray id="Decal_Zerg_0066_01" parent="DecalZerg"/>
    <CSpray id="Decal_Zerg_0067_01" parent="DecalZerg"/>
    <CSpray id="Decal_Zerg_0068_01" parent="DecalZerg"/>
    <CSpray id="Decal_Zerg_0069_01" parent="DecalZerg"/>
    <CSpray id="Decal_Zerg_0070_01" parent="DecalZerg"/>
    <CSpray id="Decal_Zerg_0071_01" parent="DecalZerg"/>
    <CSpray id="Decal_Zerg_0072_01" parent="DecalZerg"/>
    <CSpray id="Decal_Zerg_0073_01" parent="DecalZerg"/>
    <CSpray id="Decal_Zerg_0074_01" parent="DecalZerg"/>
    <CSpray id="Decal_Zerg_0075_01" parent="DecalZerg"/>
    <CSpray id="Decal_Zerg_0076_01" parent="DecalZerg"/>
    <CSpray id="Decal_Zerg_0077_01" parent="DecalZerg"/>
    <CSpray id="Decal_Zerg_0079_01" parent="DecalZerg"/>
    <CSpray id="Decal_Zerg_0080_01" parent="DecalZerg"/>
    <CSpray id="Decal_Zerg_0081_01" parent="DecalZerg"/>
    <CSpray id="Decal_Zerg_0082_01" parent="DecalZerg"/>
    <CSpray id="Decal_Zerg_0083_01" parent="DecalZerg"/>
    <CSpray id="Decal_Zerg_0084_01" parent="DecalZerg"/>
    <CSpray id="Decal_Zerg_0085_01" parent="DecalZerg"/>
    <CSpray id="Decal_Zerg_0086_01" parent="DecalZerg"/>
    <CSpray id="Decal_Zerg_0087_01" parent="DecalZerg"/>
    <CSpray id="Decal_Zerg_0088_01" parent="DecalZerg"/>
    <CSpray id="Decal_Zerg_0090_01" parent="DecalZerg"/>
</Catalog>
