<?xml version="1.0" encoding="us-ascii"?>
<Catalog>
    <CStimPack id="STIMPACKBASE" default="1">
        <Name value="Stimpack/Name/##id##"/>
        <StoreName value="Stimpack/StoreName/##id##"/>
        <ShortName value="Stimpack/ShortName/##id##"/>
        <StoreTypeName value="UI/StoreTypeName/Stimpack"/>
    </CStimPack>
    <CStimPack id="TychusStimpack" parent="STIMPACKBASE">
        <ProductId value="42150"/>
        <Duration value="30"/>
        <ReleaseDate value="9/4/2018"/>
    </CStimPack>
    <CStimPack id="ZeratulStimpack" parent="STIMPACKBASE">
        <ProductId value="45551"/>
        <Duration value="30"/>
        <ReleaseDate value="11//2018"/>
    </CStimPack>
    <CStimPack id="StetmannStimpack" parent="STIMPACKBASE">
        <ProductId value="55890"/>
        <Duration value="30"/>
        <ReleaseDate value="5//2019"/>
    </CStimPack>
    <CStimPack id="MengskStimpack" parent="STIMPACKBASE">
        <ProductId value="71090"/>
        <Duration value="30"/>
        <ReleaseDate value="11/26/2019"/>
    </CStimPack>
</Catalog>
