<?xml version="1.0" encoding="us-ascii"?>
<Catalog>
    <CTacticalOrder id="Reaper">
        <Abil value="D8Charge"/>
        <TargetFind value="TacticalD8ChargeTarget"/>
        <Retreat value="1"/>
    </CTacticalOrder>
    <CTacticalOrder id="Phoenix">
        <Abil value="GravitonBeam"/>
        <TargetFind value="GravitonBeamTarget"/>
    </CTacticalOrder>
    <CTacticalOrder id="HighTemplar">
        <Abil value="PsiStorm"/>
        <TargetFind value="PsiStorm"/>
    </CTacticalOrder>
    <CTacticalOrder id="Stalker">
        <Abil value="Blink"/>
        <TargetFind value="Blink"/>
    </CTacticalOrder>
    <CTacticalSet id="Ghost">
        <Array value="GhostEMP"/>
        <Array value="GhostCloaked"/>
        <Array value="GhostDeCloaked"/>
    </CTacticalSet>
    <CTacticalOrder id="GhostEMP">
        <!--<Marker></Marker>-->
        <Abil value="EMP"/>
        <TargetFind value="EMP"/>
    </CTacticalOrder>
    <!--<CTacticalSet id="Raven">
        <Array value="CastAutoTurret"/>    
    </CTacticalSet>
    <CTacticalOrder id="CastAutoTurret">
        <Abil value="AutoTurret"/>
        <TargetFind value="TacticalAutoTurret"/>
    </CTacticalOrder>-->
    <!--<CTacticalSet id="Overlord">
        <Array value="OverlordCreepStart"/>
        <Array value="OverlordCreepStop"/>
    </CTacticalSet>
    <CTacticalOrder id="OverlordCreepStart">
        <Abil value="GenerateCreep"/>
        <Validator value="TacticalGenerateCreepStart"/>
    </CTacticalOrder>
    <CTacticalOrder id="OverlordCreepStop">
        <Abil value="GenerateCreep"/>
        <AbilCmdIndex value="1"/>
        <Validator value="TacticalGenerateCreepStop"/>
    </CTacticalOrder>-->
    <CTacticalOrder id="SiegeTank">
        <Abil value="SiegeMode"/>
        <Validator value="TacticalSiegeTankSeige"/>
    </CTacticalOrder>
    <CTacticalOrder id="SiegeTankSieged">
        <Abil value="Unsiege"/>
        <Validator value="TacticalSiegeTankUnsiege"/>
    </CTacticalOrder>
    <CTacticalOrder id="BattlecruiserDefensiveMatrix">
        <Abil value="DefensiveMatrix"/>
        <Validator value="TacticalDefensiveMatrix"/>
    </CTacticalOrder>
    <CTacticalOrder id="BattlecruiserHurricane">
        <Abil value="MissilePods"/>
        <TargetFind value="MissilePods"/>
    </CTacticalOrder>
    <CTacticalOrder id="Loki">
        <Abil value="LokiMissilePods"/>
        <TargetFind value="LokiMissilePods"/>
    </CTacticalOrder>
    <CTacticalOrder id="Marine">
        <Abil value="Stimpack"/>
        <Validator value="TacticalStimpack"/>
    </CTacticalOrder>
    <CTacticalOrder id="Marauder">
        <Abil value="Stimpack"/>
        <Validator value="TacticalStimpack"/>
    </CTacticalOrder>
    <CTacticalOrder id="DominionKillTeam">
        <Abil value="Stimpack"/>
        <Validator value="DomTacticalStimpack"/>
    </CTacticalOrder>
    <CTacticalOrder id="Carrier">
        <Abil value="CarrierHangar"/>
        <Validator value="HangarQueueEmpty"/>
    </CTacticalOrder>
    <CTacticalOrder id="SupplyDepot">
        <Abil value="SupplyDepotLower"/>
        <Validator value="TacticalSupplyDepotDown"/>
    </CTacticalOrder>
    <!--<CTacticalOrder id="SupplyDepotLowered">
        <Abil value="SupplyDepotRaise"/>
        <Validator value="TacticalSupplyDepotRaise"/>
    </CTacticalOrder>-->
    <!-- Rally Points -->
    <CTacticalSet id="Hive">
        <Array value="HatcheryDefaultRally"/>
        <Array value="HatcheryWorkerRally"/>
    </CTacticalSet>
    <CTacticalSet id="Lair">
        <Array value="HatcheryDefaultRally"/>
        <Array value="HatcheryWorkerRally"/>
    </CTacticalSet>
    <CTacticalSet id="Hatchery">
        <Array value="HatcheryDefaultRally"/>
        <Array value="HatcheryWorkerRally"/>
    </CTacticalSet>
    <CTacticalOrder id="HatcheryDefaultRally">
        <Abil value="Rally"/>
        <TargetFind value="DefaultRallyPoint"/>
    </CTacticalOrder>
    <CTacticalOrder id="HatcheryWorkerRally">
        <Abil value="Rally"/>
        <AbilCmdIndex value="1"/>
        <TargetFind value="WorkerRallyPointHatchery"/>
    </CTacticalOrder>
    <CTacticalOrder id="Nexus">
        <Abil value="Rally"/>
        <TargetFind value="WorkerRallyPoint"/>
    </CTacticalOrder>
    <CTacticalOrder id="OrbitalCommand">
        <Abil value="Rally"/>
        <TargetFind value="WorkerRallyPoint"/>
    </CTacticalOrder>
    <CTacticalOrder id="PlanetaryFortress">
        <Abil value="Rally"/>
        <TargetFind value="WorkerRallyPoint"/>
    </CTacticalOrder>
    <CTacticalOrder id="CommandCenter">
        <Abil value="Rally"/>
        <TargetFind value="WorkerRallyPoint"/>
    </CTacticalOrder>
    <CTacticalOrder id="RoboticsFacility">
        <Abil value="Rally"/>
        <TargetFind value="DefaultRallyPoint"/>
    </CTacticalOrder>
    <CTacticalOrder id="Gateway">
        <Abil value="Rally"/>
        <TargetFind value="DefaultRallyPoint"/>
    </CTacticalOrder>
    <CTacticalOrder id="Stargate">
        <Abil value="Rally"/>
        <TargetFind value="DefaultRallyPoint"/>
    </CTacticalOrder>
    <CTacticalOrder id="Starport">
        <Abil value="Rally"/>
        <TargetFind value="DefaultRallyPoint"/>
    </CTacticalOrder>
    <CTacticalOrder id="Factory">
        <Abil value="Rally"/>
        <TargetFind value="DefaultRallyPoint"/>
    </CTacticalOrder>
    <CTacticalOrder id="Barracks">
        <Abil value="Rally"/>
        <TargetFind value="DefaultRallyPoint"/>
    </CTacticalOrder>
    <!-- Cloaking -->
    <CTacticalOrder id="GhostCloaked">
        <Abil value="GhostCloak"/>
        <AbilCmdIndex value="1"/>
        <Validator value="TacticalGhostCloakOff"/>
    </CTacticalOrder>
    <CTacticalOrder id="GhostDeCloaked">
        <Abil value="GhostCloak"/>
        <Validator value="TacticalGhostCloakOn"/>
    </CTacticalOrder>
    <CTacticalSet id="Banshee">
        <Array value="BansheeCloaked"/>
        <Array value="BansheeDeCloaked"/>
    </CTacticalSet>
    <CTacticalSet id="DustWingBanshee">
        <Array value="BansheeCloaked"/>
        <Array value="BansheeDeCloaked"/>
    </CTacticalSet>
    <CTacticalOrder id="BansheeCloaked">
        <Abil value="BansheeCloak"/>
        <AbilCmdIndex value="1"/>
        <Validator value="TacticalBansheeCloakOff"/>
    </CTacticalOrder>
    <CTacticalOrder id="BansheeDeCloaked">
        <Abil value="BansheeCloak"/>
        <Validator value="TacticalBansheeCloakOn"/>
    </CTacticalOrder>
    <!-- Burrow -->
    <CTacticalOrder id="Drone">
        <Abil value="BurrowDroneDown"/>
        <Validator value="TacticalBurrowDroneDown"/>
    </CTacticalOrder>
    <CTacticalOrder id="DroneBurrowed">
        <Abil value="BurrowDroneUp"/>
        <Validator value="TacticalBurrowDroneUp"/>
    </CTacticalOrder>
    <!--Infestor no longer has InfestorDisease ability-->
    <CTacticalSet id="Infestor">
        <Array value="InfestorBurrowDown"/>
        <!--<Array value="InfestorDisease"/>-->
    </CTacticalSet>
    <CTacticalSet id="InfestorBurrowed">
        <Array value="InfestorBurrowUp"/>
        <!--<Array value="InfestorDisease"/>-->
    </CTacticalSet>
    <CTacticalOrder id="InfestorBurrowDown">
        <Abil value="BurrowInfestorDown"/>
        <Validator value="TacticalBurrowInfestorDown"/>
    </CTacticalOrder>
    <CTacticalOrder id="InfestorBurrowUp">
        <Abil value="BurrowInfestorUp"/>
        <Validator value="TacticalBurrowInfestorUp"/>
    </CTacticalOrder>
    <CTacticalOrder id="InfestorDisease">
        <Abil value="InfestorDisease"/>
        <TargetFind value="InfestorDisease"/>
    </CTacticalOrder>
    <CTacticalOrder id="Lurker">
        <Abil value="BurrowLurkerDown"/>
        <Validator value="TacticalBurrowLurkerDown"/>
    </CTacticalOrder>
    <CTacticalOrder id="LurkerBurrowed">
        <Abil value="BurrowLurkerUp"/>
        <Validator value="TacticalBurrowLurkerUp"/>
    </CTacticalOrder>
    <CTacticalOrder id="Queen">
        <Abil value="BurrowQueenDown"/>
        <Validator value="TacticalBurrowQueenDown"/>
    </CTacticalOrder>
    <CTacticalOrder id="QueenBurrowed">
        <Abil value="BurrowQueenUp"/>
        <Validator value="TacticalBurrowQueenUp"/>
    </CTacticalOrder>
    <CTacticalOrder id="Zergling">
        <Abil value="BurrowZerglingDown"/>
        <Validator value="TacticalBurrowZerglingDown"/>
    </CTacticalOrder>
    <CTacticalOrder id="ZerglingBurrowed">
        <Abil value="BurrowZerglingUp"/>
        <Validator value="TacticalBurrowZerglingUp"/>
    </CTacticalOrder>
    <CTacticalOrder id="Baneling">
        <Abil value="BurrowBanelingDown"/>
        <Validator value="TacticalBurrowBanelingDown"/>
    </CTacticalOrder>
    <CTacticalOrder id="BanelingBurrowed">
        <Abil value="BurrowBanelingUp"/>
        <Validator value="TacticalBurrowBanelingUp"/>
    </CTacticalOrder>
    <CTacticalOrder id="Hydralisk">
        <Abil value="BurrowHydraliskDown"/>
        <Validator value="TacticalBurrowHydraliskDown"/>
    </CTacticalOrder>
    <CTacticalOrder id="HydraliskBurrowed">
        <Abil value="BurrowHydraliskUp"/>
        <Validator value="TacticalBurrowHydraliskUp"/>
    </CTacticalOrder>
    <CTacticalOrder id="Roach">
        <Abil value="BurrowRoachDown"/>
        <Validator value="TacticalBurrowRoachDown"/>
    </CTacticalOrder>
    <CTacticalOrder id="RoachBurrowed">
        <Abil value="BurrowRoachUp"/>
        <Validator value="TacticalBurrowRoachUp"/>
    </CTacticalOrder>
    <CTacticalOrder id="Ultralisk">
        <Abil value="BurrowUltraliskDown"/>
        <Validator value="TacticalBurrowUltraliskDown"/>
    </CTacticalOrder>
    <CTacticalOrder id="UltraliskBurrowed">
        <Abil value="BurrowUltraliskUp"/>
        <Validator value="TacticalBurrowUltraliskUp"/>
    </CTacticalOrder>
</Catalog>
