<?xml version="1.0" encoding="utf-8"?>
<Catalog>
    <CTalent id="CommanderAlarakStrongestSurvive" parent="CommanderDefaultSettings"/>
    <CTalent id="CommanderAlarakImprovedStructureOvercharge" parent="CommanderDefaultSettings"/>
    <CTalent id="CommanderAlarakImprovedDeadlyCharge" parent="CommanderDefaultSettings"/>
    <CTalent id="CommanderAlarakTwilightCouncilUpgradesPack" parent="CommanderDefaultSettings"/>
    <CTalent id="CommanderAlarakEmpowerMeSlaves" parent="CommanderDefaultSettings"/>
    <CTalent id="CommanderAlarakRoboticsBayUpgradesPack" parent="CommanderDefaultSettings"/>
    <CTalent id="CommanderAlarakLightningStrikes" parent="CommanderDefaultSettings"/>
    <CTalent id="CommanderAlarakUnlockAscendant" parent="CommanderDefaultSettings"/>
    <CTalent id="CommanderAlarakHavocUpgradesPack" parent="CommanderDefaultSettings"/>
    <CTalent id="CommanderAlarakUnlockDeathFleet" parent="CommanderDefaultSettings"/>
    <CTalent id="CommanderAlarakEmpoweredAOEAttacks" parent="CommanderDefaultSettings"/>
    <CTalent id="CommanderAlarakTemplarArchivesUpgradesPack" parent="CommanderDefaultSettings"/>
    <CTalent id="CommanderAlarakImprovedDeathFleet" parent="CommanderDefaultSettings"/>
    <CTalent id="CommanderAlarakForgeAlarakUpgrades" parent="CommanderDefaultSettings"/>
    <CTalent id="CommanderAlarakSupplicantSacrificeCDR" parent="CommanderDefaultSettings"/>
    <CTalent id="CommanderArtanisHighArchon" parent="CommanderDefaultSettings"/>
    <CTalent id="CommanderArtanisStartingMaxSupply" parent="CommanderDefaultSettings"/>
    <CTalent id="CommanderArtanisImprovedSolarBombardment" parent="CommanderDefaultSettings"/>
    <CTalent id="CommanderArtanisUnlockTempest" parent="CommanderDefaultSettings"/>
    <CTalent id="CommanderArtanisSpearofAdunSolarBombardment" parent="CommanderDefaultSettings"/>
    <CTalent id="CommanderArtanisSpearofAdunGuardianShell" parent="CommanderDefaultSettings"/>
    <CTalent id="CommanderArtanisSpearofAdunMatrixOverload" parent="CommanderDefaultSettings"/>
    <CTalent id="CommanderArtanisFleetBeaconUpgradesPack" parent="CommanderDefaultSettings"/>
    <CTalent id="CommanderArtanisSpearofAdunWarpHarmonization" parent="CommanderDefaultSettings"/>
    <CTalent id="CommanderArtanisRoboticsBayUpgradesPack" parent="CommanderDefaultSettings"/>
    <CTalent id="CommanderArtanisUnlockReaver" parent="CommanderDefaultSettings"/>
    <CTalent id="CommanderArtanisTemplarArchivesUpgradesPack" parent="CommanderDefaultSettings"/>
    <CTalent id="CommanderArtanisSpearofAdunShieldOvercharge" parent="CommanderDefaultSettings"/>
    <CTalent id="CommanderArtanisSwiftRetribution" parent="CommanderDefaultSettings"/>
    <CTalent id="CommanderArtanisWarpgateCharges" parent="CommanderDefaultSettings"/>
    <CTalent id="CommanderArtanisTwilightCouncilUpgradesPack" parent="CommanderDefaultSettings"/>
    <CTalent id="CommanderFenixBaseTrait" parent="CommanderDefaultSettings"/>
    <CTalent id="CommanderFenixUnlockPurifierConclave" parent="CommanderDefaultSettings"/>
    <CTalent id="CommanderFenixUnlockArbiterSuit" parent="CommanderDefaultSettings"/>
    <CTalent id="CommanderFenixPurifierConclaveResearchPack1" parent="CommanderDefaultSettings"/>
    <CTalent id="CommanderFenixUnlockPurifierAI1" parent="CommanderDefaultSettings"/>
    <CTalent id="CommanderFenixSuitUpgrades" parent="CommanderDefaultSettings"/>
    <CTalent id="CommanderFenixUnlockDisruptor" parent="CommanderDefaultSettings"/>
    <CTalent id="CommanderFenixUnlockPurifierAI2" parent="CommanderDefaultSettings"/>
    <CTalent id="CommanderFenixDisruptorSentryResearchPack" parent="CommanderDefaultSettings"/>
    <CTalent id="CommanderFenixNoTechNoGas" parent="CommanderDefaultSettings"/>
    <CTalent id="CommanderFenixChampionTransferBuff" parent="CommanderDefaultSettings"/>
    <CTalent id="CommanderFenixPurifierConclaveResearchPack2" parent="CommanderDefaultSettings"/>
    <CTalent id="CommanderFenixOfflineSuitRegen" parent="CommanderDefaultSettings"/>
    <CTalent id="CommanderFenixPurifierConclaveResearchPack3" parent="CommanderDefaultSettings"/>
    <CTalent id="CommanderFenixNetworkedSuperiority" parent="CommanderDefaultSettings"/>
    <CTalent id="CommanderKaraxUnitSpawnBarrier" parent="CommanderDefaultSettings"/>
    <CTalent id="CommanderKaraxUnlockSOAChronoPassive" parent="CommanderDefaultSettings"/>
    <CTalent id="CommanderStetmannLevel01" parent="CommanderDefaultSettings"/>
    <CTalent id="CommanderStetmannLevel02" parent="CommanderDefaultSettings"/>
    <CTalent id="CommanderStetmannLevel03" parent="CommanderDefaultSettings"/>
    <CTalent id="CommanderStetmannLevel04" parent="CommanderDefaultSettings"/>
    <CTalent id="CommanderStetmannLevel05" parent="CommanderDefaultSettings"/>
    <CTalent id="CommanderStetmannLevel06" parent="CommanderDefaultSettings"/>
    <CTalent id="CommanderStetmannLevel07" parent="CommanderDefaultSettings"/>
    <CTalent id="CommanderStetmannLevel08" parent="CommanderDefaultSettings"/>
    <CTalent id="CommanderStetmannLevel09" parent="CommanderDefaultSettings"/>
    <CTalent id="CommanderStetmannLevel10" parent="CommanderDefaultSettings"/>
    <CTalent id="CommanderStetmannLevel11" parent="CommanderDefaultSettings"/>
    <CTalent id="CommanderStetmannLevel12" parent="CommanderDefaultSettings"/>
    <CTalent id="CommanderStetmannLevel13" parent="CommanderDefaultSettings"/>
    <CTalent id="CommanderStetmannLevel14" parent="CommanderDefaultSettings"/>
    <CTalent id="CommanderStetmannLevel15" parent="CommanderDefaultSettings"/>
    <CTalent id="MasteryAbathurDoubleBiomass" parent="CommanderDefaultSettings"/>
    <CTalent id="MasteryKaraxUnitVital" parent="CommanderDefaultSettings"/>
    <CTalent id="MasteryMengskTrooperMandateRegeneration" parent="CommanderDefaultSettings">
        <Face value="MasteryMengsk1"/>
    </CTalent>
    <CTalent id="MasteryMengskRoyalGuardMandateRegeneration" parent="CommanderDefaultSettings">
        <Face value="MasteryMengsk2"/>
    </CTalent>
    <CTalent id="MasteryMengskImperialPowers" parent="CommanderDefaultSettings">
        <Face value="MasteryMengsk3"/>
    </CTalent>
    <CTalent id="MasteryMengskRoyalGuardCost" parent="CommanderDefaultSettings">
        <Face value="MasteryMengsk4"/>
    </CTalent>
    <CTalent id="MasteryMengskStartingImperialMandate" parent="CommanderDefaultSettings">
        <Face value="MasteryMengsk5"/>
    </CTalent>
    <CTalent id="MasteryMengskRoyalGuardVeterancyRate" parent="CommanderDefaultSettings">
        <Face value="MasteryMengsk6"/>
    </CTalent>
    <CTalent id="MasteryStetmannUpgradeResourceCost" parent="CommanderDefaultSettings"/>
    <CTalent id="MasteryStetmannGaryAbilityCooldown" parent="CommanderDefaultSettings"/>
    <CTalent id="MasteryStetmannStetzoneBonuses" parent="CommanderDefaultSettings"/>
    <CTalent id="MasteryStetmannMaximumEgonergyPool" parent="CommanderDefaultSettings"/>
    <CTalent id="MasteryStetmannDeployStetelliteCooldown" parent="CommanderDefaultSettings"/>
    <CTalent id="MasteryStetmannStructureMorphRate" parent="CommanderDefaultSettings"/>
    <CTalent id="PHCommanderRaynorArmorVanadium" parent="CommanderDefaultSettings">
        <Face value="CommanderRaynorArmorVanadiumPH"/>
    </CTalent>
    <CTalent id="CommanderVorazunImprovedTimeStop" parent="CommanderDefaultSettings"/>
    <CTalent id="CommanderVorazunFleetBeaconUpgradesPack" parent="CommanderDefaultSettings"/>
    <CTalent id="CommanderVorazunShadowGuardIncreasedSpawnCount" parent="CommanderDefaultSettings"/>
    <CTalent id="CommanderVorazunSpearofAdunEmergencyRecall" parent="CommanderDefaultSettings"/>
    <CTalent id="CommanderVorazunCloakedUnitsDamageBoost" parent="CommanderDefaultSettings"/>
    <CTalent id="CommanderVorazunSpearofAdunTimeStop" parent="CommanderDefaultSettings"/>
    <CTalent id="CommanderVorazunImprovedShieldRegeneration" parent="CommanderDefaultSettings"/>
    <CTalent id="CommanderVorazunImprovedSpearofAdunBlackhole" parent="CommanderDefaultSettings"/>
    <CTalent id="CommanderVorazunDarkArchonUpgradesPack" parent="CommanderDefaultSettings"/>
    <CTalent id="CommanderVorazunDarkPylonRecall" parent="CommanderDefaultSettings"/>
    <CTalent id="CommanderVorazunTwilightCouncilUpgradesPack" parent="CommanderDefaultSettings"/>
    <CTalent id="CommanderVorazunShadowStalk" parent="CommanderDefaultSettings"/>
    <CTalent id="CommanderVorazunSpearofAdunOrbitalAssimilators" parent="CommanderDefaultSettings"/>
    <CTalent id="CommanderVorazunShadowGuardGainDetectionSuppression" parent="CommanderDefaultSettings"/>
    <CTalent id="CommanderKaraxOrbitalAssault" parent="CommanderDefaultSettings"/>
    <CTalent id="CommanderVorazunUnlockDarkArchon" parent="CommanderDefaultSettings"/>
    <CTalent id="CommanderVorazunDarkTemplarUpgradesPack" parent="CommanderDefaultSettings"/>
    <CTalent id="CommanderKaraxFleetBeaconUpgradesPack" parent="CommanderDefaultSettings"/>
    <CTalent id="CommanderKaraxForgeUpgradesPack" parent="CommanderDefaultSettings"/>
    <CTalent id="CommanderKaraxInstantStructureWarp" parent="CommanderDefaultSettings"/>
    <CTalent id="CommanderKaraxMassChronoUpgrade" parent="CommanderDefaultSettings"/>
    <CTalent id="CommanderKaraxPurifierBeamUpgrade" parent="CommanderDefaultSettings"/>
    <CTalent id="CommanderKaraxRoboticsBayUpgradesPack" parent="CommanderDefaultSettings"/>
    <CTalent id="CommanderKaraxSolarForgeUpgradesPack1" parent="CommanderDefaultSettings"/>
    <CTalent id="CommanderKaraxSolarForgeUpgradesPack2" parent="CommanderDefaultSettings"/>
    <CTalent id="CommanderKaraxTwilightCouncilUpgradesPack" parent="CommanderDefaultSettings"/>
    <CTalent id="CommanderKaraxUnlockKhaydarinMonolith" parent="CommanderDefaultSettings"/>
    <CTalent id="CommanderKaraxUnlockPurifierBeam" parent="CommanderDefaultSettings"/>
    <CTalent id="CommanderKaraxUnlockRepairBeam" parent="CommanderDefaultSettings"/>
    <CTalent id="CommanderRaynorUnlockBattlecruiser" parent="CommanderDefaultSettings"/>
    <CTalent id="CommanderRaynorInfantrySpecialist" parent="CommanderDefaultSettings"/>
    <CTalent id="CommanderRaynorHyperionAdvancedTargetingSystems" parent="CommanderDefaultSettings"/>
    <CTalent id="CommanderRaynorOrbitalDepots" parent="CommanderDefaultSettings"/>
    <CTalent id="CommanderRaynorBansheeAirStrike" parent="CommanderDefaultSettings"/>
    <CTalent id="CommanderRaynorImprovedMULECalldown" parent="CommanderDefaultSettings"/>
    <CTalent id="CommanderRaynorAdditionalArmoryUpgrades" parent="CommanderDefaultSettings"/>
    <CTalent id="CommanderRaynorStarportUpgradePack" parent="CommanderDefaultSettings"/>
    <CTalent id="CommanderRaynorOrbitalDropPods" parent="CommanderDefaultSettings"/>
    <CTalent id="CommanderRaynorFirebatandMedicRange" parent="CommanderDefaultSettings"/>
    <CTalent id="CommanderRaynorEngineeringBayUpgradePack" parent="CommanderDefaultSettings"/>
    <CTalent id="CommanderRaynorInfantryUpgradePack" parent="CommanderDefaultSettings"/>
    <CTalent id="CommanderRaynorHyperionAbility" parent="CommanderDefaultSettings"/>
    <CTalent id="CommanderRaynorFactoryUpgradePack" parent="CommanderDefaultSettings"/>
    <CTalent id="CommanderRaynorImprovedInfantryWeapons" parent="CommanderDefaultSettings"/>
    <CTalent id="CommanderStukovAutoCreep" parent="CommanderDefaultSettings"/>
    <CTalent id="CommanderStukovImprovedInfestStructure" parent="CommanderDefaultSettings"/>
    <CTalent id="CommanderStukovExtraInfestedCivilians" parent="CommanderDefaultSettings"/>
    <CTalent id="CommanderStukovApocalisk" parent="CommanderDefaultSettings"/>
    <CTalent id="CommanderStukovAleksander" parent="CommanderDefaultSettings"/>
    <CTalent id="CommanderStukovBunkerResearch" parent="CommanderDefaultSettings"/>
    <CTalent id="CommanderStukovImprovedMarineSpawning" parent="CommanderDefaultSettings"/>
    <CTalent id="CommanderStukovInfestedCivilianResearch" parent="CommanderDefaultSettings"/>
    <CTalent id="CommanderStukovQueenClassic" parent="CommanderDefaultSettings"/>
    <CTalent id="CommanderStukovInfestedFactoryResearchPack" parent="CommanderDefaultSettings"/>
    <CTalent id="CommanderStukovApocaliskUpgraded" parent="CommanderDefaultSettings"/>
    <CTalent id="CommanderStukovInfestedStarportResearchPack" parent="CommanderDefaultSettings"/>
    <CTalent id="CommanderStukovAleksanderMindControl" parent="CommanderDefaultSettings"/>
    <CTalent id="CommanderStukovQueenClassicUpgradeCache" parent="CommanderDefaultSettings"/>
    <CTalent id="CommanderStukovBunkerBonuses" parent="CommanderDefaultSettings"/>
    <CTalent id="CommanderDehakaBaseTrait" parent="CommanderDefaultSettings"/>
    <CTalent id="CommanderDehakaLevel02" parent="CommanderDefaultSettings"/>
    <CTalent id="CommanderDehakaLevel03" parent="CommanderDefaultSettings"/>
    <CTalent id="CommanderDehakaLevel04" parent="CommanderDefaultSettings"/>
    <CTalent id="CommanderDehakaLevel05" parent="CommanderDefaultSettings"/>
    <CTalent id="CommanderDehakaLevel06" parent="CommanderDefaultSettings"/>
    <CTalent id="CommanderDehakaLevel07" parent="CommanderDefaultSettings"/>
    <CTalent id="CommanderDehakaLevel08" parent="CommanderDefaultSettings"/>
    <CTalent id="CommanderDehakaLevel09" parent="CommanderDefaultSettings"/>
    <CTalent id="CommanderDehakaLevel10" parent="CommanderDefaultSettings"/>
    <CTalent id="CommanderDehakaLevel11" parent="CommanderDefaultSettings"/>
    <CTalent id="CommanderDehakaLevel12" parent="CommanderDefaultSettings"/>
    <CTalent id="CommanderDehakaLevel13" parent="CommanderDefaultSettings"/>
    <CTalent id="CommanderDehakaLevel14" parent="CommanderDefaultSettings"/>
    <CTalent id="CommanderDehakaLevel15" parent="CommanderDefaultSettings"/>
    <CTalent id="CommanderHornerLevel01" parent="CommanderDefaultSettings"/>
    <CTalent id="CommanderHornerLevel02" parent="CommanderDefaultSettings"/>
    <CTalent id="CommanderHornerLevel03" parent="CommanderDefaultSettings"/>
    <CTalent id="CommanderHornerLevel04" parent="CommanderDefaultSettings"/>
    <CTalent id="CommanderHornerLevel05" parent="CommanderDefaultSettings"/>
    <CTalent id="CommanderHornerLevel06" parent="CommanderDefaultSettings"/>
    <CTalent id="CommanderHornerLevel07" parent="CommanderDefaultSettings"/>
    <CTalent id="CommanderHornerLevel08" parent="CommanderDefaultSettings"/>
    <CTalent id="CommanderHornerLevel09" parent="CommanderDefaultSettings"/>
    <CTalent id="CommanderHornerLevel10" parent="CommanderDefaultSettings"/>
    <CTalent id="CommanderHornerLevel11" parent="CommanderDefaultSettings"/>
    <CTalent id="CommanderHornerLevel12" parent="CommanderDefaultSettings"/>
    <CTalent id="CommanderHornerLevel13" parent="CommanderDefaultSettings"/>
    <CTalent id="CommanderHornerLevel14" parent="CommanderDefaultSettings"/>
    <CTalent id="CommanderHornerLevel15" parent="CommanderDefaultSettings"/>
    <CTalent id="CommanderMengskLevel01" parent="CommanderDefaultSettings"/>
    <CTalent id="CommanderMengskLevel02" parent="CommanderDefaultSettings"/>
    <CTalent id="CommanderMengskLevel03" parent="CommanderDefaultSettings"/>
    <CTalent id="CommanderMengskLevel04" parent="CommanderDefaultSettings"/>
    <CTalent id="CommanderMengskLevel05" parent="CommanderDefaultSettings"/>
    <CTalent id="CommanderMengskLevel06" parent="CommanderDefaultSettings"/>
    <CTalent id="CommanderMengskLevel07" parent="CommanderDefaultSettings"/>
    <CTalent id="CommanderMengskLevel08" parent="CommanderDefaultSettings"/>
    <CTalent id="CommanderMengskLevel09" parent="CommanderDefaultSettings"/>
    <CTalent id="CommanderMengskLevel10" parent="CommanderDefaultSettings"/>
    <CTalent id="CommanderMengskLevel11" parent="CommanderDefaultSettings"/>
    <CTalent id="CommanderMengskLevel12" parent="CommanderDefaultSettings"/>
    <CTalent id="CommanderMengskLevel13" parent="CommanderDefaultSettings"/>
    <CTalent id="CommanderMengskLevel14" parent="CommanderDefaultSettings"/>
    <CTalent id="CommanderMengskLevel15" parent="CommanderDefaultSettings"/>
    <CTalent id="CommanderTychusLevel01" parent="CommanderDefaultSettings"/>
    <CTalent id="CommanderTychusLevel02" parent="CommanderDefaultSettings"/>
    <CTalent id="CommanderTychusLevel03" parent="CommanderDefaultSettings"/>
    <CTalent id="CommanderTychusLevel04" parent="CommanderDefaultSettings"/>
    <CTalent id="CommanderTychusLevel05" parent="CommanderDefaultSettings"/>
    <CTalent id="CommanderTychusLevel06" parent="CommanderDefaultSettings"/>
    <CTalent id="CommanderTychusLevel07" parent="CommanderDefaultSettings"/>
    <CTalent id="CommanderTychusLevel08" parent="CommanderDefaultSettings"/>
    <CTalent id="CommanderTychusLevel09" parent="CommanderDefaultSettings"/>
    <CTalent id="CommanderTychusLevel10" parent="CommanderDefaultSettings"/>
    <CTalent id="CommanderTychusLevel11" parent="CommanderDefaultSettings"/>
    <CTalent id="CommanderTychusLevel12" parent="CommanderDefaultSettings"/>
    <CTalent id="CommanderTychusLevel13" parent="CommanderDefaultSettings"/>
    <CTalent id="CommanderTychusLevel14" parent="CommanderDefaultSettings"/>
    <CTalent id="CommanderTychusLevel15" parent="CommanderDefaultSettings"/>
    <CTalent id="CommanderZeratulLevel01" parent="CommanderDefaultSettings"/>
    <CTalent id="CommanderZeratulLevel02" parent="CommanderDefaultSettings"/>
    <CTalent id="CommanderZeratulLevel03" parent="CommanderDefaultSettings"/>
    <CTalent id="CommanderZeratulLevel04" parent="CommanderDefaultSettings"/>
    <CTalent id="CommanderZeratulLevel05" parent="CommanderDefaultSettings"/>
    <CTalent id="CommanderZeratulLevel06" parent="CommanderDefaultSettings"/>
    <CTalent id="CommanderZeratulLevel07" parent="CommanderDefaultSettings"/>
    <CTalent id="CommanderZeratulLevel08" parent="CommanderDefaultSettings"/>
    <CTalent id="CommanderZeratulLevel09" parent="CommanderDefaultSettings"/>
    <CTalent id="CommanderZeratulLevel10" parent="CommanderDefaultSettings"/>
    <CTalent id="CommanderZeratulLevel11" parent="CommanderDefaultSettings"/>
    <CTalent id="CommanderZeratulLevel12" parent="CommanderDefaultSettings"/>
    <CTalent id="CommanderZeratulLevel13" parent="CommanderDefaultSettings"/>
    <CTalent id="CommanderZeratulLevel14" parent="CommanderDefaultSettings"/>
    <CTalent id="CommanderZeratulLevel15" parent="CommanderDefaultSettings"/>
    <CTalent id="CommanderSwannArmoryUpgradePack" parent="CommanderDefaultSettings"/>
    <CTalent id="CommanderSwannImmortalityProtocol" parent="CommanderDefaultSettings"/>
    <CTalent id="CommanderSwannFactoryTechLabUpgradesPack" parent="CommanderDefaultSettings">
        <Face value="CommanderSwannFactoryUpgradesPack"/>
    </CTalent>
    <CTalent id="CommanderSwannImprovedCombatDrop" parent="CommanderDefaultSettings"/>
    <CTalent id="CommanderSwannUnlockAdditionalStarportTechLabUpgrades" parent="CommanderDefaultSettings"/>
    <CTalent id="CommanderSwannImprovedSCVs" parent="CommanderDefaultSettings"/>
    <CTalent id="CommanderSwannTechReactors" parent="CommanderDefaultSettings"/>
    <CTalent id="CommanderSwannEngineeringBayUpgradesPack" parent="CommanderDefaultSettings"/>
    <CTalent id="CommanderSwannIncreasedVehicleHealth" parent="CommanderDefaultSettings"/>
    <CTalent id="CommanderKerriganMutatingCarapace" parent="CommanderDefaultSettings"/>
    <CTalent id="CommanderSwannVespeneDrone" parent="CommanderDefaultSettings"/>
    <CTalent id="CommanderSwannImprovedTurrets" parent="CommanderDefaultSettings"/>
    <CTalent id="CommanderSwannImprovedLaserDrill" parent="CommanderDefaultSettings"/>
    <CTalent id="CommanderSwannVehicleSpecialist" parent="CommanderDefaultSettings"/>
    <CTalent id="CommanderSwannCombatDrop" parent="CommanderDefaultSettings"/>
    <CTalent id="CommanderSwannUnlockThor" parent="CommanderDefaultSettings"/>
    <CTalent id="CommanderKerriganSpireUpgradesPack" parent="CommanderDefaultSettings"/>
    <CTalent id="CommanderKerriganMalignantCreep" parent="CommanderDefaultSettings"/>
    <CTalent id="CommanderKerriganImprovedLeapingStrike" parent="CommanderDefaultSettings"/>
    <CTalent id="CommanderKerriganHydraliskandLurkerUpgradesPack" parent="CommanderDefaultSettings"/>
    <CTalent id="CommanderKerriganGreaterNydusWorm" parent="CommanderDefaultSettings"/>
    <CTalent id="CommanderKerriganUltraliskEvolutionTorrasque" parent="CommanderDefaultSettings"/>
    <CTalent id="CommanderKerriganKerriganEnergyRegeneration" parent="CommanderDefaultSettings"/>
    <CTalent id="CommanderKerriganZerglingEvolutionRaptor" parent="CommanderDefaultSettings"/>
    <CTalent id="CommanderKerriganUltraliskUpgradesPack" parent="CommanderDefaultSettings"/>
    <CTalent id="CommanderKerriganZerglingUpgradesPack" parent="CommanderDefaultSettings"/>
    <CTalent id="CommanderKerriganUnlockLurker" parent="CommanderDefaultSettings"/>
    <CTalent id="CommanderKerriganCrushingGripWave" parent="CommanderDefaultSettings"/>
    <CTalent id="CommanderKerriganKerriganUpgradesPack" parent="CommanderDefaultSettings"/>
    <CTalent id="CommanderKerriganKerrigansFury" parent="CommanderDefaultSettings"/>
    <CTalent id="CommanderZagaraMassRoachDrop" parent="CommanderDefaultSettings"/>
    <CTalent id="CommanderZagaraUnlockBileLauncher" parent="CommanderDefaultSettings"/>
    <CTalent id="CommanderZagaraIncubateBanelings" parent="CommanderDefaultSettings"/>
    <CTalent id="CommanderZagaraBileLauncherUpgradesPack" parent="CommanderDefaultSettings"/>
    <CTalent id="CommanderZagaraZerglingUpgradesPack" parent="CommanderDefaultSettings"/>
    <CTalent id="CommanderZagaraVolatileBanelingNest" parent="CommanderDefaultSettings"/>
    <CTalent id="CommanderZagaraBanelingEvolutionSplitterling" parent="CommanderDefaultSettings"/>
    <CTalent id="CommanderZagaraMasterSpawner" parent="CommanderDefaultSettings"/>
    <CTalent id="CommanderZagaraZerglingEvolutionSwarmling" parent="CommanderDefaultSettings"/>
    <CTalent id="CommanderZagaraImprovedMassRoachDrop" parent="CommanderDefaultSettings"/>
    <CTalent id="CommanderZagaraImprovedInjectLarva" parent="CommanderDefaultSettings"/>
    <CTalent id="CommanderZagaraEvolutionChamberUpgradesPack" parent="CommanderDefaultSettings"/>
    <CTalent id="CommanderZagaraBanelingNestUpgradesPack" parent="CommanderDefaultSettings"/>
    <CTalent id="CommanderZagaraScourgeUpgradesPack" parent="CommanderDefaultSettings"/>
    <CTalent id="CommanderZagaraRelentless" parent="CommanderDefaultSettings"/>
    <CTalent id="CommanderAbathurBaseTrait" parent="CommanderDefaultSettings"/>
    <CTalent id="CommanderAbathurBiomassRefund" parent="CommanderDefaultSettings"/>
    <CTalent id="CommanderAbathurToxicBonusBiomass" parent="CommanderDefaultSettings"/>
    <CTalent id="CommanderAbathurUnlockRoachWarrenUpgrades" parent="CommanderDefaultSettings"/>
    <CTalent id="CommanderAbathurBrutaliskLeviathanSymbiote" parent="CommanderDefaultSettings"/>
    <CTalent id="CommanderAbathurUnitEvolutionMorphTimesReduced" parent="CommanderDefaultSettings"/>
    <CTalent id="CommanderAbathurSpireUpgradesMutalisk" parent="CommanderDefaultSettings"/>
    <CTalent id="CommanderAbathurRoachEvolutionVile" parent="CommanderDefaultSettings"/>
    <CTalent id="CommanderAbathurUnlockBrutaliskLeviathan" parent="CommanderDefaultSettings"/>
    <CTalent id="CommanderAbathurUnlockInfestationPitUpgrades" parent="CommanderDefaultSettings"/>
    <CTalent id="CommanderAbathurUnitRevives" parent="CommanderDefaultSettings"/>
    <CTalent id="CommanderAbathurUnlockViper" parent="CommanderDefaultSettings"/>
    <CTalent id="CommanderAbathurUnlockGreaterSpireUpgrades" parent="CommanderDefaultSettings"/>
    <CTalent id="CommanderAbathurSpawnLocustsOnKill" parent="CommanderDefaultSettings"/>
    <CTalent id="CommanderAbathurUnlockEvolutionChamberUpgrades" parent="CommanderDefaultSettings"/>
    <CTalent id="CommanderAbathurBiomassLifesteal" parent="CommanderDefaultSettings"/>
    <CTalent id="CommanderAbathurImprovedMend" parent="CommanderDefaultSettings"/>
    <CTalent id="CommanderAbathurUnlockBrutaliskLeviathan2" parent="CommanderDefaultSettings">
        <Face value="CommanderAbathurUnlockBrutaliskLeviathan"/>
    </CTalent>
    <CTalent id="CommanderNovaBaseTrait" parent="CommanderDefaultSettings"/>
    <CTalent id="CommanderNovaUnlockBombingRun" parent="CommanderDefaultSettings"/>
    <CTalent id="CommanderNovaUnlockEquipmentChange" parent="CommanderDefaultSettings"/>
    <CTalent id="CommanderNovaBarracksTechLabUpgradesPack" parent="CommanderDefaultSettings"/>
    <CTalent id="CommanderNovaUnlockGriffinTransport" parent="CommanderDefaultSettings"/>
    <CTalent id="CommanderNovaFactoryTechLabUpgradesPack" parent="CommanderDefaultSettings"/>
    <CTalent id="CommanderNovaAutoRefineries" parent="CommanderDefaultSettings"/>
    <CTalent id="CommanderNovaTechLabandGhostAcademyUpgradesPack" parent="CommanderDefaultSettings"/>
    <CTalent id="CommanderNovaUnlockNukeandHoloDecoy" parent="CommanderDefaultSettings"/>
    <CTalent id="CommanderNovaBansheeLiberatorStarportTechLabUpgradesPack" parent="CommanderDefaultSettings"/>
    <CTalent id="CommanderNovaResearchCostandTimeReduction" parent="CommanderDefaultSettings"/>
    <CTalent id="CommanderNovaRavenStarportTechLabUpgradesPack" parent="CommanderDefaultSettings"/>
    <CTalent id="CommanderNovaDefensiveMatrixDroneCharges" parent="CommanderDefaultSettings"/>
    <CTalent id="CommanderNovaGhostAcademyUpgradesPack2" parent="CommanderDefaultSettings"/>
    <CTalent id="CommanderNovaKitSwapCooldownandEnergy" parent="CommanderDefaultSettings"/>
    <CTalent id="MasteryAbathurBiomassRefund" parent="CommanderDefaultSettings"/>
    <CTalent id="MasteryAbathurMendHeal" parent="CommanderDefaultSettings"/>
    <CTalent id="MasteryAbathurSymbioteCarapace" parent="CommanderDefaultSettings"/>
    <CTalent id="MasteryAbathurSymbioteCDR" parent="CommanderDefaultSettings"/>
    <CTalent id="MasteryAbathurTechFastBuild" parent="CommanderDefaultSettings"/>
    <CTalent id="MasteryAbathurToxicNestCharge" parent="CommanderDefaultSettings"/>
    <CTalent id="MasteryAbathurToxicNestDamageAndRespawn" parent="CommanderDefaultSettings"/>
    <CTalent id="MasteryArtanisChronoBoost" parent="CommanderDefaultSettings"/>
    <CTalent id="MasteryArtanisGuardianShell" parent="CommanderDefaultSettings"/>
    <CTalent id="MasteryArtanisGuardianShellHeal" parent="CommanderDefaultSettings"/>
    <CTalent id="MasteryArtanisShieldOvercharge" parent="CommanderDefaultSettings"/>
    <CTalent id="MasteryArtanisShieldOverchargeCDR" parent="CommanderDefaultSettings"/>
    <CTalent id="MasteryArtanisShieldRegen" parent="CommanderDefaultSettings"/>
    <CTalent id="MasteryArtanisSoAPowerFieldHaste" parent="CommanderDefaultSettings"/>
    <CTalent id="MasteryArtanisSolarBombardment" parent="CommanderDefaultSettings"/>
    <CTalent id="MasteryArtanisStartingAndMaxSoAEnergy" parent="CommanderDefaultSettings"/>
    <CTalent id="MasteryArtanisStartingResources" parent="CommanderDefaultSettings"/>
    <CTalent id="MasteryArtanisWarpChargeCooldown" parent="CommanderDefaultSettings"/>
    <CTalent id="MasteryArtanisEnergyRegenCooldown" parent="CommanderDefaultSettings"/>
    <CTalent id="MasteryKaraxBuildingVital" parent="CommanderDefaultSettings"/>
    <CTalent id="MasteryKaraxChronoBoostSpeed" parent="CommanderDefaultSettings"/>
    <CTalent id="MasteryKaraxMaxEnergy" parent="CommanderDefaultSettings"/>
    <CTalent id="MasteryKaraxRepairBeamHeal" parent="CommanderDefaultSettings"/>
    <CTalent id="MasteryKaraxSoAChronoRegen" parent="CommanderDefaultSettings"/>
    <CTalent id="MasteryKaraxStartingAndMaxSoAEnergy" parent="CommanderDefaultSettings"/>
    <CTalent id="MasteryKaraxUnitCost" parent="CommanderDefaultSettings"/>
    <CTalent id="MasteryKaraxUnityBarrier" parent="CommanderDefaultSettings"/>
    <CTalent id="MasteryKerriganArmyGasCost" parent="CommanderDefaultSettings"/>
    <CTalent id="MasteryKerriganAssimilationAuraDuration" parent="CommanderDefaultSettings"/>
    <CTalent id="MasteryKerriganAutoAttackDamage" parent="CommanderDefaultSettings"/>
    <CTalent id="MasteryKerriganCocoonTimer" parent="CommanderDefaultSettings"/>
    <CTalent id="MasteryKerriganEnergyRegen" parent="CommanderDefaultSettings"/>
    <CTalent id="MasteryKerriganLarvaRate" parent="CommanderDefaultSettings"/>
    <CTalent id="MasteryKerriganResearchSpeedandCost" parent="CommanderDefaultSettings"/>
    <CTalent id="MasteryKerriganInstantRevive" parent="CommanderDefaultSettings"/>
    <CTalent id="MasteryKerriganImmobilizationDamage" parent="CommanderDefaultSettings"/>
    <CTalent id="MasteryKerriganMutatingCarapaceLifeDegradation" parent="CommanderDefaultSettings"/>
    <CTalent id="MasteryKerriganPrimarySpeedDamage" parent="CommanderDefaultSettings"/>
    <CTalent id="MasteryRaynorBuildingHealth" parent="CommanderDefaultSettings"/>
    <CTalent id="MasteryRaynorDropPodHaste" parent="CommanderDefaultSettings"/>
    <CTalent id="MasteryRaynorDuskWingCooldown" parent="CommanderDefaultSettings"/>
    <CTalent id="MasteryRaynorHyperionCooldown" parent="CommanderDefaultSettings"/>
    <CTalent id="MasteryRaynorImprovedSafeguard" parent="CommanderDefaultSettings"/>
    <CTalent id="MasteryRaynorMechAttackSpeed" parent="CommanderDefaultSettings"/>
    <CTalent id="MasteryRaynorMedicSecondaryHeal" parent="CommanderDefaultSettings"/>
    <CTalent id="MasteryRaynorResearchSpeed" parent="CommanderDefaultSettings"/>
    <CTalent id="MasteryRaynorResearchCost" parent="CommanderDefaultSettings"/>
    <CTalent id="MasteryRaynorStimDuration" parent="CommanderDefaultSettings"/>
    <CTalent id="MasterySwannBuildingHealth" parent="CommanderDefaultSettings"/>
    <CTalent id="MasterySwannCombatDrop" parent="CommanderDefaultSettings"/>
    <CTalent id="MasterySwannConcentratedBeam" parent="CommanderDefaultSettings"/>
    <CTalent id="MasterySwannImmortalityProtocol" parent="CommanderDefaultSettings"/>
    <CTalent id="MasterySwannLaserDrillBuildTime" parent="CommanderDefaultSettings"/>
    <CTalent id="MasterySwannResearchSpeed" parent="CommanderDefaultSettings"/>
    <CTalent id="MasterySwannStartingResources" parent="CommanderDefaultSettings"/>
    <CTalent id="MasterySwannVespeneDroneCost" parent="CommanderDefaultSettings"/>
    <CTalent id="MasteryVorazunBlackHoleDuration" parent="CommanderDefaultSettings"/>
    <CTalent id="MasteryVorazunChronoBoostSpeed" parent="CommanderDefaultSettings"/>
    <CTalent id="MasteryVorazunDarkPylonRadius" parent="CommanderDefaultSettings"/>
    <CTalent id="MasteryVorazunShadowGuardDuration" parent="CommanderDefaultSettings"/>
    <CTalent id="MasteryVorazunStartingAndMaxSoAEnergy" parent="CommanderDefaultSettings"/>
    <CTalent id="MasteryVorazunTimeStopHaste" parent="CommanderDefaultSettings"/>
    <CTalent id="MasteryVorazunTimeStopHasteModifyPlayer" parent="CommanderDefaultSettings"/>
    <CTalent id="MasteryZagaraAutoAttackDamage" parent="CommanderDefaultSettings"/>
    <CTalent id="MasteryZagaraBanelingsDamage" parent="CommanderDefaultSettings"/>
    <CTalent id="MasteryZagaraCocoonTimer" parent="CommanderDefaultSettings"/>
    <CTalent id="MasteryZagaraHealthAndEnergyRegen" parent="CommanderDefaultSettings"/>
    <CTalent id="MasteryZagaraLarvaRate" parent="CommanderDefaultSettings"/>
    <CTalent id="MasteryZagaraResearchSpeed" parent="CommanderDefaultSettings"/>
    <CTalent id="MasteryZagaraRoachDropDamageAndHealth" parent="CommanderDefaultSettings"/>
    <CTalent id="MasteryZagaraMassFrenzySpeedBoost" parent="CommanderDefaultSettings"/>
    <CTalent id="MasteryZagaraZerglingDodgeChance" parent="CommanderDefaultSettings"/>
    <CTalent id="MasteryAlarakAutoAttackDamage" parent="CommanderDefaultSettings"/>
    <CTalent id="MasteryAlarakCocoonTimer" parent="CommanderDefaultSettings"/>
    <CTalent id="MasteryAlarakDeathFleetCDR" parent="CommanderDefaultSettings"/>
    <CTalent id="MasteryAlarakEmpowerMeSlavesDuration" parent="CommanderDefaultSettings"/>
    <CTalent id="MasteryAlarakOverchargeShieldsDamage" parent="CommanderDefaultSettings"/>
    <CTalent id="MasteryAlarakUnitAttackSpeed" parent="CommanderDefaultSettings"/>
    <CTalent id="MasteryAlarakChronoBoostSpeed" parent="CommanderDefaultSettings"/>
    <CTalent id="MasteryNovaNukeAndHoloDecoyCooldown" parent="CommanderDefaultSettings"/>
    <CTalent id="MasteryNovaOdinDuration" parent="CommanderDefaultSettings"/>
    <CTalent id="MasteryNovaWeaponAttackSpeed" parent="CommanderDefaultSettings"/>
    <CTalent id="MasteryNovaWeaponAttackDamage" parent="CommanderDefaultSettings"/>
    <CTalent id="MasteryNovaReviveTimer" parent="CommanderDefaultSettings"/>
    <CTalent id="MasteryNovaEnergyRegen" parent="CommanderDefaultSettings"/>
    <CTalent id="MasteryNovaGriffinCooldown" parent="CommanderDefaultSettings"/>
    <CTalent id="MasteryNovaDroneCooldown" parent="CommanderDefaultSettings"/>
    <CTalent id="MasteryNovaArmyOOCRegenSpeed" parent="CommanderDefaultSettings"/>
    <CTalent id="MasteryNovaArmyAttackSpeed" parent="CommanderDefaultSettings"/>
    <CTalent id="MasteryNovaPrimaryAbilityImprovement" parent="CommanderDefaultSettings"/>
    <CTalent id="MasteryStukovUnitMoveSpeed" parent="CommanderDefaultSettings"/>
    <CTalent id="MasteryStukovUnitRegenSpeed" parent="CommanderDefaultSettings"/>
    <CTalent id="MasteryStukovBroodlingSpawnRate" parent="CommanderDefaultSettings"/>
    <CTalent id="MasteryStukovInfestStructureCDR" parent="CommanderDefaultSettings"/>
    <CTalent id="MasteryStukovAleksanderCDR" parent="CommanderDefaultSettings"/>
    <CTalent id="MasteryStukovApocaliskCDR" parent="CommanderDefaultSettings"/>
    <CTalent id="MasteryStukovTimedLife" parent="CommanderDefaultSettings"/>
    <CTalent id="MasteryStukovVolatileChance" parent="CommanderDefaultSettings"/>
    <CTalent id="MasteryStukovMechAttackSpeed" parent="CommanderDefaultSettings"/>
    <CTalent id="MasteryFenixSuitAttackSpeed" parent="CommanderDefaultSettings"/>
    <CTalent id="MasteryFenixSuitEnergyRegen" parent="CommanderDefaultSettings"/>
    <CTalent id="MasteryFenixChampionAttackSpeed" parent="CommanderDefaultSettings"/>
    <CTalent id="MasteryFenixChampionLifeShieldBuff" parent="CommanderDefaultSettings"/>
    <CTalent id="MasteryFenixChronoBoostExtra" parent="CommanderDefaultSettings"/>
    <CTalent id="MasteryFenixExtraStartingSupply" parent="CommanderDefaultSettings"/>
    <CTalent id="MasteryDehakaPrimalWurmCDR" parent="CommanderDefaultSettings"/>
    <CTalent id="MasteryDehakaConsumeDuration" parent="CommanderDefaultSettings"/>
    <CTalent id="MasteryDehakaBossTimedLife" parent="CommanderDefaultSettings"/>
    <CTalent id="MasteryDehakaGeneMutation" parent="CommanderDefaultSettings"/>
    <CTalent id="MasteryDehakaLevelUpLife" parent="CommanderDefaultSettings"/>
    <CTalent id="MasteryDehakaAttackSpeed" parent="CommanderDefaultSettings"/>
    <CTalent id="MasteryDehakaDoubleHealEssence" parent="CommanderDefaultSettings"/>
    <CTalent id="MasteryDehakaConsumeHealing" parent="CommanderDefaultSettings"/>
    <CTalent id="MasteryHornerLPSHeal" parent="CommanderDefaultSettings"/>
    <CTalent id="MasteryHornerBomberRadius" parent="CommanderDefaultSettings"/>
    <CTalent id="MasteryHornerBetterDeathRattle" parent="CommanderDefaultSettings"/>
    <CTalent id="MasteryHornerMSOBonus" parent="CommanderDefaultSettings"/>
    <CTalent id="MasteryHornerDoubleSalvageChance" parent="CommanderDefaultSettings"/>
    <CTalent id="MasteryHornerAirStrikeDistance" parent="CommanderDefaultSettings"/>
    <CTalent id="MasteryHornerMagMineUpgrades" parent="CommanderDefaultSettings"/>
    <CTalent id="MasteryTychusCommanderAttackSpeed" parent="CommanderDefaultSettings"/>
    <CTalent id="MasteryTychusGrenadeCooldown" parent="CommanderDefaultSettings"/>
    <CTalent id="MasteryTychusUpgradesIncrease" parent="CommanderDefaultSettings"/>
    <CTalent id="MasteryTychusHeroCooldown" parent="CommanderDefaultSettings"/>
    <CTalent id="MasteryTychusMedivacBuff" parent="CommanderDefaultSettings"/>
    <CTalent id="MasteryTychusOdinCooldown" parent="CommanderDefaultSettings"/>
    <CTalent id="MasteryZeratulArtifactFragmentSpawnRate" parent="CommanderDefaultSettings"/>
    <CTalent id="MasteryZeratulAvatarCooldown" parent="CommanderDefaultSettings"/>
    <CTalent id="MasteryZeratulCombatUnitAttackSpeed" parent="CommanderDefaultSettings"/>
    <CTalent id="MasteryZeratulLegendaryLegionCost" parent="CommanderDefaultSettings"/>
    <CTalent id="MasteryZeratulSupportCalldownCooldownReduction" parent="CommanderDefaultSettings"/>
    <CTalent id="MasteryZeratulZeratulAttackSpeed" parent="CommanderDefaultSettings"/>
</Catalog>
