<?xml version="1.0" encoding="us-ascii"?>
<Catalog>
    <CTerrain id="Agria">
        <LoadingScreen value="Assets\Textures\loading-agria.dds"/>
        <EditorCategories value="Climate:Jungle"/>
        <BlendTextures value="AgriaDirt"/>
        <BlendTextures value="AgriaDirtRough"/>
        <BlendTextures value="AgriaRock"/>
        <BlendTextures value="AgriaGrassYellow"/>
        <BlendTextures value="AgriaGrassGreen"/>
        <BlendTextures value="AgriaFoliage"/>
        <BlendTextures value="AgriaCrops"/>
        <BlendTextures value="AgriaConcrete"/>
        <CliffSets value="AgriaCliff0"/>
        <CliffSets value="AgriaCliff1"/>
        <HardTiles value="KorhalTile"/>
        <Ambience value="Ambience_Agria"/>
        <FogEnabled value="1"/>
        <FogColor value="255,45,68,86"/>
        <FogDensity value="0.060000"/>
        <FogFalloff value="0.200000"/>
        <FogStartingHeight value="-0.900000"/>
        <ReverbAmbient value="BetaVerb"/>
    </CTerrain>
    <CTerrain id="Aiur">
        <LoadingScreen value="Assets\Textures\loading-aiur.dds"/>
        <EditorCategories value="Climate:Urban"/>
        <BlendTextures value="AiurDirt"/>
        <BlendTextures value="AiurGrass"/>
        <BlendTextures value="AiurRock"/>
        <BlendTextures value="AiurTiles"/>
        <BlendTextures value="AiurSmallBricks"/>
        <BlendTextures value="AiurLargeBricks"/>
        <BlendTextures value="AiurGrunge"/>
        <BlendTextures value="AiurCreepHoles"/>
        <CliffSets value="AiurCliff0"/>
        <CliffSets value="AiurCliff1"/>
        <HardTiles value="MarSaraTile"/>
        <FogEnabled value="1"/>
        <FogColor value="255,45,68,86"/>
        <FogDensity value="0.060000"/>
        <FogFalloff value="0.200000"/>
        <FogStartingHeight value="-0.900000"/>
        <ReverbAmbient value="BetaVerb"/>
        <Ambience value="Ambience_Aiur"/>
    </CTerrain>
    <CTerrain id="Avernus">
        <LoadingScreen value="Assets\Textures\loading-avernus.dds"/>
        <Camera value="SpacePlatform"/>
        <EditorCategories value="Climate:SpacePlatform"/>
        <HideLowestLevel value="1"/>
        <MinimapBackgroundColor value="255,0,0,32"/>
        <FixedSkyboxModel value="AvernusSkybox"/>
        <NonFixedSkyboxModel value="AvernusSkyParallax"/>
        <BlendTextures value="AvernusMetal"/>
        <BlendTextures value="AvernusSmallTiles"/>
        <BlendTextures value="AvernusLargeTiles"/>
        <BlendTextures value="AvernusMesh"/>
        <BlendTextures value="AvernusPlates"/>
        <BlendTextures value="AvernusPanels"/>
        <BlendTextures value="AvernusDirt"/>
        <BlendTextures value="AvernusRock"/>
        <CliffSets value="AvernusCliff0"/>
        <CliffSets value="AvernusCliff1"/>
        <HardTiles value="MarSaraTile"/>
        <Ambience value="Ambience_Avernus"/>
        <FogColor value="255,45,68,86"/>
        <FogDensity value="0.060000"/>
        <FogFalloff value="0.200000"/>
        <FogStartingHeight value="-0.900000"/>
        <ReverbAmbient value="BetaVerb"/>
    </CTerrain>
    <CTerrain id="BelShir">
        <LoadingScreen value="Assets\Textures\loading-belshir.dds"/>
        <EditorCategories value="Climate:Jungle"/>
        <FixedSkyboxModel value="BelShirSkyBox"/>
        <EnvironmentMap value="Assets\Textures\Reflection_BelShir.dds"/>
        <BlendTextures value="BelShirDirtLight"/>
        <BlendTextures value="BelShirDirtDark"/>
        <BlendTextures value="BelShirBrush"/>
        <BlendTextures value="BelShirGrassLight"/>
        <BlendTextures value="BelShirGrassDark"/>
        <BlendTextures value="BelShirSmallTiles"/>
        <BlendTextures value="BelShirBricksSmall"/>
        <BlendTextures value="BelShirBricksLarge"/>
        <CliffSets value="BelShirCliff0"/>
        <CliffSets value="BelShirCliff1"/>
        <HardTiles value="MarSaraTile"/>
        <Ambience value="Ambience_BelShir"/>
        <CreepBaseTexture value="Assets\Textures\Creep_BelShir.dds"/>
        <FogEnabled value="1"/>
        <FogColor value="255,45,68,100"/>
        <FogDensity value="0.090000"/>
        <FogFalloff value="0.320000"/>
        <FogStartingHeight value="-5.000000"/>
        <ReverbAmbient value="BetaVerb"/>
    </CTerrain>
    <CTerrain id="BraxisAlpha">
        <LoadingScreen value="Assets\Textures\loading-braxisalpha.dds"/>
        <Camera value="SpacePlatform"/>
        <EditorCategories value="Climate:SpacePlatform"/>
        <HideLowestLevel value="1"/>
        <MinimapBackgroundColor value="255,0,0,32"/>
        <FixedSkyboxModel value="BraxisAlphaSkyBox"/>
        <NonFixedSkyboxModel value="BraxisAlphaSkyParallax"/>
        <BlendTextures value="BraxisAlphaMetal"/>
        <BlendTextures value="BraxisAlphaMetalDetail"/>
        <BlendTextures value="BraxisAlphaPlates"/>
        <BlendTextures value="BraxisAlphaDarkPlates"/>
        <BlendTextures value="BraxisAlphaWreckedPlates"/>
        <BlendTextures value="BraxisAlphaMesh"/>
        <BlendTextures value="BraxisAlphaRust"/>
        <BlendTextures value="BraxisAlphaRock"/>
        <CliffSets value="BraxisAlphaCliff0"/>
        <CliffSets value="BraxisAlphaCliff1"/>
        <Ambience value="Ambience_BraxisAlpha"/>
        <FogColor value="255,51,45,40"/>
        <FogDensity value="0.050000"/>
        <FogFalloff value="0.150000"/>
        <FogStartingHeight value="-5.000000"/>
        <ReverbAmbient value="BetaVerb"/>
    </CTerrain>
    <CTerrain id="Castanar">
        <LoadingScreen value="Assets\Textures\loading-castanar.dds"/>
        <EditorCategories value="Climate:Installation"/>
        <HideLowestLevel value="1"/>
        <MinimapBackgroundColor value="255,0,0,32"/>
        <FixedSkyboxModel value="CastanarSkybox"/>
        <BlendTextures value="CastanarPanels"/>
        <BlendTextures value="CastanarTiles"/>
        <BlendTextures value="CastanarSmallTiles"/>
        <BlendTextures value="CastanarGrid"/>
        <BlendTextures value="CastanarRock"/>
        <BlendTextures value="CastanarMetal"/>
        <BlendTextures value="CastanarMesh"/>
        <BlendTextures value="CastanarGrating"/>
        <CliffSets value="CastanarCliff0"/>
        <CliffSets value="CastanarCliff1"/>
        <HardTiles value="MarSaraTile"/>
        <FogEnabled value="1"/>
        <FogColor value="255,45,68,86"/>
        <FogDensity value="0.060000"/>
        <FogFalloff value="0.200000"/>
        <FogStartingHeight value="-0.900000"/>
        <ReverbAmbient value="BetaVerb"/>
        <Ambience value="Ambience_Castanar"/>
        <Camera value="Installation"/>
    </CTerrain>
    <CTerrain id="Char">
        <LoadingScreen value="Assets\Textures\loading-char.dds"/>
        <EditorCategories value="Climate:Volcanic"/>
        <BlendTextures value="CharDirtLight"/>
        <BlendTextures value="CharDirt"/>
        <BlendTextures value="CharDirtCracked"/>
        <BlendTextures value="CharSponge"/>
        <BlendTextures value="CharMud"/>
        <BlendTextures value="CharRock"/>
        <BlendTextures value="CharRedCracks"/>
        <BlendTextures value="CharLavaCracks"/>
        <CliffSets value="CharCliff0"/>
        <CliffSets value="CharCliff1"/>
        <HardTiles value="MarSaraTile"/>
        <Ambience value="Ambience_Char"/>
        <FogEnabled value="1"/>
        <FogColor value="255,255,54,54"/>
        <FogDensity value="0.160000"/>
        <FogFalloff value="0.350000"/>
        <FogStartingHeight value="-0.900000"/>
        <ReverbAmbient value="BetaVerb"/>
    </CTerrain>
    <CTerrain id="Haven">
        <LoadingScreen value="Assets\Textures\loading-haven.dds"/>
        <EditorCategories value="Climate:Jungle"/>
        <BlendTextures value="HavenDirt"/>
        <BlendTextures value="HavenLeaves"/>
        <BlendTextures value="HavenGrassDark"/>
        <BlendTextures value="HavenGrass"/>
        <BlendTextures value="HavenGrassLight"/>
        <BlendTextures value="HavenGrassRocky"/>
        <BlendTextures value="HavenRockSmooth"/>
        <BlendTextures value="HavenRockRough"/>
        <CliffSets value="HavenCliff0"/>
        <HardTiles value="MarSaraTile"/>
        <Ambience value="Ambience_Haven"/>
        <CreepBaseTexture value="Assets\Textures\Creep_Haven.dds"/>
        <FogEnabled value="1"/>
        <FogColor value="255,43,52,77"/>
        <FogDensity value="0.050000"/>
        <FogFalloff value="0.100000"/>
        <FogStartingHeight value="-2.000000"/>
        <ReverbAmbient value="BetaVerb"/>
    </CTerrain>
    <CTerrain id="Korhal">
        <LoadingScreen value="Assets\Textures\loading-korhal.dds"/>
        <EditorCategories value="Climate:Urban"/>
        <BlendTextures value="Korhal1"/>
        <BlendTextures value="Korhal2"/>
        <BlendTextures value="Korhal3"/>
        <BlendTextures value="Korhal4"/>
        <BlendTextures value="Korhal5"/>
        <BlendTextures value="Korhal6"/>
        <BlendTextures value="Korhal7"/>
        <BlendTextures value="Korhal8"/>
        <CliffSets value="KorhalCliff0"/>
        <CliffSets value="KorhalCliff1"/>
        <HardTiles value="KorhalTile"/>
        <Ambience value="Ambience_Korhal"/>
        <FogEnabled value="1"/>
        <FogColor value="255,121,214,244"/>
        <FogDensity value="0.100000"/>
        <FogFalloff value="0.200000"/>
        <FogStartingHeight value="-2.000000"/>
        <ReverbAmbient value="BetaVerb"/>
    </CTerrain>
    <CTerrain id="MarSara">
        <LoadingScreen value="Assets\Textures\loading-marsara.dds"/>
        <EditorCategories value="Climate:Wasteland"/>
        <FixedSkyboxModel value="MarSaraSkyBox"/>
        <BlendTextures value="MarSaraDirt"/>
        <BlendTextures value="MarSaraSand"/>
        <BlendTextures value="MarSaraRocky"/>
        <BlendTextures value="MarSaraDirtCracked"/>
        <BlendTextures value="MarSaraDarkSand"/>
        <BlendTextures value="MarSaraBlackenedRock"/>
        <BlendTextures value="MarSaraConcrete"/>
        <BlendTextures value="MarSaraPanels"/>
        <HardTiles value="MarSaraTile"/>
        <CliffSets value="MarSaraCliff0"/>
        <CliffSets value="MarSaraCliff1"/>
        <Ambience value="Ambience_MarSara"/>
        <FogEnabled value="1"/>
        <FogColor value="255,3,65,114"/>
        <FogDensity value="0.050000"/>
        <FogFalloff value="0.150000"/>
        <FogStartingHeight value="-0.900000"/>
        <ReverbAmbient value="BetaVerb"/>
    </CTerrain>
    <CTerrain id="Meinhoff">
        <LoadingScreen value="Assets\Textures\loading-meinhoff.dds"/>
        <EditorCategories value="Climate:Lunar"/>
        <BlendTextures value="MeinhoffSandDunes"/>
        <BlendTextures value="MeinhoffWhiteSand"/>
        <BlendTextures value="MeinhoffRoughSand"/>
        <BlendTextures value="MeinhoffCraters"/>
        <BlendTextures value="MeinhoffRock"/>
        <BlendTextures value="MeinhoffConcrete"/>
        <BlendTextures value="MeinhoffPanels"/>
        <BlendTextures value="MeinhoffGrating"/>
        <CliffSets value="MeinhoffCliff0"/>
        <CliffSets value="MeinhoffCliff1"/>
        <HardTiles value="MeinhoffTile"/>
        <Ambience value="Ambience_Meinhoff"/>
        <FogEnabled value="1"/>
        <FogColor value="255,3,65,114"/>
        <FogDensity value="0.050000"/>
        <FogFalloff value="0.150000"/>
        <FogStartingHeight value="-0.900000"/>
        <ReverbAmbient value="BetaVerb"/>
    </CTerrain>
    <CTerrain id="Monlyth">
        <LoadingScreen value="Assets\Textures\loading-monlyth.dds"/>
        <EditorCategories value="Climate:Lunar"/>
        <BlendTextures value="MonlythDirt"/>
        <BlendTextures value="MonlythDunes"/>
        <BlendTextures value="MonlythSand"/>
        <BlendTextures value="MonlythCracked"/>
        <BlendTextures value="MonlythRock"/>
        <BlendTextures value="MonlythTiles"/>
        <BlendTextures value="MonlythBricks"/>
        <BlendTextures value="MonlythPlates"/>
        <CliffSets value="MonlythCliff0"/>
        <CliffSets value="MonlythCliff1"/>
        <HardTiles value="MarSaraTile"/>
        <Ambience value="Ambience_Monlyth"/>
        <FogEnabled value="1"/>
        <FogColor value="255,3,65,114"/>
        <FogDensity value="0.050000"/>
        <FogFalloff value="0.150000"/>
        <FogStartingHeight value="-0.900000"/>
        <ReverbAmbient value="BetaVerb"/>
    </CTerrain>
    <CTerrain id="NewFolsom">
        <LoadingScreen value="Assets\Textures\loading-newfolsom.dds"/>
        <EditorCategories value="Climate:Volcanic"/>
        <BlendTextures value="NewFolsomDirt"/>
        <BlendTextures value="NewFolsomSand"/>
        <BlendTextures value="NewFolsomDirtCracked"/>
        <BlendTextures value="NewFolsomRock"/>
        <BlendTextures value="NewFolsomConcrete"/>
        <BlendTextures value="NewFolsomTiles"/>
        <BlendTextures value="NewFolsomGrating"/>
        <BlendTextures value="NewFolsomMesh"/>
        <CliffSets value="NewFolsomCliff0"/>
        <CliffSets value="NewFolsomCliff1"/>
        <HardTiles value="MarSaraTile"/>
        <Ambience value="Ambience_NewFolsom"/>
        <FogEnabled value="1"/>
        <FogColor value="255,3,65,114"/>
        <FogDensity value="0.050000"/>
        <FogFalloff value="0.150000"/>
        <FogStartingHeight value="-0.900000"/>
        <ReverbAmbient value="BetaVerb"/>
    </CTerrain>
    <CTerrain id="PortZion">
        <LoadingScreen value="Assets\Textures\loading-portzion.dds"/>
        <EditorCategories value="Climate:Wasteland"/>
        <BlendTextures value="PortZionDirt"/>
        <BlendTextures value="PortZionDirtCracked"/>
        <BlendTextures value="PortZionRock"/>
        <BlendTextures value="PortZionTiles"/>
        <BlendTextures value="PortZionJunk"/>
        <BlendTextures value="PortZionGrating"/>
        <BlendTextures value="PortZionMesh"/>
        <BlendTextures value="PortZionConveyorBelt"/>
        <CliffSets value="PortZionCliff0"/>
        <CliffSets value="PortZionCliff1"/>
        <HardTiles value="MarSaraTile"/>
        <FogEnabled value="1"/>
        <FogColor value="255,3,65,114"/>
        <FogDensity value="0.050000"/>
        <FogFalloff value="0.150000"/>
        <FogStartingHeight value="-0.900000"/>
        <ReverbAmbient value="BetaVerb"/>
        <Ambience value="Ambience_PortZion"/>
    </CTerrain>
    <CTerrain id="Redstone">
        <LoadingScreen value="Assets\Textures\loading-redstone.dds"/>
        <EditorCategories value="Climate:Volcanic"/>
        <BlendTextures value="RedstoneDirt"/>
        <BlendTextures value="RedstoneRockyDirt"/>
        <BlendTextures value="RedstoneRough"/>
        <BlendTextures value="RedstoneFossils"/>
        <BlendTextures value="RedstoneMud"/>
        <BlendTextures value="RedstonePanels"/>
        <BlendTextures value="RedstoneRock"/>
        <BlendTextures value="RedstoneLavaCracks"/>
        <CliffSets value="RedstoneCliff0"/>
        <CliffSets value="RedstoneCliff1"/>
        <HardTiles value="MarSaraTile"/>
        <Ambience value="Ambience_Redstone"/>
        <FogEnabled value="1"/>
        <FogColor value="255,3,65,114"/>
        <FogDensity value="0.050000"/>
        <FogFalloff value="0.150000"/>
        <FogStartingHeight value="-0.900000"/>
        <ReverbAmbient value="BetaVerb"/>
    </CTerrain>
    <CTerrain id="Shakuras">
        <LoadingScreen value="Assets\Textures\loading-shakuras.dds"/>
        <EditorCategories value="Climate:Wasteland"/>
        <FixedSkyboxModel value="ShakurasSkyBox"/>
        <BlendTextures value="ShakurasSand"/>
        <BlendTextures value="ShakurasSandDark"/>
        <BlendTextures value="ShakurasDirtCracked"/>
        <BlendTextures value="ShakurasStone"/>
        <BlendTextures value="ShakurasRockCracked"/>
        <BlendTextures value="ShakurasRockRough"/>
        <BlendTextures value="ShakurasBricks"/>
        <BlendTextures value="ShakurasHextiles"/>
        <CliffSets value="ShakurasCliff0"/>
        <CliffSets value="ShakurasCliff1"/>
        <HardTiles value="MarSaraTile"/>
        <Ambience value="Ambience_Shakuras"/>
        <CreepBaseTexture value="Assets\Textures\Creep_Shakuras.dds"/>
        <FogEnabled value="1"/>
        <FogColor value="255,45,68,86"/>
        <FogDensity value="0.060000"/>
        <FogFalloff value="0.200000"/>
        <FogStartingHeight value="-0.900000"/>
        <ReverbAmbient value="BetaVerb"/>
    </CTerrain>
    <CTerrain id="Tarsonis">
        <LoadingScreen value="Assets\Textures\loading-tarsonis.dds"/>
        <EditorCategories value="Climate:Urban"/>
        <BlendTextures value="TarsonisDirt"/>
        <BlendTextures value="TarsonisDirtRough"/>
        <BlendTextures value="TarsonisGrass"/>
        <BlendTextures value="TarsonisCracks"/>
        <BlendTextures value="TarsonisRubble"/>
        <BlendTextures value="TarsonisConcrete"/>
        <BlendTextures value="TarsonisDetail"/>
        <BlendTextures value="TarsonisPlating"/>
        <CliffSets value="TarsonisCliff0"/>
        <CliffSets value="TarsonisCliff1"/>
        <HardTiles value="TarsonisRail"/>
        <Ambience value="Ambience_Tarsonis"/>
        <FogEnabled value="1"/>
        <FogColor value="255,3,65,114"/>
        <FogDensity value="0.050000"/>
        <FogFalloff value="0.150000"/>
        <FogStartingHeight value="-0.900000"/>
        <ReverbAmbient value="BetaVerb"/>
    </CTerrain>
    <CTerrain id="Typhon">
        <LoadingScreen value="Assets\Textures\loading-typhon.dds"/>
        <EditorCategories value="Climate:Wasteland"/>
        <MinimapBrightenFactor value="1.200000"/>
        <BlendTextures value="Typhon1"/>
        <BlendTextures value="Typhon2"/>
        <BlendTextures value="Typhon3"/>
        <BlendTextures value="Typhon4"/>
        <BlendTextures value="Typhon5"/>
        <BlendTextures value="Typhon6"/>
        <BlendTextures value="Typhon7"/>
        <BlendTextures value="Typhon8"/>
        <CliffSets value="TyphonCliff0"/>
        <CliffSets value="TyphonCliff1"/>
        <HardTiles value="MarSaraTile"/>
        <FogEnabled value="1"/>
        <FogColor value="255,45,68,86"/>
        <FogDensity value="0.060000"/>
        <FogFalloff value="0.200000"/>
        <FogStartingHeight value="-0.900000"/>
        <ReverbAmbient value="BetaVerb"/>
        <Ambience value="Ambience_Typhon"/>
    </CTerrain>
    <CTerrain id="Tyrador">
        <LoadingScreen value="Assets\Textures\loading-tyrador.dds"/>
        <EditorCategories value="Climate:Urban"/>
        <BlendTextures value="TyradorConcrete"/>
        <BlendTextures value="TyradorConcreteCracked"/>
        <BlendTextures value="TyradorRubble"/>
        <BlendTextures value="TyradorGrass"/>
        <BlendTextures value="TyradorMarbleTiles"/>
        <BlendTextures value="TyradorBricks"/>
        <BlendTextures value="TyradorBigBricks"/>
        <BlendTextures value="TyradorSquareBricks"/>
        <CliffSets value="TyradorCliff0"/>
        <CliffSets value="TyradorCliff1"/>
        <HardTiles value="MarSaraTile"/>
        <FogEnabled value="1"/>
        <FogColor value="255,45,68,86"/>
        <FogDensity value="0.060000"/>
        <FogFalloff value="0.200000"/>
        <FogStartingHeight value="-0.900000"/>
        <ReverbAmbient value="BetaVerb"/>
        <Ambience value="Ambience_Tyrador"/>
    </CTerrain>
    <CTerrain id="Ulaan">
        <LoadingScreen value="Assets\Textures\loading-ulaan.dds"/>
        <EditorCategories value="Climate:Cave"/>
        <BlendTextures value="UlaanDirt"/>
        <BlendTextures value="UlaanDirtCracked"/>
        <BlendTextures value="UlaanSand"/>
        <BlendTextures value="UlaanPebbles"/>
        <BlendTextures value="UlaanRocky"/>
        <BlendTextures value="UlaanStone"/>
        <BlendTextures value="UlaanGrunge"/>
        <BlendTextures value="UlaanRoughRock"/>
        <CliffSets value="UlaanCliff0"/>
        <CliffSets value="UlaanCliff1"/>
        <HardTiles value="MarSaraTile"/>
        <CreepBaseTexture value="Assets\Textures\Creep_Ulaan.dds"/>
        <FogEnabled value="1"/>
        <FogColor value="255,45,68,86"/>
        <FogDensity value="0.060000"/>
        <FogFalloff value="0.200000"/>
        <FogStartingHeight value="-0.900000"/>
        <ReverbAmbient value="BetaVerb"/>
        <Ambience value="Ambience_Ulaan"/>
    </CTerrain>
    <CTerrain id="Ulnar">
        <LoadingScreen value="Assets\Textures\loading-ulnar.dds"/>
        <Camera value="SpacePlatform"/>
        <EditorCategories value="Climate:SpacePlatform"/>
        <HideLowestLevel value="1"/>
        <MinimapBackgroundColor value="255,0,0,32"/>
        <MinimapBrightenFactor value="1.300000"/>
        <FixedSkyboxModel value="UlnarSkyBox"/>
        <NonFixedSkyboxModel value="UlnarSkyParallax"/>
        <BlendTextures value="UlnarDirt"/>
        <BlendTextures value="UlnarCracks"/>
        <BlendTextures value="UlnarRubble"/>
        <BlendTextures value="UlnarRock"/>
        <BlendTextures value="UlnarJunk"/>
        <BlendTextures value="UlnarHull1"/>
        <BlendTextures value="UlnarHull2"/>
        <BlendTextures value="UlnarHull3"/>
        <CliffSets value="UlnarCliff0"/>
        <CliffSets value="UlnarCliff1"/>
        <HardTiles value="MarSaraTile"/>
        <FogColor value="255,45,68,86"/>
        <FogDensity value="0.060000"/>
        <FogFalloff value="0.200000"/>
        <FogStartingHeight value="-0.900000"/>
        <ReverbAmbient value="BetaVerb"/>
        <Ambience value="Ambience_BraxisAlpha"/>
    </CTerrain>
    <CTerrain id="Valhalla">
        <LoadingScreen value="Assets\Textures\loading-valhalla.dds"/>
        <EditorCategories value="Climate:Lunar"/>
        <BlendTextures value="Valhalla1"/>
        <BlendTextures value="Valhalla2"/>
        <BlendTextures value="Valhalla3"/>
        <BlendTextures value="Valhalla4"/>
        <BlendTextures value="Valhalla5"/>
        <BlendTextures value="Valhalla6"/>
        <BlendTextures value="Valhalla7"/>
        <BlendTextures value="Valhalla8"/>
        <CliffSets value="ValhallaCliff0"/>
        <CliffSets value="ValhallaCliff1"/>
        <HardTiles value="MarSaraTile"/>
        <FogEnabled value="1"/>
        <FogColor value="255,45,68,86"/>
        <FogDensity value="0.060000"/>
        <FogFalloff value="0.200000"/>
        <FogStartingHeight value="-0.900000"/>
        <ReverbAmbient value="BetaVerb"/>
        <Ambience value="Ambience_Valhalla"/>
    </CTerrain>
    <CTerrain id="Xil">
        <LoadingScreen value="Assets\Textures\loading-xil.dds"/>
        <FixedSkyboxModel value="XilSkybox"/>
        <EditorCategories value="Climate:Wasteland"/>
        <BlendTextures value="XilDirt"/>
        <BlendTextures value="XilDirtCracked"/>
        <BlendTextures value="XilSand"/>
        <BlendTextures value="XilSandCracked"/>
        <BlendTextures value="XilRockCracked"/>
        <BlendTextures value="XilDirtRocky"/>
        <BlendTextures value="XilGrass"/>
        <BlendTextures value="XilRockDark"/>
        <CliffSets value="XilCliff0"/>
        <CliffSets value="XilCliff1"/>
        <HardTiles value="MarSaraTile"/>
        <Ambience value="Ambience_Xil"/>
        <FogEnabled value="1"/>
        <FogColor value="255,184,239,239"/>
        <FogDensity value="0.100000"/>
        <FogFalloff value="0.260000"/>
        <FogStartingHeight value="-0.900000"/>
        <ReverbAmbient value="BetaVerb"/>
    </CTerrain>
    <CTerrain id="ZhakulDas">
        <LoadingScreen value="Assets\Textures\loading-zhakuldas.dds"/>
        <EditorCategories value="Climate:Jungle"/>
        <FixedSkyboxModel value="BelShirSkyBox"/>
        <BlendTextures value="ZhakulDasGrass"/>
        <BlendTextures value="ZhakulDasDirtCracked"/>
        <BlendTextures value="ZhakulDasDirtRough"/>
        <BlendTextures value="ZhakulDasDarkRock"/>
        <BlendTextures value="ZhakulDasLightRock"/>
        <BlendTextures value="ZhakulDasMercuryCracks"/>
        <BlendTextures value="ZhakulDasTiles"/>
        <BlendTextures value="ZhakulDasBricks"/>
        <CliffSets value="ZhakulDasCliff0"/>
        <CliffSets value="ZhakulDasCliff1"/>
        <HardTiles value="MarSaraTile"/>
        <FogEnabled value="1"/>
        <FogColor value="255,45,68,86"/>
        <FogDensity value="0.060000"/>
        <FogFalloff value="0.200000"/>
        <FogStartingHeight value="-0.900000"/>
        <ReverbAmbient value="BetaVerb"/>
        <Ambience value="Ambience_ZhakulDas"/>
    </CTerrain>
</Catalog>
