<?xml version="1.0" encoding="us-ascii"?>
<Catalog>
    <CTexture default="1">
        <!-- Default behavior in Liberty and Swarm.  Enables data wranglers to modify the slot and
             texture props of a texture that is innate to a model via a TextureData.xml entry that
             has the same file name.  Working with TextureData.xml is easier than working with
             TextureDeclares for some people, so this can make working with textures easier in some
             cases.  However, it can can have seriously unintended consequences if the same texture
             is shared differently among models, as with Heroes skins.  It means that a texture
             intended to be used in one way on model A can sneakily misidentify slots on model B.
             Going forward, we're not using the functionality, so it is turned off in Heroes.  -->
        <Flags index="UnifyWithInnateModelTextures" value="1"/>
    </CTexture>
    <CTexture default="1" id="TutorialVideo">
        <Slot value="video"/>
        <MovieSoundSettings5dot1 value="TutorialMovie5dot1Template"/>
        <MovieSoundSettingsStereo value="TutorialMovieStereoTemplate"/>
        <MovieSoundSettings value="TutorialMovieTemplate"/>
    </CTexture>
    <CTexture id="Background_NovaCovertops_01"/>
    <CTexture id="cinematic_bettermarine">
        <File value="Assets\Textures\cinematic_bettermarine.ogv"/>
        <Slot value="video"/>
        <MovieSoundSettings value="VideoSoundSettings_Cinematics_Liberty"/>
        <MovieSoundSettings5dot1 value="VideoSpeakermix_5dot1"/>
        <MovieSoundSettingsStereo value="VideoSpeakermix_Stereo"/>
    </CTexture>
    <CTexture id="cinematic_swarm_intro">
        <File value="Assets\Textures\cinematic_swarm_intro.ogv"/>
        <Slot value="video"/>
        <MovieSoundSettings value="VideoSoundSettings_Cinematics_Swarm"/>
        <MovieSoundSettings5dot1 value="VideoSpeakermix_5dot1"/>
        <MovieSoundSettingsStereo value="VideoSpeakermix_Stereo"/>
    </CTexture>
    <CTexture id="cinematic_swarm_intro_low">
        <File value="Assets\Textures\cinematic_swarm_intro_low.ogv"/>
        <Slot value="video"/>
        <MovieSoundSettings value="VideoSoundSettings_Cinematics_Swarm_low"/>
        <MovieSoundSettings5dot1 value="VideoSpeakermix_5dot1"/>
        <MovieSoundSettingsStereo value="VideoSpeakermix_Stereo"/>
    </CTexture>
    <CTexture id="cinematic_voidintro">
        <File value="Assets\Textures\cinematic_voidintro.ogv"/>
        <Slot value="video"/>
        <MovieSoundSettings value="VideoSoundSettings_Cinematics_Void"/>
        <MovieSoundSettings5dot1 value="VideoSpeakermix_5dot1"/>
        <MovieSoundSettingsStereo value="VideoSpeakermix_Stereo"/>
    </CTexture>
    <CTexture id="cinematic_voidintro_low">
        <File value="Assets\Textures\cinematic_voidintro_low.ogv"/>
        <Slot value="video"/>
        <MovieSoundSettings value="VideoSoundSettings_Cinematics_Void_low"/>
        <MovieSoundSettings5dot1 value="VideoSpeakermix_5dot1"/>
        <MovieSoundSettingsStereo value="VideoSpeakermix_Stereo"/>
    </CTexture>
    <CTexture id="video_scstory_pt1">
        <File value="Assets\Textures\video_scstory_pt1.ogv"/>
        <Slot value="video"/>
        <MovieSoundSettings value="Video_SCStory"/>
        <MovieSoundSettings5dot1 value="Video_SCStory_5dot1"/>
        <MovieSoundSettingsStereo value="Video_SCStory_Stereo"/>
    </CTexture>
    <CTexture id="video_scstory_pt12">
        <File value="Assets\Textures\video_scstory_pt12.ogv"/>
        <Slot value="video"/>
        <MovieSoundSettings value="Video_SCStory"/>
        <MovieSoundSettings5dot1 value="Video_SCStory_5dot1"/>
        <MovieSoundSettingsStereo value="Video_SCStory_Stereo"/>
    </CTexture>
    <CTexture id="video_scstory_full">
        <File value="Assets\Textures\video_scstory_full.ogv"/>
        <Slot value="video"/>
        <MovieSoundSettings value="Video_SCStory"/>
        <MovieSoundSettings5dot1 value="Video_SCStory_5dot1"/>
        <MovieSoundSettingsStereo value="Video_SCStory_Stereo"/>
    </CTexture>
    <CTexture id="video_ac_abathur">
        <File value="Assets\Textures\video_ac_abathur.ogv"/>
        <Slot value="video"/>
        <MovieSoundSettings value="Video_AC"/>
        <MovieSoundSettings5dot1 value="Video_AC_5dot1"/>
        <MovieSoundSettingsStereo value="Video_AC_Stereo"/>
    </CTexture>
    <CTexture id="video_ac_abathur_low">
        <File value="Assets\Textures\video_ac_abathur_low.ogv"/>
        <Slot value="video"/>
        <MovieSoundSettings value="Video_AC_low"/>
        <MovieSoundSettings5dot1 value="Video_AC_5dot1"/>
        <MovieSoundSettingsStereo value="Video_AC_Stereo"/>
    </CTexture>
    <CTexture id="video_ac_alarak">
        <File value="Assets\Textures\video_ac_alarak.ogv"/>
        <Slot value="video"/>
        <MovieSoundSettings value="Video_AC_Alarak"/>
        <MovieSoundSettings5dot1 value="Video_AC_Alarak_5dot1"/>
        <MovieSoundSettingsStereo value="Video_AC_Alarak_Stereo"/>
    </CTexture>
    <CTexture id="video_ac_alarak_low">
        <File value="Assets\Textures\video_ac_alarak_low.ogv"/>
        <Slot value="video"/>
        <MovieSoundSettings value="Video_AC_Alarak"/>
        <MovieSoundSettings5dot1 value="Video_AC_Alarak_5dot1"/>
        <MovieSoundSettingsStereo value="Video_AC_Alarak_Stereo"/>
    </CTexture>
    <CTexture id="video_ac_artanis">
        <File value="Assets\Textures\video_ac_artanis.ogv"/>
        <Slot value="video"/>
        <MovieSoundSettings value="Video_AC"/>
        <MovieSoundSettings5dot1 value="Video_AC_5dot1"/>
        <MovieSoundSettingsStereo value="Video_AC_Stereo"/>
    </CTexture>
    <CTexture id="video_ac_artanis_low">
        <File value="Assets\Textures\video_ac_artanis_low.ogv"/>
        <Slot value="video"/>
        <MovieSoundSettings value="Video_AC_low"/>
        <MovieSoundSettings5dot1 value="Video_AC_5dot1"/>
        <MovieSoundSettingsStereo value="Video_AC_Stereo"/>
    </CTexture>
    <CTexture id="video_ac_dehaka">
        <File value="Assets\Textures\video_ac_dehaka.ogv"/>
        <Slot value="video"/>
        <MovieSoundSettings value="Video_AC_dehaka"/>
        <MovieSoundSettings5dot1 value="Video_AC_dehaka_5dot1"/>
        <MovieSoundSettingsStereo value="Video_AC_dehaka_Stereo"/>
    </CTexture>
    <CTexture id="video_ac_dehaka_low">
        <File value="Assets\Textures\video_ac_dehaka_low.ogv"/>
        <Slot value="video"/>
        <MovieSoundSettings value="Video_AC_dehaka"/>
        <MovieSoundSettings5dot1 value="Video_AC_dehaka_5dot1"/>
        <MovieSoundSettingsStereo value="Video_AC_dehaka_Stereo"/>
    </CTexture>
    <CTexture id="video_ac_fenix">
        <File value="Assets\Textures\video_ac_fenix.ogv"/>
        <Slot value="video"/>
        <MovieSoundSettings value="Video_AC_Fenix"/>
        <MovieSoundSettings5dot1 value="Video_AC_Fenix_5dot1"/>
        <MovieSoundSettingsStereo value="Video_AC_Fenix_Stereo"/>
    </CTexture>
    <CTexture id="video_ac_fenix_low">
        <File value="Assets\Textures\video_ac_fenix_low.ogv"/>
        <Slot value="video"/>
        <MovieSoundSettings value="Video_AC_Fenix"/>
        <MovieSoundSettings5dot1 value="Video_AC_Fenix_5dot1"/>
        <MovieSoundSettingsStereo value="Video_AC_Fenix_Stereo"/>
    </CTexture>
    <CTexture id="video_ac_hanhorner">
        <File value="Assets\Textures\video_ac_hanhorner.ogv"/>
        <Slot value="video"/>
        <MovieSoundSettings value="Video_AC_HanHorner"/>
        <MovieSoundSettings5dot1 value="Video_AC_HanHorner_5dot1"/>
        <MovieSoundSettingsStereo value="Video_AC_HanHorner_Stereo"/>
    </CTexture>
    <CTexture id="video_ac_hanhorner_low">
        <File value="Assets\Textures\video_ac_hanhorner_low.ogv"/>
        <Slot value="video"/>
        <MovieSoundSettings value="Video_AC_HanHorner"/>
        <MovieSoundSettings5dot1 value="Video_AC_HanHorner_5dot1"/>
        <MovieSoundSettingsStereo value="Video_AC_HanHorner_Stereo"/>
    </CTexture>
    <CTexture id="video_ac_karax">
        <File value="Assets\Textures\video_ac_karax.ogv"/>
        <Slot value="video"/>
        <MovieSoundSettings value="Video_AC"/>
        <MovieSoundSettings5dot1 value="Video_AC_5dot1"/>
        <MovieSoundSettingsStereo value="Video_AC_Stereo"/>
    </CTexture>
    <CTexture id="video_ac_karax_low">
        <File value="Assets\Textures\video_ac_karax_low.ogv"/>
        <Slot value="video"/>
        <MovieSoundSettings value="Video_AC_low"/>
        <MovieSoundSettings5dot1 value="Video_AC_5dot1"/>
        <MovieSoundSettingsStereo value="Video_AC_Stereo"/>
    </CTexture>
    <CTexture id="video_ac_kerrigan">
        <File value="Assets\Textures\video_ac_kerrigan.ogv"/>
        <Slot value="video"/>
        <MovieSoundSettings value="Video_AC"/>
        <MovieSoundSettings5dot1 value="Video_AC_5dot1"/>
        <MovieSoundSettingsStereo value="Video_AC_Stereo"/>
    </CTexture>
    <CTexture id="video_ac_kerrigan_low">
        <File value="Assets\Textures\video_ac_kerrigan_low.ogv"/>
        <Slot value="video"/>
        <MovieSoundSettings value="Video_AC_low"/>
        <MovieSoundSettings5dot1 value="Video_AC_5dot1"/>
        <MovieSoundSettingsStereo value="Video_AC_Stereo"/>
    </CTexture>
    <CTexture id="video_ac_nova">
        <File value="Assets\Textures\video_ac_nova.ogv"/>
        <Slot value="video"/>
        <MovieSoundSettings value="Video_AC_Nova"/>
        <MovieSoundSettings5dot1 value="Video_AC_Nova_5dot1"/>
        <MovieSoundSettingsStereo value="Video_AC_Nova_Stereo"/>
    </CTexture>
    <CTexture id="video_ac_nova_low">
        <File value="Assets\Textures\video_ac_nova_low.ogv"/>
        <Slot value="video"/>
        <MovieSoundSettings value="Video_AC_Nova"/>
        <MovieSoundSettings5dot1 value="Video_AC_Nova_5dot1"/>
        <MovieSoundSettingsStereo value="Video_AC_Nova_Stereo"/>
    </CTexture>
    <CTexture id="video_ac_raynor">
        <File value="Assets\Textures\video_ac_raynor.ogv"/>
        <Slot value="video"/>
        <MovieSoundSettings value="Video_AC"/>
        <MovieSoundSettings5dot1 value="Video_AC_5dot1"/>
        <MovieSoundSettingsStereo value="Video_AC_Stereo"/>
    </CTexture>
    <CTexture id="video_ac_raynor_low">
        <File value="Assets\Textures\video_ac_raynor_low.ogv"/>
        <Slot value="video"/>
        <MovieSoundSettings value="Video_AC_low"/>
        <MovieSoundSettings5dot1 value="Video_AC_5dot1"/>
        <MovieSoundSettingsStereo value="Video_AC_Stereo"/>
    </CTexture>
    <CTexture id="video_ac_stukov">
        <File value="Assets\Textures\video_ac_stukov.ogv"/>
        <Slot value="video"/>
        <MovieSoundSettings value="Video_AC_Stukov"/>
        <MovieSoundSettings5dot1 value="Video_AC_Stukov_5dot1"/>
        <MovieSoundSettingsStereo value="Video_AC_Stukov_Stereo"/>
    </CTexture>
    <CTexture id="Video_ac_stukov_low">
        <File value="Assets\Textures\video_ac_stukov_low.ogv"/>
        <Slot value="video"/>
        <MovieSoundSettings value="Video_AC_Stukov"/>
        <MovieSoundSettings5dot1 value="Video_AC_Stukov_5dot1"/>
        <MovieSoundSettingsStereo value="Video_AC_Stukov_Stereo"/>
    </CTexture>
    <CTexture id="video_ac_swann">
        <File value="Assets\Textures\video_ac_swann.ogv"/>
        <Slot value="video"/>
        <MovieSoundSettings value="Video_AC"/>
        <MovieSoundSettings5dot1 value="Video_AC_5dot1"/>
        <MovieSoundSettingsStereo value="Video_AC_Stereo"/>
    </CTexture>
    <CTexture id="video_ac_swann_low">
        <File value="Assets\Textures\video_ac_swann_low.ogv"/>
        <Slot value="video"/>
        <MovieSoundSettings value="Video_AC_low"/>
        <MovieSoundSettings5dot1 value="Video_AC_5dot1"/>
        <MovieSoundSettingsStereo value="Video_AC_Stereo"/>
    </CTexture>
    <CTexture id="video_ac_vorazun">
        <File value="Assets\Textures\video_ac_vorazun.ogv"/>
        <Slot value="video"/>
        <MovieSoundSettings value="Video_AC"/>
        <MovieSoundSettings5dot1 value="Video_AC_5dot1"/>
        <MovieSoundSettingsStereo value="Video_AC_Stereo"/>
    </CTexture>
    <CTexture id="video_ac_vorazun_low">
        <File value="Assets\Textures\video_ac_vorazun_low.ogv"/>
        <Slot value="video"/>
        <MovieSoundSettings value="Video_AC_low"/>
        <MovieSoundSettings5dot1 value="Video_AC_5dot1"/>
        <MovieSoundSettingsStereo value="Video_AC_Stereo"/>
    </CTexture>
    <CTexture id="video_ac_zagara">
        <File value="Assets\Textures\video_ac_zagara.ogv"/>
        <Slot value="video"/>
        <MovieSoundSettings value="Video_AC"/>
        <MovieSoundSettings5dot1 value="Video_AC_5dot1"/>
        <MovieSoundSettingsStereo value="Video_AC_Stereo"/>
    </CTexture>
    <CTexture id="video_ac_tychus">
        <File value="Assets\Textures\video_ac_tychus.ogv"/>
        <Slot value="video"/>
        <MovieSoundSettings value="Video_AC_Tychus"/>
        <MovieSoundSettings5dot1 value="Video_AC_Tychus_5dot1"/>
        <MovieSoundSettingsStereo value="Video_AC_Tychus_Stereo"/>
    </CTexture>
    <CTexture id="video_ac_zeratul">
        <File value="Assets\Textures\video_ac_zeratul.ogv"/>
        <Slot value="video"/>
        <MovieSoundSettings value="Video_AC_Zeratul"/>
        <MovieSoundSettings5dot1 value="Video_AC_Zeratul_5dot1"/>
        <MovieSoundSettingsStereo value="Video_AC_Zeratul_Stereo"/>
    </CTexture>
    <CTexture id="video_ac_stetmann">
        <File value="Assets\Textures\video_ac_stetmann.ogv"/>
        <Slot value="video"/>
        <MovieSoundSettings value="Video_AC_Stetmann"/>
        <MovieSoundSettings5dot1 value="Video_AC_5dot1"/>
        <MovieSoundSettingsStereo value="Video_AC_Stetmann_Stereo"/>
    </CTexture>
    <!--CTexture id="video_ac_tychus_low">
        <File value="Assets\Textures\video_ac_tychus_low.ogv"/>
        <Slot value="video"/>
        <MovieSoundSettings value="Video_AC_low"/>
        <MovieSoundSettings5dot1 value="Video_AC_5dot1"/>
        <MovieSoundSettingsStereo value="Video_AC_Stereo"/>
    </CTexture>-->
    <CTexture id="video_ac_zagara_low">
        <File value="Assets\Textures\video_ac_zagara_low.ogv"/>
        <Slot value="video"/>
        <MovieSoundSettings value="Video_AC_low"/>
        <MovieSoundSettings5dot1 value="Video_AC_5dot1"/>
        <MovieSoundSettingsStereo value="Video_AC_Stereo"/>
    </CTexture>
    <CTexture id="TutorialOverview" parent="TutorialVideo">
        <File value="Assets/Textures/video_tutorial_overview.ogv"/>
    </CTexture>
    <CTexture id="TutorialCameraControl" parent="TutorialVideo">
        <File value="Assets/Textures/video_tutorial_camera_control.ogv"/>
    </CTexture>
    <CTexture id="TutorialMovement" parent="TutorialVideo">
        <File value="Assets/Textures/video_tutorial_movement.ogv"/>
    </CTexture>
    <CTexture id="TutorialCombat" parent="TutorialVideo">
        <File value="Assets/Textures/video_tutorial_combat.ogv"/>
    </CTexture>
    <CTexture id="TutorialResourceCollection" parent="TutorialVideo">
        <File value="Assets/Textures/video_tutorial_resource_collection.ogv"/>
    </CTexture>
    <CTexture id="TutorialTerranBaseConstruction" parent="TutorialVideo">
        <File value="Assets/Textures/video_tutorial_terran_base_construction.ogv"/>
    </CTexture>
    <CTexture id="TutorialTerranSupply" parent="TutorialVideo">
        <File value="Assets/Textures/video_tutorial_terran_supply.ogv"/>
    </CTexture>
    <CTexture id="TutorialTerranUnitProduction" parent="TutorialVideo">
        <File value="Assets/Textures/video_tutorial_terran_unit_production.ogv"/>
    </CTexture>
    <CTexture id="TutorialProtoss" parent="TutorialVideo">
        <File value="Assets/Textures/tutorial_protoss.ogv"/>
    </CTexture>
    <CTexture id="TutorialZerg" parent="TutorialVideo">
        <File value="Assets/Textures/tutorial_zerg.ogv"/>
    </CTexture>
    <CTexture id="video_gamemodes_campaign">
        <File value="Assets\Textures\video_gamemodes_campaign.ogv"/>
        <Slot value="video"/>
        <MovieSoundSettings value="Video_Gamemodes_SpeakerMix_Stereo"/>
        <MovieSoundSettings5dot1 value="Video_Gamemodes_SpeakerMix_5dot1"/>
        <MovieSoundSettingsStereo value="Video_Gamemodes_SpeakerMix_Stereo"/>
    </CTexture>
    <CTexture id="video_gamemodes_campaign_low">
        <File value="Assets\Textures\video_gamemodes_campaign_low.ogv"/>
        <Slot value="video"/>
        <MovieSoundSettings value="Video_Gamemodes_SpeakerMix_Stereo"/>
        <MovieSoundSettings5dot1 value="Video_Gamemodes_SpeakerMix_5dot1"/>
        <MovieSoundSettingsStereo value="Video_Gamemodes_SpeakerMix_Stereo"/>
    </CTexture>
    <CTexture id="video_gamemodes_coop">
        <File value="Assets\Textures\video_gamemodes_coop.ogv"/>
        <Slot value="video"/>
        <MovieSoundSettings value="Video_Gamemodes_SpeakerMix_Stereo"/>
        <MovieSoundSettings5dot1 value="Video_Gamemodes_SpeakerMix_5dot1"/>
        <MovieSoundSettingsStereo value="Video_Gamemodes_SpeakerMix_Stereo"/>
    </CTexture>
    <CTexture id="video_gamemodes_coop_low">
        <File value="Assets\Textures\video_gamemodes_coop_low.ogv"/>
        <Slot value="video"/>
        <MovieSoundSettings value="Video_Gamemodes_SpeakerMix_Stereo"/>
        <MovieSoundSettings5dot1 value="Video_Gamemodes_SpeakerMix_5dot1"/>
        <MovieSoundSettingsStereo value="Video_Gamemodes_SpeakerMix_Stereo"/>
    </CTexture>
    <CTexture id="video_gamemodes_versus">
        <File value="Assets\Textures\video_gamemodes_versus.ogv"/>
        <Slot value="video"/>
        <MovieSoundSettings value="Video_Gamemodes_SpeakerMix_Stereo"/>
        <MovieSoundSettings5dot1 value="Video_Gamemodes_SpeakerMix_5dot1"/>
        <MovieSoundSettingsStereo value="Video_Gamemodes_SpeakerMix_Stereo"/>
    </CTexture>
    <CTexture id="video_gamemodes_versus_low">
        <File value="Assets\Textures\video_gamemodes_versus_low.ogv"/>
        <Slot value="video"/>
        <MovieSoundSettings value="Video_Gamemodes_SpeakerMix_Stereo"/>
        <MovieSoundSettings5dot1 value="Video_Gamemodes_SpeakerMix_5dot1"/>
        <MovieSoundSettingsStereo value="Video_Gamemodes_SpeakerMix_Stereo"/>
    </CTexture>
    <CTexture id="video_gamemodes_veteran">
        <File value="Assets\Textures\video_gamemodes_veteran.ogv"/>
        <Slot value="video"/>
        <MovieSoundSettings value="Video_Gamemodes_SpeakerMix_Stereo"/>
        <MovieSoundSettings5dot1 value="Video_Gamemodes_SpeakerMix_5dot1"/>
        <MovieSoundSettingsStereo value="Video_Gamemodes_SpeakerMix_Stereo"/>
    </CTexture>
    <CTexture id="video_gamemodes_veteran_low">
        <File value="Assets\Textures\video_gamemodes_veteran_low.ogv"/>
        <Slot value="video"/>
        <MovieSoundSettings value="Video_Gamemodes_SpeakerMix_Stereo"/>
        <MovieSoundSettings5dot1 value="Video_Gamemodes_SpeakerMix_5dot1"/>
        <MovieSoundSettingsStereo value="Video_Gamemodes_SpeakerMix_Stereo"/>
    </CTexture>
    <CTexture id="ZerglingPrimalCollectionDiffuse">
        <File value="Assets\Textures\Zergling_Primal_Collection_Portrait_Diff.dds"/>
        <Slot value="main.diffuse"/>
    </CTexture>
    <CTexture id="Campaign_Decal_0001_01">
        <File value="Assets\Textures\campaign_decal_0001_01.dds"/>
        <Prefix value="decal"/>
        <Slot value="decal"/>
    </CTexture>
    <CTexture id="Campaign_Decal_0001_02">
        <File value="Assets\Textures\campaign_decal_0001_02.dds"/>
        <Prefix value="decal"/>
        <Slot value="decal"/>
    </CTexture>
    <CTexture id="Campaign_Decal_0001_03">
        <File value="Assets\Textures\campaign_decal_0001_03.dds"/>
        <Prefix value="decal"/>
        <Slot value="decal"/>
    </CTexture>
    <CTexture id="Campaign_Decal_0002_01">
        <File value="Assets\Textures\campaign_decal_0002_01.dds"/>
        <Prefix value="decal"/>
        <Slot value="decal"/>
    </CTexture>
    <!--    <CTexture id="Campaign_Decal_0002_02">
        <File value="Assets\Textures\campaign_decal_0002_02.dds"/>
        <Prefix value="decal"/>
        <Slot value="decal"/>
    </CTexture> -->
    <CTexture id="Decal_Campaign_Tychus_01">
        <File value="Assets\Textures\decal_campaign_tychus_01.dds"/>
    </CTexture>
    <CTexture id="Decal_Number_01">
        <File value="Assets\Textures\decal_colonistship_01.dds"/>
    </CTexture>
    <CTexture id="Decal_Number_02">
        <File value="Assets\Textures\decal_colonistship_02.dds"/>
    </CTexture>
    <CTexture id="Decal_Number_03">
        <File value="Assets\Textures\decal_colonistship_03.dds"/>
    </CTexture>
    <CTexture id="Decal_Number_04">
        <File value="Assets\Textures\decal_colonistship_04.dds"/>
    </CTexture>
    <CTexture id="Decal_Number_05">
        <File value="Assets\Textures\decal_colonistship_05.dds"/>
    </CTexture>
    <CTexture id="Decal_Number_06">
        <File value="Assets\Textures\decal_colonistship_06.dds"/>
    </CTexture>
    <CTexture id="Decal_Number_07">
        <File value="Assets\Textures\decal_colonistship_07.dds"/>
    </CTexture>
    <CTexture id="Decal_Number_08">
        <File value="Assets\Textures\decal_colonistship_08.dds"/>
    </CTexture>
    <CTexture id="Decal_Number_09">
        <File value="Assets\Textures\decal_colonistship_09.dds"/>
    </CTexture>
    <CTexture id="Decal_Graffiti_Alive_01">
        <File value="Assets\Textures\decal_graffiti_alive_01.dds"/>
    </CTexture>
    <CTexture id="Decal_Merc_Terran_01">
        <File value="Assets\Textures\decal_merc_terran_01.dds"/>
    </CTexture>
    <CTexture id="Decal_Merc_Terran_02">
        <File value="Assets\Textures\decal_merc_terran_02.dds"/>
    </CTexture>
    <CTexture id="Decal_Merc_Terran_03">
        <File value="Assets\Textures\decal_merc_terran_03.dds"/>
    </CTexture>
    <CTexture id="Decal_Protoss_0000_01">
        <File value="Assets\Textures\decal_protoss_0000_01.dds"/>
    </CTexture>
    <CTexture id="Decal_Protoss_0001_01">
        <File value="Assets\Textures\decal_protoss_0001_01.dds"/>
    </CTexture>
    <CTexture id="Decal_Protoss_0002_01">
        <File value="Assets\Textures\decal_protoss_0002_01.dds"/>
    </CTexture>
    <CTexture id="Decal_Protoss_0003_01">
        <File value="Assets\Textures\decal_protoss_0003_01.dds"/>
    </CTexture>
    <CTexture id="Decal_Protoss_0004_01">
        <File value="Assets\Textures\decal_protoss_0004_01.dds"/>
    </CTexture>
    <CTexture id="Decal_Protoss_0005_01">
        <File value="Assets\Textures\decal_protoss_0005_01.dds"/>
    </CTexture>
    <CTexture id="Decal_Protoss_0006_01">
        <File value="Assets\Textures\decal_protoss_0006_01.dds"/>
    </CTexture>
    <CTexture id="Decal_Protoss_0007_01">
        <File value="Assets\Textures\decal_protoss_0007_01.dds"/>
    </CTexture>
    <CTexture id="Decal_Protoss_0008_01">
        <File value="Assets\Textures\decal_protoss_0008_01.dds"/>
    </CTexture>
    <CTexture id="Decal_Protoss_0009_01">
        <File value="Assets\Textures\decal_protoss_0009_01.dds"/>
    </CTexture>
    <CTexture id="Decal_Protoss_0010_01">
        <File value="Assets\Textures\decal_protoss_0010_01.dds"/>
    </CTexture>
    <CTexture id="Decal_Protoss_0011_01">
        <File value="Assets\Textures\decal_protoss_0011_01.dds"/>
    </CTexture>
    <CTexture id="Decal_Protoss_0012_01">
        <File value="Assets\Textures\decal_protoss_0012_01.dds"/>
    </CTexture>
    <CTexture id="Decal_Protoss_0013_01">
        <File value="Assets\Textures\decal_protoss_0013_01.dds"/>
    </CTexture>
    <CTexture id="Decal_Protoss_0014_01">
        <File value="Assets\Textures\decal_protoss_0014_01.dds"/>
    </CTexture>
    <CTexture id="Decal_Protoss_0015_01">
        <File value="Assets\Textures\decal_protoss_0015_01.dds"/>
    </CTexture>
    <CTexture id="Decal_Protoss_0016_01">
        <File value="Assets\Textures\decal_protoss_0016_01.dds"/>
    </CTexture>
    <CTexture id="Decal_Protoss_0017_01">
        <File value="Assets\Textures\decal_protoss_0017_01.dds"/>
    </CTexture>
    <CTexture id="Decal_Protoss_0018_01">
        <File value="Assets\Textures\decal_protoss_0018_01.dds"/>
    </CTexture>
    <CTexture id="Decal_Protoss_0019_01">
        <File value="Assets\Textures\decal_protoss_0019_01.dds"/>
    </CTexture>
    <CTexture id="Decal_Protoss_0020_01">
        <File value="Assets\Textures\decal_protoss_0020_01.dds"/>
    </CTexture>
    <CTexture id="Decal_Protoss_0021_01">
        <File value="Assets\Textures\decal_protoss_0021_01.dds"/>
    </CTexture>
    <CTexture id="Decal_Protoss_0022_01">
        <File value="Assets\Textures\decal_protoss_0022_01.dds"/>
    </CTexture>
    <CTexture id="Decal_Protoss_0023_01">
        <File value="Assets\Textures\decal_protoss_0023_01.dds"/>
    </CTexture>
    <CTexture id="Decal_Protoss_0024_01">
        <File value="Assets\Textures\decal_protoss_0024_01.dds"/>
    </CTexture>
    <CTexture id="Decal_Protoss_0025_01">
        <File value="Assets\Textures\decal_protoss_0025_01.dds"/>
    </CTexture>
    <CTexture id="Decal_Protoss_0026_01">
        <File value="Assets\Textures\decal_protoss_0026_01.dds"/>
    </CTexture>
    <CTexture id="Decal_Protoss_0027_01">
        <File value="Assets\Textures\decal_protoss_0027_01.dds"/>
    </CTexture>
    <CTexture id="Decal_Protoss_0028_01">
        <File value="Assets\Textures\decal_protoss_0028_01.dds"/>
    </CTexture>
    <CTexture id="Decal_Protoss_0029_01">
        <File value="Assets\Textures\decal_protoss_0029_01.dds"/>
    </CTexture>
    <CTexture id="Decal_Protoss_0030_01">
        <File value="Assets\Textures\decal_protoss_0030_01.dds"/>
    </CTexture>
    <CTexture id="Decal_Protoss_0031_01">
        <File value="Assets\Textures\decal_protoss_0031_01.dds"/>
    </CTexture>
    <CTexture id="Decal_Protoss_0032_01">
        <File value="Assets\Textures\decal_protoss_0032_01.dds"/>
    </CTexture>
    <CTexture id="Decal_Protoss_0034_01">
        <File value="Assets\Textures\decal_protoss_0034_01.dds"/>
    </CTexture>
    <CTexture id="Decal_Protoss_0035_01">
        <File value="Assets\Textures\decal_protoss_0035_01.dds"/>
    </CTexture>
    <CTexture id="Decal_Protoss_0036_01">
        <File value="Assets\Textures\decal_protoss_0036_01.dds"/>
    </CTexture>
    <CTexture id="Decal_Protoss_0037_01">
        <File value="Assets\Textures\decal_protoss_0037_01.dds"/>
    </CTexture>
    <CTexture id="Decal_Protoss_0038_01">
        <File value="Assets\Textures\decal_protoss_0038_01.dds"/>
    </CTexture>
    <CTexture id="Decal_Protoss_0039_01">
        <File value="Assets\Textures\decal_protoss_0039_01.dds"/>
    </CTexture>
    <CTexture id="Decal_Protoss_0041_01">
        <File value="Assets\Textures\decal_protoss_0041_01.dds"/>
    </CTexture>
    <CTexture id="Decal_Protoss_0042_01">
        <File value="Assets\Textures\decal_protoss_0042_01.dds"/>
    </CTexture>
    <CTexture id="Decal_Protoss_0043_01">
        <File value="Assets\Textures\decal_protoss_0043_01.dds"/>
    </CTexture>
    <CTexture id="Decal_Protoss_0044_01">
        <File value="Assets\Textures\decal_protoss_0044_01.dds"/>
    </CTexture>
    <CTexture id="Decal_Protoss_0045_01">
        <File value="Assets\Textures\decal_protoss_0045_01.dds"/>
    </CTexture>
    <CTexture id="Decal_Protoss_0046_01">
        <File value="Assets\Textures\decal_protoss_0046_01.dds"/>
    </CTexture>
    <CTexture id="Decal_Protoss_0047_01">
        <File value="Assets\Textures\decal_protoss_0047_01.dds"/>
    </CTexture>
    <CTexture id="Decal_Protoss_0048_01">
        <File value="Assets\Textures\decal_protoss_0048_01.dds"/>
    </CTexture>
    <CTexture id="Decal_Protoss_0049_01">
        <File value="Assets\Textures\decal_protoss_0049_01.dds"/>
    </CTexture>
    <CTexture id="Decal_Protoss_0051_01">
        <File value="Assets\Textures\decal_protoss_0051_01.dds"/>
    </CTexture>
    <CTexture id="Decal_Protoss_0052_01">
        <File value="Assets\Textures\decal_protoss_0052_01.dds"/>
    </CTexture>
    <CTexture id="Decal_Protoss_0053_01">
        <File value="Assets\Textures\decal_protoss_0053_01.dds"/>
    </CTexture>
    <CTexture id="Decal_Protoss_0053_02">
        <File value="Assets\Textures\decal_protoss_0053_02.dds"/>
    </CTexture>
    <CTexture id="Decal_Protoss_0054_01">
        <File value="Assets\Textures\decal_Protoss_0054_01.dds"/>
    </CTexture>
    <CTexture id="Decal_Protoss_0055_01">
        <File value="Assets\Textures\decal_Protoss_0055_01.dds"/>
    </CTexture>
    <CTexture id="Decal_Protoss_0056_01">
        <File value="Assets\Textures\decal_Protoss_0056_01.dds"/>
    </CTexture>
    <CTexture id="Decal_Protoss_0057_01">
        <File value="Assets\Textures\decal_Protoss_0057_01.dds"/>
    </CTexture>
    <CTexture id="Decal_Protoss_0058_01">
        <File value="Assets\Textures\decal_Protoss_0058_01.dds"/>
    </CTexture>
    <CTexture id="Decal_Protoss_0059_01">
        <File value="Assets\Textures\decal_Protoss_0059_01.dds"/>
    </CTexture>
    <CTexture id="Decal_Protoss_0060_01">
        <File value="Assets\Textures\decal_Protoss_0060_01.dds"/>
    </CTexture>
    <CTexture id="Decal_Protoss_0061_01">
        <File value="Assets\Textures\decal_Protoss_0061_01.dds"/>
    </CTexture>
    <CTexture id="Decal_Protoss_0062_01">
        <File value="Assets\Textures\decal_Protoss_0062_01.dds"/>
    </CTexture>
    <CTexture id="Decal_Protoss_0063_01">
        <File value="Assets\Textures\decal_Protoss_0063_01.dds"/>
    </CTexture>
    <CTexture id="Decal_Terran_0000_01">
        <File value="Assets\Textures\decal_terran_0000_01.dds"/>
    </CTexture>
    <CTexture id="Decal_Terran_0001_01">
        <File value="Assets\Textures\decal_terran_0001_01.dds"/>
    </CTexture>
    <CTexture id="Decal_Terran_0002_01">
        <File value="Assets\Textures\decal_terran_0002_01.dds"/>
    </CTexture>
    <CTexture id="Decal_Terran_0003_01">
        <File value="Assets\Textures\decal_terran_0003_01.dds"/>
    </CTexture>
    <CTexture id="Decal_Terran_0003_02">
        <File value="Assets\Textures\decal_terran_0003_02.dds"/>
    </CTexture>
    <CTexture id="Decal_Terran_0004_01">
        <File value="Assets\Textures\decal_terran_0004_01.dds"/>
    </CTexture>
    <CTexture id="Decal_Terran_0005_01">
        <File value="Assets\Textures\decal_terran_0005_01.dds"/>
    </CTexture>
    <CTexture id="Decal_Terran_0005_02">
        <File value="Assets\Textures\decal_terran_0005_02.dds"/>
    </CTexture>
    <CTexture id="Decal_Terran_0006_01">
        <File value="Assets\Textures\decal_terran_0006_01.dds"/>
    </CTexture>
    <CTexture id="Decal_Terran_0007_01">
        <File value="Assets\Textures\decal_terran_0007_01.dds"/>
    </CTexture>
    <CTexture id="Decal_Terran_0007_02">
        <File value="Assets\Textures\decal_terran_0007_02.dds"/>
    </CTexture>
    <CTexture id="Decal_Terran_0008_01">
        <File value="Assets\Textures\decal_terran_0008_01.dds"/>
    </CTexture>
    <CTexture id="Decal_Terran_0008_02">
        <File value="Assets\Textures\decal_terran_0008_02.dds"/>
    </CTexture>
    <CTexture id="Decal_Terran_0009_01">
        <File value="Assets\Textures\decal_terran_0009_01.dds"/>
    </CTexture>
    <CTexture id="Decal_Terran_0010_01">
        <File value="Assets\Textures\decal_terran_0010_01.dds"/>
    </CTexture>
    <CTexture id="Decal_Terran_0011_01">
        <File value="Assets\Textures\decal_terran_0011_01.dds"/>
    </CTexture>
    <CTexture id="Decal_Terran_0012_01">
        <File value="Assets\Textures\decal_terran_0012_01.dds"/>
    </CTexture>
    <CTexture id="Decal_Terran_0013_01">
        <File value="Assets\Textures\decal_terran_0013_01.dds"/>
    </CTexture>
    <CTexture id="Decal_Terran_0014_01">
        <File value="Assets\Textures\decal_terran_0014_01.dds"/>
    </CTexture>
    <CTexture id="Decal_Terran_0015_01">
        <File value="Assets\Textures\decal_terran_0015_01.dds"/>
    </CTexture>
    <CTexture id="Decal_Terran_0016_01">
        <File value="Assets\Textures\decal_terran_0016_01.dds"/>
    </CTexture>
    <CTexture id="Decal_Terran_0017_01">
        <File value="Assets\Textures\decal_terran_0017_01.dds"/>
    </CTexture>
    <CTexture id="Decal_Terran_0018_01">
        <File value="Assets\Textures\decal_terran_0018_01.dds"/>
    </CTexture>
    <CTexture id="Decal_Terran_0019_01">
        <File value="Assets\Textures\decal_terran_0019_01.dds"/>
    </CTexture>
    <CTexture id="Decal_Terran_0020_01">
        <File value="Assets\Textures\decal_terran_0020_01.dds"/>
    </CTexture>
    <CTexture id="Decal_Terran_0021_01">
        <File value="Assets\Textures\decal_terran_0021_01.dds"/>
    </CTexture>
    <CTexture id="Decal_Terran_0022_01">
        <File value="Assets\Textures\decal_terran_0022_01.dds"/>
    </CTexture>
    <CTexture id="Decal_Terran_0023_01">
        <File value="Assets\Textures\decal_terran_0023_01.dds"/>
    </CTexture>
    <CTexture id="Decal_Terran_0024_01">
        <File value="Assets\Textures\decal_terran_0024_01.dds"/>
    </CTexture>
    <CTexture id="Decal_Terran_0025_01">
        <File value="Assets\Textures\decal_terran_0025_01.dds"/>
    </CTexture>
    <CTexture id="Decal_Terran_0026_01">
        <File value="Assets\Textures\decal_terran_0026_01.dds"/>
    </CTexture>
    <CTexture id="Decal_Terran_0027_01">
        <File value="Assets\Textures\decal_terran_0027_01.dds"/>
    </CTexture>
    <CTexture id="Decal_Terran_0028_01">
        <File value="Assets\Textures\decal_terran_0028_01.dds"/>
    </CTexture>
    <CTexture id="Decal_Terran_0029_01">
        <File value="Assets\Textures\decal_terran_0029_01.dds"/>
    </CTexture>
    <CTexture id="Decal_Terran_0030_01">
        <File value="Assets\Textures\decal_terran_0030_01.dds"/>
    </CTexture>
    <CTexture id="Decal_Terran_0031_01">
        <File value="Assets\Textures\decal_terran_0031_01.dds"/>
    </CTexture>
    <CTexture id="Decal_Terran_0032_01">
        <File value="Assets\Textures\decal_terran_0032_01.dds"/>
    </CTexture>
    <CTexture id="Decal_Terran_0034_01">
        <File value="Assets\Textures\decal_terran_0034_01.dds"/>
    </CTexture>
    <CTexture id="Decal_Terran_0035_01">
        <File value="Assets\Textures\decal_terran_0035_01.dds"/>
    </CTexture>
    <CTexture id="Decal_Terran_0036_01">
        <File value="Assets\Textures\decal_terran_0036_01.dds"/>
    </CTexture>
    <CTexture id="Decal_Terran_0037_01">
        <File value="Assets\Textures\decal_terran_0037_01.dds"/>
    </CTexture>
    <CTexture id="Decal_Terran_0038_01">
        <File value="Assets\Textures\decal_terran_0038_01.dds"/>
    </CTexture>
    <CTexture id="Decal_Terran_0039_01">
        <File value="Assets\Textures\decal_terran_0039_01.dds"/>
    </CTexture>
    <CTexture id="Decal_Terran_0041_01">
        <File value="Assets\Textures\decal_terran_0041_01.dds"/>
    </CTexture>
    <CTexture id="Decal_Terran_0042_01">
        <File value="Assets\Textures\decal_terran_0042_01.dds"/>
    </CTexture>
    <CTexture id="Decal_Terran_0043_01">
        <File value="Assets\Textures\decal_terran_0043_01.dds"/>
    </CTexture>
    <CTexture id="Decal_Terran_0044_01">
        <File value="Assets\Textures\decal_terran_0044_01.dds"/>
    </CTexture>
    <CTexture id="Decal_Terran_0045_01">
        <File value="Assets\Textures\decal_terran_0045_01.dds"/>
    </CTexture>
    <CTexture id="Decal_Terran_0046_01">
        <File value="Assets\Textures\decal_terran_0046_01.dds"/>
    </CTexture>
    <CTexture id="Decal_Terran_0047_01">
        <File value="Assets\Textures\decal_Terran_0047_01.dds"/>
    </CTexture>
    <CTexture id="Decal_Terran_0048_01">
        <File value="Assets\Textures\decal_Terran_0048_01.dds"/>
    </CTexture>
    <CTexture id="Decal_Terran_0049_01">
        <File value="Assets\Textures\decal_Terran_0049_01.dds"/>
    </CTexture>
    <CTexture id="Decal_Terran_0051_01">
        <File value="Assets\Textures\decal_Terran_0051_01.dds"/>
    </CTexture>
    <CTexture id="Decal_Terran_0052_01">
        <File value="Assets\Textures\decal_Terran_0052_01.dds"/>
    </CTexture>
    <CTexture id="Decal_Terran_0053_01">
        <File value="Assets\Textures\decal_Terran_0053_01.dds"/>
    </CTexture>
    <CTexture id="Decal_Terran_0053_02">
        <File value="Assets\Textures\decal_Terran_0053_02.dds"/>
    </CTexture>
    <CTexture id="Decal_Terran_0054_01">
        <File value="Assets\Textures\decal_Terran_0054_01.dds"/>
    </CTexture>
    <CTexture id="Decal_Terran_0055_01">
        <File value="Assets\Textures\decal_Terran_0055_01.dds"/>
    </CTexture>
    <CTexture id="Decal_Terran_0056_01">
        <File value="Assets\Textures\decal_Terran_0056_01.dds"/>
    </CTexture>
    <CTexture id="Decal_Terran_0057_01">
        <File value="Assets\Textures\decal_Terran_0057_01.dds"/>
    </CTexture>
    <CTexture id="Decal_Terran_0058_01">
        <File value="Assets\Textures\decal_Terran_0058_01.dds"/>
    </CTexture>
    <CTexture id="Decal_Terran_0059_01">
        <File value="Assets\Textures\decal_Terran_0059_01.dds"/>
    </CTexture>
    <CTexture id="Decal_Terran_0060_01">
        <File value="Assets\Textures\decal_Terran_0060_01.dds"/>
    </CTexture>
    <CTexture id="Decal_Terran_0061_01">
        <File value="Assets\Textures\decal_Terran_0061_01.dds"/>
    </CTexture>
    <CTexture id="Decal_Terran_0062_01">
        <File value="Assets\Textures\decal_Terran_0062_01.dds"/>
    </CTexture>
    <CTexture id="Decal_Terran_0063_01">
        <File value="Assets\Textures\decal_Terran_0063_01.dds"/>
    </CTexture>
    <CTexture id="Decal_Zerg_0000_01">
        <File value="Assets\Textures\decal_zerg_0000_01.dds"/>
    </CTexture>
    <CTexture id="Decal_Zerg_0001_01">
        <File value="Assets\Textures\decal_zerg_0001_01.dds"/>
    </CTexture>
    <CTexture id="Decal_Zerg_0002_01">
        <File value="Assets\Textures\decal_zerg_0002_01.dds"/>
    </CTexture>
    <CTexture id="Decal_Zerg_0003_01">
        <File value="Assets\Textures\decal_zerg_0003_01.dds"/>
    </CTexture>
    <CTexture id="Decal_Zerg_0004_01">
        <File value="Assets\Textures\decal_zerg_0004_01.dds"/>
    </CTexture>
    <CTexture id="Decal_Zerg_0005_01">
        <File value="Assets\Textures\decal_zerg_0005_01.dds"/>
    </CTexture>
    <CTexture id="Decal_Zerg_0006_01">
        <File value="Assets\Textures\decal_zerg_0006_01.dds"/>
    </CTexture>
    <CTexture id="Decal_Zerg_0007_01">
        <File value="Assets\Textures\decal_zerg_0007_01.dds"/>
    </CTexture>
    <CTexture id="Decal_Zerg_0008_01">
        <File value="Assets\Textures\decal_zerg_0008_01.dds"/>
    </CTexture>
    <CTexture id="Decal_Zerg_0009_01">
        <File value="Assets\Textures\decal_zerg_0009_01.dds"/>
    </CTexture>
    <CTexture id="Decal_Zerg_0010_01">
        <File value="Assets\Textures\decal_zerg_0010_01.dds"/>
    </CTexture>
    <CTexture id="Decal_Zerg_0011_01">
        <File value="Assets\Textures\decal_zerg_0011_01.dds"/>
    </CTexture>
    <CTexture id="Decal_Zerg_0012_01">
        <File value="Assets\Textures\decal_zerg_0012_01.dds"/>
    </CTexture>
    <CTexture id="Decal_Zerg_0013_01">
        <File value="Assets\Textures\decal_zerg_0013_01.dds"/>
    </CTexture>
    <CTexture id="Decal_Zerg_0014_01">
        <File value="Assets\Textures\decal_zerg_0014_01.dds"/>
    </CTexture>
    <CTexture id="Decal_Zerg_0015_01">
        <File value="Assets\Textures\decal_zerg_0015_01.dds"/>
    </CTexture>
    <CTexture id="Decal_Zerg_0016_01">
        <File value="Assets\Textures\decal_zerg_0016_01.dds"/>
    </CTexture>
    <CTexture id="Decal_Zerg_0017_01">
        <File value="Assets\Textures\decal_zerg_0017_01.dds"/>
    </CTexture>
    <CTexture id="Decal_Zerg_0018_01">
        <File value="Assets\Textures\decal_zerg_0018_01.dds"/>
    </CTexture>
    <CTexture id="Decal_Zerg_0019_01">
        <File value="Assets\Textures\decal_zerg_0019_01.dds"/>
    </CTexture>
    <CTexture id="Decal_Zerg_0020_01">
        <File value="Assets\Textures\decal_zerg_0020_01.dds"/>
    </CTexture>
    <CTexture id="Decal_Zerg_0021_01">
        <File value="Assets\Textures\decal_zerg_0021_01.dds"/>
    </CTexture>
    <CTexture id="Decal_Zerg_0022_01">
        <File value="Assets\Textures\decal_zerg_0022_01.dds"/>
    </CTexture>
    <CTexture id="Decal_Zerg_0023_01">
        <File value="Assets\Textures\decal_zerg_0023_01.dds"/>
    </CTexture>
    <CTexture id="Decal_Zerg_0024_01">
        <File value="Assets\Textures\decal_zerg_0024_01.dds"/>
    </CTexture>
    <CTexture id="Decal_Zerg_0025_01">
        <File value="Assets\Textures\decal_zerg_0025_01.dds"/>
    </CTexture>
    <CTexture id="Decal_Zerg_0026_01">
        <File value="Assets\Textures\decal_zerg_0026_01.dds"/>
    </CTexture>
    <CTexture id="Decal_Zerg_0027_01">
        <File value="Assets\Textures\decal_zerg_0027_01.dds"/>
    </CTexture>
    <CTexture id="Decal_Zerg_0028_01">
        <File value="Assets\Textures\decal_zerg_0028_01.dds"/>
    </CTexture>
    <CTexture id="Decal_Zerg_0029_01">
        <File value="Assets\Textures\decal_zerg_0029_01.dds"/>
    </CTexture>
    <CTexture id="Decal_Zerg_0030_01">
        <File value="Assets\Textures\decal_zerg_0030_01.dds"/>
    </CTexture>
    <CTexture id="Decal_Zerg_0031_01">
        <File value="Assets\Textures\decal_zerg_0031_01.dds"/>
    </CTexture>
    <CTexture id="Decal_Zerg_0032_01">
        <File value="Assets\Textures\decal_zerg_0032_01.dds"/>
    </CTexture>
    <CTexture id="Decal_Zerg_0034_01">
        <File value="Assets\Textures\decal_zerg_0034_01.dds"/>
    </CTexture>
    <CTexture id="Decal_Zerg_0035_01">
        <File value="Assets\Textures\decal_zerg_0035_01.dds"/>
    </CTexture>
    <CTexture id="Decal_Zerg_0036_01">
        <File value="Assets\Textures\decal_zerg_0036_01.dds"/>
    </CTexture>
    <CTexture id="Decal_Zerg_0037_01">
        <File value="Assets\Textures\decal_zerg_0037_01.dds"/>
    </CTexture>
    <CTexture id="Decal_Zerg_0038_01">
        <File value="Assets\Textures\decal_zerg_0038_01.dds"/>
    </CTexture>
    <CTexture id="Decal_Zerg_0039_01">
        <File value="Assets\Textures\decal_zerg_0039_01.dds"/>
    </CTexture>
    <CTexture id="Decal_Zerg_0041_01">
        <File value="Assets\Textures\decal_zerg_0041_01.dds"/>
    </CTexture>
    <CTexture id="Decal_Zerg_0042_01">
        <File value="Assets\Textures\decal_zerg_0042_01.dds"/>
    </CTexture>
    <CTexture id="Decal_Zerg_0043_01">
        <File value="Assets\Textures\decal_zerg_0043_01.dds"/>
    </CTexture>
    <CTexture id="Decal_Zerg_0044_01">
        <File value="Assets\Textures\decal_zerg_0044_01.dds"/>
    </CTexture>
    <CTexture id="Decal_Zerg_0045_01">
        <File value="Assets\Textures\decal_zerg_0045_01.dds"/>
    </CTexture>
    <CTexture id="Decal_Zerg_0046_01">
        <File value="Assets\Textures\decal_zerg_0046_01.dds"/>
    </CTexture>
    <CTexture id="Decal_Zerg_0047_01">
        <File value="Assets\Textures\decal_Zerg_0047_01.dds"/>
    </CTexture>
    <CTexture id="Decal_Zerg_0048_01">
        <File value="Assets\Textures\decal_Zerg_0048_01.dds"/>
    </CTexture>
    <CTexture id="Decal_Zerg_0049_01">
        <File value="Assets\Textures\decal_Zerg_0049_01.dds"/>
    </CTexture>
    <CTexture id="Decal_Zerg_0051_01">
        <File value="Assets\Textures\decal_zerg_0051_01.dds"/>
    </CTexture>
    <CTexture id="Decal_Zerg_0052_01">
        <File value="Assets\Textures\decal_zerg_0052_01.dds"/>
    </CTexture>
    <CTexture id="Decal_Zerg_0053_01">
        <File value="Assets\Textures\decal_zerg_0053_01.dds"/>
    </CTexture>
    <CTexture id="Decal_Zerg_0053_02">
        <File value="Assets\Textures\decal_zerg_0053_02.dds"/>
    </CTexture>
    <CTexture id="Decal_Zerg_0054_01">
        <File value="Assets\Textures\decal_Zerg_0054_01.dds"/>
    </CTexture>
    <CTexture id="Decal_Zerg_0055_01">
        <File value="Assets\Textures\decal_Zerg_0055_01.dds"/>
    </CTexture>
    <CTexture id="Decal_Zerg_0056_01">
        <File value="Assets\Textures\decal_Zerg_0056_01.dds"/>
    </CTexture>
    <CTexture id="Decal_Zerg_0057_01">
        <File value="Assets\Textures\decal_Zerg_0057_01.dds"/>
    </CTexture>
    <CTexture id="Decal_Zerg_0058_01">
        <File value="Assets\Textures\decal_Zerg_0058_01.dds"/>
    </CTexture>
    <CTexture id="Decal_Zerg_0059_01">
        <File value="Assets\Textures\decal_Zerg_0059_01.dds"/>
    </CTexture>
    <CTexture id="Decal_Zerg_0060_01">
        <File value="Assets\Textures\decal_Zerg_0060_01.dds"/>
    </CTexture>
    <CTexture id="Decal_Zerg_0061_01">
        <File value="Assets\Textures\decal_Zerg_0061_01.dds"/>
    </CTexture>
    <CTexture id="Decal_Zerg_0062_01">
        <File value="Assets\Textures\decal_Zerg_0062_01.dds"/>
    </CTexture>
    <CTexture id="Decal_Zerg_0063_01">
        <File value="Assets\Textures\decal_Zerg_0063_01.dds"/>
    </CTexture>
    <!-- Blizzcon 2013 Decals -->
    <CTexture id="Decal_Protoss_0065_01">
        <File value="Assets\Textures\decal_Protoss_0065_01.dds"/>
    </CTexture>
    <CTexture id="Decal_Terran_0065_01">
        <File value="Assets\Textures\decal_Terran_0065_01.dds"/>
    </CTexture>
    <CTexture id="Decal_Zerg_0065_01">
        <File value="Assets\Textures\decal_Zerg_0065_01.dds"/>
    </CTexture>
    <!-- Level Cap Raise Textures (Level 32 Rewards) -->
    <CTexture id="Decal_Protoss_0066_01">
        <File value="Assets\Textures\decal_protoss_0066_01.dds"/>
    </CTexture>
    <CTexture id="Decal_Terran_0066_01">
        <File value="Assets\Textures\decal_terran_0066_01.dds"/>
    </CTexture>
    <CTexture id="Decal_Zerg_0066_01">
        <File value="Assets\Textures\decal_zerg_0066_01.dds"/>
    </CTexture>
    <CTexture id="Decal_Protoss_0067_01">
        <File value="Assets\Textures\decal_protoss_0067_01.dds"/>
    </CTexture>
    <CTexture id="Decal_Terran_0067_01">
        <File value="Assets\Textures\decal_terran_0067_01.dds"/>
    </CTexture>
    <CTexture id="Decal_Zerg_0067_01">
        <File value="Assets\Textures\decal_zerg_0067_01.dds"/>
    </CTexture>
    <CTexture id="Decal_Protoss_0068_01">
        <File value="Assets\Textures\decal_protoss_0068_01.dds"/>
    </CTexture>
    <CTexture id="Decal_Terran_0068_01">
        <File value="Assets\Textures\decal_terran_0068_01.dds"/>
    </CTexture>
    <CTexture id="Decal_Zerg_0068_01">
        <File value="Assets\Textures\decal_zerg_0068_01.dds"/>
    </CTexture>
    <CTexture id="LogoBlank">
        <File value="Assets\Textures\Blank.dds"/>
        <Slot value="main.diffuse"/>
    </CTexture>
    <!-- Diablo 3: Reaper of Souls Collectors Edition Decals -->
    <CTexture id="Decal_Protoss_0064_01">
        <File value="Assets\Textures\decal_Protoss_0064_01.dds"/>
    </CTexture>
    <CTexture id="Decal_Terran_0064_01">
        <File value="Assets\Textures\decal_Terran_0064_01.dds"/>
    </CTexture>
    <CTexture id="Decal_Zerg_0064_01">
        <File value="Assets\Textures\decal_Zerg_0064_01.dds"/>
    </CTexture>
    <!-- Blizzcon 2014 Decals -->
    <CTexture id="Decal_Protoss_0069_01">
        <File value="Assets\Textures\decal_Protoss_0069_01.dds"/>
    </CTexture>
    <CTexture id="Decal_Terran_0069_01">
        <File value="Assets\Textures\decal_Terran_0069_01.dds"/>
    </CTexture>
    <CTexture id="Decal_Zerg_0069_01">
        <File value="Assets\Textures\decal_Zerg_0069_01.dds"/>
    </CTexture>
    <!-- Coop Level 5 Decals -->
    <CTexture id="Decal_Protoss_0070_01">
        <File value="Assets\Textures\decal_Protoss_0070_01.dds"/>
    </CTexture>
    <CTexture id="Decal_Terran_0070_01">
        <File value="Assets\Textures\decal_Terran_0070_01.dds"/>
    </CTexture>
    <CTexture id="Decal_Zerg_0070_01">
        <File value="Assets\Textures\decal_Zerg_0070_01.dds"/>
    </CTexture>
    <!-- Defenders of Man Decals -->
    <CTexture id="Decal_Protoss_0071_01">
        <File value="Assets\Textures\decal_Protoss_0071_01.dds"/>
    </CTexture>
    <CTexture id="Decal_Terran_0071_01">
        <File value="Assets\Textures\decal_Terran_0071_01.dds"/>
    </CTexture>
    <CTexture id="Decal_Zerg_0071_01">
        <File value="Assets\Textures\decal_Zerg_0071_01.dds"/>
    </CTexture>
    <!-- Mutator Decals -->
    <CTexture id="Decal_Protoss_0072_01">
        <File value="Assets\Textures\decal_Protoss_0072_01.dds"/>
    </CTexture>
    <CTexture id="Decal_Terran_0072_01">
        <File value="Assets\Textures\decal_Terran_0072_01.dds"/>
    </CTexture>
    <CTexture id="Decal_Zerg_0072_01">
        <File value="Assets\Textures\decal_Zerg_0072_01.dds"/>
    </CTexture>
    <!-- Terran Decal Backgrounds -->
    <CTexture id="Background_Terran_0000_01">
        <File value="Assets\Textures\background_terran_0000_01.dds"/>
    </CTexture>
    <CTexture id="Background_Terran_0001_01">
        <File value="Assets\Textures\background_terran_0001_01.dds"/>
    </CTexture>
    <CTexture id="Background_Terran_0002_01">
        <File value="Assets\Textures\background_terran_0002_01.dds"/>
    </CTexture>
    <CTexture id="Background_Terran_0003_01">
        <File value="Assets\Textures\background_terran_0003_01.dds"/>
    </CTexture>
    <CTexture id="Background_Terran_0003_02">
        <File value="Assets\Textures\background_terran_0003_02.dds"/>
    </CTexture>
    <CTexture id="Background_Terran_0004_01">
        <File value="Assets\Textures\background_terran_0004_01.dds"/>
    </CTexture>
    <CTexture id="Background_Terran_0005_01">
        <File value="Assets\Textures\background_terran_0005_01.dds"/>
    </CTexture>
    <CTexture id="Background_Terran_0005_02">
        <File value="Assets\Textures\background_terran_0005_02.dds"/>
    </CTexture>
    <CTexture id="Background_Terran_0006_01">
        <File value="Assets\Textures\background_terran_0006_01.dds"/>
    </CTexture>
    <CTexture id="Background_Terran_0007_01">
        <File value="Assets\Textures\background_terran_0007_01.dds"/>
    </CTexture>
    <CTexture id="Background_Terran_0007_02">
        <File value="Assets\Textures\background_terran_0007_02.dds"/>
    </CTexture>
    <CTexture id="Background_Terran_0007_03">
        <File value="Assets\Textures\background_terran_0007_03.dds"/>
    </CTexture>
    <CTexture id="Background_Terran_0008_01">
        <File value="Assets\Textures\background_terran_0008_01.dds"/>
    </CTexture>
    <CTexture id="Background_Terran_0008_02">
        <File value="Assets\Textures\background_terran_0008_02.dds"/>
    </CTexture>
    <CTexture id="Background_Terran_0009_01">
        <File value="Assets\Textures\background_terran_0009_01.dds"/>
    </CTexture>
    <CTexture id="Background_Terran_0010_01">
        <File value="Assets\Textures\background_terran_0010_01.dds"/>
    </CTexture>
    <CTexture id="Background_Terran_0011_01">
        <File value="Assets\Textures\background_terran_0011_01.dds"/>
    </CTexture>
    <CTexture id="Background_Terran_0012_01">
        <File value="Assets\Textures\background_terran_0012_01.dds"/>
    </CTexture>
    <CTexture id="Background_Terran_0013_01">
        <File value="Assets\Textures\background_terran_0013_01.dds"/>
    </CTexture>
    <CTexture id="Background_Terran_0014_01">
        <File value="Assets\Textures\background_terran_0014_01.dds"/>
    </CTexture>
    <CTexture id="Background_Terran_0015_01">
        <File value="Assets\Textures\background_terran_0015_01.dds"/>
    </CTexture>
    <CTexture id="Background_Terran_0016_01">
        <File value="Assets\Textures\background_terran_0016_01.dds"/>
    </CTexture>
    <CTexture id="Background_Terran_0017_01">
        <File value="Assets\Textures\background_terran_0017_01.dds"/>
    </CTexture>
    <CTexture id="Background_Terran_0018_01">
        <File value="Assets\Textures\background_terran_0018_01.dds"/>
    </CTexture>
    <CTexture id="Background_Terran_0019_01">
        <File value="Assets\Textures\background_terran_0019_01.dds"/>
    </CTexture>
    <CTexture id="Background_Terran_0020_01">
        <File value="Assets\Textures\background_terran_0020_01.dds"/>
    </CTexture>
    <CTexture id="Background_Terran_0021_01">
        <File value="Assets\Textures\background_terran_0021_01.dds"/>
    </CTexture>
    <CTexture id="Background_Terran_0022_01">
        <File value="Assets\Textures\background_terran_0022_01.dds"/>
    </CTexture>
    <CTexture id="Background_Terran_0023_01">
        <File value="Assets\Textures\background_terran_0023_01.dds"/>
    </CTexture>
    <CTexture id="Background_Terran_0024_01">
        <File value="Assets\Textures\background_terran_0024_01.dds"/>
    </CTexture>
    <CTexture id="Background_Terran_0025_01">
        <File value="Assets\Textures\background_terran_0025_01.dds"/>
    </CTexture>
    <CTexture id="Background_Terran_0026_01">
        <File value="Assets\Textures\background_terran_0026_01.dds"/>
    </CTexture>
    <CTexture id="Background_Terran_0027_01">
        <File value="Assets\Textures\background_terran_0027_01.dds"/>
    </CTexture>
    <CTexture id="Background_Terran_0028_01">
        <File value="Assets\Textures\background_terran_0028_01.dds"/>
    </CTexture>
    <CTexture id="Background_Terran_0029_01">
        <File value="Assets\Textures\background_terran_0029_01.dds"/>
    </CTexture>
    <CTexture id="Background_Terran_0030_01">
        <File value="Assets\Textures\background_terran_0030_01.dds"/>
    </CTexture>
    <CTexture id="Background_Terran_0031_01">
        <File value="Assets\Textures\background_terran_0031_01.dds"/>
    </CTexture>
    <CTexture id="Background_Terran_0032_01">
        <File value="Assets\Textures\background_terran_0032_01.dds"/>
    </CTexture>
    <CTexture id="Background_Terran_0034_01">
        <File value="Assets\Textures\background_terran_0034_01.dds"/>
    </CTexture>
    <CTexture id="Background_Terran_0035_01">
        <File value="Assets\Textures\background_terran_0035_01.dds"/>
    </CTexture>
    <CTexture id="Background_Terran_0036_01">
        <File value="Assets\Textures\background_terran_0036_01.dds"/>
    </CTexture>
    <CTexture id="Background_Terran_0037_01">
        <File value="Assets\Textures\background_terran_0037_01.dds"/>
    </CTexture>
    <CTexture id="Background_Terran_0038_01">
        <File value="Assets\Textures\background_terran_0038_01.dds"/>
    </CTexture>
    <CTexture id="Background_Terran_0039_01">
        <File value="Assets\Textures\background_terran_0039_01.dds"/>
    </CTexture>
    <CTexture id="Background_Terran_0041_01">
        <File value="Assets\Textures\background_terran_0041_01.dds"/>
    </CTexture>
    <CTexture id="Background_Terran_0042_01">
        <File value="Assets\Textures\background_terran_0042_01.dds"/>
    </CTexture>
    <CTexture id="Background_Terran_0043_01">
        <File value="Assets\Textures\background_terran_0043_01.dds"/>
    </CTexture>
    <CTexture id="Background_Terran_0044_01">
        <File value="Assets\Textures\background_terran_0044_01.dds"/>
    </CTexture>
    <CTexture id="Background_Terran_0045_01">
        <File value="Assets\Textures\background_terran_0045_01.dds"/>
    </CTexture>
    <CTexture id="Background_Terran_0046_01">
        <File value="Assets\Textures\background_terran_0046_01.dds"/>
    </CTexture>
    <CTexture id="Background_Terran_0047_01">
        <File value="Assets\Textures\background_terran_0047_01.dds"/>
    </CTexture>
    <CTexture id="Background_Terran_0048_01">
        <File value="Assets\Textures\background_terran_0048_01.dds"/>
    </CTexture>
    <CTexture id="Background_Terran_0049_01">
        <File value="Assets\Textures\background_terran_0049_01.dds"/>
    </CTexture>
    <CTexture id="Background_Terran_0050_01">
        <File value="Assets\Textures\background_terran_0050_01.dds"/>
    </CTexture>
    <CTexture id="Background_Terran_0051_01">
        <File value="Assets\Textures\background_terran_0051_01.dds"/>
    </CTexture>
    <CTexture id="Background_Terran_0052_01">
        <File value="Assets\Textures\background_terran_0052_01.dds"/>
    </CTexture>
    <CTexture id="Background_Terran_0053_01">
        <File value="Assets\Textures\background_terran_0053_01.dds"/>
    </CTexture>
    <CTexture id="Background_Terran_0053_02">
        <File value="Assets\Textures\background_terran_0053_02.dds"/>
    </CTexture>
    <CTexture id="Background_Terran_0054_01">
        <File value="Assets\Textures\background_terran_0054_01.dds"/>
    </CTexture>
    <CTexture id="Background_Terran_0055_01">
        <File value="Assets\Textures\background_terran_0055_01.dds"/>
    </CTexture>
    <CTexture id="Background_Terran_0056_01">
        <File value="Assets\Textures\background_terran_0056_01.dds"/>
    </CTexture>
    <CTexture id="Background_Terran_0057_01">
        <File value="Assets\Textures\background_terran_0057_01.dds"/>
    </CTexture>
    <CTexture id="Background_Terran_0058_01">
        <File value="Assets\Textures\background_terran_0058_01.dds"/>
    </CTexture>
    <CTexture id="Background_Terran_0059_01">
        <File value="Assets\Textures\background_terran_0059_01.dds"/>
    </CTexture>
    <CTexture id="Background_Terran_0060_01">
        <File value="Assets\Textures\background_terran_0060_01.dds"/>
    </CTexture>
    <CTexture id="Background_Terran_0061_01">
        <File value="Assets\Textures\background_terran_0061_01.dds"/>
    </CTexture>
    <CTexture id="Background_Terran_0062_01">
        <File value="Assets\Textures\background_terran_0062_01.dds"/>
    </CTexture>
    <CTexture id="Background_Terran_0063_01">
        <File value="Assets\Textures\background_terran_0063_01.dds"/>
    </CTexture>
    <CTexture id="Background_Terran_0064_01">
        <File value="Assets\Textures\background_terran_0064_01.dds"/>
    </CTexture>
    <CTexture id="Background_Terran_0065_01">
        <File value="Assets\Textures\background_terran_0065_01.dds"/>
    </CTexture>
    <CTexture id="Background_Terran_0066_01">
        <File value="Assets\Textures\background_terran_0066_01.dds"/>
    </CTexture>
    <CTexture id="Background_Terran_0067_01">
        <File value="Assets\Textures\background_terran_0067_01.dds"/>
    </CTexture>
    <CTexture id="Background_Terran_0068_01">
        <File value="Assets\Textures\background_terran_0068_01.dds"/>
    </CTexture>
    <CTexture id="Background_Terran_0069_01">
        <File value="Assets\Textures\background_terran_0069_01.dds"/>
    </CTexture>
    <CTexture id="Background_Terran_0070_01">
        <File value="Assets\Textures\background_terran_0070_01.dds"/>
    </CTexture>
    <CTexture id="Background_Terran_0071_01">
        <File value="Assets\Textures\background_terran_0071_01.dds"/>
    </CTexture>
    <CTexture id="Background_Terran_0072_01">
        <File value="Assets\Textures\background_terran_0072_01.dds"/>
    </CTexture>
    <CTexture id="Background_Terran_0073_01">
        <File value="Assets\Textures\background_terran_0073_01.dds"/>
    </CTexture>
    <CTexture id="Background_Terran_0074_01">
        <File value="Assets\Textures\background_terran_0074_01.dds"/>
    </CTexture>
    <CTexture id="Background_Terran_0075_01">
        <File value="Assets\Textures\background_terran_0075_01.dds"/>
    </CTexture>
    <CTexture id="Background_Terran_0076_01">
        <File value="Assets\Textures\background_terran_0076_01.dds"/>
    </CTexture>
    <CTexture id="Background_Terran_0077_01">
        <File value="Assets\Textures\background_terran_0077_01.dds"/>
    </CTexture>
    <CTexture id="Background_Terran_0079_01">
        <File value="Assets\Textures\background_terran_0079_01.dds"/>
    </CTexture>
    <CTexture id="Background_Terran_0080_01">
        <File value="Assets\Textures\background_terran_0080_01.dds"/>
    </CTexture>
    <CTexture id="Background_Terran_0081_01">
        <File value="Assets\Textures\background_terran_0081_01.dds"/>
    </CTexture>
    <CTexture id="Background_Terran_0082_01">
        <File value="Assets\Textures\background_terran_0082_01.dds"/>
    </CTexture>
    <CTexture id="Background_Terran_0083_01">
        <File value="Assets\Textures\background_terran_0083_01.dds"/>
    </CTexture>
    <CTexture id="Background_Terran_0084_01">
        <File value="Assets\Textures\background_terran_0084_01.dds"/>
    </CTexture>
    <CTexture id="Background_Terran_0085_01">
        <File value="Assets\Textures\background_terran_0085_01.dds"/>
    </CTexture>
    <CTexture id="Background_Terran_0086_01">
        <File value="Assets\Textures\background_terran_0086_01.dds"/>
    </CTexture>
    <CTexture id="Background_Terran_0087_01">
        <File value="Assets\Textures\background_terran_0087_01.dds"/>
    </CTexture>
    <CTexture id="Background_Terran_0088_01">
        <File value="Assets\Textures\background_terran_0088_01.dds"/>
    </CTexture>
    <CTexture id="Background_Terran_0090_01">
        <File value="Assets\Textures\background_terran_0090_01.dds"/>
    </CTexture>
    <CTexture id="BackgroundBlank">
        <File value="Assets\Textures\btn-armor-general-blank.dds"/>
        <Slot value="background"/>
    </CTexture>
    <!-- more carbot Decals -->
    <CTexture id="Decal_Protoss_0073_01"/>
    <CTexture id="Decal_Terran_0073_01"/>
    <CTexture id="Decal_Zerg_0073_01"/>
    <CTexture id="Decal_Protoss_0074_01"/>
    <CTexture id="Decal_Terran_0074_01"/>
    <CTexture id="Decal_Zerg_0074_01"/>
    <CTexture id="Decal_Protoss_0075_01"/>
    <CTexture id="Decal_Terran_0075_01"/>
    <CTexture id="Decal_Zerg_0075_01"/>
    <!-- warchest decals -->
    <CTexture id="Decal_Protoss_0076_01"/>
    <CTexture id="Decal_Terran_0076_01"/>
    <CTexture id="Decal_Zerg_0076_01"/>
    <!-- 20th anniversary decals -->
    <CTexture id="Decal_Protoss_0077_01"/>
    <CTexture id="Decal_Terran_0077_01"/>
    <CTexture id="Decal_Zerg_0077_01"/>
    <!-- Tychus decal -->
    <CTexture id="Decal_Terran_0078_01"/>
    <!-- Total Biscuit Tribute decals -->
    <CTexture id="Decal_Protoss_0079_01"/>
    <CTexture id="Decal_Terran_0079_01"/>
    <CTexture id="Decal_Zerg_0079_01"/>
    <CTexture id="Decal_Protoss_0080_01"/>
    <CTexture id="Decal_Terran_0080_01"/>
    <CTexture id="Decal_Zerg_0080_01"/>
    <CTexture id="Decal_Protoss_0081_01"/>
    <CTexture id="Decal_Terran_0081_01"/>
    <CTexture id="Decal_Zerg_0081_01"/>
    <!-- warchest decals -->
    <CTexture id="Decal_Protoss_0082_01"/>
    <CTexture id="Decal_Terran_0082_01"/>
    <CTexture id="Decal_Zerg_0082_01"/>
    <CTexture id="Decal_Protoss_0083_01"/>
    <CTexture id="Decal_Terran_0083_01"/>
    <CTexture id="Decal_Zerg_0083_01"/>
    <CTexture id="Decal_Protoss_0084_01"/>
    <CTexture id="Decal_Terran_0084_01"/>
    <CTexture id="Decal_Zerg_0084_01"/>
    <!-- warchest 5 decals -->
    <CTexture id="Decal_Protoss_0085_01"/>
    <CTexture id="Decal_Terran_0085_01"/>
    <CTexture id="Decal_Zerg_0085_01"/>
    <CTexture id="Decal_Protoss_0086_01"/>
    <CTexture id="Decal_Terran_0086_01"/>
    <CTexture id="Decal_Zerg_0086_01"/>
    <CTexture id="Decal_Protoss_0087_01"/>
    <CTexture id="Decal_Terran_0087_01"/>
    <CTexture id="Decal_Zerg_0087_01"/>
    <CTexture id="Decal_Protoss_0088_01"/>
    <CTexture id="Decal_Terran_0088_01"/>
    <CTexture id="Decal_Zerg_0088_01"/>
	<!-- Mengsk Decal -->
    <CTexture id="Decal_Terran_0089_01"/>
    <!-- warchest 6 decals -->
    <CTexture id="Decal_Protoss_0090_01"/>
    <CTexture id="Decal_Terran_0090_01"/>
    <CTexture id="Decal_Zerg_0090_01"/>
    <!-- Sprays -->
    <CTexture default="1" id="Decal_Spray">
        <File value="Assets\Textures\##id##.dds"/>
    </CTexture>
    <CTexture id="Decal_Spray_0001_01" parent="Decal_Spray"/>
    <CTexture id="Decal_Spray_0002_01" parent="Decal_Spray"/>
    <CTexture id="Decal_Spray_0003_01" parent="Decal_Spray"/>
    <CTexture id="Decal_Spray_0004_01" parent="Decal_Spray"/>
    <CTexture id="Decal_Spray_0005_01" parent="Decal_Spray"/>
    <CTexture id="Decal_Spray_0006_01" parent="Decal_Spray"/>
    <CTexture id="Decal_Spray_0007_01" parent="Decal_Spray"/>
    <CTexture id="Decal_Spray_0008_01" parent="Decal_Spray"/>
    <CTexture id="Decal_Spray_0009_01" parent="Decal_Spray"/>
    <CTexture id="Decal_Spray_0010_01" parent="Decal_Spray"/>
    <CTexture id="Decal_Spray_0011_01" parent="Decal_Spray"/>
    <CTexture id="Decal_Spray_0012_01" parent="Decal_Spray"/>
    <CTexture id="Decal_Spray_0013_01" parent="Decal_Spray"/>
    <CTexture id="Decal_Spray_0014_01" parent="Decal_Spray"/>
    <CTexture id="Decal_Spray_0015_01" parent="Decal_Spray"/>
    <CTexture id="Decal_Spray_0016_01" parent="Decal_Spray"/>
    <CTexture id="Decal_Spray_0017_01" parent="Decal_Spray"/>
    <CTexture id="Decal_Spray_0018_01" parent="Decal_Spray"/>
    <CTexture id="Decal_Spray_0019_01" parent="Decal_Spray"/>
    <CTexture id="Decal_Spray_0020_01" parent="Decal_Spray"/>
    <CTexture id="Decal_Spray_0021_01" parent="Decal_Spray"/>
    <CTexture id="Decal_Spray_0022_01" parent="Decal_Spray"/>
    <CTexture id="Decal_Spray_0023_01" parent="Decal_Spray"/>
    <CTexture id="Decal_Spray_0024_01" parent="Decal_Spray"/>
    <CTexture id="Decal_Spray_0025_01" parent="Decal_Spray"/>
    <CTexture id="Decal_Spray_0026_01" parent="Decal_Spray"/>
    <CTexture id="Decal_Spray_0027_01" parent="Decal_Spray"/>
    <CTexture id="Decal_Spray_0028_01" parent="Decal_Spray"/>
    <CTexture id="Decal_Spray_0029_01" parent="Decal_Spray"/>
    <CTexture id="Decal_Spray_0030_01" parent="Decal_Spray"/>
    <CTexture id="Decal_Spray_0031_01" parent="Decal_Spray"/>
    <CTexture id="Decal_Spray_0032_01" parent="Decal_Spray"/>
    <CTexture id="Decal_Spray_0033_01" parent="Decal_Spray"/>
    <CTexture id="Decal_Spray_0034_01" parent="Decal_Spray"/>
    <CTexture id="Decal_Spray_0035_01" parent="Decal_Spray"/>
    <CTexture id="Decal_Spray_0036_01" parent="Decal_Spray"/>
    <CTexture id="Decal_Spray_0037_01" parent="Decal_Spray"/>
    <CTexture id="Decal_Spray_0038_01" parent="Decal_Spray"/>
    <CTexture id="Decal_Spray_0039_01" parent="Decal_Spray"/>
    <CTexture id="Decal_Spray_0040_01" parent="Decal_Spray"/>
    <CTexture id="Decal_Spray_0041_01" parent="Decal_Spray"/>
    <CTexture id="Decal_Spray_0042_01" parent="Decal_Spray"/>
    <CTexture id="Decal_Spray_0043_01" parent="Decal_Spray"/>
    <CTexture id="Decal_Spray_0044_01" parent="Decal_Spray"/>
    <CTexture id="Decal_Spray_0045_01" parent="Decal_Spray"/>
    <CTexture id="Decal_Spray_0046_01" parent="Decal_Spray"/>
    <CTexture id="Decal_Spray_0047_01" parent="Decal_Spray"/>
    <CTexture id="Decal_Spray_0048_01" parent="Decal_Spray"/>
    <CTexture id="Decal_Spray_0049_01" parent="Decal_Spray"/>
    <CTexture id="Decal_Spray_0050_01" parent="Decal_Spray"/>
    <CTexture id="Decal_Spray_0051_01" parent="Decal_Spray"/>
    <CTexture id="Decal_Spray_0052_01" parent="Decal_Spray"/>
    <CTexture id="Decal_Spray_0053_01" parent="Decal_Spray"/>
    <CTexture id="Decal_Spray_0054_01" parent="Decal_Spray"/>
    <CTexture id="Decal_Spray_0055_01" parent="Decal_Spray"/>
    <CTexture id="Decal_Spray_0056_01" parent="Decal_Spray"/>
    <CTexture id="Decal_Spray_0057_01" parent="Decal_Spray"/>
    <CTexture id="Decal_Spray_0058_01" parent="Decal_Spray"/>
    <CTexture id="Decal_Spray_0059_01" parent="Decal_Spray"/>
    <CTexture id="Decal_Spray_0060_01" parent="Decal_Spray"/>
    <CTexture id="Decal_Spray_0061_01" parent="Decal_Spray"/>
    <CTexture id="Decal_Spray_0062_01" parent="Decal_Spray"/>
    <CTexture id="Decal_Spray_0063_01" parent="Decal_Spray"/>
    <CTexture id="Decal_Spray_0064_01" parent="Decal_Spray"/>
    <CTexture id="Decal_Spray_0065_01" parent="Decal_Spray"/>
    <CTexture id="Decal_Spray_0066_01" parent="Decal_Spray"/>
    <CTexture id="Decal_Spray_0067_01" parent="Decal_Spray"/>
    <CTexture id="Decal_Spray_0068_01" parent="Decal_Spray"/>
    <CTexture id="Decal_Spray_0069_01" parent="Decal_Spray"/>
    <CTexture id="Decal_Spray_0070_01" parent="Decal_Spray"/>
    <CTexture id="Decal_Spray_0071_01" parent="Decal_Spray"/>
    <CTexture id="Decal_Spray_0072_01" parent="Decal_Spray"/>
    <CTexture id="Decal_Spray_0073_01" parent="Decal_Spray"/>
    <CTexture id="Decal_Spray_0074_01" parent="Decal_Spray"/>
    <CTexture id="Decal_Spray_0075_01" parent="Decal_Spray"/>
    <CTexture id="Decal_Spray_0076_01" parent="Decal_Spray"/>
    <CTexture id="Decal_Spray_0077_01" parent="Decal_Spray"/>
    <CTexture id="Decal_Spray_0078_01" parent="Decal_Spray"/>
    <CTexture id="Decal_Spray_0079_01" parent="Decal_Spray"/>
    <CTexture id="Decal_Spray_0080_01" parent="Decal_Spray"/>
    <CTexture id="Decal_Spray_0081_01" parent="Decal_Spray"/>
    <CTexture id="Decal_Spray_0082_01" parent="Decal_Spray"/>
    <CTexture id="Decal_Spray_0083_01" parent="Decal_Spray"/>
    <CTexture id="Decal_Spray_0084_01" parent="Decal_Spray"/>
    <CTexture id="Decal_Spray_0085_01" parent="Decal_Spray"/>
    <CTexture id="Decal_Spray_0086_01" parent="Decal_Spray"/>
    <CTexture id="Decal_Spray_0087_01" parent="Decal_Spray"/>
    <CTexture id="Decal_Spray_0088_01" parent="Decal_Spray"/>
    <CTexture id="Decal_Spray_0089_01" parent="Decal_Spray"/>
    <CTexture id="Decal_Spray_0090_01" parent="Decal_Spray"/>
    <CTexture id="Decal_Spray_0091_01" parent="Decal_Spray"/>
    <CTexture id="Decal_Spray_0092_01" parent="Decal_Spray"/>
    <CTexture id="Decal_Spray_0093_01" parent="Decal_Spray"/>
    <CTexture id="Decal_Spray_0094_01" parent="Decal_Spray"/>
    <CTexture id="Decal_Spray_0095_01" parent="Decal_Spray"/>
    <CTexture id="Decal_Spray_0096_01" parent="Decal_Spray"/>
    <CTexture id="Decal_Spray_0097_01" parent="Decal_Spray"/>
    <CTexture id="Decal_Spray_0098_01" parent="Decal_Spray"/>
    <CTexture id="Decal_Spray_0099_01" parent="Decal_Spray"/>
    <CTexture id="Decal_Spray_0100_01" parent="Decal_Spray"/>
    <CTexture id="Decal_Spray_0101_01" parent="Decal_Spray"/>
    <CTexture id="Decal_Spray_0102_01" parent="Decal_Spray"/>
    <CTexture id="Decal_Spray_0103_01" parent="Decal_Spray"/>
    <CTexture id="Decal_Spray_0104_01" parent="Decal_Spray"/>
    <CTexture id="Decal_Spray_0105_01" parent="Decal_Spray"/>
    <CTexture id="Decal_Spray_0106_01" parent="Decal_Spray"/>
    <CTexture id="Decal_Spray_0107_01" parent="Decal_Spray"/>
    <CTexture id="Decal_Spray_0108_01" parent="Decal_Spray"/>
    <CTexture id="Decal_Spray_0109_01" parent="Decal_Spray"/>
    <CTexture id="Decal_Spray_0110_01" parent="Decal_Spray"/>
    <CTexture id="Decal_Spray_0111_01" parent="Decal_Spray"/>
    <CTexture id="Decal_Spray_0112_01" parent="Decal_Spray"/>
    <CTexture id="Decal_Spray_0113_01" parent="Decal_Spray"/>
    <CTexture id="Decal_Spray_0114_01" parent="Decal_Spray"/>
    <CTexture id="Decal_Spray_0115_01" parent="Decal_Spray"/>
    <CTexture id="Decal_Spray_0116_01" parent="Decal_Spray"/>
    <CTexture id="Decal_Spray_0117_01" parent="Decal_Spray"/>
</Catalog>
