<?xml version="1.0" encoding="us-ascii"?>
<Catalog>
    <CTextureSheet id="EmoticonsSheet1">
        <Image value="Assets\Textures\UI_bnet_emoticons_sheet1.dds"/>
        <Rows value="10"/>
        <Columns value="10"/>
    </CTextureSheet>
    <CTextureSheet id="EmoticonsSheet2">
        <Image value="Assets\Textures\UI_bnet_emoticons_sheet2.dds"/>
        <Rows value="10"/>
        <Columns value="10"/>
    </CTextureSheet>
    <CTextureSheet id="EmoticonsSheet3">
        <Image value="Assets\Textures\UI_bnet_emoticons_sheet3.dds"/>
        <Rows value="10"/>
        <Columns value="10"/>
    </CTextureSheet>
    <CTextureSheet id="EmoticonPacksSheet1">
        <!-- TODO: Update to emoticon pack icons -->
        <Image value="Assets\Textures\UI_bnet_emoticonpacks_sheet1.dds"/>
        <Rows value="8"/>
        <Columns value="8"/>
    </CTextureSheet>
</Catalog>
