<?xml version="1.0" encoding="us-ascii"?>
<Catalog>
    <CTile id="MarSaraTile">
        <Material value="Assets/HardTiles/MarSaraRoad/MarSaraRoad.m3"/>
        <EditorIcon value="Assets\Textures\ui-editoricon-roads.dds"/>
    </CTile>
    <CTile id="KorhalTile">
        <Material value="Assets/HardTiles/KorhalRoad/KorhalRoad.m3"/>
        <EditorIcon value="Assets\Textures\ui-editoricon-roads.dds"/>
    </CTile>
    <CTile id="MeinhoffTile">
        <Material value="Assets/HardTiles/MeinhoffRoad/MeinhoffRoad.m3"/>
        <EditorIcon value="Assets\Textures\ui-editoricon-roads.dds"/>
    </CTile>
    <CTile id="TarsonisRail">
        <Material value="Assets/HardTiles/TarsonisRail/TarsonisRail.m3"/>
        <EditorIcon value="Assets\Textures\ui-editoricon-rails.dds"/>
    </CTile>
</Catalog>
