<?xml version="1.0" encoding="us-ascii"?>
<Catalog>
    <CTrophy id="ClassicTrophy">
        <DefinitionId value="1"/>
        <TopCutsceneFilter value="TopClassic"/>
        <BottomCutsceneFilter value="BottomClassic"/>
    </CTrophy>
    <CTrophy id="NovaTrophy">
        <DefinitionId value="2"/>
        <TopCutsceneFilter value="TopNova"/>
        <BottomCutsceneFilter value="BottomClassic"/>
    </CTrophy>
    <CTrophy id="Nova2Trophy">
        <DefinitionId value="3"/>
        <TopCutsceneFilter value="TopGriffin"/>
        <BottomCutsceneFilter value="BottomClassic"/>
    </CTrophy>
    <CTrophy id="Nova3Trophy">
        <DefinitionId value="4"/>
        <TopCutsceneFilter value="TopBlackOps"/>
        <BottomCutsceneFilter value="BottomClassic"/>
    </CTrophy>
    <CTrophy id="CarrierTrophy">
        <DefinitionId value="5"/>
        <TopCutsceneFilter value="TopCarrier"/>
        <BottomCutsceneFilter value="BottomClassic"/>
    </CTrophy>
    <CTrophy id="MutaliskTrophy">
        <DefinitionId value="6"/>
        <TopCutsceneFilter value="TopMutalisk"/>
        <BottomCutsceneFilter value="BottomClassic"/>
    </CTrophy>
    <CTrophy id="SiegeTankTrophy">
        <DefinitionId value="7"/>
        <TopCutsceneFilter value="TopSiegeTank"/>
        <BottomCutsceneFilter value="BottomClassic"/>
    </CTrophy>
    <CTrophy id="VoidRayTrophy">
        <DefinitionId value="8"/>
        <TopCutsceneFilter value="TopVoidRay"/>
        <BottomCutsceneFilter value="BottomClassic"/>
    </CTrophy>
    <CTrophy id="UltraliskTrophy">
        <DefinitionId value="9"/>
        <TopCutsceneFilter value="TopUltralisk"/>
        <BottomCutsceneFilter value="BottomClassic"/>
    </CTrophy>
    <CTrophy id="VikingTrophy">
        <DefinitionId value="10"/>
        <TopCutsceneFilter value="TopViking"/>
        <BottomCutsceneFilter value="BottomClassic"/>
    </CTrophy>
    <CTrophy id="HydraSkullTrophy">
        <DefinitionId value="11"/>
        <TopCutsceneFilter value="TopHydraSkull"/>
        <BottomCutsceneFilter value="BottomClassic"/>
    </CTrophy>
    <CTrophy id="MinigunTrophy">
        <DefinitionId value="12"/>
        <TopCutsceneFilter value="TopMinigun"/>
        <BottomCutsceneFilter value="BottomClassic"/>
    </CTrophy>
    <CTrophy id="ColossusTrophy">
        <DefinitionId value="13"/>
        <TopCutsceneFilter value="TopColossus"/>
        <BottomCutsceneFilter value="BottomClassic"/>
    </CTrophy>
    <CTrophy id="BattlecruiserTrophy">
        <DefinitionId value="14"/>
        <TopCutsceneFilter value="TopBattlecruiser"/>
        <BottomCutsceneFilter value="BottomClassic"/>
    </CTrophy>
</Catalog>
