<?xml version="1.0" encoding="us-ascii"?>
<Catalog>
    <CTurret id="Battlecruiser">
        <YawArc value="90"/>
        <YawRate value="1999.8632"/>
    </CTurret>
    <CTurret id="FixedLeft">
        <Idle value="Hold"/>
        <YawStart value="90"/>
        <YawArc value="0"/>
    </CTurret>
    <CTurret id="FixedRear">
        <Idle value="Hold"/>
        <YawStart value="-180"/>
        <YawArc value="0"/>
    </CTurret>
    <CTurret id="FixedRight">
        <Idle value="Hold"/>
        <YawStart value="-90"/>
        <YawArc value="0"/>
    </CTurret>
    <CTurret id="FreeRotate">
        <Fidget DelayMax="30" DelayMin="10"/>
        <Idle value="Hold"/>
        <YawArc value="360"/>
        <YawRate value="720"/>
    </CTurret>
    <CTurret id="MothershipRotate" parent="FreeRotate">
        <Idle value="Spin"/>
        <YawRate value="7.207"/>
        <YawIdleRate value="-7.207"/>
    </CTurret>
    <CTurret id="PylonCrystalRotate" parent="FreeRotate">
        <Idle value="Spin"/>
        <YawRate value="27.9492"/>
        <YawIdleRate value="27.9492"/>
    </CTurret>
    <CTurret id="PylonRingRotate" parent="FreeRotate">
        <Idle value="Spin"/>
        <YawRate value="54.8437"/>
        <YawIdleRate value="54.8437"/>
    </CTurret>
    <CTurret id="WarpPrismPhasingRotate" parent="FreeRotate">
        <Idle value="Spin"/>
        <YawRate value="71.8945"/>
        <YawIdleRate value="-71.8945"/>
    </CTurret>
    <CTurret id="PhotonCannon" parent="FreeRotate"/>
    <CTurret id="Colossus" parent="FreeRotate">
        <Idle value="FollowMovement"/>
        <YawRate value="999.8437"/>
        <YawIdleRate value="90"/>
    </CTurret>
    <CTurret id="PointDefenseDrone" parent="FreeRotate">
        <YawRate value="2857.5"/>
    </CTurret>
    <CTurret id="SpineCrawlerUprooted" parent="FreeRotate">
        <Idle value="FollowMovementReverse"/>
        <YawIdleRate value="720"/>
    </CTurret>
    <CTurret id="SpineCrawler" parent="FreeRotate">
        <YawRate value="360"/>
    </CTurret>
    <CTurret id="SporeCrawlerUprooted" parent="FreeRotate">
        <Idle value="FollowMovement"/>
        <YawRate value="360"/>
        <YawIdleRate value="360"/>
    </CTurret>
    <CTurret id="SporeCrawler" parent="FreeRotate">
        <YawRate value="360"/>
        <YawIdleRate value="360"/>
    </CTurret>
    <CTurret id="Immortal" parent="FreeRotate">
        <Idle value="FollowMovement"/>
        <YawIdleRate value="360"/>
    </CTurret>
    <CTurret id="SiegeTank" parent="FreeRotate">
        <Idle value="ResetIfMoving"/>
    </CTurret>
    <CTurret id="SiegeTankSieged" parent="FreeRotate">
        <YawStart value="-180"/>
        <YawRate value="360"/>
    </CTurret>
    <CTurret id="MissileTurret" parent="FreeRotate">
        <Idle value="Spin"/>
        <YawIdleRate value="45"/>
    </CTurret>
    <CTurret id="PlanetaryFortress" parent="FreeRotate">
        <YawRate value="90"/>
    </CTurret>
    <CTurret id="AutoTurret" parent="FreeRotate">
        <Idle value="Spin"/>
        <YawIdleRate value="-45"/>
    </CTurret>
    <CTurret id="Hellion" parent="FreeRotate">
        <Idle value="ResetIfMoving"/>
        <YawRate value="999.8437"/>
    </CTurret>
</Catalog>
