<?xml version="1.0" encoding="utf-8"?>
<Catalog>
    <CVoicePack id="Default">
        <Default value="1"/>
        <ReleaseDate value="7/27/2010"/>
        <Icon value="Assets\Textures\SC2_UI_Collection_Announcers_Thumb_Standard.dds"/>
        <ImageTexture value="Assets/Textures/SC2_UI_Collection_Announcers_Large_Standard.dds"/>
        <UnlockedRewardArray value="VoicePackTerranDefault"/>
        <UnlockedRewardArray value="VoicePackZergDefault"/>
        <UnlockedRewardArray value="VoicePackProtossDefault"/>
        <ExampleLineArray Description="VoicePack/VoicePackDefault/ExampleLine1" Sound="Adjutant_NotEnoughFoodPreview"/>
        <ExampleLineArray Description="VoicePack/VoicePackDefault/ExampleLine2" Sound="ZergQueen_NotEnoughFoodPreview"/>
        <ExampleLineArray Description="VoicePack/VoicePackDefault/ExampleLine3" Sound="Executor_NotEnoughFoodPreview"/>
        <ExampleLineArray Description="VoicePack/VoicePackDefault/ExampleLine4" Sound="Alert_GamePaused_Preview"/>
    </CVoicePack>
    <CVoicePack id="Abathur">
        <ReleaseDate value="10/17/2016"/>
        <ImageTexture value="Assets/Textures/SC2_UI_Collection_Announcers_Large_Abathur.dds"/>
        <UnlockedRewardArray value="VoicePackTerranAbathur"/>
        <UnlockedRewardArray value="VoicePackZergAbathur"/>
        <UnlockedRewardArray value="VoicePackProtossAbathur"/>
        <ProductId value="22291"/>
        <ExampleLineArray Description="VoicePack/VoicePackDefault/ExampleLine1" Sound="AbathurA_NeedMoreFoodTerranPreview"/>
        <ExampleLineArray Description="VoicePack/VoicePackDefault/ExampleLine2" Sound="AbathurA_NeedMoreFoodPreview"/>
        <ExampleLineArray Description="VoicePack/VoicePackDefault/ExampleLine3" Sound="AbathurA_NeedMoreFoodProtossPreview"/>
        <ExampleLineArray Description="VoicePack/VoicePackDefault/ExampleLine4" Sound="AbathurA_MutationComplete_Preview"/>
        <!-- <ParentBundle value="AnnouncerBundle"/> -->
    </CVoicePack>
    <CVoicePack id="Artanis">
        <ReleaseDate value="10/17/2016"/>
        <ImageTexture value="Assets/Textures/SC2_UI_Collection_Announcers_Large_Artanis.dds"/>
        <UnlockedRewardArray value="VoicePackTerranArtanis"/>
        <UnlockedRewardArray value="VoicePackZergArtanis"/>
        <UnlockedRewardArray value="VoicePackProtossArtanis"/>
        <ExampleLineArray Description="VoicePack/VoicePackDefault/ExampleLine1" Sound="ArtanisA_NeedMoreFoodTerranPreview"/>
        <ExampleLineArray Description="VoicePack/VoicePackDefault/ExampleLine2" Sound="ArtanisA_NeedMoreFoodZergPreview"/>
        <ExampleLineArray Description="VoicePack/VoicePackDefault/ExampleLine3" Sound="ArtanisA_NeedMoreFoodPreview"/>
        <ExampleLineArray Description="VoicePack/VoicePackDefault/ExampleLine4" Sound="ArtanisA_MULEDeployedPreview"/>
        <ProductId value="22293"/>
        <!-- <ParentBundle value="AnnouncerBundle"/> -->
    </CVoicePack>
    <CVoicePack id="Alarak">
        <ReleaseDate value="10/17/2016"/>
        <ImageTexture value="Assets/Textures/SC2_UI_Collection_Announcers_Large_Alarak.dds"/>
        <UnlockedRewardArray value="VoicePackTerranAlarak"/>
        <UnlockedRewardArray value="VoicePackZergAlarak"/>
        <UnlockedRewardArray value="VoicePackProtossAlarak"/>
        <ExampleLineArray Description="VoicePack/VoicePackDefault/ExampleLine1" Sound="AlarakA_NeedMoreFoodTerranPreview"/>
        <ExampleLineArray Description="VoicePack/VoicePackDefault/ExampleLine2" Sound="AlarakA_NeedMoreFoodZergPreview"/>
        <ExampleLineArray Description="VoicePack/VoicePackDefault/ExampleLine3" Sound="AlarakA_NeedMoreFoodPreview"/>
        <ExampleLineArray Description="VoicePack/VoicePackDefault/ExampleLine4" Sound="AlarakA_BuildErrorPreview"/>
        <ProductId value="22296"/>
        <!-- <ParentBundle value="AnnouncerBundle"/> -->
    </CVoicePack>
    <CVoicePack id="BlizzConDVa">
        <TypeName value="VoicePack/TypeName/Female"/>
        <ReleaseDate value="11/4/2016"/>
        <Icon value="Assets\Textures\SC2_UI_Collection_Announcers_Thumb_DVa.dds"/>
        <ImageTexture value="Assets/Textures/SC2_UI_Collection_Announcers_Large_DVa.dds"/>
        <UnlockedRewardArray value="VoicePackTerranBlizzConDVa"/>
        <UnlockedRewardArray value="VoicePackZergBlizzConDVa"/>
        <UnlockedRewardArray value="VoicePackProtossBlizzConDVa"/>
        <ExampleLineArray Description="VoicePack/VoicePackDefault/ExampleLine1" Sound="DVaA_NeedMoreFoodPreview"/>
        <ExampleLineArray Description="VoicePack/VoicePackDefault/ExampleLine2" Sound="DVaA_NeedMoreFoodZergPreview"/>
        <ExampleLineArray Description="VoicePack/VoicePackDefault/ExampleLine3" Sound="DVaA_NeedMoreFoodProtossPreview"/>
        <ExampleLineArray Description="VoicePack/VoicePackDefault/ExampleLine4" Sound="DVaA_NukeReady_Preview"/>
        <ProductId value="22562"/>
        <!-- <ParentBundle value="AnnouncerBundle"/> -->
    </CVoicePack>
    <CVoicePack id="Kerrigan">
        <TypeName value="VoicePack/TypeName/Female"/>
        <ReleaseDate value="10/17/2016"/>
        <ImageTexture value="Assets/Textures/SC2_UI_Collection_Announcers_Large_Kerrigan.dds"/>
        <UnlockedRewardArray value="VoicePackTerranKerrigan"/>
        <UnlockedRewardArray value="VoicePackZergKerrigan"/>
        <UnlockedRewardArray value="VoicePackProtossKerrigan"/>
        <ExampleLineArray Description="VoicePack/VoicePackDefault/ExampleLine1" Sound="KerriganA_NeedMoreFoodTerranPreview"/>
        <ExampleLineArray Description="VoicePack/VoicePackDefault/ExampleLine2" Sound="KerriganA_NeedMoreFoodPreview"/>
        <ExampleLineArray Description="VoicePack/VoicePackDefault/ExampleLine3" Sound="KerriganA_NeedMoreFoodProtossPreview"/>
        <ExampleLineArray Description="VoicePack/VoicePackDefault/ExampleLine4" Sound="KerriganA_NukeReady_Preview"/>
        <ProductId value="22294"/>
        <!-- <ParentBundle value="AnnouncerBundle"/> -->
    </CVoicePack>
    <CVoicePack id="Nova">
        <TypeName value="VoicePack/TypeName/Female"/>
        <ReleaseDate value="12/17/2016"/>
        <ImageTexture value="Assets/Textures/SC2_UI_Collection_Announcers_Large_Nova.dds"/>
        <UnlockedRewardArray value="VoicePackTerranNova"/>
        <UnlockedRewardArray value="VoicePackZergNova"/>
        <UnlockedRewardArray value="VoicePackProtossNova"/>
        <ExampleLineArray Description="VoicePack/VoicePackDefault/ExampleLine1" Sound="NovaA_NeedMoreFood_Preview"/>
        <ExampleLineArray Description="VoicePack/VoicePackDefault/ExampleLine2" Sound="NovaA_NeedMoreFoodZerg_Preview"/>
        <ExampleLineArray Description="VoicePack/VoicePackDefault/ExampleLine3" Sound="NovaA_NeedMoreFoodProtoss_Preview"/>
        <ExampleLineArray Description="VoicePack/VoicePackDefault/ExampleLine4" Sound="NovaA_MutationComplete_Preview"/>
        <ProductId value="22864"/>
        <!-- <ParentBundle value="AnnouncerBundle"/> -->
    </CVoicePack>
    <CVoicePack id="Raynor">
        <ReleaseDate value="10/17/2016"/>
        <ImageTexture value="Assets/Textures/SC2_UI_Collection_Announcers_Large_Raynor.dds"/>
        <UnlockedRewardArray value="VoicePackTerranRaynor"/>
        <UnlockedRewardArray value="VoicePackZergRaynor"/>
        <UnlockedRewardArray value="VoicePackProtossRaynor"/>
        <ExampleLineArray Description="VoicePack/VoicePackDefault/ExampleLine1" Sound="RaynorA_NeedMoreFoodPreview"/>
        <ExampleLineArray Description="VoicePack/VoicePackDefault/ExampleLine2" Sound="RaynorA_NeedMoreFoodZergPreview"/>
        <ExampleLineArray Description="VoicePack/VoicePackDefault/ExampleLine3" Sound="RaynorA_NeedMoreFoodProtossPreview"/>
        <ExampleLineArray Description="VoicePack/VoicePackDefault/ExampleLine4" Sound="RaynorA_NeedCreep_Preview"/>
        <ProductId value="22292"/>
        <!-- <ParentBundle value="AnnouncerBundle"/> -->
    </CVoicePack>
    <CVoicePack id="Swann">
        <ReleaseDate value="10/17/2016"/>
        <ImageTexture value="Assets/Textures/SC2_UI_Collection_Announcers_Large_Swann.dds"/>
        <UnlockedRewardArray value="VoicePackTerranSwann"/>
        <UnlockedRewardArray value="VoicePackZergSwann"/>
        <UnlockedRewardArray value="VoicePackProtossSwann"/>
        <ExampleLineArray Description="VoicePack/VoicePackDefault/ExampleLine1" Sound="SwannA_NeedMoreFoodPreview"/>
        <ExampleLineArray Description="VoicePack/VoicePackDefault/ExampleLine2" Sound="SwannA_NeedMoreFoodZergPreview"/>
        <ExampleLineArray Description="VoicePack/VoicePackDefault/ExampleLine3" Sound="SwannA_NeedMoreFoodProtossPreview"/>
        <ExampleLineArray Description="VoicePack/VoicePackDefault/ExampleLine4" Sound="SwannA_MutationComplete_Preview"/>
        <ProductId value="22295"/>
        <!-- <ParentBundle value="AnnouncerBundle"/> -->
    </CVoicePack>
    <CVoicePack id="TotalBiscuit">
        <ReleaseDate value="1/24/2017"/>
        <ImageTexture value="Assets/Textures/SC2_UI_Collection_Announcers_Large_TotalBiscuit.dds"/>
        <UnlockedRewardArray value="VoicePackTerranTotalBiscuit"/>
        <UnlockedRewardArray value="VoicePackZergTotalBiscuit"/>
        <UnlockedRewardArray value="VoicePackProtossTotalBiscuit"/>
        <ExampleLineArray Description="VoicePack/VoicePackDefault/ExampleLine1" Sound="TotalBiscuitA_UpradeComplete_Preview"/>
        <ExampleLineArray Description="VoicePack/VoicePackDefault/ExampleLine2" Sound="TotalBiscuitA_NeedCreep_Preview"/>
        <ExampleLineArray Description="VoicePack/VoicePackDefault/ExampleLine3" Sound="TotalBiscuitA_WorkersUnderAttackProtoss_Preview"/>
        <ExampleLineArray Description="VoicePack/VoicePackDefault/ExampleLine4" Sound="TotalBiscuitA_NeedMoreMinerals_Preview"/>
        <LocaleRestriction value="enUS"/>
        <ProductId value="23157"/>
    </CVoicePack>
    <CVoicePack id="Fenix">
        <ReleaseDate value="4/24/2017"/>
        <ImageTexture value="Assets/Textures/SC2_UI_Collection_Announcers_Large_Fenix.dds"/>
        <UnlockedRewardArray value="VoicePackTerranFenix"/>
        <UnlockedRewardArray value="VoicePackZergFenix"/>
        <UnlockedRewardArray value="VoicePackProtossFenix"/>
        <ExampleLineArray Description="VoicePack/VoicePackDefault/ExampleLine1" Sound="FenixA_Terran_Preview"/>
        <ExampleLineArray Description="VoicePack/VoicePackDefault/ExampleLine2" Sound="FenixA_Zerg_Preview"/>
        <ExampleLineArray Description="VoicePack/VoicePackDefault/ExampleLine3" Sound="FenixA_Protoss_Preview"/>
        <ExampleLineArray Description="VoicePack/VoicePackDefault/ExampleLine4" Sound="FenixA_Phrase_Preview"/>
        <ProductId value="25492"/>
        <!-- <ParentBundle value="FenixBundle"/> -->
    </CVoicePack>
    <CVoicePack id="Tastosis">
        <ReleaseDate value="5/22/2017"/>
        <ImageTexture value="Assets/Textures/SC2_UI_Collection_Announcers_Large_Tastosis.dds"/>
        <UnlockedRewardArray value="VoicePackTerranTastosis"/>
        <UnlockedRewardArray value="VoicePackZergTastosis"/>
        <UnlockedRewardArray value="VoicePackProtossTastosis"/>
        <ExampleLineArray Description="VoicePack/VoicePackDefault/ExampleLine1" Sound="TastosisArenaCrowdA_Preview_Terran"/>
        <ExampleLineArray Description="VoicePack/VoicePackDefault/ExampleLine2" Sound="TastosisArenaCrowdA_Preview_Zerg"/>
        <ExampleLineArray Description="VoicePack/VoicePackDefault/ExampleLine3" Sound="TastosisArenaCrowdA_Preview_Protoss"/>
        <ExampleLineArray Description="VoicePack/VoicePackDefault/ExampleLine4" Sound="TastosisArenaCrowdA_Preview_Phrase"/>
        <LocaleRestriction value="enUS"/>
        <ProductId value="25408"/>
    </CVoicePack>
    <CVoicePack id="Nathanias">
        <ReleaseDate value="6/19/2017"/>
        <ImageTexture value="Assets/Textures/SC2_UI_Collection_Announcers_Large_Nathanias.dds"/>
        <UnlockedRewardArray value="VoicePackTerranNathanias"/>
        <UnlockedRewardArray value="VoicePackZergNathanias"/>
        <UnlockedRewardArray value="VoicePackProtossNathanias"/>
        <ExampleLineArray Description="VoicePack/VoicePackDefault/ExampleLine1" Sound="NathaniasA_Preview_Terran"/>
        <ExampleLineArray Description="VoicePack/VoicePackDefault/ExampleLine2" Sound="NathaniasA_Preview_Zerg"/>
        <ExampleLineArray Description="VoicePack/VoicePackDefault/ExampleLine3" Sound="NathaniasA_Preview_Protoss"/>
        <ExampleLineArray Description="VoicePack/VoicePackDefault/ExampleLine4" Sound="NathaniasA_Preview_Phrase"/>
        <LocaleRestriction value="enUS"/>
        <ProductId value="27969"/>
    </CVoicePack>
    <CVoicePack id="Park">
        <ImageTexture value="Assets/Textures/SC2_UI_Collection_Announcers_Large_Park.dds"/>
        <UnlockedRewardArray value="VoicePackTerranPark"/>
        <UnlockedRewardArray value="VoicePackZergPark"/>
        <UnlockedRewardArray value="VoicePackProtossPark"/>
        <ExampleLineArray Description="VoicePack/VoicePackDefault/ExampleLine1" Sound="ParkA_Preview_Terran"/>
        <ExampleLineArray Description="VoicePack/VoicePackDefault/ExampleLine2" Sound="ParkA_Preview_Zerg"/>
        <ExampleLineArray Description="VoicePack/VoicePackDefault/ExampleLine3" Sound="ParkA_Preview_Protoss"/>
        <ExampleLineArray Description="VoicePack/VoicePackDefault/ExampleLine4" Sound="ParkA_Preview_Phrase"/>
        <ReleaseDate value="7/18/2017"/>
        <LocaleRestriction value="koKR"/>
        <ProductId value="29149"/>
    </CVoicePack>
    <CVoicePack id="Dehaka">
        <ReleaseDate value="8/28/2017"/>
        <ImageTexture value="Assets/Textures/SC2_UI_Collection_Announcers_Large_Dehaka.dds"/>
        <UnlockedRewardArray value="VoicePackTerranDehaka"/>
        <UnlockedRewardArray value="VoicePackZergDehaka"/>
        <UnlockedRewardArray value="VoicePackProtossDehaka"/>
        <ExampleLineArray Description="VoicePack/VoicePackDefault/ExampleLine1" Sound="DehakaA_Preview_Terran"/>
        <ExampleLineArray Description="VoicePack/VoicePackDefault/ExampleLine2" Sound="DehakaA_Preview_Zerg"/>
        <ExampleLineArray Description="VoicePack/VoicePackDefault/ExampleLine3" Sound="DehakaA_Preview_Protoss"/>
        <ExampleLineArray Description="VoicePack/VoicePackDefault/ExampleLine4" Sound="DehakaA_Preview_Phrase"/>
        <ProductId value="30470"/>
        <!-- <ParentBundle value="DehakaBundle"/> -->
    </CVoicePack>
    <CVoicePack id="scboy">
        <ImageTexture value="Assets/Textures/SC2_UI_Collection_Announcers_Large_SCBoy.dds"/>
        <UnlockedRewardArray value="VoicePackTerranSCBoy"/>
        <UnlockedRewardArray value="VoicePackZergSCBoy"/>
        <UnlockedRewardArray value="VoicePackProtossSCBoy"/>
        <ExampleLineArray Description="VoicePack/VoicePackDefault/ExampleLine1" Sound="scboyA_Preview_Terran"/>
        <ExampleLineArray Description="VoicePack/VoicePackDefault/ExampleLine2" Sound="scboyA_Preview_Zerg"/>
        <ExampleLineArray Description="VoicePack/VoicePackDefault/ExampleLine3" Sound="scboyA_Preview_Protoss"/>
        <ExampleLineArray Description="VoicePack/VoicePackDefault/ExampleLine4" Sound="scboyA_Preview_Phrase"/>
        <ReleaseDate value="8/28/2017"/>
        <LocaleRestriction value="zhCN"/>
        <ProductId value="30471"/>
    </CVoicePack>
    <CVoicePack id="iNcontrol">
        <ImageTexture value="Assets/Textures/SC2_UI_Collection_Announcers_Large_iNcontroL.dds"/>
        <UnlockedRewardArray value="VoicePackTerraniNcontrol"/>
        <UnlockedRewardArray value="VoicePackZergiNcontrol"/>
        <UnlockedRewardArray value="VoicePackProtossiNcontrol"/>
        <ExampleLineArray Description="VoicePack/VoicePackDefault/ExampleLine1" Sound="iNcontrolA_Preview_Terran"/>
        <ExampleLineArray Description="VoicePack/VoicePackDefault/ExampleLine2" Sound="iNcontrolA_Preview_Zerg"/>
        <ExampleLineArray Description="VoicePack/VoicePackDefault/ExampleLine3" Sound="iNcontrolA_Preview_Protoss"/>
        <ExampleLineArray Description="VoicePack/VoicePackDefault/ExampleLine4" Sound="iNcontrolA_Preview_Phrase"/>
        <ReleaseDate value="8/28/2017"/>
        <LocaleRestriction value="enUS"/>
        <!-- <ProductId value="30489"/> -->
    </CVoicePack>
    <CVoicePack id="Day9">
        <ImageTexture value="Assets/Textures/SC2_UI_Collection_Announcers_Large_Day9.dds"/>
        <UnlockedRewardArray value="VoicePackTerranDay9"/>
        <UnlockedRewardArray value="VoicePackZergDay9"/>
        <UnlockedRewardArray value="VoicePackProtossDay9"/>
        <ExampleLineArray Description="VoicePack/VoicePackDefault/ExampleLine1" Sound="DayNine_Preview_Terran"/>
        <ExampleLineArray Description="VoicePack/VoicePackDefault/ExampleLine2" Sound="DayNine_Preview_Zerg"/>
        <ExampleLineArray Description="VoicePack/VoicePackDefault/ExampleLine3" Sound="DayNine_Preview_Protoss"/>
        <ExampleLineArray Description="VoicePack/VoicePackDefault/ExampleLine4" Sound="DayNine_Preview_Phrase"/>
        <ReleaseDate value="9/19/2017"/>
        <LocaleRestriction value="enUS"/>
        <ProductId value="30799"/>
    </CVoicePack>
    <CVoicePack id="HornerHan">
        <Icon value="Assets\Textures\SC2_UI_Collection_Announcers_Thumb_HanandHorner.dds"/>
        <ImageTexture value="Assets/Textures/SC2_UI_Collection_Announcers_Large_HanandHorner.dds"/>
        <UnlockedRewardArray value="VoicePackTerranHornerHan"/>
        <UnlockedRewardArray value="VoicePackZergHornerHan"/>
        <UnlockedRewardArray value="VoicePackProtossHornerHan"/>
        <ExampleLineArray Description="VoicePack/VoicePackDefault/ExampleLine1" Sound="HornerHanAnnouncer_Preview_Terran"/>
        <ExampleLineArray Description="VoicePack/VoicePackDefault/ExampleLine2" Sound="HornerHanAnnouncer_Preview_Zerg"/>
        <ExampleLineArray Description="VoicePack/VoicePackDefault/ExampleLine3" Sound="HornerHanAnnouncer_Preview_Protoss"/>
        <ExampleLineArray Description="VoicePack/VoicePackDefault/ExampleLine4" Sound="HornerHanAnnouncer_Preview_Phrase"/>
        <ReleaseDate value="11/13/2017"/>
        <ProductId value="32730"/>
    </CVoicePack>
    <CVoicePack id="Stone">
        <ImageTexture value="Assets/Textures/SC2_UI_Collection_Announcers_Large_Stone.dds"/>
        <UnlockedRewardArray value="VoicePackTerranStone"/>
        <UnlockedRewardArray value="VoicePackZergStone"/>
        <UnlockedRewardArray value="VoicePackProtossStone"/>
        <ExampleLineArray Description="VoicePack/VoicePackDefault/ExampleLine1" Sound="StoneAnnouncer_Preview_Terran"/>
        <ExampleLineArray Description="VoicePack/VoicePackDefault/ExampleLine2" Sound="StoneAnnouncer_Preview_Zerg"/>
        <ExampleLineArray Description="VoicePack/VoicePackDefault/ExampleLine3" Sound="StoneAnnouncer_Preview_Protoss"/>
        <ExampleLineArray Description="VoicePack/VoicePackDefault/ExampleLine4" Sound="StoneAnnouncer_Preview_Phrase"/>
        <ReleaseDate value="7/27/2020"/>
        <!--ProductId value="30489"/-->
    </CVoicePack>
    <CVoicePack id="Alex007">
        <ImageTexture value="Assets/Textures/SC2_UI_Collection_Announcers_Large_Alex007.dds"/>
        <UnlockedRewardArray value="VoicePackTerranAlex007"/>
        <UnlockedRewardArray value="VoicePackZergAlex007"/>
        <UnlockedRewardArray value="VoicePackProtossAlex007"/>
        <ExampleLineArray Description="VoicePack/VoicePackDefault/ExampleLine1" Sound="Alex007_Preview_Terran"/>
        <ExampleLineArray Description="VoicePack/VoicePackDefault/ExampleLine2" Sound="Alex007_Preview_Zerg"/>
        <ExampleLineArray Description="VoicePack/VoicePackDefault/ExampleLine3" Sound="Alex007_Preview_Protoss"/>
        <ExampleLineArray Description="VoicePack/VoicePackDefault/ExampleLine4" Sound="Alex007_Preview_Phrase"/>
        <LocaleRestriction value="ruRU"/>
        <ReleaseDate value="6/19/2018"/>
        <ProductId value="38950"/>
    </CVoicePack>
    <CVoicePack id="Tychus">
        <ImageTexture value="Assets/Textures/SC2_UI_Collection_Announcers_Large_Tychus.dds"/>
        <UnlockedRewardArray value="VoicePackTerranTychus"/>
        <UnlockedRewardArray value="VoicePackZergTychus"/>
        <UnlockedRewardArray value="VoicePackProtossTychus"/>
        <ExampleLineArray Description="VoicePack/VoicePackDefault/ExampleLine1" Sound="TychusAnnouncer_Preview_Terran"/>
        <ExampleLineArray Description="VoicePack/VoicePackDefault/ExampleLine2" Sound="TychusAnnouncer_Preview_Zerg"/>
        <ExampleLineArray Description="VoicePack/VoicePackDefault/ExampleLine3" Sound="TychusAnnouncer_Preview_Protoss"/>
        <ExampleLineArray Description="VoicePack/VoicePackDefault/ExampleLine4" Sound="TychusAnnouncer_Preview_Phrase"/>
        <ReleaseDate value="9/4/2018"/>
        <ProductId value="41790"/>
    </CVoicePack>
    <CVoicePack id="PomfThud">
        <ImageTexture value="Assets/Textures/SC2_UI_Collection_Announcers_Large_PomfThud.dds"/>
        <UnlockedRewardArray value="VoicePackTerranPomfThud"/>
        <UnlockedRewardArray value="VoicePackZergPomfThud"/>
        <UnlockedRewardArray value="VoicePackProtossPomfThud"/>
        <ExampleLineArray Description="VoicePack/VoicePackDefault/ExampleLine1" Sound="PomfThudAnnouncer_Preview_Terran"/>
        <ExampleLineArray Description="VoicePack/VoicePackDefault/ExampleLine2" Sound="PomfThudAnnouncer_Preview_Zerg"/>
        <ExampleLineArray Description="VoicePack/VoicePackDefault/ExampleLine3" Sound="PomfThudAnnouncer_Preview_Protoss"/>
        <ExampleLineArray Description="VoicePack/VoicePackDefault/ExampleLine4" Sound="PomfThudAnnouncer_Preview_Phrase"/>
        <LocaleRestriction value="frFR"/>
        <ReleaseDate value="9/4/2018"/>
        <ProductId value="42170"/>
    </CVoicePack>
    <CVoicePack id="Zeratul">
        <ImageTexture value="Assets/Textures/SC2_UI_Collection_Announcers_Large_Zeratul.dds"/>
        <UnlockedRewardArray value="VoicePackTerranZeratul"/>
        <UnlockedRewardArray value="VoicePackZergZeratul"/>
        <UnlockedRewardArray value="VoicePackProtossZeratul"/>
        <ExampleLineArray Description="VoicePack/VoicePackDefault/ExampleLine1" Sound="ZeratulAnnouncer_Preview_Terran"/>
        <ExampleLineArray Description="VoicePack/VoicePackDefault/ExampleLine2" Sound="ZeratulAnnouncer_Preview_Zerg"/>
        <ExampleLineArray Description="VoicePack/VoicePackDefault/ExampleLine3" Sound="ZeratulAnnouncer_Preview_Protoss"/>
        <ExampleLineArray Description="VoicePack/VoicePackDefault/ExampleLine4" Sound="ZeratulAnnouncer_Preview_Phrase"/>
        <ReleaseDate value="11/13/2018"/>
        <ProductId value="45530"/>
    </CVoicePack>
    <CVoicePack id="Lowko">
        <ReleaseDate value="2/19/2019"/>
        <ImageTexture value="Assets/Textures/SC2_UI_Collection_Announcers_Large_Lowko.dds"/>
        <UnlockedRewardArray value="VoicePackTerranLowko"/>
        <UnlockedRewardArray value="VoicePackZergLowko"/>
        <UnlockedRewardArray value="VoicePackProtossLowko"/>
        <ExampleLineArray Description="VoicePack/VoicePackDefault/ExampleLine1" Sound="Lowko_Preview_Terran"/>
        <ExampleLineArray Description="VoicePack/VoicePackDefault/ExampleLine2" Sound="Lowko_Preview_Zerg"/>
        <ExampleLineArray Description="VoicePack/VoicePackDefault/ExampleLine3" Sound="Lowko_Preview_Protoss"/>
        <ExampleLineArray Description="VoicePack/VoicePackDefault/ExampleLine4" Sound="Lowko_Preview_Phrase"/>
        <LocaleRestriction value="enUS"/>
        <ProductId value="48770"/>
    </CVoicePack>
    <CVoicePack id="MrSheng">
        <ReleaseDate value="4/9/2019"/>
        <ImageTexture value="Assets/Textures/SC2_UI_Collection_Announcers_Large_MrSheng.dds"/>
        <UnlockedRewardArray value="VoicePackTerranMrSheng"/>
        <UnlockedRewardArray value="VoicePackZergMrSheng"/>
        <UnlockedRewardArray value="VoicePackProtossMrSheng"/>
        <ExampleLineArray Description="VoicePack/VoicePackDefault/ExampleLine1" Sound="MrSheng_Preview_Terran"/>
        <ExampleLineArray Description="VoicePack/VoicePackDefault/ExampleLine2" Sound="MrSheng_Preview_Zerg"/>
        <ExampleLineArray Description="VoicePack/VoicePackDefault/ExampleLine3" Sound="MrSheng_Preview_Protoss"/>
        <ExampleLineArray Description="VoicePack/VoicePackDefault/ExampleLine4" Sound="MrSheng_Preview_Phrase"/>
        <LocaleRestriction value="zhTW"/>
        <ProductId value="53150"/>
    </CVoicePack>
    <CVoicePack id="Vorazun">
        <ImageTexture value="Assets/Textures/SC2_UI_Collection_Announcers_Large_Vorazun.dds"/>
        <UnlockedRewardArray value="VoicePackTerranVorazun"/>
        <UnlockedRewardArray value="VoicePackZergVorazun"/>
        <UnlockedRewardArray value="VoicePackProtossVorazun"/>
        <ExampleLineArray Description="VoicePack/VoicePackDefault/ExampleLine1" Sound="VorazunA_Preview_Terran"/>
        <ExampleLineArray Description="VoicePack/VoicePackDefault/ExampleLine2" Sound="VorazunA_Preview_Zerg"/>
        <ExampleLineArray Description="VoicePack/VoicePackDefault/ExampleLine3" Sound="VorazunA_Preview_Protoss"/>
        <ExampleLineArray Description="VoicePack/VoicePackDefault/ExampleLine4" Sound="VorazunA_Preview_Phrase"/>
        <ReleaseDate value="5/21/2019"/>
        <ProductId value="48613"/>
    </CVoicePack>
    <CVoicePack id="Stetmann">
        <ImageTexture value="Assets/Textures/SC2_UI_Collection_Announcers_Large_Stetmann.dds"/>
        <UnlockedRewardArray value="VoicePackTerranStetmann"/>
        <UnlockedRewardArray value="VoicePackZergStetmann"/>
        <UnlockedRewardArray value="VoicePackProtossStetmann"/>
        <ExampleLineArray Description="VoicePack/VoicePackDefault/ExampleLine1" Sound="StetmannA_Preview_Terran"/>
        <ExampleLineArray Description="VoicePack/VoicePackDefault/ExampleLine2" Sound="StetmannA_Preview_Zerg"/>
        <ExampleLineArray Description="VoicePack/VoicePackDefault/ExampleLine3" Sound="StetmannA_Preview_Protoss"/>
        <ExampleLineArray Description="VoicePack/VoicePackDefault/ExampleLine4" Sound="StetmannA_Preview_Phrase"/>
        <ReleaseDate value="5/21/2019"/>
        <ProductId value="55436"/>
    </CVoicePack>
    <CVoicePack id="Um">
        <ImageTexture value="Assets/Textures/SC2_UI_Collection_Announcers_Large_Um.dds"/>
        <UnlockedRewardArray value="VoicePackTerranUm"/>
        <UnlockedRewardArray value="VoicePackZergUm"/>
        <UnlockedRewardArray value="VoicePackProtossUm"/>
        <ExampleLineArray Description="VoicePack/VoicePackDefault/ExampleLine1" Sound="UmA_Preview_Terran"/>
        <ExampleLineArray Description="VoicePack/VoicePackDefault/ExampleLine2" Sound="UmA_Preview_Zerg"/>
        <ExampleLineArray Description="VoicePack/VoicePackDefault/ExampleLine3" Sound="UmA_Preview_Protoss"/>
        <ExampleLineArray Description="VoicePack/VoicePackDefault/ExampleLine4" Sound="UmA_Preview_Phrase"/>
        <ReleaseDate value="6/18/2019"/>
        <LocaleRestriction value="koKR"/>
        <ProductId value="59031"/>
        <ParentBundle value="VoicesOfLegendAnnouncerBundle"/>
    </CVoicePack>
    <CVoicePack id="Jeon">
        <ImageTexture value="Assets/Textures/SC2_UI_Collection_Announcers_Large_Jeon.dds"/>
        <UnlockedRewardArray value="VoicePackTerranJeon"/>
        <UnlockedRewardArray value="VoicePackZergJeon"/>
        <UnlockedRewardArray value="VoicePackProtossJeon"/>
        <ExampleLineArray Description="VoicePack/VoicePackDefault/ExampleLine1" Sound="JeonA_Preview_Terran"/>
        <ExampleLineArray Description="VoicePack/VoicePackDefault/ExampleLine2" Sound="JeonA_Preview_Zerg"/>
        <ExampleLineArray Description="VoicePack/VoicePackDefault/ExampleLine3" Sound="JeonA_Preview_Protoss"/>
        <ExampleLineArray Description="VoicePack/VoicePackDefault/ExampleLine4" Sound="JeonA_Preview_Phrase"/>
        <ReleaseDate value="6/18/2019"/>
        <LocaleRestriction value="koKR"/>
        <ProductId value="59010"/>
        <ParentBundle value="VoicesOfLegendAnnouncerBundle"/>
    </CVoicePack>
    <CVoicePack id="Kim">
        <ImageTexture value="Assets/Textures/SC2_UI_Collection_Announcers_Large_Kim.dds"/>
        <UnlockedRewardArray value="VoicePackTerranKim"/>
        <UnlockedRewardArray value="VoicePackZergKim"/>
        <UnlockedRewardArray value="VoicePackProtossKim"/>
        <ExampleLineArray Description="VoicePack/VoicePackDefault/ExampleLine1" Sound="KimA_Preview_Terran"/>
        <ExampleLineArray Description="VoicePack/VoicePackDefault/ExampleLine2" Sound="KimA_Preview_Zerg"/>
        <ExampleLineArray Description="VoicePack/VoicePackDefault/ExampleLine3" Sound="KimA_Preview_Protoss"/>
        <ExampleLineArray Description="VoicePack/VoicePackDefault/ExampleLine4" Sound="KimA_Preview_Phrase"/>
        <ReleaseDate value="6/18/2019"/>
        <LocaleRestriction value="koKR"/>
        <ProductId value="59030"/>
        <ParentBundle value="VoicesOfLegendAnnouncerBundle"/>
    </CVoicePack>
    <CVoicePack id="eSports">
        <Icon value="Assets\Textures\SC2_UI_Collection_Announcers_Thumb_UmJeonKim.dds"/>
        <ImageTexture value="Assets/Textures/SC2_UI_Collection_Announcers_Large_UmJeonKim.dds"/>
        <UnlockedRewardArray value="VoicePackTerraneSports"/>
        <UnlockedRewardArray value="VoicePackZergeSports"/>
        <UnlockedRewardArray value="VoicePackProtosseSports"/>
        <ExampleLineArray Description="VoicePack/VoicePackDefault/ExampleLine1" Sound="eSportsA_Preview_Terran"/>
        <ExampleLineArray Description="VoicePack/VoicePackDefault/ExampleLine2" Sound="eSportsA_Preview_Zerg"/>
        <ExampleLineArray Description="VoicePack/VoicePackDefault/ExampleLine3" Sound="eSportsA_Preview_Protoss"/>
        <ExampleLineArray Description="VoicePack/VoicePackDefault/ExampleLine4" Sound="eSportsA_Preview_Phrase"/>
        <ReleaseDate value="6/18/2019"/>
        <LocaleRestriction value="koKR"/>
        <ProductId value="59032"/>
        <IsPurchaseHidden value="1"/>
        <ParentBundle value="VoicesOfLegendAnnouncerBundle"/>
    </CVoicePack>
    <CVoicePack id="Winter">
        <ReleaseDate value="10/15/2019"/>
        <ImageTexture value="Assets/Textures/SC2_UI_Collection_Announcers_Large_Winter.dds"/>
        <UnlockedRewardArray value="VoicePackTerranWinter"/>
        <UnlockedRewardArray value="VoicePackZergWinter"/>
        <UnlockedRewardArray value="VoicePackProtossWinter"/>
        <ExampleLineArray Description="VoicePack/VoicePackDefault/ExampleLine1" Sound="WinterGamingA_Preview_Terran"/>
        <ExampleLineArray Description="VoicePack/VoicePackDefault/ExampleLine2" Sound="WinterGamingA_Preview_Zerg"/>
        <ExampleLineArray Description="VoicePack/VoicePackDefault/ExampleLine3" Sound="WinterGamingA_Preview_Protoss"/>
        <ExampleLineArray Description="VoicePack/VoicePackDefault/ExampleLine4" Sound="WinterGamingA_Preview_Phrase"/>
        <LocaleRestriction value="enUS"/>
        <ProductId value="64311"/>
    </CVoicePack>
    <CVoicePack id="Mengsk">
        <ImageTexture value="Assets/Textures/SC2_UI_Collection_Announcers_Large_Mengsk.dds"/>
        <UnlockedRewardArray value="VoicePackTerranMengsk"/>
        <UnlockedRewardArray value="VoicePackZergMengsk"/>
        <UnlockedRewardArray value="VoicePackProtossMengsk"/>
        <ExampleLineArray Description="VoicePack/VoicePackDefault/ExampleLine1" Sound="MengskA_Preview_Terran"/>
        <ExampleLineArray Description="VoicePack/VoicePackDefault/ExampleLine2" Sound="MengskA_Preview_Zerg"/>
        <ExampleLineArray Description="VoicePack/VoicePackDefault/ExampleLine3" Sound="MengskA_Preview_Protoss"/>
        <ExampleLineArray Description="VoicePack/VoicePackDefault/ExampleLine4" Sound="MengskA_Preview_Phrase"/>
        <ReleaseDate value="11/26/2019"/>
        <ProductId value="71074"/>
    </CVoicePack>
    <CVoicePack id="WhiteRa">
        <ImageTexture value="Assets/Textures/SC2_UI_Collection_Announcers_Large_WhiteRa.dds"/>
        <UnlockedRewardArray value="VoicePackTerranWhiteRa"/>
        <UnlockedRewardArray value="VoicePackZergWhiteRa"/>
        <UnlockedRewardArray value="VoicePackProtossWhiteRa"/>
        <ExampleLineArray Description="VoicePack/VoicePackDefault/ExampleLine1" Sound="WhiteRa_Preview_Terran"/>
        <ExampleLineArray Description="VoicePack/VoicePackDefault/ExampleLine2" Sound="WhiteRa_Preview_Zerg"/>
        <ExampleLineArray Description="VoicePack/VoicePackDefault/ExampleLine3" Sound="WhiteRa_Preview_Protoss"/>
        <ExampleLineArray Description="VoicePack/VoicePackDefault/ExampleLine4" Sound="WhiteRa_Preview_Phrase"/>
        <LocaleRestriction value="enUS"/>
        <ReleaseDate value="7/27/2020"/>
        <ProductId value="74957"/>
    </CVoicePack>
</Catalog>
