<?xml version="1.0" encoding="us-ascii"?>
<Catalog>
    <CWarChest id="WarChestSeason1Terran">
        <ReleaseDate value="7/17/2017"/>
        <ProductId value="27409"/>
        <SeasonId value="WARCHEST_SEASON_1"/>
        <CelebrationString value="TerranPurchased"/>
    </CWarChest>
    <CWarChest id="WarChestSeason1Zerg">
        <ReleaseDate value="7/17/2017"/>
        <ProductId value="27429"/>
        <SeasonId value="WARCHEST_SEASON_1"/>
        <CelebrationString value="ZergPurchased"/>
    </CWarChest>
    <CWarChest id="WarChestSeason1Protoss">
        <ReleaseDate value="7/17/2017"/>
        <ProductId value="27410"/>
        <SeasonId value="WARCHEST_SEASON_1"/>
        <CelebrationString value="ProtossPurchased"/>
    </CWarChest>
    <CWarChest id="WarChestSeason1Complete">
        <Default value="1"/>
        <ReleaseDate value="7/17/2017"/>
        <ProductId value="28309"/>
        <SeasonId value="WARCHEST_SEASON_1"/>
        <IsBundle value="1"/>
        <CelebrationString value="BundlePurchased"/>
    </CWarChest>
    <CWarChest id="WarChestSeason2Terran">
        <ReleaseDate value="12/5/2017"/>
        <ProductId value="32799"/>
        <SeasonId value="WARCHEST_SEASON_2"/>
        <CelebrationString value="TerranPurchased"/>
    </CWarChest>
    <CWarChest id="WarChestSeason2Zerg">
        <ReleaseDate value="12/5/2017"/>
        <ProductId value="32800"/>
        <SeasonId value="WARCHEST_SEASON_2"/>
        <CelebrationString value="ZergPurchased"/>
    </CWarChest>
    <CWarChest id="WarChestSeason2Protoss">
        <ReleaseDate value="12/5/2017"/>
        <ProductId value="32747"/>
        <SeasonId value="WARCHEST_SEASON_2"/>
        <CelebrationString value="ProtossPurchased"/>
    </CWarChest>
    <CWarChest id="WarChestSeason2Complete">
        <Default value="1"/>
        <ReleaseDate value="12/5/2017"/>
        <ProductId value="32748"/>
        <SeasonId value="WARCHEST_SEASON_2"/>
        <IsBundle value="1"/>
        <CelebrationString value="BundlePurchased"/>
    </CWarChest>
    <CWarChest id="WarChestSeason3Terran">
        <ReleaseDate value="8/16/2018"/>
        <ProductId value="38663"/>
        <SeasonId value="WARCHEST_SEASON_3"/>
        <CelebrationString value="TerranPurchased"/>
    </CWarChest>
    <CWarChest id="WarChestSeason3Zerg">
        <ReleaseDate value="8/16/2018"/>
        <ProductId value="38669"/>
        <SeasonId value="WARCHEST_SEASON_3"/>
        <CelebrationString value="ZergPurchased"/>
    </CWarChest>
    <CWarChest id="WarChestSeason3Protoss">
        <ReleaseDate value="8/16/2018"/>
        <ProductId value="38664"/>
        <SeasonId value="WARCHEST_SEASON_3"/>
        <CelebrationString value="ProtossPurchased"/>
    </CWarChest>
    <CWarChest id="WarChestSeason3Complete">
        <Default value="1"/>
        <ReleaseDate value="8/16/2018"/>
        <ProductId value="38670"/>
        <SeasonId value="WARCHEST_SEASON_3"/>
        <IsBundle value="1"/>
        <CelebrationString value="BundlePurchased"/>
    </CWarChest>
    <CWarChest id="WarChestSeason4Terran">
        <ReleaseDate value="12/20/2018"/>
        <ProductId value="46310"/>
        <SeasonId value="WARCHEST_SEASON_4"/>
        <CelebrationString value="TerranPurchased"/>
    </CWarChest>
    <CWarChest id="WarChestSeason4Zerg">
        <ReleaseDate value="12/20/2018"/>
        <ProductId value="46291"/>
        <SeasonId value="WARCHEST_SEASON_4"/>
        <CelebrationString value="ZergPurchased"/>
    </CWarChest>
    <CWarChest id="WarChestSeason4Protoss">
        <ReleaseDate value="12/20/2018"/>
        <ProductId value="46292"/>
        <SeasonId value="WARCHEST_SEASON_4"/>
        <CelebrationString value="ProtossPurchased"/>
    </CWarChest>
    <CWarChest id="WarChestSeason4Complete">
        <Default value="1"/>
        <ReleaseDate value="12/20/2018"/>
        <ProductId value="46290"/>
        <SeasonId value="WARCHEST_SEASON_4"/>
        <IsBundle value="1"/>
        <CelebrationString value="BundlePurchased"/>
    </CWarChest>
    <CWarChest id="WarChestSeason5Terran">
        <ReleaseDate value="8/15/2019"/>
        <ProductId value="61052"/>
        <SeasonId value="WARCHEST_SEASON_5"/>
        <CelebrationString value="TerranPurchased"/>
    </CWarChest>
    <CWarChest id="WarChestSeason5Zerg">
        <ReleaseDate value="8/15/2019"/>
        <ProductId value="61051"/>
        <SeasonId value="WARCHEST_SEASON_5"/>
        <CelebrationString value="ZergPurchased"/>
    </CWarChest>
    <CWarChest id="WarChestSeason5Protoss">
        <ReleaseDate value="8/15/2019"/>
        <ProductId value="61050"/>
        <SeasonId value="WARCHEST_SEASON_5"/>
        <CelebrationString value="ProtossPurchased"/>
    </CWarChest>
    <CWarChest id="WarChestSeason5Complete">
        <Default value="1"/>
        <ReleaseDate value="8/15/2019"/>
        <ProductId value="61053"/>
        <SeasonId value="WARCHEST_SEASON_5"/>
        <IsBundle value="1"/>
        <CelebrationString value="BundlePurchased"/>
    </CWarChest>
    <CWarChest id="WarChestSeason6Terran">
        <ReleaseDate value="6/4/2020"/>
        <ProductId value="73772"/>
        <SeasonId value="WARCHEST_SEASON_6"/>
        <CelebrationString value="TerranPurchased"/>
    </CWarChest>
    <CWarChest id="WarChestSeason6Zerg">
        <ReleaseDate value="6/4/2020"/>
        <ProductId value="73793"/>
        <SeasonId value="WARCHEST_SEASON_6"/>
        <CelebrationString value="ZergPurchased"/>
    </CWarChest>
    <CWarChest id="WarChestSeason6Protoss">
        <ReleaseDate value="6/4/2020"/>
        <ProductId value="73774"/>
        <SeasonId value="WARCHEST_SEASON_6"/>
        <CelebrationString value="ProtossPurchased"/>
    </CWarChest>
    <CWarChest id="WarChestSeason6Complete">
        <Default value="1"/>
        <ReleaseDate value="6/4/2020"/>
        <ProductId value="73775"/>
        <SeasonId value="WARCHEST_SEASON_6"/>
        <IsBundle value="1"/>
        <CelebrationString value="BundlePurchased"/>
    </CWarChest>
</Catalog>
