<?xml version="1.0" encoding="utf-8"?>
<Catalog>
    <CLight id="Larva_RCZ_Portrait" parent="default">
        <EditorCategories value="LightGroup:C6PortraitsBuildingsZerg"/>
        <ToDInfoArray index="0" Id="Larva_RCZ_Portrait" AmbientColor="0.145098,0.062745,0.690196" OperatorHDR="4">
            <Param index="HDRExposure" value="1.300000"/>
            <Param index="HDRBloomThreshold" value="0.975000"/>
            <Param index="HDRWhitePoint" value="4.393000"/>
            <Param index="HDREmisMultiplier" value="1.300000"/>
            <Param index="HDRGain" value="0.000000"/>
            <Param index="HDRScale" value="0.000000"/>
            <Param index="ColorizationOutputLow" value="0.070000"/>
            <Param index="AOOcclusionRadius" value="1.000000"/>
            <Param index="AONoOcclusion" value="0.900000"/>
            <Param index="AOOcclusionPower" value="2.000000"/>
            <Param index="AODetailOcclusionRadius" value="0.010000"/>
            <Param index="AODetailNoOcclusion" value="0.060000"/>
            <Param index="AODetailOcclusionPower" value="4.000000"/>
            <DirectionalLight index="Key">
                <Color value="0.396078,0.000000,0.858824"/>
                <ColorMultiplier value="7.499000"/>
                <SpecularColor value="0.513726,0.000000,0.878431"/>
                <SpecColorMultiplier value="6.237000"/>
                <Direction value="0.946400,-0.315376,-0.069756"/>
            </DirectionalLight>
            <DirectionalLight index="Fill" Color="1.000000,1.000000,1.000000" ColorMultiplier="1.479000" Direction="0.158645,0.934000,0.320117"/>
            <DirectionalLight index="Back" Color="1.000000,0.501961,0.000000" ColorMultiplier="0.484000" Direction="-0.751637,-0.101625,0.651701"/>
        </ToDInfoArray>
    </CLight>
    <CLight id="ZergBuilding_RCZ_Portrait" parent="default">
        <EditorCategories value="LightGroup:C6PortraitsBuildingsZerg"/>
    </CLight>
    <CLight id="TerranBuilding_Silver_Portrait" parent="default">
        <EditorCategories value="LightGroup:C6PortraitsBuildingsTerran"/>
        <ToDInfoArray index="0">
            <Id value="BelShir"/>
            <AmbientColor value="1.000000,1.000000,1.000000"/>
            <AmbientEnvironmentMultiplier value="1.500000"/>
            <Colorize value="1"/>
            <Param index="HDRExposure" value="1.500000"/>
            <Param index="HDRWhitePoint" value="1.850000"/>
            <Param index="HDRSpecMultiplier" value="1.200000"/>
            <Param index="HDREmisMultiplier" value="2.000000"/>
            <Param index="TerrainSpecularExp" value="11.210000"/>
            <Param index="TerrainHDRSpecular" value="3.750000"/>
            <Param index="CreepSpecularExp" value="30.000000"/>
            <Param index="CreepHDRSpecMultiplier" value="3.000000"/>
            <Param index="ColorizationContrast" value="1.066000"/>
            <Param index="ColorizationHue" value="0.001000"/>
            <Param index="ColorizationBlend" value="0.300000"/>
            <Param index="ShadowPenumbraSize" value="0.100000"/>
            <DirectionalLight index="Key">
                <Color value="0.803922,0.882353,0.929412"/>
                <ColorMultiplier value="0.741000"/>
                <SpecularColor value="0.874510,0.941176,1.000000"/>
                <SpecColorMultiplier value="1.334000"/>
                <Direction value="0.211333,0.947002,-0.241922"/>
            </DirectionalLight>
            <DirectionalLight index="Fill" Color="0.113725,0.400000,0.713726" ColorMultiplier="0.785000" Direction="0.240832,0.022935,-0.970296"/>
            <DirectionalLight index="Back" Color="0.784314,0.356863,0.211765" ColorMultiplier="2.213000" Direction="-0.944248,0.113598,0.309017"/>
        </ToDInfoArray>
        <AmbientEnvironmentMap value="Assets\Textures\reflection_silver_blue.dds"/>
    </CLight>
    <CLight id="ProtossBuilding_Ihanrii_Portrait" parent="default">
        <EditorCategories value="LightGroup:C6PortraitsBuildingsProtoss"/>
    </CLight>
    <!-- Remastered Buildings -->
    <CLight id="ZergBuilding_Remastered_Portrait" parent="default">
        <EditorCategories value="LightGroup:C6PortraitsBuildingsZerg"/>
    </CLight>
    <CLight id="TerranBuilding_Remastered_Portrait" parent="default">
        <EditorCategories value="LightGroup:C6PortraitsBuildingsTerran"/>
    </CLight>
    <CLight id="ProtossBuilding_Remastered_Portrait" parent="default">
        <EditorCategories value="LightGroup:C6PortraitsBuildingsProtoss"/>
    </CLight>
    <CRewardModel id="SkinCommandCenterSilver" parent="SkinCommandCenterBase" collection="Silver" fileindex="6">
        <ParentBundle value="WarChestSeason6TerranSkinsBundle"/>
    </CRewardModel>
    <CRewardModel id="SkinRefinerySilver" parent="SkinRefineryBase" collection="Silver" fileindex="6">
        <ParentBundle value="WarChestSeason6TerranSkinsBundle"/>
    </CRewardModel>
    <CRewardModel id="SkinSupplyDepotSilver" parent="SkinSupplyDepotBase" collection="Silver" fileindex="6">
        <ParentBundle value="WarChestSeason6TerranSkinsBundle"/>
    </CRewardModel>
    <CRewardModel id="SkinBarracksSilver" parent="SkinBarracksBase" collection="Silver" fileindex="6">
        <ParentBundle value="WarChestSeason6TerranSkinsBundle"/>
    </CRewardModel>
    <CRewardModel id="SkinEngineeringBaySilver" parent="SkinEngineeringBayBase" collection="Silver" fileindex="6">
        <ParentBundle value="WarChestSeason6TerranSkinsBundle"/>
    </CRewardModel>
    <CRewardModel id="SkinBunkerSilver" parent="SkinBunkerBase" collection="Silver" fileindex="6">
        <ParentBundle value="WarChestSeason6TerranSkinsBundle"/>
    </CRewardModel>
    <CRewardModel id="SkinMissileTurretSilver" parent="SkinMissileTurretBase" collection="Silver" fileindex="6">
        <ParentBundle value="WarChestSeason6TerranSkinsBundle"/>
    </CRewardModel>
    <CRewardModel id="SkinReactorSilver" parent="SkinReactorBase" collection="Silver" fileindex="6">
        <ParentBundle value="WarChestSeason6TerranSkinsBundle"/>
    </CRewardModel>
    <CRewardModel id="SkinFactorySilver" parent="SkinFactoryBase" collection="Silver" fileindex="6">
        <ParentBundle value="WarChestSeason6TerranSkinsBundle"/>
    </CRewardModel>
    <CRewardModel id="SkinArmorySilver" parent="SkinArmoryBase" collection="Silver" fileindex="6">
        <ParentBundle value="WarChestSeason6TerranSkinsBundle"/>
    </CRewardModel>
    <CRewardModel id="SkinTechLabSilver" parent="SkinTechLabBase" collection="Silver" fileindex="6">
        <ParentBundle value="WarChestSeason6TerranSkinsBundle"/>
    </CRewardModel>
    <CRewardModel id="SkinStarportSilver" parent="SkinStarportBase" collection="Silver" fileindex="6">
        <ParentBundle value="WarChestSeason6TerranSkinsBundle"/>
    </CRewardModel>
    <CRewardModel id="SkinSensorTowerSilver" parent="SkinSensorTowerBase" collection="Silver" fileindex="6">
        <ParentBundle value="WarChestSeason6TerranSkinsBundle"/>
    </CRewardModel>
    <CRewardModel id="SkinGhostAcademySilver" parent="SkinGhostAcademyBase" collection="Silver" fileindex="6">
        <ParentBundle value="WarChestSeason6TerranSkinsBundle"/>
    </CRewardModel>
    <CRewardModel id="SkinFusionCoreSilver" parent="SkinFusionCoreBase" collection="Silver" fileindex="6">
        <ParentBundle value="WarChestSeason6TerranSkinsBundle"/>
    </CRewardModel>
    <CRewardModel id="SkinNexusIhanrii" parent="SkinNexusBase" collection="Ihanrii" fileindex="6">
        <ParentBundle value="WarChestSeason6ProtossSkinsBundle"/>
    </CRewardModel>
    <CRewardModel id="SkinAssimilatorIhanrii" parent="SkinAssimilatorBase" collection="Ihanrii" fileindex="6">
        <ParentBundle value="WarChestSeason6ProtossSkinsBundle"/>
    </CRewardModel>
    <CRewardModel id="SkinPylonIhanrii" parent="SkinPylonBase" collection="Ihanrii" fileindex="6">
        <ParentBundle value="WarChestSeason6ProtossSkinsBundle"/>
    </CRewardModel>
    <CRewardModel id="SkinGatewayIhanrii" parent="SkinGatewayBase" collection="Ihanrii" fileindex="6">
        <ParentBundle value="WarChestSeason6ProtossSkinsBundle"/>
    </CRewardModel>
    <CRewardModel id="SkinForgeIhanrii" parent="SkinForgeBase" collection="Ihanrii" fileindex="6">
        <ParentBundle value="WarChestSeason6ProtossSkinsBundle"/>
    </CRewardModel>
    <CRewardModel id="SkinPhotonCannonIhanrii" parent="SkinPhotonCannonBase" collection="Ihanrii" fileindex="6">
        <ParentBundle value="WarChestSeason6ProtossSkinsBundle"/>
    </CRewardModel>
    <CRewardModel id="SkinShieldBatteryIhanrii" parent="SkinShieldBatteryBase" collection="Ihanrii" fileindex="6">
        <ParentBundle value="WarChestSeason6ProtossSkinsBundle"/>
    </CRewardModel>
    <CRewardModel id="SkinCyberneticsCoreIhanrii" parent="SkinCyberneticsCoreBase" collection="Ihanrii" fileindex="6">
        <ParentBundle value="WarChestSeason6ProtossSkinsBundle"/>
    </CRewardModel>
    <CRewardModel id="SkinRoboticsFacilityIhanrii" parent="SkinRoboticsFacilityBase" collection="Ihanrii" fileindex="6">
        <ParentBundle value="WarChestSeason6ProtossSkinsBundle"/>
    </CRewardModel>
    <CRewardModel id="SkinRoboticsBayIhanrii" parent="SkinRoboticsBayBase" collection="Ihanrii" fileindex="6">
        <ParentBundle value="WarChestSeason6ProtossSkinsBundle"/>
    </CRewardModel>
    <CRewardModel id="SkinTwilightCouncilIhanrii" parent="SkinTwilightCouncilBase" collection="Ihanrii" fileindex="6">
        <ParentBundle value="WarChestSeason6ProtossSkinsBundle"/>
    </CRewardModel>
    <CRewardModel id="SkinStargateIhanrii" parent="SkinStargateBase" collection="Ihanrii" fileindex="6">
        <ParentBundle value="WarChestSeason6ProtossSkinsBundle"/>
    </CRewardModel>
    <CRewardModel id="SkinDarkShrineIhanrii" parent="SkinDarkShrineBase" collection="Ihanrii" fileindex="6">
        <ParentBundle value="WarChestSeason6ProtossSkinsBundle"/>
    </CRewardModel>
    <CRewardModel id="SkinTemplarArchiveIhanrii" parent="SkinTemplarArchiveBase" collection="Ihanrii" fileindex="6">
        <ParentBundle value="WarChestSeason6ProtossSkinsBundle"/>
    </CRewardModel>
    <CRewardModel id="SkinFleetBeaconIhanrii" parent="SkinFleetBeaconBase" collection="Ihanrii" fileindex="6">
        <ParentBundle value="WarChestSeason6ProtossSkinsBundle"/>
    </CRewardModel>
    <CRewardModel id="SkinBanelingNestRCZ" parent="SkinBanelingNestBase" collection="RCZ" fileindex="6">
        <ParentBundle value="WarChestSeason6ZergSkinsBundle"/>
    </CRewardModel>
    <CRewardModel id="SkinEvolutionChamberRCZ" parent="SkinEvolutionChamberBase" collection="RCZ" fileindex="6">
        <ParentBundle value="WarChestSeason6ZergSkinsBundle"/>
    </CRewardModel>
    <CRewardModel id="SkinExtractorRCZ" parent="SkinExtractorBase" collection="RCZ" fileindex="6">
        <ParentBundle value="WarChestSeason6ZergSkinsBundle"/>
    </CRewardModel>
    <CRewardModel id="SkinHatcheryRCZ" parent="SkinHatcheryBase" collection="RCZ" fileindex="6">
        <ParentBundle value="WarChestSeason6ZergSkinsBundle"/>
    </CRewardModel>
    <CRewardModel id="SkinHydraliskDenRCZ" parent="SkinHydraliskDenBase" collection="RCZ" fileindex="6">
        <ParentBundle value="WarChestSeason6ZergSkinsBundle"/>
    </CRewardModel>
    <CRewardModel id="SkinInfestationPitRCZ" parent="SkinInfestationPitBase" collection="RCZ" fileindex="6">
        <ParentBundle value="WarChestSeason6ZergSkinsBundle"/>
    </CRewardModel>
    <CRewardModel id="SkinLurkerDenRCZ" parent="SkinLurkerDenBase" collection="RCZ" fileindex="6">
        <ParentBundle value="WarChestSeason6ZergSkinsBundle"/>
    </CRewardModel>
    <CRewardModel id="SkinNydusNetworkRCZ" parent="SkinNydusNetworkBase" collection="RCZ" fileindex="6">
        <ParentBundle value="WarChestSeason6ZergSkinsBundle"/>
    </CRewardModel>
    <CRewardModel id="SkinRoachWarrenRCZ" parent="SkinRoachWarrenBase" collection="RCZ" fileindex="6">
        <ParentBundle value="WarChestSeason6ZergSkinsBundle"/>
    </CRewardModel>
    <CRewardModel id="SkinSpawningPoolRCZ" parent="SkinSpawningPoolBase" collection="RCZ" fileindex="6">
        <ParentBundle value="WarChestSeason6ZergSkinsBundle"/>
    </CRewardModel>
    <CRewardModel id="SkinSpineCrawlerRCZ" parent="SkinSpineCrawlerBase" collection="RCZ" fileindex="6">
        <ParentBundle value="WarChestSeason6ZergSkinsBundle"/>
    </CRewardModel>
    <CRewardModel id="SkinSporeCrawlerRCZ" parent="SkinSporeCrawlerBase" collection="RCZ" fileindex="6">
        <ParentBundle value="WarChestSeason6ZergSkinsBundle"/>
    </CRewardModel>
    <CRewardModel id="SkinSpireRCZ" parent="SkinSpireBase" collection="RCZ" fileindex="6">
        <ParentBundle value="WarChestSeason6ZergSkinsBundle"/>
    </CRewardModel>
    <CRewardModel id="SkinUltraliskCavernRCZ" parent="SkinUltraliskCavernBase" collection="RCZ" fileindex="6">
        <ParentBundle value="WarChestSeason6ZergSkinsBundle"/>
    </CRewardModel>
    <CRewardModel id="SkinLarvaRCZ" parent="SkinLarvaBase" collection="RCZ" fileindex="6">
        <ParentBundle value="WarChestSeason6ZergSkinsBundle"/>
    </CRewardModel>
    <CRewardIcon id="SC2SkinSilverArmory" parent="CollectionSkinLicenseBase"/>
    <CRewardIcon id="SC2SkinSilverBarracks" parent="CollectionSkinLicenseBase"/>
    <CRewardIcon id="SC2SkinSilverBunker" parent="CollectionSkinLicenseBase"/>
    <CRewardIcon id="SC2SkinSilverCommandCenter" parent="CollectionSkinLicenseBase"/>
    <CRewardIcon id="SC2SkinSilverEngineeringBay" parent="CollectionSkinLicenseBase"/>
    <CRewardIcon id="SC2SkinSilverFactory" parent="CollectionSkinLicenseBase"/>
    <CRewardIcon id="SC2SkinSilverFusionCore" parent="CollectionSkinLicenseBase"/>
    <CRewardIcon id="SC2SkinSilverGhostAcademy" parent="CollectionSkinLicenseBase"/>
    <CRewardIcon id="SC2SkinSilverMissileTurret" parent="CollectionSkinLicenseBase"/>
    <CRewardIcon id="SC2SkinSilverReactor" parent="CollectionSkinLicenseBase"/>
    <CRewardIcon id="SC2SkinSilverRefinery" parent="CollectionSkinLicenseBase"/>
    <CRewardIcon id="SC2SkinSilverSensorTower" parent="CollectionSkinLicenseBase"/>
    <CRewardIcon id="SC2SkinSilverStarport" parent="CollectionSkinLicenseBase"/>
    <CRewardIcon id="SC2SkinSilverSupplyDepot" parent="CollectionSkinLicenseBase"/>
    <CRewardIcon id="SC2SkinSilverTechLab" parent="CollectionSkinLicenseBase"/>
    <CRewardIcon id="SC2SkinRCZBanelingNest" parent="CollectionSkinLicenseBase"/>
    <CRewardIcon id="SC2SkinRCZEvolutionChamber" parent="CollectionSkinLicenseBase"/>
    <CRewardIcon id="SC2SkinRCZExtractor" parent="CollectionSkinLicenseBase"/>
    <CRewardIcon id="SC2SkinRCZHatchery" parent="CollectionSkinLicenseBase"/>
    <CRewardIcon id="SC2SkinRCZHydraliskDen" parent="CollectionSkinLicenseBase"/>
    <CRewardIcon id="SC2SkinRCZInfestationPit" parent="CollectionSkinLicenseBase"/>
    <CRewardIcon id="SC2SkinRCZLurkerDen" parent="CollectionSkinLicenseBase"/>
    <CRewardIcon id="SC2SkinRCZNydusNetwork" parent="CollectionSkinLicenseBase"/>
    <CRewardIcon id="SC2SkinRCZRoachWarren" parent="CollectionSkinLicenseBase"/>
    <CRewardIcon id="SC2SkinRCZSpawningPool" parent="CollectionSkinLicenseBase"/>
    <CRewardIcon id="SC2SkinRCZSpineCrawler" parent="CollectionSkinLicenseBase"/>
    <CRewardIcon id="SC2SkinRCZSporeCrawler" parent="CollectionSkinLicenseBase"/>
    <CRewardIcon id="SC2SkinRCZSpire" parent="CollectionSkinLicenseBase"/>
    <CRewardIcon id="SC2SkinRCZUltraliskCavern" parent="CollectionSkinLicenseBase"/>
    <CRewardIcon id="SC2SkinRCZLarva" parent="CollectionSkinLicenseBase"/>
    <CRewardIcon id="SC2SkinIhanriiAssimilator" parent="CollectionSkinLicenseBase"/>
    <CRewardIcon id="SC2SkinIhanriiCyberneticsCore" parent="CollectionSkinLicenseBase"/>
    <CRewardIcon id="SC2SkinIhanriiDarkShrine" parent="CollectionSkinLicenseBase"/>
    <CRewardIcon id="SC2SkinIhanriiFleetBeacon" parent="CollectionSkinLicenseBase"/>
    <CRewardIcon id="SC2SkinIhanriiForge" parent="CollectionSkinLicenseBase"/>
    <CRewardIcon id="SC2SkinIhanriiGateway" parent="CollectionSkinLicenseBase"/>
    <CRewardIcon id="SC2SkinIhanriiNexus" parent="CollectionSkinLicenseBase"/>
    <CRewardIcon id="SC2SkinIhanriiPhotonCannon" parent="CollectionSkinLicenseBase"/>
    <CRewardIcon id="SC2SkinIhanriiPylon" parent="CollectionSkinLicenseBase"/>
    <CRewardIcon id="SC2SkinIhanriiRoboticsBay" parent="CollectionSkinLicenseBase"/>
    <CRewardIcon id="SC2SkinIhanriiRoboticsFacility" parent="CollectionSkinLicenseBase"/>
    <CRewardIcon id="SC2SkinIhanriiShieldBattery" parent="CollectionSkinLicenseBase"/>
    <CRewardIcon id="SC2SkinIhanriiStargate" parent="CollectionSkinLicenseBase"/>
    <CRewardIcon id="SC2SkinIhanriiTemplarArchives" parent="CollectionSkinLicenseBase"/>
    <CRewardIcon id="SC2SkinIhanriiTwilightCouncil" parent="CollectionSkinLicenseBase"/>
    <CRewardModel id="SkinCommandCenterRemastered" parent="SkinCommandCenterBase" collection="Remastered" fileindex="00"/>
    <CRewardModel id="SkinNexusRemastered" parent="SkinNexusBase" collection="Remastered" fileindex="00"/>
    <CRewardModel id="SkinHatcheryRemastered" parent="SkinHatcheryBase" collection="Remastered" fileindex="00"/>
    <CRewardIcon id="SC2SkinRemasteredCommandCenter" parent="CollectionSkinLicenseBase"/>
    <CRewardIcon id="SC2SkinRemasteredNexus" parent="CollectionSkinLicenseBase"/>
    <CRewardIcon id="SC2SkinRemasteredHatchery" parent="CollectionSkinLicenseBase"/>
    <CModel id="ProtossBuilding_Ihanrii_Build_Death" parent="BuildingDeathEx" Race="Protoss"/>
    <CModel id="DarkShrine_Ihanrii_Build" parent="DarkShrineBuildBase" name="ProtossBuilding_Ihanrii_Build"/>
    <CModel id="ShieldBattery_Ihanrii_Build" parent="ShieldBatteryBuildBase" name="ProtossBuilding_Ihanrii_Build"/>
    <CModel id="PhotonCannon_Ihanrii_Build" parent="PhotonCannonBuildBase" name="ProtossBuilding_Ihanrii_Build"/>
    <CModel id="Pylon_Ihanrii_Build" parent="PylonBuildBase" name="ProtossBuilding_Ihanrii_Build"/>
    <CModel id="Assimilator_Ihanrii_Build" parent="AssimilatorBuildBase" name="ProtossBuilding_Ihanrii_Build"/>
    <CModel id="CyberneticsCore_Ihanrii_Build" parent="CyberneticsCoreBuildBase" name="ProtossBuilding_Ihanrii_Build"/>
    <CModel id="FleetBeacon_Ihanrii_Build" parent="FleetBeaconBuildBase" name="ProtossBuilding_Ihanrii_Build"/>
    <CModel id="Forge_Ihanrii_Build" parent="ForgeBuildBase" name="ProtossBuilding_Ihanrii_Build"/>
    <CModel id="Gateway_Ihanrii_Build" parent="GatewayBuildBase" name="ProtossBuilding_Ihanrii_Build"/>
    <CModel id="RoboticsBay_Ihanrii_Build" parent="RoboticsBayBuildBase" name="ProtossBuilding_Ihanrii_Build"/>
    <CModel id="RoboticsFacility_Ihanrii_Build" parent="RoboticsFacilityBuildBase" name="ProtossBuilding_Ihanrii_Build"/>
    <CModel id="Stargate_Ihanrii_Build" parent="StargateBuildBase" name="ProtossBuilding_Ihanrii_Build"/>
    <CModel id="TemplarArchive_Ihanrii_Build" parent="TemplarArchiveBuildBase" name="ProtossBuilding_Ihanrii_Build"/>
    <CModel id="TwilightCouncil_Ihanrii_Build" parent="TwilightCouncilBuildBase" name="ProtossBuilding_Ihanrii_Build"/>
    <CModel id="AssimilatorRich_Ihanrii_Build" parent="AssimilatorRichBuildBase" name="ProtossBuilding_Ihanrii_Build"/>
    <CModel id="Nexus_Ihanrii_Build" parent="NexusBuildBase" name="ProtossBuilding_Ihanrii_Build"/>
    <CModel id="DarkShrine_Ihanrii_DeathUnderConstruction" parent="ProtossBuilding_Ihanrii_Build_Death"/>
    <CModel id="ShieldBattery_Ihanrii_DeathUnderConstruction" parent="ProtossBuilding_Ihanrii_Build_Death"/>
    <CModel id="PhotonCannon_Ihanrii_DeathUnderConstruction" parent="ProtossBuilding_Ihanrii_Build_Death"/>
    <CModel id="Pylon_Ihanrii_DeathUnderConstruction" parent="ProtossBuilding_Ihanrii_Build_Death"/>
    <CModel id="Assimilator_Ihanrii_DeathUnderConstruction" parent="ProtossBuilding_Ihanrii_Build_Death"/>
    <CModel id="CyberneticsCore_Ihanrii_DeathUnderConstruction" parent="ProtossBuilding_Ihanrii_Build_Death"/>
    <CModel id="FleetBeacon_Ihanrii_DeathUnderConstruction" parent="ProtossBuilding_Ihanrii_Build_Death"/>
    <CModel id="Forge_Ihanrii_DeathUnderConstruction" parent="ProtossBuilding_Ihanrii_Build_Death"/>
    <CModel id="Gateway_Ihanrii_DeathUnderConstruction" parent="ProtossBuilding_Ihanrii_Build_Death"/>
    <CModel id="RoboticsBay_Ihanrii_DeathUnderConstruction" parent="ProtossBuilding_Ihanrii_Build_Death"/>
    <CModel id="RoboticsFacility_Ihanrii_DeathUnderConstruction" parent="ProtossBuilding_Ihanrii_Build_Death"/>
    <CModel id="Stargate_Ihanrii_DeathUnderConstruction" parent="ProtossBuilding_Ihanrii_Build_Death"/>
    <CModel id="TemplarArchive_Ihanrii_DeathUnderConstruction" parent="ProtossBuilding_Ihanrii_Build_Death"/>
    <CModel id="TwilightCouncil_Ihanrii_DeathUnderConstruction" parent="ProtossBuilding_Ihanrii_Build_Death"/>
    <CModel id="AssimilatorRich_Ihanrii_DeathUnderConstruction" parent="ProtossBuilding_Ihanrii_Build_Death"/>
    <CModel id="Nexus_Ihanrii_DeathUnderConstruction" parent="ProtossBuilding_Ihanrii_Build_Death"/>
    <CModel id="BanelingNest_RCZ" parent="BanelingNestBase"/>
    <CModel id="BanelingNest_RCZ_Death" parent="BanelingNestDeathBase" low="ZergBuilding_RCZ_Large_Death_Low"/>
    <CModel id="BanelingNest_RCZ_Placement" parent="BanelingNestPlacementBase" low="BanelingNest_RCZ"/>
    <CModel id="EvolutionChamber_RCZ" parent="EvolutionChamberBase"/>
    <CModel id="EvolutionChamber_RCZ_Death" parent="EvolutionChamberDeathBase" low="ZergBuilding_RCZ_Large_Death_Low"/>
    <CModel id="EvolutionChamber_RCZ_Placement" parent="EvolutionChamberPlacementBase" low="EvolutionChamber_RCZ"/>
    <CModel id="Extractor_RCZ" parent="ExtractorBase"/>
    <CModel id="Extractor_RCZ_Death" parent="ExtractorDeathBase" low="ZergBuilding_RCZ_Large_Death_Low"/>
    <CModel id="Extractor_RCZ_HighYield" parent="ExtractorBase"/>
    <CModel id="Extractor_RCZ_HighYield_Death" parent="ExtractorDeathBase" low="ZergBuilding_RCZ_Large_Death_Low"/>
    <CModel id="Extractor_RCZ_Empty_Death" parent="ExtractorEmptyDeathBase" low="ZergBuilding_RCZ_Large_Death_Low"/>
    <CModel id="Extractor_RCZ_Placement" parent="ExtractorPlacementBase" low="Extractor_RCZ"/>
    <CModel id="Hatchery_RCZ" parent="HatcheryBase"/>
    <CModel id="Hatchery_RCZ_Death" parent="HatcheryDeathBase" low="ZergBuilding_RCZ_Large_Death_Low"/>
    <CModel id="Hatchery_RCZ_Placement" parent="HatcheryPlacementBase" low="Hatchery_RCZ"/>
    <CModel id="Hatchery_RCZ_Lair_Death" parent="LairDeathBase" low="ZergBuilding_RCZ_Large_Death_Low"/>
    <CModel id="Hatchery_RCZ_Hive_Death" parent="HiveDeathBase" low="ZergBuilding_RCZ_Large_Death_Low"/>
    <CModel id="HydraliskDen_RCZ" parent="HydraliskDenBase"/>
    <CModel id="HydraliskDen_RCZ_Death" parent="HydraliskDenDeathBase" low="ZergBuilding_RCZ_Large_Death_Low"/>
    <CModel id="HydraliskDen_RCZ_Placement" parent="HydraliskDenPlacementBase" low="HydraliskDen_RCZ"/>
    <CModel id="HydraliskDen_RCZ_Morph" parent="HydraliskDenMorphBase"/>
    <CModel id="LurkerDen_RCZ" parent="LurkerDenBase"/>
    <CModel id="LurkerDen_RCZ_Placement" parent="LurkerDenPlacementBase" low="LurkerDen_RCZ"/>
    <CModel id="LurkerDen_RCZ_Death" parent="LurkerDenDeathBase" low="ZergBuilding_RCZ_Large_Death_Low"/>
    <CModel id="InfestationPit_RCZ" parent="InfestationPitBase"/>
    <CModel id="InfestationPit_RCZ_Death" parent="InfestationPitDeathBase" low="ZergBuilding_RCZ_Large_Death_Low"/>
    <CModel id="InfestationPit_RCZ_Placement" parent="InfestationPitPlacementBase" low="InfestationPit_RCZ"/>
    <CModel id="NydusCanal_RCZ" parent="NydusCanalBase"/>
    <CModel id="NydusCanal_RCZ_DeathAcid" parent="NydusCanalDeathAcidBase" low="ZergBuilding_RCZ_Large_Death_Low"/>
    <CModel id="NydusCanal_RCZ_Death" parent="NydusCanalDeathBase" low="ZergBuilding_RCZ_Large_Death_Low"/>
    <CModel id="NydusCanal_RCZ_DeathFire" parent="NydusCanalDeathFireBase" low="ZergBuilding_RCZ_Large_Death_Low"/>
    <CModel id="NydusCanal_RCZ_Placement" parent="NydusCanalPlacementBase" low="NydusCanal_RCZ"/>
    <CModel id="NydusNetwork_RCZ" parent="NydusNetworkBase"/>
    <CModel id="NydusNetwork_RCZ_Death" parent="NydusNetworkDeathBase" low="ZergBuilding_RCZ_Large_Death_Low"/>
    <CModel id="NydusNetwork_RCZ_Placement" parent="NydusNetworkPlacementBase" low="NydusNetwork_RCZ"/>
    <CModel id="RoachWarren_RCZ" parent="RoachWarrenBase"/>
    <CModel id="RoachWarren_RCZ_Death" parent="RoachWarrenDeathBase" low="ZergBuilding_RCZ_Large_Death_Low"/>
    <CModel id="RoachWarren_RCZ_Placement" parent="RoachWarrenPlacementBase" low="RoachWarren_RCZ"/>
    <CModel id="SpawningPool_RCZ" parent="SpawningPoolBase"/>
    <CModel id="SpawningPool_RCZ_Death" parent="SpawningPoolDeathBase" low="ZergBuilding_RCZ_Large_Death_Low"/>
    <CModel id="SpawningPool_RCZ_Placement" parent="SpawningPoolPlacementBase" low="SpawningPool_RCZ"/>
    <CModel id="SpineCrawler_RCZ" parent="SpineCrawlerBase"/>
    <CModel id="SpineCrawler_RCZ_Death" parent="SpineCrawlerDeathBase" low="ZergBuilding_RCZ_Large_Death_Low">
        <Model value="Assets\Buildings\Zerg\SpineCrawler_RCZ\SpineCrawler_RCZ.m3"/>
    </CModel>
    <CModel id="SpineCrawler_RCZ_Placement" parent="SpineCrawlerPlacementBase" low="SpineCrawler_RCZ"/>
    <CModel id="SpineCrawler_RCZ_Unburrowed_Death" parent="SpineCrawlerUnburrowedDeathBase" low="ZergLargeUnitDeath_RCZ"/>
    <CModel id="SporeCrawler_RCZ" parent="SporeCrawlerBase"/>
    <CModel id="SporeCrawler_RCZ_Death" parent="SporeCrawlerDeathBase" low="ZergBuilding_RCZ_Death_Low"/>
    <CModel id="SporeCrawler_RCZ_Placement" parent="SporeCrawlerPlacementBase" low="SporeCrawler_RCZ"/>
    <CModel id="SporeCrawler_RCZ_Unburrowed_Death" parent="SporeCrawlerUnburrowedDeathBase" low="ZergLargeUnitDeath_RCZ"/>
    <CModel id="Spire_RCZ" parent="SpireBase"/>
    <CModel id="Spire_RCZ_Death" parent="SpireDeathBase" low="ZergBuilding_RCZ_Large_Death_Low_Sound"/>
    <CModel id="Spire_RCZ_Morph" parent="SpireMorphBase"/>
    <CModel id="Spire_RCZ_Placement" parent="SpirePlacementBase" low="Spire_RCZ"/>
    <CModel id="Spire_RCZ_GreaterSpire" parent="GreaterSpireBase"/>
    <CModel id="Spire_RCZ_GreaterSpire_Death" parent="GreaterSpireDeathBase" low="ZergBuilding_RCZ_Large_Death_Low_Sound"/>
    <CModel id="UltraliskCavern_RCZ" parent="UltraliskCavernBase"/>
    <CModel id="UltraliskCavern_RCZ_Death" parent="UltraliskCavernDeathBase" low="ZergBuilding_RCZ_Large_Death_Low"/>
    <CModel id="UltraliskCavern_RCZ_Placement" parent="UltraliskCavernPlacementBase" low="UltraliskCavern_RCZ"/>
    <CModel id="Larva_RCZ" parent="LarvaBase"/>
    <CModel id="Larva_RCZ_Death" parent="LarvaDeathBase" low="ZergSmallUnitDeath_RCZ"/>
    <CModel id="Larva_RCZ_Portrait" parent="LarvaPortraitBase"/>
    <CModel id="ZergBuilding_RCZ_Death" parent="ZergBuildingDeathBase"/>
    <CModel id="ZergBuilding_RCZ_Death_Low" parent="ZergBuildingDeathLowBase" name="ZergBuilding_RCZ_Death"/>
    <CModel id="ZergBuilding_RCZ_Large_Death" parent="ZergBuildingLargeDeathBase"/>
    <CModel id="ZergBuilding_RCZ_Large_Death_Low" parent="ZergBuildingLargeDeathLowBase" name="ZergBuilding_RCZ_Large_Death"/>
    <CModel id="ZergBuilding_RCZ_Large_Death_Low_Sound" parent="ZergBuildingLargeDeathLowBase" name="ZergBuilding_RCZ_Large_Death"/>
    <CModel id="BanelingNest_RCZ_DeathUnderConstruction" parent="ZergBuilding_RCZ_Death"/>
    <CModel id="EvolutionChamber_RCZ_DeathUnderConstruction" parent="ZergBuilding_RCZ_Death"/>
    <CModel id="Extractor_RCZ_DeathUnderConstruction" parent="ZergBuilding_RCZ_Large_Death"/>
    <CModel id="Hatchery_RCZ_DeathUnderConstruction" parent="ZergBuilding_RCZ_Large_Death"/>
    <CModel id="HydraliskDen_RCZ_DeathUnderConstruction" parent="ZergBuilding_RCZ_Death"/>
    <CModel id="InfestationPit_RCZ_DeathUnderConstruction" parent="ZergBuilding_RCZ_Death"/>
    <CModel id="LurkerDen_RCZ_DeathUnderConstruction" parent="ZergBuilding_RCZ_Death"/>
    <CModel id="NydusCanal_RCZ_DeathUnderConstruction" parent="ZergBuilding_RCZ_Death"/>
    <CModel id="NydusNetwork_RCZ_DeathUnderConstruction" parent="ZergBuilding_RCZ_Death"/>
    <CModel id="RoachWarren_RCZ_DeathUnderConstruction" parent="ZergBuilding_RCZ_Death"/>
    <CModel id="SpawningPool_RCZ_DeathUnderConstruction" parent="ZergBuilding_RCZ_Death"/>
    <CModel id="SpineCrawler_RCZ_DeathUnderConstruction" parent="ZergBuilding_RCZ_Death"/>
    <CModel id="SporeCrawler_RCZ_DeathUnderConstruction" parent="ZergBuilding_RCZ_Death"/>
    <CModel id="Spire_RCZ_DeathUnderConstruction" parent="ZergBuilding_RCZ_Death"/>
    <CModel id="UltraliskCavern_RCZ_DeathUnderConstruction" parent="ZergBuilding_RCZ_Large_Death"/>
    <CModel id="Extractor_RCZ_Build" parent="ExtractorBuildBase"/>
    <CModel id="BanelingNest_RCZ_Build" parent="BanelingNestBuildBase" name="ZergBuilding_RCZ_Build"/>
    <CModel id="EvolutionChamber_RCZ_Build" parent="EvolutionChamberBuildBase" name="ZergBuilding_RCZ_Build"/>
    <CModel id="Hatchery_RCZ_Build" parent="HatcheryBuildBase" name="ZergBuilding_RCZ_Build"/>
    <CModel id="HydraliskDen_RCZ_Build" parent="HydraliskDenBuildBase" name="ZergBuilding_RCZ_Build"/>
    <CModel id="InfestationPit_RCZ_Build" parent="InfestationPitBuildBase" name="ZergBuilding_RCZ_Build"/>
    <CModel id="LurkerDen_RCZ_Build" parent="LurkerDenBuildBase" name="ZergBuilding_RCZ_Build"/>
    <CModel id="NydusNetwork_RCZ_Build" parent="NydusNetworkBuildBase" name="ZergBuilding_RCZ_Build"/>
    <CModel id="RoachWarren_RCZ_Build" parent="RoachWarrenBuildBase" name="ZergBuilding_RCZ_Build"/>
    <CModel id="SpawningPool_RCZ_Build" parent="SpawningPoolBuildBase" name="ZergBuilding_RCZ_Build"/>
    <CModel id="SpineCrawler_RCZ_Build" parent="SpineCrawlerBuildBase" name="ZergBuilding_RCZ_Build"/>
    <CModel id="Spire_RCZ_Build" parent="SpireBuildBase" name="ZergBuilding_RCZ_Build"/>
    <CModel id="SporeCrawler_RCZ_Build" parent="SporeCrawlerBuildBase" name="ZergBuilding_RCZ_Build"/>
    <CModel id="UltraliskCavern_RCZ_Build" parent="UltraliskCavernBuildBase" name="ZergBuilding_RCZ_Build"/>
    <CModel id="ZergBuilding_RCZ_Portrait" parent="ZergBuildingPortraitBase"/>
    <CModel id="BanelingNest_RCZ_Portrait" parent="ZergBuilding_RCZ_Portrait"/>
    <CModel id="EvolutionChamber_RCZ_Portrait" parent="ZergBuilding_RCZ_Portrait"/>
    <CModel id="Extractor_RCZ_Portrait" parent="ZergBuilding_RCZ_Portrait"/>
    <CModel id="Hatchery_RCZ_Portrait" parent="ZergBuilding_RCZ_Portrait"/>
    <CModel id="Hatchery_RCZ_Lair_Portrait" parent="ZergBuilding_RCZ_Portrait"/>
    <CModel id="Hatchery_RCZ_Hive_Portrait" parent="ZergBuilding_RCZ_Portrait"/>
    <CModel id="HydraliskDen_RCZ_Portrait" parent="ZergBuilding_RCZ_Portrait"/>
    <CModel id="InfestationPit_RCZ_Portrait" parent="ZergBuilding_RCZ_Portrait"/>
    <CModel id="LurkerDen_RCZ_Portrait" parent="ZergBuilding_RCZ_Portrait"/>
    <CModel id="NydusCanal_RCZ_Portrait" parent="ZergBuilding_RCZ_Portrait"/>
    <CModel id="NydusNetwork_RCZ_Portrait" parent="ZergBuilding_RCZ_Portrait"/>
    <CModel id="RoachWarren_RCZ_Portrait" parent="ZergBuilding_RCZ_Portrait"/>
    <CModel id="SpawningPool_RCZ_Portrait" parent="ZergBuilding_RCZ_Portrait"/>
    <CModel id="SpineCrawler_RCZ_Portrait" parent="ZergBuilding_RCZ_Portrait"/>
    <CModel id="SporeCrawler_RCZ_Portrait" parent="ZergBuilding_RCZ_Portrait"/>
    <CModel id="Spire_RCZ_Portrait" parent="ZergBuilding_RCZ_Portrait"/>
    <CModel id="Spire_RCZ_GreaterSpire_Portrait" parent="ZergBuilding_RCZ_Portrait"/>
    <CModel id="UltraliskCavern_RCZ_Portrait" parent="ZergBuilding_RCZ_Portrait"/>
    <CModel id="Armory_Silver" parent="ArmoryBase"/>
    <CModel id="Armory_Silver_Death" parent="ArmoryDeathBase"/>
    <CModel id="Armory_Silver_Placement" parent="ArmoryPlacementBase" low="Armory_Silver"/>
    <CModel id="Barracks_Silver" parent="BarracksBase"/>
    <CModel id="Barracks_Silver_Death" parent="BarracksDeathBase"/>
    <CModel id="Barracks_Silver_Fly_Death" parent="BarracksFlyDeathBase"/>
    <CModel id="Barracks_Silver_Placement" parent="BarracksPlacementBase" low="Barracks_Silver"/>
    <CModel id="Bunker_Silver" parent="BunkerBase"/>
    <CModel id="Bunker_Silver_Death" parent="BunkerDeathBase"/>
    <CModel id="Bunker_Silver_Empty_Death" parent="BunkerEmptyDeathBase"/>
    <CModel id="Bunker_Silver_Upgrade" parent="BunkerUpgradeBase"/>
    <CModel id="Bunker_Silver_Upgrade_Death" parent="BunkerUpgradeDeathBase"/>
    <CModel id="Bunker_Silver_Upgrade_Empty_Death" parent="BunkerUpgradeEmptyDeathBase"/>
    <CModel id="Bunker_Silver_Placement" parent="BunkerPlacementBase" low="Bunker_Silver"/>
    <CModel id="CommandCenter_Silver" parent="CommandCenterBase"/>
    <CModel id="CommandCenter_Silver_Death" parent="CommandCenterDeathBase"/>
    <CModel id="CommandCenter_Silver_Fly_Death" parent="CommandCenterFlyDeathBase"/>
    <CModel id="CommandCenter_Silver_Morph_Death" parent="CommandCenterMorphDeathBase"/>
    <CModel id="CommandCenter_Silver_Placement" parent="CommandCenterPlacementBase" low="CommandCenter_Silver"/>
    <CModel id="OrbitalCommand_Silver_Placement" parent="OrbitalCommandPlacementBase" low="CommandCenter_Silver"/>
    <CModel id="OrbitalCommand_Silver_Death" parent="OrbitalCommandDeathBase"/>
    <CModel id="OrbitalCommand_Silver_Fly_Death" parent="OrbitalCommandFlyDeathBase"/>
    <CModel id="PlanetaryFortress_Silver_Death" parent="PlanetaryFortressDeathBase"/>
    <CModel id="EngineeringBay_Silver" parent="EngineeringBayBase"/>
    <CModel id="EngineeringBay_Silver_Death" parent="EngineeringBayDeathBase"/>
    <CModel id="EngineeringBay_Silver_Placement" parent="EngineeringBayPlacementBase" low="EngineeringBay_Silver"/>
    <CModel id="Factory_Silver" parent="FactoryBase"/>
    <CModel id="Factory_Silver_Death" parent="FactoryDeathBase"/>
    <CModel id="Factory_Silver_Fly_Death" parent="FactoryFlyDeathBase"/>
    <CModel id="Factory_Silver_Placement" parent="FactoryPlacementBase" low="Factory_Silver"/>
    <CModel id="FusionCore_Silver" parent="FusionCoreBase"/>
    <CModel id="FusionCore_Silver_Death" parent="FusionCoreDeathBase"/>
    <CModel id="FusionCore_Silver_Placement" parent="FusionCorePlacementBase" low="FusionCore_Silver"/>
    <CModel id="GhostAcademy_Silver" parent="GhostAcademyBase"/>
    <CModel id="GhostAcademy_Silver_Death" parent="GhostAcademyDeathBase"/>
    <CModel id="GhostAcademy_Silver_Placement" parent="GhostAcademyPlacementBase" low="GhostAcademy_Silver"/>
    <CModel id="MissileTurret_Silver" parent="MissileTurretBase"/>
    <CModel id="MissileTurret_Silver_Death" parent="MissileTurretDeathBase"/>
    <CModel id="MissileTurret_Silver_Placement" parent="MissileTurretPlacementBase" low="MissileTurret_Silver"/>
    <CModel id="Reactor_Silver" parent="ReactorBase"/>
    <CModel id="Reactor_Silver_Death" parent="ReactorDeathBase"/>
    <CModel id="Reactor_Silver_Detached_Death" parent="ReactorDetachedDeathBase"/>
    <CModel id="Reactor_Silver_Placement" parent="ReactorPlacementBase" low="Reactor_Silver"/>
    <CModel id="Refinery_Silver" parent="RefineryBase"/>
    <CModel id="Refinery_Silver_Death" parent="RefineryDeathBase"/>
    <CModel id="Refinery_Silver_Empty_Death" parent="RefineryEmptyDeathBase"/>
    <CModel id="Refinery_Silver_Placement" parent="RefineryPlacementBase" low="Refinery_Silver"/>
    <CModel id="Refinery_Silver_HighYield" parent="RefineryBase"/>
    <CModel id="Refinery_Silver_HighYield_Death" parent="RefineryDeathBase"/>
    <CModel id="SensorTower_Silver" parent="SensorTowerBase"/>
    <CModel id="SensorTower_Silver_Death" parent="SensorTowerDeathBase"/>
    <CModel id="SensorTower_Silver_Placement" parent="SensorTowerPlacementBase" low="SensorTower_Silver"/>
    <CModel id="Starport_Silver" parent="StarportBase"/>
    <CModel id="Starport_Silver_Death" parent="StarportDeathBase"/>
    <CModel id="Starport_Silver_Fly_Death" parent="StarportFlyDeathBase"/>
    <CModel id="Starport_Silver_Placement" parent="StarportPlacementBase" low="Starport_Silver"/>
    <CModel id="SupplyDepot_Silver" parent="SupplyDepotBase"/>
    <CModel id="SupplyDepot_Silver_Death" parent="SupplyDepotDeathBase"/>
    <CModel id="SupplyDepot_Silver_Attachment" parent="SupplyDepotAttachmentBase"/>
    <CModel id="SupplyDepot_Silver_Attachment_Death" parent="SupplyDepotAttachmentDeathBase"/>
    <CModel id="SupplyDepot_Silver_Attachment_Lowered_Death" parent="SupplyDepotAttachmentLoweredDeathBase"/>
    <CModel id="SupplyDepot_Silver_Lowered_Death" parent="SupplyDepotLoweredDeathBase"/>
    <CModel id="SupplyDepot_Silver_Placement" parent="SupplyDepotPlacementBase" low="SupplyDepot_Silver"/>
    <CModel id="TechLab_Silver" parent="TechLabBase"/>
    <CModel id="TechLab_Silver_Death" parent="TechLabDeathBase"/>
    <CModel id="TechLab_Silver_Detached_Death" parent="TechLabDetachedDeathBase"/>
    <CModel id="TechLab_Silver_Placement" parent="TechLabPlacementBase" low="TechLab_Silver"/>
    <CModel id="Refinery_Silver_Build" parent="RefineryBuildBase"/>
    <CModel id="CommandCenter_Silver_Build" parent="CommandCenterBuildBase" name="TerranBuilding_Silver_Build"/>
    <CModel id="SupplyDepot_Silver_Build" parent="SupplyDepotBuildBase" name="TerranBuilding_Silver_Build"/>
    <CModel id="Bunker_Silver_Build" parent="BunkerBuildBase" name="TerranBuilding_Silver_Build"/>
    <CModel id="EngineeringBay_Silver_Build" parent="EngineeringBayBuildBase" name="TerranBuilding_Silver_Build"/>
    <CModel id="GhostAcademy_Silver_Build" parent="GhostAcademyBuildBase" name="TerranBuilding_Silver_Build"/>
    <CModel id="Barracks_Silver_Build" parent="BarracksBuildBase" name="TerranBuilding_Silver_Build"/>
    <CModel id="Factory_Silver_Build" parent="FactoryBuildBase" name="TerranBuilding_Silver_Build"/>
    <CModel id="Armory_Silver_Build" parent="ArmoryBuildBase" name="TerranBuilding_Silver_Build"/>
    <CModel id="Starport_Silver_Build" parent="StarportBuildBase" name="TerranBuilding_Silver_Build"/>
    <CModel id="FusionCore_Silver_Build" parent="FusionCoreBuildBase" name="TerranBuilding_Silver_Build"/>
    <CModel id="SensorTower_Silver_Build" parent="SensorTowerBuildBase" name="TerranBuilding_Silver_Small_Build"/>
    <CModel id="MissileTurret_Silver_Build" parent="MissileTurretBuildBase" name="TerranBuilding_Silver_Small_Build"/>
    <CModel id="TechLab_Silver_Build" parent="TechLabBuildBase" name="TerranBuilding_Silver_Small_Build"/>
    <CModel id="Reactor_Silver_Build" parent="ReactorBuildBase" name="TerranBuilding_Silver_Small_Build"/>
    <CModel id="TerranBuilding_Silver_Portrait" parent="TerranBuildingPortraitBase"/>
    <CModel id="CommandCenter_Silver_Portrait" parent="TerranBuilding_Silver_Portrait"/>
    <CModel id="Refinery_Silver_Portrait" parent="TerranBuilding_Silver_Portrait"/>
    <CModel id="SupplyDepot_Silver_Portrait" parent="TerranBuilding_Silver_Portrait"/>
    <CModel id="Bunker_Silver_Portrait" parent="TerranBuilding_Silver_Portrait"/>
    <CModel id="EngineeringBay_Silver_Portrait" parent="TerranBuilding_Silver_Portrait"/>
    <CModel id="GhostAcademy_Silver_Portrait" parent="TerranBuilding_Silver_Portrait"/>
    <CModel id="Barracks_Silver_Portrait" parent="TerranBuilding_Silver_Portrait"/>
    <CModel id="Factory_Silver_Portrait" parent="TerranBuilding_Silver_Portrait"/>
    <CModel id="Armory_Silver_Portrait" parent="TerranBuilding_Silver_Portrait"/>
    <CModel id="Starport_Silver_Portrait" parent="TerranBuilding_Silver_Portrait"/>
    <CModel id="FusionCore_Silver_Portrait" parent="TerranBuilding_Silver_Portrait"/>
    <CModel id="SensorTower_Silver_Portrait" parent="TerranBuilding_Silver_Portrait"/>
    <CModel id="MissileTurret_Silver_Portrait" parent="TerranBuilding_Silver_Portrait"/>
    <CModel id="TechLab_Silver_Portrait" parent="TerranBuilding_Silver_Portrait"/>
    <CModel id="Reactor_Silver_Portrait" parent="TerranBuilding_Silver_Portrait"/>
    <CModel id="Assimilator_Ihanrii" parent="AssimilatorBase"/>
    <CModel id="Assimilator_Ihanrii_Death" parent="AssimilatorDeathBase"/>
    <CModel id="Assimilator_Ihanrii_Empty_Death" parent="AssimilatorEmptyDeathBase"/>
    <CModel id="Assimilator_Ihanrii_Placement" parent="AssimilatorPlacementBase" low="Assimilator_Ihanrii"/>
    <CModel id="Assimilator_Ihanrii_WarpIn" parent="AssimilatorWarpInBase"/>
    <CModel id="Assimilator_Ihanrii_HighYield" parent="AssimilatorBase"/>
    <CModel id="Assimilator_Ihanrii_HighYield_WarpIn" parent="AssimilatorWarpInBase"/>
    <CModel id="CyberneticsCore_Ihanrii" parent="CyberneticsCoreBase"/>
    <CModel id="CyberneticsCore_Ihanrii_Death" parent="CyberneticsCoreDeathBase"/>
    <CModel id="CyberneticsCore_Ihanrii_Placement" parent="CyberneticsCorePlacementBase" low="CyberneticsCore_Ihanrii"/>
    <CModel id="CyberneticsCore_Ihanrii_WarpIn" parent="CyberneticsCoreWarpInBase"/>
    <CModel id="DarkShrine_Ihanrii" parent="DarkShrineBase"/>
    <CModel id="DarkShrine_Ihanrii_Death" parent="DarkShrineDeathBase"/>
    <CModel id="DarkShrine_Ihanrii_Placement" parent="DarkShrinePlacementBase" low="DarkShrine_Ihanrii"/>
    <CModel id="DarkShrine_Ihanrii_WarpIn" parent="DarkShrineWarpInBase"/>
    <CModel id="FleetBeacon_Ihanrii" parent="FleetBeaconBase"/>
    <CModel id="FleetBeacon_Ihanrii_Death" parent="FleetBeaconDeathBase"/>
    <CModel id="FleetBeacon_Ihanrii_Unpowered_Death" parent="FleetBeaconUnpoweredDeathBase"/>
    <CModel id="FleetBeacon_Ihanrii_Placement" parent="FleetBeaconPlacementBase" low="FleetBeacon_Ihanrii"/>
    <CModel id="FleetBeacon_Ihanrii_WarpIn" parent="FleetBeaconWarpInBase"/>
    <CModel id="Forge_Ihanrii" parent="ForgeBase"/>
    <CModel id="Forge_Ihanrii_Death" parent="ForgeDeathBase"/>
    <CModel id="Forge_Ihanrii_Placement" parent="ForgePlacementBase" low="Forge_Ihanrii"/>
    <CModel id="Forge_Ihanrii_WarpIn" parent="ForgeWarpInBase"/>
    <CModel id="Gateway_Ihanrii" parent="GatewayBase"/>
    <CModel id="Gateway_Ihanrii_Death" parent="GatewayDeathBase"/>
    <CModel id="Gateway_Ihanrii_Placement" parent="GatewayPlacementBase" low="Gateway_Ihanrii"/>
    <CModel id="Gateway_Ihanrii_WarpIn" parent="GatewayWarpInBase"/>
    <CModel id="Gateway_Ihanrii_WarpGate_Death" parent="WarpGateDeathBase"/>
    <CModel id="Nexus_Ihanrii" parent="NexusBase"/>
    <CModel id="Nexus_Ihanrii_Death" parent="NexusDeathBase"/>
    <CModel id="Nexus_Ihanrii_Placement" parent="NexusPlacementBase" low="Nexus_Ihanrii"/>
    <CModel id="Nexus_Ihanrii_WarpIn" parent="NexusWarpInBase"/>
    <CModel id="PhotonCannon_Ihanrii" parent="PhotonCannonBase"/>
    <CModel id="PhotonCannon_Ihanrii_Death" parent="PhotonCannonDeathBase"/>
    <CModel id="PhotonCannon_Ihanrii_Unpowered_Death" parent="PhotonCannonUnpoweredDeathBase"/>
    <CModel id="PhotonCannon_Ihanrii_Placement" parent="PhotonCannonPlacementBase" low="PhotonCannon_Ihanrii"/>
    <CModel id="PhotonCannon_Ihanrii_WarpIn" parent="PhotonCannonWarpInBase"/>
    <CModel id="ShieldBattery_Ihanrii" parent="ShieldBatteryBase"/>
    <CModel id="ShieldBattery_Ihanrii_Death" parent="ShieldBatteryDeathBase"/>
    <CModel id="ShieldBattery_Ihanrii_Placement" parent="ShieldBatteryPlacementBase" low="ShieldBattery_Ihanrii"/>
    <CModel id="ShieldBattery_Ihanrii_Placement_Overcharged" parent="ShieldBatteryPlacementBase" low="ShieldBattery_Ihanrii_Placement_Overcharged"/>
    <CModel id="ShieldBattery_Ihanrii_WarpIn" parent="ShieldBatteryWarpInBase"/>
    <CModel id="Pylon_Ihanrii" parent="PylonBase"/>
    <CModel id="Pylon_Ihanrii_Death" parent="PylonDeathBase"/>
    <CModel id="Pylon_Ihanrii_Placement" parent="PylonPlacementBase" low="Pylon_Ihanrii"/>
    <CModel id="Pylon_Ihanrii_WarpIn" parent="PylonWarpInBase"/>
    <CModel id="RoboticsFacility_Ihanrii" parent="RoboticsFacilityBase"/>
    <CModel id="RoboticsFacility_Ihanrii_Death" parent="RoboticsFacilityDeathBase"/>
    <CModel id="RoboticsFacility_Ihanrii_Unpowered_Death" parent="RoboticsFacilityUnpoweredDeathBase"/>
    <CModel id="RoboticsFacility_Ihanrii_Placement" parent="RoboticsFacilityPlacementBase" low="RoboticsFacility_Ihanrii"/>
    <CModel id="RoboticsFacility_Ihanrii_WarpIn" parent="RoboticsFacilityWarpInBase"/>
    <CModel id="RoboticsBay_Ihanrii" parent="RoboticsBayBase"/>
    <CModel id="TemplarArchive_Ihanrii" parent="TemplarArchiveBase"/>
    <CModel id="TemplarArchive_Ihanrii_Death" parent="TemplarArchiveDeathBase"/>
    <CModel id="TemplarArchive_Ihanrii_Placement" parent="TemplarArchivePlacementBase" low="TemplarArchive_Ihanrii"/>
    <CModel id="TemplarArchive_Ihanrii_WarpIn" parent="TemplarArchiveWarpInBase"/>
    <CModel id="RoboticsBay_Ihanrii_Death" parent="RoboticsBayDeathBase"/>
    <CModel id="RoboticsBay_Ihanrii_Unpowered_Death" parent="RoboticsBayUnpoweredDeathBase"/>
    <CModel id="RoboticsBay_Ihanrii_Placement" parent="RoboticsBayPlacementBase" low="RoboticsBay_Ihanrii"/>
    <CModel id="RoboticsBay_Ihanrii_WarpIn" parent="RoboticsBayWarpInBase"/>
    <CModel id="Stargate_Ihanrii" parent="StargateBase"/>
    <CModel id="Stargate_Ihanrii_Death" parent="StargateDeathBase"/>
    <CModel id="Stargate_Ihanrii_Unpowered_Death" parent="StargateUnpoweredDeathBase"/>
    <CModel id="Stargate_Ihanrii_Placement" parent="StargatePlacementBase" low="Stargate_Ihanrii"/>
    <CModel id="Stargate_Ihanrii_WarpIn" parent="StargateWarpInBase"/>
    <CModel id="TwilightCouncil_Ihanrii" parent="TwilightCouncilBase"/>
    <CModel id="TwilightCouncil_Ihanrii_Death" parent="TwilightCouncilDeathBase"/>
    <CModel id="TwilightCouncil_Ihanrii_Placement" parent="TwilightCouncilPlacementBase" low="TwilightCouncil_Ihanrii"/>
    <CModel id="TwilightCouncil_Ihanrii_WarpIn" parent="TwilightCouncilWarpInBase"/>
    <CModel id="ProtossBuilding_Ihanrii_Portrait" parent="ProtossBuildingPortraitBase"/>
    <CModel id="Assimilator_Ihanrii_Portrait" parent="ProtossBuilding_Ihanrii_Portrait"/>
    <CModel id="CyberneticsCore_Ihanrii_Portrait" parent="ProtossBuilding_Ihanrii_Portrait"/>
    <CModel id="DarkShrine_Ihanrii_Portrait" parent="ProtossBuilding_Ihanrii_Portrait"/>
    <CModel id="FleetBeacon_Ihanrii_Portrait" parent="ProtossBuilding_Ihanrii_Portrait"/>
    <CModel id="Forge_Ihanrii_Portrait" parent="ProtossBuilding_Ihanrii_Portrait"/>
    <CModel id="Gateway_Ihanrii_Portrait" parent="ProtossBuilding_Ihanrii_Portrait"/>
    <CModel id="Nexus_Ihanrii_Portrait" parent="ProtossBuilding_Ihanrii_Portrait"/>
    <CModel id="PhotonCannon_Ihanrii_Portrait" parent="ProtossBuilding_Ihanrii_Portrait"/>
    <CModel id="Pylon_Ihanrii_Portrait" parent="ProtossBuilding_Ihanrii_Portrait"/>
    <CModel id="RoboticsBay_Ihanrii_Portrait" parent="ProtossBuilding_Ihanrii_Portrait"/>
    <CModel id="RoboticsFacility_Ihanrii_Portrait" parent="ProtossBuilding_Ihanrii_Portrait"/>
    <CModel id="ShieldBattery_Ihanrii_Portrait" parent="ProtossBuilding_Ihanrii_Portrait"/>
    <CModel id="Stargate_Ihanrii_Portrait" parent="ProtossBuilding_Ihanrii_Portrait"/>
    <CModel id="TemplarArchive_Ihanrii_Portrait" parent="ProtossBuilding_Ihanrii_Portrait"/>
    <CModel id="TwilightCouncil_Ihanrii_Portrait" parent="ProtossBuilding_Ihanrii_Portrait"/>
    <CModel id="CommandCenter_Remastered" parent="CommandCenterBase"/>
    <CModel id="CommandCenter_Remastered_Death" parent="CommandCenterDeathBase"/>
    <CModel id="CommandCenter_Remastered_Fly_Death" parent="CommandCenterFlyDeathBase"/>
    <CModel id="CommandCenter_Remastered_Morph_Death" parent="CommandCenterMorphDeathBase">
        <Model value="Assets\Units\Test\InvisibleUnit\InvisibleUnit.m3"/>
    </CModel>
    <CModel id="CommandCenter_Remastered_Placement" parent="CommandCenterPlacementBase" low="CommandCenter_Remastered"/>
    <CModel id="OrbitalCommand_Remastered_Placement" parent="OrbitalCommandPlacementBase" low="CommandCenter_Remastered"/>
    <CModel id="OrbitalCommand_Remastered_Death" parent="OrbitalCommandDeathBase"/>
    <CModel id="OrbitalCommand_Remastered_Fly_Death" parent="OrbitalCommandFlyDeathBase"/>
    <CModel id="PlanetaryFortress_Remastered_Death" parent="PlanetaryFortressDeathBase"/>
    <CModel id="CommandCenter_Remastered_Build" parent="CommandCenterBuildBase" name="TerranBuilding_Remastered_Build"/>
    <CModel id="TerranBuilding_Remastered_Portrait" parent="TerranBuildingPortraitBase">
        <Flags index="ForcePortraitModel" value="1"/>
    </CModel>
    <CModel id="CommandCenter_Remastered_Portrait" parent="TerranBuilding_Remastered_Portrait"/>
    <CModel id="Nexus_Remastered" parent="NexusBase"/>
    <CModel id="Nexus_Remastered_Build" parent="NexusBuildBase"/>
    <CModel id="Nexus_Remastered_Death" parent="NexusDeathBase"/>
    <CModel id="Nexus_Remastered_Placement" parent="NexusPlacementBase" low="Nexus_Remastered"/>
    <CModel id="Nexus_Remastered_WarpIn" parent="NexusWarpInBase"/>
    <CModel id="ProtossBuilding_Remastered_Portrait" parent="ProtossBuildingPortraitBase">
        <Flags index="ForcePortraitModel" value="1"/>
    </CModel>
    <CModel id="Nexus_Remastered_Portrait" parent="ProtossBuilding_Remastered_Portrait"/>
    <CModel id="Hatchery_Remastered" parent="HatcheryBase"/>
    <CModel id="Hatchery_Remastered_Death" parent="HatcheryDeathBase" low="ZergBuilding_Remastered_Large_Death_Low"/>
    <CModel id="Hatchery_Remastered_Placement" parent="HatcheryPlacementBase" low="Hatchery_Remastered"/>
    <CModel id="Hatchery_Remastered_Lair_Death" parent="LairDeathBase" low="ZergBuilding_Remastered_Large_Death_Low"/>
    <CModel id="Hatchery_Remastered_Hive_Death" parent="HiveDeathBase" low="ZergBuilding_Remastered_Large_Death_Low"/>
    <CModel id="Hatchery_Remastered_Build" parent="HatcheryBuildBase"/>
    <CModel id="Hatchery_Remastered_DeathUnderConstruction" parent="ZergLargeBuildingDeath"/>
    <CModel id="ZergBuilding_Remastered_Portrait" parent="ZergBuildingPortraitBase">
        <Flags index="ForcePortraitModel" value="1"/>
    </CModel>
    <CModel id="Hatchery_Remastered_Portrait" parent="ZergBuilding_Remastered_Portrait"/>
    <CModel id="Hatchery_Remastered_Lair_Portrait" parent="ZergBuilding_Remastered_Portrait"/>
    <CModel id="Hatchery_Remastered_Hive_Portrait" parent="ZergBuilding_Remastered_Portrait"/>
    <CSkin id="BanelingNestRCZ" parent="BanelingNestBase" collection="RCZ"/>
    <CSkin id="EvolutionChamberRCZ" parent="EvolutionChamberBase" collection="RCZ"/>
    <CSkin id="ExtractorRCZ" parent="ExtractorBase" collection="RCZ"/>
    <CSkin id="HatcheryRCZ" parent="HatcheryBase" collection="RCZ"/>
    <CSkin id="HydraliskDenRCZ" parent="HydraliskDenBase" collection="RCZ"/>
    <CSkin id="InfestationPitRCZ" parent="InfestationPitBase" collection="RCZ"/>
    <CSkin id="LurkerDenRCZ" parent="LurkerDenBase" collection="RCZ"/>
    <CSkin id="NydusNetworkRCZ" parent="NydusNetworkBase" collection="RCZ"/>
    <CSkin id="RoachWarrenRCZ" parent="RoachWarrenBase" collection="RCZ"/>
    <CSkin id="SpawningPoolRCZ" parent="SpawningPoolBase" collection="RCZ"/>
    <CSkin id="SpineCrawlerRCZ" parent="SpineCrawlerBase" collection="RCZ"/>
    <CSkin id="SporeCrawlerRCZ" parent="SporeCrawlerBase" collection="RCZ"/>
    <CSkin id="SpireRCZ" parent="SpireBase" collection="RCZ"/>
    <CSkin id="UltraliskCavernRCZ" parent="UltraliskCavernBase" collection="RCZ"/>
    <CSkin id="LarvaRCZ" parent="LarvaBase" collection="RCZ"/>
    <CSkin id="ArmorySilver" parent="ArmoryBase" collection="Silver"/>
    <CSkin id="BarracksSilver" parent="BarracksBase" collection="Silver"/>
    <CSkin id="BunkerSilver" parent="BunkerBase" collection="Silver"/>
    <CSkin id="CommandCenterSilver" parent="CommandCenterBase" collection="Silver"/>
    <CSkin id="EngineeringBaySilver" parent="EngineeringBayBase" collection="Silver"/>
    <CSkin id="FactorySilver" parent="FactoryBase" collection="Silver"/>
    <CSkin id="FusionCoreSilver" parent="FusionCoreBase" collection="Silver"/>
    <CSkin id="GhostAcademySilver" parent="GhostAcademyBase" collection="Silver"/>
    <CSkin id="MissileTurretSilver" parent="MissileTurretBase" collection="Silver"/>
    <CSkin id="ReactorSilver" parent="ReactorBase" collection="Silver"/>
    <CSkin id="RefinerySilver" parent="RefineryBase" collection="Silver"/>
    <CSkin id="SensorTowerSilver" parent="SensorTowerBase" collection="Silver"/>
    <CSkin id="StarportSilver" parent="StarportBase" collection="Silver"/>
    <CSkin id="SupplyDepotSilver" parent="SupplyDepotBase" collection="Silver"/>
    <CSkin id="TechLabSilver" parent="TechLabBase" collection="Silver"/>
    <CSkin id="NexusIhanrii" parent="NexusBase" collection="Ihanrii"/>
    <CSkin id="AssimilatorIhanrii" parent="AssimilatorBase" collection="Ihanrii"/>
    <CSkin id="PylonIhanrii" parent="PylonBase" collection="Ihanrii"/>
    <CSkin id="GatewayIhanrii" parent="GatewayBase" collection="Ihanrii"/>
    <CSkin id="ForgeIhanrii" parent="ForgeBase" collection="Ihanrii"/>
    <CSkin id="PhotonCannonIhanrii" parent="PhotonCannonBase" collection="Ihanrii"/>
    <CSkin id="ShieldBatteryIhanrii" parent="ShieldBatteryBase" collection="Ihanrii"/>
    <CSkin id="CyberneticsCoreIhanrii" parent="CyberneticsCoreBase" collection="Ihanrii"/>
    <CSkin id="RoboticsFacilityIhanrii" parent="RoboticsFacilityBase" collection="Ihanrii"/>
    <CSkin id="RoboticsBayIhanrii" parent="RoboticsBayBase" collection="Ihanrii"/>
    <CSkin id="TwilightCouncilIhanrii" parent="TwilightCouncilBase" collection="Ihanrii"/>
    <CSkin id="StargateIhanrii" parent="StargateBase" collection="Ihanrii"/>
    <CSkin id="TemplarArchiveIhanrii" parent="TemplarArchiveBase" collection="Ihanrii"/>
    <CSkin id="DarkShrineIhanrii" parent="DarkShrineBase" collection="Ihanrii"/>
    <CSkin id="FleetBeaconIhanrii" parent="FleetBeaconBase" collection="Ihanrii"/>
    <CSkin id="CommandCenterRemastered" parent="CommandCenterBase" collection="Remastered"/>
    <CSkin id="NexusRemastered" parent="NexusBase" collection="Remastered"/>
    <CSkin id="HatcheryRemastered" parent="HatcheryBase" collection="Remastered"/>
    <CSkinPack default="1" id="C6Release" parent="CollectionSkinBase">
        <ReleaseDate value="6/4/2020"/>
    </CSkinPack>
    <CSkinPack id="LurkerDenRCZ" parent="C6Release" collection="RCZ" unit="LurkerDen">
        <ProductId value="73831"/>
        <EntryArray index="0" Unit="LurkerDenMP" Reward="SkinLurkerDenRCZ"/>
    </CSkinPack>
    <CSkinPack id="BanelingNestRCZ" parent="C6Release" collection="RCZ" unit="BanelingNest">
        <ProductId value="73810"/>
    </CSkinPack>
    <CSkinPack id="EvolutionChamberRCZ" parent="C6Release" collection="RCZ" unit="EvolutionChamber">
        <ProductId value="73808"/>
    </CSkinPack>
    <CSkinPack id="ExtractorRCZ" parent="C6Release" collection="RCZ" unit="Extractor">
        <ProductId value="73822"/>
    </CSkinPack>
    <CSkinPack id="HatcheryRCZ" parent="C6Release" collection="RCZ" unit="Hatchery">
        <ProductId value="73806"/>
    </CSkinPack>
    <CSkinPack id="HydraliskDenRCZ" parent="C6Release" collection="RCZ" unit="HydraliskDen">
        <ProductId value="73826"/>
    </CSkinPack>
    <CSkinPack id="InfestationPitRCZ" parent="C6Release" collection="RCZ" unit="InfestationPit">
        <ProductId value="73833"/>
    </CSkinPack>
    <CSkinPack id="NydusNetworkRCZ" parent="C6Release" collection="RCZ" unit="NydusNetwork">
        <ProductId value="73832"/>
    </CSkinPack>
    <CSkinPack id="RoachWarrenRCZ" parent="C6Release" collection="RCZ" unit="RoachWarren">
        <ProductId value="73825"/>
    </CSkinPack>
    <CSkinPack id="SpawningPoolRCZ" parent="C6Release" collection="RCZ" unit="SpawningPool">
        <ProductId value="73807"/>
    </CSkinPack>
    <CSkinPack id="SpineCrawlerRCZ" parent="C6Release" collection="RCZ" unit="SpineCrawler">
        <ProductId value="73809"/>
    </CSkinPack>
    <CSkinPack id="SporeCrawlerRCZ" parent="C6Release" collection="RCZ" unit="SporeCrawler">
        <ProductId value="73824"/>
    </CSkinPack>
    <CSkinPack id="SpireRCZ" parent="C6Release" collection="RCZ" unit="Spire">
        <ProductId value="73827"/>
    </CSkinPack>
    <CSkinPack id="UltraliskCavernRCZ" parent="C6Release" collection="RCZ" unit="UltraliskCavern">
        <ProductId value="73828"/>
    </CSkinPack>
    <CSkinPack id="LarvaRCZ" parent="C6Release" collection="RCZ" unit="Larva">
        <ProductId value="73823"/>
    </CSkinPack>
    <CSkinPack id="CommandCenterSilver" parent="C6Release" collection="Silver" unit="CommandCenter">
        <ProductId value="73811"/>
    </CSkinPack>
    <CSkinPack id="RefinerySilver" parent="C6Release" collection="Silver" unit="Refinery">
        <ProductId value="73796"/>
    </CSkinPack>
    <CSkinPack id="SupplyDepotSilver" parent="C6Release" collection="Silver" unit="SupplyDepot">
        <ProductId value="73812"/>
    </CSkinPack>
    <CSkinPack id="BarracksSilver" parent="C6Release" collection="Silver" unit="Barracks">
        <ProductId value="73813"/>
    </CSkinPack>
    <CSkinPack id="EngineeringBaySilver" parent="C6Release" collection="Silver" unit="EngineeringBay">
        <ProductId value="73797"/>
    </CSkinPack>
    <CSkinPack id="BunkerSilver" parent="C6Release" collection="Silver" unit="Bunker">
        <ProductId value="73798"/>
    </CSkinPack>
    <CSkinPack id="MissileTurretSilver" parent="C6Release" collection="Silver" unit="MissileTurret">
        <ProductId value="73814"/>
    </CSkinPack>
    <CSkinPack id="ReactorSilver" parent="C6Release" collection="Silver" unit="Reactor">
        <ProductId value="73799"/>
    </CSkinPack>
    <CSkinPack id="FactorySilver" parent="C6Release" collection="Silver" unit="Factory">
        <ProductId value="73800"/>
    </CSkinPack>
    <CSkinPack id="ArmorySilver" parent="C6Release" collection="Silver" unit="Armory">
        <ProductId value="73815"/>
    </CSkinPack>
    <CSkinPack id="TechLabSilver" parent="C6Release" collection="Silver" unit="TechLab">
        <ProductId value="73801"/>
    </CSkinPack>
    <CSkinPack id="StarportSilver" parent="C6Release" collection="Silver" unit="Starport">
        <ProductId value="73802"/>
    </CSkinPack>
    <CSkinPack id="SensorTowerSilver" parent="C6Release" collection="Silver" unit="SensorTower">
        <ProductId value="73816"/>
    </CSkinPack>
    <CSkinPack id="GhostAcademySilver" parent="C6Release" collection="Silver" unit="GhostAcademy">
        <ProductId value="73817"/>
    </CSkinPack>
    <CSkinPack id="FusionCoreSilver" parent="C6Release" collection="Silver" unit="FusionCore">
        <ProductId value="73818"/>
    </CSkinPack>
    <CSkinPack id="NexusIhanrii" parent="C6Release" collection="Ihanrii" unit="Nexus">
        <ProductId value="73834"/>
    </CSkinPack>
    <CSkinPack id="AssimilatorIhanrii" parent="C6Release" collection="Ihanrii" unit="Assimilator">
        <ProductId value="73835"/>
    </CSkinPack>
    <CSkinPack id="PylonIhanrii" parent="C6Release" collection="Ihanrii" unit="Pylon">
        <ProductId value="73836"/>
    </CSkinPack>
    <CSkinPack id="GatewayIhanrii" parent="C6Release" collection="Ihanrii" unit="Gateway">
        <ProductId value="73837"/>
    </CSkinPack>
    <CSkinPack id="ForgeIhanrii" parent="C6Release" collection="Ihanrii" unit="Forge">
        <ProductId value="73829"/>
    </CSkinPack>
    <CSkinPack id="PhotonCannonIhanrii" parent="C6Release" collection="Ihanrii" unit="PhotonCannon">
        <ProductId value="73830"/>
    </CSkinPack>
    <CSkinPack id="ShieldBatteryIhanrii" parent="C6Release" collection="Ihanrii" unit="ShieldBattery">
        <ProductId value="73851"/>
    </CSkinPack>
    <CSkinPack id="CyberneticsCoreIhanrii" parent="C6Release" collection="Ihanrii" unit="CyberneticsCore">
        <ProductId value="73852"/>
    </CSkinPack>
    <CSkinPack id="RoboticsFacilityIhanrii" parent="C6Release" collection="Ihanrii" unit="RoboticsFacility">
        <ProductId value="73854"/>
    </CSkinPack>
    <CSkinPack id="RoboticsBayIhanrii" parent="C6Release" collection="Ihanrii" unit="RoboticsBay">
        <ProductId value="73853"/>
    </CSkinPack>
    <CSkinPack id="TwilightCouncilIhanrii" parent="C6Release" collection="Ihanrii" unit="TwilightCouncil">
        <ProductId value="73855"/>
    </CSkinPack>
    <CSkinPack id="StargateIhanrii" parent="C6Release" collection="Ihanrii" unit="Stargate">
        <ProductId value="73838"/>
    </CSkinPack>
    <CSkinPack id="TemplarArchiveIhanrii" parent="C6Release" collection="Ihanrii" unit="TemplarArchive">
        <ProductId value="73840"/>
    </CSkinPack>
    <CSkinPack id="DarkShrineIhanrii" parent="C6Release" collection="Ihanrii" unit="DarkShrine">
        <ProductId value="73839"/>
    </CSkinPack>
    <CSkinPack id="FleetBeaconIhanrii" parent="C6Release" collection="Ihanrii" unit="FleetBeacon">
        <ProductId value="73841"/>
    </CSkinPack>
    <CSkinPack id="HatcheryRemastered" parent="C6Release" collection="Remastered" unit="Hatchery">
        <ProductId value="73844"/>
    </CSkinPack>
    <CSkinPack id="CommandCenterRemastered" parent="C6Release" collection="Remastered" unit="CommandCenter">
        <ProductId value="73842"/>
    </CSkinPack>
    <CSkinPack id="NexusRemastered" parent="C6Release" collection="Remastered" unit="Nexus">
        <ProductId value="73843"/>
    </CSkinPack>
    <CBundle id="WarChestSeason6TerranSkinsBundle">
        <ProductId value="128653"/>
        <Flags index="ShowDynamicProductContent" value="1"/>
        <Flags index="IsFeatured" value="1"/>
        <TileTexture value="Assets\Textures\sc2_ui_collection_featured_tileitem_small_tyradorbuildingskins.dds"/>
        <ReleaseDate Month="10" Year="2020"/>
    </CBundle>
    <CBundle id="WarChestSeason6ZergSkinsBundle">
        <ProductId value="128654"/>
        <Flags index="ShowDynamicProductContent" value="1"/>
        <Flags index="IsFeatured" value="1"/>
        <TileTexture value="Assets\Textures\sc2_ui_collection_featured_tileitem_small_cerberusbuildingskins.dds"/>
        <ReleaseDate Month="10" Year="2020"/>
    </CBundle>
    <CBundle id="WarChestSeason6ProtossSkinsBundle">
        <ProductId value="128655"/>
        <Flags index="ShowDynamicProductContent" value="1"/>
        <Flags index="IsFeatured" value="1"/>
        <TileTexture value="Assets\Textures\sc2_ui_collection_featured_tileitem_small_ihanriibuildingskins.dds"/>
        <ReleaseDate Month="10" Year="2020"/>
    </CBundle>
</Catalog>
