<?xml version="1.0" encoding="us-ascii"?>
<Catalog>
    <CWarChestSeason id="WARCHEST_SEASON_1">
        <ESportsShowPlayers value="1"/>
        <PurchaseImage value="Assets/Textures/SC2_UI_Collection_WarChest_PurchaseDialog_ExclusivesBadge.dds"/>
    </CWarChestSeason>
    <CWarChestSeason id="WARCHEST_SEASON_2">
        <PurchaseImage value="Assets/Textures/SC2_UI_Collection_WarChest_PurchaseDialog_ExclusivesBadge.dds"/>
    </CWarChestSeason>
    <CWarChestSeason id="WARCHEST_SEASON_3">
        <ESportsShowPlayers value="1"/>
        <PurchaseImage value="Assets/Textures/SC2_UI_Collection_WarChest_PurchaseDialog_ExclusivesBadge.dds"/>
    </CWarChestSeason>
    <CWarChestSeason id="WARCHEST_SEASON_4">
        <PurchaseImage value="Assets/Textures/SC2_UI_Collection_WarChest_PurchaseDialog_ExclusivesBadge.dds"/>
    </CWarChestSeason>
    <CWarChestSeason id="WARCHEST_SEASON_5">
        <PurchaseImage value="Assets/Textures/SC2_UI_Collection_WarChest_PurchaseDialog_ExclusivesBadge.dds"/>
    </CWarChestSeason>
    <CWarChestSeason id="WARCHEST_SEASON_6">
        <PurchaseImage value="Assets/Textures/SC2_UI_Collection_WarChest_PurchaseDialog_ExclusivesBadge.dds"/>
    </CWarChestSeason>
</Catalog>
