<?xml version="1.0" encoding="us-ascii"?>
<Catalog>
    <CWater id="Agria">
        <BeachShoreline value="BelShirBeachShoreline"/>
        <CliffShoreline value="BelShirCliffShoreline"/>
    </CWater>
    <CWater id="Avernus">
        <BeachShoreline value="BelShirBeachShoreline"/>
        <CliffShoreline value="BelShirCliffShoreline"/>
    </CWater>
    <CWater id="BelShir">
        <State index="0">
            <Name value="[Default]"/>
            <Height value="9.000000"/>
            <Color value="0.000000,0.235294,0.239216,0.337000"/>
            <ColorFallOff value="0.058000"/>
            <Specularity value="73.599998"/>
            <SpecularScaler value="0.050000"/>
            <UvRate value="-0.000031,-0.001000,0.000000,0.000000"/>
            <MeshRoughness value="1.000000"/>
            <TextureRoughness value="1.000000"/>
            <ReflectionDistortion value="0.184000"/>
            <RefractionDistortion value="0.020000"/>
            <MinReflection value="0.193000"/>
            <ReflectivityPower value="8.000000"/>
        </State>
        <Doodads>
            <Model value="BelShirWaterDoodadLilyPad"/>
            <Density value="0.030000"/>
            <MinSize value="0.800000"/>
            <MaxSize value="1.500000"/>
            <Lifetime value="4294967295"/>
        </Doodads>
        <ReceiveShadows value="1"/>
        <BeachShoreline value="BelShirBeachShoreline"/>
        <CliffShoreline value="BelShirCliffShoreline"/>
    </CWater>
    <CWater id="BraxisAlpha">
        <BeachShoreline value="BelShirBeachShoreline"/>
        <CliffShoreline value="BelShirCliffShoreline"/>
    </CWater>
    <CWater id="Char">
        <State index="0">
            <Name value="[Default]"/>
            <Height value="9.000000"/>
            <Color value="0.819608,0.294118,0.090196,0.300000"/>
            <ColorFallOff value="0.100000"/>
            <Specularity value="60.000000"/>
            <SpecularScaler value="4.000000"/>
            <UvRate value="-0.000000,-0.030000,0.000000,0.000000"/>
            <MeshRoughness value="1.000000"/>
            <TextureRoughness value="1.000000"/>
            <ReflectionDistortion value="0.020000"/>
            <RefractionDistortion value="0.002000"/>
            <MinReflection value="0.280000"/>
            <ReflectivityPower value="8.000000"/>
        </State>
        <IsLava value="1"/>
        <ReceiveShadows value="1"/>
        <BeachShoreline value="CharBeachShoreline"/>
        <CliffShoreline value="CharCliffShoreline"/>
        <Sound value="Emitter_Lava"/>
    </CWater>
    <CWater id="Haven">
        <BeachShoreline value="HavenBeachShoreline"/>
        <CliffShoreline value="BelShirCliffShoreline"/>
    </CWater>
    <CWater id="HavenCreep">
        <BeachShoreline value="HavenBeachShoreline"/>
        <CliffShoreline value="BelShirCliffShoreline"/>
        <Doodads>
            <Model value="FloatingCreepPad"/>
            <Density value="0.030000"/>
            <MinSize value="0.500000"/>
            <MaxSize value="1.000000"/>
            <Lifetime value="4294967295"/>
        </Doodads>
    </CWater>
    <CWater id="Korhal">
        <BeachShoreline value="BelShirBeachShoreline"/>
        <CliffShoreline value="BelShirCliffShoreline"/>
    </CWater>
    <CWater id="MarSara">
        <State index="0">
            <Name value="[Default]"/>
            <Height value="9.000000"/>
            <Color value="0.000000,0.000000,0.000000,0.382000"/>
            <ColorFallOff value="1.000000"/>
            <Specularity value="10.500000"/>
            <SpecularScaler value="0.050000"/>
            <UvRate value="0.000292,0.000956,0.000000,0.000000"/>
            <MeshRoughness value="0.459000"/>
            <TextureRoughness value="1.000000"/>
            <ReflectionDistortion value="0.069000"/>
            <RefractionDistortion value="0.002500"/>
            <MinReflection value="0.333000"/>
            <ReflectivityPower value="8.000000"/>
        </State>
        <BeachShoreline value="BelShirBeachShoreline"/>
        <CliffShoreline value="BelShirCliffShoreline"/>
    </CWater>
    <CWater id="Meinhoff">
        <BeachShoreline value="BelShirBeachShoreline"/>
        <CliffShoreline value="BelShirCliffShoreline"/>
    </CWater>
    <CWater id="PortZion">
        <State index="0">
            <Name value="[Default]"/>
            <Height value="9.000000"/>
            <Color value="0.670588,0.992157,0.000000,0.027000"/>
            <ColorFallOff value="0.027000"/>
            <Specularity value="1000.000000"/>
            <SpecularScaler value="0.300000"/>
            <UvRate value="-0.000000,-0.001000,0.000000,0.000000"/>
            <TextureRoughness value="0.536000"/>
            <ReflectionDistortion value="0.290000"/>
            <RefractionDistortion value="0.001300"/>
            <MinReflection value="0.000000"/>
            <ReflectivityPower value="8.000000"/>
        </State>
        <BeachShoreline value="BelShirBeachShoreline"/>
        <CliffShoreline value="BelShirCliffShoreline"/>
    </CWater>
    <CWater id="Redstone">
        <IsLava value="1"/>
        <State index="0">
            <Name value="[Default]"/>
            <Height value="9.000000"/>
            <Color value="0.819608,0.294118,0.090196,0.300000"/>
            <ColorFallOff value="0.100000"/>
            <Specularity value="100.000000"/>
            <SpecularScaler value="2.450000"/>
            <UvRate value="0.000000,-1.000000,0.000000,0.000000"/>
            <ReflectionDistortion value="0.012000"/>
            <RefractionDistortion value="0.025000"/>
            <MinReflection value="0.300000"/>
            <ReflectivityPower value="8.000000"/>
        </State>
        <BeachShoreline value="RedstoneBeachShoreline"/>
        <CliffShoreline value="RedstoneCliffShoreline"/>
        <Sound value="Emitter_Lava"/>
    </CWater>
    <CWater id="Shakuras">
        <State index="0">
            <Name value="[Default]"/>
            <Height value="9.000000"/>
            <Color value="0.000000,0.400000,0.349020,0.160000"/>
            <ColorFallOff value="0.050000"/>
            <Specularity value="200.000000"/>
            <SpecularScaler value="1.200000"/>
            <UvRate value="0.000000,-0.001000,0.000000,0.000000"/>
            <MeshRoughness value="1.000000"/>
            <TextureRoughness value="1.000000"/>
            <ReflectionDistortion value="0.020000"/>
            <RefractionDistortion value="0.001000"/>
            <MinReflection value="0.280000"/>
            <ReflectivityPower value="8.000000"/>
        </State>
        <ReceiveShadows value="1"/>
        <BeachShoreline value="BelShirBeachShoreline"/>
        <CliffShoreline value="BelShirCliffShoreline"/>
    </CWater>
    <CWater id="Tarsonis">
        <BeachShoreline value="BelShirBeachShoreline"/>
        <CliffShoreline value="BelShirCliffShoreline"/>
    </CWater>
    <CWater id="Xil">
        <BeachShoreline value="BelShirBeachShoreline"/>
        <CliffShoreline value="BelShirCliffShoreline"/>
    </CWater>
    <CWater id="ZhakulDas">
        <!--        <IsLava value="1"/>
        <LavaModel value="LavaSilver"/> -->
        <State index="0">
            <Name value="[Default]"/>
            <Height value="9.000000"/>
            <Color value="0.000000,0.000000,0.000000,0.382000"/>
            <ColorFallOff value="1.000000"/>
            <Specularity value="10.500000"/>
            <SpecularScaler value="0.050000"/>
            <UvRate value="0.000292,0.000956,0.000000,0.000000"/>
            <MeshRoughness value="0.459000"/>
            <TextureRoughness value="1.000000"/>
            <ReflectionDistortion value="0.069000"/>
            <RefractionDistortion value="0.002500"/>
            <MinReflection value="0.333000"/>
            <ReflectivityPower value="8.000000"/>
        </State>
        <BeachShoreline value="BelShirBeachShoreline"/>
        <CliffShoreline value="BelShirCliffShoreline"/>
    </CWater>
</Catalog>
