<?xml version="1.0" encoding="us-ascii"?>
<Catalog>
    <!--                                                                                         -->
    <!--                                                                                         -->
    <!-- Added For Wizards ~~~~~~~~~~~~~~~~~~~~~~~~~~~~~~~~~~~~~~~~~~~~~~~~~~~~~~~~~~~~~~~~~~~~~ -->
    <!--                                                                                         -->
    <!--                                                                                         -->
    <CWeaponLegacy default="1" id="WizWeapon">
        <TargetFilters value="Visible;Missile,Stasis,Dead,Hidden,Invulnerable"/>
        <Icon value="Assets\Textures\btn-upgrade-terran-infantryweaponslevel0.dds"/>
        <DisplayEffect value="##id##Damage"/>
        <Effect value="##id##Damage"/>
    </CWeaponLegacy>
    <CWeaponLegacy id="RenegadeLongboltMissile">
        <EditorCategories value="Race:Terran"/>
        <Icon value="Assets\Textures\btn-upgrade-terran-hisecautotracking.dds"/>
        <DisplayEffect value="RenegadeLongboltMissileU"/>
        <DisplayAttackCount value="2"/>
        <TargetFilters value="Air,Visible;Missile,Stasis,Dead,Hidden,Invulnerable"/>
        <Range value="7"/>
        <RangeSlop value="0"/>
        <Period value="0.8608"/>
        <Effect value="RenegadeLongboltMissileCP"/>
    </CWeaponLegacy>
    <!--                                                                                         -->
    <!--                                                                                         -->
    <!-- Defaults ~~~~~~~~~~~~~~~~~~~~~~~~~~~~~~~~~~~~~~~~~~~~~~~~~~~~~~~~~~~~~~~~~~~~~~~~~~~~~~ -->
    <!--                                                                                         -->
    <!--                                                                                         -->
    <CWeaponLegacy id="VolatileBurstDummy">
        <EditorCategories value="Race:Zerg"/>
        <Options index="Melee" value="1"/>
        <Icon value="Assets\Textures\btn-ability-zerg-banelingspooge.dds"/>
        <DisplayEffect value="VolatileBurstU"/>
        <TargetFilters value="Ground,Visible;Structure,Missile,Stasis,Dead,Hidden,Invulnerable"/>
        <Range value="0.25"/>
        <Cost>
            <Cooldown Link="Weapon/VolatileBurst"/>
        </Cost>
        <Period value="0.833"/>
        <DamagePoint value="0"/>
        <LegacyOptions index="NoDeceleration" value="1"/>
        <AllowedMovement value="Moving"/>
        <Effect value=""/>
    </CWeaponLegacy>
    <CWeaponLegacy id="HydraliskMelee">
        <EditorCategories value="Race:Zerg"/>
        <Options index="Hidden" value="1"/>
        <Options index="Melee" value="1"/>
        <Icon value="Assets\Textures\btn-upgrade-zerg-meleeattacks-level0.dds"/>
        <TargetFilters value="Ground,Visible;Missile,Stasis,Dead,Hidden,Invulnerable"/>
        <Range value="0.5"/>
        <Marker Link="Weapon/NeedleSpines"/>
        <Cost>
            <Cooldown Link="Weapon/NeedleSpines"/>
        </Cost>
        <Period value="0.83"/>
        <DamagePoint value="0.3"/>
    </CWeaponLegacy>
    <CWeaponLegacy id="InfestedGuassRifle">
        <EditorCategories value="Race:Terran"/>
        <Icon value="Assets\Textures\btn-upgrade-zerg-missileattacks-level0.dds"/>
        <TargetFilters value="Visible;Missile,Stasis,Dead,Hidden,Invulnerable"/>
        <Period value="0.8608"/>
        <DamagePoint value="0.25"/>
        <Backswing value="0.75"/>
    </CWeaponLegacy>
    <CWeaponLegacy id="PointDefenseLaser">
        <EditorCategories value="Race:Terran"/>
        <Icon value="Assets\Textures\btn-upgrade-terran-shipweaponslevel0.dds"/>
        <TargetFilters value="Missile,Visible;Self,Player,Ally,Neutral,Stasis,Dead,Hidden,Invulnerable"/>
        <AcquireFilters value="Missile,Visible;Self,Player,Ally,Neutral,Stasis,Dead,Hidden,Invulnerable"/>
        <Period value="0"/>
        <DamagePoint value="0"/>
        <Backswing value="0"/>
        <RandomDelayMin value="0"/>
        <RandomDelayMax value="0"/>
        <Effect value="PointDefenseLaserInitialSet"/>
        <Options index="Hidden" value="1"/>
        <Options index="ContinuousScan" value="1"/>
        <Range value="8"/>
        <Marker>
            <MatchFlags index="Link" value="1"/>
        </Marker>
    </CWeaponLegacy>
    <CWeaponLegacy id="RoachMelee">
        <EditorCategories value="Race:Zerg"/>
        <Options index="Hidden" value="1"/>
        <Options index="Melee" value="1"/>
        <Icon value="Assets\Textures\btn-upgrade-zerg-meleeattacks-level0.dds"/>
        <DisplayEffect value="RoachUMelee"/>
        <TargetFilters value="Ground,Visible;Missile,Stasis,Dead,Hidden,Invulnerable"/>
        <Range value="0.5"/>
        <Marker Link="Weapon/AcidSaliva"/>
        <Cost>
            <Cooldown Link="Weapon/AcidSaliva"/>
        </Cost>
        <Period value="2"/>
        <Effect value="RoachUMelee"/>
    </CWeaponLegacy>
    <CWeaponLegacy id="AcidSpines">
        <EditorCategories value="Race:Zerg"/>
        <Icon value="Assets\Textures\btn-upgrade-zerg-missileattacks-level0.dds"/>
        <TargetFilters value="Air,Visible;Missile,Stasis,Dead,Hidden,Invulnerable"/>
        <Range value="7"/>
        <Period value="1"/>
        <Effect value="AcidSpinesLM"/>
    </CWeaponLegacy>
    <CWeaponLegacy id="NeedleClaws">
        <EditorCategories value="Race:Zerg"/>
        <Options index="Melee" value="1"/>
        <Icon value="Assets\Textures\btn-upgrade-zerg-meleeattacks-level0.dds"/>
        <TargetFilters value="Ground,Visible;Missile,Stasis,Dead,Hidden,Invulnerable"/>
        <MinScanRange value="15"/>
        <Range value="0.1"/>
        <Period value="0.6455"/>
    </CWeaponLegacy>
    <CWeaponLegacy id="PrismaticBeam">
        <EditorCategories value="Race:Protoss"/>
        <Icon value="Assets\Textures\btn-upgrade-protoss-airweaponslevel0.dds"/>
        <DisplayEffect value="PrismaticBeamMUx1"/>
        <TargetFilters value="Visible;Missile,Stasis,Dead,Hidden,Invulnerable"/>
        <Period value="0.6"/>
        <AllowedMovement value="Moving"/>
        <Options index="OnlyFireWhileInAttackOrder" value="0"/>
        <Options index="OnlyFireAtAttackOrderTarget" value="0"/>
        <LegacyOptions index="CanRetargetWhileChanneling" value="1"/>
        <ArcSlop value="39.9902"/>
        <Range value="7"/>
        <RangeSlop value="2"/>
        <Backswing value="0.75"/>
    </CWeaponLegacy>
    <CWeaponLegacy id="TwinIbiksCannon">
        <EditorCategories value="Race:Terran"/>
        <Icon value="Assets\Textures\btn-upgrade-terran-hisecautotracking.dds"/>
        <TargetFilters value="Ground,Visible;Self,Missile,Stasis,Dead,Hidden,Invulnerable"/>
        <Range value="6"/>
        <Arc value="90"/>
        <Period value="2"/>
        <Options index="OnlyFireAtAttackOrderTarget" value="0"/>
    </CWeaponLegacy>
    <CWeaponLegacy id="ParticleBeam">
        <EditorCategories value="Race:Protoss"/>
        <Icon value="Assets\Textures\btn-upgrade-protoss-groundweaponslevel0.dds"/>
        <TargetFilters value="Ground,Visible;Missile,Stasis,Dead,Hidden,Invulnerable"/>
        <Range value="0.1"/>
        <Period value="1.5"/>
        <Options index="Melee" value="1"/>
    </CWeaponLegacy>
    <CWeaponLegacy id="PsiBlades">
        <EditorCategories value="Race:Protoss"/>
        <Icon value="Assets\Textures\btn-upgrade-protoss-groundweaponslevel0.dds"/>
        <TargetFilters value="Ground,Visible;Missile,Stasis,Dead,Hidden,Invulnerable"/>
        <Range value="0.1"/>
        <Period value="1.2"/>
        <DamagePoint value="0"/>
        <Effect value="PsiBladesBurst"/>
        <Options index="Melee" value="1"/>
        <DisplayAttackCount value="2"/>
    </CWeaponLegacy>
    <CWeaponLegacy id="WarpBlades">
        <EditorCategories value="Race:Protoss"/>
        <Icon value="Assets\Textures\btn-upgrade-protoss-groundweaponslevel0.dds"/>
        <TargetFilters value="Ground,Visible;Missile,Stasis,Dead,Hidden,Invulnerable"/>
        <Range value="0.1"/>
        <Period value="1.694"/>
        <DamagePoint value="0.361"/>
        <Backswing value="1.333"/>
        <Options index="Melee" value="1"/>
    </CWeaponLegacy>
    <CWeaponLegacy id="PsionicShockwave">
        <EditorCategories value="Race:Protoss"/>
        <Icon value="Assets\Textures\btn-upgrade-protoss-groundweaponslevel0.dds"/>
        <DisplayEffect value="PsionicShockwaveDamage"/>
        <TargetFilters value="Visible;Missile,Stasis,Dead,Hidden,Invulnerable"/>
        <Range value="2"/>
        <Period value="1.754"/>
        <Cost>
            <Cooldown Location="Unit"/>
        </Cost>
        <Effect value="PsionicShockwaveDamage"/>
        <TeleportResetRange value="0"/>
    </CWeaponLegacy>
    <CWeaponLegacy id="IonCannons">
        <EditorCategories value="Race:Protoss"/>
        <Icon value="Assets\Textures\btn-upgrade-protoss-airweaponslevel0.dds"/>
        <DisplayEffect value="IonCannonsU"/>
        <DisplayAttackCount value="2"/>
        <TargetFilters value="Air,Visible;Missile,Stasis,Dead,Hidden,Invulnerable"/>
        <MinScanRange value="4"/>
        <Range value="4"/>
        <Period value="1.11"/>
        <AllowedMovement value="Slowing"/>
    </CWeaponLegacy>
    <CWeaponLegacy id="FusionCutter">
        <EditorCategories value="Race:Terran"/>
        <Icon value="Assets\Textures\btn-upgrade-terran-infantryweaponslevel0.dds"/>
        <TargetFilters value="Ground,Visible;Missile,Stasis,Dead,Hidden,Invulnerable"/>
        <Range value="0.1"/>
        <Period value="1.5"/>
        <Options index="Melee" value="1"/>
    </CWeaponLegacy>
    <CWeaponLegacy id="GuassRifle">
        <EditorCategories value="Race:Terran"/>
        <Icon value="Assets\Textures\btn-upgrade-terran-infantryweaponslevel0.dds"/>
        <TargetFilters value="Visible;Missile,Stasis,Dead,Hidden,Invulnerable"/>
        <Period value="0.8608"/>
        <DamagePoint value="0.05"/>
        <Backswing value="0.75"/>
    </CWeaponLegacy>
    <CWeaponLegacy id="JavelinMissileLaunchers">
        <EditorCategories value="Race:Terran"/>
        <Icon value="Assets\Textures\btn-upgrade-terran-vehicleweaponslevel0.dds"/>
        <DisplayEffect value="JavelinMissileLaunchersDamage"/>
        <DisplayAttackCount value="4"/>
        <TargetFilters value="Air,Visible;Ground,Missile,Stasis,Dead,Hidden,Invulnerable"/>
        <AcquirePrioritization value="ByAngle"/>
        <Range value="10"/>
        <Arc value="5.625"/>
        <Period value="3"/>
        <Effect value="JavelinMissileLaunchersPersistent"/>
        <LegacyOptions index="KeepChanneling" value="1"/>
    </CWeaponLegacy>
    <CWeaponLegacy id="ThorsHammer">
        <EditorCategories value="Race:Terran"/>
        <Icon value="Assets\Textures\btn-upgrade-terran-vehicleweaponslevel0.dds"/>
        <DisplayEffect value="ThorsHammerDamage"/>
        <DisplayAttackCount value="2"/>
        <TargetFilters value="Ground,Visible;Missile,Stasis,Dead,Hidden,Invulnerable"/>
        <AcquirePrioritization value="ByAngle"/>
        <Range value="7"/>
        <Period value="1.93"/>
        <DamagePoint value="0.831"/>
        <Backswing value="0.25"/>
        <LegacyOptions index="KeepChanneling" value="1"/>
    </CWeaponLegacy>
    <CWeaponLegacy id="90mmCannons">
        <EditorCategories value="Race:Terran"/>
        <Icon value="Assets\Textures\btn-upgrade-terran-vehicleweaponslevel0.dds"/>
        <TargetFilters value="Ground,Visible;Missile,Stasis,Dead,Hidden,Invulnerable"/>
        <Range value="7"/>
        <Period value="1.04"/>
    </CWeaponLegacy>
    <CWeaponLegacy id="PunisherGrenades">
        <EditorCategories value="Race:Terran"/>
        <DisplayEffect value="PunisherGrenadesU"/>
        <TargetFilters value="Ground,Visible;Missile,Stasis,Dead,Hidden,Invulnerable"/>
        <Range value="6"/>
        <Period value="1.5"/>
        <DamagePoint value="0"/>
        <Backswing value="0"/>
        <Effect value="PunisherGrenadesLM"/>
        <Icon value="Assets\Textures\btn-upgrade-terran-infantryweaponslevel0.dds"/>
    </CWeaponLegacy>
    <CWeaponLegacy id="CrucioShockCannon">
        <EditorCategories value="Race:Terran"/>
        <Icon value="Assets\Textures\btn-upgrade-terran-vehicleweaponslevel0.dds"/>
        <TargetFilters value="Ground,Visible;Missile,Stasis,Dead,Hidden,Invulnerable"/>
        <Range value="13"/>
        <MinimumRange value="2"/>
        <Period value="3"/>
        <Options index="DisplayCooldown" value="1"/>
        <DisplayEffect value="CrucioShockCannonDummy"/>
        <Effect value="CrucioShockCannonSet"/>
    </CWeaponLegacy>
    <CWeaponLegacy id="LanzerTorpedoes">
        <EditorCategories value="Race:Terran"/>
        <Icon value="Assets\Textures\btn-upgrade-terran-shipweaponslevel0.dds"/>
        <DisplayEffect value="LanzerTorpedoesDamage"/>
        <DisplayAttackCount value="2"/>
        <TargetFilters value="Air,Visible;Missile,Stasis,Dead,Hidden,Invulnerable"/>
        <Range value="9"/>
        <Period value="2"/>
        <AllowedMovement value="Slowing"/>
    </CWeaponLegacy>
    <CWeaponLegacy id="ATSLaserBattery">
        <EditorCategories value="Race:Terran"/>
        <Icon value="Assets\Textures\btn-upgrade-terran-shipweaponslevel0.dds"/>
        <DisplayEffect value="ATSLaserBatteryU"/>
        <TargetFilters value="Ground,Visible;Missile,Stasis,Dead,Hidden,Invulnerable"/>
        <AcquirePrioritization value="ByAngle"/>
        <Range value="6"/>
        <Period value="0.225"/>
        <AllowedMovement value="Slowing"/>
        <RandomDelayMax value="0.1875"/>
        <Effect value="ATSLaserBatteryLM"/>
    </CWeaponLegacy>
    <CWeaponLegacy id="ATALaserBattery">
        <EditorCategories value="Race:Terran"/>
        <Icon value="Assets\Textures\btn-upgrade-terran-shipweaponslevel0.dds"/>
        <DisplayEffect value="ATALaserBatteryU"/>
        <TargetFilters value="Air,Visible;Missile,Stasis,Dead,Hidden,Invulnerable"/>
        <AcquirePrioritization value="ByAngle"/>
        <Range value="6"/>
        <Period value="0.225"/>
        <AllowedMovement value="Slowing"/>
        <RandomDelayMax value="0.1875"/>
        <Effect value="ATALaserBatteryLM"/>
    </CWeaponLegacy>
    <CWeaponLegacy id="LongboltMissile">
        <EditorCategories value="Race:Terran"/>
        <Icon value="Assets\Textures\btn-upgrade-terran-hisecautotracking.dds"/>
        <DisplayEffect value="LongboltMissileU"/>
        <DisplayAttackCount value="2"/>
        <TargetFilters value="Air,Visible;Missile,Stasis,Dead,Hidden,Invulnerable"/>
        <Range value="7"/>
        <Period value="0.8608"/>
        <RangeSlop value="0"/>
    </CWeaponLegacy>
    <CWeaponLegacy id="AutoTurret">
        <EditorCategories value="Race:Terran"/>
        <Icon value="Assets\Textures\btn-upgrade-terran-hisecautotracking.dds"/>
        <TargetFilters value="Visible;Missile,Stasis,Dead,Hidden,Invulnerable"/>
        <Range value="6"/>
        <Period value="0.8"/>
    </CWeaponLegacy>
    <CWeaponLegacy id="P38ScytheGuassPistol">
        <EditorCategories value="Race:Terran"/>
        <Icon value="Assets\Textures\btn-upgrade-terran-infantryweaponslevel0.dds"/>
        <TargetFilters value="Ground,Visible;Structure,Missile,Stasis,Dead,Hidden,Invulnerable"/>
        <MinScanRange value="5.5"/>
        <Range value="4.5"/>
        <Period value="1.1"/>
        <DamagePoint value="0"/>
        <Backswing value="0.75"/>
        <Effect value="P38ScytheGuassPistolBurst"/>
        <DisplayAttackCount value="2"/>
    </CWeaponLegacy>
    <CWeaponLegacy id="D8Charge">
        <EditorCategories value="Race:Terran"/>
        <Icon value="Assets\Textures\btn-upgrade-terran-infantryweaponslevel0.dds"/>
        <DisplayEffect value="D8ChargeDamage"/>
        <TargetFilters value="Ground,Structure,Visible;Missile,Stasis,Dead,Hidden,Invulnerable"/>
        <Period value="1.8"/>
        <Effect value="D8ChargeLaunchMissile"/>
        <RandomDelayMin value="0.1"/>
        <RandomDelayMax value="0.5"/>
    </CWeaponLegacy>
    <CWeaponLegacy id="AcidSaliva">
        <EditorCategories value="Race:Zerg"/>
        <Icon value="Assets\Textures\btn-upgrade-zerg-missileattacks-level0.dds"/>
        <DisplayEffect value="AcidSalivaU"/>
        <TargetFilters value="Ground,Visible;Missile,Stasis,Dead,Hidden,Invulnerable"/>
        <Range value="3"/>
        <Period value="2"/>
        <MinimumRange value="0.6"/>
        <Effect value="AcidSalivaLM"/>
    </CWeaponLegacy>
    <CWeaponLegacy id="Spines">
        <EditorCategories value="Race:Zerg"/>
        <Icon value="Assets\Textures\btn-upgrade-zerg-meleeattacks-level0.dds"/>
        <TargetFilters value="Ground,Visible;Missile,Stasis,Dead,Hidden,Invulnerable"/>
        <Range value="0.1"/>
        <Period value="1.5"/>
        <Options index="Melee" value="1"/>
    </CWeaponLegacy>
    <CWeaponLegacy id="Claws">
        <EditorCategories value="Race:Zerg"/>
        <Icon value="Assets\Textures\btn-upgrade-zerg-meleeattacks-level0.dds"/>
        <TargetFilters value="Ground,Visible;Missile,Stasis,Dead,Hidden,Invulnerable"/>
        <Range value="0.1"/>
        <Period value="0.696"/>
        <Options index="Melee" value="1"/>
    </CWeaponLegacy>
    <CWeaponLegacy id="ImpalerTentacle">
        <EditorCategories value="Race:Zerg"/>
        <Icon value="Assets\Textures\btn-upgrade-zerg-seismicspines.dds"/>
        <TargetFilters value="Ground,Visible;Missile,Stasis,Dead,Hidden,Invulnerable"/>
        <Range value="7"/>
        <Period value="1.6"/>
        <DamagePoint value="0.3332"/>
        <RangeSlop value="0"/>
        <Effect value="ImpalerTentacleLM"/>
        <DisplayEffect value="ImpalerTentacleU"/>
    </CWeaponLegacy>
    <CWeaponLegacy id="AcidSpew">
        <EditorCategories value="Race:Zerg"/>
        <Icon value="Assets\Textures\btn-upgrade-zerg-missileattacks-level0.dds"/>
        <DisplayEffect value="SporeCrawlerU"/>
        <TargetFilters value="Air,Visible;Missile,Stasis,Dead,Hidden,Invulnerable"/>
        <Range value="7"/>
        <Period value="0.8608"/>
        <RangeSlop value="0"/>
        <Effect value="SporeCrawler"/>
    </CWeaponLegacy>
    <CWeaponLegacy id="NeedleSpines">
        <EditorCategories value="Race:Zerg"/>
        <Icon value="Assets\Textures\btn-upgrade-zerg-missileattacks-level0.dds"/>
        <DisplayEffect value="NeedleSpinesDamage"/>
        <TargetFilters value="Visible;Missile,Stasis,Dead,Hidden,Invulnerable"/>
        <Period value="0.83"/>
        <DamagePoint value="0.208"/>
        <Effect value="NeedleSpinesLaunchMissile"/>
    </CWeaponLegacy>
    <CWeaponLegacy id="GlaiveWurm">
        <EditorCategories value="Race:Zerg"/>
        <Icon value="Assets\Textures\btn-upgrade-zerg-airattacks-level0.dds"/>
        <DisplayEffect value="GlaiveWurmU1"/>
        <TargetFilters value="Visible;Missile,Stasis,Dead,Hidden,Invulnerable"/>
        <LegacyOptions index="NoDeceleration" value="1"/>
        <Range value="3"/>
        <RangeSlop value="2"/>
        <ArcSlop value="45"/>
        <Period value="1.5246"/>
        <DamagePoint value="0"/>
        <AllowedMovement value="Slowing"/>
        <Marker>
            <MatchFlags index="Id" value="1"/>
        </Marker>
    </CWeaponLegacy>
    <CWeaponLegacy id="BroodlingStrike">
        <EditorCategories value="Race:Zerg"/>
        <Icon value="Assets\Textures\btn-upgrade-zerg-airattacks-level0.dds"/>
        <DisplayEffect value="BroodlingEscortDamage"/>
        <TargetFilters value="Ground,Visible;Missile,Stasis,Dead,Hidden,Invulnerable"/>
        <Range value="9.5"/>
        <Period value="2.5"/>
        <AllowedMovement value="Slowing"/>
        <Effect value=""/>
    </CWeaponLegacy>
    <CWeaponLegacy id="BroodlingEscort">
        <EditorCategories value="Race:Zerg"/>
        <Icon value="Assets\Textures\btn-upgrade-zerg-airattacks-level0.dds"/>
        <TargetFilters value="Ground,Visible;Missile,Stasis,Dead,Hidden,Invulnerable"/>
        <Range value="9"/>
        <Arc value="360"/>
        <Period value="10"/>
        <Options index="Hidden" value="1"/>
    </CWeaponLegacy>
    <CWeaponLegacy id="KaiserBlades">
        <EditorCategories value="Race:Zerg"/>
        <Icon value="Assets\Textures\btn-upgrade-zerg-meleeattacks-level0.dds"/>
        <DisplayEffect value="KaiserBladesDamage"/>
        <TargetFilters value="Ground,Visible;Structure,Missile,Stasis,Dead,Hidden,Invulnerable"/>
        <AcquirePrioritization value="ByAngle"/>
        <Range value="1"/>
        <Period value="0.861"/>
        <DamagePoint value="0.3332"/>
        <Options index="Melee" value="1"/>
    </CWeaponLegacy>
    <CWeaponLegacy id="Ram">
        <EditorCategories value="Race:Zerg"/>
        <Icon value="Assets\Textures\btn-upgrade-zerg-meleeattacks-level0.dds"/>
        <TargetFilters value="Ground,Structure,Visible;Missile,Stasis,Dead,Hidden,Invulnerable"/>
        <AcquirePrioritization value="ByAngle"/>
        <Range value="1"/>
        <Period value="1.6665"/>
        <DamagePoint value="0.6665"/>
        <Backswing value="1"/>
        <LegacyOptions index="KeepChanneling" value="1"/>
        <Options index="Melee" value="1"/>
    </CWeaponLegacy>
    <CWeaponLegacy id="TwinGatlingCannon">
        <EditorCategories value="Race:Terran"/>
        <Icon value="Assets\Textures\btn-upgrade-terran-shipweaponslevel0.dds"/>
        <TargetFilters value="Ground,Visible;Missile,Stasis,Dead,Hidden,Invulnerable"/>
        <Arc value="5.625"/>
        <Period value="1"/>
        <Range value="6"/>
        <DisplayEffect value="TwinGatlingCannons"/>
        <Effect value="TwinGatlingCannons"/>
    </CWeaponLegacy>
    <CWeaponLegacy id="VolatileBurst">
        <EditorCategories value="Race:Zerg"/>
        <Icon value="Assets\Textures\btn-ability-zerg-explode.dds"/>
        <TargetFilters value="Ground,Visible;Missile,Stasis,Dead,Hidden,Invulnerable"/>
        <Range value="0.25"/>
        <Period value="0.833"/>
        <DamagePoint value="0"/>
        <AllowedMovement value="Moving"/>
        <Options index="Hidden" value="1"/>
        <Options index="Melee" value="1"/>
        <LegacyOptions index="NoDeceleration" value="1"/>
        <AcquireFilters value="Ground,Visible;Self,Player,Ally,Neutral,Structure,Missile,Stasis,Dead,Hidden,Invulnerable"/>
    </CWeaponLegacy>
    <CWeaponLegacy id="Talons">
        <EditorCategories value="Race:Zerg"/>
        <Icon value="Assets\Textures\btn-upgrade-zerg-missileattacks-level0.dds"/>
        <TargetFilters value="Ground,Visible;Missile,Stasis,Dead,Hidden,Invulnerable"/>
        <Range value="3"/>
        <Period value="1"/>
        <Effect value="TalonsBurst"/>
        <DisplayAttackCount value="2"/>
    </CWeaponLegacy>
    <CWeaponLegacy id="ParticleDisruptors">
        <EditorCategories value="Race:Protoss"/>
        <Icon value="Assets\Textures\btn-upgrade-protoss-groundweaponslevel0.dds"/>
        <DisplayEffect value="ParticleDisruptorsU"/>
        <TargetFilters value="Visible;Missile,Stasis,Dead,Hidden,Invulnerable"/>
        <Range value="6"/>
        <Period value="1.44"/>
    </CWeaponLegacy>
    <CWeaponLegacy id="ThermalLances">
        <EditorCategories value="Race:Protoss"/>
        <Icon value="Assets\Textures\btn-upgrade-protoss-groundweaponslevel0.dds"/>
        <DisplayEffect value="ThermalLancesMU"/>
        <TargetFilters value="Ground,Visible;Missile,Stasis,Dead,Hidden,Invulnerable"/>
        <AcquirePrioritization value="ByDistanceFromTarget"/>
        <Range value="6"/>
        <Arc value="90"/>
        <Period value="2.2"/>
        <DamagePoint value="0.0832"/>
        <DisplayAttackCount value="2"/>
        <LegacyOptions index="KeepChanneling" value="1"/>
        <RangeSlop value="0"/>
    </CWeaponLegacy>
    <CWeaponLegacy id="PhaseDisruptors">
        <EditorCategories value="Race:Protoss"/>
        <Icon value="Assets\Textures\btn-upgrade-protoss-groundweaponslevel0.dds"/>
        <TargetFilters value="Ground,Visible;Missile,Stasis,Dead,Hidden,Invulnerable"/>
        <Period value="1.45"/>
    </CWeaponLegacy>
    <CWeaponLegacy id="MothershipBeam">
        <EditorCategories value="Race:Protoss"/>
        <Icon value="Assets\Textures\btn-upgrade-protoss-airweaponslevel0.dds"/>
        <DisplayEffect value="MothershipBeamDamage"/>
        <DisplayAttackCount value="6"/>
        <TargetFilters value="Visible;Missile,Stasis,Dead,Hidden,Invulnerable"/>
        <Range value="7"/>
        <Arc value="360"/>
        <Period value="2.21"/>
        <AllowedMovement value="Moving"/>
        <Effect value="MothershipBeamSet"/>
        <Options index="OnlyFireWhileInAttackOrder" value="0"/>
        <Options index="OnlyFireAtAttackOrderTarget" value="0"/>
        <DamagePoint value="0"/>
        <TeleportResetRange value="0"/>
    </CWeaponLegacy>
    <CWeaponLegacy id="PhotonCannon">
        <EditorCategories value="Race:Protoss"/>
        <Icon value="Assets\Textures\btn-building-protoss-photoncannon.dds"/>
        <DisplayEffect value="PhotonCannonU"/>
        <TargetFilters value="Visible;Missile,Stasis,Dead,Hidden,Invulnerable"/>
        <Range value="7"/>
        <Period value="1.25"/>
        <Effect value="PhotonCannonLM"/>
        <RangeSlop value="0"/>
    </CWeaponLegacy>
    <CWeaponLegacy id="DisruptionBeam">
        <EditorCategories value="Race:Protoss"/>
        <Icon value="Assets\Textures\btn-upgrade-protoss-groundweaponslevel0.dds"/>
        <DisplayEffect value="DisruptionBeamDamage"/>
        <TargetFilters value="Visible;Missile,Stasis,Dead,Hidden,Invulnerable"/>
        <Period value="1"/>
        <LegacyOptions index="CanRetargetWhileChanneling" value="1"/>
        <TeleportResetRange value="0"/>
    </CWeaponLegacy>
    <CWeaponLegacy id="BacklashRockets">
        <EditorCategories value="Race:Terran"/>
        <Icon value="Assets\Textures\btn-upgrade-terran-shipweaponslevel0.dds"/>
        <DisplayEffect value="BacklashRocketsU"/>
        <DisplayAttackCount value="2"/>
        <TargetFilters value="Ground,Visible;Missile,Stasis,Dead,Hidden,Invulnerable"/>
        <MinScanRange value="6"/>
        <Range value="6"/>
        <Period value="1.25"/>
        <AllowedMovement value="Slowing"/>
        <Marker>
            <MatchFlags index="Id" value="1"/>
        </Marker>
        <LegacyOptions index="KeepChanneling" value="1"/>
    </CWeaponLegacy>
    <CWeaponLegacy id="ParasiteSpore">
        <EditorCategories value="Race:Zerg"/>
        <Icon value="Assets\Textures\btn-upgrade-zerg-airattacks-level0.dds"/>
        <DisplayEffect value="ParasiteSporeDamage"/>
        <TargetFilters value="Air,Visible;Missile,Stasis,Dead,Hidden,Invulnerable"/>
        <Period value="1.9"/>
        <AllowedMovement value="Slowing"/>
        <Effect value="ParasiteSporeLaunchMissile"/>
        <Range value="6"/>
    </CWeaponLegacy>
    <CWeaponLegacy id="C10CanisterRifle">
        <EditorCategories value="Race:Terran"/>
        <Icon value="Assets\Textures\btn-upgrade-terran-infantryweaponslevel0.dds"/>
        <TargetFilters value="Visible;Missile,Stasis,Dead,Hidden,Invulnerable"/>
        <Range value="6"/>
        <Period value="1.5"/>
        <DamagePoint value="0.083"/>
        <Backswing value="1.167"/>
    </CWeaponLegacy>
    <CWeaponLegacy id="InfernalFlameThrower">
        <EditorCategories value="Race:Terran"/>
        <Icon value="Assets\Textures\btn-upgrade-terran-vehicleweaponslevel0.dds"/>
        <!--        <Icon value="Assets\Textures\btn-weapon-terran-infantry.dds"/> -->
        <TargetFilters value="Ground,Visible;Missile,Stasis,Dead,Hidden,Invulnerable"/>
        <Period value="2.5"/>
        <DamagePoint value="0.25"/>
        <Backswing value="0.75"/>
        <LegacyOptions index="LockTurretWhileFiring" value="1"/>
        <Effect value="InfernalFlameThrowerCP"/>
        <Marker>
            <MatchFlags index="Id" value="1"/>
        </Marker>
    </CWeaponLegacy>
    <CWeaponLegacy id="AutoTestAttackerWeapon">
        <TargetFilters value="Visible;Missile,Stasis,Dead,Hidden,Invulnerable"/>
        <Range value="10"/>
        <Period value="0.2"/>
    </CWeaponLegacy>
    <CWeaponLegacy id="InterceptorLaunch">
        <EditorCategories value="Race:Protoss"/>
        <Icon value="Assets\Textures\btn-unit-protoss-interceptor.dds"/>
        <TargetFilters value="Visible;Missile,Stasis,Dead,Hidden,Invulnerable"/>
        <Range value="8"/>
        <Arc value="360"/>
        <Period value="0.5"/>
        <AllowedMovement value="Slowing"/>
        <Options index="Hidden" value="1"/>
        <Effect value="InterceptorLaunchPersistent"/>
        <DamagePoint value="0"/>
        <Backswing value="0"/>
        <DisplayEffect value="Carrier"/>
    </CWeaponLegacy>
    <CWeaponLegacy id="InterceptorsDummy">
        <EditorCategories value="Race:Protoss"/>
        <Icon value="Assets\Textures\btn-unit-protoss-interceptor.dds"/>
        <DisplayEffect value="InterceptorBeamDamage"/>
        <TargetFilters value="Visible;Player,Ally,Neutral,Enemy"/>
        <DisplayAttackCount value="2"/>
        <Range value="8"/>
        <Arc value="360"/>
        <Period value="3"/>
        <Effect value="CarrierInterceptor"/>
    </CWeaponLegacy>
    <CWeaponStrafe id="InterceptorBeam">
        <EditorCategories value="Race:Protoss"/>
        <DisplayAttackCount value="2"/>
        <TargetFilters value="Visible;Missile,Stasis,Dead,Hidden,Invulnerable"/>
        <Range value="2"/>
        <Arc value="19.6875"/>
        <Period value="3"/>
        <Icon value="Assets\Textures\btn-upgrade-protoss-airweaponslevel0.dds"/>
        <DisplayEffect value="InterceptorBeamDamage"/>
        <Effect value="InterceptorBeamPersistent"/>
        <TeleportResetRange value="0"/>
    </CWeaponStrafe>
    <CWeaponLegacy id="Sheep">
        <Icon value="Assets\Textures\btn-upgrade-zerg-meleeattacks-level0.dds"/>
        <TargetFilters value="Ground,Visible;Missile,Stasis,Dead,Hidden,Invulnerable"/>
        <Range value="0.1"/>
        <Period value="1"/>
        <Options index="Hidden" value="1"/>
        <Options index="Melee" value="1"/>
    </CWeaponLegacy>
</Catalog>
