<?xml version="1.0" encoding="utf-8"?>
<Catalog>
    <CAccumulatorAttributePoints default="1" id="MainAttributePoints">
        <Flags index="UseMainAttribute" value="1"/>
    </CAccumulatorAttributePoints>
    <CAccumulatorAttributePoints id="MainAttributePointsCaster" parent="MainAttributePoints"/>
    <CAccumulatorVeterancyLevel id="War3_HeroXPCreepReduction">
        <Amount value="1"/>
        <Amount value="0.8"/>
        <Amount value="0.7"/>
        <Amount value="0.6"/>
        <Amount value="0.5"/>
        <Amount value="0"/>
    </CAccumulatorVeterancyLevel>
    <CAccumulatorUserData id="War3_DamageLoss">
        <Key value="DamageLoss"/>
        <FallbackValue value="1"/>
    </CAccumulatorUserData>
</Catalog>
