<?xml version="1.0" encoding="utf-8"?>
<Catalog>
    <CAlert default="1" id="GoldMineCollapse">
        <Flags index="Hide" value="1"/>
        <Flags index="Ping" value="1"/>
        <PingModel value="PingSimple"/>
        <Sound value="GoldMineCollapse##race##"/>
        <Peripheral value="ResourceExhausted"/>
        <PingTime value="2.000000"/>
    </CAlert>
    <CAlert default="1" id="GoldMineLow">
        <Flags index="Hide" value="1"/>
        <Flags index="Ping" value="1"/>
        <PingModel value="PingSimple"/>
        <Sound value="GoldMineLow##race##"/>
        <Peripheral value="ResourceDepleted"/>
        <PingTime value="2.000000"/>
    </CAlert>
    <CAlert default="1" id="HeroDiesSound">
        <Sound value="HeroDies##race##"/>
        <Peripheral value="SelfUnitDied"/>
        <Flags index="Hide" value="1"/>
        <Flags index="Ping" value="1"/>
        <PingColor value="255,255,0,0"/>
        <PingModel value="PingSimple"/>
        <PingTime value="2.000000"/>
    </CAlert>
    <CAlert default="1" id="AllyHeroDiesSound">
        <Display index="Self" value="0"/>
        <Display index="Ally" value="1"/>
        <Sound value="AllyHeroDies##race##"/>
        <Flags index="Combine" value="0"/>
        <Flags index="Hide" value="1"/>
        <Flags index="Ping" value="1"/>
        <PingColor value="255,255,0,0"/>
        <PingModel value="PingSimple"/>
        <PingTime value="2.000000"/>
    </CAlert>
    <CAlert default="1" id="JobDoneSound">
        <Peripheral value="BuildingComplete"/>
        <Sound value="JobDoneSound##race##"/>
        <PingColor value="255,0,255,0"/>
        <Flags index="Ping" value="1"/>
        <Text value="Alert/Text/BuildComplete"/>
        <PingModel value="PingSimple"/>
        <PingTime value="2.000000"/>
    </CAlert>
    <CAlert default="1" id="UpgradeCompleteSound">
        <Peripheral value="UpgradeComplete"/>
        <Sound value="UpgradeComplete##race##"/>
        <PingColor value="255,0,255,0"/>
        <Flags index="Ping" value="1"/>
        <Text value="Alert/Text/UpgradeComplete"/>
        <PingModel value="PingSimple"/>
        <PingTime value="2.000000"/>
    </CAlert>
    <CAlert default="1" id="ResearchCompleteSound">
        <Peripheral value="ResearchComplete"/>
        <Sound value="ResearchComplete##race##"/>
        <PingColor value="255,0,255,0"/>
        <Flags index="Ping" value="1"/>
        <PingModel value="PingSimple"/>
        <PingTime value="2.000000"/>
        <Text value="Alert/Text/ResearchComplete"/>
    </CAlert>
    <CAlert default="1" id="UnderAttackSound" parent="Attack">
        <Voice value="Help"/>
        <Sound value="UnderAttack##race##"/>
        <Flags index="Hide" value="1"/>
        <PingModel value="PingSimple"/>
    </CAlert>
    <CAlert default="1" id="AllyUnderAttackSound" parent="Attack">
        <Peripheral value="AllyUnitUnderAttack"/>
        <Voice value="Help"/>
        <Sound value="AllyUnderAttack##race##"/>
        <Flags index="Hide" value="1"/>
        <PingModel value="PingSimple"/>
    </CAlert>
    <CAlert default="1" id="TownAttackSound" parent="Attack">
        <Peripheral value="SelfBaseUnderAttack"/>
        <Sound value="TownAttack##race##"/>
        <PingModel value="PingBaseAttack"/>
        <Voice value="Help"/>
        <Flags index="Hide" value="1"/>
    </CAlert>
    <CAlert default="1" id="AllyTownUnderAttackSound" parent="Attack">
        <Peripheral value="AllyBaseUnderAttack"/>
        <Sound value="AllyTownUnderAttack##race##"/>
        <Flags index="Hide" value="1"/>
        <PingModel value="PingBaseAttack"/>
    </CAlert>
    <CAlert id="GoldMineCollapseSound_Human" parent="GoldMineCollapse" race="Human"/>
    <CAlert id="GoldMineCollapseSound_NightElf" parent="GoldMineCollapse" race="NightElf"/>
    <CAlert id="GoldMineCollapseSound_Orc" parent="GoldMineCollapse" race="Orc"/>
    <CAlert id="GoldMineCollapseSound_Undead" parent="GoldMineCollapse" race="Undead"/>
    <CAlert id="GoldMineLowSound_Human" parent="GoldMineLow" race="Human"/>
    <CAlert id="GoldMineLowSound_NightElf" parent="GoldMineLow" race="NightElf"/>
    <CAlert id="GoldMineLowSound_Orc" parent="GoldMineLow" race="Orc"/>
    <CAlert id="GoldMineLowSound_Undead" parent="GoldMineLow" race="Undead"/>
    <CAlert id="HeroDiesSound_Human" parent="HeroDiesSound" race="Human"/>
    <CAlert id="AllyHeroDiesSound_Human" parent="AllyHeroDiesSound" race="Human"/>
    <CAlert id="JobDoneSound_Human" parent="JobDoneSound" race="Human"/>
    <CAlert id="JobDoneSound_Naga" parent="JobDoneSound" race="Naga"/>
    <CAlert id="ReviveComplete">
        <Flags index="Combine" value="0"/>
        <Flags index="Ping" value="1"/>
        <PingColor value="255,0,255,0"/>
        <PingTime value="2.000000"/>
        <PingModel value="PingSimple"/>
        <Peripheral value="SelfUnitRevived"/>
    </CAlert>
    <CAlert id="ReviveError">
        <Flags index="Hide" value="1"/>
    </CAlert>
    <CAlert id="TrainComplete">
        <Flags index="Ping" value="1"/>
        <PingColor value="255,0,255,0"/>
        <PingTime value="2.000000"/>
        <PingModel value="PingSimple"/>
    </CAlert>
    <CAlert id="TrainError">
        <Flags index="Hide" value="1"/>
    </CAlert>
    <CAlert id="UpgradeComplete_Human" parent="UpgradeCompleteSound" race="Human"/>
    <CAlert id="ResearchComplete_Human" parent="ResearchCompleteSound" race="Human"/>
    <CAlert id="UnderAttackSound_Human" parent="UnderAttackSound" race="Human"/>
    <CAlert id="AllyUnderAttackSound_Human" parent="AllyUnderAttackSound" race="Human"/>
    <CAlert id="TownAttackSound_Human" parent="TownAttackSound" race="Human"/>
    <CAlert id="AllyTownUnderAttackSound_Human" parent="AllyTownUnderAttackSound" race="Human"/>
    <CAlert id="HeroDiesSound_Orc" parent="HeroDiesSound" race="Orc"/>
    <CAlert id="AllyHeroDiesSound_Orc" parent="AllyHeroDiesSound" race="Orc"/>
    <CAlert id="JobDoneSound_Orc" parent="JobDoneSound" race="Orc"/>
    <CAlert id="UpgradeComplete_Orc" parent="UpgradeCompleteSound" race="Orc"/>
    <CAlert id="ResearchComplete_Orc" parent="ResearchCompleteSound" race="Orc"/>
    <CAlert id="UnderAttackSound_Orc" parent="UnderAttackSound" race="Orc"/>
    <CAlert id="AllyUnderAttackSound_Orc" parent="AllyUnderAttackSound" race="Orc"/>
    <CAlert id="TownAttackSound_Orc" parent="TownAttackSound" race="Orc"/>
    <CAlert id="AllyTownUnderAttackSound_Orc" parent="AllyTownUnderAttackSound" race="Orc"/>
    <CAlert id="HeroDiesSound_NightElf" parent="HeroDiesSound" race="NightElf"/>
    <CAlert id="AllyHeroDiesSound_NightElf" parent="AllyHeroDiesSound" race="NightElf"/>
    <CAlert id="JobDoneSound_NightElf" parent="JobDoneSound" race="NightElf"/>
    <CAlert id="UpgradeComplete_NightElf" parent="UpgradeCompleteSound" race="NightElf"/>
    <CAlert id="ResearchComplete_NightElf" parent="ResearchCompleteSound" race="NightElf"/>
    <CAlert id="UnderAttackSound_NightElf" parent="UnderAttackSound" race="NightElf"/>
    <CAlert id="AllyUnderAttackSound_NightElf" parent="AllyUnderAttackSound" race="NightElf"/>
    <CAlert id="TownAttackSound_NightElf" parent="TownAttackSound" race="NightElf"/>
    <CAlert id="AllyTownUnderAttackSound_NightElf" parent="AllyTownUnderAttackSound" race="NightElf"/>
    <CAlert id="HeroDiesSound_Undead" parent="HeroDiesSound" race="Undead"/>
    <CAlert id="AllyHeroDiesSound_Undead" parent="AllyHeroDiesSound" race="Undead"/>
    <CAlert id="JobDoneSound_Undead" parent="JobDoneSound" race="Undead"/>
    <CAlert id="UpgradeComplete_Undead" parent="UpgradeCompleteSound" race="Undead"/>
    <CAlert id="ResearchComplete_Undead" parent="ResearchCompleteSound" race="Undead"/>
    <CAlert id="UnderAttackSound_Undead" parent="UnderAttackSound" race="Undead"/>
    <CAlert id="AllyUnderAttackSound_Undead" parent="AllyUnderAttackSound" race="Undead"/>
    <CAlert id="TownAttackSound_Undead" parent="TownAttackSound" race="Undead"/>
    <CAlert id="AllyTownUnderAttackSound_Undead" parent="AllyTownUnderAttackSound" race="Undead"/>
    <!--Forced SC2 Pattern-->
    <CAlert id="GoldMineCollapseSound" parent="GoldMineCollapseSound_Human"/>
    <CAlert id="GoldMineLowSound" parent="GoldMineLowSound_Human"/>
    <CAlert id="AttackUnit_Human" parent="UnderAttackSound_Human"/>
    <CAlert id="AttackUnitAlly_Human" parent="AllyUnderAttackSound_Human"/>
    <CAlert id="AttackTown_Human" parent="TownAttackSound_Human"/>
    <CAlert id="AttackTownAlly_Human" parent="AllyTownUnderAttackSound_Human"/>
    <CAlert id="AttackUnit_Orc" parent="UnderAttackSound_Orc"/>
    <CAlert id="AttackUnitAlly_Orc" parent="AllyUnderAttackSound_Orc"/>
    <CAlert id="AttackTown_Orc" parent="TownAttackSound_Orc"/>
    <CAlert id="AttackTownAlly_Orc" parent="AllyTownUnderAttackSound_Orc"/>
    <CAlert id="AttackUnit_NightElf" parent="UnderAttackSound_NightElf"/>
    <CAlert id="AttackUnitAlly_NightElf" parent="AllyUnderAttackSound_NightElf"/>
    <CAlert id="AttackTown_NightElf" parent="TownAttackSound_NightElf"/>
    <CAlert id="AttackTownAlly_NightElf" parent="AllyTownUnderAttackSound_NightElf"/>
    <CAlert id="AttackUnit_Undead" parent="UnderAttackSound_Undead"/>
    <CAlert id="AttackUnitAlly_Undead" parent="AllyUnderAttackSound_Undead"/>
    <CAlert id="AttackTown_Undead" parent="TownAttackSound_Undead"/>
    <CAlert id="AttackTownAlly_Undead" parent="AllyTownUnderAttackSound_Undead"/>
</Catalog>
