<?xml version="1.0" encoding="utf-8"?>
<Catalog>
    <CAttachMethodFilter id="AMFilterHardpointOrDamage">
        <Logic value="OR"/>
        <Keys Keyword="Hardpoint"/>
        <Keys Keyword="Damage"/>
    </CAttachMethodFilter>
    <CAttachMethodFilter id="AMFilterHandLeft">
        <Keys Keyword="Hand"/>
        <Keys Keyword="Left"/>
    </CAttachMethodFilter>
    <CAttachMethodFilter id="AMFilterHandRight">
        <Keys Keyword="Hand"/>
        <Keys Keyword="Right"/>
    </CAttachMethodFilter>
    <CAttachMethodFilter id="AMFilterChestLeft">
        <Keys Keyword="Chest"/>
        <Keys Keyword="Left"/>
    </CAttachMethodFilter>
    <CAttachMethodFilter id="AMFilterChestMount">
        <Keys Keyword="Chest"/>
        <Keys Keyword="Mount"/>
    </CAttachMethodFilter>
    <CAttachMethodFilter id="AMFilterChestMountLeft">
        <Keys Keyword="Chest"/>
        <Keys Keyword="Mount"/>
        <Keys Keyword="Left"/>
    </CAttachMethodFilter>
    <CAttachMethodFilter id="AMFilterChestMountRight">
        <Keys Keyword="Chest"/>
        <Keys Keyword="Mount"/>
        <Keys Keyword="Right"/>
    </CAttachMethodFilter>
    <CAttachMethodFilter id="AMFilterChestRight">
        <Keys Keyword="Chest"/>
        <Keys Keyword="Right"/>
    </CAttachMethodFilter>
    <CAttachMethodFilter id="AMFilterHeadMount">
        <Keys Keyword="Head"/>
        <Keys Keyword="Mount"/>
    </CAttachMethodFilter>
    <CAttachMethodFilter id="AMFilterWeaponAlternate">
        <Keys Keyword="Weapon"/>
        <Keys Keyword="Alternate"/>
    </CAttachMethodFilter>
    <CAttachMethodNodeOccupancy id="AMNodeOccupancyBuildingFlamesWar3">
        <Targets value="Assets\Doodads\Cinematic\War3_TownBurningFireEmitter\War3_TownBurningFireEmitter.m3"/>
        <Targets value="Assets\Environment\War3_LargeBuildingFire\War3_LargeBuildingFire_00.m3"/>
        <Targets value="Assets\Environment\War3_LargeBuildingFire\War3_LargeBuildingFire_01.m3"/>
        <Targets value="Assets\Environment\War3_LargeBuildingFire\War3_LargeBuildingFire_02.m3"/>
    </CAttachMethodNodeOccupancy>
    <CAttachMethodRandom id="AMRandomUniformAllWar3">
        <RequestCount value="4294967295"/>
        <Distribution value="Uniform"/>
    </CAttachMethodRandom>
    <CAttachMethodRandom id="AMRandomWar3">
        <Distribution value="Uniform"/>
    </CAttachMethodRandom>
    <CAttachMethodFilter id="AMFilterDamageWar3">
        <Keys Keyword="Damage"/>
    </CAttachMethodFilter>
    <CAttachMethodReduction id="AMReductionFireWar3"/>
</Catalog>
