<?xml version="1.0" encoding="utf-8"?>
<Catalog>
    <CCliffMesh id="War3CliffMade1">
        <ModelPath value="Assets\Cliffs\CliffMade1Ex1\"/>
        <CliffHeights index="0" value="-8.000000"/>
        <WeldNormals value="0"/>
    </CCliffMesh>
    <CCliffMesh id="War3CliffMade16">
        <ModelPath value="Assets\Cliffs\CliffMade16Ex2\"/>
        <CliffHeights index="0" value="-8.000000"/>
        <WeldNormals value="0"/>
    </CCliffMesh>
    <CCliffMesh id="War3CliffNatural">
        <ModelPath value="Assets\Cliffs\CliffNatural0Ex1\"/>
        <CliffHeights index="0" value="-8.000000"/>
    </CCliffMesh>
    <CCliffMesh id="War3CliffNatural0">
        <ModelPath value="Assets\Cliffs\CliffNatural0Ex1\"/>
        <CliffHeights index="0" value="-8.000000"/>
    </CCliffMesh>
    <CCliffMesh id="War3CliffNatural1">
        <ModelPath value="Assets\Cliffs\CliffNatural1Ex1\"/>
        <CliffHeights index="0" value="-8.000000"/>
    </CCliffMesh>
    <CCliffMesh id="CliffNaturalShort">
        <CliffHeights index="2" value="1.000000"/>
        <CliffHeights index="3" value="2.000000"/>
    </CCliffMesh>
    <CCliffMesh id="CliffNaturalSpaceShort">
        <CliffHeights index="2" value="1.000000"/>
        <CliffHeights index="3" value="2.000000"/>
    </CCliffMesh>
</Catalog>
