<?xml version="1.0" encoding="utf-8"?>
<Catalog>
    <CCliff id="Felwood@CliffDirt">
        <CliffMesh value="War3CliffNatural0"/>
        <CliffMaterial value="Assets\Cliffs\BelShirEx1Cliff0_Material\BelShirEx1Cliff0_Material.m3"/>
        <EditorIcon value="Assets\Textures\ui-editoricon-terraineditor_cliffnatural.dds"/>
    </CCliff>
    <CCliff id="Felwood@CliffGrass">
        <CliffMesh value="War3CliffNatural0"/>
        <CliffMaterial value="Assets\Cliffs\AgriaEx1Cliff0_Material\AgriaEx1Cliff0_Material.m3"/>
        <EditorIcon value="Assets\Textures\ui-editoricon-terraineditor_cliffmanmade.dds"/>
    </CCliff>
    <CCliff id="Barrens@CliffDesert">
        <CliffMesh value="War3CliffNatural0"/>
        <CliffMaterial value="Assets\Cliffs\MarSaraEx2_Cliff0_Material\MarSaraEx2_Cliff0_Material.m3"/>
        <EditorIcon value="Assets\Textures\ui-editoricon-terraineditor_cliffnatural.dds"/>
    </CCliff>
    <CCliff id="Barrens@CliffGrass">
        <CliffMesh value="War3CliffNatural0"/>
        <CliffMaterial value="Assets\Cliffs\KorhalOutskirtsCliff0_Material\KorhalOutskirtsCliff0_Material.m3"/>
        <EditorIcon value="Assets\Textures\ui-editoricon-terraineditor_clifftemple.dds"/>
    </CCliff>
    <CCliff id="North@CliffDirt">
        <CliffMesh value="War3CliffNatural0"/>
        <CliffMaterial value="Assets\Cliffs\IceWorldCliff0_Material\IceWorldCliff0_Material.m3"/>
        <EditorIcon value="Assets\Textures\ui-editoricon-terraineditor_cliffnatural.dds"/>
    </CCliff>
    <CCliff id="North@CliffSnow">
        <CliffMesh value="War3CliffNatural"/>
        <CliffMaterial value="Assets\Cliffs\IceWorldCliff1_Material\IceWorldCliff1_Material.m3"/>
        <EditorIcon value="Assets\Textures\ui-editoricon-terraineditor_cliffnatural.dds"/>
    </CCliff>
    <CCliff id="Ruins@CliffTempleWall">
        <CliffMesh value="War3CliffMade1"/>
        <CliffMaterial value="Assets\Cliffs\AiurTempleCliff1_Material\AiurTempleCliff1_Material.m3"/>
        <EditorIcon value="Assets\Textures\ui-editoricon-terraineditor_clifftemple.dds"/>
    </CCliff>
    <CCliff id="Ruins@CliffDirt">
        <CliffMesh value="War3CliffNatural0"/>
        <CliffMaterial value="Assets\Cliffs\EndionCliff0_Material\EndionCliff0_Material.m3"/>
        <EditorIcon value="Assets\Textures\ui-editoricon-terraineditor_cliffnatural.dds"/>
    </CCliff>
    <CCliff id="Lords_Dirt">
        <CliffMesh value="War3CliffNatural"/>
        <CliffMaterial value="Assets\Cliffs\BelShirEx1Cliff0_Material\BelShirEx1Cliff0_Material.m3"/>
        <EditorIcon value="Assets\Textures\ui-editoricon-terraineditor_cliffnatural.dds"/>
    </CCliff>
    <CCliff id="Lords_Grass">
        <CliffMesh value="War3CliffNatural"/>
        <CliffMaterial value="Assets\Cliffs\HavenEx1Cliff0_Material\HavenEx1Cliff0_Material.m3"/>
        <EditorIcon value="Assets\Textures\ui-editoricon-terraineditor_cliffnatural.dds"/>
    </CCliff>
    <CCliff id="Ice@CliffSnow">
        <CliffMesh value="War3CliffNatural"/>
        <CliffMaterial value="Assets\Cliffs\IceWorldCliff0_Material\IceWorldCliff0_Material.m3"/>
        <EditorIcon value="Assets\Textures\ui-editoricon-terraineditor_cliffnatural.dds"/>
    </CCliff>
    <CCliff id="OutlandCliffs0">
        <CliffMesh value="War3CliffNatural0"/>
        <CliffMaterial value="Assets\Cliffs\RedstoneEx1Cliff0_Material\RedstoneEx1Cliff0_Material.m3"/>
        <EditorIcon value="Assets\Textures\ui-editoricon-terraineditor_cliffnatural.dds"/>
    </CCliff>
    <CCliff id="OutlandCliffs1">
        <CliffMesh value="War3CliffNatural1"/>
        <CliffMaterial value="Assets\Cliffs\RedstoneEx1Cliff0_Material\RedstoneEx1Cliff0_Material.m3"/>
        <EditorIcon value="Assets\Textures\ui-editoricon-terraineditor_cliffnatural.dds"/>
    </CCliff>
    <CCliff id="Ashen@Cliff0">
        <CliffMesh value="War3CliffNatural0"/>
        <CliffMaterial value="Assets\Cliffs\BelShirEx1Cliff0_Material\BelShirEx1Cliff0_Material.m3"/>
        <EditorIcon value="Assets\Textures\ui-editoricon-terraineditor_cliffnatural.dds"/>
    </CCliff>
    <CCliff id="Ashen@Cliff1">
        <CliffMesh value="War3CliffNatural0"/>
        <CliffMaterial value="Assets\Cliffs\AgriaEx1Cliff0_Material\AgriaEx1Cliff0_Material.m3"/>
        <EditorIcon value="Assets\Textures\ui-editoricon-terraineditor_cliffmanmade.dds"/>
    </CCliff>
    <CCliff id="Ice@CliffRuneBricks">
        <CliffMesh value="War3CliffMade16"/>
        <CliffMaterial value="Assets\Cliffs\ShakurasTempleEx2_Cliff1_Material\ShakurasTempleEx2_Cliff1_Material.m3"/>
        <EditorIcon value="Assets\Textures\ui-editoricon-terraineditor_clifftemple.dds"/>
    </CCliff>
</Catalog>
