<?xml version="1.0" encoding="utf-8"?>
<Catalog>
    <CDataCollectionPattern id="War3_BuffGeneric">
        <Fields Reference="DataCollection,^ParamId^,EditorSuffix"/>
        <Fields Reference="DataCollection,^ParamId^,InfoText"/>
        <Fields Reference="Actor,^ParamId^,Model" NameOverride="DataPattern/TargetArt"/>
        <Fields Reference="Actor,^ParamId^@Caster,Model" NameOverride="DataPattern/CasterArt"/>
        <Fields Reference="Actor,^ParamId^@Target,Model" NameOverride="DataPattern/TargetArt"/>
        <Fields Reference="Actor,^ParamId^@Special,Model" NameOverride="DataPattern/SpecialArt"/>
        <Fields Reference="Actor,^ParamId^@Effect,Model" NameOverride="DataPattern/EffectArt"/>
        <Fields Reference="Actor,^ParamId^@Beam,Model" NameOverride="DataPattern/LightningEffect"/>
        <Fields Reference="Actor,^ParamId^@Beam1,Model" NameOverride="DataPattern/LightningEffect1"/>
        <Fields Reference="Actor,^ParamId^@Beam2,Model" NameOverride="DataPattern/LightningEffect2"/>
        <Fields Reference="Model,^ParamId^@Missile,Model" NameOverride="DataPattern/MissileArt"/>
        <Fields Reference="Mover,^ParamId^@Missile,MotionPhases[0].MaxSpeed" NameOverride="DataPattern/MissileSpeed"/>
        <Fields Reference="Behavior,^ParamId^,InfoIcon"/>
        <Tokens Reference="Actor,^ParamId^,effectsound"/>
        <Tokens Reference="Actor,^ParamId^,effectsoundlooped"/>
    </CDataCollectionPattern>
    <CDataCollectionPattern id="War3_ArmyGeneric">
        <Fields Reference="DataCollection,^ParamId^,EditorSuffix"/>
        <Fields Reference="Requirement,^ParamId^,NodeArray"/>
        <Fields Reference="Button,^ParamId^,Icon"/>
        <Fields Reference="Button,^ParamId^,AlertIcon"/>
        <Fields Reference="Button,^ParamId^,DefaultButtonLayout"/>
        <Fields Reference="Button,^ParamId^,Hotkey"/>
        <Fields Reference="Button,^ParamId^,Tooltip"/>
        <Fields Reference="Actor,^ParamId^,BarOffset"/>
        <Fields Reference="Actor,^ParamId^,BarWidth"/>
        <Fields Reference="Actor,^ParamId^,UnitIcon"/>
        <Fields Reference="Actor,^ParamId^,GroupIcon"/>
        <Fields Reference="Actor,^ParamId^,WalkAnimMoveSpeed"/>
        <Fields Reference="Actor,^ParamId^,Scale"/>
        <Fields Reference="Model,^ParamId^,SelectionRadius"/>
        <Fields Reference="Actor,^ParamId^,Model"/>
        <Fields Reference="Actor,^ParamId^,PortraitModel" NameOverride="DataPattern/PortraitModel"/>
        <Fields Reference="Unit,^ParamId^,LifeStart"/>
        <Fields Reference="Unit,^ParamId^,LifeMax"/>
        <Fields Reference="Unit,^ParamId^,LifeRegenRate"/>
        <Fields Reference="Unit,^ParamId^,LifeRegenRateCreep"/>
        <Fields Reference="Unit,^ParamId^,LifeRegenRateNight"/>
        <Fields Reference="Unit,^ParamId^,DeathTime"/>
        <Fields Reference="Unit,^ParamId^,Level"/>
        <Fields Reference="Unit,^ParamId^,ArmorType"/>
        <Fields Reference="Unit,^ParamId^,LifeArmor"/>
        <Fields Reference="Unit,^ParamId^,EnergyStart"/>
        <Fields Reference="Unit,^ParamId^,EnergyMax"/>
        <Fields Reference="Unit,^ParamId^,EnergyRegenRate"/>
        <Fields Reference="Unit,^ParamId^,EnergyRegenRateCreep"/>
        <Fields Reference="Unit,^ParamId^,EnergyRegenRateNight"/>
        <Fields Reference="Unit,^ParamId^,ShieldsStart"/>
        <Fields Reference="Unit,^ParamId^,ShieldsMax"/>
        <Fields Reference="Unit,^ParamId^,ShieldRegenRate"/>
        <Fields Reference="Unit,^ParamId^,Mover"/>
        <Fields Reference="Unit,^ParamId^,Speed"/>
        <Fields Reference="Unit,^ParamId^,Sight"/>
        <Fields Reference="Unit,^ParamId^,SightBonus"/>
        <Fields Reference="Unit,^ParamId^,Height"/>
        <Fields Reference="Unit,^ParamId^,VisionHeight"/>
        <Fields Reference="Unit,^ParamId^,Food"/>
        <Fields Reference="Unit,^ParamId^,CostResource"/>
        <Fields Reference="Unit,^ParamId^,StockCharge"/>
        <Fields Reference="Unit,^ParamId^,BuildTime"/>
        <Fields Reference="Unit,^ParamId^,RepairTime"/>
        <Fields Reference="Unit,^ParamId^,KillResource"/>
        <Fields Reference="Unit,^ParamId^,AbilArray"/>
        <!--Fields Reference="Unit,^ParamId^,BehaviorArray"/-->
        <!--Fields Reference="Unit,^ParamId^,TurretArray"/-->
        <!--Fields Reference="Unit,^ParamId^,WeaponArray"/-->
        <Fields Reference="Unit,^ParamId^,Radius"/>
        <Fields Reference="Unit,^ParamId^,SeparationRadius"/>
        <Fields Reference="Unit,^ParamId^,FormationRank"/>
        <Fields Reference="Unit,^ParamId^,InnerRadius"/>
        <Fields Reference="Unit,^ParamId^,CargoSize"/>
        <Fields Reference="Unit,^ParamId^,Footprint"/>
        <Fields Reference="Unit,^ParamId^,DeadFootprint"/>
        <Fields Reference="Unit,^ParamId^,PlacementFootprint"/>
        <Fields Reference="Unit,^ParamId^,BuiltOn"/>
        <Fields Reference="Unit,^ParamId^,BuildOnAs"/>
        <Fields Reference="Unit,^ParamId^,SubgroupPriority"/>
        <Fields Reference="DataCollection,^ParamId^,UpgradeInfoUnitLifeArmorPerLevel"/>
        <Fields Reference="DataCollection,^ParamId^,TechInfoUpgradeUsed"/>
        <Fields Reference="Abil,^ParamId^@Train,InfoArray"/>
        <Fields Reference="Abil,^ParamId^@Build,InfoArray"/>
        <Fields Reference="DataCollection,^ParamId^,UpgradeInfoWeapon[0].DamagePerDice" NameOverride="DataPattern/Weapon1DamagePerDice"/>
        <Fields Reference="Actor,^ParamId^@1@LM,Model" NameOverride="DataPattern/Weapon1Model"/>
        <Fields Reference="Mover,^ParamId^@1@LM,MotionPhases[0].MaxSpeed" NameOverride="DataPattern/Weapon1Speed"/>
        <Fields Reference="Weapon,^ParamId^@1,AttackType" NameOverride="DataPattern/Weapon1AttackType"/>
        <Fields Reference="Weapon,^ParamId^@1,MinScanRange" NameOverride="DataPattern/Weapon1MinScanRange"/>
        <Fields Reference="Weapon,^ParamId^@1,TargetFilters" NameOverride="DataPattern/Weapon1TargetFilters"/>
        <Fields Reference="Weapon,^ParamId^@1,Range" NameOverride="DataPattern/Weapon1Range"/>
        <Fields Reference="Weapon,^ParamId^@1,MinimumRange" NameOverride="DataPattern/Weapon1MinRange"/>
        <Fields Reference="Weapon,^ParamId^@1,Period" NameOverride="DataPattern/Weapon1Period"/>
        <Fields Reference="Weapon,^ParamId^@1,DamagePoint" NameOverride="DataPattern/Weapon1DamagePoint"/>
        <Fields Reference="Weapon,^ParamId^@1,Backswing" NameOverride="DataPattern/Weapon1Backswing"/>
        <Fields Reference="Effect,^ParamId^@1,Amount" NameOverride="DataPattern/Weapon1Damage"/>
        <Fields Reference="DataCollection,^ParamId^,UpgradeInfoWeapon[1].DamagePerDice" NameOverride="DataPattern/Weapon2DamagePerDice"/>
        <Fields Reference="Mover,^ParamId^@2@LM,MotionPhases[0].MaxSpeed" NameOverride="DataPattern/Weapon2Speed"/>
        <Fields Reference="Actor,^ParamId^@2@LM,Model" NameOverride="DataPattern/Weapon2Model"/>
        <Fields Reference="Weapon,^ParamId^@2,AttackType" NameOverride="DataPattern/Weapon2AttackType"/>
        <Fields Reference="Weapon,^ParamId^@2,MinScanRange" NameOverride="DataPattern/Weapon2MinScanRange"/>
        <Fields Reference="Weapon,^ParamId^@2,TargetFilters" NameOverride="DataPattern/Weapon2TargetFilters"/>
        <Fields Reference="Weapon,^ParamId^@2,Range" NameOverride="DataPattern/Weapon2Range"/>
        <Fields Reference="Weapon,^ParamId^@2,MinimumRange" NameOverride="DataPattern/Weapon2MinRange"/>
        <Fields Reference="Weapon,^ParamId^@2,Period" NameOverride="DataPattern/Weapon2Period"/>
        <Fields Reference="Weapon,^ParamId^@2,DamagePoint" NameOverride="DataPattern/Weapon2DamagePoint"/>
        <Fields Reference="Weapon,^ParamId^@2,Backswing" NameOverride="DataPattern/Weapon2Backswing"/>
        <Fields Reference="Effect,^ParamId^@2,Amount" NameOverride="DataPattern/Weapon2Damage"/>
    </CDataCollectionPattern>
    <CDataCollectionPattern id="War3_HeroGeneric" parent="War3_ArmyGeneric">
        <Fields Reference="Unit,^ParamId^,RandomNameArray"/>
        <Fields Reference="Unit,^ParamId^,AttributePointsInfoArray"/>
        <Fields Reference="Unit,^ParamId^,LearnInfoArray.Abil" NameOverride="DataPattern/LearnAbilities"/>
        <Fields Reference="Unit,^ParamId^,MainAttribute"/>
    </CDataCollectionPattern>
    <CDataCollectionPattern id="War3_DestructibleGeneric">
        <Fields Reference="DataCollection,^ParamId^,EditorSuffix"/>
        <Fields Reference="Actor,^ParamId^,Scale"/>
        <Fields Reference="Model,^ParamId^,SelectionRadius"/>
        <Fields Reference="Actor,^ParamId^,Model"/>
        <Fields Reference="Actor,^ParamId^,PortraitModel" NameOverride="DataPattern/PortraitModel"/>
        <Fields Reference="Unit,^ParamId^,LifeStart"/>
        <Fields Reference="Unit,^ParamId^,LifeMax"/>
        <Fields Reference="Unit,^ParamId^,DeathTime"/>
        <Fields Reference="Unit,^ParamId^,Footprint"/>
        <Fields Reference="Unit,^ParamId^,DeadFootprint"/>
    </CDataCollectionPattern>
    <CDataCollectionPattern id="War3_DoodadGeneric">
        <Fields Reference="DataCollection,^ParamId^,EditorSuffix"/>
        <Fields Reference="Model,^ParamId^,ScaleMax"/>
        <Fields Reference="Model,^ParamId^,ScaleMin"/>
        <Fields Reference="Actor,^ParamId^,Model"/>
        <Fields Reference="Actor,^ParamId^,Footprint"/>
    </CDataCollectionPattern>
    <CDataCollectionPattern id="War3_ItemGeneric">
        <Fields Reference="DataCollection,^ParamId^,EditorSuffix"/>
        <Fields Reference="Button,^ParamId^,Icon"/>
        <Fields Reference="Button,^ParamId^,AlertIcon"/>
        <Fields Reference="Button,^ParamId^,DefaultButtonLayout"/>
        <Fields Reference="Button,^ParamId^,Hotkey"/>
        <Fields Reference="Button,^ParamId^,Tooltip"/>
        <Fields Reference="Requirement,^ParamId^,NodeArray"/>
        <Fields Reference="Actor,^ParamId^,Scale"/>
        <Fields Reference="Model,^ParamId^,SelectionRadius"/>
        <Fields Reference="Actor,^ParamId^,Model"/>
        <Fields Reference="Actor,^ParamId^,PortraitModel" NameOverride="DataPattern/PortraitModel"/>
        <Fields Reference="Unit,^ParamId^,LifeStart"/>
        <Fields Reference="Unit,^ParamId^,LifeMax"/>
        <Fields Reference="Unit,^ParamId^,CostResource"/>
        <Fields Reference="Unit,^ParamId^,StockCharge"/>
        <Fields Reference="Unit,^ParamId^,BuildTime"/>
        <Fields Reference="Unit,^ParamId^,RepairTime"/>
        <Fields Reference="Unit,^ParamId^,Radius"/>
        <Fields Reference="Unit,^ParamId^,Footprint"/>
        <Fields Reference="Unit,^ParamId^,DeadFootprint"/>
        <Fields Reference="Item,^ParamId^,Level"/>
        <Fields Reference="Item,^ParamId^,Charge"/>
        <Fields Reference="Item,^ParamId^,Abil"/>
        <Fields Reference="Item,^ParamId^,GroupCooldownLink"/>
        <Fields Reference="Item,^ParamId^,EquipBehaviorArray"/>
        <Fields Reference="Item,^ParamId^,EquipWeaponArray"/>
        <Fields Reference="Item,^ParamId^,CarryBehaviorArray"/>
        <Fields Reference="Item,^ParamId^,CarryWeaponArray"/>
        <Fields Reference="Item,^ParamId^,CasterFilters"/>
        <Fields Reference="Item,^ParamId^,AbilFlags"/>
        <Fields Reference="Item,^ParamId^,CasterFilters"/>
    </CDataCollectionPattern>
    <CDataCollectionPattern id="War3_UpgradeGeneric">
        <Fields Reference="DataCollection,^ParamId^,EditorSuffix"/>
        <Fields Reference="Abil,^ParamId^,InfoArray.Time"/>
        <Fields Reference="Abil,^ParamId^,InfoArray.Resource"/>
        <Fields Reference="Button,^ParamId^,Icon"/>
        <Fields Reference="Button,^ParamId^,AlertIcon"/>
        <Fields Reference="Button,^ParamId^,DefaultButtonLayout"/>
        <Fields Reference="Button,^ParamId^,Hotkey"/>
        <Fields Reference="Button,^ParamId^,Tooltip"/>
        <Fields Reference="Button,^ParamId^@2,Icon"/>
        <Fields Reference="Button,^ParamId^@2,AlertIcon"/>
        <Fields Reference="Button,^ParamId^@2,DefaultButtonLayout"/>
        <Fields Reference="Button,^ParamId^@2,Hotkey"/>
        <Fields Reference="Button,^ParamId^@2,Tooltip"/>
        <Fields Reference="Button,^ParamId^@3,Icon"/>
        <Fields Reference="Button,^ParamId^@3,AlertIcon"/>
        <Fields Reference="Button,^ParamId^@3,DefaultButtonLayout"/>
        <Fields Reference="Button,^ParamId^@3,Hotkey"/>
        <Fields Reference="Button,^ParamId^@3,Tooltip"/>
        <Fields Reference="Requirement,^ParamId^,NodeArray"/>
        <Fields Reference="Requirement,^ParamId^@2,NodeArray"/>
        <Fields Reference="Requirement,^ParamId^@3,NodeArray"/>
        <Fields Reference="Upgrade,^ParamId^,MaxLevel"/>
        <Fields Reference="Upgrade,^ParamId^,EffectArrayTemplate"/>
        <Fields Reference="Upgrade,^ParamId^,Icon"/>
    </CDataCollectionPattern>
</Catalog>
