<?xml version="1.0" encoding="utf-8"?>
<Catalog>
    <CGameUI id="Dflt">
        <CancelTargetModeButtonFace value="CmdCancel"/>
        <CancelPlacementModeButtonFace value="CmdCancelBuild"/>
        <DefaultUIRace value="Human"/>
        <ResourceArray index="Terrazine" Tooltip="UI/RESOURCE_UBERTIP_GOLD"/>
        <ResourceArray index="Custom" Tooltip="UI/RESOURCE_UBERTIP_LUMBER"/>
        <CostDisplayColor index="Terrazine" value="255,255,220,0"/>
        <CostDisplayColor index="Custom" value="255,0,200,80"/>
        <!--SoundData index="Ready" VolumeBaseline="-2.000000"/>
        <SoundData index="Voice" VolumeBaseline="-2.000000"/-->
    </CGameUI>
</Catalog>
