<?xml version="1.0" encoding="utf-8"?>
<Catalog>
    <CGame id="Dflt">
        <CallForHelpPeriod value="30"/>
        <CallForHelpRadius value="20"/>
        <DamageMinimum value="0"/>
        <VeterancySearchRadius value="18.75"/>
        <AcquireLeashRadius value="15.625"/>
        <AcquireLeashResetRadius value="9.375"/>
        <FilterResults index="9" Result="MustTargetRoboticUnits,Errors/Targetward"/>
        <FilterResults index="28" Result="MustTargetEnergyCapableUnits,Errors/Needcaster"/>
        <FilterResults index="32" Result="MustTargetPreventDefeatUnits,Errors/Targetstructure"/>
        <FilterResults index="35" Result="MustTargetResistantUnits,Errors/Targethero"/>
        <FilterResults index="47" Result="CantTargetRoboticUnits,Errors/Noward"/>
        <FilterResults index="49" Result="CantTargetPsionicUnits,Errors/Notancient"/>
        <FilterResults index="57" Result="CantTargetUnitsInAStasisField,Errors/Notethereal"/>
        <FilterResults index="67" Result="CantTargetUnstoppableUnits,Errors/Immunetomagic"/>
        <FilterResults index="71" Result="CantTargetResistantUnits,Errors/Nohero"/>
        <FilterResults Filter="-;Hover" Result="CantTargetThatUnit,Errors/Nowall"/>
        <FilterResults Filter="HarvestableResource;Invulnerable" Result="CantTargetThatUnit,Errors/Targettree"/>
        <FilterResults Filter="Invulnerable;HarvestableResource" Result="CantTargetThatUnit,Errors/Notree"/>
        <TeamColors index="0">
            <Value index="Diffuse" value="0.137255,0.137255,0.137255,1.000000"/>
            <Value index="Emissive" value="0.058824,0.058824,0.058824,1.000000"/>
        </TeamColors>
        <TeamColors index="9" Name="UI/TeamColor10">
            <Value index="Diffuse" value="0.800000,0.800000,0.800000,0.800000"/>
            <Value index="Emissive" value="0.500000,0.500000,0.500000,0.500000"/>
        </TeamColors>
        <TeamColors index="10" Name="UI/TeamColor13">
            <Value index="Diffuse" value="0.588235,1.000000,0.568627,1.000000"/>
            <Value index="Emissive" value="0.517647,1.000000,0.309804,1.000000"/>
        </TeamColors>
        <TeamColors index="13" Name="UI/TeamColor00" UserChoice="0" MinPlayerCount="0">
            <Value index="Diffuse" value="0.137255,0.137255,0.137255,1.000000"/>
            <Value index="Emissive" value="0.058824,0.058824,0.058824,1.000000"/>
        </TeamColors>
        <TeamColors index="14" Name="UI/TeamColor00" UserChoice="0" MinPlayerCount="0"/>
        <TeamColors index="15" Name="UI/TeamColor00" UserChoice="0" MinPlayerCount="0">
            <Value index="Diffuse" value="0.137255,0.137255,0.137255,1.000000"/>
            <Value index="Emissive" value="0.058824,0.058824,0.058824,1.000000"/>
        </TeamColors>
        <TriggerLibs Id="GAw3" IncludePath="TriggerLibs/WarClassic"/>
        <WeaponHighGroundChanceToMiss value="0.25"/>
        <FormationSeparationFactor value="5.5"/>
        <VeterancyLevelKillXPTable value="100"/>
        <VeterancyLevelKillXPTable value="120"/>
        <VeterancyLevelKillXPTable value="160"/>
        <VeterancyLevelKillXPTable value="220"/>
        <VeterancyLevelKillXPTable value="300"/>
        <VeterancyLevelKillXPPreviousValueFactor value="1"/>
        <VeterancyLevelKillXPBonusPerLevel value="100"/>
        <VeterancyKillerFilters value="-;Structure"/>
        <UnitLevelKillXPTable value="25"/>
        <UnitLevelKillXPPreviousValueFactor value="1"/>
        <UnitLevelKillXPLevelFactor value="5"/>
        <UnitLevelKillXPBonusPerLevel value="5"/>
        <GenerateWaterPathing value="1"/>
    </CGame>
</Catalog>
