<?xml version="1.0" encoding="utf-8"?>
<Catalog>
    <CItemClass default="1" id="War3_ItemClass">
        <Name value="WESTRING_ITEMCLASS_##id##"/>
    </CItemClass>
    <CItemClass id="UNKNOWN" parent="War3_ItemClass"/>
    <CItemClass id="ARTIFACT" parent="War3_ItemClass"/>
    <CItemClass id="PERMANENT" parent="War3_ItemClass"/>
    <CItemClass id="CHARGED" parent="War3_ItemClass"/>
    <CItemClass id="POWERUP" parent="War3_ItemClass"/>
    <CItemClass id="PURCHASABLE" parent="War3_ItemClass"/>
    <CItemClass id="CAMPAIGN" parent="War3_ItemClass"/>
    <CItemClass id="MISCELLANEOUS" parent="War3_ItemClass"/>
</Catalog>
