<?xml version="1.0" encoding="utf-8"?>
<Catalog>
    <CItem default="1" id="War3_Item">
        <Class value="UNKNOWN"/>
        <Flags index="UseItemCharge" value="1"/>
    </CItem>
    <CItemAbil default="1" id="War3_ItemAbil" parent="War3_Item"/>
    <CItemAbilPowerUp default="1" id="War3_PowerUpItem" parent="War3_ItemAbil">
        <Class value="POWERUP"/>
        <AbilFlags index="Transient" value="1"/>
    </CItemAbilPowerUp>
    <!--Item Start-->
    <!--Dagger of Escape-->
    <CItemAbil id="desc" parent="War3_ItemAbil">
        <Flags index="IncludeInLootItemPool" value="1"/>
        <Class value="ARTIFACT"/>
        <Level value="7"/>
        <Abil value="AIbk"/>
    </CItemAbil>
    <!--Demonic Figurine-->
    <CItemAbil id="fgdg" parent="War3_ItemAbil">
        <Charge CountMax="5" CountStart="1" CountUse="1"/>
        <Flags index="IncludeInLootItemPool" value="1"/>
        <Flags index="KillWhenDepleted" value="1"/>
        <Class value="CHARGED"/>
        <Level value="6"/>
        <Abil value="AIfu"/>
    </CItemAbil>
    <!--Inferno Stone-->
    <CItemAbil id="infs" parent="War3_ItemAbil">
        <Charge CountMax="5" CountStart="1" CountUse="1"/>
        <Flags index="IncludeInLootItemPool" value="1"/>
        <Flags index="KillWhenDepleted" value="1"/>
        <Class value="CHARGED"/>
        <Level value="6"/>
        <Abil value="AIin"/>
    </CItemAbil>
    <!--Ice Shard-->
    <CItemAbil id="shar" parent="War3_ItemAbil">
        <Charge CountMax="5" CountStart="1" CountUse="1"/>
        <Flags index="IncludeInLootItemPool" value="1"/>
        <Flags index="KillWhenDepleted" value="1"/>
        <Class value="CHARGED"/>
        <Level value="6"/>
        <Abil value="AIir"/>
    </CItemAbil>
    <!--Scroll of Animate Dead-->
    <CItemAbil id="sand" parent="War3_ItemAbil">
        <Charge CountMax="5" CountStart="1" CountUse="1"/>
        <Flags index="IncludeInLootItemPool" value="1"/>
        <Flags index="KillWhenDepleted" value="1"/>
        <Class value="CHARGED"/>
        <Level value="6"/>
        <Abil value="AIan"/>
    </CItemAbil>
    <!--Amulet of the Wild-->
    <CItemAbil id="wild" parent="War3_ItemAbil">
        <Charge CountMax="5" CountStart="1" CountUse="1"/>
        <Flags index="IncludeInLootItemPool" value="1"/>
        <Flags index="KillWhenDepleted" value="1"/>
        <Class value="CHARGED"/>
        <Level value="6"/>
        <Abil value="AIuw"/>
    </CItemAbil>
    <!--Scroll of Resurrection-->
    <CItemAbil id="srrc" parent="War3_ItemAbil">
        <Charge CountMax="5" CountStart="1" CountUse="1"/>
        <Flags index="IncludeInLootItemPool" value="1"/>
        <Flags index="KillWhenDepleted" value="1"/>
        <Class value="CHARGED"/>
        <Level value="6"/>
        <Abil value="AIrs"/>
    </CItemAbil>
    <!--Staff of Silence-->
    <CItemAbil id="ssil" parent="War3_ItemAbil">
        <Flags index="IncludeInLootItemPool" value="1"/>
        <Class value="PERMANENT"/>
        <Level value="6"/>
        <Abil value="AIse"/>
    </CItemAbil>
    <!--Scroll of Restoration-->
    <CItemAbil id="sres" parent="War3_ItemAbil">
        <Charge CountMax="5" CountStart="1" CountUse="1"/>
        <Flags index="IncludeInLootItemPool" value="1"/>
        <Flags index="KillWhenDepleted" value="1"/>
        <Class value="CHARGED"/>
        <Level value="5"/>
        <Abil value="AIra"/>
    </CItemAbil>
    <!--Potion of Divinity-->
    <CItemAbil id="pdiv" parent="War3_ItemAbil">
        <Charge CountMax="5" CountStart="1" CountUse="1"/>
        <Flags index="IncludeInLootItemPool" value="1"/>
        <Flags index="KillWhenDepleted" value="1"/>
        <Class value="CHARGED"/>
        <Level value="5"/>
        <Abil value="AIdv"/>
    </CItemAbil>
    <!--Potion of Restoration-->
    <CItemAbil id="pres" parent="War3_ItemAbil">
        <Charge CountMax="5" CountStart="1" CountUse="1"/>
        <Flags index="IncludeInLootItemPool" value="1"/>
        <Flags index="KillWhenDepleted" value="1"/>
        <Class value="CHARGED"/>
        <Level value="5"/>
        <Abil value="AIre"/>
    </CItemAbil>
    <!--talisman of the wild-->
    <CItemAbil id="totw" parent="War3_ItemAbil">
        <Charge CountMax="6" CountStart="3" CountUse="1"/>
        <Flags index="IncludeInLootItemPool" value="1"/>
        <Flags index="KillWhenDepleted" value="1"/>
        <Class value="CHARGED"/>
        <Level value="5"/>
        <Abil value="AIff"/>
    </CItemAbil>
    <!--Spiked Collar-->
    <CItemAbil id="fgfh" parent="War3_ItemAbil">
        <Charge CountMax="5" CountStart="1" CountUse="1"/>
        <Flags index="IncludeInLootItemPool" value="1"/>
        <Flags index="KillWhenDepleted" value="1"/>
        <Class value="CHARGED"/>
        <Level value="5"/>
        <Abil value="AIfh"/>
    </CItemAbil>
    <!--Red Drake Egg-->
    <CItemAbil id="fgrd" parent="War3_ItemAbil">
        <Charge CountMax="5" CountStart="1" CountUse="1"/>
        <Flags index="IncludeInLootItemPool" value="1"/>
        <Flags index="KillWhenDepleted" value="1"/>
        <Class value="CHARGED"/>
        <Level value="5"/>
        <Abil value="AIfd"/>
    </CItemAbil>
    <!--Stone Token-->
    <CItemAbil id="fgrg" parent="War3_ItemAbil">
        <Charge CountMax="5" CountStart="1" CountUse="1"/>
        <Flags index="IncludeInLootItemPool" value="1"/>
        <Flags index="KillWhenDepleted" value="1"/>
        <Class value="CHARGED"/>
        <Level value="5"/>
        <Abil value="AIfr"/>
    </CItemAbil>
    <!--Crystal Ball-->
    <CItemAbil id="crys" parent="War3_ItemAbil">
        <Flags index="IncludeInLootItemPool" value="1"/>
        <Class value="PERMANENT"/>
        <Level value="5"/>
        <Abil value="AIta"/>
    </CItemAbil>
    <!--Healing Wards-->
    <CItemAbil id="whwd" parent="War3_ItemAbil">
        <Charge CountMax="6" CountStart="3" CountUse="1"/>
        <Flags index="IncludeInLootItemPool" value="1"/>
        <Flags index="KillWhenDepleted" value="1"/>
        <Class value="CHARGED"/>
        <Level value="4"/>
        <Abil value="AIhw"/>
    </CItemAbil>
    <!--Book of the Dead-->
    <CItemAbil id="fgsk" parent="War3_ItemAbil">
        <Charge CountMax="5" CountStart="1" CountUse="1"/>
        <Flags index="IncludeInLootItemPool" value="1"/>
        <Flags index="KillWhenDepleted" value="1"/>
        <Class value="CHARGED"/>
        <Level value="4"/>
        <Abil value="AIfs"/>
    </CItemAbil>
    <!--Wand of the Wind-->
    <CItemAbil id="wcyc" parent="War3_ItemAbil">
        <Charge CountMax="6" CountStart="3" CountUse="1"/>
        <Flags index="IncludeInLootItemPool" value="1"/>
        <Flags index="KillWhenDepleted" value="1"/>
        <Class value="CHARGED"/>
        <Level value="4"/>
        <Abil value="AIcy"/>
    </CItemAbil>
    <!--Health Stone-->
    <CItemAbil id="hlst" parent="War3_ItemAbil">
        <Charge CountMax="5" CountStart="1" CountUse="1"/>
        <Flags index="IncludeInLootItemPool" value="1"/>
        <Flags index="KillWhenDepleted" value="1"/>
        <Class value="CHARGED"/>
        <Level value="4"/>
        <Abil value="AIh2"/>
        <EquipBehaviorArray value="Arll"/>
    </CItemAbil>
    <!--Mana Stone-->
    <CItemAbil id="mnst" parent="War3_ItemAbil">
        <Charge CountMax="5" CountStart="1" CountUse="1"/>
        <Flags index="IncludeInLootItemPool" value="1"/>
        <Flags index="KillWhenDepleted" value="1"/>
        <Class value="CHARGED"/>
        <Level value="4"/>
        <Abil value="AIm2"/>
        <EquipBehaviorArray value="AIrn"/>
    </CItemAbil>
    <!--potion of greater healing-->
    <CItemAbil id="pghe" parent="War3_ItemAbil">
        <Charge CountMax="5" CountStart="1" CountUse="1"/>
        <Flags index="IncludeInLootItemPool" value="1"/>
        <Flags index="KillWhenDepleted" value="1"/>
        <Class value="CHARGED"/>
        <Level value="3"/>
        <Abil value="AIh2"/>
    </CItemAbil>
    <!--Potion of Greater Mana-->
    <CItemAbil id="pgma" parent="War3_ItemAbil">
        <Charge CountMax="5" CountStart="1" CountUse="1"/>
        <Flags index="IncludeInLootItemPool" value="1"/>
        <Flags index="KillWhenDepleted" value="1"/>
        <Class value="CHARGED"/>
        <Level value="3"/>
        <Abil value="AIm2"/>
    </CItemAbil>
    <!--potion of invulnerability-->
    <CItemAbil id="pnvu" parent="War3_ItemAbil">
        <Charge CountMax="5" CountStart="1" CountUse="1"/>
        <Flags index="IncludeInLootItemPool" value="1"/>
        <Flags index="KillWhenDepleted" value="1"/>
        <Class value="CHARGED"/>
        <Level value="3"/>
        <Abil value="AIvu"/>
    </CItemAbil>
    <!--Scroll of the Beast-->
    <CItemAbil id="sror" parent="War3_ItemAbil">
        <Charge CountMax="5" CountStart="1" CountUse="1"/>
        <Flags index="IncludeInLootItemPool" value="1"/>
        <Flags index="KillWhenDepleted" value="1"/>
        <Class value="CHARGED"/>
        <Level value="3"/>
        <Abil value="AIrr"/>
    </CItemAbil>
    <!--Wand of Mana Stealing-->
    <CItemAbil id="woms" parent="War3_ItemAbil">
        <Charge CountMax="6" CountStart="2" CountUse="1"/>
        <Flags index="IncludeInLootItemPool" value="1"/>
        <Flags index="KillWhenDepleted" value="1"/>
        <Class value="CHARGED"/>
        <Level value="3"/>
        <Abil value="Aste"/>
    </CItemAbil>
    <!--Replenishment Potion-->
    <CItemAbil id="rej3" parent="War3_ItemAbil">
        <Charge CountMax="5" CountStart="1" CountUse="1"/>
        <Flags index="IncludeInLootItemPool" value="1"/>
        <Flags index="KillWhenDepleted" value="1"/>
        <Class value="CHARGED"/>
        <Level value="2"/>
        <Abil value="AIp3"/>
    </CItemAbil>
    <!--Wand of Illusion-->
    <CItemAbil id="will" parent="War3_ItemAbil">
        <Charge CountMax="6" CountStart="3" CountUse="1"/>
        <Flags index="IncludeInLootItemPool" value="1"/>
        <Flags index="KillWhenDepleted" value="1"/>
        <Class value="CHARGED"/>
        <Level value="2"/>
        <Abil value="AIil"/>
    </CItemAbil>
    <!--Wand of Lightning Shield-->
    <CItemAbil id="wlsd" parent="War3_ItemAbil">
        <Charge CountMax="6" CountStart="2" CountUse="1"/>
        <Flags index="IncludeInLootItemPool" value="1"/>
        <Flags index="KillWhenDepleted" value="1"/>
        <Class value="CHARGED"/>
        <Level value="2"/>
        <Abil value="AIls"/>
    </CItemAbil>
    <!--Sentry Wards-->
    <CItemAbil id="wswd" parent="War3_ItemAbil">
        <Charge CountMax="6" CountStart="2" CountUse="1"/>
        <Flags index="IncludeInLootItemPool" value="1"/>
        <Flags index="KillWhenDepleted" value="1"/>
        <Class value="CHARGED"/>
        <Level value="2"/>
        <Abil value="AIsw"/>
    </CItemAbil>
    <!--Potion of Lesser Invulnerability-->
    <CItemAbil id="pnvl" parent="War3_ItemAbil">
        <Charge CountMax="5" CountStart="1" CountUse="1"/>
        <Flags index="IncludeInLootItemPool" value="1"/>
        <Flags index="KillWhenDepleted" value="1"/>
        <Class value="PURCHASABLE"/>
        <Level value="2"/>
        <Abil value="AIvl"/>
    </CItemAbil>
    <!--Potion of Omniscience-->
    <CItemAbil id="pomn" parent="War3_ItemAbil">
        <Charge CountMax="5" CountStart="1" CountUse="1"/>
        <Flags index="IncludeInLootItemPool" value="1"/>
        <Flags index="KillWhenDepleted" value="1"/>
        <Class value="CHARGED"/>
        <Abil value="AIrv"/>
    </CItemAbil>
    <!--Wand of Shadowsight-->
    <CItemAbil id="wshs" parent="War3_ItemAbil">
        <Charge CountMax="6" CountStart="2" CountUse="1"/>
        <Flags index="IncludeInLootItemPool" value="1"/>
        <Flags index="KillWhenDepleted" value="1"/>
        <Class value="CHARGED"/>
        <Abil value="Ashs"/>
    </CItemAbil>
    <!--Greater Scroll of Replenishment-->
    <CItemAbil id="rej6" parent="War3_ItemAbil">
        <Charge CountMax="5" CountStart="1" CountUse="1"/>
        <Class value="MISCELLANEOUS"/>
        <Level value="6"/>
        <Abil value="AIp6"/>
        <Flags index="KillWhenDepleted" value="1"/>
    </CItemAbil>
    <!--Lesser Scroll of Replenishment-->
    <CItemAbil id="rej5" parent="War3_ItemAbil">
        <Charge CountMax="5" CountStart="1" CountUse="1"/>
        <Class value="MISCELLANEOUS"/>
        <Level value="5"/>
        <Abil value="AIp5"/>
        <Flags index="KillWhenDepleted" value="1"/>
    </CItemAbil>
    <!--Greater Replenishment Potion-->
    <CItemAbil id="rej4" parent="War3_ItemAbil">
        <Charge CountMax="5" CountStart="1" CountUse="1"/>
        <Class value="MISCELLANEOUS"/>
        <Level value="4"/>
        <Abil value="AIp4"/>
        <Flags index="KillWhenDepleted" value="1"/>
    </CItemAbil>
    <!--Diamond of Summoning-->
    <CItemAbil id="dsum" parent="War3_ItemAbil">
        <Class value="PERMANENT"/>
        <Level value="4"/>
        <Abil value="AUds"/>
    </CItemAbil>
    <!--Tome of Retraining-->
    <CItemAbil id="tret" parent="War3_ItemAbil">
        <Charge CountMax="5" CountStart="1" CountUse="1"/>
        <Class value="PURCHASABLE"/>
        <Level value="3"/>
        <Abil value="Aret"/>
        <Flags index="KillWhenDepleted" value="1"/>
    </CItemAbil>
    <!--Tiny Great Hall-->
    <CItemAbil id="tgrh" parent="War3_ItemAbil">
        <Charge CountMax="5" CountStart="1" CountUse="1"/>
        <Class value="PURCHASABLE"/>
        <Level value="3"/>
        <Abil value="AIbg"/>
        <Flags index="KillWhenDepleted" value="1"/>
    </CItemAbil>
    <!--Lesser Replenishment Potion-->
    <CItemAbil id="rej2" parent="War3_ItemAbil">
        <Charge CountMax="5" CountStart="1" CountUse="1"/>
        <Class value="MISCELLANEOUS"/>
        <Level value="2"/>
        <Abil value="AIp2"/>
        <Flags index="KillWhenDepleted" value="1"/>
    </CItemAbil>
    <!--Staff of Teleportation-->
    <CItemAbil id="stel" parent="War3_ItemAbil">
        <Class value="PERMANENT"/>
        <Level value="2"/>
        <Abil value="AImt"/>
    </CItemAbil>
    <!--Scroll of Town Portal-->
    <CItemAbil id="stwp" parent="War3_ItemAbil">
        <Charge CountMax="5" CountStart="1" CountUse="1"/>
        <Class value="PURCHASABLE"/>
        <Level value="2"/>
        <Abil value="AItp"/>
        <Flags index="KillWhenDepleted" value="1"/>
    </CItemAbil>
    <!--Wand of Negation-->
    <CItemAbil id="wneg" parent="War3_ItemAbil">
        <Charge CountMax="6" CountStart="3" CountUse="1"/>
        <Class value="PURCHASABLE"/>
        <Level value="2"/>
        <Abil value="AIdi"/>
        <Flags index="KillWhenDepleted" value="1"/>
    </CItemAbil>
    <!--Staff of Negation-->
    <CItemAbil id="sneg" parent="War3_ItemAbil">
        <Class value="PURCHASABLE"/>
        <Level value="2"/>
        <Abil value="AIds"/>
    </CItemAbil>
    <!--Wand of Neutralization-->
    <CItemAbil id="wneu" parent="War3_ItemAbil">
        <Charge CountMax="4" CountStart="4" CountUse="1"/>
        <Class value="PURCHASABLE"/>
        <Level value="2"/>
        <Abil value="AIdc"/>
        <Flags index="KillWhenDepleted" value="1"/>
    </CItemAbil>
    <!--Scroll of Healing-->
    <CItemAbil id="shea" parent="War3_ItemAbil">
        <Charge CountMax="5" CountStart="1" CountUse="1"/>
        <Class value="PURCHASABLE"/>
        <Level value="2"/>
        <Abil value="AIha"/>
        <Flags index="KillWhenDepleted" value="1"/>
    </CItemAbil>
    <!--Scroll of Mana-->
    <CItemAbil id="sman" parent="War3_ItemAbil">
        <Charge CountMax="5" CountStart="1" CountUse="1"/>
        <Class value="PURCHASABLE"/>
        <Level value="2"/>
        <Abil value="AImr"/>
        <Flags index="KillWhenDepleted" value="1"/>
    </CItemAbil>
    <!--Minor Replenishment Potion-->
    <CItemAbil id="rej1" parent="War3_ItemAbil">
        <Charge CountMax="5" CountStart="1" CountUse="1"/>
        <Class value="MISCELLANEOUS"/>
        <Level value="1"/>
        <Abil value="AIp1"/>
        <Flags index="KillWhenDepleted" value="1"/>
    </CItemAbil>
    <!--Potion of Speed-->
    <CItemAbil id="pspd" parent="War3_ItemAbil">
        <Charge CountMax="5" CountStart="1" CountUse="1"/>
        <Class value="MISCELLANEOUS"/>
        <Level value="1"/>
        <Abil value="AIsp"/>
        <Flags index="KillWhenDepleted" value="1"/>
    </CItemAbil>
    <!--Dust of Appearance-->
    <CItemAbil id="dust" parent="War3_ItemAbil">
        <Charge CountMax="6" CountStart="2" CountUse="1"/>
        <Class value="MISCELLANEOUS"/>
        <Level value="1"/>
        <Abil value="AItb"/>
        <Flags index="KillWhenDepleted" value="1"/>
    </CItemAbil>
    <!--potion of invisibility-->
    <CItemAbil id="pinv" parent="War3_ItemAbil">
        <Charge CountMax="5" CountStart="1" CountUse="1"/>
        <Class value="PURCHASABLE"/>
        <Level value="1"/>
        <Abil value="AIv1"/>
        <Flags index="KillWhenDepleted" value="1"/>
    </CItemAbil>
    <!--potion of healing-->
    <CItemAbil id="phea" parent="War3_ItemAbil">
        <Charge CountMax="5" CountStart="1" CountUse="1"/>
        <Class value="PURCHASABLE"/>
        <Level value="1"/>
        <Abil value="AIh1"/>
        <Flags index="KillWhenDepleted" value="1"/>
    </CItemAbil>
    <!--Potion of Mana-->
    <CItemAbil id="pman" parent="War3_ItemAbil">
        <Charge CountMax="5" CountStart="1" CountUse="1"/>
        <Class value="PURCHASABLE"/>
        <Level value="1"/>
        <Abil value="AIm1"/>
        <Flags index="KillWhenDepleted" value="1"/>
    </CItemAbil>
    <!--Scroll of Protection-->
    <CItemAbil id="spro" parent="War3_ItemAbil">
        <Charge CountMax="5" CountStart="1" CountUse="1"/>
        <Class value="PURCHASABLE"/>
        <Level value="1"/>
        <Abil value="AIda"/>
        <Flags index="KillWhenDepleted" value="1"/>
    </CItemAbil>
    <!--Healing Salve-->
    <CItemAbil id="hslv" parent="War3_ItemAbil">
        <Charge CountMax="6" CountStart="3" CountUse="1"/>
        <Class value="PURCHASABLE"/>
        <Level value="1"/>
        <Abil value="AIrl"/>
        <Flags index="KillWhenDepleted" value="1"/>
    </CItemAbil>
    <!--Moonstone-->
    <CItemAbil id="moon" parent="War3_ItemAbil">
        <Charge CountMax="5" CountStart="1" CountUse="1"/>
        <Class value="PURCHASABLE"/>
        <Level value="1"/>
        <Abil value="AIct"/>
        <Flags index="KillWhenDepleted" value="1"/>
    </CItemAbil>
    <!--Scroll of Speed-->
    <CItemAbil id="shas" parent="War3_ItemAbil">
        <Charge CountMax="5" CountStart="1" CountUse="1"/>
        <Class value="PURCHASABLE"/>
        <Level value="1"/>
        <Abil value="AIsa"/>
        <Flags index="KillWhenDepleted" value="1"/>
    </CItemAbil>
    <!--Sacrificial Skull-->
    <CItemAbil id="skul" parent="War3_ItemAbil">
        <Charge CountMax="5" CountStart="1" CountUse="1"/>
        <Class value="PURCHASABLE"/>
        <Level value="1"/>
        <Abil value="Ablp"/>
        <Flags index="KillWhenDepleted" value="1"/>
    </CItemAbil>
    <!--Mechanical Critter-->
    <CItemAbil id="mcri" parent="War3_ItemAbil">
        <Charge CountMax="5" CountStart="1" CountUse="1"/>
        <Class value="PURCHASABLE"/>
        <Level value="1"/>
        <Abil value="Amec"/>
        <Flags index="KillWhenDepleted" value="1"/>
    </CItemAbil>
    <!--Rod of Necromancy-->
    <CItemAbil id="rnec" parent="War3_ItemAbil">
        <Charge CountMax="4" CountStart="4" CountUse="1"/>
        <Class value="PURCHASABLE"/>
        <Level value="1"/>
        <Abil value="AIrd"/>
        <Flags index="KillWhenDepleted" value="1"/>
    </CItemAbil>
    <!--Ivory Tower-->
    <CItemAbil id="tsct" parent="War3_ItemAbil">
        <Charge CountMax="5" CountStart="1" CountUse="1"/>
        <Class value="PURCHASABLE"/>
        <Level value="1"/>
        <Abil value="AIbt"/>
        <Flags index="KillWhenDepleted" value="1"/>
    </CItemAbil>
    <!--Flare Gun-->
    <CItemAbil id="fgun" parent="War3_ItemAbil">
        <Charge CountMax="6" CountStart="3" CountUse="1"/>
        <Class value="MISCELLANEOUS"/>
        <Abil value="AIfa"/>
        <Flags index="KillWhenDepleted" value="1"/>
    </CItemAbil>
    <!--Monster Lure-->
    <CItemAbil id="lure" parent="War3_ItemAbil">
        <Charge CountMax="5" CountStart="1" CountUse="1"/>
        <Class value="MISCELLANEOUS"/>
        <Abil value="AImo"/>
        <Flags index="KillWhenDepleted" value="1"/>
    </CItemAbil>
    <!--Amulet of Recall-->
    <CItemAbil id="amrc" parent="War3_ItemAbil">
        <Charge CountMax="5" CountStart="1" CountUse="1"/>
        <Class value="MISCELLANEOUS"/>
        <Abil value="AIrt"/>
        <Flags index="KillWhenDepleted" value="1"/>
    </CItemAbil>
    <!--Scepter of Mastery-->
    <CItemAbil id="ccmd" parent="War3_ItemAbil">
        <Charge CountMax="6" CountStart="3" CountUse="1"/>
        <Class value="MISCELLANEOUS"/>
        <Abil value="AIco"/>
        <Flags index="KillWhenDepleted" value="1"/>
    </CItemAbil>
    <!--Goblin Land Mine-->
    <CItemAbil id="gobm" parent="War3_ItemAbil">
        <Charge CountMax="6" CountStart="3" CountUse="1"/>
        <Class value="MISCELLANEOUS"/>
        <Abil value="AIpm"/>
        <Flags index="KillWhenDepleted" value="1"/>
    </CItemAbil>
    <!--Soul Gem-->
    <CItemAbil id="gsou" parent="War3_ItemAbil">
        <Charge CountMax="5" CountStart="1" CountUse="1"/>
        <Class value="MISCELLANEOUS"/>
        <Abil value="AIso"/>
        <Flags index="KillWhenDepleted" value="1"/>
    </CItemAbil>
    <!--Anti-Magic Potion-->
    <CItemAbil id="pams" parent="War3_ItemAbil">
        <Charge CountMax="5" CountStart="1" CountUse="1"/>
        <Class value="MISCELLANEOUS"/>
        <Abil value="AIxs"/>
        <Flags index="KillWhenDepleted" value="1"/>
    </CItemAbil>
    <!--potion of greater invisibility-->
    <CItemAbil id="pgin" parent="War3_ItemAbil">
        <Charge CountMax="5" CountStart="1" CountUse="1"/>
        <Class value="MISCELLANEOUS"/>
        <Abil value="AIv2"/>
        <Flags index="KillWhenDepleted" value="1"/>
    </CItemAbil>
    <!--Spell Book-->
    <CItemAbil id="sbok" parent="War3_ItemAbil">
        <Class value="MISCELLANEOUS"/>
        <EquipBehaviorArray value="Aspb"/>
        <Abil value="Aspb"/>
    </CItemAbil>
    <!--Staff of Preservation-->
    <CItemAbil id="spre" parent="War3_ItemAbil">
        <Class value="MISCELLANEOUS"/>
        <Abil value="ANpr"/>
    </CItemAbil>
    <!--Horn of the Clouds-->
    <CItemAbil id="sfog" parent="War3_ItemAbil">
        <Class value="MISCELLANEOUS"/>
        <Abil value="AIfg"/>
    </CItemAbil>
    <!--Shamanic Totem-->
    <CItemAbil id="shtm" parent="War3_ItemAbil">
        <Class value="MISCELLANEOUS"/>
        <Abil value="AIps"/>
    </CItemAbil>
    <!--Essence of Aszune-->
    <CItemAbil id="esaz" parent="War3_ItemAbil">
        <Class value="MISCELLANEOUS"/>
        <Abil value="AIh3"/>
    </CItemAbil>
    <!--Tiny Blacksmith-->
    <CItemAbil id="tbsm" parent="War3_ItemAbil">
        <Charge CountMax="5" CountStart="1" CountUse="1"/>
        <Class value="MISCELLANEOUS"/>
        <Abil value="AIbb"/>
        <Flags index="KillWhenDepleted" value="1"/>
    </CItemAbil>
    <!--Tiny Farm-->
    <CItemAbil id="tfar" parent="War3_ItemAbil">
        <Charge CountMax="5" CountStart="1" CountUse="1"/>
        <Class value="MISCELLANEOUS"/>
        <Abil value="AIbf"/>
        <Flags index="KillWhenDepleted" value="1"/>
    </CItemAbil>
    <!--Tiny Lumber Mill-->
    <CItemAbil id="tlum" parent="War3_ItemAbil">
        <Charge CountMax="5" CountStart="1" CountUse="1"/>
        <Class value="MISCELLANEOUS"/>
        <Abil value="AIbr"/>
        <Flags index="KillWhenDepleted" value="1"/>
    </CItemAbil>
    <!--Tiny Barracks-->
    <CItemAbil id="tbar" parent="War3_ItemAbil">
        <Charge CountMax="5" CountStart="1" CountUse="1"/>
        <Class value="MISCELLANEOUS"/>
        <Abil value="AIbs"/>
        <Flags index="KillWhenDepleted" value="1"/>
    </CItemAbil>
    <!--Tiny Altar of Kings-->
    <CItemAbil id="tbak" parent="War3_ItemAbil">
        <Charge CountMax="5" CountStart="1" CountUse="1"/>
        <Class value="MISCELLANEOUS"/>
        <Abil value="AIbh"/>
        <Flags index="KillWhenDepleted" value="1"/>
    </CItemAbil>
    <!--Staff of Reanimation-->
    <CItemAbil id="stre" parent="War3_ItemAbil">
        <Class value="MISCELLANEOUS"/>
        <Abil value="AInd"/>
    </CItemAbil>
    <!--Helm of Battlethirst-->
    <CItemAbil id="hbth" parent="War3_ItemAbil">
        <Class value="MISCELLANEOUS"/>
        <Abil value="AIxk"/>
        <EquipBehaviorArray value="AIa4"/>
        <EquipBehaviorArray value="AIs4"/>
    </CItemAbil>
    <!--Gloves of Spell Mastery-->
    <CItemAbil id="gvsm" parent="War3_ItemAbil">
        <Class value="MISCELLANEOUS"/>
        <Abil value="AIcm"/>
        <EquipBehaviorArray value="AIi6"/>
    </CItemAbil>
    <!--Crown of the Deathlord-->
    <CItemAbil id="crdt" parent="War3_ItemAbil">
        <Class value="MISCELLANEOUS"/>
        <Abil value="AIfz"/>
        <EquipBehaviorArray value="AIlf"/>
        <EquipBehaviorArray value="AImz"/>
    </CItemAbil>
    <!--Arcane Scroll-->
    <CItemAbil id="arsc" parent="War3_ItemAbil">
        <Charge CountMax="5" CountStart="1" CountUse="1"/>
        <Class value="MISCELLANEOUS"/>
        <Abil value="AIdb"/>
        <Flags index="KillWhenDepleted" value="1"/>
    </CItemAbil>
    <!--Scroll of the Unholy Legion-->
    <CItemAbil id="scul" parent="War3_ItemAbil">
        <Charge CountMax="5" CountStart="1" CountUse="1"/>
        <Class value="MISCELLANEOUS"/>
        <Abil value="AIan"/>
        <Flags index="KillWhenDepleted" value="1"/>
    </CItemAbil>
    <!--Tome of Sacrifices-->
    <CItemAbil id="tmsc" parent="War3_ItemAbil">
        <Class value="MISCELLANEOUS"/>
        <Abil value="AIdp"/>
        <EquipBehaviorArray value="AImz"/>
    </CItemAbil>
    <!--Drek'thar's Spellbook-->
    <CItemAbil id="dtsb" parent="War3_ItemAbil">
        <Class value="MISCELLANEOUS"/>
        <Abil value="AItp"/>
        <EquipBehaviorArray value="AImv"/>
        <EquipBehaviorArray value="AIsr"/>
    </CItemAbil>
    <!--Grimoire of Souls-->
    <CItemAbil id="grsl" parent="War3_ItemAbil">
        <Charge CountMax="10" CountStart="10" CountUse="1"/>
        <Class value="MISCELLANEOUS"/>
        <Abil value="AIpx"/>
        <Flags index="KillWhenDepleted" value="1"/>
    </CItemAbil>
    <!--Thunderlizard Diamond-->
    <CItemAbil id="thdm" parent="War3_ItemAbil">
        <Class value="MISCELLANEOUS"/>
        <Abil value="AIcl"/>
    </CItemAbil>
    <!--Stuffed Penguin-->
    <CItemAbil id="stpg" parent="War3_ItemAbil">
        <Class value="MISCELLANEOUS"/>
        <Abil value="AIpz"/>
    </CItemAbil>
    <!--Shimmerglaze Roast-->
    <CItemAbil id="shrs" parent="War3_ItemAbil">
        <Charge CountMax="6" CountStart="6" CountUse="1"/>
        <Class value="MISCELLANEOUS"/>
        <Abil value="AIhx"/>
        <Flags index="KillWhenDepleted" value="1"/>
    </CItemAbil>
    <!--Celestial Orb of Souls-->
    <CItemAbil id="cosl" parent="War3_ItemAbil">
        <Class value="MISCELLANEOUS"/>
        <Abil value="AIrx"/>
    </CItemAbil>
    <!--Enchanted Vial-->
    <CItemAbil id="envl" parent="War3_ItemAbil">
        <Charge CountMax="5" CountStart="5" CountUse="1"/>
        <Class value="MISCELLANEOUS"/>
        <Abil value="AIp3"/>
        <Flags index="KillWhenDepleted" value="1"/>
    </CItemAbil>
    <!--Rod of the Sea-->
    <CItemAbil id="rots" parent="War3_ItemAbil">
        <Charge CountMax="5" CountStart="5" CountUse="1"/>
        <Class value="MISCELLANEOUS"/>
        <Abil value="AIwm"/>
        <EquipBehaviorArray value="AIx2"/>
        <Flags index="KillWhenDepleted" value="1"/>
    </CItemAbil>
    <!--Ancestral Staff-->
    <CItemAbil id="axas" parent="War3_ItemAbil">
        <Class value="MISCELLANEOUS"/>
        <Abil value="AIsh"/>
        <EquipBehaviorArray value="AIae"/>
    </CItemAbil>
    <!--Scepter of Healing-->
    <CItemAbil id="schl" parent="War3_ItemAbil">
        <Class value="MISCELLANEOUS"/>
        <Abil value="AIhl"/>
        <EquipBehaviorArray value="AIgx"/>
    </CItemAbil>
    <!--Clarity Potion-->
    <CItemAbil id="pclr" parent="War3_ItemAbil">
        <Charge CountMax="5" CountStart="1" CountUse="1"/>
        <Class value="PURCHASABLE"/>
        <Abil value="AIpr"/>
        <Flags index="KillWhenDepleted" value="1"/>
    </CItemAbil>
    <!--Lesser Clarity Potion-->
    <CItemAbil id="plcl" parent="War3_ItemAbil">
        <Charge CountMax="5" CountStart="1" CountUse="1"/>
        <Class value="PURCHASABLE"/>
        <Abil value="AIpl"/>
        <Flags index="KillWhenDepleted" value="1"/>
    </CItemAbil>
    <!--Spider Silk-->
    <CItemAbil id="silk" parent="War3_ItemAbil">
        <Charge CountMax="4" CountStart="4" CountUse="1"/>
        <Class value="PURCHASABLE"/>
        <Abil value="AIwb"/>
        <Flags index="KillWhenDepleted" value="1"/>
    </CItemAbil>
    <!--Potion of Vampirism-->
    <CItemAbil id="vamp" parent="War3_ItemAbil">
        <Charge CountMax="5" CountStart="1" CountUse="1"/>
        <Class value="PURCHASABLE"/>
        <Abil value="AIpv"/>
        <Flags index="KillWhenDepleted" value="1"/>
    </CItemAbil>
    <!--Scroll of Regeneration-->
    <CItemAbil id="sreg" parent="War3_ItemAbil">
        <Charge CountMax="5" CountStart="1" CountUse="1"/>
        <Class value="PURCHASABLE"/>
        <Abil value="AIsl"/>
        <Flags index="KillWhenDepleted" value="1"/>
    </CItemAbil>
    <!--Staff of Sanctuary-->
    <CItemAbil id="ssan" parent="War3_ItemAbil">
        <Class value="PURCHASABLE"/>
        <Abil value="ANsa"/>
    </CItemAbil>
    <!--Tiny Castle-->
    <CItemAbil id="tcas" parent="War3_ItemAbil">
        <Charge CountMax="5" CountStart="1" CountUse="1"/>
        <Class value="PURCHASABLE"/>
        <Abil value="AIbl"/>
        <Flags index="KillWhenDepleted" value="1"/>
    </CItemAbil>
    <!--Crown of Kings +5-->
    <CItem id="ckng" parent="War3_Item">
        <Flags index="IncludeInLootItemPool" value="1"/>
        <Class value="ARTIFACT"/>
        <Level value="8"/>
        <EquipBehaviorArray value="AIx5"/>
    </CItem>
    <!--mask of death-->
    <CItem id="modt" parent="War3_Item">
        <Flags index="IncludeInLootItemPool" value="1"/>
        <Class value="ARTIFACT"/>
        <Level value="8"/>
        <EquipBehaviorArray value="AIva"/>
    </CItem>
    <!--Claws of Attack +15-->
    <CItem id="ratf" parent="War3_Item">
        <Flags index="IncludeInLootItemPool" value="1"/>
        <Class value="ARTIFACT"/>
        <Level value="7"/>
        <EquipBehaviorArray value="AItf"/>
    </CItem>
    <!--Ring of Protection +5-->
    <CItem id="rde4" parent="War3_Item">
        <Flags index="IncludeInLootItemPool" value="1"/>
        <Class value="ARTIFACT"/>
        <Level value="7"/>
        <EquipBehaviorArray value="AId5"/>
    </CItem>
    <!--Orb of Frost-->
    <CItem id="ofro" parent="War3_Item">
        <Flags index="IncludeInLootItemPool" value="1"/>
        <Class value="ARTIFACT"/>
        <Level value="7"/>
        <EquipBehaviorArray value="AIob"/>
    </CItem>
    <!--Orb of Darkness-->
    <CItem id="odef" parent="War3_Item">
        <Flags index="IncludeInLootItemPool" value="1"/>
        <Class value="PERMANENT"/>
        <Level value="6"/>
        <EquipBehaviorArray value="AIdf"/>
    </CItem>
    <!--Ring of Protection +4-->
    <CItem id="rde3" parent="War3_Item">
        <Flags index="IncludeInLootItemPool" value="1"/>
        <Class value="PERMANENT"/>
        <Level value="6"/>
        <EquipBehaviorArray value="AId4"/>
    </CItem>
    <!--Pendant of Mana-->
    <CItem id="pmna" parent="War3_Item">
        <Flags index="IncludeInLootItemPool" value="1"/>
        <Class value="PERMANENT"/>
        <Level value="6"/>
        <EquipBehaviorArray value="AIbm"/>
    </CItem>
    <!--Khadgar's Gem of Health-->
    <CItem id="rhth" parent="War3_Item">
        <Flags index="IncludeInLootItemPool" value="1"/>
        <Class value="PERMANENT"/>
        <Level value="6"/>
        <EquipBehaviorArray value="AIl2"/>
    </CItem>
    <!--Amulet of Spell Shield-->
    <CItem id="spsh" parent="War3_Item">
        <Flags index="IncludeInLootItemPool" value="1"/>
        <Class value="PERMANENT"/>
        <Level value="6"/>
        <EquipBehaviorArray value="ANss"/>
    </CItem>
    <!--Hood of Cunning-->
    <CItem id="hcun" parent="War3_Item">
        <Flags index="IncludeInLootItemPool" value="1"/>
        <Class value="PERMANENT"/>
        <Level value="5"/>
        <EquipBehaviorArray value="AIa4"/>
        <EquipBehaviorArray value="AIi4"/>
    </CItem>
    <!--Helm of Valor-->
    <CItem id="hval" parent="War3_Item">
        <Flags index="IncludeInLootItemPool" value="1"/>
        <Class value="PERMANENT"/>
        <Level value="5"/>
        <EquipBehaviorArray value="AIs4"/>
        <EquipBehaviorArray value="AIa4"/>
    </CItem>
    <!--Medallion of Courage-->
    <CItem id="mcou" parent="War3_Item">
        <Flags index="IncludeInLootItemPool" value="1"/>
        <Class value="PERMANENT"/>
        <Level value="5"/>
        <EquipBehaviorArray value="AIs4"/>
        <EquipBehaviorArray value="AIi4"/>
    </CItem>
    <!--Ancient Janggo of Endurance-->
    <CItem id="ajen" parent="War3_Item">
        <Flags index="IncludeInLootItemPool" value="1"/>
        <Class value="PERMANENT"/>
        <Level value="5"/>
        <EquipBehaviorArray value="AIae"/>
    </CItem>
    <!--Cloak of Flames-->
    <CItem id="clfm" parent="War3_Item">
        <Flags index="IncludeInLootItemPool" value="1"/>
        <Class value="PERMANENT"/>
        <Level value="5"/>
        <EquipBehaviorArray value="AIcf"/>
    </CItem>
    <!--Claws of Attack +12-->
    <CItem id="ratc" parent="War3_Item">
        <Flags index="IncludeInLootItemPool" value="1"/>
        <Class value="PERMANENT"/>
        <Level value="5"/>
        <EquipBehaviorArray value="AItc"/>
    </CItem>
    <!--Warsong Battle Drums-->
    <CItem id="ward" parent="War3_Item">
        <Flags index="IncludeInLootItemPool" value="1"/>
        <Class value="PERMANENT"/>
        <Level value="5"/>
        <EquipBehaviorArray value="AIcd"/>
    </CItem>
    <!--Khadgar's Pipe of Insight-->
    <CItem id="kpin" parent="War3_Item">
        <Flags index="IncludeInLootItemPool" value="1"/>
        <Class value="PERMANENT"/>
        <Level value="5"/>
        <EquipBehaviorArray value="AIba"/>
    </CItem>
    <!--Legion Doom-Horn-->
    <CItem id="lgdh" parent="War3_Item">
        <Flags index="IncludeInLootItemPool" value="1"/>
        <Class value="PERMANENT"/>
        <Level value="5"/>
        <EquipBehaviorArray value="AIau"/>
    </CItem>
    <!--Ankh of Reincarnation-->
    <CItem id="ankh" parent="War3_Item">
        <Charge CountMax="5" CountStart="1" CountUse="1"/>
        <Flags index="IncludeInLootItemPool" value="1"/>
        <Flags index="KillWhenDepleted" value="1"/>
        <Class value="CHARGED"/>
        <Level value="4"/>
        <EquipBehaviorArray value="AIrc"/>
    </CItem>
    <!--Boots of Quel'Thalas +6-->
    <CItem id="belv" parent="War3_Item">
        <Flags index="IncludeInLootItemPool" value="1"/>
        <Class value="PERMANENT"/>
        <Level value="4"/>
        <EquipBehaviorArray value="AIa6"/>
    </CItem>
    <!--Belt of Giant Strength +6-->
    <CItem id="bgst" parent="War3_Item">
        <Flags index="IncludeInLootItemPool" value="1"/>
        <Class value="PERMANENT"/>
        <Level value="4"/>
        <EquipBehaviorArray value="AIs6"/>
    </CItem>
    <!--Robe of the Magi +6-->
    <CItem id="ciri" parent="War3_Item">
        <Flags index="IncludeInLootItemPool" value="1"/>
        <Class value="PERMANENT"/>
        <Level value="4"/>
        <EquipBehaviorArray value="AIi6"/>
    </CItem>
    <!--Lion Horn of Stormwind-->
    <CItem id="lhst" parent="War3_Item">
        <Flags index="IncludeInLootItemPool" value="1"/>
        <Class value="PERMANENT"/>
        <Level value="4"/>
        <EquipBehaviorArray value="AIad"/>
    </CItem>
    <!--Alleria's Flute of Accuracy-->
    <CItem id="afac" parent="War3_Item">
        <Flags index="IncludeInLootItemPool" value="1"/>
        <Class value="PERMANENT"/>
        <Level value="4"/>
        <EquipBehaviorArray value="AIar"/>
    </CItem>
    <!--Scourge Bone Chimes-->
    <CItem id="sbch" parent="War3_Item">
        <Flags index="IncludeInLootItemPool" value="1"/>
        <Class value="PERMANENT"/>
        <Level value="4"/>
        <EquipBehaviorArray value="AIav"/>
    </CItem>
    <!--Runed Bracers-->
    <CItem id="brac" parent="War3_Item">
        <Flags index="IncludeInLootItemPool" value="1"/>
        <Class value="PERMANENT"/>
        <Level value="4"/>
        <EquipBehaviorArray value="AIsr"/>
    </CItem>
    <!--Sobi Mask-->
    <CItem id="rwiz" parent="War3_Item">
        <Flags index="IncludeInLootItemPool" value="1"/>
        <Class value="PERMANENT"/>
        <Level value="4"/>
        <EquipBehaviorArray value="AIrm"/>
    </CItem>
    <!--Talisman of Evasion-->
    <CItem id="evtl" parent="War3_Item">
        <Flags index="IncludeInLootItemPool" value="1"/>
        <Class value="PERMANENT"/>
        <Level value="3"/>
        <EquipBehaviorArray value="AIev"/>
    </CItem>
    <!--Pendant of Energy-->
    <CItem id="penr" parent="War3_Item">
        <Flags index="IncludeInLootItemPool" value="1"/>
        <Class value="PERMANENT"/>
        <Level value="3"/>
        <EquipBehaviorArray value="AImb"/>
    </CItem>
    <!--Periapt of Vitality-->
    <CItem id="prvt" parent="War3_Item">
        <Flags index="IncludeInLootItemPool" value="1"/>
        <Class value="PERMANENT"/>
        <Level value="3"/>
        <EquipBehaviorArray value="AIlf"/>
    </CItem>
    <!--Claws of Attack +9-->
    <CItem id="rat9" parent="War3_Item">
        <Flags index="IncludeInLootItemPool" value="1"/>
        <Class value="PERMANENT"/>
        <Level value="3"/>
        <EquipBehaviorArray value="AIt9"/>
    </CItem>
    <!--Ring of Protection +3-->
    <CItem id="rde2" parent="War3_Item">
        <Flags index="IncludeInLootItemPool" value="1"/>
        <Class value="PERMANENT"/>
        <Level value="3"/>
        <EquipBehaviorArray value="AId3"/>
    </CItem>
    <!--Ring of regeneration-->
    <CItem id="rlif" parent="War3_Item">
        <Flags index="IncludeInLootItemPool" value="1"/>
        <Class value="PERMANENT"/>
        <Level value="3"/>
        <EquipBehaviorArray value="Arel"/>
    </CItem>
    <!--Boots of Speed-->
    <CItem id="bspd" parent="War3_Item">
        <Flags index="IncludeInLootItemPool" value="1"/>
        <Class value="PERMANENT"/>
        <Level value="3"/>
        <EquipBehaviorArray value="AIms"/>
    </CItem>
    <!--Circlet of Nobility-->
    <CItem id="cnob" parent="War3_Item">
        <Flags index="IncludeInLootItemPool" value="1"/>
        <Class value="PERMANENT"/>
        <Level value="2"/>
        <EquipBehaviorArray value="AIx2"/>
    </CItem>
    <!--Gloves of Haste-->
    <CItem id="gcel" parent="War3_Item">
        <Flags index="IncludeInLootItemPool" value="1"/>
        <Class value="PERMANENT"/>
        <Level value="2"/>
        <EquipBehaviorArray value="AIsx"/>
    </CItem>
    <!--Claws of Attack +6-->
    <CItem id="rat6" parent="War3_Item">
        <Flags index="IncludeInLootItemPool" value="1"/>
        <Class value="PERMANENT"/>
        <Level value="2"/>
        <EquipBehaviorArray value="AIt6"/>
    </CItem>
    <!--Ring of Protection +2-->
    <CItem id="rde1" parent="War3_Item">
        <Flags index="IncludeInLootItemPool" value="1"/>
        <Class value="PERMANENT"/>
        <Level value="2"/>
        <EquipBehaviorArray value="AId2"/>
    </CItem>
    <!--Cloak of Shadows-->
    <CItem id="clsd" parent="War3_Item">
        <Flags index="IncludeInLootItemPool" value="1"/>
        <Class value="PERMANENT"/>
        <Level value="1"/>
        <EquipBehaviorArray value="Ashm"/>
        <EquipBehaviorArray value="Ashm@Show"/>
    </CItem>
    <!--Slippers of Agility +3-->
    <CItem id="rag1" parent="War3_Item">
        <Flags index="IncludeInLootItemPool" value="1"/>
        <Class value="PERMANENT"/>
        <Level value="1"/>
        <EquipBehaviorArray value="AIa3"/>
    </CItem>
    <!--Mantle of Intelligence +3-->
    <CItem id="rin1" parent="War3_Item">
        <Flags index="IncludeInLootItemPool" value="1"/>
        <Class value="PERMANENT"/>
        <Level value="1"/>
        <EquipBehaviorArray value="AIi3"/>
    </CItem>
    <!--Gauntlets of Ogre Strength +3-->
    <CItem id="rst1" parent="War3_Item">
        <Flags index="IncludeInLootItemPool" value="1"/>
        <Class value="PERMANENT"/>
        <Level value="1"/>
        <EquipBehaviorArray value="AIs3"/>
    </CItem>
    <!--Fourth Ring of the Archmagi-->
    <CItem id="ram4" parent="War3_Item">
        <Class value="MISCELLANEOUS"/>
        <Level value="4"/>
        <EquipBehaviorArray value="AIx3"/>
        <EquipBehaviorArray value="AIba"/>
    </CItem>
    <!--Orb of Fire-->
    <CItem id="ofir" parent="War3_Item">
        <Class value="MISCELLANEOUS"/>
        <Level value="3"/>
        <EquipBehaviorArray value="AIfb"/>
    </CItem>
    <!--Orb of Corruption-->
    <CItem id="ocor" parent="War3_Item">
        <Class value="MISCELLANEOUS"/>
        <Level value="3"/>
        <EquipBehaviorArray value="AIcb"/>
    </CItem>
    <!--Orb of Lightning-->
    <CItem id="oli2" parent="War3_Item">
        <Class value="MISCELLANEOUS"/>
        <Level value="3"/>
        <EquipBehaviorArray value="AIll"/>
    </CItem>
    <!--Orb of Venom-->
    <CItem id="oven" parent="War3_Item">
        <Class value="MISCELLANEOUS"/>
        <Level value="3"/>
        <EquipBehaviorArray value="AIpb"/>
        <EquipBehaviorArray value="Apo2"/>
    </CItem>
    <!--Third Ring of the Archmagi-->
    <CItem id="ram3" parent="War3_Item">
        <Class value="MISCELLANEOUS"/>
        <Level value="3"/>
        <EquipBehaviorArray value="AIx3"/>
    </CItem>
    <!--Gem of True Seeing-->
    <CItem id="gemt" parent="War3_Item">
        <Class value="MISCELLANEOUS"/>
        <Level value="2"/>
        <EquipBehaviorArray value="Adt1"/>
    </CItem>
    <!--Second Ring of the Archmagi-->
    <CItem id="ram2" parent="War3_Item">
        <Class value="MISCELLANEOUS"/>
        <Level value="2"/>
        <EquipBehaviorArray value="AIx2"/>
    </CItem>
    <!--First Ring of the Archmagi-->
    <CItem id="ram1" parent="War3_Item">
        <Class value="MISCELLANEOUS"/>
        <Level value="1"/>
        <EquipBehaviorArray value="AIx1"/>
    </CItem>
    <!--Heart of Aszune-->
    <CItem id="azhr" parent="War3_Item">
        <Class value="CAMPAIGN"/>
    </CItem>
    <!--Empty Vial-->
    <CItem id="bzbe" parent="War3_Item">
        <Class value="CAMPAIGN"/>
    </CItem>
    <!--Full Vial-->
    <CItem id="bzbf" parent="War3_Item">
        <Class value="CAMPAIGN"/>
    </CItem>
    <!--Cheese-->
    <CItem id="ches" parent="War3_Item">
        <Class value="CAMPAIGN"/>
    </CItem>
    <!--Horn of Cenarius-->
    <CItem id="cnhn" parent="War3_Item">
        <Class value="CAMPAIGN"/>
        <EquipBehaviorArray value="Arel"/>
        <EquipBehaviorArray value="AIl1"/>
    </CItem>
    <!--Guldan's Skull-->
    <CItem id="glsk" parent="War3_Item">
        <Class value="CAMPAIGN"/>
    </CItem>
    <!--Glyph of Purification-->
    <CItem id="gopr" parent="War3_Item">
        <Class value="CAMPAIGN"/>
    </CItem>
    <!--Key of 3 Moons - 1-->
    <CItem id="k3m1" parent="War3_Item">
        <Class value="CAMPAIGN"/>
    </CItem>
    <!--Key of 3 Moons - 2-->
    <CItem id="k3m2" parent="War3_Item">
        <Class value="CAMPAIGN"/>
    </CItem>
    <!--Key of 3 Moons - 3-->
    <CItem id="k3m3" parent="War3_Item">
        <Class value="CAMPAIGN"/>
    </CItem>
    <!--Urn of Kel'Thuzad-->
    <CItem id="ktrm" parent="War3_Item">
        <Class value="CAMPAIGN"/>
    </CItem>
    <!--bloody key-->
    <CItem id="kybl" parent="War3_Item">
        <Class value="CAMPAIGN"/>
    </CItem>
    <!--ghost key-->
    <CItem id="kygh" parent="War3_Item">
        <Class value="CAMPAIGN"/>
    </CItem>
    <!--moon key-->
    <CItem id="kymn" parent="War3_Item">
        <Class value="CAMPAIGN"/>
    </CItem>
    <!--sun key-->
    <CItem id="kysn" parent="War3_Item">
        <Class value="CAMPAIGN"/>
    </CItem>
    <!--Gerard's Lost Ledger-->
    <CItem id="ledg" parent="War3_Item">
        <Class value="CAMPAIGN"/>
    </CItem>
    <!--Phat Lewt-->
    <CItem id="phlt" parent="War3_Item">
        <Class value="CAMPAIGN"/>
    </CItem>
    <!--Searinox's Heart-->
    <CItem id="sehr" parent="War3_Item">
        <Class value="CAMPAIGN"/>
    </CItem>
    <!--Enchanted Gemstone-->
    <CItem id="engs" parent="War3_Item">
        <Class value="CAMPAIGN"/>
    </CItem>
    <!--Gem Fragment-->
    <CItem id="gmfr" parent="War3_Item">
        <Class value="CAMPAIGN"/>
    </CItem>
    <!--note to jaina proudmoore-->
    <CItem id="jpnt" parent="War3_Item">
        <Class value="CAMPAIGN"/>
    </CItem>
    <!--Skeletal Artifact-->
    <CItem id="skrt" parent="War3_Item">
        <Class value="CAMPAIGN"/>
    </CItem>
    <!--Wirt's Leg-->
    <CItem id="wtlg" parent="War3_Item">
        <Class value="CAMPAIGN"/>
    </CItem>
    <!--Wirt's Other Leg-->
    <CItem id="wolg" parent="War3_Item">
        <Class value="CAMPAIGN"/>
    </CItem>
    <!--Magtheridon's Keys-->
    <CItem id="mgtk" parent="War3_Item">
        <Class value="CAMPAIGN"/>
    </CItem>
    <!--Mogrin's Report-->
    <CItem id="mort" parent="War3_Item">
        <Class value="CAMPAIGN"/>
    </CItem>
    <!--Orb of Lightning(old)-->
    <CItem id="olig" parent="War3_Item">
        <Class value="MISCELLANEOUS"/>
        <EquipBehaviorArray value="AIlb"/>
        <EquipBehaviorArray value="AIlp"/>
    </CItem>
    <!--human flag-->
    <CItem id="flag" parent="War3_Item">
        <Class value="MISCELLANEOUS"/>
        <EquipBehaviorArray value="AIfm"/>
        <Flags index="DropOnDeath" value="1"/>
    </CItem>
    <!--NightElf flag-->
    <CItem id="nflg" parent="War3_Item">
        <Class value="MISCELLANEOUS"/>
        <EquipBehaviorArray value="AIfn"/>
        <Flags index="DropOnDeath" value="1"/>
    </CItem>
    <!--Necklace of Spell Immunity-->
    <CItem id="nspi" parent="War3_Item">
        <Class value="MISCELLANEOUS"/>
        <EquipBehaviorArray value="AImx"/>
    </CItem>
    <!--Orc flag-->
    <CItem id="oflg" parent="War3_Item">
        <Class value="MISCELLANEOUS"/>
        <EquipBehaviorArray value="AIfo"/>
        <Flags index="DropOnDeath" value="1"/>
    </CItem>
    <!--Claws of Attack +3-->
    <CItem id="rat3" parent="War3_Item">
        <Class value="MISCELLANEOUS"/>
        <EquipBehaviorArray value="AIat"/>
    </CItem>
    <!--Ring of Protection +1-->
    <CItem id="rde0" parent="War3_Item">
        <Class value="MISCELLANEOUS"/>
        <EquipBehaviorArray value="AId1"/>
    </CItem>
    <!--Ring of Superiority-->
    <CItem id="rnsp" parent="War3_Item">
        <Class value="MISCELLANEOUS"/>
        <EquipBehaviorArray value="AIx1"/>
    </CItem>
    <!--Soul-->
    <CItem id="soul" parent="War3_Item">
        <Class value="MISCELLANEOUS"/>
        <Flags index="CanDrop" value="0"/>
    </CItem>
    <!--Goblin Night Scope-->
    <CItem id="tels" parent="War3_Item">
        <Class value="MISCELLANEOUS"/>
        <EquipBehaviorArray value="AIuv"/>
    </CItem>
    <!--Undead flag-->
    <CItem id="uflg" parent="War3_Item">
        <Class value="MISCELLANEOUS"/>
        <EquipBehaviorArray value="AIfe"/>
        <Flags index="DropOnDeath" value="1"/>
    </CItem>
    <!--Ancient Figurine-->
    <CItem id="anfg" parent="War3_Item">
        <Class value="MISCELLANEOUS"/>
        <EquipBehaviorArray value="AIi1"/>
    </CItem>
    <!--Bracer of Agility-->
    <CItem id="brag" parent="War3_Item">
        <Class value="MISCELLANEOUS"/>
        <EquipBehaviorArray value="AIa1"/>
    </CItem>
    <!--Druid Pouch-->
    <CItem id="drph" parent="War3_Item">
        <Class value="MISCELLANEOUS"/>
        <EquipBehaviorArray value="AIi1"/>
    </CItem>
    <!--Ironwood Branch-->
    <CItem id="iwbr" parent="War3_Item">
        <Class value="MISCELLANEOUS"/>
        <EquipBehaviorArray value="AIs1"/>
    </CItem>
    <!--Jade Ring-->
    <CItem id="jdrn" parent="War3_Item">
        <Class value="MISCELLANEOUS"/>
        <EquipBehaviorArray value="AIa1"/>
    </CItem>
    <!--Lion's Ring-->
    <CItem id="lnrn" parent="War3_Item">
        <Class value="MISCELLANEOUS"/>
        <EquipBehaviorArray value="AIa1"/>
    </CItem>
    <!--Maul of Strength-->
    <CItem id="mlst" parent="War3_Item">
        <Class value="MISCELLANEOUS"/>
        <EquipBehaviorArray value="AIs1"/>
    </CItem>
    <!--Orb of Slow-->
    <CItem id="oslo" parent="War3_Item">
        <Class value="MISCELLANEOUS"/>
        <EquipBehaviorArray value="AIsb"/>
    </CItem>
    <!--Skull Shield-->
    <CItem id="sksh" parent="War3_Item">
        <Class value="MISCELLANEOUS"/>
        <EquipBehaviorArray value="AIs1"/>
    </CItem>
    <!--Spider Ring-->
    <CItem id="sprn" parent="War3_Item">
        <Class value="MISCELLANEOUS"/>
        <EquipBehaviorArray value="AIa1"/>
    </CItem>
    <!--Totem of Might-->
    <CItem id="tmmt" parent="War3_Item">
        <Class value="MISCELLANEOUS"/>
        <EquipBehaviorArray value="AIs1"/>
    </CItem>
    <!--Voodoo Doll-->
    <CItem id="vddl" parent="War3_Item">
        <Class value="MISCELLANEOUS"/>
        <EquipBehaviorArray value="AIi1"/>
    </CItem>
    <!--Shadow Orb +1-->
    <CItem id="sor1" parent="War3_Item">
        <Class value="MISCELLANEOUS"/>
        <EquipBehaviorArray value="AItg"/>
        <EquipBehaviorArray value="AIdn"/>
    </CItem>
    <!--Shadow Orb +2-->
    <CItem id="sor2" parent="War3_Item">
        <Class value="MISCELLANEOUS"/>
        <EquipBehaviorArray value="AIth"/>
        <EquipBehaviorArray value="AIdn"/>
    </CItem>
    <!--Shadow Orb +3-->
    <CItem id="sor3" parent="War3_Item">
        <Class value="MISCELLANEOUS"/>
        <EquipBehaviorArray value="AIat"/>
        <EquipBehaviorArray value="AIdn"/>
    </CItem>
    <!--Shadow Orb +4-->
    <CItem id="sor4" parent="War3_Item">
        <Class value="MISCELLANEOUS"/>
        <EquipBehaviorArray value="AIti"/>
        <EquipBehaviorArray value="AId1"/>
        <EquipBehaviorArray value="AIdn"/>
    </CItem>
    <!--Shadow Orb +5-->
    <CItem id="sor5" parent="War3_Item">
        <Class value="MISCELLANEOUS"/>
        <EquipBehaviorArray value="AItj"/>
        <EquipBehaviorArray value="AId1"/>
        <EquipBehaviorArray value="AIdn"/>
    </CItem>
    <!--Shadow Orb +6-->
    <CItem id="sor6" parent="War3_Item">
        <Class value="MISCELLANEOUS"/>
        <EquipBehaviorArray value="AIt6"/>
        <EquipBehaviorArray value="AId1"/>
        <EquipBehaviorArray value="AIdn"/>
    </CItem>
    <!--Shadow Orb +7-->
    <CItem id="sor7" parent="War3_Item">
        <Class value="MISCELLANEOUS"/>
        <EquipBehaviorArray value="AItk"/>
        <EquipBehaviorArray value="AId2"/>
        <EquipBehaviorArray value="AIdn"/>
    </CItem>
    <!--Shadow Orb +8-->
    <CItem id="sor8" parent="War3_Item">
        <Class value="MISCELLANEOUS"/>
        <EquipBehaviorArray value="AItl"/>
        <EquipBehaviorArray value="AId2"/>
        <EquipBehaviorArray value="AIdn"/>
    </CItem>
    <!--Shadow Orb +9-->
    <CItem id="sor9" parent="War3_Item">
        <Class value="MISCELLANEOUS"/>
        <EquipBehaviorArray value="AIt9"/>
        <EquipBehaviorArray value="AId2"/>
        <EquipBehaviorArray value="Arel"/>
        <EquipBehaviorArray value="AIdn"/>
    </CItem>
    <!--Shadow Orb +10-->
    <CItem id="sora" parent="War3_Item">
        <Class value="MISCELLANEOUS"/>
        <EquipBehaviorArray value="AItn"/>
        <EquipBehaviorArray value="AId3"/>
        <EquipBehaviorArray value="Arel"/>
        <EquipBehaviorArray value="AIdn"/>
    </CItem>
    <!--Frostwyrm Skull Shield-->
    <CItem id="fwss" parent="War3_Item">
        <Class value="MISCELLANEOUS"/>
        <EquipBehaviorArray value="AId2"/>
        <EquipBehaviorArray value="AIsr"/>
    </CItem>
    <!--orcish battle standard-->
    <CItem id="btst" parent="War3_Item">
        <Class value="MISCELLANEOUS"/>
        <EquipBehaviorArray value="AIfx"/>
        <Flags index="DropOnDeath" value="1"/>
    </CItem>
    <!--Orb of Kil'jaeden-->
    <CItem id="gldo" parent="War3_Item">
        <Class value="MISCELLANEOUS"/>
        <EquipBehaviorArray value="AIgd"/>
    </CItem>
    <!--Holy Relic-->
    <CItem id="horl" parent="War3_Item">
        <Class value="MISCELLANEOUS"/>
        <EquipBehaviorArray value="AIae"/>
    </CItem>
    <!--Bladebane Armor-->
    <CItem id="blba" parent="War3_Item">
        <Class value="MISCELLANEOUS"/>
        <EquipBehaviorArray value="AId7"/>
        <EquipBehaviorArray value="AIad"/>
    </CItem>
    <!--Runed Gauntlets-->
    <CItem id="rugt" parent="War3_Item">
        <Class value="MISCELLANEOUS"/>
        <EquipBehaviorArray value="AId3"/>
        <EquipBehaviorArray value="AIs3"/>
    </CItem>
    <!--Firehand Gauntlets-->
    <CItem id="frhg" parent="War3_Item">
        <Class value="MISCELLANEOUS"/>
        <EquipBehaviorArray value="AId5"/>
        <EquipBehaviorArray value="AIs2"/>
    </CItem>
    <!--Arcanite Shield-->
    <CItem id="arsh" parent="War3_Item">
        <Class value="MISCELLANEOUS"/>
        <EquipBehaviorArray value="AId5"/>
        <EquipBehaviorArray value="AIdd"/>
    </CItem>
    <!--Shield of the Deathlord-->
    <CItem id="shdt" parent="War3_Item">
        <Class value="MISCELLANEOUS"/>
        <EquipBehaviorArray value="AIlf"/>
        <EquipBehaviorArray value="AImz"/>
        <EquipBehaviorArray value="AId0"/>
        <EquipBehaviorArray value="AIcf"/>
    </CItem>
    <!--Shield of Honor-->
    <CItem id="shhn" parent="War3_Item">
        <Class value="MISCELLANEOUS"/>
        <EquipBehaviorArray value="AId8"/>
        <EquipBehaviorArray value="AIcd"/>
    </CItem>
    <!--Enchanted Shield-->
    <CItem id="shen" parent="War3_Item">
        <Class value="MISCELLANEOUS"/>
        <EquipBehaviorArray value="AId2"/>
        <EquipBehaviorArray value="AIlz"/>
    </CItem>
    <!--Bloodfeather's Heart-->
    <CItem id="bfhr" parent="War3_Item">
        <Class value="MISCELLANEOUS"/>
        <EquipBehaviorArray value="AIaz"/>
    </CItem>
    <!--Shaman Claws-->
    <CItem id="shcw" parent="War3_Item">
        <Class value="MISCELLANEOUS"/>
        <EquipBehaviorArray value="AIlx"/>
    </CItem>
    <!--Searing Blade-->
    <CItem id="srbd" parent="War3_Item">
        <Class value="MISCELLANEOUS"/>
        <EquipBehaviorArray value="AIfw"/>
        <EquipBehaviorArray value="AIcs"/>
    </CItem>
    <!--Frostguard-->
    <CItem id="frgd" parent="War3_Item">
        <Class value="MISCELLANEOUS"/>
        <EquipBehaviorArray value="AIft"/>
        <EquipBehaviorArray value="AId5"/>
    </CItem>
    <!--Rusty Mining Pick-->
    <CItem id="rump" parent="War3_Item">
        <Class value="MISCELLANEOUS"/>
        <EquipBehaviorArray value="AItg"/>
        <EquipBehaviorArray value="AIbx"/>
    </CItem>
    <!--Serathil-->
    <CItem id="srtl" parent="War3_Item">
        <Class value="MISCELLANEOUS"/>
        <EquipBehaviorArray value="AIsx"/>
        <EquipBehaviorArray value="AItf"/>
    </CItem>
    <!--Sturdy War Axe-->
    <CItem id="stwa" parent="War3_Item">
        <Class value="MISCELLANEOUS"/>
        <EquipBehaviorArray value="AItj"/>
    </CItem>
    <!--Killmaim-->
    <CItem id="klmm" parent="War3_Item">
        <Class value="MISCELLANEOUS"/>
        <EquipBehaviorArray value="AItx"/>
        <EquipBehaviorArray value="AIva"/>
    </CItem>
    <!--Mindstaff-->
    <CItem id="mnsf" parent="War3_Item">
        <Class value="MISCELLANEOUS"/>
        <EquipBehaviorArray value="AI2m"/>
        <EquipBehaviorArray value="AIba"/>
    </CItem>
    <!--Assassin's Blade-->
    <CItem id="asbl" parent="War3_Item">
        <Class value="MISCELLANEOUS"/>
        <EquipBehaviorArray value="AIsz"/>
        <EquipBehaviorArray value="AItj"/>
    </CItem>
    <!--Keg of Ale-->
    <CItem id="kgal" parent="War3_Item">
        <Class value="MISCELLANEOUS"/>
        <EquipBehaviorArray value="AIrm"/>
        <EquipBehaviorArray value="Arel"/>
    </CItem>
    <!--Tome of Power-->
    <CItemAbilPowerUp id="tkno" parent="War3_PowerUpItem">
        <Charge CountMax="5" CountStart="1" CountUse="1"/>
        <Flags index="IncludeInLootItemPool" value="1"/>
        <Class value="Artifact"/>
        <Level value="8"/>
        <Abil value="AIlm"/>
    </CItemAbilPowerUp>
    <!--Tome of Agility +2-->
    <CItemAbilPowerUp id="tdx2" parent="War3_PowerUpItem">
        <Charge CountMax="5" CountStart="1" CountUse="1"/>
        <Flags index="IncludeInLootItemPool" value="1"/>
        <Level value="2"/>
        <Abil value="AIgm"/>
    </CItemAbilPowerUp>
    <!--Tome of Experience-->
    <CItemAbilPowerUp id="texp" parent="War3_PowerUpItem">
        <Charge CountMax="5" CountStart="1" CountUse="1"/>
        <Flags index="IncludeInLootItemPool" value="1"/>
        <Level value="2"/>
        <Abil value="AIem"/>
    </CItemAbilPowerUp>
    <!--Tome of Intelligence +2-->
    <CItemAbilPowerUp id="tin2" parent="War3_PowerUpItem">
        <Charge CountMax="5" CountStart="1" CountUse="1"/>
        <Flags index="IncludeInLootItemPool" value="1"/>
        <Level value="2"/>
        <Abil value="AItm"/>
    </CItemAbilPowerUp>
    <!--Tome of Knowledge-->
    <CItemAbilPowerUp id="tpow" parent="War3_PowerUpItem">
        <Charge CountMax="5" CountStart="1" CountUse="1"/>
        <Flags index="IncludeInLootItemPool" value="1"/>
        <Level value="2"/>
        <Abil value="AIxm"/>
    </CItemAbilPowerUp>
    <!--Tome of Strength +2-->
    <CItemAbilPowerUp id="tst2" parent="War3_PowerUpItem">
        <Charge CountMax="5" CountStart="1" CountUse="1"/>
        <Flags index="IncludeInLootItemPool" value="1"/>
        <Level value="2"/>
        <Abil value="AInm"/>
    </CItemAbilPowerUp>
    <!--Manual of Health-->
    <CItemAbilPowerUp id="manh" parent="War3_PowerUpItem">
        <Charge CountMax="5" CountStart="1" CountUse="1"/>
        <Flags index="IncludeInLootItemPool" value="1"/>
        <Level value="1"/>
        <Abil value="AImh"/>
    </CItemAbilPowerUp>
    <!--Tome of Agility +1-->
    <CItemAbilPowerUp id="tdex" parent="War3_PowerUpItem">
        <Charge CountMax="5" CountStart="1" CountUse="1"/>
        <Flags index="IncludeInLootItemPool" value="1"/>
        <Level value="1"/>
        <Abil value="AIam"/>
    </CItemAbilPowerUp>
    <!--Tome of Intelligence-->
    <CItemAbilPowerUp id="tint" parent="War3_PowerUpItem">
        <Charge CountMax="5" CountStart="1" CountUse="1"/>
        <Flags index="IncludeInLootItemPool" value="1"/>
        <Level value="1"/>
        <Abil value="AIim"/>
    </CItemAbilPowerUp>
    <!--Tome of Strength +1-->
    <CItemAbilPowerUp id="tstr" parent="War3_PowerUpItem">
        <Charge CountMax="5" CountStart="1" CountUse="1"/>
        <Flags index="IncludeInLootItemPool" value="1"/>
        <Level value="1"/>
        <Abil value="AIsm"/>
    </CItemAbilPowerUp>
    <!--Shadow Orb Fragment-->
    <CItemAbilPowerUp id="sorf" parent="War3_PowerUpItem">
        <Class value="CAMPAIGN"/>
    </CItemAbilPowerUp>
    <!--shimmerweed-->
    <CItemAbilPowerUp id="shwd" parent="War3_PowerUpItem">
        <Class value="CAMPAIGN"/>
    </CItemAbilPowerUp>
    <!--thunder lizard egg-->
    <CItemAbilPowerUp id="thle" parent="War3_PowerUpItem">
        <Class value="CAMPAIGN"/>
    </CItemAbilPowerUp>
    <!--secret level powerup-->
    <CItemAbilPowerUp id="sclp" parent="War3_PowerUpItem">
        <Class value="CAMPAIGN"/>
    </CItemAbilPowerUp>
    <!--Thunder Hawk Egg-->
    <CItemAbilPowerUp id="dphe" parent="War3_PowerUpItem">
        <Class value="CAMPAIGN"/>
    </CItemAbilPowerUp>
    <!--Keg of Thunderwater-->
    <CItemAbilPowerUp id="dkfw" parent="War3_PowerUpItem">
        <Class value="CAMPAIGN"/>
    </CItemAbilPowerUp>
    <!--Thunderbloom Bulb-->
    <CItemAbilPowerUp id="dthb" parent="War3_PowerUpItem">
        <Class value="CAMPAIGN"/>
    </CItemAbilPowerUp>
    <!--Tome of Greater Experience-->
    <CItemAbilPowerUp id="tgxp" parent="War3_PowerUpItem">
        <Charge CountMax="5" CountStart="1" CountUse="1"/>
        <Class value="MISCELLANEOUS"/>
        <Abil value="AIe2"/>
    </CItemAbilPowerUp>
    <!--Chest of Gold-->
    <CItemAbilPowerUp id="gold" parent="War3_PowerUpItem">
        <Charge CountMax="5" CountStart="1" CountUse="1"/>
        <Abil value="AIgo"/>
    </CItemAbilPowerUp>
    <!--Bundle of Lumber-->
    <CItemAbilPowerUp id="lmbr" parent="War3_PowerUpItem">
        <Charge CountMax="5" CountStart="1" CountUse="1"/>
        <Abil value="AIlu"/>
    </CItemAbilPowerUp>
    <!--Glyph of Fortification-->
    <CItemAbilPowerUp id="gfor" parent="War3_PowerUpItem">
        <Charge CountMax="5" CountStart="1" CountUse="1"/>
        <Abil value="AIgf"/>
    </CItemAbilPowerUp>
    <!--Glyph of UltraVision-->
    <CItemAbilPowerUp id="guvi" parent="War3_PowerUpItem">
        <Charge CountMax="5" CountStart="1" CountUse="1"/>
        <Abil value="AIgu"/>
    </CItemAbilPowerUp>
    <!--Rune of Spirit Link-->
    <CItemAbilPowerUp id="rspl" parent="War3_PowerUpItem">
        <Charge CountMax="5" CountStart="1" CountUse="1"/>
        <Abil value="Aspp"/>
    </CItemAbilPowerUp>
    <!--Rune of Lesser Resurrection-->
    <CItemAbilPowerUp id="rre1" parent="War3_PowerUpItem">
        <Charge CountMax="5" CountStart="1" CountUse="1"/>
        <Abil value="APrl"/>
    </CItemAbilPowerUp>
    <!--Rune of Greater Resurrection-->
    <CItemAbilPowerUp id="rre2" parent="War3_PowerUpItem">
        <Charge CountMax="5" CountStart="1" CountUse="1"/>
        <Abil value="APrr"/>
    </CItemAbilPowerUp>
    <!--Glyph of Omniscience-->
    <CItemAbilPowerUp id="gomn" parent="War3_PowerUpItem">
        <Charge CountMax="5" CountStart="1" CountUse="1"/>
        <Abil value="AIrv"/>
    </CItemAbilPowerUp>
    <!--Rune of Shielding-->
    <CItemAbilPowerUp id="rsps" parent="War3_PowerUpItem">
        <Charge CountMax="5" CountStart="1" CountUse="1"/>
        <Abil value="ANse"/>
    </CItemAbilPowerUp>
    <!--Rune of Speed-->
    <CItemAbilPowerUp id="rspd" parent="War3_PowerUpItem">
        <Charge CountMax="5" CountStart="1" CountUse="1"/>
        <Abil value="APsa"/>
    </CItemAbilPowerUp>
    <!--Rune of Mana(Lesser)-->
    <CItemAbilPowerUp id="rman" parent="War3_PowerUpItem">
        <Charge CountMax="5" CountStart="1" CountUse="1"/>
        <Abil value="APmr"/>
    </CItemAbilPowerUp>
    <!--Rune of Mana(Greater)-->
    <CItemAbilPowerUp id="rma2" parent="War3_PowerUpItem">
        <Charge CountMax="5" CountStart="1" CountUse="1"/>
        <Abil value="APmg"/>
    </CItemAbilPowerUp>
    <!--Rune of Restoration-->
    <CItemAbilPowerUp id="rres" parent="War3_PowerUpItem">
        <Charge CountMax="5" CountStart="1" CountUse="1"/>
        <Abil value="APra"/>
    </CItemAbilPowerUp>
    <!--Rune of Rebirth-->
    <CItemAbilPowerUp id="rreb" parent="War3_PowerUpItem">
        <Charge CountMax="5" CountStart="1" CountUse="1"/>
        <Abil value="AIrb"/>
    </CItemAbilPowerUp>
    <!--Rune of Lesser Healing-->
    <CItemAbilPowerUp id="rhe1" parent="War3_PowerUpItem">
        <Charge CountMax="5" CountStart="1" CountUse="1"/>
        <Abil value="APh1"/>
    </CItemAbilPowerUp>
    <!--Rune of Healing-->
    <CItemAbilPowerUp id="rhe2" parent="War3_PowerUpItem">
        <Charge CountMax="5" CountStart="1" CountUse="1"/>
        <Abil value="APh2"/>
    </CItemAbilPowerUp>
    <!--Rune of Greater Healing-->
    <CItemAbilPowerUp id="rhe3" parent="War3_PowerUpItem">
        <Charge CountMax="5" CountStart="1" CountUse="1"/>
        <Abil value="APh3"/>
    </CItemAbilPowerUp>
    <!--Rune of Dispel Magic-->
    <CItemAbilPowerUp id="rdis" parent="War3_PowerUpItem">
        <Charge CountMax="5" CountStart="1" CountUse="1"/>
        <Abil value="APdi"/>
    </CItemAbilPowerUp>
    <!--Rune of the Watcher-->
    <CItemAbilPowerUp id="rwat" parent="War3_PowerUpItem">
        <Charge CountMax="5" CountStart="1" CountUse="1"/>
        <Abil value="APwt"/>
    </CItemAbilPowerUp>
</Catalog>
