<?xml version="1.0" encoding="utf-8"?>
<Catalog>
    <CLight id="Felwood" parent="default">
        <ToDInfoArray index="0">
            <Id value="Ashen"/>
            <AmbientColor value="0.282353,0.282353,0.282353"/>
            <AmbientEnvironmentMultiplier value="0.313000"/>
            <OperatorHDR value="4"/>
            <Colorize value="1"/>
            <Param index="HDRExposure" value="1.350000"/>
            <Param index="HDRBloomThreshold" value="0.800000"/>
            <Param index="HDRWhitePoint" value="1.850000"/>
            <Param index="HDREmisMultiplier" value="1.380000"/>
            <Param index="HDRGain" value="0.000000"/>
            <Param index="HDRScale" value="0.000000"/>
            <Param index="TerrainSpecularExp" value="11.210000"/>
            <Param index="TerrainHDRSpecular" value="3.750000"/>
            <Param index="CreepSpecularExp" value="18.240000"/>
            <Param index="CreepHDRSpecMultiplier" value="3.000000"/>
            <Param index="ColorizationContrast" value="1.177000"/>
            <Param index="ColorizationHue" value="-0.362000"/>
            <Param index="ColorizationSaturation" value="0.246000"/>
            <Param index="ColorizationLightness" value="0.214000"/>
            <Param index="ColorizationBlend" value="0.331000"/>
            <Param index="AOOcclusionRadius" value="1.000000"/>
            <Param index="AONoOcclusion" value="0.900000"/>
            <Param index="AOOcclusionPower" value="2.000000"/>
            <Param index="AODetailOcclusionRadius" value="0.010000"/>
            <Param index="AODetailNoOcclusion" value="0.060000"/>
            <Param index="AODetailOcclusionPower" value="4.000000"/>
            <DirectionalLight index="Key">
                <Color value="0.729412,0.721569,0.713726"/>
                <ColorMultiplier value="0.733000"/>
                <SpecColorMultiplier value="1.000000"/>
                <Direction value="0.694127,-0.217526,-0.686199"/>
            </DirectionalLight>
            <DirectionalLight index="Fill" Color="0.184314,0.227451,0.231373" ColorMultiplier="1.445000" Direction="0.087874,0.175711,-0.980512"/>
            <DirectionalLight index="Back" Color="0.156863,0.184314,0.219608" ColorMultiplier="2.692000" Direction="-0.709236,0.246704,0.660395"/>
        </ToDInfoArray>
        <EditorCategories value="LightGroup:Tilesets"/>
    </CLight>
    <CLight id="LordaeronSummer" parent="default">
        <ToDInfoArray index="0" AmbientColor="0.411765,0.411765,0.411765" Colorize="1">
            <Param index="HDRExposure" value="1.500000"/>
            <Param index="HDRWhitePoint" value="1.850000"/>
            <Param index="TerrainSpecularExp" value="11.210000"/>
            <Param index="TerrainHDRSpecular" value="3.750000"/>
            <Param index="CreepSpecularExp" value="30.000000"/>
            <Param index="CreepHDRSpecMultiplier" value="3.000000"/>
            <Param index="ColorizationContrast" value="1.066000"/>
            <Param index="ColorizationHue" value="0.001000"/>
            <Param index="ColorizationBlend" value="0.300000"/>
            <DirectionalLight index="Key">
                <Color value="0.921569,1.000000,0.831373"/>
                <ColorMultiplier value="1.000000"/>
                <SpecColorMultiplier value="1.250000"/>
                <Direction value="0.724693,-0.124265,-0.677775"/>
            </DirectionalLight>
            <DirectionalLight index="Fill" Color="0.007843,0.113725,0.082353" ColorMultiplier="3.000000" Direction="-0.463854,-0.769851,0.438371"/>
            <DirectionalLight index="Back" Color="0.058824,0.164706,0.321569" ColorMultiplier="1.496000" Direction="-0.668793,-0.021251,0.743145"/>
        </ToDInfoArray>
        <EditorCategories value="LightGroup:Tilesets"/>
    </CLight>
    <CLight id="Outland">
        <ToDInfoArray index="0">
            <Id value="Outland"/>
            <AmbientColor value="0.443137,0.313726,0.290196"/>
            <OperatorHDR value="1"/>
            <Colorize value="1"/>
            <Param index="HDRExposure" value="1.500000"/>
            <Param index="HDRWhitePoint" value="1.850000"/>
            <Param index="HDRGain" value="1.000000"/>
            <Param index="HDRScale" value="1.000000"/>
            <Param index="TerrainSpecularExp" value="11.210000"/>
            <Param index="TerrainHDRSpecular" value="3.750000"/>
            <Param index="CreepSpecularExp" value="30.000000"/>
            <Param index="CreepHDRSpecMultiplier" value="3.000000"/>
            <Param index="ColorizationContrast" value="1.066000"/>
            <Param index="ColorizationHue" value="0.001000"/>
            <Param index="ColorizationBlend" value="0.300000"/>
            <Param index="AOOcclusionRadius" value="0.100000"/>
            <Param index="AONoOcclusion" value="0.020000"/>
            <Param index="AOOcclusionPower" value="1.970000"/>
            <Param index="AODetailOcclusionRadius" value="0.023000"/>
            <Param index="AODetailNoOcclusion" value="0.015000"/>
            <Param index="AODetailOcclusionPower" value="3.610000"/>
            <DirectionalLight index="Key">
                <Color value="0.890196,0.850980,0.850980"/>
                <ColorMultiplier value="1.200000"/>
                <SpecColorMultiplier value="1.250000"/>
                <Direction value="0.724693,-0.124265,-0.677775"/>
            </DirectionalLight>
            <DirectionalLight index="Fill" Color="0.258824,0.184314,0.164706" ColorMultiplier="3.000000" Direction="-0.463854,-0.769851,0.438371"/>
            <DirectionalLight index="Back" Color="0.215686,0.176471,0.392157" ColorMultiplier="1.496000" Direction="-0.668793,-0.021251,0.743145"/>
        </ToDInfoArray>
        <EditorCategories value="LightGroup:Tilesets"/>
    </CLight>
    <CLight id="Barrens" parent="default">
        <ToDInfoArray index="0">
            <Id value="NoLight"/>
            <AmbientColor value="0.525490,0.466667,0.400000"/>
            <OperatorHDR value="4"/>
            <Colorize value="1"/>
            <Param index="HDRExposure" value="1.500000"/>
            <Param index="HDRWhitePoint" value="1.850000"/>
            <Param index="HDRGain" value="0.000000"/>
            <Param index="HDRScale" value="0.000000"/>
            <Param index="TerrainSpecularExp" value="11.210000"/>
            <Param index="TerrainHDRSpecular" value="3.750000"/>
            <Param index="CreepSpecularExp" value="30.000000"/>
            <Param index="CreepHDRSpecMultiplier" value="3.000000"/>
            <Param index="ColorizationContrast" value="1.066000"/>
            <Param index="ColorizationHue" value="0.001000"/>
            <Param index="ColorizationBlend" value="0.300000"/>
            <Param index="AOOcclusionRadius" value="1.000000"/>
            <Param index="AONoOcclusion" value="0.900000"/>
            <Param index="AOOcclusionPower" value="2.000000"/>
            <Param index="AODetailOcclusionRadius" value="0.010000"/>
            <Param index="AODetailNoOcclusion" value="0.060000"/>
            <Param index="AODetailOcclusionPower" value="4.000000"/>
            <DirectionalLight index="Key">
                <Color value="0.905882,0.768627,0.662745"/>
                <ColorMultiplier value="1.000000"/>
                <SpecColorMultiplier value="1.250000"/>
                <Direction value="0.724693,-0.124265,-0.677775"/>
            </DirectionalLight>
            <DirectionalLight index="Fill" Color="0.258824,0.184314,0.164706" ColorMultiplier="3.000000" Direction="-0.463854,-0.769851,0.438371"/>
            <DirectionalLight index="Back" Color="0.082353,0.121569,0.200000" ColorMultiplier="1.496000" Direction="-0.668793,-0.021251,0.743145"/>
        </ToDInfoArray>
        <EditorCategories value="LightGroup:Tilesets"/>
    </CLight>
    <CLight id="North" parent="default">
        <ToDInfoArray index="0">
            <Id value="Ruins"/>
            <AmbientColor value="0.388235,0.423529,0.533333"/>
            <Colorize value="1"/>
            <UseSeparateDetailSSAO value="0"/>
            <Param index="HDRExposure" value="1.550000"/>
            <Param index="HDRWhitePoint" value="1.850000"/>
            <Param index="TerrainSpecularExp" value="11.210000"/>
            <Param index="TerrainHDRSpecular" value="3.000000"/>
            <Param index="CreepSpecularExp" value="30.000000"/>
            <Param index="CreepHDRSpecMultiplier" value="3.000000"/>
            <Param index="ColorizationContrast" value="1.170000"/>
            <Param index="ColorizationHue" value="0.132000"/>
            <Param index="ColorizationSaturation" value="0.100000"/>
            <Param index="ColorizationLightness" value="0.160000"/>
            <Param index="ColorizationBlend" value="0.200000"/>
            <Param index="AOOcclusionRadius" value="0.600000"/>
            <Param index="AONoOcclusion" value="0.600000"/>
            <Param index="AOFullOcclusion" value="0.050000"/>
            <Param index="AOOcclusionPower" value="2.000000"/>
            <Param index="AODetailOcclusionRadius" value="0.020000"/>
            <Param index="AODetailNoOcclusion" value="0.030000"/>
            <Param index="AODetailOcclusionPower" value="16.000000"/>
            <DirectionalLight index="Key">
                <Color value="1.000000,1.000000,0.941177"/>
                <ColorMultiplier value="1.000000"/>
                <SpecularColor value="0.886275,0.713726,0.545098"/>
                <SpecColorMultiplier value="1.000000"/>
                <Direction value="0.369371,-0.593188,-0.715327"/>
            </DirectionalLight>
            <DirectionalLight index="Fill" Color="0.803922,0.678431,0.549020" ColorMultiplier="1.000000" Direction="-0.698992,-0.690745,-0.185153"/>
            <DirectionalLight index="Back" Color="0.337255,0.439216,0.611765" ColorMultiplier="0.400000" Direction="-0.177923,0.680135,-0.711168"/>
        </ToDInfoArray>
        <EditorCategories value="LightGroup:Tilesets"/>
    </CLight>
    <CLight id="Ice" parent="default">
        <ToDInfoArray index="0">
            <Id value="Ice"/>
            <AmbientColor value="0.388235,0.423529,0.533333"/>
            <Colorize value="1"/>
            <UseSeparateDetailSSAO value="0"/>
            <Param index="HDRExposure" value="1.550000"/>
            <Param index="HDRWhitePoint" value="1.850000"/>
            <Param index="TerrainSpecularExp" value="11.210000"/>
            <Param index="TerrainHDRSpecular" value="3.000000"/>
            <Param index="CreepSpecularExp" value="30.000000"/>
            <Param index="CreepHDRSpecMultiplier" value="3.000000"/>
            <Param index="ColorizationContrast" value="1.170000"/>
            <Param index="ColorizationHue" value="0.132000"/>
            <Param index="ColorizationSaturation" value="0.100000"/>
            <Param index="ColorizationLightness" value="0.160000"/>
            <Param index="ColorizationBlend" value="0.200000"/>
            <Param index="AOOcclusionRadius" value="0.600000"/>
            <Param index="AONoOcclusion" value="0.600000"/>
            <Param index="AOFullOcclusion" value="0.050000"/>
            <Param index="AOOcclusionPower" value="2.000000"/>
            <Param index="AODetailOcclusionRadius" value="0.020000"/>
            <Param index="AODetailNoOcclusion" value="0.030000"/>
            <Param index="AODetailOcclusionPower" value="16.000000"/>
            <DirectionalLight index="Key">
                <Color value="1.000000,1.000000,0.941177"/>
                <ColorMultiplier value="1.000000"/>
                <SpecularColor value="0.886275,0.713726,0.545098"/>
                <SpecColorMultiplier value="1.000000"/>
                <Direction value="0.369371,-0.593188,-0.715327"/>
            </DirectionalLight>
            <DirectionalLight index="Fill" Color="0.803922,0.678431,0.549020" ColorMultiplier="1.000000" Direction="-0.698992,-0.690745,-0.185153"/>
            <DirectionalLight index="Back" Color="0.337255,0.439216,0.611765" ColorMultiplier="0.400000" Direction="-0.177923,0.680135,-0.711168"/>
        </ToDInfoArray>
        <EditorCategories value="LightGroup:Tilesets"/>
    </CLight>
    <CLight id="StormEgyptWorld" parent="default">
        <ToDInfoArray index="0">
            <Id value="StormGardenofTerrorDay"/>
            <AmbientColor value="0.611765,0.619608,0.694118"/>
            <OperatorHDR value="4"/>
            <Colorize value="1"/>
            <Param index="HDRExposure" value="1.650000"/>
            <Param index="HDRBloomThreshold" value="0.900000"/>
            <Param index="HDRWhitePoint" value="1.850000"/>
            <Param index="TerrainSpecularExp" value="73.000000"/>
            <Param index="CreepSpecularExp" value="30.000000"/>
            <Param index="CreepHDRSpecMultiplier" value="3.000000"/>
            <Param index="ColorizationInputHigh" value="0.975000"/>
            <Param index="ColorizationBlend" value="0.000000"/>
            <DirectionalLight index="Key">
                <Color value="0.886275,0.886275,0.792157"/>
                <ColorMultiplier value="1.150000"/>
                <SpecularColor value="0.988235,1.000000,0.909804"/>
                <SpecColorMultiplier value="1.250000"/>
                <Direction value="0.598355,0.335918,-0.727414"/>
            </DirectionalLight>
            <DirectionalLight index="Fill" Color="0.349020,0.349020,0.313726" ColorMultiplier="0.300000" Direction="-0.836095,0.266028,-0.479764"/>
            <DirectionalLight index="Back" Color="0.890196,0.890196,0.776471" ColorMultiplier="0.020000" Direction="0.663789,-0.136981,-0.735269"/>
        </ToDInfoArray>
        <EditorCategories value="LightGroup:Tilesets"/>
    </CLight>
    <CLight id="Ashen">
        <ToDInfoArray index="0">
            <Id value="Ashen"/>
            <AmbientColor value="0.282353,0.282353,0.282353"/>
            <AmbientEnvironmentMultiplier value="0.313000"/>
            <OperatorHDR value="4"/>
            <Colorize value="1"/>
            <Param index="HDRExposure" value="1.350000"/>
            <Param index="HDRBloomThreshold" value="0.800000"/>
            <Param index="HDRWhitePoint" value="1.850000"/>
            <Param index="HDREmisMultiplier" value="1.380000"/>
            <Param index="HDRGain" value="0.000000"/>
            <Param index="HDRScale" value="0.000000"/>
            <Param index="TerrainSpecularExp" value="11.210000"/>
            <Param index="TerrainHDRSpecular" value="3.750000"/>
            <Param index="CreepSpecularExp" value="18.240000"/>
            <Param index="CreepHDRSpecMultiplier" value="3.000000"/>
            <Param index="ColorizationContrast" value="1.177000"/>
            <Param index="ColorizationHue" value="-0.362000"/>
            <Param index="ColorizationSaturation" value="0.246000"/>
            <Param index="ColorizationLightness" value="0.214000"/>
            <Param index="ColorizationBlend" value="0.331000"/>
            <Param index="AOOcclusionRadius" value="1.000000"/>
            <Param index="AONoOcclusion" value="0.900000"/>
            <Param index="AOOcclusionPower" value="2.000000"/>
            <Param index="AODetailOcclusionRadius" value="0.010000"/>
            <Param index="AODetailNoOcclusion" value="0.060000"/>
            <Param index="AODetailOcclusionPower" value="4.000000"/>
            <DirectionalLight index="Key">
                <Color value="0.729412,0.721569,0.713726"/>
                <ColorMultiplier value="0.733000"/>
                <SpecColorMultiplier value="1.000000"/>
                <Direction value="0.694127,-0.217526,-0.686199"/>
            </DirectionalLight>
            <DirectionalLight index="Fill" Color="0.184314,0.227451,0.231373" ColorMultiplier="1.445000" Direction="0.087874,0.175711,-0.980512"/>
            <DirectionalLight index="Back" Color="0.156863,0.184314,0.219608" ColorMultiplier="2.692000" Direction="-0.709236,0.246704,0.660395"/>
        </ToDInfoArray>
        <EditorCategories value="LightGroup:Tilesets"/>
    </CLight>
    <CLight id="Ruins" parent="default">
        <ToDInfoArray index="0">
            <Id value="Ruins"/>
            <AmbientColor value="0.388235,0.423529,0.533333"/>
            <Colorize value="1"/>
            <UseSeparateDetailSSAO value="0"/>
            <Param index="HDRExposure" value="1.550000"/>
            <Param index="HDRWhitePoint" value="1.850000"/>
            <Param index="TerrainSpecularExp" value="11.210000"/>
            <Param index="TerrainHDRSpecular" value="3.000000"/>
            <Param index="CreepSpecularExp" value="30.000000"/>
            <Param index="CreepHDRSpecMultiplier" value="3.000000"/>
            <Param index="ColorizationContrast" value="1.170000"/>
            <Param index="ColorizationHue" value="0.132000"/>
            <Param index="ColorizationSaturation" value="0.100000"/>
            <Param index="ColorizationLightness" value="0.160000"/>
            <Param index="ColorizationBlend" value="0.200000"/>
            <Param index="AOOcclusionRadius" value="0.600000"/>
            <Param index="AONoOcclusion" value="0.600000"/>
            <Param index="AOFullOcclusion" value="0.050000"/>
            <Param index="AOOcclusionPower" value="2.000000"/>
            <Param index="AODetailOcclusionRadius" value="0.020000"/>
            <Param index="AODetailNoOcclusion" value="0.030000"/>
            <Param index="AODetailOcclusionPower" value="16.000000"/>
            <DirectionalLight index="Key">
                <Color value="1.000000,1.000000,0.941177"/>
                <ColorMultiplier value="1.000000"/>
                <SpecularColor value="0.886275,0.713726,0.545098"/>
                <SpecColorMultiplier value="1.000000"/>
                <Direction value="0.369371,-0.593188,-0.715327"/>
            </DirectionalLight>
            <DirectionalLight index="Fill" Color="0.803922,0.678431,0.549020" ColorMultiplier="1.000000" Direction="-0.698992,-0.690745,-0.185153"/>
            <DirectionalLight index="Back" Color="0.337255,0.439216,0.611765" ColorMultiplier="0.400000" Direction="-0.177923,0.680135,-0.711168"/>
        </ToDInfoArray>
        <EditorCategories value="LightGroup:Tilesets"/>
    </CLight>
</Catalog>
