<?xml version="1.0" encoding="utf-8"?>
<Catalog>
    <CLootUnit id="ckng"/>
    <CLootUnit id="modt"/>
    <CLootUnit id="tkno"/>
    <CLootUnit id="ratf"/>
    <CLootUnit id="rde4"/>
    <CLootUnit id="ofro"/>
    <CLootUnit id="desc"/>
    <CLootUnit id="fgdg"/>
    <CLootUnit id="infs"/>
    <CLootUnit id="shar"/>
    <CLootUnit id="sand"/>
    <CLootUnit id="wild"/>
    <CLootUnit id="srrc"/>
    <CLootUnit id="odef"/>
    <CLootUnit id="rde3"/>
    <CLootUnit id="pmna"/>
    <CLootUnit id="rhth"/>
    <CLootUnit id="ssil"/>
    <CLootUnit id="spsh"/>
    <CLootUnit id="sres"/>
    <CLootUnit id="pdiv"/>
    <CLootUnit id="pres"/>
    <CLootUnit id="totw"/>
    <CLootUnit id="fgfh"/>
    <CLootUnit id="fgrd"/>
    <CLootUnit id="fgrg"/>
    <CLootUnit id="hcun"/>
    <CLootUnit id="hval"/>
    <CLootUnit id="mcou"/>
    <CLootUnit id="ajen"/>
    <CLootUnit id="clfm"/>
    <CLootUnit id="ratc"/>
    <CLootUnit id="ward"/>
    <CLootUnit id="kpin"/>
    <CLootUnit id="crys"/>
    <CLootUnit id="lgdh"/>
    <CLootUnit id="ankh"/>
    <CLootUnit id="whwd"/>
    <CLootUnit id="fgsk"/>
    <CLootUnit id="wcyc"/>
    <CLootUnit id="hlst"/>
    <CLootUnit id="mnst"/>
    <CLootUnit id="belv"/>
    <CLootUnit id="bgst"/>
    <CLootUnit id="ciri"/>
    <CLootUnit id="lhst"/>
    <CLootUnit id="afac"/>
    <CLootUnit id="sbch"/>
    <CLootUnit id="brac"/>
    <CLootUnit id="rwiz"/>
    <CLootUnit id="pghe"/>
    <CLootUnit id="pgma"/>
    <CLootUnit id="pnvu"/>
    <CLootUnit id="sror"/>
    <CLootUnit id="woms"/>
    <CLootUnit id="evtl"/>
    <CLootUnit id="penr"/>
    <CLootUnit id="prvt"/>
    <CLootUnit id="rat9"/>
    <CLootUnit id="rde2"/>
    <CLootUnit id="rlif"/>
    <CLootUnit id="bspd"/>
    <CLootUnit id="rej3"/>
    <CLootUnit id="will"/>
    <CLootUnit id="wlsd"/>
    <CLootUnit id="wswd"/>
    <CLootUnit id="cnob"/>
    <CLootUnit id="gcel"/>
    <CLootUnit id="rat6"/>
    <CLootUnit id="rde1"/>
    <CLootUnit id="tdx2"/>
    <CLootUnit id="texp"/>
    <CLootUnit id="tin2"/>
    <CLootUnit id="tpow"/>
    <CLootUnit id="tst2"/>
    <CLootUnit id="pnvl"/>
    <CLootUnit id="clsd"/>
    <CLootUnit id="rag1"/>
    <CLootUnit id="rin1"/>
    <CLootUnit id="rst1"/>
    <CLootUnit id="manh"/>
    <CLootUnit id="tdex"/>
    <CLootUnit id="tint"/>
    <CLootUnit id="tstr"/>
    <CLootUnit id="pomn"/>
    <CLootUnit id="wshs"/>
    <CLootUnit id="rej6"/>
    <CLootUnit id="rej5"/>
    <CLootUnit id="rej4"/>
    <CLootUnit id="ram4"/>
    <CLootUnit id="dsum"/>
    <CLootUnit id="ofir"/>
    <CLootUnit id="ocor"/>
    <CLootUnit id="oli2"/>
    <CLootUnit id="oven"/>
    <CLootUnit id="ram3"/>
    <CLootUnit id="tret"/>
    <CLootUnit id="tgrh"/>
    <CLootUnit id="rej2"/>
    <CLootUnit id="gemt"/>
    <CLootUnit id="ram2"/>
    <CLootUnit id="stel"/>
    <CLootUnit id="stwp"/>
    <CLootUnit id="wneg"/>
    <CLootUnit id="sneg"/>
    <CLootUnit id="wneu"/>
    <CLootUnit id="shea"/>
    <CLootUnit id="sman"/>
    <CLootUnit id="rej1"/>
    <CLootUnit id="pspd"/>
    <CLootUnit id="dust"/>
    <CLootUnit id="ram1"/>
    <CLootUnit id="pinv"/>
    <CLootUnit id="phea"/>
    <CLootUnit id="pman"/>
    <CLootUnit id="spro"/>
    <CLootUnit id="hslv"/>
    <CLootUnit id="moon"/>
    <CLootUnit id="shas"/>
    <CLootUnit id="skul"/>
    <CLootUnit id="mcri"/>
    <CLootUnit id="rnec"/>
    <CLootUnit id="tsct"/>
    <CLootUnit id="azhr"/>
    <CLootUnit id="bzbe"/>
    <CLootUnit id="bzbf"/>
    <CLootUnit id="ches"/>
    <CLootUnit id="cnhn"/>
    <CLootUnit id="glsk"/>
    <CLootUnit id="gopr"/>
    <CLootUnit id="k3m1"/>
    <CLootUnit id="k3m2"/>
    <CLootUnit id="k3m3"/>
    <CLootUnit id="ktrm"/>
    <CLootUnit id="kybl"/>
    <CLootUnit id="kygh"/>
    <CLootUnit id="kymn"/>
    <CLootUnit id="kysn"/>
    <CLootUnit id="ledg"/>
    <CLootUnit id="phlt"/>
    <CLootUnit id="sehr"/>
    <CLootUnit id="engs"/>
    <CLootUnit id="sorf"/>
    <CLootUnit id="gmfr"/>
    <CLootUnit id="jpnt"/>
    <CLootUnit id="shwd"/>
    <CLootUnit id="skrt"/>
    <CLootUnit id="thle"/>
    <CLootUnit id="sclp"/>
    <CLootUnit id="wtlg"/>
    <CLootUnit id="wolg"/>
    <CLootUnit id="mgtk"/>
    <CLootUnit id="mort"/>
    <CLootUnit id="dphe"/>
    <CLootUnit id="dkfw"/>
    <CLootUnit id="dthb"/>
    <CLootUnit id="fgun"/>
    <CLootUnit id="lure"/>
    <CLootUnit id="olig"/>
    <CLootUnit id="amrc"/>
    <CLootUnit id="ccmd"/>
    <CLootUnit id="flag"/>
    <CLootUnit id="gobm"/>
    <CLootUnit id="gsou"/>
    <CLootUnit id="nflg"/>
    <CLootUnit id="nspi"/>
    <CLootUnit id="oflg"/>
    <CLootUnit id="pams"/>
    <CLootUnit id="pgin"/>
    <CLootUnit id="rat3"/>
    <CLootUnit id="rde0"/>
    <CLootUnit id="rnsp"/>
    <CLootUnit id="soul"/>
    <CLootUnit id="tels"/>
    <CLootUnit id="tgxp"/>
    <CLootUnit id="uflg"/>
    <CLootUnit id="anfg"/>
    <CLootUnit id="brag"/>
    <CLootUnit id="drph"/>
    <CLootUnit id="iwbr"/>
    <CLootUnit id="jdrn"/>
    <CLootUnit id="lnrn"/>
    <CLootUnit id="mlst"/>
    <CLootUnit id="oslo"/>
    <CLootUnit id="sbok"/>
    <CLootUnit id="sksh"/>
    <CLootUnit id="sprn"/>
    <CLootUnit id="tmmt"/>
    <CLootUnit id="vddl"/>
    <CLootUnit id="spre"/>
    <CLootUnit id="sfog"/>
    <CLootUnit id="sor1"/>
    <CLootUnit id="sor2"/>
    <CLootUnit id="sor3"/>
    <CLootUnit id="sor4"/>
    <CLootUnit id="sor5"/>
    <CLootUnit id="sor6"/>
    <CLootUnit id="sor7"/>
    <CLootUnit id="sor8"/>
    <CLootUnit id="sor9"/>
    <CLootUnit id="sora"/>
    <CLootUnit id="fwss"/>
    <CLootUnit id="shtm"/>
    <CLootUnit id="esaz"/>
    <CLootUnit id="btst"/>
    <CLootUnit id="tbsm"/>
    <CLootUnit id="tfar"/>
    <CLootUnit id="tlum"/>
    <CLootUnit id="tbar"/>
    <CLootUnit id="tbak"/>
    <CLootUnit id="gldo"/>
    <CLootUnit id="stre"/>
    <CLootUnit id="horl"/>
    <CLootUnit id="hbth"/>
    <CLootUnit id="blba"/>
    <CLootUnit id="rugt"/>
    <CLootUnit id="frhg"/>
    <CLootUnit id="gvsm"/>
    <CLootUnit id="crdt"/>
    <CLootUnit id="arsc"/>
    <CLootUnit id="scul"/>
    <CLootUnit id="tmsc"/>
    <CLootUnit id="dtsb"/>
    <CLootUnit id="grsl"/>
    <CLootUnit id="arsh"/>
    <CLootUnit id="shdt"/>
    <CLootUnit id="shhn"/>
    <CLootUnit id="shen"/>
    <CLootUnit id="thdm"/>
    <CLootUnit id="stpg"/>
    <CLootUnit id="shrs"/>
    <CLootUnit id="bfhr"/>
    <CLootUnit id="cosl"/>
    <CLootUnit id="shcw"/>
    <CLootUnit id="srbd"/>
    <CLootUnit id="frgd"/>
    <CLootUnit id="envl"/>
    <CLootUnit id="rump"/>
    <CLootUnit id="srtl"/>
    <CLootUnit id="stwa"/>
    <CLootUnit id="klmm"/>
    <CLootUnit id="rots"/>
    <CLootUnit id="axas"/>
    <CLootUnit id="mnsf"/>
    <CLootUnit id="schl"/>
    <CLootUnit id="asbl"/>
    <CLootUnit id="kgal"/>
    <CLootUnit id="gold"/>
    <CLootUnit id="lmbr"/>
    <CLootUnit id="gfor"/>
    <CLootUnit id="guvi"/>
    <CLootUnit id="rspl"/>
    <CLootUnit id="rre1"/>
    <CLootUnit id="rre2"/>
    <CLootUnit id="gomn"/>
    <CLootUnit id="rsps"/>
    <CLootUnit id="rspd"/>
    <CLootUnit id="rman"/>
    <CLootUnit id="rma2"/>
    <CLootUnit id="rres"/>
    <CLootUnit id="rreb"/>
    <CLootUnit id="rhe1"/>
    <CLootUnit id="rhe2"/>
    <CLootUnit id="rhe3"/>
    <CLootUnit id="rdis"/>
    <CLootUnit id="rwat"/>
    <CLootUnit id="pclr"/>
    <CLootUnit id="plcl"/>
    <CLootUnit id="silk"/>
    <CLootUnit id="vamp"/>
    <CLootUnit id="sreg"/>
    <CLootUnit id="ssan"/>
    <CLootUnit id="tcas"/>
</Catalog>
