<?xml version="1.0" encoding="utf-8"?>
<Catalog>
    <CRace default="1" id="War3_HiddenRace">
        <GameMusic value="##id##_Music_V1"/>
        <Flags index="TrialAllowed" value="1"/>
        <ShowResource index="Terrazine" value="1"/>
        <ShowResource index="Custom" value="1"/>
        <StartingResource index="Terrazine" value="500"/>
        <StartingResource index="Custom" value="150"/>
        <FoodCeiling value="100"/>
        <VictorySound value="##id##_VictoryMusic_V1"/>
        <DefeatSound value="##id##_DefeatMusic_V1"/>
        <UpkeepTax FoodLevel="50"/>
        <UpkeepTax FoodLevel="80">
            <Tax index="Terrazine" value="0.3"/>
        </UpkeepTax>
        <UpkeepTax FoodLevel="524287">
            <Tax index="Terrazine" value="0.6"/>
        </UpkeepTax>
    </CRace>
    <CRace default="1" id="War3_Race">
        <GameMusic value="##id##_Music_V1"/>
        <Flags index="Selectable" value="1"/>
        <Flags index="TrialAllowed" value="1"/>
        <ShowResource index="Minerals" value="0"/>
        <ShowResource index="Vespene" value="0"/>
        <ShowResource index="Terrazine" value="1"/>
        <ShowResource index="Custom" value="1"/>
        <StartingResource index="Terrazine" value="500"/>
        <StartingResource index="Custom" value="150"/>
        <FoodCeiling value="100"/>
        <VictorySound value="##id##_VictoryMusic_V1"/>
        <DefeatSound value="##id##_DefeatMusic_V1"/>
        <UpkeepTax FoodLevel="50"/>
        <UpkeepTax FoodLevel="80">
            <Tax index="Terrazine" value="0.3"/>
        </UpkeepTax>
        <UpkeepTax FoodLevel="524287">
            <Tax index="Terrazine" value="0.6"/>
        </UpkeepTax>
        <DefaultConsoleSkin value="ConsoleTerran_Alliance"/>
    </CRace>
    <CRace id="Commoner" parent="War3_HiddenRace"/>
    <CRace id="Creeps" parent="War3_HiddenRace"/>
    <CRace id="Critters" parent="War3_HiddenRace"/>
    <CRace id="Demon" parent="War3_HiddenRace"/>
    <CRace id="Human" parent="War3_Race">
        <AttributeId value="Huma"/>
    </CRace>
    <CRace id="Naga" parent="War3_HiddenRace"/>
    <CRace id="NightElf" parent="War3_Race">
        <AttributeId value="Nelf"/>
    </CRace>
    <CRace id="Orc" parent="War3_Race">
        <AttributeId value="Orci"/>
    </CRace>
    <CRace id="Other" parent="War3_HiddenRace"/>
    <CRace id="Undead" parent="War3_Race">
        <AttributeId value="Unde"/>
    </CRace>
</Catalog>
