<?xml version="1.0" encoding="utf-8"?>
<Catalog>
    <CRequirement default="1" id="War3_RequireCount"/>
    <CRequirement id="War3_HasUnusedFreeHeroSlots">
        <EditorCategories value="Race:Neutral,TechType:Unit"/>
        <NodeArray index="Use" Link="GTCountUpgradeWar3_FreeHeroSlotsCompleteOnlyCountUnitHEROQueuedOrBetterOrRevivable"/>
    </CRequirement>
    <CRequirement id="AnyAltar">
        <EditorCategories value="Race:Neutral,TechType:Unit"/>
        <NodeArray index="Use" Link="CountUnitTALTCompleteOnly"/>
    </CRequirement>
    <CRequirement id="Disabled">
        <NodeArray index="Use" Link="0"/>
    </CRequirement>
    <CRequirement id="Hamg@Tier2">
        <EditorCategories value="Race:Human,TechType:Unit"/>
        <NodeArray index="Use" Link="hkee@Count"/>
    </CRequirement>
    <CRequirement id="Hmkg@Tier2">
        <EditorCategories value="Race:Human,TechType:Unit"/>
        <NodeArray index="Use" Link="hkee@Count"/>
    </CRequirement>
    <CRequirement id="Hblm@Tier2">
        <EditorCategories value="Race:Human,TechType:Unit"/>
        <NodeArray index="Use" Link="hkee@Count"/>
    </CRequirement>
    <CRequirement id="Hpal@Tier2">
        <EditorCategories value="Race:Human,TechType:Unit"/>
        <NodeArray index="Use" Link="hkee@Count"/>
    </CRequirement>
    <CRequirement id="Hpal@Tier3">
        <EditorCategories value="Race:Human,TechType:Unit"/>
        <NodeArray index="Use" Link="hcas@Count"/>
    </CRequirement>
    <CRequirement id="Hamg@Tier3">
        <EditorCategories value="Race:Human,TechType:Unit"/>
        <NodeArray index="Use" Link="hcas@Count"/>
    </CRequirement>
    <CRequirement id="Hmkg@Tier3">
        <EditorCategories value="Race:Human,TechType:Unit"/>
        <NodeArray index="Use" Link="hcas@Count"/>
    </CRequirement>
    <CRequirement id="Hblm@Tier3">
        <EditorCategories value="Race:Human,TechType:Unit"/>
        <NodeArray index="Use" Link="hcas@Count"/>
    </CRequirement>
    <CRequirement id="Udea@Tier2">
        <EditorCategories value="Race:Undead,TechType:Unit"/>
        <NodeArray index="Use" Link="unp1@Count"/>
    </CRequirement>
    <CRequirement id="Udea@Tier3">
        <EditorCategories value="Race:Undead,TechType:Unit"/>
        <NodeArray index="Use" Link="unp2@Count"/>
    </CRequirement>
    <CRequirement id="Ulic@Tier2">
        <EditorCategories value="Race:Undead,TechType:Unit"/>
        <NodeArray index="Use" Link="unp1@Count"/>
    </CRequirement>
    <CRequirement id="Ulic@Tier3">
        <EditorCategories value="Race:Undead,TechType:Unit"/>
        <NodeArray index="Use" Link="unp2@Count"/>
    </CRequirement>
    <CRequirement id="Udre@Tier2">
        <EditorCategories value="Race:Undead,TechType:Unit"/>
        <NodeArray index="Use" Link="unp1@Count"/>
    </CRequirement>
    <CRequirement id="Udre@Tier3">
        <EditorCategories value="Race:Undead,TechType:Unit"/>
        <NodeArray index="Use" Link="unp2@Count"/>
    </CRequirement>
    <CRequirement id="Ucrl@Tier2">
        <EditorCategories value="Race:Undead,TechType:Unit"/>
        <NodeArray index="Use" Link="unp1@Count"/>
    </CRequirement>
    <CRequirement id="Ucrl@Tier3">
        <EditorCategories value="Race:Undead,TechType:Unit"/>
        <NodeArray index="Use" Link="unp2@Count"/>
    </CRequirement>
    <CRequirement id="Obla@Tier2">
        <EditorCategories value="Race:Orc,TechType:Unit"/>
        <NodeArray index="Use" Link="ostr@Count"/>
    </CRequirement>
    <CRequirement id="Obla@Tier3">
        <EditorCategories value="Race:Orc,TechType:Unit"/>
        <NodeArray index="Use" Link="ofrt@Count"/>
    </CRequirement>
    <CRequirement id="Ofar@Tier2">
        <EditorCategories value="Race:Orc,TechType:Unit"/>
        <NodeArray index="Use" Link="ostr@Count"/>
    </CRequirement>
    <CRequirement id="Ofar@Tier3">
        <EditorCategories value="Race:Orc,TechType:Unit"/>
        <NodeArray index="Use" Link="ofrt@Count"/>
    </CRequirement>
    <CRequirement id="Otch@Tier2">
        <EditorCategories value="Race:Orc,TechType:Unit"/>
        <NodeArray index="Use" Link="ostr@Count"/>
    </CRequirement>
    <CRequirement id="Otch@Tier3">
        <EditorCategories value="Race:Orc,TechType:Unit"/>
        <NodeArray index="Use" Link="ofrt@Count"/>
    </CRequirement>
    <CRequirement id="Oshd@Tier2">
        <EditorCategories value="Race:Orc,TechType:Unit"/>
        <NodeArray index="Use" Link="ostr@Count"/>
    </CRequirement>
    <CRequirement id="Oshd@Tier3">
        <EditorCategories value="Race:Orc,TechType:Unit"/>
        <NodeArray index="Use" Link="ofrt@Count"/>
    </CRequirement>
    <CRequirement id="Edem@Tier2">
        <EditorCategories value="Race:NightElf,TechType:Unit"/>
        <NodeArray index="Use" Link="etoa@Count"/>
    </CRequirement>
    <CRequirement id="Edem@Tier3">
        <EditorCategories value="Race:NightElf,TechType:Unit"/>
        <NodeArray index="Use" Link="etoa@Count"/>
    </CRequirement>
    <CRequirement id="Ekee@Tier2">
        <EditorCategories value="Race:NightElf,TechType:Unit"/>
        <NodeArray index="Use" Link="etoa@Count"/>
    </CRequirement>
    <CRequirement id="Ekee@Tier3">
        <EditorCategories value="Race:NightElf,TechType:Unit"/>
        <NodeArray index="Use" Link="etoa@Count"/>
    </CRequirement>
    <CRequirement id="Emoo@Tier2">
        <EditorCategories value="Race:NightElf,TechType:Unit"/>
        <NodeArray index="Use" Link="etoa@Count"/>
    </CRequirement>
    <CRequirement id="Emoo@Tier3">
        <EditorCategories value="Race:NightElf,TechType:Unit"/>
        <NodeArray index="Use" Link="etoa@Count"/>
    </CRequirement>
    <CRequirement id="Ewar@Tier2">
        <EditorCategories value="Race:NightElf,TechType:Unit"/>
        <NodeArray index="Use" Link="etoa@Count"/>
    </CRequirement>
    <CRequirement id="Ewar@Tier3">
        <EditorCategories value="Race:NightElf,TechType:Unit"/>
        <NodeArray index="Use" Link="etoa@Count"/>
    </CRequirement>
    <CRequirement id="Nngs">
        <EditorCategories value="Race:Neutral,TechType:Unit"/>
        <NodeArray index="Use" Link="TALT@Count"/>
    </CRequirement>
    <CRequirement id="Nngs@Tier2">
        <EditorCategories value="Race:Neutral,TechType:Unit"/>
        <NodeArray index="Use" Link="Tier2TownhallAndAltar"/>
    </CRequirement>
    <CRequirement id="Nngs@Tier3">
        <EditorCategories value="Race:Neutral,TechType:Unit"/>
        <NodeArray index="Use" Link="Tier3TownhallAndAltar"/>
    </CRequirement>
    <CRequirement id="Nbrn">
        <EditorCategories value="Race:Neutral,TechType:Unit"/>
        <NodeArray index="Use" Link="TALT@Count"/>
    </CRequirement>
    <CRequirement id="Nbrn@Tier2">
        <EditorCategories value="Race:Neutral,TechType:Unit"/>
        <NodeArray index="Use" Link="Tier2TownhallAndAltar"/>
    </CRequirement>
    <CRequirement id="Nbrn@Tier3">
        <EditorCategories value="Race:Neutral,TechType:Unit"/>
        <NodeArray index="Use" Link="Tier3TownhallAndAltar"/>
    </CRequirement>
    <CRequirement id="Npbm">
        <EditorCategories value="Race:Neutral,TechType:Unit"/>
        <NodeArray index="Use" Link="TALT@Count"/>
    </CRequirement>
    <CRequirement id="Npbm@Tier2">
        <EditorCategories value="Race:Neutral,TechType:Unit"/>
        <NodeArray index="Use" Link="Tier2TownhallAndAltar"/>
    </CRequirement>
    <CRequirement id="Npbm@Tier3">
        <EditorCategories value="Race:Neutral,TechType:Unit"/>
        <NodeArray index="Use" Link="Tier3TownhallAndAltar"/>
    </CRequirement>
    <CRequirement id="Nfir">
        <EditorCategories value="Race:Neutral,TechType:Unit"/>
        <NodeArray index="Use" Link="TALT@Count"/>
    </CRequirement>
    <CRequirement id="Nfir@Tier2">
        <EditorCategories value="Race:Neutral,TechType:Unit"/>
        <NodeArray index="Use" Link="Tier2TownhallAndAltar"/>
    </CRequirement>
    <CRequirement id="Nfir@Tier3">
        <EditorCategories value="Race:Neutral,TechType:Unit"/>
        <NodeArray index="Use" Link="Tier3TownhallAndAltar"/>
    </CRequirement>
    <CRequirement id="Nplh">
        <EditorCategories value="Race:Neutral,TechType:Unit"/>
        <NodeArray index="Use" Link="TALT@Count"/>
    </CRequirement>
    <CRequirement id="Nplh@Tier2">
        <EditorCategories value="Race:Neutral,TechType:Unit"/>
        <NodeArray index="Use" Link="Tier2TownhallAndAltar"/>
    </CRequirement>
    <CRequirement id="Nplh@Tier3">
        <EditorCategories value="Race:Neutral,TechType:Unit"/>
        <NodeArray index="Use" Link="Tier3TownhallAndAltar"/>
    </CRequirement>
    <CRequirement id="Nbst">
        <EditorCategories value="Race:Neutral,TechType:Unit"/>
        <NodeArray index="Use" Link="TALT@Count"/>
    </CRequirement>
    <CRequirement id="Nbst@Tier2">
        <EditorCategories value="Race:Neutral,TechType:Unit"/>
        <NodeArray index="Use" Link="Tier2TownhallAndAltar"/>
    </CRequirement>
    <CRequirement id="Nbst@Tier3">
        <EditorCategories value="Race:Neutral,TechType:Unit"/>
        <NodeArray index="Use" Link="Tier3TownhallAndAltar"/>
    </CRequirement>
    <CRequirement id="Ntin">
        <EditorCategories value="Race:Neutral,TechType:Unit"/>
        <NodeArray index="Use" Link="TALT@Count"/>
    </CRequirement>
    <CRequirement id="Ntin@Tier2">
        <EditorCategories value="Race:Neutral,TechType:Unit"/>
        <NodeArray index="Use" Link="Tier2TownhallAndAltar"/>
    </CRequirement>
    <CRequirement id="Ntin@Tier3">
        <EditorCategories value="Race:Neutral,TechType:Unit"/>
        <NodeArray index="Use" Link="Tier3TownhallAndAltar"/>
    </CRequirement>
    <CRequirement id="Nalc">
        <EditorCategories value="Race:Neutral,TechType:Unit"/>
        <NodeArray index="Use" Link="TALT@Count"/>
    </CRequirement>
    <CRequirement id="Nalc@Tier2">
        <EditorCategories value="Race:Neutral,TechType:Unit"/>
        <NodeArray index="Use" Link="Tier2TownhallAndAltar"/>
    </CRequirement>
    <CRequirement id="Nalc@Tier3">
        <EditorCategories value="Race:Neutral,TechType:Unit"/>
        <NodeArray index="Use" Link="Tier3TownhallAndAltar"/>
    </CRequirement>
    <CRequirement id="HasDebuff">
        <NodeArray index="Use" Link="CountBehavior_DebuffCompleteOnlyAtUnit"/>
    </CRequirement>
    <CRequirement id="HasKeep">
        <EditorCategories value="Race:Human,TechType:Unit"/>
        <NodeArray index="Use" Link="CountUnithkeeCompleteOnly"/>
    </CRequirement>
    <CRequirement id="HasCastle">
        <EditorCategories value="Race:Human,TechType:Unit"/>
        <NodeArray index="Use" Link="CountUnithcasCompleteOnly"/>
    </CRequirement>
    <CRequirement id="TarvenHeroRequirment">
        <EditorCategories value="TechType:Unit,Race:Neutral"/>
        <NodeArray index="Use" Link="Not3698476338CountUpgradeTarvenHeroRequirmentCompleteOnly"/>
        <NodeArray index="Show" Link="NotCountUpgradeHeroMaxedCompleteOnly"/>
    </CRequirement>
    <CRequirement id="HaveTier1Hall">
        <EditorCategories value="Race:Neutral,TechType:Unit"/>
        <NodeArray index="Use" Link="CountUnitTWN1CompleteOnly"/>
    </CRequirement>
    <CRequirement id="AnyTier2Hall">
        <EditorCategories value="Race:Neutral,TechType:Unit"/>
        <NodeArray index="Use" Link="CountUnitTWN2CompleteOnly"/>
    </CRequirement>
    <CRequirement id="AnyTier3Hall">
        <EditorCategories value="Race:Neutral,TechType:Unit"/>
        <NodeArray index="Use" Link="CountUnitTWN3CompleteOnly"/>
    </CRequirement>
    <CRequirement id="HasPurgableDebuff">
        <NodeArray index="Use" Link="CountBehavior_PurgableDebuffCompleteOnlyAtUnit"/>
    </CRequirement>
    <CRequirement id="HasPurgableBuff">
        <NodeArray index="Use" Link="CountBehavior_PurgableBuffCompleteOnlyAtUnit"/>
    </CRequirement>
    <CRequirement id="Hide">
        <NodeArray index="Use" Link="Or3260089656CountUpgradeNightCompleteOnlyCountAbil_ABILITY_HideCompleteOnlyAtUnit"/>
        <NodeArray index="Show" Link="OrCountAbil_ABILITY_ShadowMeldCompleteOnlyAtUnitCountAbil_ABILITY_HideCompleteOnlyAtUnit"/>
    </CRequirement>
    <CRequirement id="LessThan3Heroes">
        <EditorCategories value="TechType:Unit"/>
        <NodeArray index="Show" Link="LTSumCountUnitHEROQueuedOrBetterCountUnitHERORevivable3"/>
    </CRequirement>
    <CRequirement id="Night" parent="War3_RequireCount">
        <NodeArray index="Use" Link="CountUpgradeNightCompleteOnly"/>
    </CRequirement>
    <CRequirement id="Removed">
        <NodeArray index="Use" Link="0"/>
        <NodeArray index="Show" Link="0"/>
    </CRequirement>
    <CRequirement id="Aast">
        <EditorCategories value="TechType:Ability"/>
        <NodeArray index="Use" Link="Aast"/>
    </CRequirement>
    <CRequirement id="Abrf">
        <EditorCategories value="TechType:Ability"/>
        <NodeArray index="Use" Link="Abrf"/>
    </CRequirement>
    <CRequirement id="Ablo">
        <EditorCategories value="TechType:Ability"/>
        <NodeArray index="Use" Link="Ablo"/>
    </CRequirement>
    <CRequirement id="Acri">
        <EditorCategories value="TechType:Ability"/>
        <NodeArray index="Use" Link="Acri"/>
    </CRequirement>
    <CRequirement id="Acyc">
        <EditorCategories value="TechType:Ability"/>
        <NodeArray index="Use" Link="Acyc"/>
    </CRequirement>
    <CRequirement id="Ahwd">
        <EditorCategories value="TechType:Ability"/>
        <NodeArray index="Use" Link="Ahwd"/>
    </CRequirement>
    <CRequirement id="Ainf">
        <EditorCategories value="TechType:Ability"/>
        <!--NodeArray index="Use" Link="Rhpt@2Count"/-->
        <NodeArray index="Use" Link="Ainf"/>
    </CRequirement>
    <CRequirement id="Aply">
        <EditorCategories value="TechType:Ability"/>
        <!--NodeArray index="Use" Link="Rhst@2Count"/-->
        <NodeArray index="Use" Link="Aply"/>
    </CRequirement>
    <CRequirement id="Apos">
        <EditorCategories value="TechType:Ability"/>
        <NodeArray index="Use" Link="Apos"/>
    </CRequirement>
    <CRequirement id="Aps2">
        <EditorCategories value="TechType:Ability"/>
        <NodeArray index="Use" Link="Aps2"/>
    </CRequirement>
    <CRequirement id="Aadm">
        <EditorCategories value="TechType:Ability"/>
        <NodeArray index="Use" Link="Resi@Count"/>
    </CRequirement>
    <CRequirement id="Aams">
        <EditorCategories value="TechType:Ability"/>
        <NodeArray index="Use" Link="Ruba@Count"/>
    </CRequirement>
    <CRequirement id="Aam2">
        <EditorCategories value="TechType:Ability"/>
        <NodeArray index="Use" Link="Ruba@Count"/>
    </CRequirement>
    <CRequirement id="Aap1">
        <EditorCategories value="TechType:Ability"/>
        <NodeArray index="Use" Link="Rupc@Count"/>
    </CRequirement>
    <CRequirement id="Aap2">
        <EditorCategories value="TechType:Ability"/>
        <NodeArray index="Use" Link="Rupc@Count"/>
    </CRequirement>
    <CRequirement id="Aave">
        <EditorCategories value="TechType:Ability"/>
        <NodeArray index="Use" Link="Rusp@Count"/>
    </CRequirement>
    <CRequirement id="Abof">
        <EditorCategories value="TechType:Ability"/>
        <NodeArray index="Use" Link="Robf@Count"/>
    </CRequirement>
    <CRequirement id="Sbsk">
        <EditorCategories value="TechType:Ability"/>
        <NodeArray index="Use" Link="Robk@Count"/>
    </CRequirement>
    <CRequirement id="Abur">
        <EditorCategories value="TechType:Ability"/>
        <NodeArray index="Use" Link="Rubu@Count"/>
    </CRequirement>
    <CRequirement id="Acan">
        <EditorCategories value="TechType:Ability"/>
        <NodeArray index="Use" Link="Ruac@Count"/>
    </CRequirement>
    <CRequirement id="Acn2">
        <EditorCategories value="TechType:Ability"/>
        <NodeArray index="Use" Link="Ruac@Count"/>
    </CRequirement>
    <CRequirement id="Sca1">
        <EditorCategories value="TechType:Ability"/>
        <NodeArray index="Use" Link="Roch@Count"/>
    </CRequirement>
    <CRequirement id="Sca2">
        <EditorCategories value="TechType:Ability"/>
        <NodeArray index="Use" Link="Roch@Count"/>
    </CRequirement>
    <CRequirement id="Sca3">
        <EditorCategories value="TechType:Ability"/>
        <NodeArray index="Use" Link="Roch@Count"/>
    </CRequirement>
    <CRequirement id="Sca4">
        <EditorCategories value="TechType:Ability"/>
        <NodeArray index="Use" Link="Roch@Count"/>
    </CRequirement>
    <CRequirement id="Sca5">
        <EditorCategories value="TechType:Ability"/>
        <NodeArray index="Use" Link="Roch@Count"/>
    </CRequirement>
    <CRequirement id="Sca6">
        <EditorCategories value="TechType:Ability"/>
        <NodeArray index="Use" Link="Roch@Count"/>
    </CRequirement>
    <CRequirement id="Achl">
        <EditorCategories value="TechType:Ability"/>
        <NodeArray index="Use" Link="Roch@Count"/>
    </CRequirement>
    <CRequirement id="Aclf">
        <EditorCategories value="TechType:Ability"/>
        <NodeArray index="Use" Link="Rhcd@Count"/>
    </CRequirement>
    <CRequirement id="Acor">
        <EditorCategories value="TechType:Ability"/>
        <NodeArray index="Use" Link="Recb@Count"/>
    </CRequirement>
    <CRequirement id="Acoa">
        <EditorCategories value="TechType:Ability"/>
        <NodeArray index="Use" Link="Reht@Count"/>
    </CRequirement>
    <CRequirement id="Acoh">
        <EditorCategories value="TechType:Ability"/>
        <NodeArray index="Use" Link="Reht@Count"/>
    </CRequirement>
    <CRequirement id="Aco2">
        <EditorCategories value="TechType:Ability"/>
        <NodeArray index="Use" Link="Reht@Count"/>
    </CRequirement>
    <CRequirement id="Aco3">
        <EditorCategories value="TechType:Ability"/>
        <NodeArray index="Use" Link="Reht@Count"/>
    </CRequirement>
    <CRequirement id="Adec">
        <EditorCategories value="TechType:Ability"/>
        <NodeArray index="Use" Link="Reht@Count"/>
    </CRequirement>
    <CRequirement id="Adts">
        <EditorCategories value="TechType:Ability"/>
        <NodeArray index="Use" Link="Rhse@Count"/>
    </CRequirement>
    <CRequirement id="Adch">
        <EditorCategories value="TechType:Ability"/>
        <NodeArray index="Use" Link="Rowt@Count"/>
    </CRequirement>
    <CRequirement id="Adcn">
        <EditorCategories value="TechType:Ability"/>
        <NodeArray index="Use" Link="Rowt@Count"/>
    </CRequirement>
    <CRequirement id="Aens">
        <EditorCategories value="TechType:Ability"/>
        <NodeArray index="Use" Link="Roen@Count"/>
    </CRequirement>
    <CRequirement id="Aexh">
        <EditorCategories value="TechType:Ability"/>
        <NodeArray index="Use" Link="Ruex@Count"/>
    </CRequirement>
    <CRequirement id="Afa2">
        <EditorCategories value="TechType:Ability"/>
        <NodeArray index="Use" Link="Reec@Count"/>
    </CRequirement>
    <CRequirement id="Aflk">
        <EditorCategories value="TechType:Ability"/>
        <NodeArray index="Use" Link="Rhfc@Count"/>
    </CRequirement>
    <CRequirement id="Afla">
        <EditorCategories value="TechType:Ability"/>
        <NodeArray index="Use" Link="Rhfl@Count"/>
    </CRequirement>
    <CRequirement id="Afsh">
        <EditorCategories value="TechType:Ability"/>
        <NodeArray index="Use" Link="Rhfs@Count"/>
    </CRequirement>
    <CRequirement id="Afrz">
        <EditorCategories value="TechType:Ability"/>
        <NodeArray index="Use" Link="Rufb@Count"/>
    </CRequirement>
    <CRequirement id="Agyb">
        <EditorCategories value="TechType:Ability"/>
        <NodeArray index="Use" Link="Rhgb@Count"/>
    </CRequirement>
    <CRequirement id="Assk">
        <EditorCategories value="TechType:Ability"/>
        <NodeArray index="Use" Link="Rehs@Count"/>
    </CRequirement>
    <CRequirement id="Aivs">
        <EditorCategories value="TechType:Ability"/>
        <NodeArray index="Use" Link="Rhst@Count"/>
    </CRequirement>
    <CRequirement id="Apak">
        <EditorCategories value="TechType:Ability"/>
        <NodeArray index="Use" Link="Ropm@Count"/>
    </CRequirement>
    <CRequirement id="Aion">
        <EditorCategories value="TechType:Ability"/>
        <NodeArray index="Use" Link="Ropm@Count"/>
    </CRequirement>
    <CRequirement id="Aihn">
        <EditorCategories value="TechType:Ability"/>
        <NodeArray index="Use" Link="Rhpm@Count"/>
    </CRequirement>
    <CRequirement id="Aien">
        <EditorCategories value="TechType:Ability"/>
        <NodeArray index="Use" Link="Repm@Count"/>
    </CRequirement>
    <CRequirement id="Aiun">
        <EditorCategories value="TechType:Ability"/>
        <NodeArray index="Use" Link="Rupm@Count"/>
    </CRequirement>
    <CRequirement id="Alsh">
        <EditorCategories value="TechType:Ability"/>
        <NodeArray index="Use" Link="Rost@Count"/>
    </CRequirement>
    <CRequirement id="Aliq">
        <EditorCategories value="TechType:Ability"/>
        <NodeArray index="Use" Link="Rolf@Count"/>
    </CRequirement>
    <CRequirement id="Amgl">
        <EditorCategories value="TechType:Ability"/>
        <NodeArray index="Use" Link="Remg@Count"/>
    </CRequirement>
    <CRequirement id="Apts">
        <EditorCategories value="TechType:Ability"/>
        <NodeArray index="Use" Link="Rupc@Count"/>
    </CRequirement>
    <CRequirement id="Awar">
        <EditorCategories value="TechType:Ability"/>
        <NodeArray index="Use" Link="Rows@Count"/>
    </CRequirement>
    <CRequirement id="Arav">
        <EditorCategories value="TechType:Ability"/>
        <NodeArray index="Use" Link="Redt@Count"/>
    </CRequirement>
    <CRequirement id="Arej">
        <EditorCategories value="TechType:Ability"/>
        <NodeArray index="Use" Link="Redc@Count"/>
    </CRequirement>
    <CRequirement id="Arsk">
        <EditorCategories value="TechType:Ability"/>
        <NodeArray index="Use" Link="Rers@Count"/>
    </CRequirement>
    <CRequirement id="AHta">
        <EditorCategories value="TechType:Ability"/>
        <NodeArray index="Use" Link="Rhse@Count"/>
    </CRequirement>
    <CRequirement id="Ara2">
        <EditorCategories value="TechType:Ability"/>
        <NodeArray index="Use" Link="Reeb@Count"/>
    </CRequirement>
    <CRequirement id="Aroc">
        <EditorCategories value="TechType:Ability"/>
        <NodeArray index="Use" Link="Rhrt@Count"/>
    </CRequirement>
    <CRequirement id="SingleHeroXPBonusTier2">
        <EditorCategories value="TechType:Ability"/>
        <NodeArray index="Use" Link="AndEqCountUnitHEROCompleteOnly1GTCountUnitTWN2CompleteOnly0"/>
    </CRequirement>
    <CRequirement id="SingleHeroXPBonusTier3">
        <EditorCategories value="TechType:Ability"/>
        <NodeArray index="Use" Link="AndEqCountUnitHEROCompleteOnly1GTCountUnitTWN3CompleteOnly0"/>
    </CRequirement>
    <CRequirement id="Srtt">
        <EditorCategories value="TechType:Ability"/>
        <NodeArray index="Use" Link="Rhrt@Count"/>
    </CRequirement>
    <CRequirement id="Asal">
        <EditorCategories value="TechType:Ability"/>
        <NodeArray index="Use" Link="Ropg@Count"/>
    </CRequirement>
    <CRequirement id="Alam">
        <EditorCategories value="TechType:Ability"/>
        <NodeArray index="Use" Link="usap@Count"/>
    </CRequirement>
    <CRequirement id="Aesn">
        <EditorCategories value="TechType:Ability"/>
        <NodeArray index="Use" Link="Resc@Count"/>
    </CRequirement>
    <CRequirement id="Asta">
        <EditorCategories value="TechType:Ability"/>
        <NodeArray index="Use" Link="Rowd@Count"/>
    </CRequirement>
    <CRequirement id="Astn">
        <EditorCategories value="TechType:Ability"/>
        <NodeArray index="Use" Link="Rusf@Count"/>
    </CRequirement>
    <CRequirement id="Asth">
        <EditorCategories value="TechType:Ability"/>
        <NodeArray index="Use" Link="Rhhb@Count"/>
    </CRequirement>
    <CRequirement id="Auhf">
        <EditorCategories value="TechType:Ability"/>
        <NodeArray index="Use" Link="Rune@Count"/>
    </CRequirement>
    <CRequirement id="Aven">
        <EditorCategories value="TechType:Ability"/>
        <NodeArray index="Use" Link="Rovs@Count"/>
    </CRequirement>
    <CRequirement id="Aweb">
        <EditorCategories value="TechType:Ability"/>
        <NodeArray index="Use" Link="Ruwb@Count"/>
    </CRequirement>
    <CRequirement id="Aimp">
        <EditorCategories value="TechType:Ability"/>
        <NodeArray index="Use" Link="Repb@Count"/>
    </CRequirement>
    <CRequirement id="hdhw">
        <EditorCategories value="TechType:Unit"/>
        <NodeArray index="Use" Link="hdhw"/>
    </CRequirement>
    <CRequirement id="hgry">
        <EditorCategories value="TechType:Unit"/>
        <NodeArray index="Use" Link="hgry"/>
    </CRequirement>
    <CRequirement id="hkni">
        <EditorCategories value="TechType:Unit"/>
        <NodeArray index="Use" Link="hkni"/>
    </CRequirement>
    <CRequirement id="hmtt">
        <EditorCategories value="TechType:Unit"/>
        <NodeArray index="Use" Link="AndCountUnithcasCompleteOnlyTechTreeCheat"/>
        <NodeArray index="Show" Link="NotCountUpgradeRhrtCompleteOnly"/>
    </CRequirement>
    <CRequirement id="hrif">
        <EditorCategories value="TechType:Unit"/>
        <NodeArray index="Use" Link="hrif"/>
    </CRequirement>
    <CRequirement id="hrtt">
        <EditorCategories value="TechType:Unit"/>
        <NodeArray index="Use" Link="AndCountUnithcasCompleteOnlyTechTreeCheat"/>
        <NodeArray index="Show" Link="CountUpgradeRhrtCompleteOnly"/>
    </CRequirement>
    <CRequirement id="hspt">
        <EditorCategories value="TechType:Unit"/>
        <NodeArray index="Use" Link="hspt"/>
    </CRequirement>
    <CRequirement id="harm">
        <EditorCategories value="TechType:Unit"/>
        <NodeArray index="Use" Link="harm"/>
    </CRequirement>
    <CRequirement id="hars">
        <EditorCategories value="TechType:Unit"/>
        <NodeArray index="Use" Link="hars"/>
    </CRequirement>
    <CRequirement id="hbla">
        <EditorCategories value="TechType:Unit"/>
        <NodeArray index="Use" Link="hbla"/>
    </CRequirement>
    <CRequirement id="hcas">
        <EditorCategories value="TechType:Unit"/>
        <NodeArray index="Use" Link="hcas"/>
    </CRequirement>
    <CRequirement id="hctw">
        <EditorCategories value="TechType:Unit"/>
        <NodeArray index="Use" Link="hctw"/>
    </CRequirement>
    <CRequirement id="hgra">
        <EditorCategories value="TechType:Unit"/>
        <NodeArray index="Use" Link="hgra"/>
    </CRequirement>
    <CRequirement id="hgtw">
        <EditorCategories value="TechType:Unit"/>
        <NodeArray index="Use" Link="hgtw"/>
    </CRequirement>
    <CRequirement id="ocat">
        <EditorCategories value="TechType:Unit"/>
        <NodeArray index="Use" Link="ocat"/>
    </CRequirement>
    <CRequirement id="ohun">
        <EditorCategories value="TechType:Unit"/>
        <NodeArray index="Use" Link="AndCountUnitoforCompleteOnlyTechTreeCheat"/>
        <NodeArray index="Show" Link="NotCountUpgradeRobkCompleteOnly"/>
    </CRequirement>
    <CRequirement id="okod">
        <EditorCategories value="TechType:Unit"/>
        <NodeArray index="Use" Link="okod"/>
    </CRequirement>
    <CRequirement id="otau">
        <EditorCategories value="TechType:Unit"/>
        <NodeArray index="Use" Link="otau"/>
    </CRequirement>
    <CRequirement id="otbk">
        <EditorCategories value="TechType:Unit"/>
        <NodeArray index="Use" Link="AndCountUnitoforCompleteOnlyTechTreeCheat"/>
        <NodeArray index="Show" Link="CountUpgradeRobkCompleteOnly"/>
    </CRequirement>
    <CRequirement id="otbr">
        <EditorCategories value="TechType:Unit"/>
        <NodeArray index="Use" Link="otbr"/>
    </CRequirement>
    <CRequirement id="obea">
        <EditorCategories value="TechType:Unit"/>
        <NodeArray index="Use" Link="obea"/>
    </CRequirement>
    <CRequirement id="ofrt">
        <EditorCategories value="TechType:Unit"/>
        <NodeArray index="Use" Link="ofrt"/>
    </CRequirement>
    <CRequirement id="osld">
        <EditorCategories value="TechType:Unit"/>
        <NodeArray index="Use" Link="osld"/>
    </CRequirement>
    <CRequirement id="otto">
        <EditorCategories value="TechType:Unit"/>
        <NodeArray index="Use" Link="otto"/>
    </CRequirement>
    <CRequirement id="owtw">
        <EditorCategories value="TechType:Unit"/>
        <NodeArray index="Use" Link="owtw"/>
    </CRequirement>
    <CRequirement id="ebal">
        <EditorCategories value="TechType:Unit"/>
        <NodeArray index="Use" Link="ebal"/>
    </CRequirement>
    <CRequirement id="edcm">
        <EditorCategories value="TechType:Unit"/>
        <NodeArray index="Use" Link="edcm"/>
    </CRequirement>
    <CRequirement id="edoc">
        <EditorCategories value="TechType:Unit"/>
        <NodeArray index="Use" Link="edoc"/>
    </CRequirement>
    <CRequirement id="efdr">
        <EditorCategories value="TechType:Unit"/>
        <NodeArray index="Use" Link="efdr"/>
    </CRequirement>
    <CRequirement id="emtg">
        <EditorCategories value="TechType:Unit"/>
        <NodeArray index="Use" Link="emtg"/>
    </CRequirement>
    <CRequirement id="esen">
        <EditorCategories value="TechType:Unit"/>
        <NodeArray index="Use" Link="esen"/>
    </CRequirement>
    <CRequirement id="eaoe">
        <EditorCategories value="TechType:Unit"/>
        <NodeArray index="Use" Link="eaoe"/>
    </CRequirement>
    <CRequirement id="eaow">
        <EditorCategories value="TechType:Unit"/>
        <NodeArray index="Use" Link="eaow"/>
    </CRequirement>
    <CRequirement id="edob">
        <EditorCategories value="TechType:Unit"/>
        <NodeArray index="Use" Link="edob"/>
    </CRequirement>
    <CRequirement id="edos">
        <EditorCategories value="TechType:Unit"/>
        <NodeArray index="Use" Link="edos"/>
    </CRequirement>
    <CRequirement id="etoe">
        <EditorCategories value="TechType:Unit"/>
        <NodeArray index="Use" Link="etoe"/>
    </CRequirement>
    <CRequirement id="etrp">
        <EditorCategories value="TechType:Unit"/>
        <NodeArray index="Use" Link="etrp"/>
    </CRequirement>
    <CRequirement id="uabo">
        <EditorCategories value="TechType:Unit"/>
        <NodeArray index="Use" Link="uabo"/>
    </CRequirement>
    <CRequirement id="ucrm">
        <EditorCategories value="TechType:Unit"/>
        <NodeArray index="Use" Link="ucrm"/>
    </CRequirement>
    <CRequirement id="ucry">
        <EditorCategories value="TechType:Unit"/>
        <NodeArray index="Use" Link="ucry"/>
    </CRequirement>
    <CRequirement id="ugar">
        <EditorCategories value="TechType:Unit"/>
        <NodeArray index="Use" Link="ugar"/>
    </CRequirement>
    <CRequirement id="ugrm">
        <EditorCategories value="TechType:Unit"/>
        <NodeArray index="Use" Link="ugrm"/>
    </CRequirement>
    <CRequirement id="uobs">
        <EditorCategories value="TechType:Unit"/>
        <NodeArray index="Use" Link="uobs"/>
    </CRequirement>
    <CRequirement id="ubon">
        <EditorCategories value="TechType:Unit"/>
        <NodeArray index="Use" Link="ubon"/>
    </CRequirement>
    <CRequirement id="unp2">
        <EditorCategories value="TechType:Unit"/>
        <NodeArray index="Use" Link="unp2"/>
    </CRequirement>
    <CRequirement id="usap">
        <EditorCategories value="TechType:Unit"/>
        <NodeArray index="Use" Link="usap"/>
    </CRequirement>
    <CRequirement id="uslh">
        <EditorCategories value="TechType:Unit"/>
        <NodeArray index="Use" Link="uslh"/>
    </CRequirement>
    <CRequirement id="utod">
        <EditorCategories value="TechType:Unit"/>
        <NodeArray index="Use" Link="utod"/>
    </CRequirement>
    <CRequirement id="uzg1">
        <EditorCategories value="TechType:Unit"/>
        <NodeArray index="Use" Link="uzg1"/>
    </CRequirement>
    <CRequirement id="uabc">
        <EditorCategories value="TechType:Unit"/>
        <NodeArray index="Use" Link="uabc"/>
    </CRequirement>
    <CRequirement id="ncap">
        <EditorCategories value="TechType:Unit"/>
        <NodeArray index="Use" Link="ncap"/>
    </CRequirement>
    <CRequirement id="ofir">
        <EditorCategories value="TechType:Unit"/>
        <NodeArray index="Use" Link="ofir"/>
    </CRequirement>
    <CRequirement id="ocor">
        <EditorCategories value="TechType:Unit"/>
        <NodeArray index="Use" Link="ocor"/>
    </CRequirement>
    <CRequirement id="oli2">
        <EditorCategories value="TechType:Unit"/>
        <NodeArray index="Use" Link="oli2"/>
    </CRequirement>
    <CRequirement id="oven">
        <EditorCategories value="TechType:Unit"/>
        <NodeArray index="Use" Link="oven"/>
    </CRequirement>
    <CRequirement id="tgrh">
        <EditorCategories value="TechType:Unit"/>
        <NodeArray index="Use" Link="tgrh"/>
    </CRequirement>
    <CRequirement id="stwp">
        <EditorCategories value="TechType:Unit"/>
        <NodeArray index="Use" Link="stwp"/>
    </CRequirement>
    <CRequirement id="wneg">
        <EditorCategories value="TechType:Unit"/>
        <NodeArray index="Use" Link="wneg"/>
    </CRequirement>
    <CRequirement id="shea">
        <EditorCategories value="TechType:Unit"/>
        <NodeArray index="Use" Link="shea"/>
    </CRequirement>
    <CRequirement id="phea">
        <EditorCategories value="TechType:Unit"/>
        <NodeArray index="Use" Link="phea"/>
    </CRequirement>
    <CRequirement id="pman">
        <EditorCategories value="TechType:Unit"/>
        <NodeArray index="Use" Link="pman"/>
    </CRequirement>
    <CRequirement id="skul">
        <EditorCategories value="TechType:Unit"/>
        <NodeArray index="Use" Link="skul"/>
    </CRequirement>
    <CRequirement id="tsct">
        <EditorCategories value="TechType:Unit"/>
        <NodeArray index="Use" Link="tsct"/>
    </CRequirement>
    <CRequirement id="olig">
        <EditorCategories value="TechType:Unit"/>
        <NodeArray index="Use" Link="olig"/>
    </CRequirement>
    <CRequirement id="pams">
        <EditorCategories value="TechType:Unit"/>
        <NodeArray index="Use" Link="pams"/>
    </CRequirement>
    <CRequirement id="spre">
        <EditorCategories value="TechType:Unit"/>
        <NodeArray index="Use" Link="spre"/>
    </CRequirement>
    <CRequirement id="pclr">
        <EditorCategories value="TechType:Unit"/>
        <NodeArray index="Use" Link="pclr"/>
    </CRequirement>
    <CRequirement id="ssan">
        <EditorCategories value="TechType:Unit"/>
        <NodeArray index="Use" Link="ssan"/>
    </CRequirement>
    <CRequirement id="tcas">
        <EditorCategories value="TechType:Unit"/>
        <NodeArray index="Use" Link="tcas"/>
    </CRequirement>
    <!--ResearchReq-->
    <CRequirement id="Rhme">
        <EditorCategories value="Race:Human,TechType:Upgrade"/>
        <NodeArray index="Show" Link="Rhme@Show"/>
    </CRequirement>
    <CRequirement id="Rhme@2">
        <EditorCategories value="Race:Human,TechType:Upgrade"/>
        <NodeArray index="Use" Link="Rhme@2"/>
        <NodeArray index="Show" Link="Rhme@2Show"/>
    </CRequirement>
    <CRequirement id="Rhme@3">
        <EditorCategories value="Race:Human,TechType:Upgrade"/>
        <NodeArray index="Use" Link="Rhme@3"/>
        <NodeArray index="Show" Link="Rhme@3Show"/>
    </CRequirement>
    <CRequirement id="Rhra">
        <EditorCategories value="Race:Human,TechType:Upgrade"/>
        <NodeArray index="Show" Link="Rhra@Show"/>
    </CRequirement>
    <CRequirement id="Rhra@2">
        <EditorCategories value="Race:Human,TechType:Upgrade"/>
        <NodeArray index="Use" Link="Rhra@2"/>
        <NodeArray index="Show" Link="Rhra@2Show"/>
    </CRequirement>
    <CRequirement id="Rhra@3">
        <EditorCategories value="Race:Human,TechType:Upgrade"/>
        <NodeArray index="Use" Link="Rhra@3"/>
        <NodeArray index="Show" Link="Rhra@3Show"/>
    </CRequirement>
    <CRequirement id="Rhhb">
        <EditorCategories value="Race:Human,TechType:Upgrade"/>
        <NodeArray index="Use" Link="Rhhb"/>
        <NodeArray index="Show" Link="Rhhb@Show"/>
    </CRequirement>
    <CRequirement id="Rhar">
        <EditorCategories value="Race:Human,TechType:Upgrade"/>
        <NodeArray index="Show" Link="Rhar@Show"/>
    </CRequirement>
    <CRequirement id="Rhar@2">
        <EditorCategories value="Race:Human,TechType:Upgrade"/>
        <NodeArray index="Use" Link="Rhar@2"/>
        <NodeArray index="Show" Link="Rhar@2Show"/>
    </CRequirement>
    <CRequirement id="Rhar@3">
        <EditorCategories value="Race:Human,TechType:Upgrade"/>
        <NodeArray index="Use" Link="Rhar@3"/>
        <NodeArray index="Show" Link="Rhar@3Show"/>
    </CRequirement>
    <CRequirement id="Rhgb">
        <EditorCategories value="Race:Human,TechType:Upgrade"/>
        <NodeArray index="Use" Link="Rhgb"/>
        <NodeArray index="Show" Link="Rhgb@Show"/>
    </CRequirement>
    <CRequirement id="Rhac">
        <EditorCategories value="Race:Human,TechType:Upgrade"/>
        <NodeArray index="Show" Link="Rhac@Show"/>
    </CRequirement>
    <CRequirement id="Rhac@2">
        <EditorCategories value="Race:Human,TechType:Upgrade"/>
        <NodeArray index="Use" Link="Rhac@2"/>
        <NodeArray index="Show" Link="Rhac@2Show"/>
    </CRequirement>
    <CRequirement id="Rhac@3">
        <EditorCategories value="Race:Human,TechType:Upgrade"/>
        <NodeArray index="Use" Link="Rhac@3"/>
        <NodeArray index="Show" Link="Rhac@3Show"/>
    </CRequirement>
    <CRequirement id="Rhde">
        <EditorCategories value="Race:Human,TechType:Upgrade"/>
        <NodeArray index="Show" Link="Rhde@Show"/>
    </CRequirement>
    <CRequirement id="Rhan">
        <EditorCategories value="Race:Human,TechType:Upgrade"/>
        <NodeArray index="Use" Link="Rhan"/>
        <NodeArray index="Show" Link="Rhan@Show"/>
    </CRequirement>
    <CRequirement id="Rhpt">
        <EditorCategories value="Race:Human,TechType:Upgrade"/>
        <NodeArray index="Show" Link="Rhpt@Show"/>
    </CRequirement>
    <CRequirement id="Rhpt@2">
        <EditorCategories value="Race:Human,TechType:Upgrade"/>
        <NodeArray index="Use" Link="Rhpt@2"/>
        <NodeArray index="Show" Link="Rhpt@2Show"/>
    </CRequirement>
    <CRequirement id="Rhst">
        <EditorCategories value="Race:Human,TechType:Upgrade"/>
        <NodeArray index="Show" Link="Rhst@Show"/>
    </CRequirement>
    <CRequirement id="Rhst@2">
        <EditorCategories value="Race:Human,TechType:Upgrade"/>
        <NodeArray index="Use" Link="Rhst@2"/>
        <NodeArray index="Show" Link="Rhst@2Show"/>
    </CRequirement>
    <CRequirement id="Rhla">
        <EditorCategories value="Race:Human,TechType:Upgrade"/>
        <NodeArray index="Show" Link="Rhla@Show"/>
    </CRequirement>
    <CRequirement id="Rhla@2">
        <EditorCategories value="Race:Human,TechType:Upgrade"/>
        <NodeArray index="Use" Link="Rhla@2"/>
        <NodeArray index="Show" Link="Rhla@2Show"/>
    </CRequirement>
    <CRequirement id="Rhla@3">
        <EditorCategories value="Race:Human,TechType:Upgrade"/>
        <NodeArray index="Use" Link="Rhla@3"/>
        <NodeArray index="Show" Link="Rhla@3Show"/>
    </CRequirement>
    <CRequirement id="Rhri">
        <EditorCategories value="Race:Human,TechType:Upgrade"/>
        <NodeArray index="Use" Link="Rhri"/>
        <NodeArray index="Show" Link="Rhri@Show"/>
    </CRequirement>
    <CRequirement id="Rhlh">
        <EditorCategories value="Race:Human,TechType:Upgrade"/>
        <NodeArray index="Use" Link="Rhlh"/>
        <NodeArray index="Show" Link="Rhlh@Show"/>
    </CRequirement>
    <CRequirement id="Rhlh@2">
        <EditorCategories value="Race:Human,TechType:Upgrade"/>
        <NodeArray index="Use" Link="Rhlh@2"/>
        <NodeArray index="Show" Link="Rhlh@2Show"/>
    </CRequirement>
    <CRequirement id="Rhse">
        <EditorCategories value="Race:Human,TechType:Upgrade"/>
        <NodeArray index="Show" Link="Rhse@Show"/>
    </CRequirement>
    <CRequirement id="Rhfl">
        <EditorCategories value="Race:Human,TechType:Upgrade"/>
        <NodeArray index="Use" Link="Rhfl"/>
        <NodeArray index="Show" Link="Rhfl@Show"/>
    </CRequirement>
    <CRequirement id="Rhss">
        <EditorCategories value="Race:Human,TechType:Upgrade"/>
        <NodeArray index="Use" Link="Rhss"/>
        <NodeArray index="Show" Link="Rhss@Show"/>
    </CRequirement>
    <CRequirement id="Rhrt">
        <EditorCategories value="Race:Human,TechType:Upgrade"/>
        <NodeArray index="Use" Link="Rhrt"/>
        <NodeArray index="Show" Link="Rhrt@Show"/>
    </CRequirement>
    <CRequirement id="Rhpm">
        <EditorCategories value="Race:Human,TechType:Upgrade"/>
        <NodeArray index="Use" Link="Rhpm"/>
        <NodeArray index="Show" Link="Rhpm@Show"/>
    </CRequirement>
    <CRequirement id="Rhfc">
        <EditorCategories value="Race:Human,TechType:Upgrade"/>
        <NodeArray index="Use" Link="Rhfc"/>
        <NodeArray index="Show" Link="Rhfc@Show"/>
    </CRequirement>
    <CRequirement id="Rhfs">
        <EditorCategories value="Race:Human,TechType:Upgrade"/>
        <NodeArray index="Use" Link="Rhfs"/>
        <NodeArray index="Show" Link="Rhfs@Show"/>
    </CRequirement>
    <CRequirement id="Rhcd">
        <EditorCategories value="Race:Human,TechType:Upgrade"/>
        <NodeArray index="Use" Link="Rhcd"/>
        <NodeArray index="Show" Link="Rhcd@Show"/>
    </CRequirement>
    <CRequirement id="Rome">
        <EditorCategories value="Race:Orc,TechType:Upgrade"/>
        <NodeArray index="Show" Link="Rome@Show"/>
    </CRequirement>
    <CRequirement id="Rome@2">
        <EditorCategories value="Race:Orc,TechType:Upgrade"/>
        <NodeArray index="Use" Link="Rome@2"/>
        <NodeArray index="Show" Link="Rome@2Show"/>
    </CRequirement>
    <CRequirement id="Rome@3">
        <EditorCategories value="Race:Orc,TechType:Upgrade"/>
        <NodeArray index="Use" Link="Rome@3"/>
        <NodeArray index="Show" Link="Rome@3Show"/>
    </CRequirement>
    <CRequirement id="Rora">
        <EditorCategories value="Race:Orc,TechType:Upgrade"/>
        <NodeArray index="Show" Link="Rora@Show"/>
    </CRequirement>
    <CRequirement id="Rora@2">
        <EditorCategories value="Race:Orc,TechType:Upgrade"/>
        <NodeArray index="Use" Link="Rora@2"/>
        <NodeArray index="Show" Link="Rora@2Show"/>
    </CRequirement>
    <CRequirement id="Rora@3">
        <EditorCategories value="Race:Orc,TechType:Upgrade"/>
        <NodeArray index="Use" Link="Rora@3"/>
        <NodeArray index="Show" Link="Rora@3Show"/>
    </CRequirement>
    <CRequirement id="Roar">
        <EditorCategories value="Race:Orc,TechType:Upgrade"/>
        <NodeArray index="Show" Link="Roar@Show"/>
    </CRequirement>
    <CRequirement id="Roar@2">
        <EditorCategories value="Race:Orc,TechType:Upgrade"/>
        <NodeArray index="Use" Link="Roar@2"/>
        <NodeArray index="Show" Link="Roar@2Show"/>
    </CRequirement>
    <CRequirement id="Roar@3">
        <EditorCategories value="Race:Orc,TechType:Upgrade"/>
        <NodeArray index="Use" Link="Roar@3"/>
        <NodeArray index="Show" Link="Roar@3Show"/>
    </CRequirement>
    <CRequirement id="Rwdm">
        <EditorCategories value="Race:Orc,TechType:Upgrade"/>
        <NodeArray index="Use" Link="Rwdm"/>
        <NodeArray index="Show" Link="Rwdm@Show"/>
    </CRequirement>
    <CRequirement id="Ropg">
        <EditorCategories value="Race:Orc,TechType:Upgrade"/>
        <NodeArray index="Show" Link="Ropg@Show"/>
    </CRequirement>
    <CRequirement id="Robs">
        <EditorCategories value="Race:Orc,TechType:Upgrade"/>
        <NodeArray index="Use" Link="Robs"/>
        <NodeArray index="Show" Link="Robs@Show"/>
    </CRequirement>
    <CRequirement id="Rows">
        <EditorCategories value="Race:Orc,TechType:Upgrade"/>
        <NodeArray index="Show" Link="Rows@Show"/>
    </CRequirement>
    <CRequirement id="Roen">
        <EditorCategories value="Race:Orc,TechType:Upgrade"/>
        <NodeArray index="Show" Link="Roen@Show"/>
    </CRequirement>
    <CRequirement id="Rovs">
        <EditorCategories value="Race:Orc,TechType:Upgrade"/>
        <NodeArray index="Use" Link="Rovs"/>
        <NodeArray index="Show" Link="Rovs@Show"/>
    </CRequirement>
    <CRequirement id="Rowd">
        <EditorCategories value="Race:Orc,TechType:Upgrade"/>
        <NodeArray index="Show" Link="Rowd@Show"/>
    </CRequirement>
    <CRequirement id="Rowd@2">
        <EditorCategories value="Race:Orc,TechType:Upgrade"/>
        <NodeArray index="Use" Link="Rowd@2"/>
        <NodeArray index="Show" Link="Rowd@2Show"/>
    </CRequirement>
    <CRequirement id="Rost">
        <EditorCategories value="Race:Orc,TechType:Upgrade"/>
        <NodeArray index="Show" Link="Rost@Show"/>
    </CRequirement>
    <CRequirement id="Rost@2">
        <EditorCategories value="Race:Orc,TechType:Upgrade"/>
        <NodeArray index="Use" Link="Rost@2"/>
        <NodeArray index="Show" Link="Rost@2Show"/>
    </CRequirement>
    <CRequirement id="Rosp">
        <EditorCategories value="Race:Orc,TechType:Upgrade"/>
        <NodeArray index="Show" Link="Rosp@Show"/>
    </CRequirement>
    <CRequirement id="Rosp@2">
        <EditorCategories value="Race:Orc,TechType:Upgrade"/>
        <NodeArray index="Use" Link="Rosp@2"/>
        <NodeArray index="Show" Link="Rosp@2Show"/>
    </CRequirement>
    <CRequirement id="Rosp@3">
        <EditorCategories value="Race:Orc,TechType:Upgrade"/>
        <NodeArray index="Use" Link="Rosp@3"/>
        <NodeArray index="Show" Link="Rosp@3Show"/>
    </CRequirement>
    <CRequirement id="Rotr">
        <EditorCategories value="Race:Orc,TechType:Upgrade"/>
        <NodeArray index="Use" Link="Rotr"/>
        <NodeArray index="Show" Link="Rotr@Show"/>
    </CRequirement>
    <CRequirement id="Rolf">
        <EditorCategories value="Race:Orc,TechType:Upgrade"/>
        <NodeArray index="Use" Link="Rolf"/>
        <NodeArray index="Show" Link="Rolf@Show"/>
    </CRequirement>
    <CRequirement id="Roch">
        <EditorCategories value="Race:Demon,TechType:Upgrade"/>
        <NodeArray index="Show" Link="Roch@Show"/>
    </CRequirement>
    <CRequirement id="Rowt">
        <EditorCategories value="Race:Orc,TechType:Upgrade"/>
        <NodeArray index="Show" Link="Rowt@Show"/>
    </CRequirement>
    <CRequirement id="Rowt@2">
        <EditorCategories value="Race:Orc,TechType:Upgrade"/>
        <NodeArray index="Use" Link="Rowt@2"/>
        <NodeArray index="Show" Link="Rowt@2Show"/>
    </CRequirement>
    <CRequirement id="Rorb">
        <EditorCategories value="Race:Orc,TechType:Upgrade"/>
        <NodeArray index="Use" Link="Rorb"/>
        <NodeArray index="Show" Link="Rorb@Show"/>
    </CRequirement>
    <CRequirement id="Robk">
        <EditorCategories value="Race:Orc,TechType:Upgrade"/>
        <NodeArray index="Use" Link="Robk"/>
        <NodeArray index="Show" Link="Robk@Show"/>
    </CRequirement>
    <CRequirement id="Ropm">
        <EditorCategories value="Race:Orc,TechType:Upgrade"/>
        <NodeArray index="Use" Link="Ropm"/>
        <NodeArray index="Show" Link="Ropm@Show"/>
    </CRequirement>
    <CRequirement id="Robf">
        <EditorCategories value="Race:Orc,TechType:Upgrade"/>
        <NodeArray index="Use" Link="Robf"/>
        <NodeArray index="Show" Link="Robf@Show"/>
    </CRequirement>
    <CRequirement id="Rume">
        <EditorCategories value="Race:Undead,TechType:Upgrade"/>
        <NodeArray index="Show" Link="Rume@Show"/>
    </CRequirement>
    <CRequirement id="Rume@2">
        <EditorCategories value="Race:Undead,TechType:Upgrade"/>
        <NodeArray index="Use" Link="Rume@2"/>
        <NodeArray index="Show" Link="Rume@2Show"/>
    </CRequirement>
    <CRequirement id="Rume@3">
        <EditorCategories value="Race:Undead,TechType:Upgrade"/>
        <NodeArray index="Use" Link="Rume@3"/>
        <NodeArray index="Show" Link="Rume@3Show"/>
    </CRequirement>
    <CRequirement id="Rura">
        <EditorCategories value="Race:Undead,TechType:Upgrade"/>
        <NodeArray index="Show" Link="Rura@Show"/>
    </CRequirement>
    <CRequirement id="Rura@2">
        <EditorCategories value="Race:Undead,TechType:Upgrade"/>
        <NodeArray index="Use" Link="Rura@2"/>
        <NodeArray index="Show" Link="Rura@2Show"/>
    </CRequirement>
    <CRequirement id="Rura@3">
        <EditorCategories value="Race:Undead,TechType:Upgrade"/>
        <NodeArray index="Use" Link="Rura@3"/>
        <NodeArray index="Show" Link="Rura@3Show"/>
    </CRequirement>
    <CRequirement id="Ruar">
        <EditorCategories value="Race:Undead,TechType:Upgrade"/>
        <NodeArray index="Show" Link="Ruar@Show"/>
    </CRequirement>
    <CRequirement id="Ruar@2">
        <EditorCategories value="Race:Undead,TechType:Upgrade"/>
        <NodeArray index="Use" Link="Ruar@2"/>
        <NodeArray index="Show" Link="Ruar@2Show"/>
    </CRequirement>
    <CRequirement id="Ruar@3">
        <EditorCategories value="Race:Undead,TechType:Upgrade"/>
        <NodeArray index="Use" Link="Ruar@3"/>
        <NodeArray index="Show" Link="Ruar@3Show"/>
    </CRequirement>
    <CRequirement id="Ruac">
        <EditorCategories value="Race:Undead,TechType:Upgrade"/>
        <NodeArray index="Show" Link="Ruac@Show"/>
    </CRequirement>
    <CRequirement id="Rugf">
        <EditorCategories value="Race:Undead,TechType:Upgrade"/>
        <NodeArray index="Use" Link="Rugf"/>
        <NodeArray index="Show" Link="Rugf@Show"/>
    </CRequirement>
    <CRequirement id="Ruwb">
        <EditorCategories value="Race:Undead,TechType:Upgrade"/>
        <NodeArray index="Use" Link="Ruwb"/>
        <NodeArray index="Show" Link="Ruwb@Show"/>
    </CRequirement>
    <CRequirement id="Rusf">
        <EditorCategories value="Race:Undead,TechType:Upgrade"/>
        <NodeArray index="Use" Link="Rusf"/>
        <NodeArray index="Show" Link="Rusf@Show"/>
    </CRequirement>
    <CRequirement id="Rune">
        <EditorCategories value="Race:Undead,TechType:Upgrade"/>
        <NodeArray index="Show" Link="Rune@Show"/>
    </CRequirement>
    <CRequirement id="Rune@2">
        <EditorCategories value="Race:Undead,TechType:Upgrade"/>
        <NodeArray index="Use" Link="Rune@2"/>
        <NodeArray index="Show" Link="Rune@2Show"/>
    </CRequirement>
    <CRequirement id="Ruba">
        <EditorCategories value="Race:Undead,TechType:Upgrade"/>
        <NodeArray index="Show" Link="Ruba@Show"/>
    </CRequirement>
    <CRequirement id="Ruba@2">
        <EditorCategories value="Race:Undead,TechType:Upgrade"/>
        <NodeArray index="Use" Link="Ruba@2"/>
        <NodeArray index="Show" Link="Ruba@2Show"/>
    </CRequirement>
    <CRequirement id="Rufb">
        <EditorCategories value="Race:Undead,TechType:Upgrade"/>
        <NodeArray index="Show" Link="Rufb@Show"/>
    </CRequirement>
    <CRequirement id="Rusl">
        <EditorCategories value="Race:Undead,TechType:Upgrade"/>
        <NodeArray index="Show" Link="Rusl@Show"/>
    </CRequirement>
    <CRequirement id="Rucr">
        <EditorCategories value="Race:Undead,TechType:Upgrade"/>
        <NodeArray index="Show" Link="Rucr@Show"/>
    </CRequirement>
    <CRequirement id="Rucr@2">
        <EditorCategories value="Race:Undead,TechType:Upgrade"/>
        <NodeArray index="Use" Link="Rucr@2"/>
        <NodeArray index="Show" Link="Rucr@2Show"/>
    </CRequirement>
    <CRequirement id="Rucr@3">
        <EditorCategories value="Race:Undead,TechType:Upgrade"/>
        <NodeArray index="Use" Link="Rucr@3"/>
        <NodeArray index="Show" Link="Rucr@3Show"/>
    </CRequirement>
    <CRequirement id="Rupc">
        <EditorCategories value="Race:Undead,TechType:Upgrade"/>
        <NodeArray index="Use" Link="Rupc"/>
        <NodeArray index="Show" Link="Rupc@Show"/>
    </CRequirement>
    <CRequirement id="Rusm">
        <EditorCategories value="Race:Undead,TechType:Upgrade"/>
        <NodeArray index="Use" Link="Rusm"/>
        <NodeArray index="Show" Link="Rusm@Show"/>
    </CRequirement>
    <CRequirement id="Rubu">
        <EditorCategories value="Race:Undead,TechType:Upgrade"/>
        <NodeArray index="Use" Link="Rubu"/>
        <NodeArray index="Show" Link="Rubu@Show"/>
    </CRequirement>
    <CRequirement id="Rusp">
        <EditorCategories value="Race:Undead,TechType:Upgrade"/>
        <NodeArray index="Use" Link="Rusp"/>
        <NodeArray index="Show" Link="Rusp@Show"/>
    </CRequirement>
    <CRequirement id="Ruex">
        <EditorCategories value="Race:Undead,TechType:Upgrade"/>
        <NodeArray index="Use" Link="Ruex"/>
        <NodeArray index="Show" Link="Ruex@Show"/>
    </CRequirement>
    <CRequirement id="Rupm">
        <EditorCategories value="Race:Undead,TechType:Upgrade"/>
        <NodeArray index="Use" Link="Rupm"/>
        <NodeArray index="Show" Link="Rupm@Show"/>
    </CRequirement>
    <CRequirement id="Resm">
        <EditorCategories value="Race:NightElf,TechType:Upgrade"/>
        <NodeArray index="Show" Link="Resm@Show"/>
    </CRequirement>
    <CRequirement id="Resm@2">
        <EditorCategories value="Race:NightElf,TechType:Upgrade"/>
        <NodeArray index="Use" Link="Resm@2"/>
        <NodeArray index="Show" Link="Resm@2Show"/>
    </CRequirement>
    <CRequirement id="Resm@3">
        <EditorCategories value="Race:NightElf,TechType:Upgrade"/>
        <NodeArray index="Use" Link="Resm@3"/>
        <NodeArray index="Show" Link="Resm@3Show"/>
    </CRequirement>
    <CRequirement id="Resw">
        <EditorCategories value="Race:NightElf,TechType:Upgrade"/>
        <NodeArray index="Show" Link="Resw@Show"/>
    </CRequirement>
    <CRequirement id="Resw@2">
        <EditorCategories value="Race:NightElf,TechType:Upgrade"/>
        <NodeArray index="Use" Link="Resw@2"/>
        <NodeArray index="Show" Link="Resw@2Show"/>
    </CRequirement>
    <CRequirement id="Resw@3">
        <EditorCategories value="Race:NightElf,TechType:Upgrade"/>
        <NodeArray index="Use" Link="Resw@3"/>
        <NodeArray index="Show" Link="Resw@3Show"/>
    </CRequirement>
    <CRequirement id="Rema">
        <EditorCategories value="Race:NightElf,TechType:Upgrade"/>
        <NodeArray index="Show" Link="Rema@Show"/>
    </CRequirement>
    <CRequirement id="Rema@2">
        <EditorCategories value="Race:NightElf,TechType:Upgrade"/>
        <NodeArray index="Use" Link="Rema@2"/>
        <NodeArray index="Show" Link="Rema@2Show"/>
    </CRequirement>
    <CRequirement id="Rema@3">
        <EditorCategories value="Race:NightElf,TechType:Upgrade"/>
        <NodeArray index="Use" Link="Rema@3"/>
        <NodeArray index="Show" Link="Rema@3Show"/>
    </CRequirement>
    <CRequirement id="Rerh">
        <EditorCategories value="Race:NightElf,TechType:Upgrade"/>
        <NodeArray index="Show" Link="Rerh@Show"/>
    </CRequirement>
    <CRequirement id="Rerh@2">
        <EditorCategories value="Race:NightElf,TechType:Upgrade"/>
        <NodeArray index="Use" Link="Rerh@2"/>
        <NodeArray index="Show" Link="Rerh@2Show"/>
    </CRequirement>
    <CRequirement id="Rerh@3">
        <EditorCategories value="Race:NightElf,TechType:Upgrade"/>
        <NodeArray index="Use" Link="Rerh@3"/>
        <NodeArray index="Show" Link="Rerh@3Show"/>
    </CRequirement>
    <CRequirement id="Reuv">
        <EditorCategories value="Race:NightElf,TechType:Upgrade"/>
        <NodeArray index="Show" Link="Reuv@Show"/>
    </CRequirement>
    <CRequirement id="Renb">
        <EditorCategories value="Race:NightElf,TechType:Upgrade"/>
        <NodeArray index="Use" Link="Renb"/>
        <NodeArray index="Show" Link="Renb@Show"/>
    </CRequirement>
    <CRequirement id="Resc">
        <EditorCategories value="Race:NightElf,TechType:Upgrade"/>
        <NodeArray index="Use" Link="Resc"/>
        <NodeArray index="Show" Link="Resc@Show"/>
    </CRequirement>
    <CRequirement id="Remg">
        <EditorCategories value="Race:NightElf,TechType:Upgrade"/>
        <NodeArray index="Use" Link="Remg"/>
        <NodeArray index="Show" Link="Remg@Show"/>
    </CRequirement>
    <CRequirement id="Reib">
        <EditorCategories value="Race:NightElf,TechType:Upgrade"/>
        <NodeArray index="Use" Link="Reib"/>
        <NodeArray index="Show" Link="Reib@Show"/>
    </CRequirement>
    <CRequirement id="Remk">
        <EditorCategories value="Race:NightElf,TechType:Upgrade"/>
        <NodeArray index="Use" Link="Remk"/>
        <NodeArray index="Show" Link="Remk@Show"/>
    </CRequirement>
    <CRequirement id="Redt">
        <EditorCategories value="Race:NightElf,TechType:Upgrade"/>
        <NodeArray index="Show" Link="Redt@Show"/>
    </CRequirement>
    <CRequirement id="Redt@2">
        <EditorCategories value="Race:NightElf,TechType:Upgrade"/>
        <NodeArray index="Use" Link="Redt@2"/>
        <NodeArray index="Show" Link="Redt@2Show"/>
    </CRequirement>
    <CRequirement id="Redc">
        <EditorCategories value="Race:NightElf,TechType:Upgrade"/>
        <NodeArray index="Show" Link="Redc@Show"/>
    </CRequirement>
    <CRequirement id="Redc@2">
        <EditorCategories value="Race:NightElf,TechType:Upgrade"/>
        <NodeArray index="Use" Link="Redc@2"/>
        <NodeArray index="Show" Link="Redc@2Show"/>
    </CRequirement>
    <CRequirement id="Resi">
        <EditorCategories value="Race:NightElf,TechType:Upgrade"/>
        <NodeArray index="Show" Link="Resi@Show"/>
    </CRequirement>
    <CRequirement id="Recb">
        <EditorCategories value="Race:NightElf,TechType:Upgrade"/>
        <NodeArray index="Show" Link="Recb@Show"/>
    </CRequirement>
    <CRequirement id="Reht">
        <EditorCategories value="Race:NightElf,TechType:Upgrade"/>
        <NodeArray index="Show" Link="Reht@Show"/>
    </CRequirement>
    <CRequirement id="Repb">
        <EditorCategories value="Race:NightElf,TechType:Upgrade"/>
        <NodeArray index="Use" Link="Repb"/>
        <NodeArray index="Show" Link="Repb@Show"/>
    </CRequirement>
    <CRequirement id="Rers">
        <EditorCategories value="Race:NightElf,TechType:Upgrade"/>
        <NodeArray index="Use" Link="Rers"/>
        <NodeArray index="Show" Link="Rers@Show"/>
    </CRequirement>
    <CRequirement id="Rehs">
        <EditorCategories value="Race:NightElf,TechType:Upgrade"/>
        <NodeArray index="Use" Link="Rehs"/>
        <NodeArray index="Show" Link="Rehs@Show"/>
    </CRequirement>
    <CRequirement id="Reeb">
        <EditorCategories value="Race:NightElf,TechType:Upgrade"/>
        <NodeArray index="Use" Link="GTECountUpgradeRedcCompleteOnly2703099146TechTreeCheat2"/>
        <NodeArray index="Show" Link="EqCountUpgradeReebQueuedOrBetterTechTreeCheat0"/>
    </CRequirement>
    <CRequirement id="Reec">
        <EditorCategories value="Race:NightElf,TechType:Upgrade"/>
        <NodeArray index="Use" Link="GTECountUpgradeRedtCompleteOnlyTechTreeCheat2"/>
        <NodeArray index="Show" Link="EqCountUpgradeReecQueuedOrBetterTechTreeCheat0"/>
    </CRequirement>
    <CRequirement id="Rews">
        <EditorCategories value="Race:NightElf,TechType:Upgrade"/>
        <NodeArray index="Use" Link="Rews"/>
        <NodeArray index="Show" Link="Rews@Show"/>
    </CRequirement>
    <CRequirement id="Repm">
        <EditorCategories value="Race:NightElf,TechType:Upgrade"/>
        <NodeArray index="Use" Link="Repm"/>
        <NodeArray index="Show" Link="Repm@Show"/>
    </CRequirement>
    <CRequirement id="Rgfo">
        <EditorCategories value="TechType:Upgrade"/>
        <NodeArray index="Show" Link="Rgfo@Show"/>
    </CRequirement>
    <CRequirement id="Rgfo@2">
        <EditorCategories value="TechType:Upgrade"/>
        <NodeArray index="Show" Link="Rgfo@2Show"/>
    </CRequirement>
    <CRequirement id="Rgfo@3">
        <EditorCategories value="TechType:Upgrade"/>
        <NodeArray index="Show" Link="Rgfo@3Show"/>
    </CRequirement>
    <CRequirement id="Rguv">
        <EditorCategories value="TechType:Upgrade"/>
        <NodeArray index="Show" Link="Rguv@Show"/>
    </CRequirement>
    <CRequirement id="Rnen">
        <EditorCategories value="Race:Naga,TechType:Upgrade"/>
        <NodeArray index="Show" Link="Rnen@Show"/>
    </CRequirement>
    <CRequirement id="Rnsw">
        <EditorCategories value="Race:Naga,TechType:Upgrade"/>
        <NodeArray index="Show" Link="Rnsw@Show"/>
    </CRequirement>
    <CRequirement id="Rnsw@2">
        <EditorCategories value="Race:Naga,TechType:Upgrade"/>
        <NodeArray index="Show" Link="Rnsw@2Show"/>
    </CRequirement>
    <CRequirement id="Rnsi">
        <EditorCategories value="Race:Naga,TechType:Upgrade"/>
        <NodeArray index="Show" Link="Rnsi@Show"/>
    </CRequirement>
    <CRequirement id="Rnat">
        <EditorCategories value="Race:Naga,TechType:Upgrade"/>
        <NodeArray index="Show" Link="Rnat@Show"/>
    </CRequirement>
    <CRequirement id="Rnat@2">
        <EditorCategories value="Race:Naga,TechType:Upgrade"/>
        <NodeArray index="Use" Link="Rnat@2"/>
        <NodeArray index="Show" Link="Rnat@2Show"/>
    </CRequirement>
    <CRequirement id="Rnat@3">
        <EditorCategories value="Race:Naga,TechType:Upgrade"/>
        <NodeArray index="Use" Link="Rnat@3"/>
        <NodeArray index="Show" Link="Rnat@3Show"/>
    </CRequirement>
    <CRequirement id="Rnam">
        <EditorCategories value="Race:Naga,TechType:Upgrade"/>
        <NodeArray index="Show" Link="Rnam@Show"/>
    </CRequirement>
    <CRequirement id="Rnam@2">
        <EditorCategories value="Race:Naga,TechType:Upgrade"/>
        <NodeArray index="Use" Link="Rnam@2"/>
        <NodeArray index="Show" Link="Rnam@2Show"/>
    </CRequirement>
    <CRequirement id="Rnam@3">
        <EditorCategories value="Race:Naga,TechType:Upgrade"/>
        <NodeArray index="Use" Link="Rnam@3"/>
        <NodeArray index="Show" Link="Rnam@3Show"/>
    </CRequirement>
    <CRequirement id="Rnsb">
        <EditorCategories value="Race:Naga,TechType:Upgrade"/>
        <NodeArray index="Show" Link="Rnsb@Show"/>
    </CRequirement>
    <CRequirement id="Ault">
        <EditorCategories value="TechType:Ability"/>
        <NodeArray index="Use" Link="Reuv@Count"/>
    </CRequirement>
    <CRequirement id="Adis">
        <EditorCategories value="TechType:Ability"/>
        <NodeArray index="Use" Link="Rhpt@Count"/>
    </CRequirement>
    <CRequirement id="Adef">
        <EditorCategories value="TechType:Ability"/>
        <NodeArray index="Use" Link="Rhde@Count"/>
    </CRequirement>
    <CRequirement id="Acmg">
        <EditorCategories value="TechType:Ability"/>
        <NodeArray index="Use" Link="Rhss@Count"/>
    </CRequirement>
</Catalog>
