<?xml version="1.0" encoding="utf-8"?>
<Catalog>
    <CSoundtrack default="1" id="War3_Soundtrack">
        <CueArray>
            <MasterLayer Sound="##id##"/>
        </CueArray>
        <Delay value="120,180"/>
    </CSoundtrack>
    <CSoundtrack id="Human_Music_V1" parent="War3_Soundtrack"/>
    <CSoundtrack id="Orc_Music_V1" parent="War3_Soundtrack"/>
    <CSoundtrack id="NightElf_Music_V1" parent="War3_Soundtrack"/>
    <CSoundtrack id="Undead_Music_V1" parent="War3_Soundtrack"/>
</Catalog>
