<?xml version="1.0" encoding="utf-8"?>
<Catalog>
    <CTerrainTex id="Felwood@Dirt">
        <Texture value="Assets\Textures\aiur4xelnaga_1.dds"/>
        <EditorIcon value="Assets\Textures\aiur4xelnaga_1.dds"/>
        <Normalmap value="Assets\Textures\storm_alterac_3normal.dds"/>
    </CTerrainTex>
    <CTerrainTex id="Felwood@DirtRough">
        <Texture value="Assets\Textures\tarsoniscity_1.dds"/>
        <Normalmap value="Assets\Textures\tarsoniscity_1normal.dds"/>
        <EditorIcon value="Assets\Textures\tarsoniscity_1.dds"/>
    </CTerrainTex>
    <CTerrainTex id="Felwood@Grass">
        <Texture value="Assets\Textures\Elsecaro_City_3.dds"/>
        <Normalmap value="Assets\Textures\Elsecaro_City_3Normal.dds"/>
        <EditorIcon value="Assets\Textures\ui-editoricon_City_Elsecaro_3.dds"/>
        <PhysicsMaterial value="Grass"/>
    </CTerrainTex>
    <CTerrainTex id="Felwood@Leaves">
        <Texture value="Assets\Textures\storm_ashenvale_6.dds"/>
        <Normalmap value="Assets\Textures\storm_ashenvale_6normal.dds"/>
        <EditorIcon value="Assets\Textures\storm_ui-editoricon_ashenvale_6.dds"/>
        <PhysicsMaterial value="Grass"/>
    </CTerrainTex>
    <CTerrainTex id="Felwood@Rock">
        <Texture value="Assets\Textures\Elsecaro_City_4.dds"/>
        <Normalmap value="Assets\Textures\Elsecaro_City_4Normal.dds"/>
        <EditorIcon value="Assets\Textures\ui-editoricon_City_Elsecaro_4.dds"/>
        <PhysicsMaterial value="Rock"/>
    </CTerrainTex>
    <CTerrainTex id="Felwood@Vines">
        <Texture value="Assets\Textures\storm_ashenvale_7.dds"/>
        <Normalmap value="Assets\Textures\storm_ashenvale_7normal.dds"/>
        <EditorIcon value="Assets\Textures\storm_ui-editoricon_ashenvale_7.dds"/>
        <PhysicsMaterial value="Grass"/>
    </CTerrainTex>
    <CTerrainTex id="Felwood@Poison">
        <Texture value="Assets\Textures\zhakuldas_mercury_cracks.dds"/>
        <Normalmap value="Assets\Textures\zhakuldas_mercury_cracks.dds"/>
        <EditorIcon value="Assets\Textures\zhakuldas_mercury_cracks.dds"/>
        <PhysicsMaterial value="Lava"/>
    </CTerrainTex>
    <CTerrainTex id="Ice@Dirt">
        <Texture value="Assets\Textures\IceWorld_7.dds"/>
        <Normalmap value="Assets\Textures\Storm_Alterac_2Normal.dds"/>
        <EditorIcon value="TerrainTexDef/Icon/SnowRefinery5"/>
    </CTerrainTex>
    <CTerrainTex id="Ice@DarkIce">
        <Texture value="Assets\Textures\IceWorldEx2_06.dds"/>
        <Normalmap value="Assets\Textures\IceWorldEx2_06Normal.dds"/>
        <EditorIcon value="Assets\Textures\ui-editoricon-IceWorld_6.dds"/>
        <PhysicsMaterial value="Ice"/>
    </CTerrainTex>
    <CTerrainTex id="Ice@DirtRough">
        <Texture value="Assets\Textures\snowrefinery_05.dds"/>
        <Normalmap value="Assets\Textures\snowrefinery_05normal.dds"/>
        <EditorIcon value="TerrainTexDef/Icon/SnowRefinery5"/>
    </CTerrainTex>
    <CTerrainTex id="Ice@Snow">
        <Texture value="Assets\Textures\snowrefinery_01.dds"/>
        <Normalmap value="Assets\Textures\snowrefinery_01normal.dds"/>
        <EditorIcon value="TerrainTexDef/Icon/SnowRefinery1"/>
    </CTerrainTex>
    <CTerrainTex id="Ice@Ice">
        <Texture value="Assets\Textures\snowrefinery_02.dds"/>
        <Normalmap value="Assets\Textures\snowrefinery_02normal.dds"/>
        <EditorIcon value="TerrainTexDef/Icon/SnowRefinery2"/>
    </CTerrainTex>
    <CTerrainTex id="Ice@RuneBricks">
        <Texture value="Assets\Textures\ShakurasTemple_6.dds"/>
        <Normalmap value="Assets\Textures\ShakurasTemple_6Normal.dds"/>
        <Heightmap value="Assets\Textures\shakurastemple_6normal.dds"/>
        <EditorIcon value="Assets\Textures\ui-editoricon-shakurastemple_6.dds"/>
    </CTerrainTex>
    <CTerrainTex id="Ice@TiledBricks">
        <Texture value="Assets\Textures\ShakurasCity_7.dds"/>
        <Normalmap value="Assets\Textures\ShakurasCity_7Normal.dds"/>
        <EditorIcon value="Assets\Textures\ui-editoricon-shakurascity_7.dds"/>
    </CTerrainTex>
    <CTerrainTex id="Ice@BlackBricks">
        <Texture value="Assets\Textures\ZhakulDas_Bricks.dds"/>
        <Normalmap value="Assets\Textures\ZhakulDas_BricksNormal.dds"/>
        <EditorIcon value="Assets\Textures\ui-editoricon-ZhakulDas_Bricks.dds"/>
        <PhysicsMaterial value="Rock"/>
    </CTerrainTex>
    <CTerrainTex id="Barrens@DirtGrass">
        <Texture value="Assets\Textures\KorhalWastes_7.dds"/>
        <Normalmap value="Assets\Textures\KorhalWastes_7Normal.dds"/>
        <EditorIcon value="Assets\Textures\ui-editoricon-KorhalOutskirts_7.dds"/>
    </CTerrainTex>
    <CTerrainTex id="Lords_Dirt">
        <Texture value="Assets\Textures\war3hd_lordaeronsummerex3_4.dds"/>
        <Normalmap value="Assets\Textures\war3hd_lordaeronsummerex3_4Normal.dds"/>
        <EditorIcon value="Assets\Textures\war3hd_lordaeronsummerex3_4.dds"/>
        <PhysicsMaterial value="Grass"/>
    </CTerrainTex>
    <CTerrainTex id="Lords_DirtRough">
        <Texture value="Assets\Textures\war3hd_lordaeronsummerex3_5.dds"/>
        <Normalmap value="Assets\Textures\war3hd_lordaeronsummerex3_5Normal.dds"/>
        <EditorIcon value="Assets\Textures\war3hd_lordaeronsummerex3_5.dds"/>
    </CTerrainTex>
    <CTerrainTex id="Lords_DirtGrass">
        <Texture value="Assets\Textures\war3hd_lordaeronsummerex3_2.dds"/>
        <Normalmap value="Assets\Textures\war3hd_lordaeronsummerex3_2Normal.dds"/>
        <EditorIcon value="Assets\Textures\war3hd_lordaeronsummerex3_2.dds"/>
    </CTerrainTex>
    <CTerrainTex id="Lords_Rock">
        <Texture value="Assets\Textures\war3hd_lordaeronsummerex3_6.dds"/>
        <Normalmap value="Assets\Textures\war3hd_lordaeronsummerex3_6Normal.dds"/>
        <EditorIcon value="Assets\Textures\war3hd_lordaeronsummerex3_6.dds"/>
        <PhysicsMaterial value="Rock"/>
    </CTerrainTex>
    <CTerrainTex id="Lords_Grass">
        <Texture value="Assets\Textures\war3hd_lordaeronsummerex3_8.dds"/>
        <Normalmap value="Assets\Textures\war3hd_lordaeronsummerex3_8Normal.dds"/>
        <EditorIcon value="Assets\Textures\war3hd_lordaeronsummerex3_8.dds"/>
        <PhysicsMaterial value="Grass"/>
    </CTerrainTex>
    <CTerrainTex id="Lords_GrassDark">
        <Texture value="Assets\Textures\war3hd_lordaeronsummerex3_7.dds"/>
        <Normalmap value="Assets\Textures\war3hd_lordaeronsummerex3_7Normal.dds"/>
        <EditorIcon value="Assets\Textures\war3hd_lordaeronsummerex3_7.dds"/>
        <PhysicsMaterial value="Grass"/>
    </CTerrainTex>
    <CTerrainTex id="Barrens@DirtRough">
        <Texture value="Assets\Textures\MarSaraEx2_6.dds"/>
        <Normalmap value="Assets\Textures\MarSaraEx2_6Normal.dds"/>
        <Heightmap value="Assets\Textures\MarSaraEx2_6Normal.dds"/>
        <HeightMapScale value="2.000000"/>
        <EditorIcon value="Assets\Textures\ui-editoricon-MarSara_Blackened_Rock.dds"/>
        <DoodadEntry>
            <Model value="RockMixMarSara"/>
            <RandomRotation value="1"/>
            <Probability value="0.100000"/>
            <PlacementRadius value="1.000000"/>
        </DoodadEntry>
        <PhysicsMaterial value="Rock"/>
    </CTerrainTex>
    <CTerrainTex id="Barrens@SandDark">
        <Texture value="Assets\Textures\MarSaraEx2_5.dds"/>
        <Normalmap value="Assets\Textures\MarSaraEx2_5Normal.dds"/>
        <Heightmap value="Assets\Textures\MarSaraEx2_5Normal.dds"/>
        <HeightMapScale value="3.000000"/>
        <EditorIcon value="Assets\Textures\ui-editoricon-MarSara_Dark_Sand.dds"/>
        <PhysicsMaterial value="Sand"/>
    </CTerrainTex>
    <CTerrainTex id="Barrens@DesertDark">
        <Texture value="Assets\Textures\MarSaraEx2_4.dds"/>
        <Normalmap value="Assets\Textures\MarSaraEx2_4Normal.dds"/>
        <Heightmap value="Assets\Textures\MarSaraEx2_4Normal.dds"/>
        <HeightMapScale value="3.000000"/>
        <EditorIcon value="Assets\Textures\ui-editoricon-MarSara_Dirt_Cracked.dds"/>
        <DoodadEntry>
            <Model value="PlantMixMarSara"/>
            <RandomRotation value="1"/>
            <Probability value="0.100000"/>
            <PlacementRadius value="1.000000"/>
        </DoodadEntry>
        <DoodadEntry>
            <Model value="RockMixMarSara"/>
            <RandomRotation value="1"/>
            <Probability value="0.200000"/>
            <PlacementRadius value="1.000000"/>
        </DoodadEntry>
    </CTerrainTex>
    <CTerrainTex id="Barrens@Dirt">
        <Texture value="Assets\Textures\KorhalWastes_5.dds"/>
        <Normalmap value="Assets\Textures\KorhalWastes_5Normal.dds"/>
        <EditorIcon value="Assets\Textures\KorhalWastes_5.dds"/>
    </CTerrainTex>
    <CTerrainTex id="Barrens@Rock">
        <Texture value="Assets\Textures\zhakuldas_light_rock.dds"/>
        <Normalmap value="Assets\Textures\zhakuldas_light_rocknormal.dds"/>
        <EditorIcon value="Assets\Textures\zhakuldas_light_rock.dds"/>
        <DoodadEntry>
            <Model value="PlantMixMarSara"/>
            <RandomRotation value="1"/>
            <Probability value="0.100000"/>
            <PlacementRadius value="1.000000"/>
        </DoodadEntry>
        <DoodadEntry>
            <Model value="RockMixMarSara"/>
            <RandomRotation value="1"/>
            <Probability value="0.200000"/>
            <PlacementRadius value="1.000000"/>
        </DoodadEntry>
        <PhysicsMaterial value="Rock"/>
    </CTerrainTex>
    <CTerrainTex id="Barrens@Desert">
        <Texture value="Assets\Textures\MarSaraEx2_2.dds"/>
        <Normalmap value="Assets\Textures\MarSaraEx2_2Normal.dds"/>
        <Heightmap value="Assets\Textures\MarSaraEx2_2Normal.dds"/>
        <HeightMapScale value="3.000000"/>
        <EditorIcon value="Assets\Textures\ui-editoricon-MarSara_Sand.dds"/>
        <DoodadEntry>
            <Model value="PlantMixMarSara"/>
            <RandomRotation value="1"/>
            <Probability value="0.100000"/>
            <PlacementRadius value="1.000000"/>
        </DoodadEntry>
        <DoodadEntry>
            <Model value="RockMixMarSara"/>
            <RandomRotation value="1"/>
            <Probability value="0.100000"/>
            <PlacementRadius value="1.000000"/>
        </DoodadEntry>
        <DoodadEntry>
            <Model value="DynamicGrassMarSara"/>
            <RandomRotation value="1"/>
            <Probability value="0.200000"/>
            <PlacementRadius value="1.000000"/>
        </DoodadEntry>
        <PhysicsMaterial value="Sand"/>
    </CTerrainTex>
    <CTerrainTex id="North@Ice">
        <Texture value="Assets\Textures\iceworldex2_06.dds"/>
        <Normalmap value="Assets\Textures\iceworldex2_06normal.dds"/>
        <EditorIcon value="Assets\Textures\iceworldex2_06.dds"/>
        <PhysicsMaterial value="Ice"/>
    </CTerrainTex>
    <CTerrainTex id="North@Snow">
        <Texture value="Assets\Textures\iceworldex2_01.dds"/>
        <Normalmap value="Assets\Textures\iceworldex2_01normal.dds"/>
        <EditorIcon value="Assets\Textures\iceworldex2_01.dds"/>
        <PhysicsMaterial value="Snow"/>
    </CTerrainTex>
    <CTerrainTex id="North@SnowRock">
        <Texture value="Assets\Textures\iceworldex2_05.dds"/>
        <Normalmap value="Assets\Textures\iceworldex2_05normal.dds"/>
        <EditorIcon value="Assets\Textures\iceworldex2_05.dds"/>
        <PhysicsMaterial value="Rock"/>
    </CTerrainTex>
    <CTerrainTex id="Outland_Rock">
        <Texture value="Assets\Textures\zwar3_outland_rock.dds"/>
        <Normalmap value="Assets\Textures\zwar3_outland_rock_norm.dds"/>
        <EditorIcon value="Assets\Textures\zwar3_outland_rock.dds"/>
        <PhysicsMaterial value="Rock"/>
        <DoodadEntry Model="RockMixOutland" RandomRotation="1" Probability="0.500000"/>
    </CTerrainTex>
    <CTerrainTex id="Outland_FlatStonesLight">
        <Texture value="Assets\Textures\zwar3_outland_flatstoneslight.dds"/>
        <Normalmap value="Assets\Textures\zwar3_outland_flatstoneslight_norm.dds"/>
        <EditorIcon value="Assets\Textures\zwar3_outland_flatstoneslight.dds"/>
        <PhysicsMaterial value="Rock"/>
        <DoodadEntry Model="RockMixOutland" RandomRotation="1" Probability="0.200000"/>
        <DoodadEntry Model="DirtMixOutland" RandomRotation="1" Probability="0.400000"/>
    </CTerrainTex>
    <CTerrainTex id="Outland_DirtCracked">
        <Texture value="Assets\Textures\zwar3_outland_dirt_cracked.dds"/>
        <Normalmap value="Assets\Textures\zwar3_outland_dirt_cracked_norm.dds"/>
        <EditorIcon value="Assets\Textures\zwar3_outland_dirt_cracked.dds"/>
        <DoodadEntry Model="RockMixOutland" RandomRotation="1" Probability="0.300000"/>
        <DoodadEntry Model="DirtMixOutland" RandomRotation="1" Probability="0.400000"/>
    </CTerrainTex>
    <CTerrainTex id="Outland_FlatStones">
        <Texture value="Assets\Textures\zwar3_outland_flatstones.dds"/>
        <Normalmap value="Assets\Textures\zwar3_outland_flatstones_norm.dds"/>
        <EditorIcon value="Assets\Textures\zwar3_outland_flatstones.dds"/>
        <DoodadEntry Model="RockMixOutland" RandomRotation="1" Probability="0.400000"/>
    </CTerrainTex>
    <CTerrainTex id="Outland_RoughDirt">
        <Texture value="Assets\Textures\Redstorm_3.dds"/>
        <Normalmap value="Assets\Textures\Redstorm_3Normal.dds"/>
        <EditorIcon value="Assets\Textures\Redstorm_3.dds"/>
        <DoodadEntry Model="DirtMixOutland" RandomRotation="1" Probability="0.500000"/>
        <DoodadEntry Model="RockMixOutland" RandomRotation="1" Probability="0.200000"/>
    </CTerrainTex>
    <CTerrainTex id="Outland_Dirt">
        <Texture value="Assets\Textures\zwar3_outland_dirt.dds"/>
        <Normalmap value="Assets\Textures\zwar3_outland_dirt_norm.dds"/>
        <EditorIcon value="Assets\Textures\zwar3_outland_dirt.dds"/>
        <DoodadEntry Model="DirtMixOutland" RandomRotation="1" Probability="0.200000"/>
    </CTerrainTex>
    <CTerrainTex id="Outland_Abyss">
        <Texture value="Assets\Textures\Redstorm_5.dds"/>
        <Normalmap value="Assets\Textures\Redstorm_5Normal.dds"/>
        <EditorIcon value="Assets\Textures\Redstorm_5.dds"/>
    </CTerrainTex>
    <CTerrainTex id="Outland_DirtLight">
        <Texture value="Assets\Textures\zwar3_outland_dirtlight.dds"/>
        <Normalmap value="Assets\Textures\zwar3_outland_dirtlight_norm.dds"/>
        <EditorIcon value="Assets\Textures\zwar3_outland_dirtlight.dds"/>
        <DoodadEntry Model="DirtMixOutland" RandomRotation="1" Probability="0.100000"/>
        <DoodadEntry Model="RockMixOutland" RandomRotation="1" Probability="0.100000"/>
    </CTerrainTex>
    <CTerrainTex id="Ashen@LumpGrass">
        <Texture value="Assets\Textures\Elsecaro_City_1.dds"/>
        <Normalmap value="Assets\Textures\Elsecaro_City_1Normal.dds"/>
        <EditorIcon value="Assets\Textures\ui-editoricon_elsecaro_city_1.dds"/>
        <PhysicsMaterial value="Grass"/>
    </CTerrainTex>
    <CTerrainTex id="Ashen@DirtGrass">
        <Texture value="Assets\Textures\Elsecaro_City_2.dds"/>
        <Normalmap value="Assets\Textures\Elsecaro_City_2Normal.dds"/>
        <EditorIcon value="Assets\Textures\ui-editoricon_Elsecaro_City_2.dds"/>
        <DoodadEntry>
            <Model value="Dynamic_Grass_Elsecaro_Small"/>
            <RandomRotation value="1"/>
            <Probability value="0.200000"/>
            <PlacementRadius value="1.000000"/>
        </DoodadEntry>
    </CTerrainTex>
    <CTerrainTex id="Ashen@Grass">
        <Texture value="Assets\Textures\Elsecaro_City_3.dds"/>
        <Normalmap value="Assets\Textures\Elsecaro_City_3Normal.dds"/>
        <EditorIcon value="Assets\Textures\ui-editoricon_City_Elsecaro_3.dds"/>
        <PhysicsMaterial value="Grass"/>
    </CTerrainTex>
    <CTerrainTex id="Ashen@DirtRough">
        <Texture value="Assets\Textures\Elsecaro_City_5.dds"/>
        <Normalmap value="Assets\Textures\Elsecaro_City_5Normal.dds"/>
        <EditorIcon value="Assets\Textures\ui-editoricon_City_Elsecaro_5.dds"/>
    </CTerrainTex>
    <CTerrainTex id="Ashen@Dirt">
        <Texture value="Assets\Textures\Elsecaro_6.dds"/>
        <Normalmap value="Assets\Textures\Elsecaro_6Normal.dds"/>
        <EditorIcon value="Assets\Textures\ui-editoricon_Elsecaro_6.dds"/>
    </CTerrainTex>
    <CTerrainTex id="Ashen@Rock">
        <Texture value="Assets\Textures\Elsecaro_City_4.dds"/>
        <Normalmap value="Assets\Textures\Elsecaro_City_4Normal.dds"/>
        <EditorIcon value="Assets\Textures\ui-editoricon_City_Elsecaro_4.dds"/>
        <PhysicsMaterial value="Rock"/>
    </CTerrainTex>
    <CTerrainTex id="Ashen@Cobblestone">
        <Texture value="Assets\Textures\storm_ashenvale_2.dds"/>
        <Normalmap value="Assets\Textures\storm_ashenvale_2normal.dds"/>
        <EditorIcon value="Assets\Textures\storm_ui-editoricon_ashenvale_2.dds"/>
        <PhysicsMaterial value="Rock"/>
    </CTerrainTex>
    <CTerrainTex id="Ashen@Flatstone">
        <Texture value="Assets\Textures\storm_ashenvale_3.dds"/>
        <Normalmap value="Assets\Textures\storm_ashenvale_3normal.dds"/>
        <EditorIcon value="Assets\Textures\storm_ui-editoricon_ashenvale_3.dds"/>
        <PhysicsMaterial value="Rock"/>
    </CTerrainTex>
    <CTerrainTex id="Ashen@Leaves">
        <Texture value="Assets\Textures\storm_ashenvale_6.dds"/>
        <Normalmap value="Assets\Textures\storm_ashenvale_6normal.dds"/>
        <EditorIcon value="Assets\Textures\storm_ui-editoricon_ashenvale_6.dds"/>
        <PhysicsMaterial value="Grass"/>
    </CTerrainTex>
    <CTerrainTex id="Ashen@Vines">
        <Texture value="Assets\Textures\storm_ashenvale_7.dds"/>
        <Normalmap value="Assets\Textures\storm_ashenvale_7normal.dds"/>
        <EditorIcon value="Assets\Textures\storm_ui-editoricon_ashenvale_7.dds"/>
        <PhysicsMaterial value="Grass"/>
    </CTerrainTex>
    <CTerrainTex id="Ashen@Flowers">
        <Texture value="Assets\Textures\storm_ashenvale_8.dds"/>
        <Normalmap value="Assets\Textures\storm_ashenvale_8normal.dds"/>
        <EditorIcon value="Assets\Textures\storm_ui-editoricon_ashenvale_8.dds"/>
        <PhysicsMaterial value="Grass"/>
    </CTerrainTex>
    <CTerrainTex id="North@Dirt">
        <Texture value="Assets\Textures\iceworldex2_3.dds"/>
        <Normalmap value="Assets\Textures\iceworldex2_3normal.dds"/>
        <HeightMapScale value="2.000000"/>
        <EditorIcon value="Assets\Textures\tarsoniscity_1.dds"/>
    </CTerrainTex>
    <CTerrainTex id="North@Rock">
        <Texture value="Assets\Textures\iceworldex2_07.dds"/>
        <Normalmap value="Assets\Textures\iceworldex2_07normal.dds"/>
        <EditorIcon value="Assets\Textures\iceworldex2_07.dds"/>
        <PhysicsMaterial value="Rock"/>
    </CTerrainTex>
    <CTerrainTex id="North@DirtDark">
        <Texture value="Assets\Textures\zhakuldas_mercury_cracks.dds"/>
        <Normalmap value="Assets\Textures\zhakuldas_mercury_cracksnormal.dds"/>
        <EditorIcon value="Assets\Textures\zhakuldas_mercury_cracks.dds"/>
    </CTerrainTex>
    <CTerrainTex id="North@Grass">
        <Texture value="Assets\Textures\tarsonisinterior_5.dds"/>
        <Normalmap value="Assets\Textures\tarsonisinterior_5normal.dds"/>
        <EditorIcon value="Assets\Textures\tarsonisinterior_5.dds"/>
        <PhysicsMaterial value="Grass"/>
    </CTerrainTex>
    <CTerrainTex id="Ruins@Dirt">
        <Texture value="Assets\Textures\war3hd_ruins_dirt.dds"/>
        <Normalmap value="Assets\Textures\war3hd_ruins_dirt_normal.dds"/>
        <EditorIcon value="Assets\Textures\war3hd_ruins_dirt.dds"/>
        <HeightMapScale value="2.000000"/>
    </CTerrainTex>
    <CTerrainTex id="Ruins@DirtGrass">
        <Texture value="Assets\Textures\VolcanoIsle_1.dds"/>
        <Normalmap value="Assets\Textures\VolcanoIsle_1Normal.dds"/>
        <EditorIcon value="Assets\Textures\VolcanoIsle_1.dds"/>
    </CTerrainTex>
    <CTerrainTex id="Ruins@DirtRough">
        <Texture value="Assets\Textures\VolcanoIsle_3.dds"/>
        <Normalmap value="Assets\Textures\VolcanoIsle_3Normal.dds"/>
        <EditorIcon value="Assets\Textures\VolcanoIsle_3.dds"/>
        <HeightMapScale value="2.000000"/>
    </CTerrainTex>
    <CTerrainTex id="Ruins@Grass">
        <Texture value="Assets\Textures\war3hd_lordaeronsummerex3_7.dds"/>
        <Normalmap value="Assets\Textures\war3hd_lordaeronsummerex3_7Normal.dds"/>
        <EditorIcon value="Assets\Textures\war3hd_lordaeronsummerex3_7.dds"/>
        <PhysicsMaterial value="Grass"/>
    </CTerrainTex>
    <CTerrainTex id="Ruins@GrassDark">
        <Texture value="Assets\Textures\AiurTemple_2.dds"/>
        <Normalmap value="Assets\Textures\AiurTemple_2Normal.dds"/>
        <Heightmap value="Assets\Textures\aiurtemple_2normal.dds"/>
        <HeightMapScale value="5.000000"/>
        <EditorIcon value="Assets\Textures\ui-editoricon-aiurtemple_2.dds"/>
        <DoodadEntry>
            <Model value="RockMixAiurTemple"/>
            <RandomRotation value="1"/>
            <Probability value="0.250000"/>
            <PlacementRadius value="1.000000"/>
        </DoodadEntry>
        <DoodadEntry>
            <Model value="DynamicGrassAiurTemple"/>
            <RandomRotation value="1"/>
            <Probability value="0.750000"/>
            <PlacementRadius value="1.000000"/>
        </DoodadEntry>
        <PhysicsMaterial value="Grass"/>
    </CTerrainTex>
    <CTerrainTex id="Ruins@RoundTiles">
        <Texture value="Assets\Textures\VolcanoIsle_2.dds"/>
        <Normalmap value="Assets\Textures\VolcanoIsle_2Normal.dds"/>
        <EditorIcon value="Assets\Textures\VolcanoIsle_2.dds"/>
    </CTerrainTex>
    <CTerrainTex id="Ruins@Sand">
        <Texture value="Assets\Textures\war3hd_ruins_sand.dds"/>
        <Normalmap value="Assets\Textures\war3hd_ruins_sand_normal.dds"/>
        <EditorIcon value="Assets\Textures\war3hd_ruins_sand.dds"/>
        <HeightMapScale value="2.000000"/>
    </CTerrainTex>
    <CTerrainTex id="Ruins@SmallBricks">
        <Texture value="Assets\Textures\BelShirEx2_7.dds"/>
        <Normalmap value="Assets\Textures\BelShirEx2_7Normal.dds"/>
        <Heightmap value="Assets\Textures\BelShirEx2_7Normal.dds"/>
        <EditorIcon value="Assets\Textures\ui-editoricon-Bel_Shir_Bricks_Small.dds"/>
        <DoodadEntry>
            <Model value="RockMixBelShir"/>
            <RandomRotation value="1"/>
            <Probability value="0.100000"/>
            <PlacementRadius value="1.000000"/>
        </DoodadEntry>
        <PhysicsMaterial value="Rock"/>
        <HeightMapScale value="3.000000"/>
    </CTerrainTex>
    <CTerrainTex id="Ruins@LargeBricks">
        <Texture value="Assets\Textures\AiurTemple_4.dds"/>
        <EditorIcon value="Assets\Textures\ui-editoricon-aiurtemple_4.dds"/>
        <Normalmap value="Assets\Textures\war3hd_ruins_largebrick_normal.dds"/>
        <PhysicsMaterial value="Rock"/>
    </CTerrainTex>
    <CTerrainTex id="Barrens@Grass">
        <Texture value="Assets\Textures\TarsonisCity_5.dds"/>
        <Normalmap value="Assets\Textures\TarsonisCity_5Normal.dds"/>
        <PhysicsMaterial value="Grass"/>
    </CTerrainTex>
    <CTerrainTex id="Barrens@Pebbles">
        <Texture value="Assets\Textures\KorhalWastes_4.dds"/>
        <Normalmap value="Assets\Textures\KorhalWastes_4Normal.dds"/>
        <EditorIcon value="Assets\Textures\KorhalWastes_4.dds"/>
    </CTerrainTex>
</Catalog>
