<?xml version="1.0" encoding="utf-8"?>
<Catalog>
    <CTexture id="war3_cliff0">
        <Slot value="main"/>
        <PropsAdd value="diffuse,location,00"/>
    </CTexture>
    <CTexture id="war3_cliff0_norm">
        <Slot value="main.normal"/>
        <PropsAdd value="normal,location,00"/>
    </CTexture>
    <CTexture id="war3_cliff1">
        <Slot value="main"/>
        <PropsAdd value="diffuse,location,01"/>
    </CTexture>
    <CTexture id="war3_cliff1_norm">
        <Slot value="main.normal"/>
        <PropsAdd value="normal,location,01"/>
    </CTexture>
    <CTexture id="war3_cliff0_diffuse_location_ashenvale_00">
        <Slot value="main"/>
    </CTexture>
    <CTexture id="war3_cliff0_normal_location_ashenvale_00">
        <Slot value="main.normal"/>
    </CTexture>
    <CTexture id="war3_cliff0_diffuse_location_barrens_00">
        <Slot value="main"/>
    </CTexture>
    <CTexture id="war3_cliff0_normal_location_barrens_00">
        <Slot value="main.normal"/>
    </CTexture>
    <CTexture id="war3_cliff0_diffuse_location_blackcitadel_00">
        <Slot value="main"/>
    </CTexture>
    <CTexture id="war3_cliff0_normal_location_blackcitadel_00">
        <Slot value="main.normal"/>
    </CTexture>
    <CTexture id="war3_cliff0_diffuse_location_cityscape_00">
        <Slot value="main"/>
    </CTexture>
    <CTexture id="war3_cliff0_normal_location_cityscape_00">
        <Slot value="main.normal"/>
    </CTexture>
    <CTexture id="war3_cliff0_diffuse_location_dalaran_00">
        <Slot value="main"/>
    </CTexture>
    <CTexture id="war3_cliff0_normal_location_dalaran_00">
        <Slot value="main.normal"/>
    </CTexture>
    <CTexture id="war3_cliff0_diffuse_location_dalaranruins_00">
        <Slot value="main"/>
    </CTexture>
    <CTexture id="war3_cliff0_normal_location_dalaranruins_00">
        <Slot value="main.normal"/>
    </CTexture>
    <CTexture id="war3_cliff0_diffuse_location_dungeon_00">
        <Slot value="main"/>
    </CTexture>
    <CTexture id="war3_cliff0_normal_location_dungeon_00">
        <Slot value="main.normal"/>
    </CTexture>
    <CTexture id="war3_cliff0_diffuse_location_felwood_00">
        <Slot value="main"/>
    </CTexture>
    <CTexture id="war3_cliff0_normal_location_felwood_00">
        <Slot value="main.normal"/>
    </CTexture>
    <CTexture id="war3_cliff0_diffuse_location_icecrown_00">
        <Slot value="main"/>
    </CTexture>
    <CTexture id="war3_cliff0_normal_location_icecrown_00">
        <Slot value="main.normal"/>
    </CTexture>
    <CTexture id="war3_cliff0_diffuse_location_lordaeronfall_00">
        <Slot value="main"/>
    </CTexture>
    <CTexture id="war3_cliff0_normal_location_lordaeronfall_00">
        <Slot value="main.normal"/>
    </CTexture>
    <CTexture id="war3_cliff0_diffuse_location_lordaeronwinter_00">
        <Slot value="main"/>
    </CTexture>
    <CTexture id="war3_cliff0_normal_location_lordaeronwinter_00">
        <Slot value="main.normal"/>
    </CTexture>
    <CTexture id="war3_cliff0_diffuse_location_northrend_00">
        <Slot value="main"/>
    </CTexture>
    <CTexture id="war3_cliff0_normal_location_northrend_00">
        <Slot value="main.normal"/>
    </CTexture>
    <CTexture id="war3_cliff0_diffuse_location_outland_00">
        <Slot value="main"/>
    </CTexture>
    <CTexture id="war3_cliff0_normal_location_outland_00">
        <Slot value="main.normal"/>
    </CTexture>
    <CTexture id="war3_cliff0_diffuse_location_ruins_00">
        <Slot value="main"/>
    </CTexture>
    <CTexture id="war3_cliff0_normal_location_ruins_00">
        <Slot value="main.normal"/>
    </CTexture>
    <CTexture id="war3_cliff0_diffuse_location_underground_00">
        <Slot value="main"/>
    </CTexture>
    <CTexture id="war3_cliff0_normal_location_underground_00">
        <Slot value="main.normal"/>
    </CTexture>
    <CTexture id="war3_cliff0_diffuse_location_village_00">
        <Slot value="main"/>
    </CTexture>
    <CTexture id="war3_cliff0_normal_location_village_00">
        <Slot value="main.normal"/>
    </CTexture>
    <CTexture id="war3_cliff0_diffuse_location_villagefall_00">
        <Slot value="main"/>
    </CTexture>
    <CTexture id="war3_cliff0_normal_location_villagefall_00">
        <Slot value="main.normal"/>
    </CTexture>
    <CTexture id="war3_cliff1_diffuse_location_ashenvale_01">
        <Slot value="main"/>
    </CTexture>
    <CTexture id="war3_cliff1_normal_location_ashenvale_01">
        <Slot value="main.normal"/>
    </CTexture>
    <CTexture id="war3_cliff1_diffuse_location_barrens_01">
        <Slot value="main"/>
    </CTexture>
    <CTexture id="war3_cliff1_normal_location_barrens_01">
        <Slot value="main.normal"/>
    </CTexture>
    <CTexture id="war3_cliff1_diffuse_location_blackcitadel_01">
        <Slot value="main"/>
    </CTexture>
    <CTexture id="war3_cliff1_normal_location_blackcitadel_01">
        <Slot value="main.normal"/>
    </CTexture>
    <CTexture id="war3_cliff1_diffuse_location_cityscape_01">
        <Slot value="main"/>
    </CTexture>
    <CTexture id="war3_cliff1_normal_location_cityscape_01">
        <Slot value="main.normal"/>
    </CTexture>
    <CTexture id="war3_cliff1_diffuse_location_dalaran_01">
        <Slot value="main"/>
    </CTexture>
    <CTexture id="war3_cliff1_normal_location_dalaran_01">
        <Slot value="main.normal"/>
    </CTexture>
    <CTexture id="war3_cliff1_diffuse_location_dalaranruins_01">
        <Slot value="main"/>
    </CTexture>
    <CTexture id="war3_cliff1_normal_location_dalaranruins_01">
        <Slot value="main.normal"/>
    </CTexture>
    <CTexture id="war3_cliff1_diffuse_location_dungeon_01">
        <Slot value="main"/>
    </CTexture>
    <CTexture id="war3_cliff1_normal_location_dungeon_01">
        <Slot value="main.normal"/>
    </CTexture>
    <CTexture id="war3_cliff1_diffuse_location_felwood_01">
        <Slot value="main"/>
    </CTexture>
    <CTexture id="war3_cliff1_normal_location_felwood_01">
        <Slot value="main.normal"/>
    </CTexture>
    <CTexture id="war3_cliff1_diffuse_location_icecrown_01">
        <Slot value="main"/>
    </CTexture>
    <CTexture id="war3_cliff1_normal_location_icecrown_01">
        <Slot value="main.normal"/>
    </CTexture>
    <CTexture id="war3_cliff1_diffuse_location_lordaeronfall_01">
        <Slot value="main"/>
    </CTexture>
    <CTexture id="war3_cliff1_normal_location_lordaeronfall_01">
        <Slot value="main.normal"/>
    </CTexture>
    <CTexture id="war3_cliff1_diffuse_location_lordaeronwinter_01">
        <Slot value="main"/>
    </CTexture>
    <CTexture id="war3_cliff1_normal_location_lordaeronwinter_01">
        <Slot value="main.normal"/>
    </CTexture>
    <CTexture id="war3_cliff1_diffuse_location_northrend_01">
        <Slot value="main"/>
    </CTexture>
    <CTexture id="war3_cliff1_normal_location_northrend_01">
        <Slot value="main.normal"/>
    </CTexture>
    <CTexture id="war3_cliff1_diffuse_location_outland_01">
        <Slot value="main"/>
    </CTexture>
    <CTexture id="war3_cliff1_normal_location_outland_01">
        <Slot value="main.normal"/>
    </CTexture>
    <CTexture id="war3_cliff1_diffuse_location_ruins_01">
        <Slot value="main"/>
    </CTexture>
    <CTexture id="war3_cliff1_normal_location_ruins_01">
        <Slot value="main.normal"/>
    </CTexture>
    <CTexture id="war3_cliff1_diffuse_location_underground_01">
        <Slot value="main"/>
    </CTexture>
    <CTexture id="war3_cliff1_normal_location_underground_01">
        <Slot value="main.normal"/>
    </CTexture>
    <CTexture id="war3_cliff1_diffuse_location_village_01">
        <Slot value="main"/>
    </CTexture>
    <CTexture id="war3_cliff1_normal_location_village_01">
        <Slot value="main.normal"/>
    </CTexture>
    <CTexture id="war3_cliff1_diffuse_location_villagefall_01">
        <Slot value="main"/>
    </CTexture>
    <CTexture id="war3_cliff1_normal_location_villagefall_01">
        <Slot value="main.normal"/>
    </CTexture>
    <CTexture id="war3_LordaeronSummerTree">
        <Slot value="main"/>
        <PropsAdd value="diffuse,misc,lordaeronsummer"/>
    </CTexture>
    <CTexture id="war3_LordaeronSummerTree_Norm">
        <Slot value="main.normal"/>
        <PropsAdd value="normal,misc,lordaeronsummer"/>
    </CTexture>
    <CTexture id="war3_LordaeronFallTree">
        <Slot value="main"/>
        <PropsAdd value="diffuse,misc,lordaeronfall"/>
    </CTexture>
    <CTexture id="war3_LordaeronFallTree_Norm">
        <Slot value="main.normal"/>
        <PropsAdd value="normal,misc,lordaeronfall"/>
    </CTexture>
    <CTexture id="war3_LordaeronWinterTree">
        <Slot value="main"/>
        <PropsAdd value="diffuse,misc,lordaeronwinter"/>
    </CTexture>
    <CTexture id="war3_LordaeronWinterTree_Norm">
        <Slot value="main.normal"/>
        <PropsAdd value="normal,misc,lordaeronwinter"/>
    </CTexture>
    <CTexture id="war3_AshenTree">
        <Slot value="main"/>
        <PropsAdd value="diffuse,misc,ashenvale"/>
    </CTexture>
    <CTexture id="war3_AshenTree_Norm">
        <Slot value="main.normal"/>
        <PropsAdd value="normal,misc,ashenvale"/>
    </CTexture>
    <CTexture id="war3_MushroomTree">
        <Slot value="main"/>
    </CTexture>
    <CTexture id="war3_MushroomTree_Norm">
        <Slot value="main.normal"/>
    </CTexture>
</Catalog>
