<?xml version="1.0" encoding="utf-8"?>
<Catalog>
    <CUpgrade default="1" id="War3_Upgrade">
        <Name value="Name/##id##"/>
        <Alert value="ResearchComplete"/>
        <DataCollection value="##id##"/>
        <Flags index="IgnoreInvalidReferenceInTemplate" value="1"/>
        <LevelButton value="##id##@2"/>
        <LevelButton value="##id##@3"/>
        <LevelRequirements value="##id##@2"/>
        <LevelRequirements value="##id##@3"/>
        <BonusTimePerLevel value="15"/>
    </CUpgrade>
    <CUpgrade default="1" id="War3_Artifact" parent="War3_Upgrade">
        <EditorCategories value="Race:Neutral,UpgradeType:Talents"/>
        <LeaderAlias value=""/>
        <Alert value=""/>
    </CUpgrade>
    <CUpgrade id="War3_FreeHeroSlots">
        <EditorCategories value="Race:Neutral,UpgradeType:Talents"/>
        <MaxLevel value="100"/>
        <LeaderAlias value=""/>
    </CUpgrade>
    <CUpgrade id="AltarHeroRequirment" parent="War3_Upgrade">
        <EditorCategories value="Race:Neutral,UpgradeType:Talents"/>
        <LeaderAlias value=""/>
    </CUpgrade>
    <CUpgrade id="TarvenHeroRequirment" parent="War3_Upgrade">
        <EditorCategories value="Race:Neutral,UpgradeType:Talents"/>
        <LeaderAlias value=""/>
    </CUpgrade>
    <CUpgrade id="HeroMaxed" parent="War3_Upgrade">
        <EditorCategories value="Race:Neutral,UpgradeType:Talents"/>
        <LeaderAlias value=""/>
    </CUpgrade>
    <CUpgrade id="Night" parent="War3_Upgrade"/>
    <!--human melee attack-->
    <CUpgrade id="Rhme" parent="War3_Upgrade">
        <BonusResourcePerLevel index="Terrazine" value="75"/>
        <BonusResourcePerLevel index="Custom" value="125"/>
        <Race value="Human"/>
        <MaxLevel value="3"/>
        <Icon value="Assets\Textures\Renee_war3_btnSteelMelee.dds"/>
        <EditorCategories value="Race:Human,UpgradeType:Melee"/>
        <EffectArrayTemplate Reference="Weapon,^ParamId^@1,Level" Value="1"/>
        <EffectArrayTemplate Reference="Effect,^ParamId^@1,Amount" Value="1"/>
        <EffectArrayTemplate Reference="Effect,^ParamId^@1,Random" Value="{DataCollection,^ParamId^,UpgradeInfoWeapon[0].DamagePerDice-1}"/>
        <EffectArrayTemplate Reference="Weapon,^ParamId^@2,Level" Value="1"/>
        <EffectArrayTemplate Reference="Effect,^ParamId^@2,Amount" Value="1"/>
        <EffectArrayTemplate Reference="Effect,^ParamId^@2,Random" Value="{DataCollection,^ParamId^,UpgradeInfoWeapon[1].DamagePerDice-1}"/>
    </CUpgrade>
    <!--human ranged attack-->
    <CUpgrade id="Rhra" parent="War3_Upgrade">
        <BonusResourcePerLevel index="Terrazine" value="75"/>
        <BonusResourcePerLevel index="Custom" value="125"/>
        <Race value="Human"/>
        <MaxLevel value="3"/>
        <Icon value="Assets\Textures\Renee_war3_btnHumanMissileUpOne.dds"/>
        <EditorCategories value="Race:Human,UpgradeType:Ranged"/>
        <EffectArrayTemplate Reference="Weapon,^ParamId^@1,Level" Value="1"/>
        <EffectArrayTemplate Reference="Effect,^ParamId^@1,Amount" Value="1"/>
        <EffectArrayTemplate Reference="Effect,^ParamId^@1,Random" Value="{DataCollection,^ParamId^,UpgradeInfoWeapon[0].DamagePerDice-1}"/>
        <EffectArrayTemplate Reference="Weapon,^ParamId^@2,Level" Value="1"/>
        <EffectArrayTemplate Reference="Effect,^ParamId^@2,Amount" Value="1"/>
        <EffectArrayTemplate Reference="Effect,^ParamId^@2,Random" Value="{DataCollection,^ParamId^,UpgradeInfoWeapon[1].DamagePerDice-1}"/>
    </CUpgrade>
    <!--human hammer bounce-->
    <CUpgrade id="Rhhb" parent="War3_Upgrade">
        <Race value="Human"/>
        <Icon value="Assets\Textures\Renee_war3_btnStormHammer.dds"/>
        <EditorCategories value="Race:Human,UpgradeType:Talent"/>
        <EffectArrayTemplate Reference="Effect,^ParamId^@1@LineLMGoal,ExpireOffset" Value="0,-1.5625,0"/>
        <EffectArrayTemplate Reference="Effect,^ParamId^@2@LineLMGoal,ExpireOffset" Value="0,-1.5625,0"/>
    </CUpgrade>
    <!--human armor-->
    <CUpgrade id="Rhar" parent="War3_Upgrade">
        <BonusResourcePerLevel index="Terrazine" value="25"/>
        <BonusResourcePerLevel index="Custom" value="100"/>
        <Race value="Human"/>
        <MaxLevel value="3"/>
        <Icon value="Assets\Textures\Renee_war3_btnHumanArmorUpOne.dds"/>
        <EditorCategories value="Race:Human,UpgradeType:Armor"/>
        <EffectArrayTemplate Reference="Unit,^ParamId^,LifeArmorLevel" Value="1"/>
        <EffectArrayTemplate Reference="Unit,^ParamId^,LifeArmor" Value="{DataCollection,^ParamId^,UpgradeInfoUnitLifeArmorPerLevel}"/>
    </CUpgrade>
    <!--human gyro bombs-->
    <CUpgrade id="Rhgb" parent="War3_Upgrade">
        <BonusResourcePerLevel index="Terrazine" value="50"/>
        <Race value="Human"/>
        <Icon value="Assets\Textures\Renee_war3_btnHumanArtilleryUpOne.dds"/>
        <EditorCategories value="Race:Human,UpgradeType:Talent"/>
        <EffectArrayTemplate Operation="Set" Reference="Weapon,^ParamId^@1,Options[Disabled]" Value="0"/>
        <EffectArrayTemplate Operation="Set" Reference="Weapon,^ParamId^@2,Options[Disabled]" Value="0"/>
    </CUpgrade>
    <!--human architecture-->
    <CUpgrade id="Rhac" parent="War3_Upgrade">
        <BonusResourcePerLevel index="Terrazine" value="25"/>
        <BonusResourcePerLevel index="Custom" value="25"/>
        <Icon value="Assets\Textures\Renee_war3_btnStoneArchitecture.dds"/>
        <Race value="Human"/>
        <EffectArrayTemplate Reference="Unit,^ParamId^,LifeArmorLevel" Value="1"/>
        <EffectArrayTemplate Reference="Unit,^ParamId^,LifeArmor" Value="{DataCollection,^ParamId^,UpgradeInfoUnitLifeArmorPerLevel}"/>
        <EffectArrayTemplate Operation="AddBaseMultiply" Reference="Unit,^ParamId^,LifeMax" Value="0.1"/>
        <EffectArrayTemplate Operation="AddBaseMultiply" Reference="Unit,^ParamId^,LifeStart" Value="0.1"/>
        <EditorCategories value="Race:Human,UpgradeType:Armor"/>
        <MaxLevel value="3"/>
    </CUpgrade>
    <!--human footman defend-->
    <CUpgrade id="Rhde" parent="War3_Upgrade">
        <Race value="Human"/>
        <Icon value="Assets\Textures\Renee_war3_btnDefend.dds"/>
        <EditorCategories value="Race:Human,UpgradeType:Talent"/>
    </CUpgrade>
    <!--human animal breeding-->
    <CUpgrade id="Rhan" parent="War3_Upgrade">
        <Race value="Human"/>
        <Icon value="Assets\Textures\Renee_war3_btnAnimalWarTraining.dds"/>
        <EditorCategories value="Race:Human,UpgradeType:Talent"/>
        <EffectArrayTemplate Reference="Unit,^ParamId^,LifeMax" Value="150"/>
        <EffectArrayTemplate Reference="Unit,^ParamId^,LifeStart" Value="150"/>
    </CUpgrade>
    <!--human priest training-->
    <CUpgrade id="Rhpt" parent="War3_Upgrade">
        <BonusResourcePerLevel index="Custom" value="100"/>
        <Race value="Human"/>
        <MaxLevel value="2"/>
        <Icon value="Assets\Textures\Renee_war3_btnPriestAdept.dds"/>
        <EditorCategories value="Race:Human,UpgradeType:Caster"/>
        <EffectArrayTemplate Reference="Unit,^ParamId^,EnergyMax" Value="100"/>
        <EffectArrayTemplate Reference="Unit,^ParamId^,EnergyStart" Value="37.5"/>
        <EffectArrayTemplate Reference="Unit,^ParamId^,EnergyRegenRate" Value="0.32"/>
        <EffectArrayTemplate Reference="Unit,^ParamId^,LifeMax" Value="40"/>
        <EffectArrayTemplate Reference="Unit,^ParamId^,LifeStart" Value="40"/>
    </CUpgrade>
    <!--human sorceress training-->
    <CUpgrade id="Rhst" parent="War3_Upgrade">
        <BonusResourcePerLevel index="Custom" value="100"/>
        <Race value="Human"/>
        <MaxLevel value="2"/>
        <Icon value="Assets\Textures\Renee_war3_btnSorceressAdept.dds"/>
        <EditorCategories value="Race:Human,UpgradeType:Caster"/>
        <EffectArrayTemplate Reference="Unit,^ParamId^,EnergyMax" Value="100"/>
        <EffectArrayTemplate Reference="Unit,^ParamId^,EnergyStart" Value="37.5"/>
        <EffectArrayTemplate Reference="Unit,^ParamId^,EnergyRegenRate" Value="0.32"/>
        <EffectArrayTemplate Reference="Unit,^ParamId^,LifeMax" Value="40"/>
        <EffectArrayTemplate Reference="Unit,^ParamId^,LifeStart" Value="40"/>
    </CUpgrade>
    <!--human leather armor-->
    <CUpgrade id="Rhla" parent="War3_Upgrade">
        <BonusResourcePerLevel index="Terrazine" value="50"/>
        <BonusResourcePerLevel index="Custom" value="75"/>
        <Race value="Human"/>
        <MaxLevel value="3"/>
        <Icon value="Assets\Textures\Renee_war3_btnLeatherUpgradeOne.dds"/>
        <EditorCategories value="Race:Human,UpgradeType:Armor"/>
        <EffectArrayTemplate Reference="Unit,^ParamId^,LifeArmorLevel" Value="1"/>
        <EffectArrayTemplate Reference="Unit,^ParamId^,LifeArmor" Value="{DataCollection,^ParamId^,UpgradeInfoUnitLifeArmorPerLevel}"/>
    </CUpgrade>
    <!--human rifleman plus range-->
    <CUpgrade id="Rhri" parent="War3_Upgrade">
        <Race value="Human"/>
        <MaxLevel value="3"/>
        <Icon value="Assets\Textures\Renee_war3_btnDwarvenLongRifle.dds"/>
        <EditorCategories value="Race:Human,UpgradeType:Talent"/>
        <EffectArrayTemplate Reference="Weapon,^ParamId^@1,Range" Value="1.5625"/>
        <EffectArrayTemplate Reference="Weapon,^ParamId^@2,Range" Value="1.5625"/>
    </CUpgrade>
    <!--human lumber harvesting-->
    <CUpgrade id="Rhlh" parent="War3_Upgrade">
        <BonusResourcePerLevel index="Terrazine" value="100"/>
        <Race value="Human"/>
        <MaxLevel value="2"/>
        <Icon value="Assets\Textures\Renee_war3_btnHumanLumberUpgrade1.dds"/>
        <EditorCategories value="Race:Human,UpgradeType:Talent"/>
        <EffectArray Reference="Abil,Ahar,ResourceAmountCapacity[Custom]" Value="10"/>
    </CUpgrade>
    <!--human magical sentinal-->
    <CUpgrade id="Rhse" parent="War3_Upgrade">
        <Race value="Human"/>
        <Icon value="Assets\Textures\Renee_war3_btnMagicalSentry.dds"/>
        <EditorCategories value="Race:Human,UpgradeType:Talent"/>
    </CUpgrade>
    <!--human flare-->
    <CUpgrade id="Rhfl" parent="War3_Upgrade">
        <Race value="Human"/>
        <Icon value="Assets\Textures\Renee_war3_btnFlare.dds"/>
        <EditorCategories value="Race:Human,UpgradeType:Talent"/>
    </CUpgrade>
    <!--human control magic-->
    <CUpgrade id="Rhss" parent="War3_Upgrade">
        <Race value="Human"/>
        <Icon value="Assets\Textures\Renee_war3_btnControlMagic.dds"/>
        <EditorCategories value="Race:Human,UpgradeType:Talent"/>
    </CUpgrade>
    <!--human rocket tank-->
    <CUpgrade id="Rhrt" parent="War3_Upgrade">
        <!--Trigger Upgrade-->
        <Icon value="Assets\Textures\Renee_war3_btnScatterRockets.dds"/>
        <Race value="Human"/>
        <EditorCategories value="Race:Human,UpgradeType:Talent"/>
        <UnitAllowed value="hrtt"/>
        <UnitDisallowed value="hmtt"/>
    </CUpgrade>
    <!--human backpack-->
    <CUpgrade id="Rhpm" parent="War3_Upgrade">
        <Race value="Human"/>
        <Icon value="Assets\Textures\Renee_war3_btnPackBeast.dds"/>
        <EditorCategories value="Race:Human,UpgradeType:Talent"/>
    </CUpgrade>
    <!--human flak cannon-->
    <CUpgrade id="Rhfc" parent="War3_Upgrade">
        <Race value="Human"/>
        <Icon value="Assets\Textures\Renee_war3_btnFlakCannons.dds"/>
        <EditorCategories value="Race:Human,UpgradeType:Talent"/>
    </CUpgrade>
    <!--human frag shards-->
    <CUpgrade id="Rhfs" parent="War3_Upgrade">
        <Race value="Human"/>
        <Icon value="Assets\Textures\Renee_war3_btnFragmentationBombs.dds"/>
        <EditorCategories value="Race:Human,UpgradeType:Talent"/>
    </CUpgrade>
    <!--human cloud research-->
    <CUpgrade id="Rhcd" parent="War3_Upgrade">
        <Race value="Human"/>
        <Icon value="Assets\Textures\Renee_war3_btnCloudOfFog.dds"/>
        <EditorCategories value="Race:Human,UpgradeType:Talent"/>
    </CUpgrade>
    <!--orc melee attack-->
    <CUpgrade id="Rome" parent="War3_Upgrade">
        <BonusResourcePerLevel index="Terrazine" value="50"/>
        <BonusResourcePerLevel index="Custom" value="100"/>
        <Race value="Orc"/>
        <MaxLevel value="3"/>
        <Icon value="Assets\Textures\Renee_war3_btnOrcMeleeUpOne.dds"/>
        <EditorCategories value="Race:Orc,UpgradeType:Melee"/>
        <EffectArrayTemplate Reference="Weapon,^ParamId^@1,Level" Value="1"/>
        <EffectArrayTemplate Reference="Effect,^ParamId^@1,Amount" Value="1"/>
        <EffectArrayTemplate Reference="Effect,^ParamId^@1,Random" Value="{DataCollection,^ParamId^,UpgradeInfoWeapon[0].DamagePerDice-1}"/>
        <EffectArrayTemplate Reference="Weapon,^ParamId^@2,Level" Value="1"/>
        <EffectArrayTemplate Reference="Effect,^ParamId^@2,Amount" Value="1"/>
        <EffectArrayTemplate Reference="Effect,^ParamId^@2,Random" Value="{DataCollection,^ParamId^,UpgradeInfoWeapon[1].DamagePerDice-1}"/>
    </CUpgrade>
    <!--orc ranged attack-->
    <CUpgrade id="Rora" parent="War3_Upgrade">
        <BonusResourcePerLevel index="Terrazine" value="50"/>
        <BonusResourcePerLevel index="Custom" value="100"/>
        <Race value="Orc"/>
        <MaxLevel value="3"/>
        <Icon value="Assets\Textures\Renee_war3_btnSteelRanged.dds"/>
        <EditorCategories value="Race:Orc,UpgradeType:Ranged"/>
        <EffectArrayTemplate Reference="Weapon,^ParamId^@1,Level" Value="1"/>
        <EffectArrayTemplate Reference="Effect,^ParamId^@1,Amount" Value="1"/>
        <EffectArrayTemplate Reference="Effect,^ParamId^@1,Random" Value="{DataCollection,^ParamId^,UpgradeInfoWeapon[0].DamagePerDice-1}"/>
        <EffectArrayTemplate Reference="Weapon,^ParamId^@2,Level" Value="1"/>
        <EffectArrayTemplate Reference="Effect,^ParamId^@2,Amount" Value="1"/>
        <EffectArrayTemplate Reference="Effect,^ParamId^@2,Random" Value="{DataCollection,^ParamId^,UpgradeInfoWeapon[1].DamagePerDice-1}"/>
    </CUpgrade>
    <!--orc armor-->
    <CUpgrade id="Roar" parent="War3_Upgrade">
        <BonusResourcePerLevel index="Terrazine" value="75"/>
        <BonusResourcePerLevel index="Custom" value="150"/>
        <Race value="Orc"/>
        <MaxLevel value="3"/>
        <Icon value="Assets\Textures\Renee_war3_btnSteelArmor.dds"/>
        <EditorCategories value="Race:Orc,UpgradeType:Armor"/>
        <EffectArrayTemplate Reference="Unit,^ParamId^,LifeArmorLevel" Value="1"/>
        <EffectArrayTemplate Reference="Unit,^ParamId^,LifeArmor" Value="{DataCollection,^ParamId^,UpgradeInfoUnitLifeArmorPerLevel}"/>
    </CUpgrade>
    <!--orc war drums damage-->
    <CUpgrade id="Rwdm" parent="War3_Upgrade">
        <Race value="Orc"/>
        <Icon value="Assets\Textures\Renee_war3_btnDrum.dds"/>
        <EditorCategories value="Race:Orc,UpgradeType:Talent"/>
        <EffectArray Reference="Behavior,Aakb@BuffAuraKotoBeast,Modification.DamageDealtFraction[Melee]" Value="0.1"/>
        <EffectArray Reference="Behavior,Aakb@BuffAuraKotoBeast,Modification.DamageDealtFraction[Ranged]" Value="0.1"/>
    </CUpgrade>
    <!--orc pillage-->
    <CUpgrade id="Ropg" parent="War3_Upgrade">
        <Race value="Orc"/>
        <Icon value="Assets\Textures\Renee_war3_btnPillage.dds"/>
        <EditorCategories value="Race:Orc,UpgradeType:Talent"/>
        <!--This is now done in behaviors-->
        <!--EffectArrayTemplate Operation="Set" Reference="Unit,^ParamId^,ResourceDamageLeech[Melee].Amount[Custom]" Value="0.5"/>
        <EffectArrayTemplate Operation="Set" Reference="Unit,^ParamId^,ResourceDamageLeech[Melee].Amount[Minerals]" Value="0.5"/>
        <EffectArrayTemplate Operation="Set" Reference="Unit,^ParamId^,ResourceDamageLeech[Melee].Amount[Terrazine]" Value="0.5"/>
        <EffectArrayTemplate Operation="Set" Reference="Unit,^ParamId^,ResourceDamageLeech[Melee].Amount[Vespene]" Value="0.5"/-->
    </CUpgrade>
    <!--orc grunt berserk-->
    <CUpgrade id="Robs" parent="War3_Upgrade">
        <Race value="Orc"/>
        <Icon value="Assets\Textures\Renee_war3_btnBerserk.dds"/>
        <EditorCategories value="Race:Orc,UpgradeType:Talent"/>
        <EffectArrayTemplate Reference="Unit,^ParamId^,LifeMax" Value="100"/>
        <EffectArrayTemplate Reference="Unit,^ParamId^,LifeStart" Value="100"/>
        <EffectArrayTemplate Reference="Effect,^ParamId^,Amount" Value="3"/>
    </CUpgrade>
    <!--orc tauren smash-->
    <CUpgrade id="Rows" parent="War3_Upgrade">
        <Race value="Orc"/>
        <Icon value="Assets\Textures\Renee_war3_btnSmash.dds"/>
        <EditorCategories value="Race:Orc,UpgradeType:Talent"/>
    </CUpgrade>
    <!--orc raider ensare-->
    <CUpgrade id="Roen" parent="War3_Upgrade">
        <Race value="Orc"/>
        <Icon value="Assets\Textures\Renee_war3_btnEnsnare.dds"/>
        <EditorCategories value="Race:Orc,UpgradeType:Talent"/>
    </CUpgrade>
    <!--orc wyvern venom spear-->
    <CUpgrade id="Rovs" parent="War3_Upgrade">
        <Race value="Orc"/>
        <Icon value="Assets\Textures\Renee_war3_btnEnvenomedSpear.dds"/>
        <EditorCategories value="Race:Orc,UpgradeType:Talent"/>
    </CUpgrade>
    <!--orc witch doctor training-->
    <CUpgrade id="Rowd" parent="War3_Upgrade">
        <BonusResourcePerLevel index="Custom" value="100"/>
        <Race value="Orc"/>
        <MaxLevel value="2"/>
        <Icon value="Assets\Textures\Renee_war3_btnWitchDoctorAdept.dds"/>
        <EditorCategories value="Race:Orc,UpgradeType:Caster"/>
        <EffectArrayTemplate Reference="Unit,^ParamId^,EnergyMax" Value="100"/>
        <EffectArrayTemplate Reference="Unit,^ParamId^,EnergyStart" Value="37.5"/>
        <EffectArrayTemplate Reference="Unit,^ParamId^,EnergyRegenRate" Value="0.32"/>
        <EffectArrayTemplate Reference="Unit,^ParamId^,LifeMax" Value="40"/>
        <EffectArrayTemplate Reference="Unit,^ParamId^,LifeStart" Value="40"/>
    </CUpgrade>
    <!--orc shaman training-->
    <CUpgrade id="Rost" parent="War3_Upgrade">
        <BonusResourcePerLevel index="Custom" value="100"/>
        <Race value="Orc"/>
        <MaxLevel value="2"/>
        <Icon value="Assets\Textures\Renee_war3_btnShamanAdept.dds"/>
        <EditorCategories value="Race:Orc,UpgradeType:Caster"/>
        <EffectArrayTemplate Reference="Unit,^ParamId^,EnergyMax" Value="100"/>
        <EffectArrayTemplate Reference="Unit,^ParamId^,EnergyStart" Value="37.5"/>
        <EffectArrayTemplate Reference="Unit,^ParamId^,EnergyRegenRate" Value="0.32"/>
        <EffectArrayTemplate Reference="Unit,^ParamId^,LifeMax" Value="40"/>
        <EffectArrayTemplate Reference="Unit,^ParamId^,LifeStart" Value="40"/>
    </CUpgrade>
    <!--orc spiked barricade-->
    <CUpgrade id="Rosp" parent="War3_Upgrade">
        <BonusResourcePerLevel index="Terrazine" value="25"/>
        <BonusResourcePerLevel index="Custom" value="25"/>
        <Race value="Orc"/>
        <MaxLevel value="3"/>
        <Icon value="Assets\Textures\Renee_war3_btnSpikedBarricades.dds"/>
        <EditorCategories value="Race:Orc,UpgradeType:Talent"/>
        <EffectArray Reference="Effect,Rosp,Amount" Value="6"/>
    </CUpgrade>
    <!--orc troll regeneration-->
    <CUpgrade id="Rotr" parent="War3_Upgrade">
        <Race value="Orc"/>
        <Icon value="Assets\Textures\Renee_war3_btnRegenerate.dds"/>
        <EditorCategories value="Race:Orc,UpgradeType:Talent"/>
        <EffectArrayTemplate Reference="Unit,^ParamId^,LifeRegenRate" Value="0.8"/>
    </CUpgrade>
    <!--orc liquid fire-->
    <CUpgrade id="Rolf" parent="War3_Upgrade">
        <Race value="Orc"/>
        <Icon value="Assets\Textures\Renee_war3_btnLiquidFire.dds"/>
        <EditorCategories value="Race:Orc,UpgradeType:Talent"/>
    </CUpgrade>
    <!--orc chaos conversion-->
    <CUpgrade id="Roch" parent="War3_Upgrade">
        <Race value="Demon"/>
        <Icon value="Assets\Textures\Renee_war3_btnOrcMeleeUpOne.dds"/>
        <EditorCategories value="Race:Demon,UpgradeType:Talent"/>
    </CUpgrade>
    <!--orc spiritwalker training-->
    <CUpgrade id="Rowt" parent="War3_Upgrade">
        <BonusResourcePerLevel index="Custom" value="100"/>
        <Race value="Orc"/>
        <MaxLevel value="2"/>
        <Icon value="Assets\Textures\Renee_war3_btnSpiritWalkerAdeptTraining.dds"/>
        <EditorCategories value="Race:Orc,UpgradeType:Caster"/>
        <EffectArrayTemplate Reference="Unit,^ParamId^,EnergyMax" Value="150"/>
        <EffectArrayTemplate Reference="Unit,^ParamId^,EnergyStart" Value="50"/>
        <EffectArrayTemplate Reference="Unit,^ParamId^,EnergyRegenRate" Value="0.42"/>
        <EffectArrayTemplate Reference="Unit,^ParamId^,LifeMax" Value="60"/>
        <EffectArrayTemplate Reference="Unit,^ParamId^,LifeStart" Value="60"/>
    </CUpgrade>
    <!--orc reinforced defense-->
    <CUpgrade id="Rorb" parent="War3_Upgrade">
        <Race value="Orc"/>
        <Icon value="Assets\Textures\Renee_war3_btnReinforcedBurrows.dds"/>
        <EditorCategories value="Race:Orc,UpgradeType:Talent"/>
        <EffectArrayTemplate Operation="Set" Reference="Actor,^ParamId^,LifeArmorIcon" Value="Assets\Textures\infocard-armor-fortified.dds"/>
        <EffectArrayTemplate Operation="Set" Reference="Unit,^ParamId^,LifeArmorName" Value="UI/ARMOR_FORT"/>
        <EffectArrayTemplate Operation="Set" Reference="Unit,^ParamId^,LifeArmorTip" Value="UI/ARMORTIP_FORT"/>
        <EffectArrayTemplate Operation="Set" Reference="Unit,^ParamId^,ArmorType" Value="Fort"/>
    </CUpgrade>
    <!--orc berserkers-->
    <CUpgrade id="Robk" parent="War3_Upgrade">
        <Race value="Orc"/>
        <Icon value="Assets\Textures\Renee_war3_btnHeadHunterBerserker.dds"/>
        <EditorCategories value="Race:Orc,UpgradeType:Talent"/>
        <UnitAllowed value="otbk"/>
        <UnitDisallowed value="ohun"/>
    </CUpgrade>
    <!--orc backpack-->
    <CUpgrade id="Ropm" parent="War3_Upgrade">
        <Race value="Orc"/>
        <Icon value="Assets\Textures\Renee_war3_btnPackBeast.dds"/>
        <EditorCategories value="Race:Orc,UpgradeType:Talent"/>
    </CUpgrade>
    <!--orc naptha-->
    <CUpgrade id="Robf" parent="War3_Upgrade">
        <Race value="Orc"/>
        <Icon value="Assets\Textures\Renee_war3_btnFireRocks.dds"/>
        <EditorCategories value="Race:Orc,UpgradeType:Talent"/>
    </CUpgrade>
    <!--undead unholy strength-->
    <CUpgrade id="Rume" parent="War3_Upgrade">
        <BonusResourcePerLevel index="Terrazine" value="75"/>
        <BonusResourcePerLevel index="Custom" value="100"/>
        <Race value="Undead"/>
        <MaxLevel value="3"/>
        <Icon value="Assets\Textures\Renee_war3_btnUnholyStrength.dds"/>
        <EditorCategories value="Race:Undead,UpgradeType:Melee"/>
        <EffectArrayTemplate Reference="Weapon,^ParamId^@1,Level" Value="1"/>
        <EffectArrayTemplate Reference="Effect,^ParamId^@1,Amount" Value="1"/>
        <EffectArrayTemplate Reference="Effect,^ParamId^@1,Random" Value="{DataCollection,^ParamId^,UpgradeInfoWeapon[0].DamagePerDice-1}"/>
        <EffectArrayTemplate Reference="Weapon,^ParamId^@2,Level" Value="1"/>
        <EffectArrayTemplate Reference="Effect,^ParamId^@2,Amount" Value="1"/>
        <EffectArrayTemplate Reference="Effect,^ParamId^@2,Random" Value="{DataCollection,^ParamId^,UpgradeInfoWeapon[1].DamagePerDice-1}"/>
    </CUpgrade>
    <!--undead creature attack-->
    <CUpgrade id="Rura" parent="War3_Upgrade">
        <BonusResourcePerLevel index="Terrazine" value="50"/>
        <BonusResourcePerLevel index="Custom" value="75"/>
        <Race value="Undead"/>
        <MaxLevel value="3"/>
        <Icon value="Assets\Textures\Renee_war3_btnCreatureAttack.dds"/>
        <EditorCategories value="Race:Undead,UpgradeType:Ranged"/>
        <EffectArrayTemplate Reference="Weapon,^ParamId^@1,Level" Value="1"/>
        <EffectArrayTemplate Reference="Effect,^ParamId^@1,Amount" Value="1"/>
        <EffectArrayTemplate Reference="Effect,^ParamId^@1,Random" Value="{DataCollection,^ParamId^,UpgradeInfoWeapon[0].DamagePerDice-1}"/>
        <EffectArrayTemplate Reference="Weapon,^ParamId^@2,Level" Value="1"/>
        <EffectArrayTemplate Reference="Effect,^ParamId^@2,Amount" Value="1"/>
        <EffectArrayTemplate Reference="Effect,^ParamId^@2,Random" Value="{DataCollection,^ParamId^,UpgradeInfoWeapon[1].DamagePerDice-1}"/>
    </CUpgrade>
    <!--undead unholy armor-->
    <CUpgrade id="Ruar" parent="War3_Upgrade">
        <BonusResourcePerLevel index="Terrazine" value="75"/>
        <BonusResourcePerLevel index="Custom" value="100"/>
        <Race value="Undead"/>
        <MaxLevel value="3"/>
        <Icon value="Assets\Textures\Renee_war3_btnUnholyArmor.dds"/>
        <EditorCategories value="Race:Undead,UpgradeType:Armor"/>
        <EffectArrayTemplate Reference="Unit,^ParamId^,LifeArmorLevel" Value="1"/>
        <EffectArrayTemplate Reference="Unit,^ParamId^,LifeArmor" Value="{DataCollection,^ParamId^,UpgradeInfoUnitLifeArmorPerLevel}"/>
    </CUpgrade>
    <!--undead ghoul cannibalize-->
    <CUpgrade id="Ruac" parent="War3_Upgrade">
        <Race value="Undead"/>
        <Icon value="Assets\Textures\Renee_war3_btnCannibalize.dds"/>
        <EditorCategories value="Race:Undead,UpgradeType:Talent"/>
    </CUpgrade>
    <!--undead ghoul frenzy-->
    <CUpgrade id="Rugf" parent="War3_Upgrade">
        <Race value="Undead"/>
        <Icon value="Assets\Textures\Renee_war3_btnGhoulFrenzy.dds"/>
        <EditorCategories value="Race:Undead,UpgradeType:Talent"/>
        <EffectArrayTemplate Reference="Weapon,^ParamId^@1,RateMultiplier" Value="0.25"/>
        <EffectArrayTemplate Reference="Weapon,^ParamId^@2,RateMultiplier" Value="0.25"/>
        <EffectArrayTemplate Reference="Unit,^ParamId^,Speed" Value="0.625"/>
    </CUpgrade>
    <!--undead fiend web-->
    <CUpgrade id="Ruwb" parent="War3_Upgrade">
        <Race value="Undead"/>
        <Icon value="Assets\Textures\Renee_war3_btnWeb.dds"/>
        <EditorCategories value="Race:Undead,UpgradeType:Talent"/>
    </CUpgrade>
    <!--undead gargoyle stone-->
    <CUpgrade id="Rusf" parent="War3_Upgrade">
        <Race value="Undead"/>
        <Icon value="Assets\Textures\Renee_war3_btnStoneForm.dds"/>
        <EditorCategories value="Race:Undead,UpgradeType:Talent"/>
    </CUpgrade>
    <!--undead necromancer training-->
    <CUpgrade id="Rune" parent="War3_Upgrade">
        <BonusResourcePerLevel index="Custom" value="100"/>
        <Race value="Undead"/>
        <MaxLevel value="2"/>
        <Icon value="Assets\Textures\Renee_war3_btnNecromancerAdept.dds"/>
        <EditorCategories value="Race:Undead,UpgradeType:Caster"/>
        <EffectArrayTemplate Reference="Unit,^ParamId^,EnergyMax" Value="100"/>
        <EffectArrayTemplate Reference="Unit,^ParamId^,EnergyStart" Value="37.5"/>
        <EffectArrayTemplate Reference="Unit,^ParamId^,EnergyRegenRate" Value="0.32"/>
        <EffectArrayTemplate Reference="Unit,^ParamId^,LifeMax" Value="40"/>
        <EffectArrayTemplate Reference="Unit,^ParamId^,LifeStart" Value="40"/>
    </CUpgrade>
    <!--undead banshee training-->
    <CUpgrade id="Ruba" parent="War3_Upgrade">
        <BonusResourcePerLevel index="Custom" value="100"/>
        <Race value="Undead"/>
        <MaxLevel value="2"/>
        <Icon value="Assets\Textures\Renee_war3_btnBansheeAdept.dds"/>
        <EditorCategories value="Race:Undead,UpgradeType:Caster"/>
        <EffectArrayTemplate Reference="Unit,^ParamId^,EnergyMax" Value="100"/>
        <EffectArrayTemplate Reference="Unit,^ParamId^,EnergyStart" Value="37.5"/>
        <EffectArrayTemplate Reference="Unit,^ParamId^,EnergyRegenRate" Value="0.32"/>
        <EffectArrayTemplate Reference="Unit,^ParamId^,LifeMax" Value="40"/>
        <EffectArrayTemplate Reference="Unit,^ParamId^,LifeStart" Value="40"/>
    </CUpgrade>
    <!--undead frost wyrm breath-->
    <CUpgrade id="Rufb" parent="War3_Upgrade">
        <Race value="Undead"/>
        <Icon value="Assets\Textures\Renee_war3_btnFreezingBreath.dds"/>
        <EditorCategories value="Race:Undead,UpgradeType:Talent"/>
    </CUpgrade>
    <!--undead skeleton life span-->
    <CUpgrade id="Rusl" parent="War3_Upgrade">
        <Race value="Undead"/>
        <Icon value="Assets\Textures\Renee_war3_btnSkeletalLongevity.dds"/>
        <EditorCategories value="Race:Undead,UpgradeType:Talent"/>
        <EffectArray Reference="Behavior,Arai@BuffRaiseDead,Duration" Value="15.000000"/>
    </CUpgrade>
    <!--undead creature armor-->
    <CUpgrade id="Rucr" parent="War3_Upgrade">
        <BonusResourcePerLevel index="Terrazine" value="50"/>
        <BonusResourcePerLevel index="Custom" value="125"/>
        <Race value="Undead"/>
        <MaxLevel value="3"/>
        <Icon value="Assets\Textures\Renee_war3_btnCreatureCarapace.dds"/>
        <EditorCategories value="Race:Undead,UpgradeType:Armor"/>
        <EffectArrayTemplate Reference="Unit,^ParamId^,LifeArmorLevel" Value="1"/>
        <EffectArrayTemplate Reference="Unit,^ParamId^,LifeArmor" Value="{DataCollection,^ParamId^,UpgradeInfoUnitLifeArmorPerLevel}"/>
    </CUpgrade>
    <!--undead plague cloud-->
    <CUpgrade id="Rupc" parent="War3_Upgrade">
        <Race value="Undead"/>
        <Icon value="Assets\Textures\Renee_war3_btnPlagueCloud.dds"/>
        <EditorCategories value="Race:Undead,UpgradeType:Talent"/>
    </CUpgrade>
    <!--undead skeletal mastery-->
    <CUpgrade id="Rusm" parent="War3_Upgrade">
        <Race value="Undead"/>
        <Icon value="Assets\Textures\Renee_war3_btnSkeletonMage.dds"/>
        <EditorCategories value="Race:Undead,UpgradeType:Talent"/>
        <EffectArray Operation="Set" Reference="Effect,Arai@CreateUnitB,SpawnUnit[0]" Value="uskm"/>
    </CUpgrade>
    <!--undead burrowing-->
    <CUpgrade id="Rubu" parent="War3_Upgrade">
        <Race value="Undead"/>
        <Icon value="Assets\Textures\Renee_war3_btnCryptFiendBurrow.dds"/>
        <EditorCategories value="Race:Undead,UpgradeType:Talent"/>
    </CUpgrade>
    <!--undead avenger transform-->
    <CUpgrade id="Rusp" parent="War3_Upgrade">
        <Race value="Undead"/>
        <Icon value="Assets\Textures\Renee_war3_btnDestroyer.dds"/>
        <EditorCategories value="Race:Undead,UpgradeType:Talent"/>
    </CUpgrade>
    <!--undead exhume corpses-->
    <CUpgrade id="Ruex" parent="War3_Upgrade">
        <Race value="Undead"/>
        <Icon value="Assets\Textures\Renee_war3_btnExhumeCorpses.dds"/>
        <EditorCategories value="Race:Undead,UpgradeType:Talent"/>
    </CUpgrade>
    <!--undead backpack-->
    <CUpgrade id="Rupm" parent="War3_Upgrade">
        <Race value="Undead"/>
        <Icon value="Assets\Textures\Renee_war3_btnPackBeast.dds"/>
        <EditorCategories value="Race:Undead,UpgradeType:Talent"/>
    </CUpgrade>
    <!--nightelf strength of moon-->
    <CUpgrade id="Resm" parent="War3_Upgrade">
        <BonusResourcePerLevel index="Terrazine" value="50"/>
        <BonusResourcePerLevel index="Custom" value="100"/>
        <Race value="NightElf"/>
        <MaxLevel value="3"/>
        <Icon value="Assets\Textures\Renee_war3_btnStrengthOfTheMoon.dds"/>
        <EditorCategories value="Race:NightElf,UpgradeType:Melee"/>
        <EffectArrayTemplate Reference="Weapon,^ParamId^@1,Level" Value="1"/>
        <EffectArrayTemplate Reference="Effect,^ParamId^@1,Amount" Value="1"/>
        <EffectArrayTemplate Reference="Effect,^ParamId^@1,Random" Value="{DataCollection,^ParamId^,UpgradeInfoWeapon[0].DamagePerDice-1}"/>
        <EffectArrayTemplate Reference="Weapon,^ParamId^@2,Level" Value="1"/>
        <EffectArrayTemplate Reference="Effect,^ParamId^@2,Amount" Value="1"/>
        <EffectArrayTemplate Reference="Effect,^ParamId^@2,Random" Value="{DataCollection,^ParamId^,UpgradeInfoWeapon[1].DamagePerDice-1}"/>
    </CUpgrade>
    <!--nightelf strength of wild-->
    <CUpgrade id="Resw" parent="War3_Upgrade">
        <BonusResourcePerLevel index="Terrazine" value="75"/>
        <BonusResourcePerLevel index="Custom" value="100"/>
        <Race value="NightElf"/>
        <MaxLevel value="3"/>
        <Icon value="Assets\Textures\Renee_war3_btnStrengthOfTheWild.dds"/>
        <EditorCategories value="Race:NightElf,UpgradeType:Ranged"/>
        <EffectArrayTemplate Reference="Weapon,^ParamId^@1,Level" Value="1"/>
        <EffectArrayTemplate Reference="Effect,^ParamId^@1,Amount" Value="1"/>
        <EffectArrayTemplate Reference="Effect,^ParamId^@1,Random" Value="{DataCollection,^ParamId^,UpgradeInfoWeapon[0].DamagePerDice-1}"/>
        <EffectArrayTemplate Reference="Weapon,^ParamId^@2,Level" Value="1"/>
        <EffectArrayTemplate Reference="Effect,^ParamId^@2,Amount" Value="1"/>
        <EffectArrayTemplate Reference="Effect,^ParamId^@2,Random" Value="{DataCollection,^ParamId^,UpgradeInfoWeapon[1].DamagePerDice-1}"/>
    </CUpgrade>
    <!--nightelf moon armor-->
    <CUpgrade id="Rema" parent="War3_Upgrade">
        <BonusResourcePerLevel index="Terrazine" value="50"/>
        <BonusResourcePerLevel index="Custom" value="75"/>
        <Race value="NightElf"/>
        <MaxLevel value="3"/>
        <Icon value="Assets\Textures\Renee_war3_btnMoonArmor.dds"/>
        <EditorCategories value="Race:NightElf,UpgradeType:Armor"/>
        <EffectArrayTemplate Reference="Unit,^ParamId^,LifeArmorLevel" Value="1"/>
        <EffectArrayTemplate Reference="Unit,^ParamId^,LifeArmor" Value="{DataCollection,^ParamId^,UpgradeInfoUnitLifeArmorPerLevel}"/>
    </CUpgrade>
    <!--nightelf reinforced hides-->
    <CUpgrade id="Rerh" parent="War3_Upgrade">
        <BonusResourcePerLevel index="Terrazine" value="50"/>
        <BonusResourcePerLevel index="Custom" value="100"/>
        <Race value="NightElf"/>
        <MaxLevel value="3"/>
        <Icon value="Assets\Textures\Renee_war3_btnReinforcedHides.dds"/>
        <EditorCategories value="Race:NightElf,UpgradeType:Armor"/>
        <EffectArrayTemplate Reference="Unit,^ParamId^,LifeArmorLevel" Value="1"/>
        <EffectArrayTemplate Reference="Unit,^ParamId^,LifeArmor" Value="{DataCollection,^ParamId^,UpgradeInfoUnitLifeArmorPerLevel}"/>
    </CUpgrade>
    <!--nightelf ultravision-->
    <CUpgrade id="Reuv" parent="War3_Upgrade">
        <Race value="NightElf"/>
        <Icon value="Assets\Textures\Renee_war3_btnUltravision.dds"/>
        <EditorCategories value="Race:NightElf,UpgradeType:Talent"/>
        <!--EffectArrayTemplate Operation="Set" Reference="Unit,^ParamId^,SightBonus[Dusk]" Value="{Unit,^ParamId^,SightBonus[Dawn]}"/-->
    </CUpgrade>
    <!--nightelf nature's blessing-->
    <CUpgrade id="Renb" parent="War3_Upgrade">
        <Race value="NightElf"/>
        <Icon value="Assets\Textures\Renee_war3_btnNaturesBlessing.dds"/>
        <EditorCategories value="Race:NightElf,UpgradeType:Talent"/>
        <EffectArrayTemplate Reference="Unit,^ParamId^,Speed" Value="0.3125"/>
        <EffectArrayTemplate Reference="Unit,^ParamId^,LifeArmorLevel" Value="1"/>
        <EffectArrayTemplate Reference="Unit,^ParamId^,LifeArmor" Value="{DataCollection,^ParamId^,UpgradeInfoUnitLifeArmorPerLevel}"/>
    </CUpgrade>
    <!--nightelf scout-->
    <CUpgrade id="Resc" parent="War3_Upgrade">
        <Race value="NightElf"/>
        <Icon value="Assets\Textures\Renee_war3_btnSentinel.dds"/>
        <EditorCategories value="Race:NightElf,UpgradeType:Talent"/>
    </CUpgrade>
    <!--nightelf moon glaive upgrade-->
    <CUpgrade id="Remg" parent="War3_Upgrade">
        <Race value="NightElf"/>
        <Icon value="Assets\Textures\Renee_war3_btnUpgradeMoonGlaive.dds"/>
        <EditorCategories value="Race:NightElf,UpgradeType:Talent"/>
        <EffectArrayTemplate Reference="Effect,^ParamId^@1@BounceHitCount,ValidateMax" Value="1"/>
        <EffectArrayTemplate Reference="Effect,^ParamId^@2@BounceHitCount,ValidateMax" Value="1"/>
    </CUpgrade>
    <!--nightelf improved bows-->
    <CUpgrade id="Reib" parent="War3_Upgrade">
        <Race value="NightElf"/>
        <Icon value="Assets\Textures\Renee_war3_btnImprovedBows.dds"/>
        <EditorCategories value="Race:NightElf,UpgradeType:Talent"/>
        <EffectArrayTemplate Reference="Weapon,^ParamId^@1,Range" Value="1.5625"/>
        <EffectArrayTemplate Reference="Weapon,^ParamId^@2,Range" Value="1.5625"/>
    </CUpgrade>
    <!--nightelf marksmanship-->
    <CUpgrade id="Remk" parent="War3_Upgrade">
        <Race value="NightElf"/>
        <Icon value="Assets\Textures\Renee_war3_btnMarksmanship.dds"/>
        <EditorCategories value="Race:NightElf,UpgradeType:Talent"/>
        <EffectArrayTemplate Reference="Effect,^ParamId^@1,Amount" Value="3"/>
        <EffectArrayTemplate Reference="Effect,^ParamId^@2,Amount" Value="3"/>
    </CUpgrade>
    <!--nightelf DoT training-->
    <CUpgrade id="Redt" parent="War3_Upgrade">
        <BonusResourcePerLevel index="Custom" value="100"/>
        <Race value="NightElf"/>
        <MaxLevel value="2"/>
        <Icon value="Assets\Textures\Renee_war3_btnDOTAdeptTraining.dds"/>
        <EditorCategories value="Race:NightElf,UpgradeType:Caster"/>
        <EffectArrayTemplate Reference="Unit,^ParamId^,EnergyMax" Value="100"/>
        <EffectArrayTemplate Reference="Unit,^ParamId^,EnergyStart" Value="37.5"/>
        <EffectArrayTemplate Reference="Unit,^ParamId^,EnergyRegenRate" Value="0.32"/>
        <EffectArrayTemplate Reference="Unit,^ParamId^,LifeMax" Value="40"/>
        <EffectArrayTemplate Reference="Unit,^ParamId^,LifeStart" Value="40"/>
    </CUpgrade>
    <!--nightelf DoC training-->
    <CUpgrade id="Redc" parent="War3_Upgrade">
        <BonusResourcePerLevel index="Custom" value="100"/>
        <Race value="NightElf"/>
        <MaxLevel value="2"/>
        <Icon value="Assets\Textures\Renee_war3_btnDOCAdeptTraining.dds"/>
        <EditorCategories value="Race:NightElf,UpgradeType:Caster"/>
        <EffectArrayTemplate Reference="Unit,^ParamId^,EnergyMax" Value="100"/>
        <EffectArrayTemplate Reference="Unit,^ParamId^,EnergyStart" Value="50"/>
        <EffectArrayTemplate Reference="Unit,^ParamId^,EnergyRegenRate" Value="0.32"/>
        <EffectArrayTemplate Reference="Unit,^ParamId^,LifeMax" Value="75"/>
        <EffectArrayTemplate Reference="Unit,^ParamId^,LifeStart" Value="75"/>
        <!--EffectArrayTemplate Reference="Weapon,^ParamId^@1,Level" Value="1"/-->
        <EffectArrayTemplate Reference="Effect,^ParamId^@1,Amount" Value="1"/>
        <EffectArrayTemplate Reference="Effect,^ParamId^@1,Random" Value="{DataCollection,^ParamId^,UpgradeInfoWeapon[0].DamagePerDice-1}"/>
        <!--EffectArrayTemplate Reference="Weapon,^ParamId^@2,Level" Value="1"/-->
        <EffectArrayTemplate Reference="Effect,^ParamId^@2,Amount" Value="1"/>
        <EffectArrayTemplate Reference="Effect,^ParamId^@2,Random" Value="{DataCollection,^ParamId^,UpgradeInfoWeapon[1].DamagePerDice-1}"/>
    </CUpgrade>
    <!--nightelf abolish magic-->
    <CUpgrade id="Resi" parent="War3_Upgrade">
        <Race value="NightElf"/>
        <Icon value="Assets\Textures\Renee_war3_btnDryadDispelMagic.dds"/>
        <EditorCategories value="Race:NightElf,UpgradeType:Talent"/>
    </CUpgrade>
    <!--nightelf corrosive breath-->
    <CUpgrade id="Recb" parent="War3_Upgrade">
        <Race value="NightElf"/>
        <Icon value="Assets\Textures\Renee_war3_btnCorrosiveBreath.dds"/>
        <EditorCategories value="Race:NightElf,UpgradeType:Talent"/>
        <EffectArrayTemplate Operation="Set" Reference="Weapon,^ParamId^@1,Options[Disabled]" Value="0"/>
        <EffectArrayTemplate Operation="Set" Reference="Weapon,^ParamId^@2,Options[Disabled]" Value="0"/>
    </CUpgrade>
    <!--nightelf hippogryph taming-->
    <CUpgrade id="Reht" parent="War3_Upgrade">
        <Race value="NightElf"/>
        <Icon value="Assets\Textures\Renee_war3_btnTameHippogriff.dds"/>
        <EditorCategories value="Race:NightElf,UpgradeType:Talent"/>
    </CUpgrade>
    <!--nightelf impaling bolt-->
    <CUpgrade id="Repb" parent="War3_Upgrade">
        <Race value="NightElf"/>
        <Icon value="Assets\Textures\Renee_war3_btnVorpalBlades.dds"/>
        <EditorCategories value="Race:NightElf,UpgradeType:Talent"/>
        <EffectArrayTemplate Operation="Set" Reference="Weapon,^ParamId^@1,Options[Disabled]" Value="1"/>
        <EffectArrayTemplate Operation="Set" Reference="Weapon,^ParamId^@2,Options[Disabled]" Value="0"/>
        <EffectArrayTemplate Reference="Effect,^ParamId^@1@LineLMGoal,ExpireOffset" Value="0,-1.5625,0"/>
        <EffectArrayTemplate Reference="Effect,^ParamId^@2@LineLMGoal,ExpireOffset" Value="0,-1.5625,0"/>
    </CUpgrade>
    <!--nightelf resistant skin-->
    <CUpgrade id="Rers" parent="War3_Upgrade">
        <Race value="NightElf"/>
        <Icon value="Assets\Textures\Renee_war3_btnResistantSkin.dds"/>
        <EditorCategories value="Race:NightElf,UpgradeType:Talent"/>
    </CUpgrade>
    <!--nightelf hardened skin-->
    <CUpgrade id="Rehs" parent="War3_Upgrade">
        <Race value="NightElf"/>
        <Icon value="Assets\Textures\Renee_war3_btnHardenedSkin.dds"/>
        <EditorCategories value="Race:NightElf,UpgradeType:Talent"/>
    </CUpgrade>
    <!--nightelf enchanted bears-->
    <CUpgrade id="Reeb" parent="War3_Upgrade">
        <Race value="NightElf"/>
        <Icon value="Assets\Textures\Renee_war3_btnEnchantedBears.dds"/>
        <EditorCategories value="Race:NightElf,UpgradeType:Talent"/>
    </CUpgrade>
    <!--nightelf enchanted crows-->
    <CUpgrade id="Reec" parent="War3_Upgrade">
        <Race value="NightElf"/>
        <Icon value="Assets\Textures\Renee_war3_btnEnchantedCrows.dds"/>
        <EditorCategories value="Race:NightElf,UpgradeType:Talent"/>
    </CUpgrade>
    <!--nightelf well spring-->
    <CUpgrade id="Rews" parent="War3_Upgrade">
        <Race value="NightElf"/>
        <Icon value="Assets\Textures\Renee_war3_btnWellSpring.dds"/>
        <EditorCategories value="Race:NightElf,UpgradeType:Talent"/>
        <EffectArrayTemplate Reference="Unit,^ParamId^,EnergyMax" Value="125"/>
        <EffectArrayTemplate Reference="Unit,^ParamId^,EnergyStart" Value="41.67"/>
        <EffectArrayTemplate Reference="Unit,^ParamId^,EnergyRegenRate" Value="0.52"/>
    </CUpgrade>
    <!--nightelf backpack-->
    <CUpgrade id="Repm" parent="War3_Upgrade">
        <Race value="NightElf"/>
        <Icon value="Assets\Textures\Renee_war3_btnPackBeast.dds"/>
        <EditorCategories value="Race:NightElf,UpgradeType:Talent"/>
    </CUpgrade>
    <!--glyph of fortification-->
    <CUpgrade id="Rgfo" parent="War3_Upgrade">
        <BonusResourcePerLevel index="Terrazine" value="50"/>
        <BonusResourcePerLevel index="Custom" value="50"/>
        <Icon value="Assets\Textures\Renee_war3_btnGlyph.dds"/>
        <EffectArrayTemplate Reference="Unit,^ParamId^,LifeArmorLevel" Value="1"/>
        <EffectArrayTemplate Reference="Unit,^ParamId^,LifeArmor" Value="{DataCollection,^ParamId^,UpgradeInfoUnitLifeArmorPerLevel}"/>
        <EffectArrayTemplate Operation="AddBaseMultiply" Reference="Unit,^ParamId^,LifeMax" Value="0.2"/>
        <EffectArrayTemplate Operation="AddBaseMultiply" Reference="Unit,^ParamId^,LifeStart" Value="0.2"/>
        <EditorCategories value="UpgradeType:Talent,Race:Neutral"/>
        <MaxLevel value="3"/>
    </CUpgrade>
    <!--glyph of ultravision-->
    <CUpgrade id="Rguv" parent="War3_Upgrade">
        <BonusResourcePerLevel index="Terrazine" value="50"/>
        <BonusResourcePerLevel index="Custom" value="50"/>
        <!--Does Not Support Downgrade for now-->
        <Icon value="Assets\Textures\Renee_war3_btnGlyph.dds"/>
        <EffectArrayTemplate Operation="Set" Reference="Unit,^ParamId^,SightBonus[Dusk]" Value="{Unit,^ParamId^,SightBonus[Dawn]}"/>
        <EditorCategories value="UpgradeType:Talent,Race:Neutral"/>
    </CUpgrade>
    <!--naga myrmidon ensnare-->
    <CUpgrade id="Rnen" parent="War3_Upgrade">
        <Race value="Naga"/>
        <Icon value="Assets\Textures\Renee_war3_btnEnsnare.dds"/>
        <EditorCategories value="Race:Naga,UpgradeType:Talent"/>
    </CUpgrade>
    <!--naga sea witch training-->
    <CUpgrade id="Rnsw" parent="War3_Upgrade">
        <BonusResourcePerLevel index="Custom" value="100"/>
        <Race value="Naga"/>
        <MaxLevel value="2"/>
        <Icon value="Assets\Textures\Renee_war3_btnSirenAdept.dds"/>
        <EditorCategories value="Race:Naga,UpgradeType:Caster"/>
        <EffectArrayTemplate Reference="Unit,^ParamId^,EnergyMax" Value="100"/>
        <EffectArrayTemplate Reference="Unit,^ParamId^,EnergyStart" Value="100"/>
        <EffectArrayTemplate Reference="Unit,^ParamId^,EnergyRegenRate" Value="0.32"/>
        <EffectArrayTemplate Reference="Unit,^ParamId^,LifeMax" Value="40"/>
        <EffectArrayTemplate Reference="Unit,^ParamId^,LifeStart" Value="40"/>
    </CUpgrade>
    <!--naga abolish magic-->
    <CUpgrade id="Rnsi" parent="War3_Upgrade">
        <Race value="Naga"/>
        <Icon value="Assets\Textures\Renee_war3_btnDryadDispelMagic.dds"/>
        <EditorCategories value="Race:Naga,UpgradeType:Talent"/>
    </CUpgrade>
    <!--naga attack-->
    <CUpgrade id="Rnat" parent="War3_Upgrade">
        <BonusResourcePerLevel index="Terrazine" value="75"/>
        <BonusResourcePerLevel index="Custom" value="150"/>
        <Race value="Naga"/>
        <MaxLevel value="3"/>
        <Icon value="Assets\Textures\Renee_war3_btnNagaWeaponUp1.dds"/>
        <EditorCategories value="Race:Naga,UpgradeType:Melee"/>
        <EffectArrayTemplate Reference="Weapon,^ParamId^@1,Level" Value="1"/>
        <EffectArrayTemplate Reference="Effect,^ParamId^@1,Amount" Value="1"/>
        <EffectArrayTemplate Reference="Effect,^ParamId^@1,Random" Value="{DataCollection,^ParamId^,UpgradeInfoWeapon[0].DamagePerDice-1}"/>
        <EffectArrayTemplate Reference="Weapon,^ParamId^@2,Level" Value="1"/>
        <EffectArrayTemplate Reference="Effect,^ParamId^@2,Amount" Value="1"/>
        <EffectArrayTemplate Reference="Effect,^ParamId^@2,Random" Value="{DataCollection,^ParamId^,UpgradeInfoWeapon[1].DamagePerDice-1}"/>
    </CUpgrade>
    <!--naga armor-->
    <CUpgrade id="Rnam" parent="War3_Upgrade">
        <BonusResourcePerLevel index="Terrazine" value="100"/>
        <BonusResourcePerLevel index="Custom" value="150"/>
        <Race value="Naga"/>
        <MaxLevel value="3"/>
        <Icon value="Assets\Textures\Renee_war3_btnNagaArmorUp1.dds"/>
        <EditorCategories value="Race:Naga,UpgradeType:Armor"/>
        <EffectArrayTemplate Reference="Unit,^ParamId^,LifeArmorLevel" Value="1"/>
        <EffectArrayTemplate Reference="Unit,^ParamId^,LifeArmor" Value="{DataCollection,^ParamId^,UpgradeInfoUnitLifeArmorPerLevel}"/>
    </CUpgrade>
    <!--naga submerge-->
    <CUpgrade id="Rnsb" parent="War3_Upgrade">
        <Race value="Naga"/>
        <Icon value="Assets\Textures\Renee_war3_btnNagaBurrow.dds"/>
        <EditorCategories value="Race:Naga,UpgradeType:Talent"/>
    </CUpgrade>
</Catalog>
