<?xml version="1.0" encoding="utf-8"?>
<Catalog>
    <CValidatorUnitCompareAbilStage default="1">
        <ResultNoUnit value="CantTargetThatUnit"/>
        <AbilityStage value="Channel"/>
    </CValidatorUnitCompareAbilStage>
    <CValidatorPlayerRequirement default="1" id="ReqVali">
        <WhichPlayer Value="Target"/>
        <Find value="1"/>
        <Value value="##id##"/>
        <WhichUnit Value="Target"/>
    </CValidatorPlayerRequirement>
    <CValidatorUnitCompareAbilLevel default="1">
        <WhichUnit Value="Caster"/>
    </CValidatorUnitCompareAbilLevel>
    <CValidatorUnitCompareAbilSkillPoint id="HeroHasUnspentSkillPoint">
        <AbilLink value="War3_LearnHero"/>
    </CValidatorUnitCompareAbilSkillPoint>
    <CValidatorUnitInventoryIsFull id="InventoryIsNotFull">
        <ResultFailed value="CantHoldAnyMoreItems,Errors/Inventoryfull"/>
        <Find value="0"/>
        <ResultNoInventory value="MustTargetInventory,Errors/Inventoryinteract"/>
    </CValidatorUnitInventoryIsFull>
    <CValidatorUnitFilters id="NearbyPatronDummyValidator">
        <ResultFailed value="Error,Errors/Neednearbypatron"/>
    </CValidatorUnitFilters>
    <CValidatorUnitFilters id="NearbyHeroDummyValidator">
        <ResultFailed value="Error,Errors/Neednearbyhero"/>
    </CValidatorUnitFilters>
    <CValidatorUnitBehaviorStackAlias id="NoBuffCycloneTwo">
        <ResultFailed value="CantTargetThatUnit,Errors/Immunetomagic"/>
        <Find value="0"/>
        <StackAlias value="Bcy2"/>
    </CValidatorUnitBehaviorStackAlias>
    <CValidatorUnitBehaviorStackAlias id="NoBuffTornadoSpin">
        <ResultFailed value="CantTargetThatUnit,Errors/Immunetomagic"/>
        <Find value="0"/>
        <StackAlias value="Btsp"/>
    </CValidatorUnitBehaviorStackAlias>
    <CValidatorUnitBehaviorStackAlias id="NoBuffImpaleAny">
        <ResultFailed value="CantTargetThatUnit,Errors/Immunetomagic"/>
        <Find value="0"/>
        <StackAlias value="BUim"/>
    </CValidatorUnitBehaviorStackAlias>
    <CValidatorCombine id="NoTargetExcludeBuffAny">
        <ResultFailed value="CantTargetThatUnit,Errors/Immunetomagic"/>
        <Type value="And"/>
        <CombineArray value="NoBuffCycloneAny"/>
        <CombineArray value="NoBuffCycloneTwo"/>
        <CombineArray value="NoBuffTornadoSpin"/>
        <CombineArray value="NoBuffImpaleAny"/>
        <CombineArray value="TargetHasNoLocustBuff"/>
    </CValidatorCombine>
    <CValidatorUnitFilters id="SourceIsNotHallucination">
        <WhichUnit Value="Source"/>
        <Filters value="-;Hallucination"/>
    </CValidatorUnitFilters>
    <CValidatorLocationPathable id="OnDeepWater">
        <ResultFailed value="Error,Errors/Cantsubmergethere"/>
        <Types index="Ground" value="0"/>
        <Types index="Building" value="0"/>
        <Types index="WaterShallow" value="0"/>
        <Types index="WaterDeep" value="1"/>
    </CValidatorLocationPathable>
    <CValidatorCombine id="TargetHasNoDecloakActions">
        <CombineArray value="UnitIsChanneling"/>
        <CombineArray value="TargetIsFiringWeapon"/>
        <Negate value="1"/>
        <Type value="And"/>
    </CValidatorCombine>
    <CValidatorUnitCompareBehaviorCount id="TargetHasNoLocustBuff">
        <Behavior value="Aloc"/>
    </CValidatorUnitCompareBehaviorCount>
    <CValidatorUnitInventoryIsFull id="UnitHasFunctionalInventory">
        <ResultFailed value="OKPlaceholder"/>
        <ResultNoInventory value="MustTargetInventory,Errors/Inventoryinteract"/>
        <RequireEnabled value="1"/>
    </CValidatorUnitInventoryIsFull>
    <CValidatorUnitBehaviorStackAlias id="NoLiquidFireAny">
        <Find value="0"/>
        <StackAlias value="Bliq"/>
    </CValidatorUnitBehaviorStackAlias>
    <CValidatorUnitBehaviorStackAlias id="NoFreezingBreathAny">
        <Find value="0"/>
        <StackAlias value="Bfrz"/>
    </CValidatorUnitBehaviorStackAlias>
    <CValidatorUnitBehaviorStackAlias id="NoBuffCycloneAny">
        <ResultFailed value="CantTargetThatUnit,Errors/Immunetomagic"/>
        <Find value="0"/>
        <StackAlias value="Bcyc"/>
    </CValidatorUnitBehaviorStackAlias>
    <CValidatorUnitOrderTargetType id="TargetAttackTargetIsAUnitWar3">
        <ResultFailed value="MustTargetUnit"/>
        <WhichUnit Value="Target"/>
        <AbilLink value="Aatk"/>
    </CValidatorUnitOrderTargetType>
    <CValidatorCombine id="TargetIsAttackingAUnitWar3">
        <Type value="And"/>
        <CombineArray value="TargetAttackTargetIsAUnitWar3"/>
        <CombineArray value="TargetIsAttackingWar3"/>
    </CValidatorCombine>
    <CValidatorUnitState id="TargetIsNotMorphing">
        <State value="Morphing"/>
    </CValidatorUnitState>
    <CValidatorUnitCompareBehaviorCount id="TargetIsNotPolymorphedWar3">
        <Categories index="User4" value="1"/>
    </CValidatorUnitCompareBehaviorCount>
    <CValidatorUnitCompareField id="UnitIsRaceCreep">
        <Field value="Race"/>
        <Value value="Creeps"/>
    </CValidatorUnitCompareField>
    <CValidatorUnitCompareField id="UnitLevelGT5">
        <Compare value="GT"/>
        <Field value="Level"/>
        <Value value="5"/>
    </CValidatorUnitCompareField>
    <CValidatorLocationPathable id="TargetPointIsNotWalkable">
        <ResultFailed value="MustTargetWalkableLocation"/>
        <Find value="0"/>
        <Types index="Building" value="0"/>
    </CValidatorLocationPathable>
    <CValidatorUnitCompareVital id="War3_TargetHasMana">
        <Compare value="GT"/>
        <Value value="1"/>
        <Vital value="Energy"/>
    </CValidatorUnitCompareVital>
    <CValidatorUnitFlying id="CasterIsNotFlying">
        <WhichUnit Value="Caster"/>
        <Find value="0"/>
    </CValidatorUnitFlying>
    <CValidatorCombine id="CasterNotCloakedOrTargetIsSelf">
        <CombineArray value="CasterNotCloaked"/>
        <CombineArray value="TargetIsSelf"/>
    </CValidatorCombine>
    <CValidatorUnitCompareVital id="NotFullLife">
        <ResultFailed value="TooMuchLife"/>
        <Compare value="LT"/>
        <Type value="Fraction"/>
        <Value value="1"/>
    </CValidatorUnitCompareVital>
    <CValidatorUnitFilters id="NotHallucinationTarget">
        <Filters value="-;Hallucination"/>
    </CValidatorUnitFilters>
    <CValidatorCombine id="TargetNotInWeaponRange">
        <CombineArray value="TargetInWeaponRange"/>
        <Negate value="1"/>
    </CValidatorCombine>
    <CValidatorUnitFilters id="TargetIsNotSelf">
        <Filters value="-;Self"/>
    </CValidatorUnitFilters>
    <CValidatorPlayerCompareRace id="IsPlayerHuman">
        <Value value="Human"/>
    </CValidatorPlayerCompareRace>
    <CValidatorPlayerCompareRace id="IsPlayerOrc">
        <Value value="Orc"/>
    </CValidatorPlayerCompareRace>
    <CValidatorPlayerCompareRace id="IsPlayerNightElf">
        <Value value="NightElf"/>
    </CValidatorPlayerCompareRace>
    <CValidatorPlayerCompareRace id="IsPlayerUndead">
        <Value value="Undead"/>
    </CValidatorPlayerCompareRace>
    <CValidatorUnitCompareField id="IsRaceUndead">
        <Field value="Race"/>
        <Value value="Undead"/>
    </CValidatorUnitCompareField>
    <CValidatorUnitCompareField id="IsRaceOrc">
        <Field value="Race"/>
        <Value value="Orc"/>
    </CValidatorUnitCompareField>
    <CValidatorUnitCompareField id="IsRaceNightElf">
        <Field value="Race"/>
        <Value value="NightElf"/>
    </CValidatorUnitCompareField>
    <CValidatorUnitFilters id="IsItem">
        <Filters value="Item;-"/>
    </CValidatorUnitFilters>
    <CValidatorUnitFilters id="IsMechanical">
        <Filters value="Mechanical;-"/>
    </CValidatorUnitFilters>
    <CValidatorUnitBehaviorStackAlias id="NoUnsummonAny">
        <Find value="0"/>
        <StackAlias value="Buns"/>
    </CValidatorUnitBehaviorStackAlias>
    <CValidatorCombine id="RaceUndeadOrNightElf">
        <CombineArray value="IsRaceUndead"/>
        <CombineArray value="IsRaceNightElf"/>
    </CValidatorCombine>
    <CValidatorCombine id="RaceUndeadOrNightElfOrOrc">
        <CombineArray value="IsRaceUndead"/>
        <CombineArray value="IsRaceNightElf"/>
        <CombineArray value="IsRaceOrc"/>
    </CValidatorCombine>
    <CValidatorPlayerRequirement id="UNIT_TYPE_PLAGUED" parent="ReqVali"/>
    <CValidatorPlayerRequirement id="UNIT_TYPE_SNARED" parent="ReqVali"/>
    <CValidatorPlayerRequirement id="UNIT_TYPE_POISONED" parent="ReqVali"/>
    <CValidatorPlayerRequirement id="UNIT_TYPE_POLYMORPHED" parent="ReqVali"/>
    <CValidatorUnitCompareBehaviorCount id="CasterHasAmgl">
        <WhichUnit Value="Caster"/>
        <Compare value="GT"/>
        <Behavior value="Amgl"/>
    </CValidatorUnitCompareBehaviorCount>
    <CValidatorUnitFilters id="CasterNotCloaked">
        <WhichUnit Value="Caster"/>
        <Filters value="-;Cloaked"/>
    </CValidatorUnitFilters>
    <CValidatorUnitFilters id="Ethereal">
        <Filters value="Stasis;-"/>
    </CValidatorUnitFilters>
    <CValidatorUnitBehaviorState id="NotInvulnerabilitySuppressed">
        <BehaviorState value="SuppressInvulnerability"/>
    </CValidatorUnitBehaviorState>
    <CValidatorUnitCompareVeterancyLevel id="LevelableHero">
        <Compare value="GT"/>
        <Value value="1"/>
    </CValidatorUnitCompareVeterancyLevel>
    <CValidatorUnitFilters id="PlayerUnitAndNonMissile">
        <Filters value="-;Ally,Neutral,Enemy,Missile"/>
    </CValidatorUnitFilters>
    <CValidatorUnitFilters id="SpellStealFinalTarget">
        <Filters value="-;Structure,RawResource,HarvestableResource,Missile,Destructible,Item,PreventReveal,Dead,Invulnerable,Unstoppable"/>
    </CValidatorUnitFilters>
    <CValidatorUnitFilters id="TargetIsAllyOrPlayer">
        <Filters value="-;Neutral,Enemy"/>
    </CValidatorUnitFilters>
    <CValidatorGameCompareTimeOfDay id="Before060000">
        <Compare value="LE"/>
        <Value value="06:00:00"/>
    </CValidatorGameCompareTimeOfDay>
    <CValidatorGameCompareTimeOfDay id="After060000">
        <Compare value="GE"/>
        <Value value="06:00:00"/>
    </CValidatorGameCompareTimeOfDay>
    <CValidatorGameCompareTimeOfDay id="Before180000">
        <Compare value="LE"/>
        <Value value="18:00:00"/>
    </CValidatorGameCompareTimeOfDay>
    <CValidatorGameCompareTimeOfDay id="After180000">
        <Compare value="GE"/>
        <Value value="18:00:00"/>
    </CValidatorGameCompareTimeOfDay>
    <CValidatorUnitOrderQueue id="CasterHaveNoQueuingOrder">
        <Find value="0"/>
        <Queued value="1"/>
    </CValidatorUnitOrderQueue>
    <CValidatorCombine id="HasPurgableAny">
        <CombineArray value="HasPurgableBuff"/>
        <CombineArray value="HasPurgableDebuff"/>
    </CValidatorCombine>
    <CValidatorPlayerRequirement id="HasPurgableDebuff">
        <WhichPlayer Value="Target"/>
        <Find value="1"/>
        <Value value="HasPurgableDebuff"/>
        <WhichUnit Value="Target"/>
    </CValidatorPlayerRequirement>
    <CValidatorUnitBehaviorStackAlias id="NoBuffSlowBsloAlias">
        <StackAlias value="Bslo"/>
        <Find value="0"/>
    </CValidatorUnitBehaviorStackAlias>
    <CValidatorUnitCompareBehaviorCount id="NotHaveGhost">
        <Behavior value="Agho"/>
    </CValidatorUnitCompareBehaviorCount>
    <CValidatorUnitCompareVital id="PhonixNearDeath">
        <Compare value="LE"/>
        <Value value="1"/>
    </CValidatorUnitCompareVital>
    <CValidatorUnitMover id="TargetIsFlyerWar3">
        <Value value="Fly"/>
        <Find value="1"/>
    </CValidatorUnitMover>
    <CValidatorUnitMover id="CasterIsNotFlyerWar3">
        <Value value="Fly"/>
        <WhichUnit Value="Caster"/>
    </CValidatorUnitMover>
    <CValidatorUnitOrderQueue id="TargetIsStoping">
        <WhichUnit Value="Target"/>
        <AbilLink value="stop"/>
    </CValidatorUnitOrderQueue>
    <CValidatorUnitOrderQueue id="TargetIsHoldingFire">
        <WhichUnit Value="Target"/>
        <AbilLink value="stop"/>
        <AbilCmdIndex value="1"/>
    </CValidatorUnitOrderQueue>
    <CValidatorUnitOrderQueue id="TargetIsHoldingPositionWar3">
        <WhichUnit Value="Target"/>
        <AbilLink value="Amov"/>
        <AbilCmdIndex value="2"/>
    </CValidatorUnitOrderQueue>
    <CValidatorUnitOrderQueue id="TargetIsCheering">
        <WhichUnit Value="Target"/>
        <AbilLink value="stop"/>
        <AbilCmdIndex value="3"/>
    </CValidatorUnitOrderQueue>
    <CValidatorUnitOrderQueue id="TargetIsDancing">
        <WhichUnit Value="Target"/>
        <AbilLink value="stop"/>
        <AbilCmdIndex value="4"/>
    </CValidatorUnitOrderQueue>
    <CValidatorUnitOrderQueue id="TargetIsAttackingWar3">
        <WhichUnit Value="Target"/>
        <AbilLink value="Aatk"/>
    </CValidatorUnitOrderQueue>
    <CValidatorUnitOrderQueue id="CasterIsAttackingWar3">
        <AbilLink value="Aatk"/>
    </CValidatorUnitOrderQueue>
    <!--CValidatorUnitOrderQueue id="CasterIsAttackingWar3B">-->
    <!--        <AbilLink value="Aatk@Tree"/>-->
    <!--    </CValidatorUnitOrderQueue-->
    <CValidatorUnitOrderQueue id="TargetIsMovingWar3">
        <WhichUnit Value="Target"/>
        <AbilLink value="Amov"/>
    </CValidatorUnitOrderQueue>
    <CValidatorUnitOrderQueue id="TargetIsPatrolingWar3">
        <WhichUnit Value="Target"/>
        <AbilLink value="Amov"/>
        <AbilCmdIndex value="1"/>
    </CValidatorUnitOrderQueue>
    <CValidatorUnitOrderQueue id="TargetIsHoldPosingWar3">
        <WhichUnit Value="Target"/>
        <AbilLink value="Amov"/>
        <AbilCmdIndex value="2"/>
    </CValidatorUnitOrderQueue>
    <CValidatorUnitOrderQueue id="TargetIsAcquireMovingWar3">
        <WhichUnit Value="Target"/>
        <AbilLink value="Amov"/>
        <AbilCmdIndex value="3"/>
    </CValidatorUnitOrderQueue>
    <CValidatorUnitOrderQueue id="TargetIsTurningWar3">
        <WhichUnit Value="Target"/>
        <AbilLink value="Amov"/>
        <AbilCmdIndex value="4"/>
    </CValidatorUnitOrderQueue>
    <CValidatorGameCompareTimeEvent id="Day"/>
    <CValidatorUnitFilters id="Hero">
        <Filters value="Resistant;-"/>
    </CValidatorUnitFilters>
    <CValidatorCombine id="NonPowerfulMob">
        <ResultFailed value="Error,Errors/Creeptoopowerful"/>
        <CombineArray value="PowerfulMob"/>
        <Negate value="1"/>
    </CValidatorCombine>
    <CValidatorCombine id="PowerfulMob">
        <Type value="And"/>
        <CombineArray value="UnitIsRaceCreep"/>
        <CombineArray value="UnitLevelGT5"/>
    </CValidatorCombine>
    <CValidatorCombine id="HeroOrPowerfulMob">
        <CombineArray value="Hero"/>
        <CombineArray value="PowerfulMob"/>
    </CValidatorCombine>
    <CValidatorPlayerCompareType id="HostilePlayer">
        <WhichPlayer Value="Target"/>
        <Value value="Hostile"/>
    </CValidatorPlayerCompareType>
    <CValidatorGameCompareTimeEvent id="Night">
        <TimeEvent value="Dusk"/>
    </CValidatorGameCompareTimeEvent>
    <CValidatorUnitFilters id="NonHero">
        <Filters value="-;Resistant"/>
    </CValidatorUnitFilters>
    <CValidatorUnitFilters id="IsSapper">
        <Filters value="Light;-"/>
    </CValidatorUnitFilters>
    <CValidatorUnitFilters id="NonSapper">
        <Filters value="-;Light"/>
        <ResultFailed value="Error,Errors/Notsapper"/>
    </CValidatorUnitFilters>
    <CValidatorUnitCompareBehaviorCount id="IsUndead">
        <Compare value="GT"/>
        <Behavior value="undead"/>
    </CValidatorUnitCompareBehaviorCount>
    <CValidatorUnitCompareBehaviorCount id="NonUndead">
        <Behavior value="undead"/>
        <ResultFailed value="Error,Errors/Notundead"/>
    </CValidatorUnitCompareBehaviorCount>
    <CValidatorUnitCompareBehaviorCount id="IsTauren">
        <Compare value="GT"/>
        <Behavior value="tauren"/>
    </CValidatorUnitCompareBehaviorCount>
    <CValidatorUnitCompareBehaviorCount id="NonTauren">
        <Behavior value="tauren"/>
    </CValidatorUnitCompareBehaviorCount>
    <CValidatorUnitCompareVeterancyLevel id="NotLv0">
        <Compare value="GT"/>
        <Value value="2"/>
    </CValidatorUnitCompareVeterancyLevel>
    <CValidatorUnitCompareSpeed id="NotMoving"/>
    <CValidatorCombine id="TargetisnotCastingorAttacking">
        <CombineArray value="TargetHasNoOrders"/>
        <CombineArray value="TargetIsAcquireMovingWar3"/>
        <CombineArray value="TargetIsCheering"/>
        <CombineArray value="TargetIsDancing"/>
        <CombineArray value="TargetIsHoldingFire"/>
        <CombineArray value="TargetIsHoldPosingWar3"/>
        <CombineArray value="TargetIsMovingWar3"/>
        <CombineArray value="TargetIsPatrolingWar3"/>
        <CombineArray value="TargetIsStoping"/>
        <CombineArray value="TargetIsTurningWar3"/>
    </CValidatorCombine>
    <CValidatorPlayerCompareFoodUsed id="UPKEEP_LOW">
        <Compare value="GT"/>
        <Value value="50"/>
    </CValidatorPlayerCompareFoodUsed>
    <CValidatorPlayerCompareFoodUsed id="UPKEEP_HIGH">
        <Compare value="GT"/>
        <Value value="80"/>
    </CValidatorPlayerCompareFoodUsed>
    <CValidatorUnitCompareAbilStage id="UnitIsChanneling"/>
    <CValidatorCombine id="War3BurnDownNormal1">
        <CombineArray value="LifeGEThreeQuarter"/>
        <CombineArray value="BurnDownUnderConstruction"/>
        <CombineArray value="IsDead"/>
    </CValidatorCombine>
    <CValidatorCombine id="War3BurnDown1">
        <Type value="And"/>
        <CombineArray value="LifeLTThreeQuarter"/>
        <CombineArray value="BurnDownValid"/>
    </CValidatorCombine>
    <CValidatorCombine id="War3BurnDownNormal2">
        <CombineArray value="LifeGEHalf"/>
        <CombineArray value="BurnDownUnderConstruction"/>
        <CombineArray value="IsDead"/>
    </CValidatorCombine>
    <CValidatorCombine id="War3BurnDown2">
        <Type value="And"/>
        <CombineArray value="LifeLTHalf"/>
        <CombineArray value="BurnDownValid"/>
    </CValidatorCombine>
    <CValidatorCombine id="War3BurnDownNormal3">
        <CombineArray value="LifeGEOneQuarter"/>
        <CombineArray value="BurnDownUnderConstruction"/>
        <CombineArray value="IsDead"/>
    </CValidatorCombine>
    <CValidatorCombine id="War3BurnDown3">
        <Type value="And"/>
        <CombineArray value="LifeLTOneQuarter"/>
        <CombineArray value="BurnDownValid"/>
    </CValidatorCombine>
    <!--Aura Stack End-->
    <CValidatorUnitCompareCooldown id="CasterWeaponInCooldownWar3">
        <WhichUnit Value="Caster"/>
        <Compare value="GE"/>
        <CooldownLink value="War3_Weapon"/>
        <Location value="Unit"/>
        <Ability value="Aatk"/>
        <Value value="0.0625"/>
    </CValidatorUnitCompareCooldown>
    <CValidatorUnitCompareCooldown id="CasterWeaponNotInCooldownWar3">
        <WhichUnit Value="Caster"/>
        <Compare value="LT"/>
        <CooldownLink value="War3_Weapon"/>
        <Location value="Unit"/>
        <Ability value="Aatk"/>
        <Value value="0.0625"/>
    </CValidatorUnitCompareCooldown>
    <CValidatorUnitInWeaponRange id="TargetInWeaponRange"/>
    <CValidatorLocationCompareRange id="War3_LineLMDistanceCheck">
        <Compare value="GT"/>
        <Value Value="SourceUnit"/>
    </CValidatorLocationCompareRange>
</Catalog>
