<?xml version="1.0" encoding="utf-8"?>
<Catalog>
    <CWater id="LordaeronSummer">
        <State index="0">
            <Name value="[Default]"/>
            <Height value="9.000000"/>
            <Color value="0.000000,0.235294,0.239216,0.337000"/>
            <ColorFallOff value="0.058000"/>
            <Specularity value="73.599998"/>
            <SpecularScaler value="0.050000"/>
            <UvRate value="-0.000031,-0.001000,0.000000,0.000000"/>
            <TextureRoughness value="0.536000"/>
            <ReflectionDistortion value="0.184000"/>
            <RefractionDistortion value="0.020000"/>
            <MinReflection value="0.193000"/>
            <ReflectivityPower value="8.000000"/>
        </State>
        <ReceiveShadows value="1"/>
        <BeachShoreline value="BelShirBeachShoreline"/>
        <CliffShoreline value="BelShirCliffShoreline"/>
    </CWater>
</Catalog>
