<?xml version="1.0" encoding="utf-8"?>
<Preload>
<Asset path="assets\textures\racebanner_zerg_alternative_1v1.dds" Type="Image"/>
<Asset path="assets\textures\racebanner_random_alternative_1v1.dds" Type="Image"/>
<Asset path="assets\textures\ltarcmac_emissive.dds" Type="Image"/>
<Asset path="assets\textures\marineportrait_static.dds" Type="Image"/>
<Asset path="assets\textures\carrionbirdportrait_static.dds" Type="Image"/>
<Asset path="assets\textures\icon-mineral.dds" Type="Image"/>
<Asset path="assets\textures\btn-border-protoss-research.dds" Type="Image"/>
<Asset path="assets\textures\btn-border-research.dds" Type="Image"/>
<Asset path="assets\textures\ltarcmac_emissive.lvl0" Type="Image"/>
<Asset path="assets\textures\video_ac_abathur_low.ogv" Type="Movie"/>
<Asset path="assets\sounds\terran\sharedeffects\explosions\terran_explosionsmall5.wav" Type="Sound"/>
<Asset path="assets\sounds\uni\ui\battlenet_ui\ui_bnetdropdownopen_3.wav" Type="Sound"/>
<Asset path="assets\textures\malecivilian1portrait_static.dds" Type="Image"/>
<Asset path="ui\layout\descindex.sc2layout" Type="Layout"/>
<Asset path="assets\textures\btn-command-terran-buildstructure.dds" Type="Image"/>
<Asset path="assets\textures\btn-ability-terran-chronoriftdevice.dds" Type="Image"/>
<Asset path="assets\textures\buildingplane_gray1.lvl0" Type="Image"/>
<Asset path="assets\textures\buildingplane_red1.dds" Type="Image"/>
<Asset path="assets\textures\btn-border-protoss-queue-trainingslot02.dds" Type="Image"/>
<Asset path="assets\textures\malecivilian11portrait_static.dds" Type="Image"/>
<Asset path="assets\sounds\abathur_pulse_05.wav" Type="Sound"/>
<Asset path="assets\textures\video_ac_artanis_low.ogv" Type="Movie"/>
<Asset path="assets\sounds\zerg\sharedeffects\explosions\zerg_explosionlarge3.wav" Type="Sound"/>
<Asset path="assets\sounds\protoss\sharedeffects\explosions\protoss_explosionsmall8.wav" Type="Sound"/>
<Asset path="assets\sounds\uni\ui\ui_mercenarybriefcase_hiremerc_2.wav" Type="Sound"/>
<Asset path="assets\textures\video_ac_nova_low.ogv" Type="Movie"/>
<Asset path="assets\textures\btn-command-stop.dds" Type="Image"/>
<Asset path="assets\portraits\terran\smx1_hanportrait\smx1_hanportrait.m3" Type="Model"/>
<Asset path="assets\sounds\terran\sharedeffects\fires\terran_firemedium1.wav" Type="Sound"/>
<Asset path="assets\textures\icon-gas.dds" Type="Image"/>
<Asset path="assets\textures\btn-border-protoss-queue-trainingslot03.dds" Type="Image"/>
<Asset path="assets\textures\btn-border-queue-trainingslot04.dds" Type="Image"/>
<Asset path="assets\textures\blank.dds" Type="Image"/>
<Asset path="assets\textures\video_gamemodes_veteran_low.ogv" Type="Movie"/>
<Asset path="assets\storymodecharacters\terran\smx3_nova_portraitanims\smx3_nova_portraitanims.m3a" Type="Animation"/>
<Asset path="assets\textures\nukeicon7agreen.lvl0" Type="Image"/>
<Asset path="assets\textures\video_ac_raynor_low.ogv" Type="Movie"/>
<Asset path="assets\sounds\zerg\sharedeffects\explosions\zerg_explosionsmall1.wav" Type="Sound"/>
<Asset path="assets\sounds\protoss\sharedeffects\explosions\protoss_explosionlarge7.wav" Type="Sound"/>
<Asset path="assets\textures\white32.dds" Type="Image"/>
<Asset path="assets\sounds\zerg\sharedeffects\explosions\zerg_explosionmedium4.wav" Type="Sound"/>
<Asset path="assets\sounds\terran\sharedeffects\explosions\terran_explosionsmall7.wav" Type="Sound"/>
<Asset path="assets\sounds\terran\sharedeffects\explosions\terran_explosionsmall6.wav" Type="Sound"/>
<Asset path="assets\textures\btn-minimap-toggleterrain.dds" Type="Image"/>
<Asset path="assets\textures\btn-border-protoss-queue-trainingslot04.dds" Type="Image"/>
<Asset path="assets\textures\btn-border-queue-trainingslot06.dds" Type="Image"/>
<Asset path="assets\ui\feedback\aoepretargetairunitprotosssplat\aoepretargetairunitprotosssplat.m3" Type="Model"/>
<Asset path="assets\textures\racebanner_terran_default_1v1.dds" Type="Image"/>
<Asset path="assets\textures\adjutantportrait_static.dds" Type="Image"/>
<Asset path="assets\sounds\zerg\sporecrawler\sporecrawler_attacklaunch0.wav" Type="Sound"/>
<Asset path="assets\sounds\zerg\sharedeffects\explosions\zerg_explosionsmall6.wav" Type="Sound"/>
<Asset path="assets\sounds\protoss\sharedeffects\explosions\protoss_explosionsmall4.wav" Type="Sound"/>
<Asset path="assets\sounds\zerg\sharedeffects\explosions\zerg_explosionmedium5.wav" Type="Sound"/>
<Asset path="assets\textures\racebanner_zerg_warchest3_1v1.dds" Type="Image"/>
<Asset path="assets\textures\soa_aoestretchline_end.lvl0" Type="Image"/>
<Asset path="assets\sounds\zerg\spinecrawler\spinecrawler_attackimpact2.wav" Type="Sound"/>
<Asset path="assets\sounds\terran\sharedeffects\explosions\terran_explosionmedium5.wav" Type="Sound"/>
<Asset path="assets\textures\stimsplat_tc.dds" Type="Image"/>
<Asset path="localizeddata\sounds\zergunitvo\infestedterran\infestedterran_attack01.ogg" Type="Sound"/>
<Asset path="assets\textures\femalecivilian2portrait_static.dds" Type="Image"/>
<Asset path="assets\sounds\protoss\sharedeffects\explosions\protoss_explosionsmall1.wav" Type="Sound"/>
<Asset path="assets\sounds\terran\sharedeffects\explosions\terran_explosionsmall8.wav" Type="Sound"/>
<Asset path="assets\textures\icon-health-zerg.dds" Type="Image"/>
<Asset path="assets\textures\progress-queue.dds" Type="Image"/>
<Asset path="assets\textures\btn-border-queue-trainingslot07.dds" Type="Image"/>
<Asset path="assets\sounds\zerg\sporecrawler\sporecrawler_attacklaunch4.wav" Type="Sound"/>
<Asset path="assets\sounds\protoss\sharedeffects\explosions\protoss_explosionsmall7.wav" Type="Sound"/>
<Asset path="assets\sounds\zerg\sharedeffects\explosions\zerg_explosiontiny0.wav" Type="Sound"/>
<Asset path="assets\textures\buildingplane_green1.lvl0" Type="Image"/>
<Asset path="assets\textures\btn-border-protoss-queue-trainingslot05.dds" Type="Image"/>
<Asset path="assets\sounds\zerg\sharedeffects\explosions\zerg_explosionsmall3.wav" Type="Sound"/>
<Asset path="assets\sounds\terran\sharedeffects\explosions\terran_explosionsmall9.wav" Type="Sound"/>
<Asset path="assets\textures\btn-unit-zerg-roach.dds" Type="Image"/>
<Asset path="localizeddata\sounds\zergunitvo\infestedterran\infestedterran_what01.ogg" Type="Sound"/>
<Asset path="assets\textures\ui_research_frame_tooltip_protoss.dds" Type="Image"/>
<Asset path="assets\sounds\zerg\sharedeffects\explosions\zerg_explosionlarge0.wav" Type="Sound"/>
<Asset path="assets\textures\btn-border-protoss-queue-trainingslot07.dds" Type="Image"/>
<Asset path="assets\textures\icon-supply-terran_nobg.dds" Type="Image"/>
<Asset path="assets\sounds\zerg\sharedeffects\explosions\zerg_explosionmedium0.wav" Type="Sound"/>
<Asset path="assets\sounds\terran\sharedeffects\explosions\terran_explosionlarge1.wav" Type="Sound"/>
<Asset path="assets\textures\btn-command-protoss-buildstructure.dds" Type="Image"/>
<Asset path="assets\textures\shockwave_blur1_red1.lvl0" Type="Image"/>
<Asset path="assets\sounds\zerg\spinecrawler\spinecrawler_attacklaunch4.wav" Type="Sound"/>
<Asset path="assets\textures\ui_btn_aicommand_commandcard_scout.dds" Type="Image"/>
<Asset path="assets\textures\ui_btn_aicommand_commandcard_autoai.dds" Type="Image"/>
<Asset path="assets\ui\feedback\confirmation_ground\confirmation_ground.m3" Type="Model"/>
<Asset path="assets\textures\malecivilian5portrait_static.dds" Type="Image"/>
<Asset path="assets\sounds\terran\sharedeffects\explosions\terran_explosionmedium4.wav" Type="Sound"/>
<Asset path="assets\sounds\protoss\sharedeffects\explosions\protoss_explosionsmall5.wav" Type="Sound"/>
<Asset path="assets\textures\icon-mineral-protoss.dds" Type="Image"/>
<Asset path="assets\textures\btn-border-transportslot-empty.dds" Type="Image"/>
<Asset path="assets\textures\racebanner_protoss_alternative_1v1.dds" Type="Image"/>
<Asset path="assets\textures\streaks2blur.dds" Type="Image"/>
<Asset path="assets\textures\video_ac_karax_low.ogv" Type="Movie"/>
<Asset path="assets\textures\btn-unit-zerg-zergling.dds" Type="Image"/>
<Asset path="assets\textures\btn-unit-protoss-mothership.dds" Type="Image"/>
<Asset path="assets\textures\btn-border-protoss-queue-trainingslot06-disabled.dds" Type="Image"/>
<Asset path="assets\textures\btn-border-protoss-transportslot-empty.dds" Type="Image"/>
<Asset path="assets\textures\btn-border-protoss-autocast.dds" Type="Image"/>
<Asset path="assets\textures\racebanner_terran_alternative_1v1.dds" Type="Image"/>
<Asset path="assets\textures\video_gamemodes_versus_low.ogv" Type="Movie"/>
<Asset path="assets\sounds\terran\sharedeffects\fires\terran_firemedium2.wav" Type="Sound"/>
<Asset path="assets\textures\icon-shields.dds" Type="Image"/>
<Asset path="assets\textures\femalecivilian1portrait_static.dds" Type="Image"/>
<Asset path="assets\textures\buildingplane_green1.dds" Type="Image"/>
<Asset path="assets\textures\nukeicon7agreen.dds" Type="Image"/>
<Asset path="assets\textures\malecivilian6portrait_static.dds" Type="Image"/>
<Asset path="assets\textures\white.dds" Type="Image"/>
<Asset path="assets\sounds\uni\ui\ui_mercenarybriefcase_selectmerc_4.wav" Type="Sound"/>
<Asset path="assets\textures\icon-supply.dds" Type="Image"/>
<Asset path="assets\textures\btn-border-queue-trainingslot06-disabled.dds" Type="Image"/>
<Asset path="assets\textures\generaldavis_moebiuslab_portrait_static.dds" Type="Image"/>
<Asset path="assets\sounds\zerg\sharedeffects\explosions\zerg_explosionsmall2.wav" Type="Sound"/>
<Asset path="assets\sounds\zerg\sharedeffects\explosions\zerg_explosionmedium6.wav" Type="Sound"/>
<Asset path="assets\textures\ui_btn_aicommand_commandcard_detection.dds" Type="Image"/>
<Asset path="assets\textures\video_valerianloopvertical.ogv" Type="Movie"/>
<Asset path="assets\textures\energyring1green.lvl0" Type="Image"/>
<Asset path="assets\sounds\zerg\spinecrawler\spinecrawler_attacklaunch2.wav" Type="Sound"/>
<Asset path="assets\sounds\protoss\sharedeffects\explosions\protoss_explosionsmall3.wav" Type="Sound"/>
<Asset path="assets\sounds\zerg\sharedeffects\explosions\zerg_explosionmedium1.wav" Type="Sound"/>
<Asset path="assets\textures\ui_btn_aicommand_commandcard_assault.dds" Type="Image"/>
<Asset path="assets\ui\glues\mainmenuswarmlab\mainmenuswarmlab.m3" Type="Model"/>
<Asset path="assets\textures\malecivilian2portrait_static.dds" Type="Image"/>
<Asset path="assets\textures\video_ac_vorazun_low.ogv" Type="Movie"/>
<Asset path="assets\sounds\zerg\spinecrawler\spinecrawler_attackimpact0.wav" Type="Sound"/>
<Asset path="assets\sounds\terran\sharedeffects\explosions\terran_explosionmedium3.wav" Type="Sound"/>
<Asset path="assets\sounds\protoss\sharedeffects\explosions\protoss_explosionsmall2.wav" Type="Sound"/>
<Asset path="assets\sounds\protoss\sharedeffects\explosions\protoss_explosionlarge8.wav" Type="Sound"/>
<Asset path="assets\sounds\zerg\sharedeffects\explosions\zerg_explosiontiny2.wav" Type="Sound"/>
<Asset path="assets\textures\hydraliskportrait_static.dds" Type="Image"/>
<Asset path="assets\textures\buildingplane_yellow1.lvl0" Type="Image"/>
<Asset path="assets\textures\racebanner_protoss_default_1v1.dds" Type="Image"/>
<Asset path="assets\sounds\zerg\sharedeffects\explosions\zerg_preexplosionsmall2.wav" Type="Sound"/>
<Asset path="assets\sounds\uni\ui\ui_mercenarybriefcase_selectmerc_2.wav" Type="Sound"/>
<Asset path="assets\textures\icon-supply-zerg.dds" Type="Image"/>
<Asset path="assets\textures\btn-border-queue-trainingslot03.dds" Type="Image"/>
<Asset path="assets\sounds\zerg\sharedeffects\explosions\zerg_explosionmedium2.wav" Type="Sound"/>
<Asset path="assets\textures\calvinklone2.ogv" Type="Movie"/>
<Asset path="assets\textures\btn-border-protoss-queue-trainingslot01.dds" Type="Image"/>
<Asset path="assets\textures\falloff_energy3.dds" Type="Image"/>
<Asset path="assets\sounds\uni\ui\battlenet_ui\ui_bnetselect01_2.wav" Type="Sound"/>
<Asset path="assets\textures\icon-gas-protoss.dds" Type="Image"/>
<Asset path="assets\textures\stimsplat_tc.lvl0" Type="Image"/>
<Asset path="assets\sounds\zerg\spinecrawler\spinecrawler_attackimpact1.wav" Type="Sound"/>
<Asset path="assets\sounds\terran\sharedeffects\explosions\terran_explosionlarge2.wav" Type="Sound"/>
<Asset path="assets\textures\btn-border-queue-trainingslot01.dds" Type="Image"/>
<Asset path="assets\textures\btn-border-protoss-transportslot-filled.dds" Type="Image"/>
<Asset path="assets\textures\video_ac_stukov_low.ogv" Type="Movie"/>
<Asset path="assets\sounds\protoss\sharedeffects\explosions\protoss_explosionsmall6.wav" Type="Sound"/>
<Asset path="assets\sounds\protoss\sharedeffects\explosions\protoss_explosionlarge4.wav" Type="Sound"/>
<Asset path="assets\sounds\terran\sharedeffects\explosions\terran_explosionlarge7.wav" Type="Sound"/>
<Asset path="assets\textures\ui_btn_aicommand_commandcard_harass.dds" Type="Image"/>
<Asset path="assets\textures\btn-unit-terran-banshee.dds" Type="Image"/>
<Asset path="assets\textures\icon-gas-zerg.dds" Type="Image"/>
<Asset path="assets\textures\icon-gas-protoss-nobg.dds" Type="Image"/>
<Asset path="assets\sounds\zerg\noxiousturret\noxiousturret_attackimpact3.wav" Type="Sound"/>
<Asset path="assets\sounds\terran\sharedeffects\explosions\terran_explosionmedium6.wav" Type="Sound"/>
<Asset path="assets\textures\btn-building-protoss-gateway.dds" Type="Image"/>
<Asset path="assets\textures\icon-energy-zerg.dds" Type="Image"/>
<Asset path="assets\textures\racebanner_zerg_default_1v1.dds" Type="Image"/>
<Asset path="assets\ui\cursors\waypointconfirm_void\waypointconfirm_void.m3" Type="Model"/>
<Asset path="assets\textures\energyring1green.dds" Type="Image"/>
<Asset path="assets\textures\icon-mineral-nobg.dds" Type="Image"/>
<Asset path="assets\textures\btn-techupgrade-terran-automatedselfrepair.dds" Type="Image"/>
<Asset path="assets\textures\btn-border-protoss-transportslot-filled-2slots.dds" Type="Image"/>
<Asset path="assets\portraits\terran\donnyvermillion_portrait_coop\donnyvermillion_portrait_coop.m3" Type="Model"/>
<Asset path="assets\textures\btn-building-zerg-hatchery.dds" Type="Image"/>
<Asset path="assets\textures\btn-border-transportslot-filled-4slots.dds" Type="Image"/>
<Asset path="assets\textures\video_gamemodes_campaign_low.ogv" Type="Movie"/>
<Asset path="assets\textures\plasmaflame1_red.dds" Type="Image"/>
<Asset path="assets\sounds\zerg\noxiousturret\noxiousturret_attackimpact6.wav" Type="Sound"/>
<Asset path="assets\sounds\zerg\sharedeffects\explosions\zerg_explosionsmall0.wav" Type="Sound"/>
<Asset path="assets\textures\btn-border-queue-trainingslot01-disabled.dds" Type="Image"/>
<Asset path="assets\textures\protossautocast8x4.dds" Type="Image"/>
<Asset path="assets\textures\plasmaflame1_red.lvl0" Type="Image"/>
<Asset path="assets\textures\lazerbeam1_orange1_blend.lvl0" Type="Image"/>
<Asset path="assets\sounds\zerg\spinecrawler\spinecrawler_attacklaunch0.wav" Type="Sound"/>
<Asset path="assets\sounds\zerg\sharedeffects\explosions\zerg_explosionlarge1.wav" Type="Sound"/>
<Asset path="assets\textures\btn-command-cancel.dds" Type="Image"/>
<Asset path="assets\textures\icon-energy-protoss.dds" Type="Image"/>
<Asset path="assets\textures\wireframe-shields-small01.dds" Type="Image"/>
<Asset path="assets\textures\racebanner_random_warchest3_1v1.dds" Type="Image"/>
<Asset path="assets\sounds\ghost_suitlight06.wav" Type="Sound"/>
<Asset path="assets\textures\loading-haven.dds" Type="Image"/>
<Asset path="assets\textures\ui_btn_aicommand_commandcard_expand.dds" Type="Image"/>
<Asset path="assets\textures\soa_aoestretchline_end.dds" Type="Image"/>
<Asset path="assets\textures\ui_button_generic_normalpressed_protoss.dds" Type="Image"/>
<Asset path="assets\sounds\terran\sharedeffects\explosions\terran_explosionmedium0.wav" Type="Sound"/>
<Asset path="assets\sounds\terran\sharedeffects\explosions\terran_explosionlarge9.wav" Type="Sound"/>
<Asset path="assets\textures\icon-mineral-terran.dds" Type="Image"/>
<Asset path="assets\textures\malecivilian4portrait_static.dds" Type="Image"/>
<Asset path="assets\sounds\zerg\sporecrawler\sporecrawler_attacklaunch1.wav" Type="Sound"/>
<Asset path="assets\sounds\protoss\sharedeffects\explosions\protoss_explosionlarge2.wav" Type="Sound"/>
<Asset path="assets\textures\btn-building-zerg-nydusworm.dds" Type="Image"/>
<Asset path="assets\textures\btn-unit-protoss-stalker.dds" Type="Image"/>
<Asset path="assets\textures\icon-error.dds" Type="Image"/>
<Asset path="assets\textures\icon-health-terran.dds" Type="Image"/>
<Asset path="assets\textures\buildingplane_gray1.dds" Type="Image"/>
<Asset path="assets\textures\btn-border-transportslot-filled-2slots.dds" Type="Image"/>
<Asset path="assets\ui\feedback\aoepretargetairunitprotoss\aoepretargetairunitprotoss.m3" Type="Model"/>
<Asset path="assets\textures\racebanner_terran_warchest3_1v1.dds" Type="Image"/>
<Asset path="assets\textures\malecivilian9portrait_static.dds" Type="Image"/>
<Asset path="assets\sounds\zerg\noxiousturret\noxiousturret_attackimpact2.wav" Type="Sound"/>
<Asset path="assets\sounds\terran\sharedeffects\explosions\terran_explosionmedium7.wav" Type="Sound"/>
<Asset path="assets\sounds\terran\sharedeffects\explosions\terran_explosionlarge6.wav" Type="Sound"/>
<Asset path="assets\textures\cooldown16x8.dds" Type="Image"/>
<Asset path="assets\textures\ui_frame_big_innerline_protoss.dds" Type="Image"/>
<Asset path="assets\sounds\zerg\sharedeffects\explosions\zerg_preexplosionsmall0.wav" Type="Sound"/>
<Asset path="assets\sounds\protoss\sharedeffects\explosions\protoss_explosionsmall0.wav" Type="Sound"/>
<Asset path="assets\sounds\uni\ui\battlenet_ui\ui_bnetselect01_3.wav" Type="Sound"/>
<Asset path="assets\textures\malecivilian7portrait_static.dds" Type="Image"/>
<Asset path="assets\sounds\zerg\noxiousturret\noxiousturret_attackimpact1.wav" Type="Sound"/>
<Asset path="assets\textures\btn-unit-terran-siegetank.dds" Type="Image"/>
<Asset path="assets\ui\feedback\confirmation_air\confirmation_air.m3" Type="Model"/>
<Asset path="assets\sounds\zerg\spinecrawler\spinecrawler_attackimpact3.wav" Type="Sound"/>
<Asset path="assets\textures\ui_btn_aicommand_commandcard_idle.dds" Type="Image"/>
<Asset path="assets\textures\buildingplane_yellow1.dds" Type="Image"/>
<Asset path="assets\textures\btn-border-protoss-queue-trainingslot07-disabled.dds" Type="Image"/>
<Asset path="assets\textures\lazerbeam1_orange1_blend.dds" Type="Image"/>
<Asset path="assets\storymodecharacters\terran\sm_marine03_charanims\sm_marine03_charanims.m3a" Type="Animation"/>
<Asset path="assets\sounds\zerg\sharedeffects\explosions\zerg_preexplosionsmall1.wav" Type="Sound"/>
<Asset path="assets\sounds\uni\ui\battlenet_ui\ui_bnetdropdownclose_3.wav" Type="Sound"/>
<Asset path="assets\textures\icon-time-zerg.dds" Type="Image"/>
<Asset path="assets\textures\btn-border-protoss-queue-trainingslot06.dds" Type="Image"/>
<Asset path="assets\textures\malecivilian3portrait_static.dds" Type="Image"/>
<Asset path="assets\sounds\zerg\spinecrawler\spinecrawler_attacklaunch3.wav" Type="Sound"/>
<Asset path="assets\textures\btn-border-protoss-queue-trainingslot01-disabled.dds" Type="Image"/>
<Asset path="assets\textures\btn-border-queue-trainingslot05.dds" Type="Image"/>
<Asset path="assets\textures\btn-border-protoss-transportslot-filled-4slots.dds" Type="Image"/>
<Asset path="assets\storymodecharacters\terran\smx3_nova\smx3_nova.m3" Type="Model"/>
<Asset path="assets\textures\video_ac_zagara_low.ogv" Type="Movie"/>
<Asset path="assets\textures\video_ac_swann_low.ogv" Type="Movie"/>
<Asset path="assets\sounds\terran\sharedeffects\explosions\terran_explosionlarge8.wav" Type="Sound"/>
<Asset path="assets\textures\zealotportrait_static.dds" Type="Image"/>
<Asset path="assets\textures\btn-tips-challengecounter.dds" Type="Image"/>
<Asset path="assets\textures\video_ac_alarak_low.ogv" Type="Movie"/>
<Asset path="assets\textures\ui_frame_basegradient_protoss.dds" Type="Image"/>
<Asset path="assets\ui\feedback\waypointrally\waypointrally.m3" Type="Model"/>
<Asset path="assets\sounds\zerg\spinecrawler\spinecrawler_attackimpact4.wav" Type="Sound"/>
<Asset path="assets\sounds\zerg\noxiousturret\noxiousturret_attackimpact0.wav" Type="Sound"/>
<Asset path="assets\textures\btn-techupgrade-terran-consumption.dds" Type="Image"/>
<Asset path="assets\textures\icon-energy-terran.dds" Type="Image"/>
<Asset path="assets\textures\btn-border-protoss-equipment.dds" Type="Image"/>
<Asset path="assets\ui\feedback\aoepretargetunitprotoss\aoepretargetunitprotoss.m3" Type="Model"/>
<Asset path="assets\ui\glues\mainmenuspace\mainmenuspace.m3" Type="Model"/>
<Asset path="assets\textures\video_gamemodes_coop_low.ogv" Type="Movie"/>
<Asset path="assets\sounds\terran\sharedeffects\explosions\terran_explosionmedium8.wav" Type="Sound"/>
<Asset path="assets\textures\progress-queue.lvl0" Type="Image"/>
<Asset path="assets\textures\btn-minimap-toggleallies.dds" Type="Image"/>
<Asset path="assets\textures\btn-border-normal.dds" Type="Image"/>
<Asset path="assets\sounds\terran\sharedeffects\explosions\terran_explosionmedium2.wav" Type="Sound"/>
<Asset path="assets\textures\streaks2blur.lvl0" Type="Image"/>
<Asset path="assets\textures\femalecivilian3portrait_static.dds" Type="Image"/>
<Asset path="assets\sounds\zerg\sharedeffects\explosions\zerg_explosionsmall5.wav" Type="Sound"/>
<Asset path="assets\sounds\protoss\sharedeffects\explosions\protoss_explosionlarge5.wav" Type="Sound"/>
<Asset path="assets\textures\ui-editoricon-previewer_delete.dds" Type="Image"/>
<Asset path="assets\textures\btn-unit-terran-marine.dds" Type="Image"/>
<Asset path="assets\textures\racebanner_protoss_warchest3_1v1.dds" Type="Image"/>
<Asset path="assets\sounds\zerg\sharedeffects\explosions\zerg_explosionlarge2.wav" Type="Sound"/>
<Asset path="assets\sounds\terran\sharedeffects\explosions\terran_explosionsmall1.wav" Type="Sound"/>
<Asset path="assets\sounds\terran\sharedeffects\explosions\terran_explosionlarge4.wav" Type="Sound"/>
<Asset path="assets\textures\falloff_energy3.lvl0" Type="Image"/>
<Asset path="assets\sounds\protoss\sharedeffects\explosions\protoss_explosionlarge6.wav" Type="Sound"/>
<Asset path="assets\sounds\protoss\sharedeffects\explosions\protoss_explosionlarge3.wav" Type="Sound"/>
<Asset path="assets\textures\icon-health-protoss.dds" Type="Image"/>
<Asset path="assets\ui\feedback\ping\ping.m3" Type="Model"/>
<Asset path="assets\sounds\zerg\sporecrawler\sporecrawler_attacklaunch2.wav" Type="Sound"/>
<Asset path="assets\sounds\zerg\noxiousturret\noxiousturret_attackimpact4.wav" Type="Sound"/>
<Asset path="assets\textures\icon-mineral-zerg.dds" Type="Image"/>
<Asset path="assets\textures\buildingplane_red1.lvl0" Type="Image"/>
<Asset path="assets\textures\btn-border-queue-trainingslot07-disabled.dds" Type="Image"/>
<Asset path="assets\textures\waypointline.dds" Type="Image"/>
<Asset path="assets\storymodecharacters\terran\smx3_nova_portraitbackground\smx3_nova_portraitbackground.m3" Type="Model"/>
<Asset path="assets\textures\bubbaad.ogv" Type="Movie"/>
<Asset path="assets\textures\ui_btn_aicommand_commandcard_defend.dds" Type="Image"/>
<Asset path="assets\textures\icon-supply-terran.dds" Type="Image"/>
<Asset path="assets\textures\icon-gas-terran.dds" Type="Image"/>
<Asset path="assets\textures\waypointline.lvl0" Type="Image"/>
<Asset path="assets\sounds\protoss\sharedeffects\explosions\protoss_explosionsmall9.wav" Type="Sound"/>
<Asset path="assets\textures\btn-unit-protoss-colossus.dds" Type="Image"/>
<Asset path="assets\textures\btn-border-protoss-normal.dds" Type="Image"/>
<Asset path="assets\sounds\terran\sharedeffects\explosions\terran_explosionmedium9.wav" Type="Sound"/>
<Asset path="assets\sounds\zerg\sharedeffects\explosions\zerg_explosionmedium3.wav" Type="Sound"/>
<Asset path="assets\sounds\terran\sharedeffects\explosions\terran_explosionsmall2.wav" Type="Sound"/>
<Asset path="assets\textures\btn-minimap-ping.dds" Type="Image"/>
<Asset path="assets\sounds\zerg\noxiousturret\noxiousturret_attackimpact5.wav" Type="Sound"/>
<Asset path="assets\sounds\terran\sharedeffects\explosions\terran_explosionsmall3.wav" Type="Sound"/>
<Asset path="assets\sounds\zerg\sharedeffects\explosions\zerg_explosiontiny1.wav" Type="Sound"/>
<Asset path="assets\sounds\uni\ui\battlenet_ui\ui_bnetselect01_4.wav" Type="Sound"/>
<Asset path="assets\sounds\terran\sharedeffects\explosions\terran_explosionlarge5.wav" Type="Sound"/>
<Asset path="assets\textures\nukenoodles.ogv" Type="Movie"/>
<Asset path="assets\textures\btn-unit-protoss-warpray.dds" Type="Image"/>
<Asset path="assets\textures\icon-supply-protoss.dds" Type="Image"/>
<Asset path="assets\portraits\protoss\protossportraittransition\protossportraittransition.m3" Type="Model"/>
<Asset path="assets\textures\shockwave_blur1_red1.dds" Type="Image"/>
<Asset path="assets\sounds\zerg\sporecrawler\sporecrawler_attacklaunch3.wav" Type="Sound"/>
<Asset path="assets\sounds\terran\sharedeffects\explosions\terran_explosionmedium1.wav" Type="Sound"/>
<Asset path="assets\ui\cursors\waypointattack_void\waypointattack_void.m3" Type="Model"/>
<Asset path="assets\sounds\zerg\sharedeffects\explosions\zerg_explosionsmall4.wav" Type="Sound"/>
<Asset path="assets\textures\ui_btn_aicommand_commandcard_claim.dds" Type="Image"/>
<Asset path="assets\textures\icon-time-protoss.dds" Type="Image"/>
<Asset path="assets\textures\wireframe-shields-small02.dds" Type="Image"/>
<Asset path="assets\textures\smx3_nova_portrait_static.dds" Type="Image"/>
<Asset path="assets\textures\cooldown16x8_clear.dds" Type="Image"/>
<Asset path="assets\textures\racebanner_random_default_1v1.dds" Type="Image"/>
<Asset path="assets\textures\labvideo2.ogv" Type="Movie"/>
<Asset path="localizeddata\sounds\zergunitvo\infestedterran\infestedterran_what00.ogg" Type="Sound"/>
<Asset path="assets\sounds\zerg\spinecrawler\spinecrawler_attacklaunch1.wav" Type="Sound"/>
<Asset path="assets\sounds\protoss\sharedeffects\explosions\protoss_explosionlarge1.wav" Type="Sound"/>
<Asset path="assets\sounds\protoss\sharedeffects\explosions\protoss_explosionlarge0.wav" Type="Sound"/>
<Asset path="assets\sounds\terran\sharedeffects\explosions\terran_explosionsmall4.wav" Type="Sound"/>
<Asset path="assets\sounds\terran\sharedeffects\explosions\terran_explosionsmall0.wav" Type="Sound"/>
<Asset path="assets\textures\btn-border-queue-trainingslot02.dds" Type="Image"/>
<Asset path="assets\textures\femalecivilian4portrait_static.dds" Type="Image"/>
<Asset path="assets\sounds\terran\sharedeffects\explosions\terran_explosionlarge0.wav" Type="Sound"/>
<Asset path="assets\textures\wireframe-shields-small03.dds" Type="Image"/>
<Asset path="assets\textures\btn-border-protoss-ability.dds" Type="Image"/>
<Asset path="assets\sounds\protoss\sharedeffects\explosions\protoss_explosionlarge9.wav" Type="Sound"/>
<Asset path="assets\sounds\uni\ui\battlenet_ui\ui_bnetdropdownclose_2.wav" Type="Sound"/>
<Asset path="assets\textures\ipistolad.ogv" Type="Movie"/>
<Asset path="assets\textures\btn-border-transportslot-filled.dds" Type="Image"/>
<Asset path="assets\textures\btn-border-ability.dds" Type="Image"/>
<Asset path="assets\music\ui_stinger_discovery05.ogg" Type="Sound"/>
<Asset path="assets\textures\video_ac_kerrigan_low.ogv" Type="Movie"/>
<Asset path="assets\sounds\terran\sharedeffects\explosions\terran_explosionlarge3.wav" Type="Sound"/>
<Asset path="assets\textures\btn-building-terran-ghostacademy.dds" Type="Image"/>
<Asset path="assets\textures\icon-time-terran.dds" Type="Image"/>
<Asset path="assets\music\ndlc_loadingscreencomplete_01.ogg" Type="Sound"/>
<Asset path="assets\textures\icon-supply-protoss_nobg.dds" Type="Image"/>
<Asset path="assets\sounds\uni\ui\battlenet_ui\ui_bnetdropdownopen_2.wav" Type="Sound"/>
<Asset path="assets\textures\ipistolad_orange.ogv" Type="Movie"/>
<Asset path="assets\textures\icon-gas-terran_nobg.dds" Type="Image"/>
<Asset path="assets\textures\btn-unit-terran-battlecruiser.dds" Type="Image"/>
<Asset path="assets\portraits\terran\terranportraittransition\terranportraittransition.m3" Type="Model"/>
<Asset path="assets\textures\btn-border-autocast.dds" Type="Image"/>
<Asset path="assets\sounds\zerg\sharedeffects\explosions\zerg_explosionlarge4.wav" Type="Sound"/>
<Asset path="assets\sounds\uni\ui\ui_mercenarybriefcase_selectmerc_3.wav" Type="Sound"/>
<Asset path="assets\textures\ui_btn_aicommand_commandcard_rally.dds" Type="Image"/>
<Asset path="assets\textures\btn-unit-protoss-darktemplar.dds" Type="Image"/>
<Asset path="assets\textures\btn-border-equipment.dds" Type="Image"/>
<Asset path="assets\ui\glues\mainmenuswarm\mainmenuswarm.m3" Type="Model"/>
<Actor id="SYSTEM_ActorConfig"/>
<Actor id="CommandUIHarness"/>
<Actor id="CommandUIHarnessMoveZerg"/>
<Actor id="CommandUIHarnessMoveTerran"/>
<Actor id="CommandUIHarnessMoveProtoss"/>
<Actor id="CommandUIHarnessConfirmZerg"/>
<Actor id="CommandUIHarnessConfirmTerran"/>
<Actor id="CommandUIHarnessConfirmProtoss"/>
<Actor id="CommandUIHarnessAttackZerg"/>
<Actor id="CommandUIHarnessAttackTerran"/>
<Actor id="CommandUIHarnessAttackProtoss"/>
<Actor id="CommandUIHarnessRallyZerg"/>
<Actor id="CommandUIHarnessRallyTerran"/>
<Actor id="CommandUIHarnessRallyProtoss"/>
<Actor id="ModelPretargetGround"/>
<Actor id="ActorLightSpot"/>
<Model id="AOEPreTargetAirUnitProtoss"/>
<Model id="AOEPreTargetAirUnitProtossSplat"/>
<Model id="AOEPreTargetGroundUnitProtoss"/>
<Model id="GhostPortrait"/>
<Model id="UI_Screens_MainMenuDefaultVoid_00"/>
<Model id="UI_Screens_MainMenuDefaultVoid_01"/>
<Model id="UI_Screens_MainMenuDefaultVoid_02"/>
<Model id="UI_Screens_MainMenuDefaultVoid_03"/>
<Model id="UI_Screens_MainMenuDefaultVoid_04"/>
<Model id="UI_Screens_MainMenuDefaultVoid_05"/>
<Model id="UI_Screens_MainMenuDefaultVoid_06"/>
<Model id="SMX3_Nova_PrePurchase"/>
<Model id="SMX3_Nova_PrePurchaseLow"/>
<Model id="GlueSMX3Nova"/>
<Model id="GlueSMX3NovaLow"/>
<Model id="SMX3_Cutscene_MP01_010_Camera"/>
<Sound id="MainMenu_Abathur_Idle_Pulse"/>
<Sound id="UI_AC_Mutator_BG_SmallVirus_FlyBy"/>
<Sound id="UI_AC_Mutator_BG_Virus_FlyBy_R_L"/>
<Sound id="UI_AC_Mutator_BG_SmallVirus_Explo"/>
<Sound id="Ping"/>
</Preload>
