<?xml version="1.0" encoding="utf-8"?>
<DocInfo>
    <Preload>
        <Value>GameLink:Actor;ModelPretargetAir</Value>
        <Value>GameLink:Actor;ModelPretargetAirSplat</Value>
        <Value>GameLink:Actor;ModelPretargetGround</Value>
        <Value>GameLink:Model;AOEPreTargetAirUnitProtoss</Value>
        <Value>GameLink:Model;AOEPreTargetAirUnitProtossSplat</Value>
        <Value>GameLink:Model;AOEPreTargetGroundUnitProtoss</Value>
        <Value>GameLink:Sound;Button</Value>
        <Value>GameLink:Sound;Buzz</Value>
        <Value>GameLink:Model;GlueSMX3NovaLow</Value>
        <Value>GameLink:Model;GlueSMX3Nova</Value>
        <Value>GameLink:Model;SMX3_Nova_PrePurchase</Value>
        <Value>GameLink:Model;SMX3_Nova_PrePurchaseLow</Value>
        <Value>GameLink:Model;SMX3_Cutscene_MP01_010_Camera</Value>
        <Value>GameLink:Sound;UI_AC_Mutator_BG_Virus_FlyBy_R_L</Value>
        <Value>GameLink:Sound;UI_AC_Mutator_BG_SmallVirus_FlyBy</Value>
        <Value>GameLink:Sound;UI_AC_Mutator_BG_SmallVirus_Explo</Value>
        <Value>GameLink:Sound;MainMenu_Abathur_Idle_Pulse</Value>
        <Value>GameLink:Actor;CommandUIHarness</Value>
        <Value>GameLink:Actor;CommandUIHarnessAttackTerran</Value>
        <Value>GameLink:Actor;CommandUIHarnessAttackProtoss</Value>
        <Value>GameLink:Actor;CommandUIHarnessAttackZerg</Value>
        <Value>GameLink:Actor;CommandUIHarnessConfirmTerran</Value>
        <Value>GameLink:Actor;CommandUIHarnessConfirmProtoss</Value>
        <Value>GameLink:Actor;CommandUIHarnessConfirmZerg</Value>
        <Value>GameLink:Actor;CommandUIHarnessMoveTerran</Value>
        <Value>GameLink:Actor;CommandUIHarnessMoveProtoss</Value>
        <Value>GameLink:Actor;CommandUIHarnessMoveZerg</Value>
        <Value>GameLink:Actor;CommandUIHarnessRallyTerran</Value>
        <Value>GameLink:Actor;CommandUIHarnessRallyProtoss</Value>
        <Value>GameLink:Actor;CommandUIHarnessRallyZerg</Value>
        <Value>GameLink:Actor;ActorLightSpot</Value>
        <Value>GameLink:Model;UI_Screens_MainMenuDefaultVoid_00</Value>
        <Value>GameLink:Model;UI_Screens_MainMenuDefaultVoid_01</Value>
        <Value>GameLink:Model;UI_Screens_MainMenuDefaultVoid_02</Value>
        <Value>GameLink:Model;UI_Screens_MainMenuDefaultVoid_03</Value>
        <Value>GameLink:Model;UI_Screens_MainMenuDefaultVoid_04</Value>
        <Value>GameLink:Model;UI_Screens_MainMenuDefaultVoid_05</Value>
        <Value>GameLink:Model;UI_Screens_MainMenuDefaultVoid_06</Value>
        <Value>GameLink:Model;GhostPortrait</Value>
        <Value>GameLink:Sound;Ping</Value>
        <Value>AssetFile;assets\textures\blank.dds</Value>
        <Value>AssetFile;Assets/UI/Glues/MainMenuSwarm/MainMenuSwarm.m3</Value>
        <Value>AssetFile;Assets/UI/Glues/MainMenuSwarmLab/MainMenuSwarmLab.m3</Value>
        <Value>AssetFile;Assets/UI/Glues/MainMenuSpace/MainMenuSpace.m3</Value>
        <Value>AssetFile;Assets\UI\Feedback\AOEPreTargetUnitProtoss\AOEPreTargetUnitProtoss.m3</Value>
        <Value>AssetFile;Assets\UI\Feedback\AOEPreTargetAirUnitProtoss\AOEPreTargetAirUnitProtoss.m3</Value>
        <Value>AssetFile;Assets\UI\Feedback\AOEPreTargetAirUnitProtossSplat\AOEPreTargetAirUnitProtossSplat.m3</Value>
        <Value>AssetFile;Assets/UI/Feedback/Ping/Ping.m3</Value>
        <Value>AssetFile;Assets\UI\Feedback\Confirmation_Air\Confirmation_Air.m3</Value>
        <Value>AssetFile;Assets\UI\Feedback\Confirmation_Ground\Confirmation_Ground.m3</Value>
        <Value>AssetFile;Assets\Textures\ProtossAutoCast8x4.dds</Value>
        <Value>AssetFile;Assets\Textures\Cooldown16x8.dds</Value>
        <Value>AssetFile;Assets\Textures\CoolDown16x8_Clear.dds</Value>
        <Value>AssetFile;Assets\Textures\btn-border-ability.dds</Value>
        <Value>AssetFile;Assets\Textures\btn-border-protoss-ability.dds</Value>
        <Value>AssetFile;Assets\Textures\smx3_nova_portrait_static.dds</Value>
        <Value>AssetFile;Assets\Textures\btn-border-autocast.dds</Value>
        <Value>AssetFile;Assets\Textures\btn-border-protoss-autocast.dds</Value>
        <Value>AssetFile;Assets\Textures\BTN-Border-TransportSlot-Filled.dds</Value>
        <Value>AssetFile;Assets\Textures\BTN-Border-TransportSlot-Filled-2Slots.dds</Value>
        <Value>AssetFile;Assets\Textures\BTN-Border-TransportSlot-Filled-4Slots.dds</Value>
        <Value>AssetFile;Assets\Textures\BTN-Border-TransportSlot-Empty.dds</Value>
        <Value>AssetFile;Assets\Textures\BTN-Border-Equipment.dds</Value>
        <Value>AssetFile;Assets\Textures\BTN-Border-Protoss-TransportSlot-Filled.dds</Value>
        <Value>AssetFile;Assets\Textures\BTN-Border-Protoss-TransportSlot-Filled-2Slots.dds</Value>
        <Value>AssetFile;Assets\Textures\BTN-Border-Protoss-TransportSlot-Filled-4Slots.dds</Value>
        <Value>AssetFile;Assets\Textures\BTN-Border-Protoss-TransportSlot-Empty.dds</Value>
        <Value>AssetFile;Assets\Textures\BTN-Border-Protoss-Equipment.dds</Value>
        <Value>AssetFile;Assets\Textures\BTN-Border-Queue-TrainingSlot01.dds</Value>
        <Value>AssetFile;Assets\Textures\BTN-Border-Protoss-Queue-TrainingSlot01.dds</Value>
        <Value>AssetFile;Assets\Textures\btn-border-normal.dds</Value>
        <Value>AssetFile;Assets\Textures\btn-border-protoss-normal.dds</Value>
        <Value>AssetFile;Assets\Textures\Wireframe-Shields-Small01.dds</Value>
        <Value>AssetFile;Assets\Textures\Wireframe-Shields-Small02.dds</Value>
        <Value>AssetFile;Assets\Textures\Wireframe-Shields-Small03.dds</Value>
        <Value>AssetFile;Assets\Textures\BTN-Border-Queue-TrainingSlot01.dds</Value>
        <Value>AssetFile;Assets\Textures\BTN-Border-Queue-TrainingSlot02.dds</Value>
        <Value>AssetFile;Assets\Textures\BTN-Border-Queue-TrainingSlot03.dds</Value>
        <Value>AssetFile;Assets\Textures\BTN-Border-Queue-TrainingSlot04.dds</Value>
        <Value>AssetFile;Assets\Textures\BTN-Border-Queue-TrainingSlot05.dds</Value>
        <Value>AssetFile;Assets\Textures\BTN-Border-Queue-TrainingSlot06.dds</Value>
        <Value>AssetFile;Assets\Textures\BTN-Border-Queue-TrainingSlot07.dds</Value>
        <Value>AssetFile;Assets\Textures\BTN-Border-Protoss-Queue-TrainingSlot01.dds</Value>
        <Value>AssetFile;Assets\Textures\BTN-Border-Protoss-Queue-TrainingSlot02.dds</Value>
        <Value>AssetFile;Assets\Textures\BTN-Border-Protoss-Queue-TrainingSlot03.dds</Value>
        <Value>AssetFile;Assets\Textures\BTN-Border-Protoss-Queue-TrainingSlot04.dds</Value>
        <Value>AssetFile;Assets\Textures\BTN-Border-Protoss-Queue-TrainingSlot05.dds</Value>
        <Value>AssetFile;Assets\Textures\BTN-Border-Protoss-Queue-TrainingSlot06.dds</Value>
        <Value>AssetFile;Assets\Textures\BTN-Border-Protoss-Queue-TrainingSlot07.dds</Value>
        <Value>AssetFile;Assets\Textures\BTN-Border-Queue-TrainingSlot01-Disabled.dds</Value>
        <Value>AssetFile;Assets\Textures\BTN-Border-Queue-TrainingSlot06-Disabled.dds</Value>
        <Value>AssetFile;Assets\Textures\BTN-Border-Queue-TrainingSlot07-Disabled.dds</Value>
        <Value>AssetFile;Assets\Textures\BTN-Border-Protoss-Queue-TrainingSlot01-Disabled.dds</Value>
        <Value>AssetFile;Assets\Textures\BTN-Border-Protoss-Queue-TrainingSlot06-Disabled.dds</Value>
        <Value>AssetFile;Assets\Textures\BTN-Border-Protoss-Queue-TrainingSlot07-Disabled.dds</Value>
        <Value>AssetFile;Assets\Textures\btn-border-research.dds</Value>
        <Value>AssetFile;Assets\Textures\btn-border-protoss-research.dds</Value>
        <Value>AssetFile;Assets\Textures\BTN-Minimap-ToggleAllies.dds</Value>
        <Value>AssetFile;Assets\Textures\BTN-Minimap-Ping.dds</Value>
        <Value>AssetFile;Assets\Textures\BTN-Minimap-ToggleTerrain.dds</Value>
        <Value>AssetFile;Assets\Textures\BuildingPlane_Green1.dds</Value>
        <Value>AssetFile;Assets\Textures\BuildingPlane_Red1.dds</Value>
        <Value>AssetFile;Assets\Textures\BuildingPlane_Yellow1.dds</Value>
        <Value>AssetFile;Assets\Textures\BuildingPlane_Gray1.dds</Value>
        <Value>AssetFile;Assets/Portraits/Terran/TerranPortraitTransition/TerranPortraitTransition.m3</Value>
        <Value>AssetFile;Assets/Portraits/Protoss/ProtossPortraitTransition/ProtossPortraitTransition.m3</Value>
        <Value>AssetFile;Assets\Textures\progress-queue.dds</Value>
        <Value>AssetFile;Assets\Textures\icon-energy-protoss.dds</Value>
        <Value>AssetFile;Assets\Textures\icon-energy-terran.dds</Value>
        <Value>AssetFile;Assets\Textures\icon-energy-zerg.dds</Value>
        <Value>AssetFile;Assets\Textures\icon-gas.dds</Value>
        <Value>AssetFile;Assets\Textures\icon-gas-protoss.dds</Value>
        <Value>AssetFile;Assets\Textures\icon-gas-terran.dds</Value>
        <Value>AssetFile;Assets\Textures\icon-gas-zerg.dds</Value>
        <Value>AssetFile;Assets\Textures\icon-health-protoss.dds</Value>
        <Value>AssetFile;Assets\Textures\icon-health-terran.dds</Value>
        <Value>AssetFile;Assets\Textures\icon-health-zerg.dds</Value>
        <Value>AssetFile;Assets\Textures\icon-mineral.dds</Value>
        <Value>AssetFile;Assets\Textures\icon-mineral-protoss.dds</Value>
        <Value>AssetFile;Assets\Textures\icon-mineral-terran.dds</Value>
        <Value>AssetFile;Assets\Textures\icon-mineral-zerg.dds</Value>
        <Value>AssetFile;Assets\Textures\icon-shields.dds</Value>
        <Value>AssetFile;Assets\Textures\icon-supply.dds</Value>
        <Value>AssetFile;Assets\Textures\icon-supply-protoss.dds</Value>
        <Value>AssetFile;Assets\Textures\icon-supply-terran.dds</Value>
        <Value>AssetFile;Assets\Textures\icon-supply-zerg.dds</Value>
        <Value>AssetFile;Assets\Textures\icon-time-terran.dds</Value>
        <Value>AssetFile;Assets\Textures\icon-time-protoss.dds</Value>
        <Value>AssetFile;Assets\Textures\icon-time-zerg.dds</Value>
        <Value>AssetFile;Assets\Textures\icon-error.dds</Value>
        <Value>AssetFile;Assets\Textures\btn-building-protoss-gateway.dds</Value>
        <Value>AssetFile;Assets\Textures\btn-unit-protoss-stalker.dds</Value>
        <Value>AssetFile;Assets\Textures\btn-unit-protoss-warpray.dds</Value>
        <Value>AssetFile;Assets\Textures\btn-unit-protoss-colossus.dds</Value>
        <Value>AssetFile;Assets\Textures\btn-unit-protoss-mothership.dds</Value>
        <Value>AssetFile;Assets\Textures\btn-unit-protoss-darktemplar.dds</Value>
        <Value>AssetFile;Assets\Textures\btn-unit-terran-marine.dds</Value>
        <Value>AssetFile;Assets\Textures\btn-unit-terran-siegetank.dds</Value>
        <Value>AssetFile;Assets\Textures\btn-unit-terran-battlecruiser.dds</Value>
        <Value>AssetFile;Assets\Textures\btn-building-terran-ghostacademy.dds</Value>
        <Value>AssetFile;Assets\Textures\btn-unit-terran-banshee.dds</Value>
        <Value>AssetFile;Assets\Textures\btn-unit-zerg-zergling.dds</Value>
        <Value>AssetFile;Assets\Textures\btn-unit-zerg-roach.dds</Value>
        <Value>AssetFile;Assets\Textures\btn-building-zerg-hatchery.dds</Value>
        <Value>AssetFile;Assets\Textures\btn-building-zerg-nydusworm.dds</Value>
        <Value>AssetFile;Assets\Textures\ui_btn_aicommand_commandcard_assault.dds</Value>
        <Value>AssetFile;Assets\Textures\ui_btn_aicommand_commandcard_defend.dds</Value>
        <Value>AssetFile;Assets\Textures\ui_btn_aicommand_commandcard_harass.dds</Value>
        <Value>AssetFile;Assets\Textures\ui_btn_aicommand_commandcard_autoai.dds</Value>
        <Value>AssetFile;Assets\Textures\btn-ability-terran-chronoriftdevice.dds</Value>
        <Value>AssetFile;Assets\Textures\btn-techupgrade-terran-automatedselfrepair.dds</Value>
        <Value>AssetFile;Assets\Textures\btn-command-cancel.dds</Value>
        <Value>AssetFile;Assets\Textures\ui_btn_aicommand_commandcard_scout.dds</Value>
        <Value>AssetFile;Assets\Textures\ui_btn_aicommand_commandcard_detection.dds</Value>
        <Value>AssetFile;Assets\Textures\ui_btn_aicommand_commandcard_expand.dds</Value>
        <Value>AssetFile;Assets\Textures\btn-command-stop.dds</Value>
        <Value>AssetFile;Assets\Textures\icon-mineral-nobg.dds</Value>
        <Value>AssetFile;Assets\Textures\icon-gas-terran_nobg.dds</Value>
        <Value>AssetFile;Assets\Textures\btn-command-terran-buildstructure.dds</Value>
        <Value>AssetFile;Assets\Textures\btn-techupgrade-terran-consumption.dds</Value>
        <Value>AssetFile;Assets\Textures\btn-command-protoss-buildstructure.dds</Value>
        <Value>AssetFile;Assets\Textures\btn-tips-challengecounter.dds</Value>
        <Value>AssetFile;Assets\Textures\ui-editoricon-previewer_delete.dds</Value>
        <Value>AssetFile;Assets\Textures\ui_btn_aicommand_commandcard_idle.dds</Value>
        <Value>AssetFile;Assets\Textures\ui_btn_aicommand_commandcard_claim.dds</Value>
        <Value>AssetFile;Assets\Textures\ui_btn_aicommand_commandcard_rally.dds</Value>
        <Value>AssetFile;Assets\Textures\carrionbirdportrait_static.dds</Value>
        <Value>AssetFile;Assets\Textures\marineportrait_static.dds</Value>
        <Value>AssetFile;Assets\Textures\hydraliskportrait_static.dds</Value>
        <Value>AssetFile;Assets\Textures\zealotportrait_static.dds</Value>
        <Value>AssetFile;Assets\Textures\BubbaAd.ogv</Value>
        <Value>AssetFile;Assets\Textures\CalvinKlone2.ogv</Value>
        <Value>AssetFile;Assets\Textures\iPistolAd.ogv</Value>
        <Value>AssetFile;Assets\Textures\NukeNoodles.ogv</Value>
        <Value>AssetFile;Assets\Textures\ipistolad_orange.ogv</Value>
        <Value>AssetFile;Assets\Sounds\Uni\UI\UI_MercenaryBriefcase_HireMerc_2.wav</Value>
        <Value>AssetFile;Assets\Sounds\Uni\UI\UI_MercenaryBriefcase_SelectMerc_4.wav</Value>
        <Value>AssetFile;Assets\Sounds\Uni\UI\UI_MercenaryBriefcase_SelectMerc_3.wav</Value>
        <Value>AssetFile;Assets\Sounds\Uni\UI\UI_MercenaryBriefcase_SelectMerc_2.wav</Value>
        <Value>AssetFile;Assets\Sounds\Uni\UI\BattleNet_UI\UI_BnetDropDownClose_3.wav</Value>
        <Value>AssetFile;Assets\Sounds\Uni\UI\BattleNet_UI\UI_BnetDropDownClose_2.wav</Value>
        <Value>AssetFile;Assets\Sounds\Uni\UI\BattleNet_UI\UI_BnetDropDownOpen_3.wav</Value>
        <Value>AssetFile;Assets\Sounds\Uni\UI\BattleNet_UI\UI_BnetDropDownOpen_2.wav</Value>
        <Value>AssetFile;Assets\Sounds\Uni\UI\BattleNet_UI\UI_BnetSelect01_4.wav</Value>
        <Value>AssetFile;Assets\Sounds\Uni\UI\BattleNet_UI\UI_BnetSelect01_3.wav</Value>
        <Value>AssetFile;Assets\Sounds\Uni\UI\BattleNet_UI\UI_BnetSelect01_2.wav</Value>
        <Value>AssetFile;Assets\Sounds\Terran\SharedEffects\Explosions\Terran_ExplosionLarge0.wav</Value>
        <Value>AssetFile;Assets\Sounds\Terran\SharedEffects\Explosions\Terran_ExplosionLarge1.wav</Value>
        <Value>AssetFile;Assets\Sounds\Terran\SharedEffects\Explosions\Terran_ExplosionLarge2.wav</Value>
        <Value>AssetFile;Assets\Sounds\Terran\SharedEffects\Explosions\Terran_ExplosionLarge3.wav</Value>
        <Value>AssetFile;Assets\Sounds\Terran\SharedEffects\Explosions\Terran_ExplosionLarge4.wav</Value>
        <Value>AssetFile;Assets\Sounds\Terran\SharedEffects\Explosions\Terran_ExplosionLarge5.wav</Value>
        <Value>AssetFile;Assets\Sounds\Terran\SharedEffects\Explosions\Terran_ExplosionLarge6.wav</Value>
        <Value>AssetFile;Assets\Sounds\Terran\SharedEffects\Explosions\Terran_ExplosionLarge7.wav</Value>
        <Value>AssetFile;Assets\Sounds\Terran\SharedEffects\Explosions\Terran_ExplosionLarge8.wav</Value>
        <Value>AssetFile;Assets\Sounds\Terran\SharedEffects\Explosions\Terran_ExplosionLarge9.wav</Value>
        <Value>AssetFile;Assets\Sounds\Zerg\SharedEffects\Explosions\Zerg_ExplosionTiny0.wav</Value>
        <Value>AssetFile;Assets\Sounds\Zerg\SharedEffects\Explosions\Zerg_ExplosionTiny1.wav</Value>
        <Value>AssetFile;Assets\Sounds\Zerg\SharedEffects\Explosions\Zerg_ExplosionTiny2.wav</Value>
        <Value>AssetFile;Assets\Sounds\Terran\SharedEffects\Explosions\Terran_ExplosionSmall0.wav</Value>
        <Value>AssetFile;Assets\Sounds\Terran\SharedEffects\Explosions\Terran_ExplosionSmall1.wav</Value>
        <Value>AssetFile;Assets\Sounds\Terran\SharedEffects\Explosions\Terran_ExplosionSmall2.wav</Value>
        <Value>AssetFile;Assets\Sounds\Terran\SharedEffects\Explosions\Terran_ExplosionSmall3.wav</Value>
        <Value>AssetFile;Assets\Sounds\Terran\SharedEffects\Explosions\Terran_ExplosionSmall4.wav</Value>
        <Value>AssetFile;Assets\Sounds\Terran\SharedEffects\Explosions\Terran_ExplosionSmall5.wav</Value>
        <Value>AssetFile;Assets\Sounds\Terran\SharedEffects\Explosions\Terran_ExplosionSmall6.wav</Value>
        <Value>AssetFile;Assets\Sounds\Terran\SharedEffects\Explosions\Terran_ExplosionSmall7.wav</Value>
        <Value>AssetFile;Assets\Sounds\Terran\SharedEffects\Explosions\Terran_ExplosionSmall8.wav</Value>
        <Value>AssetFile;Assets\Sounds\Terran\SharedEffects\Explosions\Terran_ExplosionSmall9.wav</Value>
        <Value>AssetFile;Assets\Sounds\Zerg\SharedEffects\Explosions\Zerg_ExplosionMedium0.wav</Value>
        <Value>AssetFile;Assets\Sounds\Zerg\SharedEffects\Explosions\Zerg_ExplosionMedium1.wav</Value>
        <Value>AssetFile;Assets\Sounds\Zerg\SharedEffects\Explosions\Zerg_ExplosionMedium2.wav</Value>
        <Value>AssetFile;Assets\Sounds\Zerg\SharedEffects\Explosions\Zerg_ExplosionMedium3.wav</Value>
        <Value>AssetFile;Assets\Sounds\Zerg\SharedEffects\Explosions\Zerg_ExplosionMedium4.wav</Value>
        <Value>AssetFile;Assets\Sounds\Zerg\SharedEffects\Explosions\Zerg_ExplosionMedium5.wav</Value>
        <Value>AssetFile;Assets\Sounds\Zerg\SharedEffects\Explosions\Zerg_ExplosionMedium6.wav</Value>
        <Value>AssetFile;Assets\Sounds\Protoss\SharedEffects\Explosions\Protoss_ExplosionLarge0.wav</Value>
        <Value>AssetFile;Assets\Sounds\Protoss\SharedEffects\Explosions\Protoss_ExplosionLarge1.wav</Value>
        <Value>AssetFile;Assets\Sounds\Protoss\SharedEffects\Explosions\Protoss_ExplosionLarge2.wav</Value>
        <Value>AssetFile;Assets\Sounds\Protoss\SharedEffects\Explosions\Protoss_ExplosionLarge3.wav</Value>
        <Value>AssetFile;Assets\Sounds\Protoss\SharedEffects\Explosions\Protoss_ExplosionLarge4.wav</Value>
        <Value>AssetFile;Assets\Sounds\Protoss\SharedEffects\Explosions\Protoss_ExplosionLarge5.wav</Value>
        <Value>AssetFile;Assets\Sounds\Protoss\SharedEffects\Explosions\Protoss_ExplosionLarge6.wav</Value>
        <Value>AssetFile;Assets\Sounds\Protoss\SharedEffects\Explosions\Protoss_ExplosionLarge7.wav</Value>
        <Value>AssetFile;Assets\Sounds\Protoss\SharedEffects\Explosions\Protoss_ExplosionLarge8.wav</Value>
        <Value>AssetFile;Assets\Sounds\Protoss\SharedEffects\Explosions\Protoss_ExplosionLarge9.wav</Value>
        <Value>AssetFile;Assets\Sounds\Protoss\SharedEffects\Explosions\Protoss_ExplosionSmall0.wav</Value>
        <Value>AssetFile;Assets\Sounds\Protoss\SharedEffects\Explosions\Protoss_ExplosionSmall1.wav</Value>
        <Value>AssetFile;Assets\Sounds\Protoss\SharedEffects\Explosions\Protoss_ExplosionSmall2.wav</Value>
        <Value>AssetFile;Assets\Sounds\Protoss\SharedEffects\Explosions\Protoss_ExplosionSmall3.wav</Value>
        <Value>AssetFile;Assets\Sounds\Protoss\SharedEffects\Explosions\Protoss_ExplosionSmall4.wav</Value>
        <Value>AssetFile;Assets\Sounds\Protoss\SharedEffects\Explosions\Protoss_ExplosionSmall5.wav</Value>
        <Value>AssetFile;Assets\Sounds\Protoss\SharedEffects\Explosions\Protoss_ExplosionSmall6.wav</Value>
        <Value>AssetFile;Assets\Sounds\Protoss\SharedEffects\Explosions\Protoss_ExplosionSmall7.wav</Value>
        <Value>AssetFile;Assets\Sounds\Protoss\SharedEffects\Explosions\Protoss_ExplosionSmall8.wav</Value>
        <Value>AssetFile;Assets\Sounds\Protoss\SharedEffects\Explosions\Protoss_ExplosionSmall9.wav</Value>
        <Value>AssetFile;Assets\Sounds\Terran\SharedEffects\Explosions\Terran_ExplosionMedium0.wav</Value>
        <Value>AssetFile;Assets\Sounds\Terran\SharedEffects\Explosions\Terran_ExplosionMedium1.wav</Value>
        <Value>AssetFile;Assets\Sounds\Terran\SharedEffects\Explosions\Terran_ExplosionMedium2.wav</Value>
        <Value>AssetFile;Assets\Sounds\Terran\SharedEffects\Explosions\Terran_ExplosionMedium3.wav</Value>
        <Value>AssetFile;Assets\Sounds\Terran\SharedEffects\Explosions\Terran_ExplosionMedium4.wav</Value>
        <Value>AssetFile;Assets\Sounds\Terran\SharedEffects\Explosions\Terran_ExplosionMedium5.wav</Value>
        <Value>AssetFile;Assets\Sounds\Terran\SharedEffects\Explosions\Terran_ExplosionMedium6.wav</Value>
        <Value>AssetFile;Assets\Sounds\Terran\SharedEffects\Explosions\Terran_ExplosionMedium7.wav</Value>
        <Value>AssetFile;Assets\Sounds\Terran\SharedEffects\Explosions\Terran_ExplosionMedium8.wav</Value>
        <Value>AssetFile;Assets\Sounds\Terran\SharedEffects\Explosions\Terran_ExplosionMedium9.wav</Value>
        <Value>AssetFile;Assets\Sounds\Zerg\SharedEffects\Explosions\Zerg_ExplosionLarge0.wav</Value>
        <Value>AssetFile;Assets\Sounds\Zerg\SharedEffects\Explosions\Zerg_ExplosionLarge1.wav</Value>
        <Value>AssetFile;Assets\Sounds\Zerg\SharedEffects\Explosions\Zerg_ExplosionLarge2.wav</Value>
        <Value>AssetFile;Assets\Sounds\Zerg\SharedEffects\Explosions\Zerg_ExplosionLarge3.wav</Value>
        <Value>AssetFile;Assets\Sounds\Zerg\SharedEffects\Explosions\Zerg_ExplosionLarge4.wav</Value>
        <Value>AssetFile;Assets\Sounds\Zerg\SharedEffects\Explosions\Zerg_ExplosionSmall0.wav</Value>
        <Value>AssetFile;Assets\Sounds\Zerg\SharedEffects\Explosions\Zerg_ExplosionSmall1.wav</Value>
        <Value>AssetFile;Assets\Sounds\Zerg\SharedEffects\Explosions\Zerg_ExplosionSmall2.wav</Value>
        <Value>AssetFile;Assets\Sounds\Zerg\SharedEffects\Explosions\Zerg_ExplosionSmall3.wav</Value>
        <Value>AssetFile;Assets\Sounds\Zerg\SharedEffects\Explosions\Zerg_ExplosionSmall4.wav</Value>
        <Value>AssetFile;Assets\Sounds\Zerg\SharedEffects\Explosions\Zerg_ExplosionSmall5.wav</Value>
        <Value>AssetFile;Assets\Sounds\Zerg\SharedEffects\Explosions\Zerg_ExplosionSmall6.wav</Value>
        <Value>AssetFile;Assets\Sounds\Zerg\SharedEffects\Explosions\Zerg_PreExplosionSmall0.wav</Value>
        <Value>AssetFile;Assets\Sounds\Zerg\SharedEffects\Explosions\Zerg_PreExplosionSmall1.wav</Value>
        <Value>AssetFile;Assets\Sounds\Zerg\SharedEffects\Explosions\Zerg_PreExplosionSmall2.wav</Value>
        <Value>AssetFile;Assets\Sounds\Zerg\NoxiousTurret\NoxiousTurret_AttackImpact0.wav</Value>
        <Value>AssetFile;Assets\Sounds\Zerg\NoxiousTurret\NoxiousTurret_AttackImpact1.wav</Value>
        <Value>AssetFile;Assets\Sounds\Zerg\NoxiousTurret\NoxiousTurret_AttackImpact2.wav</Value>
        <Value>AssetFile;Assets\Sounds\Zerg\NoxiousTurret\NoxiousTurret_AttackImpact3.wav</Value>
        <Value>AssetFile;Assets\Sounds\Zerg\NoxiousTurret\NoxiousTurret_AttackImpact4.wav</Value>
        <Value>AssetFile;Assets\Sounds\Zerg\NoxiousTurret\NoxiousTurret_AttackImpact5.wav</Value>
        <Value>AssetFile;Assets\Sounds\Zerg\NoxiousTurret\NoxiousTurret_AttackImpact6.wav</Value>
        <Value>AssetFile;Assets\Sounds\Zerg\SporeCrawler\SporeCrawler_AttackLaunch0.wav</Value>
        <Value>AssetFile;Assets\Sounds\Zerg\SporeCrawler\SporeCrawler_AttackLaunch1.wav</Value>
        <Value>AssetFile;Assets\Sounds\Zerg\SporeCrawler\SporeCrawler_AttackLaunch2.wav</Value>
        <Value>AssetFile;Assets\Sounds\Zerg\SporeCrawler\SporeCrawler_AttackLaunch3.wav</Value>
        <Value>AssetFile;Assets\Sounds\Zerg\SporeCrawler\SporeCrawler_AttackLaunch4.wav</Value>
        <Value>AssetFile;Assets\Sounds\Zerg\SpineCrawler\SpineCrawler_AttackLaunch0.wav</Value>
        <Value>AssetFile;Assets\Sounds\Zerg\SpineCrawler\SpineCrawler_AttackLaunch1.wav</Value>
        <Value>AssetFile;Assets\Sounds\Zerg\SpineCrawler\SpineCrawler_AttackLaunch2.wav</Value>
        <Value>AssetFile;Assets\Sounds\Zerg\SpineCrawler\SpineCrawler_AttackLaunch3.wav</Value>
        <Value>AssetFile;Assets\Sounds\Zerg\SpineCrawler\SpineCrawler_AttackLaunch4.wav</Value>
        <Value>AssetFile;Assets\Sounds\Zerg\SpineCrawler\SpineCrawler_AttackImpact0.wav</Value>
        <Value>AssetFile;Assets\Sounds\Zerg\SpineCrawler\SpineCrawler_AttackImpact1.wav</Value>
        <Value>AssetFile;Assets\Sounds\Zerg\SpineCrawler\SpineCrawler_AttackImpact2.wav</Value>
        <Value>AssetFile;Assets\Sounds\Zerg\SpineCrawler\SpineCrawler_AttackImpact3.wav</Value>
        <Value>AssetFile;Assets\Sounds\Zerg\SpineCrawler\SpineCrawler_AttackImpact4.wav</Value>
        <Value>AssetFile;Assets\Textures\white.dds</Value>
        <Value>AssetFile;Assets\Textures\icon-supply-terran_nobg.dds</Value>
        <Value>AssetFile;Assets\UI\Feedback\WayPointRally\WayPointRally.m3</Value>
        <Value>AssetFile;Assets\Textures\adjutantportrait_static.dds</Value>
        <Value>AssetFile;Assets\Textures\icon-supply-protoss_nobg.dds</Value>
        <Value>AssetFile;Assets\Textures\icon-gas-protoss-nobg.dds</Value>
        <Value>AssetFile;Assets\Textures\ui_frame_big_innerline_protoss.dds</Value>
        <Value>AssetFile;Assets\Textures\ui_frame_basegradient_protoss.dds</Value>
        <Value>AssetFile;Assets\Textures\ui_button_generic_normalpressed_protoss.dds</Value>
        <Value>AssetFile;Assets\Textures\white32.dds</Value>
        <Value>AssetFile;Assets\StoryModeCharacters\Terran\SM_Marine03_CharAnims\SM_Marine03_CharAnims.m3a</Value>
        <Value>AssetFile;UI\Layout\DescIndex.SC2Layout</Value>
        <Value>AssetFile;Assets\Music\NDLC_LoadingScreenComplete_01.ogg</Value>
        <Value>AssetFile;Assets\Textures\ui_research_frame_tooltip_protoss.dds</Value>
        <Value>AssetFile;Assets\Textures\video_ac_artanis_low.ogv</Value>
        <Value>AssetFile;Assets\Textures\video_ac_karax_low.ogv</Value>
        <Value>AssetFile;Assets\Textures\video_ac_kerrigan_low.ogv</Value>
        <Value>AssetFile;Assets\Textures\video_ac_raynor_low.ogv</Value>
        <Value>AssetFile;Assets\Textures\video_ac_swann_low.ogv</Value>
        <Value>AssetFile;Assets\Textures\video_ac_vorazun_low.ogv</Value>
        <Value>AssetFile;Assets\Textures\video_ac_zagara_low.ogv</Value>
        <Value>AssetFile;Assets\Textures\video_ac_abathur_low.ogv</Value>
        <Value>AssetFile;Assets\Textures\video_ac_alarak_low.ogv</Value>
        <Value>AssetFile;Assets\Sounds\Abathur_Pulse_05.wav</Value>
        <Value>AssetFile;Assets\Music\UI_Stinger_Discovery05.ogg</Value>
        <Value>AssetFile;Assets\Textures\femalecivilian3portrait_static.dds</Value>
        <Value>AssetFile;Assets\Textures\femalecivilian2portrait_static.dds</Value>
        <Value>AssetFile;Assets\Textures\femalecivilian1portrait_static.dds</Value>
        <Value>AssetFile;Assets\Textures\femalecivilian4portrait_static.dds</Value>
        <Value>AssetFile;Assets\Textures\malecivilian1portrait_static.dds</Value>
        <Value>AssetFile;Assets\Textures\malecivilian2portrait_static.dds</Value>
        <Value>AssetFile;Assets\Textures\malecivilian3portrait_static.dds</Value>
        <Value>AssetFile;Assets\Textures\malecivilian4portrait_static.dds</Value>
        <Value>AssetFile;Assets\Textures\malecivilian5portrait_static.dds</Value>
        <Value>AssetFile;Assets\Textures\malecivilian6portrait_static.dds</Value>
        <Value>AssetFile;Assets\Textures\malecivilian7portrait_static.dds</Value>
        <Value>AssetFile;Assets\Textures\malecivilian9portrait_static.dds</Value>
        <Value>AssetFile;Assets\Textures\malecivilian11portrait_static.dds</Value>
        <Value>AssetFile;Assets\Portraits\Terran\DonnyVermillion_Portrait_Coop\DonnyVermillion_Portrait_Coop.m3</Value>
        <Value>AssetFile;Assets\Portraits\Terran\DonnyVermillion_Portrait_Coop\DonnyVermillion_Portrait_Coop.m3</Value>
        <Value>AssetFile;LocalizedData\Sounds\ZergUnitVO\InfestedTerran\InfestedTerran_What00.ogg</Value>
        <Value>AssetFile;LocalizedData\Sounds\ZergUnitVO\InfestedTerran\InfestedTerran_Attack01.ogg</Value>
        <Value>AssetFile;LocalizedData\Sounds\ZergUnitVO\InfestedTerran\InfestedTerran_What01.ogg</Value>
        <Value>AssetFile;Assets\Sounds\Terran\SharedEffects\Fires\Terran_FireMedium2.wav</Value>
        <Value>AssetFile;Assets\Sounds\Terran\SharedEffects\Fires\Terran_FireMedium1.wav</Value>
        <Value>AssetFile;Assets\Textures\loading-haven.dds</Value>
        <Value>AssetFile;Assets\Textures\lazerbeam1_orange1_blend.dds</Value>
        <Value>AssetFile;Assets\Textures\plasmaflame1_red.dds</Value>
        <Value>AssetFile;Assets\Textures\falloff_energy3.dds</Value>
        <Value>AssetFile;Assets\Textures\streaks2blur.dds</Value>
        <Value>AssetFile;Assets\Textures\energyring1green.dds</Value>
        <Value>AssetFile;Assets\Textures\ltarcmac_emissive.dds</Value>
        <Value>AssetFile;Assets\Textures\labvideo2.ogv</Value>
        <Value>AssetFile;Assets\Textures\stimsplat_tc.dds</Value>
        <Value>AssetFile;Assets\Textures\soa_aoestretchline_end.dds</Value>
        <Value>AssetFile;Assets\Textures\nukeicon7agreen.dds</Value>
        <Value>AssetFile;Assets\Textures\shockwave_blur1_red1.dds</Value>
        <Value>AssetFile;Assets\StoryModeCharacters\Terran\SMX3_Nova_PortraitBackground\SMX3_Nova_PortraitBackground.m3</Value>
        <Value>AssetFile;Assets\StoryModeCharacters\Terran\SMX3_Nova\SMX3_Nova.m3</Value>
        <Value>AssetFile;Assets\StoryModeCharacters\Terran\SMX3_Nova_PortraitAnims\SMX3_Nova_PortraitAnims.m3a</Value>
        <Value>AssetFile;Assets\Sounds\Ghost_SuitLight06.wav</Value>
        <Value>AssetFile;Assets\Textures\video_ac_nova_low.ogv</Value>
        <Value>AssetFile;Assets\Textures\video_ac_stukov_low.ogv</Value>
        <Value>AssetFile;Assets\UI\Cursors\WayPointAttack_Void\WayPointAttack_Void.m3</Value>
        <Value>AssetFile;Assets\UI\Cursors\WayPointConfirm_Void\WayPointConfirm_Void.m3</Value>
        <Value>AssetFile;Assets\UI\Feedback\WayPointRally\WayPointRally.m3</Value>
        <Value>AssetFile;Assets\Textures\waypointline.dds</Value>
        <Value>AssetFile;Assets\Portraits\Terran\SMX1_HanPortrait\SMX1_HanPortrait.m3</Value>
        <Value>AssetFile;Assets\Textures\generaldavis_moebiuslab_portrait_static.dds</Value>
        <Value>AssetFile;Assets\Textures\video_gamemodes_veteran_LOW.ogv</Value>
        <Value>AssetFile;Assets\Textures\video_gamemodes_campaign_LOW.ogv</Value>
        <Value>AssetFile;Assets\Textures\video_gamemodes_coop_LOW.ogv</Value>
        <Value>AssetFile;Assets\Textures\video_gamemodes_versus_LOW.ogv</Value>
        <Value>AssetFile;Assets\Textures\video_valerianloopvertical.ogv</Value>
        <Value>AssetFile;Assets\Textures\racebanner_protoss_alternative_1v1.dds</Value>
        <Value>AssetFile;Assets\Textures\racebanner_protoss_default_1v1.dds</Value>
        <Value>AssetFile;Assets\Textures\racebanner_protoss_warchest3_1v1.dds</Value>
        <Value>AssetFile;Assets\Textures\racebanner_random_alternative_1v1.dds</Value>
        <Value>AssetFile;Assets\Textures\racebanner_random_default_1v1.dds</Value>
        <Value>AssetFile;Assets\Textures\racebanner_random_warchest3_1v1.dds</Value>
        <Value>AssetFile;Assets\Textures\racebanner_terran_alternative_1v1.dds</Value>
        <Value>AssetFile;Assets\Textures\racebanner_terran_default_1v1.dds</Value>
        <Value>AssetFile;Assets\Textures\racebanner_terran_warchest3_1v1.dds</Value>
        <Value>AssetFile;Assets\Textures\racebanner_zerg_alternative_1v1.dds</Value>
        <Value>AssetFile;Assets\Textures\racebanner_zerg_default_1v1.dds</Value>
        <Value>AssetFile;Assets\Textures\racebanner_zerg_warchest3_1v1.dds</Value>
    </Preload>
</DocInfo>
