<?xml version="1.0" encoding="us-ascii"?>
<Catalog>
    <CAttachMethodPattern id="AMNovaXanthosAssaultGun">
        <Keyword value="SetA"/>
        <Base value="::RollingIndex"/>
        <Driver value="NovaXanthosAssaultGunLM"/>
    </CAttachMethodPattern>
    <!--                                                                                         -->
    <!-- Custom ================================================================================ -->
    <!--                                                                                         -->
    <!-- Terran ~~~~~~~~~~~~~~~~~~~~~~~~~~~~~~~~~~~~~~~~~~~~~~~~~~~~~~~~~~~~~~~~~~~~~~~~~~~~~~~~ -->
    <!--                                                                                         -->
    <CAttachMethodReduction id="AMSkyTankReductionTwo">
        <RequestCount value="2"/>
    </CAttachMethodReduction>
    <CAttachMethodReduction id="AMSkyTankReductionFour">
        <RequestCount value="4"/>
    </CAttachMethodReduction>
    <CAttachMethodReduction id="AMNovaVultureReductionOne"/>
    <CAttachMethodReduction id="AMNovaVultureReductionTwo">
        <RequestCount value="2"/>
    </CAttachMethodReduction>
    <CAttachMethodPattern id="AMPatternNovaShipFiring">
        <Keyword value="Weapon"/>
        <Driver value="NovaShipFiringLM"/>
        <Base value="::RollingIndex"/>
    </CAttachMethodPattern>
    <CAttachMethodPattern id="AMPatternNovaShip">
        <Keyword value="Weapon"/>
        <Driver value="NovaShipLM"/>
        <Base value="::RollingIndex"/>
    </CAttachMethodPattern>
    <CAttachMethodPattern id="AMPatternMilitarizedColonistTransportNova">
        <Keyword value="Weapon"/>
        <Base value="::RollingIndex"/>
        <Driver value="MilitarizedColonistTransportNova"/>
    </CAttachMethodPattern>
    <CAttachMethodPattern id="AMPatternNovaXanthosAATurret">
        <Keyword value="Weapon"/>
        <Base value="::RollingIndex"/>
        <Driver value="NovaXanthosAATurretLM"/>
    </CAttachMethodPattern>
</Catalog>
