<?xml version="1.0" encoding="us-ascii"?>
<Catalog>
    <CButton id="AresClassWeaponsSystem">
        <Icon value="Assets\Textures\btn-upgrade-terran-lazertargetingsystem.dds"/>
        <AlertIcon value="Assets\Textures\btn-upgrade-terran-lazertargetingsystem.dds"/>
    </CButton>
    <CButton id="BansheeBombingRun">
        <Icon value="Assets\Textures\btn-ability-terran-bombardmentstrike-color.dds"/>
        <EditorCategories value="Race:Terran"/>
    </CButton>
    <CButton id="BlackButton">
        <TooltipFlags index="ShowName" value="0"/>
        <TooltipFlags index="ShowHotkey" value="0"/>
        <TooltipFlags index="ShowLevel" value="0"/>
        <TooltipFlags index="ShowResources" value="0"/>
        <TooltipFlags index="ShowSupply" value="0"/>
        <TooltipFlags index="ShowUsage" value="0"/>
        <TooltipFlags index="ShowTime" value="0"/>
        <TooltipFlags index="ShowCooldown" value="0"/>
        <TooltipFlags index="ShowRequirements" value="0"/>
        <TooltipFlags index="ShowAutocast" value="0"/>
        <Icon value="Assets\Textures\btn-blank.dds"/>
    </CButton>
    <CButton id="ChangeShrineDepleted">
        <Icon value="Assets\Textures\btn-ability-protoss-blink-color.dds"/>
        <EditorCategories value="Race:Protoss"/>
    </CButton>
    <CButton id="ChangeShrinetoFlowing">
        <Icon value="Assets\Textures\btn-ability-protoss-blink-color.dds"/>
        <EditorCategories value="Race:Protoss"/>
    </CButton>
    <CButton id="CloakOnBattlecruiser">
        <Icon value="Assets\Textures\btn-ability-terran-cloak-color.dds"/>
        <AlertIcon value="Assets\Textures\btn-ability-terran-cloak-color.dds"/>
        <EditorCategories value="Race:Terran"/>
        <HotkeySet value="Cloak"/>
        <Universal value="1"/>
    </CButton>
    <CButton id="CloakingTechnologyReaper">
        <Icon value="Assets\Textures\btn-ability-terran-cloak-color.dds"/>
        <AlertIcon value="Assets\Textures\btn-ability-terran-cloak-color.dds"/>
        <EditorCategories value="Race:Terran"/>
    </CButton>
    <CButton id="DeploySpiderMinesRaven">
        <Icon value="Assets\Textures\btn-upgrade-siegetank-spidermines.dds"/>
        <AlertIcon value="Assets\Textures\btn-upgrade-siegetank-spidermines.dds"/>
        <EditorCategories value="Race:Terran"/>
    </CButton>
    <CButton id="FastBuildGoliath">
        <Icon value="Assets\Textures\btn-upgrade-terran-optimizedlogistics.dds"/>
        <AlertIcon value="Assets\Textures\btn-upgrade-terran-optimizedlogistics.dds"/>
        <EditorCategories value="Race:Terran"/>
    </CButton>
    <CButton id="FastBuildHellbat">
        <Icon value="Assets\Textures\btn-upgrade-terran-optimizedlogistics.dds"/>
        <AlertIcon value="Assets\Textures\btn-upgrade-terran-optimizedlogistics.dds"/>
        <EditorCategories value="Race:Terran"/>
    </CButton>
    <CButton id="GhostVultureLayMine">
        <Icon value="Assets\Textures\btn-upgrade-terran-kd8chargeex3.dds"/>
        <EditorCategories value="Race:Terran"/>
    </CButton>
    <CButton id="HoverHellbat">
        <Icon value="Assets\Textures\btn-unit-terran-hellionbattlemode.dds"/>
        <AlertIcon value="Assets\Textures\btn-unit-terran-hellionbattlemode.dds"/>
        <EditorCategories value="Race:Terran"/>
        <HotkeyAlias value="HellionTank"/>
    </CButton>
    <CButton id="HoverHellbatPassive">
        <Icon value="Assets\Textures\btn-upgrade-terran-jumpjets.dds"/>
        <EditorCategories value="Race:Terran"/>
        <HotkeyAlias value="HoverTankMode"/>
    </CButton>
    <CButton id="HoverTankMode">
        <Icon value="Assets\Textures\btn-upgrade-terran-jumpjets.dds"/>
        <EditorCategories value="Race:Terran"/>
    </CButton>
    <CButton id="HoverSiegeModePassive">
        <Icon value="Assets\Textures\btn-upgrade-terran-jumpjets.dds"/>
        <EditorCategories value="Race:Terran"/>
        <HotkeyAlias value="HoverTankMode"/>
    </CButton>
    <CButton id="HoverHellionMode">
        <Icon value="Assets\Textures\btn-upgrade-terran-jumpjets.dds"/>
        <EditorCategories value="Race:Terran"/>
        <HotkeyAlias value="HoverTankMode"/>
    </CButton>
    <CButton id="MagrailMunitionsGoliath">
        <Icon value="Assets\Textures\btn-upgrade-terran-magrailmunitions.dds"/>
        <AlertIcon value="Assets\Textures\btn-ability-terran-surfacetoairtargeting.dds"/>
        <EditorCategories value="Race:Terran"/>
        <HotkeyAlias value="MagrailMunitions"/>
    </CButton>
    <CButton id="NovaAlarmBotToggleDetectionVisionModeOn">
        <Icon value="Assets\Textures\ui_tipicon_evolution_hydralisk-detection.dds"/>
        <AlertIcon value="Assets\Textures\ui_tipicon_evolution_hydralisk-detection.dds"/>
        <EditorCategories value="Race:Terran"/>
        <HotkeySet value="Detection/VisionMode"/>
    </CButton>
    <CButton id="NovaAlarmBotToggleDetectionVisionModeOff">
        <Icon value="Assets\Textures\btn-ability-protoss-envision.dds"/>
        <AlertIcon value="Assets\Textures\btn-ability-protoss-envision.dds"/>
        <EditorCategories value="Race:Terran"/>
        <HotkeySet value="Detection/VisionMode"/>
    </CButton>
    <CButton id="NovaDomination"/>
    <CButton id="PersonalDefensiveMatrix">
        <Icon value="Assets\Textures\btn-upgrade-terran-nova-personaldefensivematrix.dds"/>
        <AlertIcon value="Assets\Textures\btn-upgrade-terran-nova-personaldefensivematrix.dds"/>
        <EditorCategories value="Race:Terran"/>
        <Hotkey value="Button/Hotkey/NovaGadgetPulseGrenades"/>
        <HotkeyAlias value="NovaGadgetPulseGrenades"/>
    </CButton>
    <CButton id="DOMGhostPersonalDefensiveMatrix">
        <Icon value="Assets\Textures\btn-upgrade-terran-nova-personaldefensivematrix.dds"/>
        <AlertIcon value="Assets\Textures\btn-upgrade-terran-nova-personaldefensivematrix.dds"/>
        <EditorCategories value="Race:Terran"/>
    </CButton>
    <CButton id="PowerOff">
        <Icon value="Assets\Textures\btn-ability-terran-land.dds"/>
        <AlertIcon value="Assets\Textures\btn-ability-terran-land.dds"/>
        <EditorCategories value="Race:Terran"/>
    </CButton>
    <CButton id="PowerOn">
        <Icon value="Assets\Textures\btn-ability-terran-liftoff.dds"/>
        <AlertIcon value="Assets\Textures\btn-ability-terran-liftoff.dds"/>
        <EditorCategories value="Race:Terran"/>
    </CButton>
    <CButton id="NovaFrenzy">
        <Icon value="Assets\Textures\btn-research-zerg-cellularreactor.dds"/>
        <EditorCategories value="Race:Zerg"/>
        <HidesForSimpleText value="0"/>
    </CButton>
    <CButton id="LockOn">
        <Tooltip value="Button/Tooltip/LockOnUpgraded"/>
        <AlertTooltip value="Button/Tooltip/LockOnUpgraded"/>
    </CButton>
    <CButton id="HoverSiegeMode">
        <Icon value="Assets\Textures\btn-unit-terran-siegetanksiegemode.dds"/>
        <AlertIcon value="Assets\Textures\btn-unit-terran-siegetanksiegemode.dds"/>
        <EditorCategories value="Race:Terran"/>
        <HotkeySet value="TankModes"/>
        <Universal value="1"/>
    </CButton>
    <CButton id="HoverUnsiege">
        <Icon value="Assets\Textures\btn-unit-terran-siegetank.dds"/>
        <AlertIcon value="Assets\Textures\btn-unit-terran-siegetank.dds"/>
        <EditorCategories value="Race:Terran"/>
        <HotkeySet value="TankModes"/>
        <Universal value="1"/>
    </CButton>
    <CButton id="MorphToHoverHellion">
        <Icon value="Assets\Textures\btn-unit-terran-hellion.dds"/>
        <AlertIcon value="Assets\Textures\btn-unit-terran-hellion.dds"/>
        <EditorCategories value="Race:Terran"/>
        <HotkeySet value="HellionModes"/>
    </CButton>
    <CButton id="MorphToHoverHellbat">
        <Icon value="Assets\Textures\btn-unit-terran-hellionbattlemode.dds"/>
        <AlertIcon value="Assets\Textures\btn-unit-terran-hellionbattlemode.dds"/>
        <EditorCategories value="Race:Terran"/>
        <HotkeySet value="HellionModes"/>
    </CButton>
    <CButton id="HoverHellionTank">
        <Icon value="Assets\Textures\btn-unit-terran-hellionbattlemode.dds"/>
        <AlertIcon value="Assets\Textures\btn-unit-terran-hellionbattlemode.dds"/>
        <EditorCategories value="Race:Terran"/>
    </CButton>
    <CButton id="OracleTaldarim">
        <Icon value="Assets\Textures\btn-unit-protoss-oracle-taldarim.dds"/>
    </CButton>
    <CButton id="Separatist">
        <Icon value="Assets\Textures\btn-unit-terran-dom-grunt.dds"/>
        <AlertIcon value="Assets\Textures\btn-unit-terran-dom-grunt.dds"/>
        <EditorCategories value="Race:Terran"/>
    </CButton>
    <CButton id="AdvancedWeaponryBanshee">
        <Icon value="Assets\Textures\btn-upgrade-terran-nova-specialordance.dds"/>
        <AlertIcon value="Assets\Textures\btn-upgrade-terran-nova-specialordance.dds"/>
        <EditorCategories value="Race:Terran"/>
    </CButton>
    <CButton id="SiegeTankJumpJet">
        <Icon value="Assets\Textures\btn-upgrade-terran-jumpjets.dds"/>
        <AlertIcon value="Assets\Textures\BTN-Ability-Terran-JetPack-color.dds"/>
        <Hotkey value="Button/Hotkey/DeploySpiderMines"/>
        <EditorCategories value="Race:Terran"/>
        <HotkeyAlias value="DeploySpiderMines"/>
    </CButton>
    <CButton id="HellbatCharge">
        <Icon value="Assets\Textures\btn-upgrade-terran-jumpjets.dds"/>
        <AlertIcon value="Assets\Textures\btn-upgrade-terran-jumpjets.dds"/>
        <EditorCategories value="Race:Terran"/>
        <Hotkey value="Button/Hotkey/SuperStimpackHellbat"/>
        <HotkeyAlias value="SuperStimpackHellbat"/>
    </CButton>
    <CButton id="DOMLabDoorThinDefaultClose">
        <Icon value="Assets\Textures\btn-missing-kaeo.dds"/>
        <EditorCategories value="Race:Terran"/>
    </CButton>
    <CButton id="DOMLabDoorThinDefaultOpen">
        <Icon value="Assets\Textures\btn-missing-kaeo.dds"/>
        <EditorCategories value="Race:Terran"/>
    </CButton>
    <CButton id="LiberatorAGRangeUpgrade">
        <Icon value="Assets\Textures\btn-ability-terran-haleoflead.dds"/>
        <AlertIcon value="Assets\Textures\btn-ability-terran-haleoflead.dds"/>
        <!--Placeholder value="1"/-->
    </CButton>
    <CButton id="NovaSnipeStone">
        <Icon value="Assets\Textures\btn-ability-terran-snipe-color.dds"/>
        <AlertIcon value="Assets\Textures\btn-ability-terran-snipe-color.dds"/>
        <EditorCategories value="Race:Terran"/>
        <HidesForSimpleText value="0"/>
    </CButton>
    <CButton id="SpiderMine">
        <Icon value="Assets\Textures\btn-upgrade-terran-spidermineex3.dds"/>
        <AlertIcon value="Assets\Textures\btn-upgrade-terran-spidermineex3.dds"/>
    </CButton>
    <CButton id="SpiderMineReplenishReaper">
        <Icon value="Assets\Textures\btn-techupgrade-terran-replenishablemagazine.dds"/>
        <AlertIcon value="Assets\Textures\btn-unit-terran-spidermine.dds"/>
        <EditorCategories value="Race:Terran"/>
        <HotkeyAlias value="SpiderMineReplenish"/>
    </CButton>
    <CButton id="SuperStimMarineRedirect">
        <Icon value="Assets\Textures\btn-upgrade-terran-superstimppack.dds"/>
        <AlertIcon value="Assets\Textures\btn-ability-terran-stimpack-color.dds"/>
        <EditorCategories value="Race:Terran"/>
        <HotkeyAlias value="Stim"/>
        <Universal value="1"/>
    </CButton>
    <CButton id="SuperStimMarauderRedirect">
        <Icon value="Assets\Textures\btn-upgrade-terran-superstimppack.dds"/>
        <AlertIcon value="Assets\Textures\btn-ability-terran-stimpack-color.dds"/>
        <EditorCategories value="Race:Terran"/>
        <HotkeyAlias value="Stim"/>
        <Universal value="1"/>
    </CButton>
    <CButton id="SuperStimReaperRedirect">
        <Icon value="Assets\Textures\btn-upgrade-terran-superstimppack.dds"/>
        <AlertIcon value="Assets\Textures\btn-ability-terran-stimpack-color.dds"/>
        <EditorCategories value="Race:Terran"/>
        <HotkeyAlias value="Stim"/>
        <Universal value="1"/>
    </CButton>
    <CButton id="SuperStimpackHellbat">
        <Icon value="Assets\Textures\btn-upgrade-terran-superstimppack.dds"/>
        <AlertIcon value="Assets\Textures\btn-upgrade-terran-superstimppack.dds"/>
        <EditorCategories value="Race:Terran"/>
        <HotkeyAlias value="Stim"/>
        <Universal value="1"/>
    </CButton>
    <CButton id="SuperStimpackMarauder">
        <Icon value="Assets\Textures\btn-upgrade-terran-superstimppack.dds"/>
        <AlertIcon value="Assets\Textures\btn-upgrade-terran-superstimppack.dds"/>
        <EditorCategories value="Race:Terran"/>
        <HotkeyAlias value="Stim"/>
        <Universal value="1"/>
    </CButton>
    <CButton id="SuperStimpackMarine">
        <Icon value="Assets\Textures\btn-upgrade-terran-superstimppack.dds"/>
        <AlertIcon value="Assets\Textures\btn-upgrade-terran-superstimppack.dds"/>
        <EditorCategories value="Race:Terran"/>
        <HotkeyAlias value="Stim"/>
        <Universal value="1"/>
    </CButton>
    <CButton id="SuperStimpackReaper">
        <Icon value="Assets\Textures\btn-upgrade-terran-superstimppack.dds"/>
        <AlertIcon value="Assets\Textures\btn-upgrade-terran-superstimppack.dds"/>
        <EditorCategories value="Race:Terran"/>
        <HotkeyAlias value="Stim"/>
        <Universal value="1"/>
    </CButton>
    <CButton id="DOMLabDoorWideDefaultClose">
        <Icon value="Assets\Textures\btn-missing-kaeo.dds"/>
        <EditorCategories value="Race:Terran"/>
    </CButton>
    <CButton id="DOMLabDoorWideDefaultOpen">
        <Icon value="Assets\Textures\btn-missing-kaeo.dds"/>
        <EditorCategories value="Race:Terran"/>
    </CButton>
    <CButton id="TrainInfestedBanshee">
        <Icon value="Assets\Textures\btn-unit-terran-banshee.dds"/>
        <AlertIcon value="Assets\Textures\btn-unit-terran-banshee.dds"/>
        <EditorCategories value="Race:Zerg"/>
    </CButton>
    <CButton id="TrainInfestedTerran">
        <Icon value="Assets\Textures\btn-unit-zerg-infestedcolonist.dds"/>
        <AlertIcon value="Assets\Textures\btn-unit-zerg-infestedcolonist.dds"/>
        <EditorCategories value="Race:Zerg"/>
    </CButton>
    <CButton id="TrainInfestedMarine">
        <Icon value="Assets\Textures\btn-unit-zerg-infestedmarine.dds"/>
        <AlertIcon value="Assets\Textures\btn-unit-zerg-infestedmarine.dds"/>
        <EditorCategories value="Race:Zerg"/>
        <HotkeyAlias value="TrainInfestedTerran"/>
    </CButton>
    <CButton id="TrainInfestor">
        <Icon value="Assets\Textures\btn-unit-zerg-infestor.dds"/>
        <AlertIcon value="Assets\Textures\btn-unit-zerg-infestor.dds"/>
        <EditorCategories value="Race:Zerg"/>
        <HotkeyAlias value="TrainInfestedTerran"/>
    </CButton>
    <CButton id="TrainAberration">
        <Icon value="Assets\Textures\btn-unit-zerg-aberration.dds"/>
        <AlertIcon value="Assets\Textures\btn-unit-zerg-aberration.dds"/>
        <EditorCategories value="Race:Zerg"/>
        <HotkeyAlias value="TrainInfestedTerran"/>
    </CButton>
    <CButton id="TrainInfestedMedic">
        <Icon value="Assets\Textures\btn-unit-terran-medickillsquad.dds"/>
        <AlertIcon value="Assets\Textures\btn-unit-terran-medickillsquad.dds"/>
        <EditorCategories value="Race:Zerg"/>
        <HotkeyAlias value="TrainInfestedTerran"/>
    </CButton>
    <CButton id="DOMSnipe">
        <Icon value="Assets\Textures\btn-ability-terran-snipe-color.dds"/>
        <EditorCategories value="Race:Terran"/>
        <Hotkey value="Button/Hotkey/Snipe"/>
        <HotkeyAlias value="Snipe"/>
    </CButton>
    <CButton id="DOMEMP">
        <Icon value="Assets\Textures\btn-unit-terran-ghost.dds"/>
        <Hotkey value="Button/Hotkey/EMP"/>
        <EditorCategories value="Race:Terran"/>
        <HotkeyAlias value="EMP"/>
    </CButton>
    <CButton id="DOMGhostDetectorConeEnter">
        <Icon value="Assets\Textures\alarmlightcone_diffuse.dds"/>
        <Hotkey value="Button/Hotkey/CloakOnGhost"/>
        <EditorCategories value="Race:Terran"/>
        <HotkeyAlias value="CloakOnGhost"/>
    </CButton>
    <CButton id="DOMGhostDetectorConeExit">
        <Icon value="Assets\Textures\btn-unit-terran-ghost.dds"/>
        <Hotkey value="Button/Hotkey/CloakOff"/>
        <EditorCategories value="Race:Terran"/>
        <HotkeyAlias value="CloakOff"/>
    </CButton>
    <CButton id="PlacePsiEmitter">
        <Icon value="Assets\Textures\btn-building-terran-sigmaprojector.dds"/>
        <AlertIcon value="Assets\Textures\btn-building-terran-sigmaprojector.dds"/>
        <Hotkey value="Button/Hotkey/NukeCalldown"/>
        <EditorCategories value="Race:Terran"/>
        <HotkeyAlias value="NukeCalldown"/>
    </CButton>
    <CButton id="NovaNukeArm">
        <Icon value="Assets\Textures\btn-ability-terran-armnuke.dds"/>
        <AlertIcon value="Assets\Textures\btn-ability-terran-armnuke.dds"/>
        <EditorCategories value="Race:Terran"/>
    </CButton>
    <CButton id="BuildingCollapse">
        <Icon value="Assets\Textures\btn-missing-kaeo.dds"/>
        <EditorCategories value="Race:Neutral"/>
    </CButton>
    <CButton id="BuildingCollapseUndo">
        <Icon value="Assets\Textures\btn-missing-kaeo.dds"/>
        <EditorCategories value="Race:Neutral"/>
    </CButton>
    <CButton id="LaserTargetingSystemSiegeTank">
        <Icon value="Assets\Textures\btn-upgrade-terran-lazertargetingsystem.dds"/>
        <EditorCategories value="Race:Terran"/>
    </CButton>
    <CButton id="LaserTargetingSystemBanshee">
        <Icon value="Assets\Textures\btn-upgrade-terran-lazertargetingsystem.dds"/>
        <EditorCategories value="Race:Terran"/>
    </CButton>
    <CButton id="InternalizedTechModuleMarauder">
        <Icon value="Assets\Textures\btn-upgrade-terran-internalizedtechmodule.dds"/>
        <EditorCategories value="Race:Terran"/>
    </CButton>
    <CButton id="InternalizedTechModuleSiegeTank">
        <Icon value="Assets\Textures\btn-upgrade-terran-internalizedtechmodule.dds"/>
        <EditorCategories value="Race:Protoss"/>
    </CButton>
    <CButton id="NovaShipFiring">
        <Icon value="Assets\Textures\btn-missing-kaeo.dds"/>
        <EditorCategories value="Race:Terran"/>
    </CButton>
    <CButton id="NovaShipFiringOff">
        <Icon value="Assets\Textures\btn-missing-kaeo.dds"/>
        <EditorCategories value="Race:Terran"/>
    </CButton>
    <CButton id="GiantEMP">
        <Icon value="Assets\Textures\btn-ability-terran-emp-color.dds"/>
        <AlertIcon value="Assets\Textures\btn-ability-terran-emp-color.dds"/>
        <EditorCategories value="Race:Terran"/>
        <TintRacially value="1"/>
    </CButton>
    <CButton id="SkyTankLaserBeamFast">
        <Icon value="Assets\Textures\btn-ability-concentratedbeam.dds"/>
        <AlertIcon value="Assets\Textures\btn-ability-concentratedbeam.dds"/>
        <EditorCategories value="Race:Terran"/>
        <TintRacially value="1"/>
    </CButton>
    <CButton id="SkyTankLaserBeamSlow">
        <Icon value="Assets\Textures\btn-ability-concentratedbeam.dds"/>
        <AlertIcon value="Assets\Textures\btn-ability-concentratedbeam.dds"/>
        <EditorCategories value="Race:Terran"/>
    </CButton>
    <CButton id="DeploySpiderMines">
        <Icon value="Assets\Textures\btn-upgrade-siegetank-spidermines.dds"/>
        <AlertIcon value="Assets\Textures\btn-upgrade-siegetank-spidermines.dds"/>
        <EditorCategories value="Race:Terran"/>
    </CButton>
    <CButton id="NovaRespawn">
        <Icon value="Assets\Textures\btn-upgrade-nova-novarespawn.dds"/>
        <AlertIcon value="Assets\Textures\btn-upgrade-nova-novarespawn.dds"/>
    </CButton>
    <CButton id="TurnTurret">
        <Icon value="Assets\Textures\btn-command-returncargo.dds"/>
        <AlertIcon value="Assets\Textures\btn-command-returncargo.dds"/>
        <EditorCategories value="Race:Terran"/>
        <HotkeyAlias value="CannonTurnRight"/>
    </CButton>
    <CButton id="NovaMultiTaskMAFServosHellionMorphOnly">
        <Icon value="Assets\Textures\btn-upgrade-terran-transformationservos.dds"/>
        <AlertIcon value="Assets\Textures\btn-upgrade-terran-transformationservos.dds"/>
    </CButton>
    <CButton id="NovaMultiTaskMAFServosHellion">
        <Icon value="Assets\Textures\btn-upgrade-terran-transformationservos.dds"/>
        <AlertIcon value="Assets\Textures\btn-upgrade-terran-transformationservos.dds"/>
        <HotkeyAlias value="MultiTaskMAFServosHellion"/>
    </CButton>
    <CButton id="NovaMothershipInvulnerabilityShieldOn">
        <Icon value="Assets\Textures\btn-ability-protoss-shieldbattery-color.dds"/>
        <AlertIcon value="Assets\Textures\btn-ability-protoss-shieldbattery-color.dds"/>
        <EditorCategories value="Race:Protoss"/>
    </CButton>
    <CButton id="NovaMothershipInvulnerabilityShieldOff">
        <Icon value="Assets\Textures\btn-ability-protoss-shieldbattery-color.dds"/>
        <AlertIcon value="Assets\Textures\btn-ability-protoss-shieldbattery-color.dds"/>
        <EditorCategories value="Race:Protoss"/>
        <HotkeyAlias value="NovaMothershipInvulnerabilityShieldOn"/>
    </CButton>
    <CButton id="ResetTurret">
        <Icon value="Assets\Textures\btn-command-returncargo.dds"/>
        <AlertIcon value="Assets\Textures\btn-command-returncargo.dds"/>
        <EditorCategories value="Race:Terran"/>
        <HotkeyAlias value="CannonTurnRight"/>
    </CButton>
    <CButton id="WarpOut">
        <Icon value="Assets\Textures\btn-ability-protoss-wormholetransit-color.dds"/>
        <AlertIcon value="Assets\Textures\btn-ability-protoss-wormholetransit-color.dds"/>
        <EditorCategories value="Race:Protoss"/>
        <HotkeyAlias value="MothershipCoreTeleport"/>
    </CButton>
    <CButton id="CloakingTechnologyBanshee">
        <Icon value="Assets\Textures\btn-ability-terran-cloak-color.dds"/>
        <AlertIcon value="Assets\Textures\btn-ability-terran-cloak-color.dds"/>
        <EditorCategories value="Race:Terran"/>
    </CButton>
    <CButton id="InfestedExploder">
        <Icon value="Assets\Textures\btn-ability-zerg-neuralparasite-color.dds"/>
        <AlertIcon value="Assets\Textures\btn-ability-zerg-neuralparasite-color.dds"/>
        <EditorCategories value="Race:Zerg"/>
    </CButton>
    <CButton id="OracleSearchlight">
        <Icon value="Assets\Textures\btn-ability-protoss-envision.dds"/>
        <AlertIcon value="Assets\Textures\btn-ability-protoss-envision.dds"/>
        <EditorCategories value="Race:Protoss"/>
        <!--Placeholder value="1"/-->
    </CButton>
    <CButton id="NovaMothershipMassRecall">
        <Icon value="Assets\Textures\btn-ability-protoss-massrecall.dds"/>
        <AlertIcon value="Assets\Textures\btn-ability-protoss-massrecall.dds"/>
        <EditorCategories value="Race:Protoss"/>
        <!--Placeholder value="1"/-->
    </CButton>
    <CButton id="NovaMothershipVoidRayHanger">
        <Icon value="Assets\Textures\btn-missing-kaeo.dds"/>
        <AlertIcon value="Assets\Textures\btn-missing-kaeo.dds"/>
        <EditorCategories value="Race:Protoss"/>
        <!--Placeholder value="1"/-->
    </CButton>
    <CButton id="RegenerativeBioSteel">
        <Icon value="Assets\Textures\btn-upgrade-swann-regenerativebiosteel.dds"/>
        <AlertIcon value="Assets\Textures\btn-upgrade-swann-regenerativebiosteel.dds"/>
        <EditorCategories value="Race:Terran"/>
    </CButton>
    <CButton id="CloakOnLiberator">
        <Icon value="Assets\Textures\btn-ability-terran-cloak-color.dds"/>
        <AlertIcon value="Assets\Textures\btn-ability-terran-cloak-color.dds"/>
        <EditorCategories value="Race:Terran"/>
        <HotkeySet value="Cloak"/>
        <Universal value="1"/>
    </CButton>
    <CButton id="CloakOnReaper">
        <Icon value="Assets\Textures\btn-ability-terran-cloak-color.dds"/>
        <AlertIcon value="Assets\Textures\btn-ability-terran-cloak-color.dds"/>
        <EditorCategories value="Race:Terran"/>
        <HotkeySet value="Cloak"/>
        <Universal value="1"/>
    </CButton>
    <CButton id="BuildHealingDrone">
        <Tooltip value="Button/Tooltip/HealingDrone"/>
        <Icon value="Assets\Textures\btn-unit-terran-targetingdrone.dds"/>
        <AlertTooltip value="Button/Tooltip/HealingDrone"/>
        <AlertIcon value="Assets\Textures\btn-unit-terran-targetingdrone.dds"/>
        <EditorCategories value="Race:Terran"/>
    </CButton>
    <CButton id="BuildRailGunTurret">
        <Tooltip value="Button/Tooltip/RailGunTurret"/>
        <Icon value="Assets\Textures\btn-building-terran-autoturret.dds"/>
        <AlertTooltip value="Button/Tooltip/RailGunTurret"/>
        <AlertIcon value="Assets\Textures\btn-building-terran-autoturret.dds"/>
        <EditorCategories value="Race:Terran"/>
    </CButton>
    <CButton id="SOAMothershipLineAttackV2">
        <Icon value="Assets\Textures\btn-ability-protoss-thermallance.dds"/>
        <AlertIcon value="Assets\Textures\btn-ability-protoss-thermallance.dds"/>
        <EditorCategories value="Race:Protoss"/>
        <HotkeyAlias value="SOAMothershipLineAttack"/>
    </CButton>
    <CButton id="WarpIn">
        <Icon value="Assets\Textures\btn-ability-protoss-wormholetransit-color.dds"/>
        <AlertIcon value="Assets\Textures\btn-ability-protoss-wormholetransit-color.dds"/>
        <EditorCategories value="Race:Protoss"/>
        <HotkeyAlias value="MothershipCoreTeleport"/>
    </CButton>
    <CButton id="BioMechanicalHeal">
        <Icon value="Assets\Textures\btn-ability-terran-heal-color.dds"/>
        <AlertIcon value="Assets\Textures\btn-ability-terran-heal-color.dds"/>
        <EditorCategories value="Race:Terran"/>
    </CButton>
    <CButton id="ClassicQueen">
        <Icon value="Assets\Textures\btn-unit-zerg-queenclassic.dds"/>
        <AlertIcon value="Assets\Textures\btn-unit-zerg-queenclassic.dds"/>
        <EditorCategories value="Race:Zerg"/>
        <Tooltip value="Button/Tooltip/QueenClassic"/>
        <AlertTooltip value="Button/Tooltip/QueenClassic"/>
    </CButton>
    <CButton id="LoadSubway">
        <Icon value="Assets\Textures\btn-ability-terran-load.dds"/>
        <AlertIcon value="Assets\Textures\btn-ability-terran-load.dds"/>
        <EditorCategories value="Race:Terran"/>
        <TintRacially value="1"/>
        <HotkeyAlias value="BunkerLoad"/>
    </CButton>
    <CButton id="UnloadAllSubway">
        <Icon value="Assets\Textures\btn-ability-terran-unloadall.dds"/>
        <AlertIcon value="Assets\Textures\btn-ability-terran-unloadall.dds"/>
        <EditorCategories value="Race:Terran"/>
        <TintRacially value="1"/>
        <HotkeyAlias value="BunkerUnloadAll"/>
    </CButton>
    <CButton id="AdvancedWeaponryReaper">
        <Icon value="Assets\Textures\btn-upgrade-terran-nova-specialordance.dds"/>
        <AlertIcon value="Assets\Textures\btn-upgrade-terran-nova-specialordance.dds"/>
        <EditorCategories value="Race:Terran"/>
    </CButton>
    <CButton id="AdvancedWeaponryRaven">
        <Icon value="Assets\Textures\btn-upgrade-terran-nova-specialordance.dds"/>
        <AlertIcon value="Assets\Textures\btn-upgrade-terran-nova-specialordance.dds"/>
        <EditorCategories value="Race:Terran"/>
    </CButton>
    <CButton id="NovaAlarmBotEMP">
        <Icon value="Assets\Textures\btn-ability-terran-emp-color.dds"/>
        <AlertIcon value="Assets\Textures\btn-ability-terran-emp-color.dds"/>
        <EditorCategories value="Race:Terran"/>
    </CButton>
    <CButton id="NovaArmorBlinkSuitBlinkStone">
        <Icon value="Assets\Textures\BTN-Ability-Protoss-BlinkCharges.dds"/>
        <AlertIcon value="Assets\Textures\BTN-Ability-Protoss-BlinkCharges.dds"/>
        <EditorCategories value="Race:Terran"/>
    </CButton>
    <CButton id="NovaStoneDefensiveMatrix">
        <Icon value="Assets\Textures\btn-ability-terran-defensivematrix.dds"/>
        <AlertIcon value="Assets\Textures\btn-ability-terran-defensivematrix.dds"/>
        <EditorCategories value="Race:Terran"/>
        <TintRacially value="1"/>
    </CButton>
    <CButton id="EfficiencyModuleRaven">
        <Icon value="Assets\Textures\btn-upgrade-terran-moebiusreactor.dds"/>
        <AlertIcon value="Assets\Textures\btn-upgrade-terran-moebiusreactor.dds"/>
        <EditorCategories value="Race:Terran"/>
        <Placeholder value="1"/>
    </CButton>
    <CButton id="EfficiencyModuleBattlecruiser">
        <Icon value="Assets\Textures\btn-upgrade-terran-moebiusreactor.dds"/>
        <AlertIcon value="Assets\Textures\btn-upgrade-terran-moebiusreactor.dds"/>
        <EditorCategories value="Race:Terran"/>
        <Placeholder value="1"/>
    </CButton>
    <CButton id="FastBuildBattlecruiser">
        <Icon value="Assets\Textures\ui_glues_icons_gamemode_training_stage1.dds"/>
        <AlertIcon value="Assets\Textures\ui_glues_icons_gamemode_training_stage1.dds"/>
        <EditorCategories value="Race:Terran"/>
        <HotkeyAlias value="FastBuildLiberator"/>
        <Placeholder value="1"/>
    </CButton>
    <CButton id="FastBuildMarine">
        <Icon value="Assets\Textures\btn-upgrade-terran-optimizedlogistics.dds"/>
        <AlertIcon value="Assets\Textures\btn-upgrade-terran-optimizedlogistics.dds"/>
        <EditorCategories value="Race:Terran"/>
    </CButton>
    <CButton id="FastBuildLiberator">
        <Icon value="Assets\Textures\btn-upgrade-terran-optimizedlogistics.dds"/>
        <AlertIcon value="Assets\Textures\btn-upgrade-terran-optimizedlogistics.dds"/>
        <EditorCategories value="Race:Terran"/>
    </CButton>
    <CButton id="HyperjumpIn">
        <Icon value="Assets\Textures\btn-ability-terran-warpjump.dds"/>
        <EditorCategories value="Race:Terran"/>
    </CButton>
    <CButton id="HyperjumpOut">
        <Icon value="Assets\Textures\btn-ability-terran-warpjump.dds"/>
        <EditorCategories value="Race:Terran"/>
    </CButton>
    <CButton id="NovaCancelTripWire">
        <Icon value="Assets\Textures\btn-command-cancel.dds"/>
        <AlertIcon value="Assets\Textures\btn-command-cancel.dds"/>
        <EditorCategories value="Race:Terran"/>
    </CButton>
    <CButton id="NovaCreateTripWireMedium">
        <Icon value="Assets\Textures\btn-ability-terran-pointdefenselaser.dds"/>
        <AlertIcon value="Assets\Textures\btn-ability-terran-pointdefenselaser.dds"/>
        <EditorCategories value="Race:Terran"/>
    </CButton>
    <CButton id="NovaCreateTripWireSmall">
        <Icon value="Assets\Textures\btn-ability-terran-pointdefenselaser.dds"/>
        <AlertIcon value="Assets\Textures\btn-ability-terran-pointdefenselaser.dds"/>
        <EditorCategories value="Race:Terran"/>
        <HotkeyAlias value="NovaCreateTripWireMedium"/>
    </CButton>
    <CButton id="NovaLaunchSonarDrone">
        <Icon value="Assets\Textures\btn-unit-terran-targetingdrone.dds"/>
        <AlertIcon value="Assets\Textures\btn-unit-terran-targetingdrone.dds"/>
        <EditorCategories value="Race:Terran"/>
    </CButton>
    <CButton id="NovaLaunchAlarmBot">
        <Icon value="Assets\Textures\Wireframe-critter-utilitybot.dds"/>
        <AlertIcon value="Assets\Textures\Wireframe-critter-utilitybot.dds"/>
        <EditorCategories value="Race:Terran"/>
    </CButton>
    <CButton id="NovaSonarPing">
        <Icon value="Assets\Textures\btn-status-radar.dds"/>
        <AlertIcon value="Assets\Textures\btn-status-radar.dds"/>
        <EditorCategories value="Race:Terran"/>
    </CButton>
    <CButton id="NovaStoneTargetEMP">
        <Icon value="Assets\Textures\btn-ability-protoss-targetlock.dds"/>
        <AlertIcon value="Assets\Textures\btn-ability-protoss-targetlock.dds"/>
        <EditorCategories value="Race:Terran"/>
    </CButton>
    <CButton id="NovaStoneTargetEnemy">
        <Icon value="Assets\Textures\btn-upgrade-terran-lazertargetingsystem.dds"/>
        <AlertIcon value="Assets\Textures\btn-upgrade-terran-lazertargetingsystem.dds"/>
        <EditorCategories value="Race:Terran"/>
    </CButton>
    <CButton id="NovaXanthosLaserFire">
        <Icon value="Assets\Textures\btn-ability-terran-penetratorround.dds"/>
        <AlertIcon value="Assets\Textures\btn-ability-terran-penetratorround.dds"/>
        <EditorCategories value="Race:Terran"/>
        <HotkeyAlias value="NovaEradicatorRailgun"/>
    </CButton>
    <CButton id="NovaXanthosLaserChargeOnly">
        <Icon value="Assets\Textures\btn-ability-terran-penetratorround.dds"/>
        <AlertIcon value="Assets\Textures\btn-ability-terran-penetratorround.dds"/>
        <EditorCategories value="Race:Terran"/>
        <HotkeyAlias value="NovaEradicatorRailgun"/>
    </CButton>
    <CButton id="NovaTurnOff">
        <Icon value="Assets\Textures\btn-missing-kaeo.dds"/>
        <EditorCategories value="Race:Terran"/>
        <HotkeyAlias value="RuneShieldOn"/>
    </CButton>
    <CButton id="NovaTurnOn">
        <Icon value="Assets\Textures\btn-missing-kaeo.dds"/>
        <EditorCategories value="Race:Terran"/>
        <HotkeyAlias value="RuneShieldOn"/>
    </CButton>
    <CButton id="NovaDestroyDrone">
        <Icon value="Assets\Textures\btn-command-cancel.dds"/>
        <EditorCategories value="Race:Protoss"/>
        <HotkeyAlias value="PitMalashChargeUpCancel"/>
    </CButton>
    <CButton id="AdvancedWeaponryHellbat">
        <Icon value="Assets\Textures\btn-upgrade-terran-nova-specialordance.dds"/>
        <AlertIcon value="Assets\Textures\btn-upgrade-terran-nova-specialordance.dds"/>
        <EditorCategories value="Race:Terran"/>
    </CButton>
    <CButton id="AllPurposeLaserBattery">
        <Icon value="Assets\Textures\btn-upgrade-terran-nova-specialordance.dds"/>
        <AlertIcon value="Assets\Textures\btn-upgrade-terran-nova-specialordance.dds"/>
        <EditorCategories value="Race:Terran"/>
    </CButton>
    <CButton id="SensorDroneLockOn">
        <Icon value="Assets\Textures\btn-ability-terran-lockon.dds"/>
    </CButton>
    <CButton id="SensorAlternateDroneMissile">
        <Icon value="Assets\Textures\btn-ability-terran-hurricane.dds"/>
    </CButton>
    <CButton id="SensorDroneCloak">
        <Icon value="Assets\Textures\btn-ability-terran-cloak-color.dds"/>
        <AlertIcon value="Assets\Textures\btn-ability-terran-cloak-color.dds"/>
        <EditorCategories value="Race:Terran"/>
    </CButton>
    <CButton id="NovaXanthosDeathLaser">
        <Icon value="Assets\Textures\btn-ability-protoss-thermallance.dds"/>
        <AlertIcon value="Assets\Textures\btn-ability-protoss-thermallance.dds"/>
    </CButton>
    <CButton id="NovaXanthosNukeLauncher">
        <Icon value="Assets\Textures\btn-ability-terran-nuclearstrike-color.dds"/>
        <AlertIcon value="Assets\Textures\btn-ability-terran-nuclearstrike-color.dds"/>
    </CButton>
    <CButton id="NovaXanthosRocketBarrage">
        <Icon value="Assets\Textures\btn-upgrade-terran-nova-bansheemissilestrik.dds"/>
        <AlertIcon value="Assets\Textures\btn-upgrade-terran-nova-bansheemissilestrik.dds"/>
    </CButton>
    <CButton id="NovaXanthosJump">
        <Icon value="Assets\Textures\btn-upgrade-terran-jumpjets.dds"/>
        <AlertIcon value="Assets\Textures\btn-upgrade-terran-jumpjets.dds"/>
    </CButton>
    <CButton id="SuperStimpackStone">
        <Icon value="Assets\Textures\btn-upgrade-terran-superstimppack.dds"/>
        <AlertIcon value="Assets\Textures\btn-upgrade-terran-superstimppack.dds"/>
        <Hotkey value="Button/Hotkey/NovaGadgetPulseGrenades"/>
        <EditorCategories value="Race:Terran"/>
        <Universal value="1"/>
    </CButton>
    <CButton id="NovaXanthosToggleRepairModeOn">
        <Icon value="Assets\Textures\btn-techupgrade-terran-automatedselfrepair.dds"/>
        <AlertIcon value="Assets\Textures\btn-techupgrade-terran-automatedselfrepair.dds"/>
    </CButton>
    <CButton id="NovaXanthosToggleRepairModeOff">
        <Icon value="Assets\Textures\btn-command-cancel.dds"/>
        <AlertIcon value="Assets\Textures\btn-command-cancel.dds"/>
    </CButton>
    <CButton id="NovaXanthosToggleTravelModeOn">
        <Icon value="Assets\Textures\btn-upgrade-terran-jumpjets.dds"/>
        <AlertIcon value="Assets\Textures\btn-upgrade-terran-jumpjets.dds"/>
    </CButton>
    <CButton id="NovaXanthosToggleTravelModeOff">
        <Icon value="Assets\Textures\btn-command-cancel.dds"/>
        <AlertIcon value="Assets\Textures\btn-command-cancel.dds"/>
    </CButton>
</Catalog>
