<?xml version="1.0" encoding="us-ascii"?>
<Catalog>
    <CCharacter id="BrotherhoodTechnician">
        <Age value="40"/>
        <Race value="Terran"/>
        <Relevance value="Minor"/>
        <Voice value="Cepstral William"/>
        <Variations Name="Character/Name/BrotherhoodTechnician/Var1" Model="ScientistOfficerPortrait" Actor="ScientistOfficerPortrait">
            <DefaultCategories value="ConversationType:Mission"/>
            <DefaultCategories value="ConversationType:UnitVO"/>
            <DefaultCategories value="ConversationType:Pitch"/>
        </Variations>
        <Image value="Assets\Textures\smx3_technician_portrait_static.dds"/>
    </CCharacter>
    <CCharacter id="DefenderBanshee">
        <Gender value="Female"/>
        <Race value="Terran"/>
        <Voice value="Cepstral Linda"/>
        <Color value="255,128,128,128"/>
    </CCharacter>
    <CCharacter id="DefendersGhost">
        <Race value="Terran"/>
        <Relevance value="Minor"/>
        <Voice value="NaturalSoft Graham"/>
        <Color value="255,128,128,128"/>
        <Variations Name="Character/Name/DefendersGhost/Var1" Model="DOM_GhostPortrait">
            <DefaultCategories value="ConversationType:Mission"/>
            <DefaultCategories value="ConversationType:UnitVO"/>
            <DefaultCategories value="ConversationType:Pitch"/>
        </Variations>
        <Image value="Assets\Textures\dom_ghostportrait_static.dds"/>
    </CCharacter>
    <CCharacter id="DefendersGhost2">
        <Gender value="Female"/>
        <Race value="Terran"/>
        <Relevance value="Minor"/>
        <Voice value="NaturalSoft Heather"/>
        <Color value="255,255,128,128"/>
        <Variations Name="Character/Name/DefendersGhost2/Var1" Model="DOM_GhostFemale_Portrait">
            <DefaultCategories value="ConversationType:Mission"/>
            <DefaultCategories value="ConversationType:Pitch"/>
        </Variations>
        <Image value="Assets\Textures\dom_ghostalternateportrait_static.dds"/>
    </CCharacter>
    <CCharacter id="DefendersMarauder">
        <Relevance value="Minor"/>
        <Voice value="NaturalSoft Peter"/>
        <Color value="255,128,0,64"/>
        <Image value="Assets\Textures\marauderportrait_static.dds"/>
        <Variations Name="Character/Name/DefendersMarauder/Var1" Model="MarauderPortrait">
            <DefaultCategories value="ConversationType:Mission"/>
            <DefaultCategories value="ConversationType:UnitVO"/>
            <DefaultCategories value="ConversationType:Pitch"/>
        </Variations>
    </CCharacter>
    <CCharacter id="DefendersMarine">
        <Relevance value="Minor"/>
        <Voice value="ATT Rich"/>
        <Variations Name="Character/Name/DefendersMarine/Var1" Model="SeparatistPortrait">
            <DefaultCategories value="ConversationType:Mission"/>
            <DefaultCategories value="ConversationType:UnitVO"/>
            <DefaultCategories value="ConversationType:Pitch"/>
        </Variations>
        <Image value="Assets\Textures\domgruntportrait_static.dds"/>
    </CCharacter>
    <CCharacter id="DefendersOfficer">
        <Relevance value="Minor"/>
        <Voice value="NaturalSoft Ryan"/>
        <Color value="255,64,0,128"/>
        <Variations Name="Character/Name/DefendersOfficer/Var1" Model="DOMOfficerPortrait">
            <DefaultCategories value="ConversationType:Mission"/>
            <DefaultCategories value="ConversationType:UnitVO"/>
            <DefaultCategories value="ConversationType:Pitch"/>
        </Variations>
        <Image value="Assets\Textures\dom_officer_portrait_static.dds"/>
    </CCharacter>
    <CCharacter id="DefendersThor">
        <Race value="Terran"/>
        <Relevance value="Minor"/>
        <Voice value="ATT Mike"/>
        <Color value="255,255,128,64"/>
        <Image value="Assets\Textures\thorportrait_static.dds"/>
        <Variations Name="Character/Name/DefendersThor/Var1" Model="ThorPortrait">
            <DefaultCategories value="ConversationType:Mission"/>
            <DefaultCategories value="ConversationType:UnitVO"/>
            <DefaultCategories value="ConversationType:Pitch"/>
        </Variations>
    </CCharacter>
    <CCharacter id="DefendersTrooper">
        <Relevance value="Minor"/>
        <Voice value="Cepstral Walter"/>
        <Color value="255,128,128,128"/>
        <Variations Name="Character/Name/DefendersTrooper/Var1" Model="SeparatistPortrait">
            <DefaultCategories value="ConversationType:Mission"/>
            <DefaultCategories value="ConversationType:UnitVO"/>
            <DefaultCategories value="ConversationType:Pitch"/>
        </Variations>
        <Image value="Assets\Textures\domgruntportrait_static.dds"/>
    </CCharacter>
    <CCharacter id="DefendersTrooper2">
        <Relevance value="Minor"/>
        <Voice value="Cepstral William"/>
        <Color value="255,102,102,102"/>
        <Variations Name="Character/Name/DefendersTrooper2/Var1" Model="SeparatistPortrait">
            <DefaultCategories value="ConversationType:Mission"/>
            <DefaultCategories value="ConversationType:UnitVO"/>
            <DefaultCategories value="ConversationType:Pitch"/>
        </Variations>
        <Image value="Assets\Textures\domgruntportrait_static.dds"/>
    </CCharacter>
    <CCharacter id="DefendersTrooper3">
        <Relevance value="Minor"/>
        <Voice value="ATT Mike"/>
        <Color value="255,192,192,192"/>
        <Variations Name="Character/Name/DefendersTrooper3/Var1" Model="SeparatistPortrait">
            <DefaultCategories value="ConversationType:Mission"/>
            <DefaultCategories value="ConversationType:UnitVO"/>
            <DefaultCategories value="ConversationType:Pitch"/>
        </Variations>
        <Image value="Assets\Textures\domgruntportrait_static.dds"/>
    </CCharacter>
    <CCharacter id="DefendersTrooper4">
        <Relevance value="Minor"/>
        <Voice value="NaturalVoice Paul"/>
        <Color value="255,53,53,53"/>
        <Variations Name="Character/Name/DefendersTrooper4/Var1" Model="SeparatistPortrait">
            <DefaultCategories value="ConversationType:Mission"/>
            <DefaultCategories value="ConversationType:UnitVO"/>
            <DefaultCategories value="ConversationType:Pitch"/>
        </Variations>
        <Image value="Assets\Textures\domgruntportrait_static.dds"/>
    </CCharacter>
    <CCharacter id="DefendersTrooper5">
        <Relevance value="Minor"/>
        <Voice value="Cepstral William"/>
        <Color value="255,128,128,128"/>
        <Image value="Assets\Textures\domgruntportrait_static.dds"/>
        <Variations Name="Character/Name/DefendersTrooper5/Var1" Model="SeparatistPortrait">
            <DefaultCategories value="ConversationType:Mission"/>
            <DefaultCategories value="ConversationType:Pitch"/>
        </Variations>
    </CCharacter>
    <CCharacter id="DominionMarine">
        <Age value="30"/>
        <Race value="Terran"/>
        <Relevance value="Minor"/>
        <Voice value="ATT Rich"/>
        <Color value="255,128,128,255"/>
        <Image value="Assets\Textures\marineportrait_static.dds"/>
        <Variations Model="DominionMarine1Portrait"/>
    </CCharacter>
    <CCharacter id="DominionOfficer">
        <Age value="40"/>
        <Gender value="Female"/>
        <Image value="Assets\Textures\femaledominionofficer1portrait_static.dds"/>
        <Color value="255,64,128,128"/>
        <Variations Model="FemaleDominionOfficer1Portrait"/>
    </CCharacter>
    <CCharacter id="EnemyAdjutant">
        <Age value="30"/>
        <Gender value="Female"/>
        <Race value="Unknown"/>
        <Voice value="ATT Crystal"/>
        <Color value="255,255,0,0"/>
        <Image value="Assets\Textures\adjutantportrait_static.dds"/>
        <Variations Name="Character/Name/EnemyAdjutant/Var1" Model="AdjutantPortrait_L">
            <DefaultCategories value="ConversationType:Mission"/>
            <DefaultCategories value="ConversationType:UnitVO"/>
            <DefaultCategories value="ConversationType:Pitch"/>
        </Variations>
    </CCharacter>
    <CCharacter id="EnemyGhost">
        <Image value="Assets\Textures\dom_ghostportrait_static.dds"/>
        <Relevance value="Minor"/>
        <Voice value="NaturalSoft Graham"/>
        <Color value="255,128,128,128"/>
        <Variations Name="Character/Name/EnemyGhost/Var1" Model="DOM_GhostPortrait">
            <DefaultCategories value="ConversationType:Mission"/>
            <DefaultCategories value="ConversationType:UnitVO"/>
            <DefaultCategories value="ConversationType:Pitch"/>
        </Variations>
    </CCharacter>
    <CCharacter id="EnemyGhost2">
        <Relevance value="Minor"/>
        <Voice value="NaturalSoft Heather"/>
        <Color value="255,255,128,128"/>
        <Variations Name="Character/Name/EnemyGhost2/Var1" Model="DOM_GhostFemale_Portrait">
            <DefaultCategories value="ConversationType:Mission"/>
            <DefaultCategories value="ConversationType:UnitVO"/>
            <DefaultCategories value="ConversationType:Pitch"/>
        </Variations>
        <Gender value="Female"/>
        <Image value="Assets\Textures\dom_ghostalternateportrait_static.dds"/>
    </CCharacter>
    <CCharacter id="EnemyGuard">
        <Relevance value="Minor"/>
        <Voice value="NaturalSoft Peter"/>
        <Variations Name="Character/Name/EnemyGuard/Var1" Model="SeparatistPortrait">
            <DefaultCategories value="ConversationType:Mission"/>
            <DefaultCategories value="ConversationType:UnitVO"/>
            <DefaultCategories value="ConversationType:Pitch"/>
        </Variations>
        <Image value="Assets\Textures\domgruntportrait_static.dds"/>
    </CCharacter>
    <CCharacter id="EnemyGuard1">
        <Age value="30"/>
        <Race value="Terran"/>
        <Relevance value="Minor"/>
        <Voice value="ATT Mike"/>
        <Color value="255,128,0,0"/>
        <Variations Name="Character/Name/EnemyGuard1/Var1" Model="SeparatistPortrait">
            <DefaultCategories value="ConversationType:Mission"/>
            <DefaultCategories value="ConversationType:UnitVO"/>
            <DefaultCategories value="ConversationType:Pitch"/>
        </Variations>
        <Image value="Assets\Textures\domgruntportrait_static.dds"/>
    </CCharacter>
    <CCharacter id="EnemyGuard2">
        <Voice value="NaturalVoice Paul"/>
        <Color value="255,128,64,0"/>
        <Variations Name="Character/Name/EnemyGuard2/Var1" Model="SeparatistPortrait">
            <DefaultCategories value="ConversationType:Mission"/>
            <DefaultCategories value="ConversationType:UnitVO"/>
            <DefaultCategories value="ConversationType:Pitch"/>
        </Variations>
        <Relevance value="Minor"/>
        <Image value="Assets\Textures\domgruntportrait_static.dds"/>
    </CCharacter>
    <CCharacter id="Ghost1">
        <Relevance value="Medium"/>
        <Voice value="NaturalSoft Ryan"/>
        <Color value="255,0,64,128"/>
        <Image value="Assets\Textures\ghostportrait_static.dds"/>
        <Variations Name="Character/Name/Ghost1/Var1" Model="GhostPortrait">
            <DefaultCategories value="ConversationType:Mission"/>
            <DefaultCategories value="ConversationType:UnitVO"/>
            <DefaultCategories value="ConversationType:Pitch"/>
        </Variations>
    </CCharacter>
    <CCharacter id="Ghost2">
        <Relevance value="Minor"/>
        <Voice value="ATT Rich"/>
        <Color value="255,128,0,255"/>
        <Image value="Assets\Textures\ghostportrait_static.dds"/>
        <Variations Name="Character/Name/Ghost2/Var1" Model="GhostPortrait">
            <DefaultCategories value="ConversationType:Mission"/>
            <DefaultCategories value="ConversationType:UnitVO"/>
            <DefaultCategories value="ConversationType:Pitch"/>
        </Variations>
        <Race value="Terran"/>
    </CCharacter>
    <CCharacter id="Ghost3">
        <Gender value="Female"/>
        <Relevance value="Minor"/>
        <Voice value="ATT Lauren"/>
        <Color value="255,64,128,128"/>
        <Variations Name="Character/Name/Ghost3/Var1" Model="GhostAlternatePortrait">
            <DefaultCategories value="ConversationType:Mission"/>
            <DefaultCategories value="ConversationType:UnitVO"/>
            <DefaultCategories value="ConversationType:Pitch"/>
        </Variations>
        <Age value="20"/>
        <Race value="Terran"/>
        <Image value="Assets\Textures\dom_ghostalternateportrait_static.dds"/>
    </CCharacter>
    <CCharacter id="Horner">
        <Age value="37"/>
        <Color value="255,0,0,160"/>
        <Variations index="0" Name="Character/Name/Horner/Var1" Model="HornerPortrait">
            <DefaultCategories index="0" value="ConversationType:Mission"/>
            <DefaultCategories index="1" value="ConversationType:UnitVO"/>
            <DefaultCategories index="2" removed="1"/>
        </Variations>
        <Variations Name="Character/Name/Horner/Var1" Model="HornerPortrait">
            <DefaultCategories value="ConversationType:Mission"/>
            <DefaultCategories value="ConversationType:UnitVO"/>
        </Variations>
        <Variations Name="Character/Name/Horner/Var2" Model="SMFirstOfficer">
            <DefaultCategories value="Default"/>
        </Variations>
        <Variations Name="Character/Name/Horner/Var4" Model="HornerPortrait3D">
            <DefaultCategories value="ConversationType:Briefing"/>
            <DefaultCategories value="ConversationType:Pitch"/>
        </Variations>
    </CCharacter>
    <CCharacter id="JessicaHall">
        <Gender value="Female"/>
        <Race value="Terran"/>
        <Image value="Assets\Textures\smx1_officerjessicahall_static.dds"/>
        <Voice value="ATT Julia"/>
        <Variations Name="Character/Name/JessicaHall/Var1" Model="HallPortrait">
            <DefaultCategories value="ConversationType:Mission"/>
            <DefaultCategories value="ConversationType:UnitVO"/>
        </Variations>
        <Variations Name="Character/Name/JessicaHall/Var2" Model="HallPortrait3D">
            <DefaultCategories value="ConversationType:Briefing"/>
            <DefaultCategories value="ConversationType:Pitch"/>
        </Variations>
    </CCharacter>
    <CCharacter id="Lockwell">
        <Age value="32"/>
        <Relevance value="Minor"/>
        <Color value="255,64,0,64"/>
        <Variations Name="Character/Name/Lockwell/Var1" Model="LockwellPortrait">
            <DefaultCategories value="ConversationType:Mission"/>
            <DefaultCategories value="ConversationType:UnitVO"/>
            <DefaultCategories value="ConversationType:Pitch"/>
        </Variations>
        <Variations Name="Character/Name/Lockwell/Var2" Model="LockwellPortrait">
            <DefaultCategories value="Default"/>
        </Variations>
    </CCharacter>
    <CCharacter id="Nova">
        <Variations index="0" Name="Character/Name/Nova/Var1" Model="SMX3_NovaPortrait" Actor="SMX3_NovaPortrait">
            <DefaultCategories index="0" value="ConversationType:Mission"/>
            <DefaultCategories index="1" removed="1"/>
        </Variations>
        <Variations Name="Character/Name/Nova/Var1" Model="SMX3_NovaPortrait" Actor="SMX3_NovaPortrait">
            <DefaultCategories value="ConversationType:Mission"/>
        </Variations>
        <Variations Name="Character/Name/Nova/Var2" Model="SMX3_NovaPortrait3D" Actor="SMX3_NovaPortrait3D">
            <DefaultCategories value="ConversationType:Briefing"/>
            <DefaultCategories value="ConversationType:Pitch"/>
        </Variations>
        <Image value="Assets\Textures\smx3_nova_portrait_static.dds"/>
    </CCharacter>
    <CCharacter id="Reaper">
        <Voice value="Cepstral William"/>
        <Variations Name="Character/Name/Reaper/Var1" Model="ReaperPortrait">
            <DefaultCategories value="ConversationType:Mission"/>
            <DefaultCategories value="ConversationType:UnitVO"/>
            <DefaultCategories value="ConversationType:Pitch"/>
        </Variations>
    </CCharacter>
    <CCharacter id="Reigel">
        <Age value="35"/>
        <Race value="Terran"/>
        <Voice value="NaturalSoft Graham"/>
        <Color value="255,128,128,0"/>
        <Variations Name="Character/Name/Reigel/Var1" Model="SMX3_ReigelPortrait" Actor="SMX3_ReigelPortrait">
            <DefaultCategories value="ConversationType:Mission"/>
            <DefaultCategories value="ConversationType:UnitVO"/>
            <DefaultCategories value="ConversationType:Pitch"/>
        </Variations>
        <Variations Name="Character/Name/Reigel/Var2" Model="SMX3_ReigelPortrait3D" Actor="SMX3_ReigelPortrait3D">
            <DefaultCategories value="ConversationType:Briefing"/>
            <DefaultCategories value="ConversationType:Pitch"/>
        </Variations>
        <Image value="Assets\Textures\reigelportrait_static.dds"/>
    </CCharacter>
    <CCharacter id="Swann">
        <Color value="255,255,128,0"/>
        <Variations Name="Character/Name/Swann/Var1" Model="SwannPortrait">
            <DefaultCategories value="ConversationType:Mission"/>
            <DefaultCategories value="ConversationType:UnitVO"/>
            <DefaultCategories value="ConversationType:Pitch"/>
        </Variations>
    </CCharacter>
    <CCharacter id="Valerian">
        <Age value="24"/>
        <Variations Name="Character/Name/Valerian/Var2" Model="ValerianEx1Portrait" Actor="ValerianEx1Portrait">
            <DefaultCategories value="ConversationType:Mission"/>
            <DefaultCategories value="ConversationType:UnitVO"/>
            <DefaultCategories value="ConversationType:Pitch"/>
        </Variations>
        <Variations Name="Character/Name/Valerian/Var1" Model="SMValerianMengsk">
            <DefaultCategories value="Default"/>
        </Variations>
        <Color value="255,128,0,64"/>
    </CCharacter>
    <CCharacter id="Vermillion">
        <Age value="45"/>
        <Image value="Assets\Textures\vermillionportrait_static.dds"/>
        <Relevance value="Minor"/>
        <Voice value="NaturalSoft Peter"/>
        <Color value="255,255,128,0"/>
        <Variations Name="Character/Name/Vermillion/Var1" Model="VermillionPortrait">
            <DefaultCategories value="ConversationType:UnitVO"/>
            <DefaultCategories value="ConversationType:Pitch"/>
        </Variations>
        <Variations Name="Character/Name/Vermillion/Var2" Model="SMDonnyVermillion">
            <DefaultCategories value="Default"/>
        </Variations>
    </CCharacter>
    <CCharacter id="WarhawkPilot">
        <Race value="Terran"/>
        <Relevance value="Minor"/>
        <Voice value="NaturalVoice Paul"/>
    </CCharacter>
    <CCharacter id="Wrangler">
        <Age value="30"/>
        <Race value="Terran"/>
        <Voice value="Cepstral Walter"/>
        <Color value="255,128,64,0"/>
        <Relevance value="Medium"/>
        <Variations Name="Character/Name/Wrangler/Var1" Model="SMX3_WranglerPortrait" Actor="SMX3_WranglerPortrait"/>
        <Image value="Assets\Textures\smx3_wrangler_portrait_static.dds"/>
    </CCharacter>
    <CCharacter id="Aberration">
        <Race value="Zerg"/>
        <Relevance value="Minor"/>
        <Voice value="Cepstral William"/>
        <Color value="255,64,0,128"/>
        <Image value="Assets\Textures\aberrationportrait_static.dds"/>
        <Variations Model="AberrationPortrait">
            <DefaultCategories value="ConversationType:Mission"/>
            <DefaultCategories value="ConversationType:UnitVO"/>
        </Variations>
    </CCharacter>
    <CCharacter id="Alarak">
        <Variations Model="AlarakEx2Portrait" Actor="AlarakEx2Portrait">
            <DefaultCategories value="ConversationType:Mission"/>
            <DefaultCategories value="ConversationType:UnitVO"/>
            <DefaultCategories value="ConversationType:Briefing"/>
            <DefaultCategories value="ConversationType:Pitch"/>
        </Variations>
    </CCharacter>
    <CCharacter id="CrazedDriver">
        <Race value="Terran"/>
        <Relevance value="Minor"/>
        <Voice value="NaturalSoft Ryan"/>
        <Color value="255,128,0,255"/>
        <Image value="Assets\Textures\crazeddriverportrait_static.dds"/>
        <Variations Model="CrazedDriverPortrait">
            <DefaultCategories value="ConversationType:Mission"/>
            <DefaultCategories value="ConversationType:UnitVO"/>
        </Variations>
    </CCharacter>
    <CCharacter id="DefendersMarine2"/>
    <CCharacter id="DefendersPilot">
        <Age value="25"/>
        <Gender value="Female"/>
        <Race value="Terran"/>
        <Color value="255,255,128,0"/>
        <Variations Model="SMX3_Viking_Pilot">
            <DefaultCategories value="ConversationType:Mission"/>
            <DefaultCategories value="ConversationType:UnitVO"/>
        </Variations>
    </CCharacter>
    <CCharacter id="Eradicator">
        <Race value="Terran"/>
        <Relevance value="Minor"/>
        <Voice value="ATT Mike"/>
        <Color value="255,128,0,0"/>
        <Image value="Assets\Textures\aresportrait_static.dds"/>
        <Variations Model="ARESPortrait">
            <DefaultCategories value="ConversationType:Mission"/>
            <DefaultCategories value="ConversationType:UnitVO"/>
        </Variations>
    </CCharacter>
    <CCharacter id="GeneralDavis">
        <Age value="55"/>
        <Gender value="Female"/>
        <Race value="Terran"/>
        <Voice value="ATT Crystal"/>
        <Color value="255,128,0,0"/>
        <Image value="Assets\Textures\smx3_generaldavisportrait_static.dds"/>
        <Variations Model="SMX3_GeneralDavisPortrait" Actor="SMX3_GeneralDavisPortrait">
            <DefaultCategories value="ConversationType:Mission"/>
            <DefaultCategories value="ConversationType:UnitVO"/>
        </Variations>
    </CCharacter>
    <CCharacter id="InfestedBanshee">
        <Gender value="Female"/>
        <Race value="Terran"/>
        <Relevance value="Minor"/>
        <Color value="255,255,128,0"/>
    </CCharacter>
    <CCharacter id="InfestedTerran">
        <Relevance value="Minor"/>
        <Voice value="NaturalSoft Peter"/>
        <Image value="Assets\Textures\infestedcolonistportrait_static.dds"/>
        <Variations Model="InfestedColonistPortrait">
            <DefaultCategories value="ConversationType:Mission"/>
            <DefaultCategories value="ConversationType:UnitVO"/>
        </Variations>
    </CCharacter>
    <CCharacter id="Jinara">
        <Gender value="Female"/>
        <Relevance value="Medium"/>
        <Voice value="NaturalVoice Kate"/>
        <Color value="255,255,128,0"/>
        <Image value="Assets\Textures\jinaraportrait_static.dds"/>
        <Variations Model="Jinara_Portrait">
            <DefaultCategories value="ConversationType:Mission"/>
            <DefaultCategories value="ConversationType:UnitVO"/>
        </Variations>
    </CCharacter>
    <CCharacter id="MichaelLiberty">
        <Voice value="ATT Rich"/>
        <Color value="255,0,64,128"/>
        <Image value="Assets\Textures\libertyportrait_static.dds"/>
        <Variations Model="SMMikeLiberty">
            <DefaultCategories value="ConversationType:Mission"/>
            <DefaultCategories value="ConversationType:UnitVO"/>
        </Variations>
    </CCharacter>
    <CCharacter id="UmojanMarine">
        <Race value="Terran"/>
        <Relevance value="Minor"/>
        <Voice value="NaturalSoft Graham"/>
        <Color value="255,0,128,255"/>
        <Image value="Assets\Textures\marine10portrait_static.dds"/>
        <Variations Model="Marine10Portrait">
            <DefaultCategories value="ConversationType:Mission"/>
            <DefaultCategories value="ConversationType:UnitVO"/>
        </Variations>
    </CCharacter>
    <CCharacter id="UmojanMedic">
        <Age value="25"/>
        <Gender value="Female"/>
        <Race value="Terran"/>
        <Relevance value="Minor"/>
        <Voice value="NaturalVoice Kate"/>
        <Color value="255,64,0,64"/>
    </CCharacter>
    <CCharacter id="DefendersAdjutant">
        <Gender value="Female"/>
        <Image value="Assets\Textures\adjutantportrait_l_static.dds"/>
        <Relevance value="Minor"/>
        <Voice value="ATT Crystal"/>
        <Color value="255,255,128,0"/>
        <Variations Model="AdjutantPortrait_L">
            <DefaultCategories value="ConversationType:CutScene"/>
            <DefaultCategories value="ConversationType:ScriptedScenes"/>
        </Variations>
    </CCharacter>
    <CCharacter id="DefendersGhost3">
        <Relevance value="Minor"/>
        <Voice value="Cepstral Walter"/>
        <Color value="255,0,0,128"/>
        <Image value="Assets\Textures\dom_ghostportrait_static.dds"/>
        <Variations Name="Character/Name/DefendersGhost3/Var1" Model="DOM_GhostPortrait">
            <DefaultCategories value="ConversationType:Mission"/>
            <DefaultCategories value="ConversationType:Pitch"/>
        </Variations>
    </CCharacter>
    <CCharacter id="DefendersGhost4">
        <Gender value="Female"/>
        <Relevance value="Minor"/>
        <Voice value="ATT Crystal"/>
        <Color value="255,0,64,64"/>
        <Image value="Assets\Textures\dom_ghostalternateportrait_static.dds"/>
        <Variations Name="Character/Name/DefendersGhost4/Var1" Model="DOM_GhostFemale_Portrait">
            <DefaultCategories value="ConversationType:Mission"/>
            <DefaultCategories value="ConversationType:Pitch"/>
        </Variations>
    </CCharacter>
    <CCharacter id="DefendersScientist">
        <Age value="40"/>
        <Race value="Terran"/>
        <Relevance value="Minor"/>
        <Voice value="NaturalSoft Graham"/>
        <Color value="255,0,64,64"/>
        <Image value="Assets\Textures\scientist1portrait_static.dds"/>
        <Variations Name="Character/Name/DefendersScientist/Var1" Model="Scientist1Portrait">
            <DefaultCategories value="ConversationType:Mission"/>
            <DefaultCategories value="ConversationType:UnitVO"/>
            <DefaultCategories value="ConversationType:Pitch"/>
        </Variations>
    </CCharacter>
    <CCharacter id="DefendersScientist2">
        <Age value="50"/>
        <Race value="Terran"/>
        <Relevance value="Minor"/>
        <Voice value="NaturalSoft Graham"/>
        <Color value="255,128,128,192"/>
        <Image value="Assets\Textures\scientist2portrait_static.dds"/>
        <Variations Name="Character/Name/DefendersScientist2/Var1" Model="Scientist2Portrait">
            <DefaultCategories value="ConversationType:Mission"/>
            <DefaultCategories value="ConversationType:UnitVO"/>
            <DefaultCategories value="ConversationType:Pitch"/>
        </Variations>
    </CCharacter>
    <CCharacter id="DefendersScientist22">
        <Age value="35"/>
        <Race value="Terran"/>
        <Relevance value="Minor"/>
        <Voice value="Cepstral Walter"/>
        <Color value="255,255,128,128"/>
        <Image value="Assets\Textures\scientist1portrait_static.dds"/>
        <Variations Name="Character/Name/DefendersScientist22/Var1" Model="Scientist1Portrait">
            <DefaultCategories value="ConversationType:Mission"/>
            <DefaultCategories value="ConversationType:UnitVO"/>
            <DefaultCategories value="ConversationType:Pitch"/>
        </Variations>
    </CCharacter>
    <CCharacter id="DefendersThor2">
        <Age value="25"/>
        <Race value="Terran"/>
        <Image value="Assets\Textures\thorportrait_static.dds"/>
        <Relevance value="Minor"/>
        <Voice value="ATT Mike"/>
        <Color value="255,255,128,64"/>
        <Variations Name="Character/Name/DefendersThor/Var1" Model="ThorPortrait">
            <DefaultCategories value="ConversationType:Mission"/>
            <DefaultCategories value="ConversationType:UnitVO"/>
            <DefaultCategories value="ConversationType:Pitch"/>
        </Variations>
    </CCharacter>
    <CCharacter id="DefendersTrooper42">
        <Relevance value="Minor"/>
        <Voice value="NaturalVoice Paul"/>
        <Color value="255,53,53,53"/>
        <Variations Name="Character/Name/DefendersTrooper4/Var1" Model="SeparatistPortrait">
            <DefaultCategories value="ConversationType:Mission"/>
            <DefaultCategories value="ConversationType:UnitVO"/>
            <DefaultCategories value="ConversationType:Pitch"/>
        </Variations>
        <Image value="Assets\Textures\domgruntportrait_static.dds"/>
    </CCharacter>
    <CCharacter id="DefendersTrooper422">
        <Relevance value="Minor"/>
        <Voice value="Cepstral William"/>
        <Color value="255,128,64,0"/>
        <Variations Name="Character/Name/DefendersTrooper4/Var1" Model="SeparatistPortrait">
            <DefaultCategories value="ConversationType:Mission"/>
            <DefaultCategories value="ConversationType:UnitVO"/>
            <DefaultCategories value="ConversationType:Pitch"/>
        </Variations>
        <Image value="Assets\Textures\domgruntportrait_static.dds"/>
    </CCharacter>
</Catalog>
