<?xml version="1.0" encoding="us-ascii"?>
<Catalog>
    <CDSPEcho id="Echo_Nova06_Flashback01">
        <DecayRatio value="0.100000"/>
        <Delay value="400.000000"/>
        <MaxChannels value="1.000000"/>
        <WetMix value="0.100000"/>
    </CDSPEcho>
    <CDSPEcho id="Echo_CS_MP02_Flashback">
        <DecayRatio value="0.100000"/>
        <Delay value="650.000000"/>
        <MaxChannels value="2.000000"/>
        <WetMix value="0.100000"/>
        <DryMix value="0.950000"/>
    </CDSPEcho>
    <CDSPReverb id="Reverb_CS_MP02_Flashback">
        <DecayHFRatio value="1.000000"/>
        <DecayTime value="2.500000"/>
        <Density value="50.000000"/>
        <Diffusion value="50.000000"/>
        <HFReference value="10000.000000"/>
        <LFReference value="20.000000"/>
        <ReflectionsDelay value="0.150000"/>
        <ReflectionsLevel value="-1000.000000"/>
        <ReverbDelay value="0.020000"/>
        <ReverbLevel value="-250.000000"/>
        <Room value="-850.000000"/>
        <RoomHF value="-2000.000000"/>
        <RoomRolloffFactor value="5.000000"/>
        <DryLevel value="-150.000000"/>
    </CDSPReverb>
    <CDSPReverb id="Reverb_NovaMP02_GriffinBridgeCU">
        <DecayHFRatio value="0.800000"/>
        <DecayTime value="2.000000"/>
        <Density value="50.000000"/>
        <Diffusion value="50.000000"/>
        <HFReference value="10000.000000"/>
        <LFReference value="20.000000"/>
        <ReflectionsDelay value="0.000000"/>
        <ReflectionsLevel value="-10000.000000"/>
        <ReverbDelay value="0.000000"/>
        <ReverbLevel value="-200.000000"/>
        <Room value="-900.000000"/>
        <RoomHF value="-3000.000000"/>
        <RoomLF value="-3000.000000"/>
        <RoomRolloffFactor value="5.000000"/>
    </CDSPReverb>
    <CDSPReverb id="Reverb_NovaMP03_ValeriansChamber">
        <DecayHFRatio value="0.800000"/>
        <DecayTime value="1.000000"/>
        <Density value="50.000000"/>
        <Diffusion value="50.000000"/>
        <HFReference value="10000.000000"/>
        <LFReference value="20.000000"/>
        <ReflectionsDelay value="0.000000"/>
        <ReflectionsLevel value="-10000.000000"/>
        <ReverbDelay value="0.000000"/>
        <ReverbLevel value="-500.000000"/>
        <Room value="-900.000000"/>
        <RoomHF value="-3000.000000"/>
        <RoomLF value="-3000.000000"/>
        <RoomRolloffFactor value="5.000000"/>
    </CDSPReverb>
    <CDSPReverb id="Reverb_NovaMP02_GriffinBridgeWS">
        <DecayHFRatio value="0.800000"/>
        <DecayTime value="2.000000"/>
        <HFReference value="10000.000000"/>
        <LFReference value="20.000000"/>
        <ReflectionsDelay value="0.050000"/>
        <ReflectionsLevel value="-7500.000000"/>
        <ReverbDelay value="0.050000"/>
        <ReverbLevel value="-150.000000"/>
        <Room value="-1100.000000"/>
        <RoomHF value="-3000.000000"/>
        <RoomLF value="-3000.000000"/>
        <RoomRolloffFactor value="5.000000"/>
        <Density value="50.000000"/>
        <Diffusion value="50.000000"/>
    </CDSPReverb>
    <CDSPReverb id="Reverb_NovaMP02_GriffinBridgeMS">
        <DecayHFRatio value="0.800000"/>
        <DecayTime value="2.000000"/>
        <Density value="50.000000"/>
        <Diffusion value="50.000000"/>
        <HFReference value="10000.000000"/>
        <LFReference value="20.000000"/>
        <ReflectionsDelay value="0.000000"/>
        <ReflectionsLevel value="-10000.000000"/>
        <ReverbDelay value="0.000000"/>
        <ReverbLevel value="-175.000000"/>
        <Room value="-900.000000"/>
        <RoomHF value="-3000.000000"/>
        <RoomLF value="-3000.000000"/>
        <RoomRolloffFactor value="5.000000"/>
    </CDSPReverb>
    <CDSPReverb id="Reverb_Nova06_Flashback01">
        <DecayHFRatio value="1.000000"/>
        <DecayTime value="2.500000"/>
        <Density value="50.000000"/>
        <Diffusion value="50.000000"/>
        <HFReference value="10000.000000"/>
        <LFReference value="20.000000"/>
        <ReflectionsDelay value="0.000000"/>
        <ReflectionsLevel value="-1000.000000"/>
        <ReverbDelay value="0.000000"/>
        <ReverbLevel value="-200.000000"/>
        <Room value="-1500.000000"/>
        <RoomRolloffFactor value="5.000000"/>
        <RoomHF value="-2000.000000"/>
        <DryLevel value="-10.000000"/>
    </CDSPReverb>
</Catalog>
