<?xml version="1.0" encoding="us-ascii"?>
<Catalog>
    <CKineticRotate id="FlameTurretRotateSCW">
        <Yaw value="360"/>
        <Duration value="36"/>
    </CKineticRotate>
    <CKineticRotate id="FlameTurretRotateSCCW">
        <Yaw value="-360"/>
        <Duration value="36"/>
    </CKineticRotate>
    <CKineticRotate id="FlameTurretRotateFCW">
        <Yaw value="360"/>
        <Duration value="18"/>
    </CKineticRotate>
    <CKineticRotate id="FlameTurretRotateFCCW">
        <Yaw value="-360"/>
        <Duration value="18"/>
    </CKineticRotate>
    <CKineticRotate id="RotatingTurretRotateSCW">
        <Yaw value="5"/>
        <Duration value="0.25"/>
        <Cycles value="1"/>
    </CKineticRotate>
    <CKineticRotate id="RotatingTurretRotateSCCW">
        <Yaw value="-5"/>
        <Duration value="0.25"/>
        <Cycles value="1"/>
    </CKineticRotate>
</Catalog>
