<?xml version="1.0" encoding="us-ascii"?>
<Catalog>
    <CMoverMissile id="NovaXanthosAssaultGunAttackMissile" parent="MissileDefault">
        <MotionPhases index="0">
            <Driver value="Guidance"/>
            <Acceleration value="150"/>
            <MaxSpeed value="18.75"/>
            <ClearanceAcceleration value="75"/>
            <Outro value="-1"/>
            <YawPitchRoll value="719.2968"/>
        </MotionPhases>
    </CMoverMissile>
    <CMoverMissile id="NovaRavenSeekerMissile">
        <MotionPhases>
            <Driver value="Throw"/>
            <Acceleration value="3200"/>
            <Speed value="1"/>
            <MaxSpeed value="1"/>
            <Clearance value="0.5"/>
            <ClearanceLookahead value="3"/>
            <ClearanceAcceleration value="75"/>
            <ClearanceIgnoresTargetProximity value="1"/>
            <Outro value="0.3"/>
            <Timeout value="0.3"/>
            <ThrowVector value="0,-1,0"/>
            <FlightTime value="0.3"/>
        </MotionPhases>
        <MotionPhases>
            <Driver value="Throw"/>
            <Speed value="0.0078"/>
            <MaxSpeed value="0.0078"/>
            <Clearance value="0.5"/>
            <ClearanceLookahead value="3"/>
            <ClearanceAcceleration value="75"/>
            <ClearanceIgnoresTargetProximity value="1"/>
            <Outro value="0.9"/>
            <Timeout value="0.7"/>
            <ThrowVector value="0,-1,0"/>
            <YawPitchRoll value="MAX"/>
            <FlightTime value="0.7"/>
        </MotionPhases>
        <MotionPhases>
            <Driver value="Guidance"/>
            <Acceleration value="4"/>
            <MaxSpeed value="16"/>
            <Clearance value="0.5"/>
            <ClearanceLookahead value="3"/>
            <Outro value="5"/>
            <YawPitchRoll value="MAX"/>
        </MotionPhases>
        <MotionPhases>
            <Driver value="Guidance"/>
            <Acceleration value="4"/>
            <MaxSpeed value="16"/>
            <Clearance value="0.5"/>
            <ClearanceLookahead value="3"/>
            <Outro value="-2.25,-2"/>
            <YawPitchRoll value="MAX"/>
        </MotionPhases>
        <MotionPhases>
            <Driver value="Guidance"/>
            <Acceleration value="16"/>
            <MaxSpeed value="16"/>
            <Clearance value="0.25"/>
            <ClearanceLookahead value="3"/>
            <YawPitchRoll value="MAX"/>
        </MotionPhases>
    </CMoverMissile>
    <CMoverMissile id="NovaXanthosRocketBarrage">
        <MotionPhases>
            <Driver value="Ballistic"/>
            <Gravity value="10"/>
            <Outro value="-0.5,-0.2"/>
            <ThrowBandYaw value="-360,-360,-360,-360"/>
            <ThrowBandPitch value="-360,-360,-360,-360"/>
            <FlightTime value="3,-1"/>
            <Overlays Scale="1,1"/>
        </MotionPhases>
        <MotionPhases Driver="Guidance" MaxSpeed="40" YawPitchRoll="MAX"/>
        <MotionOverlays>
            <Type value="Revolver"/>
            <RevolverSpeed value="799.8046"/>
            <RevolverSpeedRange value="0"/>
            <RevolverMaxSpeed value="799.8046"/>
            <RevolverMaxSpeedRange value="0"/>
            <RevolverAccel value="292.5"/>
            <RevolverAccelRange value="0"/>
        </MotionOverlays>
    </CMoverMissile>
    <CMoverMissile id="NovaXanthosRocketBarrageEasy">
        <MotionPhases>
            <Driver value="Ballistic"/>
            <Gravity value="10"/>
            <Outro value="-0.5,-0.2"/>
            <ThrowBandYaw value="-360,-360,-360,-360"/>
            <ThrowBandPitch value="-360,-360,-360,-360"/>
            <FlightTime value="6,-1"/>
            <Overlays Scale="1,1"/>
        </MotionPhases>
        <MotionPhases Driver="Guidance" MaxSpeed="40" YawPitchRoll="MAX"/>
        <MotionOverlays>
            <Type value="Revolver"/>
            <RevolverSpeed value="799.8046"/>
            <RevolverSpeedRange value="0"/>
            <RevolverMaxSpeed value="799.8046"/>
            <RevolverMaxSpeedRange value="0"/>
            <RevolverAccel value="292.5"/>
            <RevolverAccelRange value="0"/>
        </MotionOverlays>
    </CMoverMissile>
    <CMoverMissile id="SiegeTankJumpJet">
        <MotionPhases>
            <Driver value="AdaptableParabola"/>
            <MinSpeed value="3"/>
            <MaxSpeed value="3"/>
            <ActorTracking value="Actual"/>
            <Outro value="0,4"/>
            <AdaptableParabolaClearance value="3"/>
        </MotionPhases>
        <MotionPhases>
            <Driver value="Guidance"/>
            <MinSpeed value="5"/>
            <MaxSpeed value="5"/>
            <Outro value="4.1,4.2"/>
        </MotionPhases>
        <MotionPhases>
            <Driver value="Guidance"/>
            <MinSpeed value="8"/>
            <MaxSpeed value="8"/>
            <YawPitchRoll value="MAX"/>
        </MotionPhases>
        <RotationIgnoredByUnit value="1"/>
    </CMoverMissile>
    <CMoverMissile id="HellbatChargeMissile" parent="MissileDefault">
        <Flags index="RestoreHeight" value="1"/>
        <MotionPhases index="0">
            <Driver value="AdaptableParabola"/>
            <Acceleration value="0"/>
            <MinSpeed value="10"/>
            <MaxSpeed value="10"/>
            <ClearanceAcceleration value="75"/>
            <ActorTracking value="Actual"/>
            <Outro value="0"/>
            <AdaptableParabolaIsUpright value="1"/>
            <AdaptableParabolaClearance value="1,0.5"/>
            <YawPitchRoll value="0"/>
            <AdaptableParabolaDistances index="Launch" value="1"/>
            <AdaptableParabolaDistances index="PreApex" value="0.3"/>
            <AdaptableParabolaDistances index="PostApex" value="0.3"/>
            <AdaptableParabolaDistances index="Land" value="1"/>
            <AdaptableParabolaAccels index="Launch" value="0"/>
            <AdaptableParabolaAccels index="Ascent" value="0"/>
            <AdaptableParabolaAccels index="Apex" value="0"/>
            <AdaptableParabolaAccels index="Descent" value="0"/>
            <AdaptableParabolaAccels index="Land" value="0"/>
        </MotionPhases>
        <MotionPhases index="1" removed="1"/>
    </CMoverMissile>
    <CMoverMissile id="NovaLockdownMissile" parent="MissileDefault"/>
    <CMoverMissile id="SkyTankMissileBarrageMissile">
        <MotionPhases>
            <Driver value="Ballistic"/>
            <Acceleration value="-1"/>
            <Gravity value="10"/>
            <ClearanceLookahead value="3"/>
            <YawPitchRoll value="MAX"/>
            <FlightTime value="1"/>
            <Overlays Scale="0.75,0.75"/>
        </MotionPhases>
        <MotionOverlays>
            <Type value="Revolver"/>
            <RevolverSpeed value="179.2968"/>
            <RevolverSpeedRange value="179.2968"/>
            <RevolverMaxSpeed value="719.2968"/>
            <RevolverMaxSpeedRange value="0"/>
            <RevolverAccel value="337.5"/>
            <RevolverAccelRange value="337.5"/>
        </MotionOverlays>
    </CMoverMissile>
    <CMoverMissile id="NovaPsiEmitterReleaseWeapon" parent="MissileDefault">
        <MotionPhases index="0">
            <Driver value="Guidance"/>
            <Acceleration value="3200"/>
            <Speed value="12"/>
            <MaxSpeed value="12"/>
            <ClearanceAcceleration value="75"/>
            <Outro value="-1"/>
            <YawPitchRoll value="719.2968"/>
        </MotionPhases>
    </CMoverMissile>
    <CMoverMissile id="NovaShipFiring" parent="MissileDefault">
        <MotionPhases index="0">
            <Driver value="Guidance"/>
            <Acceleration value="3200"/>
            <MaxSpeed value="18.75"/>
            <ClearanceAcceleration value="75"/>
            <IgnoresTerrain value="1"/>
            <Outro value="-1"/>
            <YawPitchRoll value="719.2968"/>
        </MotionPhases>
        <MotionPhases index="1" IgnoresTerrain="1" YawPitchRoll="MAX"/>
    </CMoverMissile>
    <CMoverMissile id="DeploySpiderMines">
        <MotionPhases>
            <Driver value="Guidance"/>
            <Acceleration value="3200"/>
            <Speed value="22"/>
            <MaxSpeed value="22"/>
            <Outro value="-4"/>
            <RotationLaunchActorType value="LaunchToTarget"/>
            <YawPitchRoll value="MAX"/>
        </MotionPhases>
        <MotionPhases>
            <Driver value="Guidance"/>
            <Acceleration value="3200"/>
            <Speed value="50"/>
            <MaxSpeed value="50"/>
            <ThrowBandYaw value="-360,-360,-360,-360"/>
            <ThrowBandPitch value="-360,-360,-360,-360"/>
            <YawPitchRoll value="5759.6484"/>
        </MotionPhases>
    </CMoverMissile>
    <CMoverMissile id="SOAMothershipLineAttackV2Weapon">
        <MotionPhases>
            <Driver value="Guidance"/>
            <Acceleration value="3200"/>
            <MaxSpeed value="6.25"/>
            <ClearanceAcceleration value="75"/>
            <Outro value="-1"/>
            <YawPitchRoll value="719.2968"/>
        </MotionPhases>
        <MotionPhases YawPitchRoll="MAX"/>
    </CMoverMissile>
    <CMoverMissile id="NovaXThosBroadsideCannonLMWeapon" parent="MissileDefault">
        <MotionPhases index="0">
            <Driver value="Guidance"/>
            <Acceleration value="150"/>
            <MaxSpeed value="18.75"/>
            <ClearanceAcceleration value="75"/>
            <Outro value="-1"/>
            <YawPitchRoll value="719.2968"/>
        </MotionPhases>
    </CMoverMissile>
    <CMoverMissile id="NovaXThosBroadsideCannonAGLMWeapon" parent="MissileDefault">
        <MotionPhases index="0">
            <Driver value="Guidance"/>
            <Acceleration value="150"/>
            <MaxSpeed value="18.75"/>
            <ClearanceAcceleration value="75"/>
            <Outro value="-1"/>
            <YawPitchRoll value="719.2968"/>
        </MotionPhases>
    </CMoverMissile>
    <CMoverMissile id="NovaXanthosDeathLaserAttackMissile">
        <MotionPhases>
            <Driver value="Guidance"/>
            <Acceleration value="3200"/>
            <MaxSpeed value="6.25"/>
            <ClearanceAcceleration value="75"/>
            <Outro value="-1"/>
            <YawPitchRoll value="719.2968"/>
        </MotionPhases>
        <MotionPhases YawPitchRoll="MAX"/>
    </CMoverMissile>
    <!--CMoverMissile id="NovaXanthosJump">
        <MotionPhases>
            <Driver value="Guidance"/>
            <Acceleration value="3200"/>
            <MaxSpeed value="10.00"/>
            <Outro value="-1"/>
            <YawPitchRoll value="719.2968"/>
            <ClearanceAcceleration value="75"/>
        </MotionPhases>
        <MotionPhases YawPitchRoll="MAX"/>
    </CMoverMissile-->
    <CMoverMissile id="NovaXanthosJump" parent="MissileDefault">
        <MotionPhases index="0">
            <Driver value="AdaptableParabola"/>
            <Acceleration value="0"/>
            <MinSpeed value="7"/>
            <MaxSpeed value="7"/>
            <ClearanceAcceleration value="75"/>
            <ActorTracking value="Actual"/>
            <Outro value="0"/>
            <AdaptableParabolaIsUpright value="1"/>
            <AdaptableParabolaClearance value="40,0.5"/>
            <YawPitchRoll value="0"/>
            <AdaptableParabolaDistances index="Launch" value="1"/>
            <AdaptableParabolaDistances index="PreApex" value="0.3"/>
            <AdaptableParabolaDistances index="PostApex" value="0.3"/>
            <AdaptableParabolaDistances index="Land" value="1"/>
            <AdaptableParabolaAccels index="Launch" value="0"/>
            <AdaptableParabolaAccels index="Ascent" value="0"/>
            <AdaptableParabolaAccels index="Apex" value="0"/>
            <AdaptableParabolaAccels index="Descent" value="0"/>
            <AdaptableParabolaAccels index="Land" value="0"/>
        </MotionPhases>
        <MotionPhases index="1" removed="1"/>
    </CMoverMissile>
    <CMoverMissile id="NovaStoneRailgunSnipeWeapon" parent="MissileDefault">
        <MotionPhases index="0">
            <Driver value="Guidance"/>
            <Acceleration value="3200"/>
            <MaxSpeed value="40"/>
            <ClearanceAcceleration value="75"/>
            <ActorTracking value="Actual"/>
            <Outro value="-1"/>
            <RotationLaunchActorType value="LaunchToTarget"/>
            <YawPitchRoll value="719.2968"/>
        </MotionPhases>
    </CMoverMissile>
</Catalog>
