<?xml version="1.0" encoding="us-ascii"?>
<Catalog>
    <CRequirementAnd id="AndNotCountUnitHeroNukeQueuedOrBetterAtUnitNot866976074CountUnitNukeQueuedOrBetterAtUnit">
        <OperandArray value="NotCountUnitHeroNukeQueuedOrBetterAtUnit"/>
        <OperandArray value="Not866976074CountUnitNukeQueuedOrBetterAtUnit"/>
    </CRequirementAnd>
    <CRequirementCountUnit id="CountUnitNukeCompleteOnly421500357">
        <Tooltip value="RequirementNode/Tooltip/CountUnitNukeCompleteOnly421500357"/>
    </CRequirementCountUnit>
    <CRequirementCountUpgrade id="CountUpgradeAdvancedWeaponryRavenCompleteOnly">
        <Flags index="TechTreeCheat" value="0"/>
        <Count Link="AdvancedWeaponryRaven" State="CompleteOnly"/>
    </CRequirementCountUpgrade>
    <CRequirementCountUpgrade id="CountUpgradeBlackOpsCompleteOnly">
        <Flags index="TechTreeCheat" value="0"/>
        <Count Link="BlackOps" State="CompleteOnly"/>
    </CRequirementCountUpgrade>
    <CRequirementCountUpgrade id="CountUpgradeCloakingTechnologyBattlecruiserCompleteOnly">
        <Flags index="TechTreeCheat" value="0"/>
        <Count Link="CloakingTechnologyBattlecruiser" State="CompleteOnly"/>
    </CRequirementCountUpgrade>
    <CRequirementCountUpgrade id="CountUpgradeCloakingTechnologyReaperCompleteOnly">
        <Flags index="TechTreeCheat" value="0"/>
        <Count Link="CloakingTechnologyReaper" State="CompleteOnly"/>
    </CRequirementCountUpgrade>
    <CRequirementCountUpgrade id="CountUpgradeCycloneLockOnDamageUpgradeCompleteOnly114637382">
        <Flags index="TechTreeCheat" value="0"/>
        <Count Link="CycloneLockOnDamageUpgrade" State="CompleteOnly"/>
    </CRequirementCountUpgrade>
    <CRequirementCountUpgrade id="CountUpgradeDOMCompleteOnly">
        <Flags index="TechTreeCheat" value="0"/>
        <Count Link="DOM" State="CompleteOnly"/>
    </CRequirementCountUpgrade>
    <CRequirementCountUpgrade id="CountUpgradeDOMSnipeCompleteOnly">
        <Flags index="TechTreeCheat" value="0"/>
        <Count Link="DOMSnipe" State="CompleteOnly"/>
    </CRequirementCountUpgrade>
    <CRequirementCountUpgrade id="CountUpgradeDominionCompleteOnly">
        <Flags index="TechTreeCheat" value="0"/>
        <Count Link="Dominion" State="CompleteOnly"/>
    </CRequirementCountUpgrade>
    <CRequirementCountUpgrade id="CountUpgradeFastBuildGoliathCompleteOnly">
        <Flags index="TechTreeCheat" value="0"/>
        <Count Link="FastBuildGoliath" State="CompleteOnly"/>
    </CRequirementCountUpgrade>
    <CRequirementCountUpgrade id="CountUpgradeFastBuildHellbatCompleteOnly">
        <Flags index="TechTreeCheat" value="0"/>
        <Count Link="FastBuildHellbat" State="CompleteOnly"/>
    </CRequirementCountUpgrade>
    <CRequirementCountUpgrade id="CountUpgradeHighCapacityBarrelsCompleteOnly">
        <Flags index="TechTreeCheat" value="0"/>
        <Count Link="HighCapacityBarrels" State="CompleteOnly"/>
    </CRequirementCountUpgrade>
    <CRequirementCountUpgrade id="CountUpgradeHoverHellbatCompleteOnly">
        <Flags index="TechTreeCheat" value="0"/>
        <Count Link="HoverHellbat" State="CompleteOnly"/>
    </CRequirementCountUpgrade>
    <CRequirementCountUpgrade id="CountUpgradeHoverSiegeTankCompleteOnly">
        <Flags index="TechTreeCheat" value="0"/>
        <Count Link="HoverSiegeTank" State="CompleteOnly"/>
    </CRequirementCountUpgrade>
    <CRequirementCountUpgrade id="CountUpgradeLaserTargetingSystemReaperCompleteOnly">
        <Flags index="TechTreeCheat" value="0"/>
        <Count Link="LaserTargetingSystemReaper" State="CompleteOnly"/>
    </CRequirementCountUpgrade>
    <CRequirementCountUpgrade id="CountUpgradeLaserTargetingSystemMarineCompleteOnly">
        <Flags index="TechTreeCheat" value="0"/>
        <Count Link="LaserTargetingSystemMarine" State="CompleteOnly"/>
    </CRequirementCountUpgrade>
    <CRequirementCountUpgrade id="CountUpgradeLaserTargetingSystemMarauderCompleteOnly">
        <Flags index="TechTreeCheat" value="0"/>
        <Count Link="LaserTargetingSystemMarauder" State="CompleteOnly"/>
    </CRequirementCountUpgrade>
    <CRequirementCountUpgrade id="CountUpgradeLaserTargetingSystemSiegeTankCompleteOnly">
        <Flags index="TechTreeCheat" value="0"/>
        <Count Link="LaserTargetingSystemSiegeTank" State="CompleteOnly"/>
    </CRequirementCountUpgrade>
    <CRequirementCountUpgrade id="CountUpgradeLaserTargetingSystemBansheeCompleteOnly">
        <Flags index="TechTreeCheat" value="0"/>
        <Count Link="LaserTargetingSystemBanshee" State="CompleteOnly"/>
    </CRequirementCountUpgrade>
    <CRequirementCountUpgrade id="CountUpgradeInternalizedTechModuleMarauderCompleteOnly">
        <Flags index="TechTreeCheat" value="0"/>
        <Count Link="InternalizedTechModuleMarauder" State="CompleteOnly"/>
    </CRequirementCountUpgrade>
    <CRequirementCountUpgrade id="CountUpgradeInternalizedTechModuleSiegeTankCompleteOnly">
        <Flags index="TechTreeCheat" value="0"/>
        <Count Link="InternalizedTechModuleSiegeTank" State="CompleteOnly"/>
    </CRequirementCountUpgrade>
    <CRequirementCountUpgrade id="CountUpgradeLiberatorAGRangeUpgradeCompleteOnly2857131565">
        <Flags index="TechTreeCheat" value="0"/>
        <Count Link="LiberatorAGRangeUpgrade" State="CompleteOnly"/>
    </CRequirementCountUpgrade>
    <CRequirementCountUpgrade id="CountUpgradeLiberatorMorphCompleteOnly4015118574TechTreeCheat">
        <Count Link="LiberatorMorph" State="CompleteOnly"/>
    </CRequirementCountUpgrade>
    <CRequirementCountUpgrade id="CountUpgradeMagrailMunitionsGoliathCompleteOnly">
        <Flags index="TechTreeCheat" value="0"/>
        <Count Link="MagrailMunitionsGoliath" State="CompleteOnly"/>
    </CRequirementCountUpgrade>
    <CRequirementCountUpgrade id="CountUpgradeMedivacIncreaseSpeedBoostCompleteOnly533834589">
        <Flags index="TechTreeCheat" value="0"/>
        <Count Link="MedivacIncreaseSpeedBoost" State="CompleteOnly"/>
    </CRequirementCountUpgrade>
    <CRequirementCountUpgrade id="CountUpgradeMultiTaskMAFServosSiegeTankCompleteOnly">
        <Flags index="TechTreeCheat" value="0"/>
        <Count Link="MultiTaskMAFServosSiegeTank" State="CompleteOnly"/>
    </CRequirementCountUpgrade>
    <CRequirementCountUpgrade id="CountUpgradeNovaGadgetPersonalDefensiveMatrixCompleteOnly">
        <Flags index="TechTreeCheat" value="0"/>
        <Count Link="NovaGadgetPersonalDefensiveMatrix" State="CompleteOnly"/>
    </CRequirementCountUpgrade>
    <CRequirementCountUpgrade id="CountUpgradeReaperSpiderMinesCompleteOnly">
        <Flags index="TechTreeCheat" value="0"/>
        <Count Link="ReaperSpiderMines" State="CompleteOnly"/>
    </CRequirementCountUpgrade>
    <CRequirementCountUpgrade id="CountUpgradeSiegeSpiderMinesCompleteOnly">
        <Flags index="TechTreeCheat" value="0"/>
        <Count Link="SiegeSpiderMines" State="CompleteOnly"/>
    </CRequirementCountUpgrade>
    <CRequirementCountUpgrade id="CountUpgradeSuperStimpackHellbatCompleteOnly">
        <Flags index="TechTreeCheat" value="0"/>
        <Count Link="SuperStimpackHellbat" State="CompleteOnly"/>
    </CRequirementCountUpgrade>
    <CRequirementCountUpgrade id="CountUpgradeSuperStimpackMarauderCompleteOnly">
        <Flags index="TechTreeCheat" value="0"/>
        <Count Link="SuperStimpackMarauder" State="CompleteOnly"/>
    </CRequirementCountUpgrade>
    <CRequirementCountUpgrade id="CountUpgradeSuperStimpackMarineCompleteOnly">
        <Flags index="TechTreeCheat" value="0"/>
        <Count Link="SuperStimpackMarine" State="CompleteOnly"/>
    </CRequirementCountUpgrade>
    <CRequirementCountUpgrade id="CountUpgradeSuperStimpackReaperCompleteOnly">
        <Flags index="TechTreeCheat" value="0"/>
        <Count Link="SuperStimpackReaper" State="CompleteOnly"/>
    </CRequirementCountUpgrade>
    <CRequirementNot id="Not866976074CountUnitHeroNukeQueuedOrBetterAtUnit">
        <OperandArray index="0" value="CountUnitHeroNukeQueuedOrBetterAtUnit"/>
    </CRequirementNot>
    <CRequirementNot id="NotCountUpgradeAdvancedWeaponryRavenCompleteOnly">
        <OperandArray index="0" value="CountUpgradeAdvancedWeaponryRavenCompleteOnly"/>
    </CRequirementNot>
    <CRequirementNot id="NotCountUpgradeCloakingTechnologyBansheeCompleteOnly">
        <OperandArray index="0" value="CountUpgradeCloakingTechnologyBansheeCompleteOnly"/>
    </CRequirementNot>
    <CRequirementNot id="NotCountUpgradeCloakingTechnologyLiberatorCompleteOnly">
        <OperandArray index="0" value="CountUpgradeCloakingTechnologyLiberatorCompleteOnly"/>
    </CRequirementNot>
    <CRequirementNot id="NotCountUpgradeCloakingTechnologyReaperCompleteOnly">
        <OperandArray index="0" value="CountUpgradeCloakingTechnologyReaperCompleteOnly"/>
    </CRequirementNot>
    <CRequirementNot id="NotCountUpgradeDOMSnipeCompleteOnly">
        <OperandArray index="0" value="CountUpgradeDOMSnipeCompleteOnly"/>
    </CRequirementNot>
    <CRequirementCountUpgrade id="CountUpgradeSnowVisualCompleteOnly">
        <Flags index="TechTreeCheat" value="0"/>
        <Count Link="SnowVisual" State="CompleteOnly"/>
    </CRequirementCountUpgrade>
    <CRequirementNot id="NotCountUpgradeSuperStimpackMarauderCompleteOnly">
        <OperandArray index="0" value="CountUpgradeSuperStimpackMarauderCompleteOnly"/>
    </CRequirementNot>
    <CRequirementNot id="NotCountUpgradeSuperStimpackMarineCompleteOnly">
        <OperandArray index="0" value="CountUpgradeSuperStimpackMarineCompleteOnly"/>
    </CRequirementNot>
    <CRequirementOr id="OrCountUpgradeSuperStimpackMarauderCompleteOnlyCountUpgradeSuperStimpackMarineCompleteOnlyCountUpgradeSuperStimpackReaperCompleteOnly">
        <OperandArray value="CountUpgradeSuperStimpackMarauderCompleteOnly"/>
        <OperandArray value="CountUpgradeSuperStimpackMarineCompleteOnly"/>
        <OperandArray value="CountUpgradeSuperStimpackReaperCompleteOnly"/>
    </CRequirementOr>
    <CRequirementCountUpgrade id="CountUpgradeCloakingTechnologyBansheeCompleteOnly">
        <Flags index="TechTreeCheat" value="0"/>
        <Count Link="CloakingTechnologyBanshee" State="CompleteOnly"/>
    </CRequirementCountUpgrade>
    <CRequirementCountUpgrade id="CountUpgradeCloakingTechnologyLiberatorCompleteOnly">
        <Flags index="TechTreeCheat" value="0"/>
        <Count Link="CloakingTechnologyLiberator" State="CompleteOnly"/>
    </CRequirementCountUpgrade>
    <CRequirementCountUpgrade id="CountUpgradeGoliathJumpJetCompleteOnly">
        <Flags index="TechTreeCheat" value="0"/>
        <Count Link="GoliathJumpJet" State="CompleteOnly"/>
    </CRequirementCountUpgrade>
    <CRequirementCountUpgrade id="CountUpgradeMagrailMunitionsCycloneCompleteOnly">
        <Flags index="TechTreeCheat" value="0"/>
        <Count Link="MagrailMunitionsCyclone" State="CompleteOnly"/>
    </CRequirementCountUpgrade>
    <CRequirementCountUpgrade id="CountUpgradeMagrailMunitionsMarauderCompleteOnly">
        <Flags index="TechTreeCheat" value="0"/>
        <Count Link="MagrailMunitionsMarauder" State="CompleteOnly"/>
    </CRequirementCountUpgrade>
    <CRequirementCountUpgrade id="CountUpgradeMagrailMunitionsMarineCompleteOnly">
        <Flags index="TechTreeCheat" value="0"/>
        <Count Link="MagrailMunitionsMarine" State="CompleteOnly"/>
    </CRequirementCountUpgrade>
    <CRequirementCountUpgrade id="CountUpgradeMagrailMunitionsRavenCompleteOnly">
        <Flags index="TechTreeCheat" value="0"/>
        <Count Link="MagrailMunitionsRaven" State="CompleteOnly"/>
    </CRequirementCountUpgrade>
    <CRequirementCountUpgrade id="CountUpgradeMultiTaskMAFServosHellionCompleteOnly">
        <Flags index="TechTreeCheat" value="0"/>
        <Count Link="MultiTaskMAFServosHellion" State="CompleteOnly"/>
    </CRequirementCountUpgrade>
    <CRequirementCountUpgrade id="CountUpgradeMultiTaskMAFServosLiberatorCompleteOnly">
        <Flags index="TechTreeCheat" value="0"/>
        <Count Link="MultiTaskMAFServosLiberator" State="CompleteOnly"/>
    </CRequirementCountUpgrade>
    <CRequirementCountUpgrade id="CountUpgradeRavenSpiderMinesCompleteOnly">
        <Flags index="TechTreeCheat" value="0"/>
        <Count Link="RavenSpiderMines" State="CompleteOnly"/>
    </CRequirementCountUpgrade>
    <CRequirementCountUpgrade id="CountUpgradeRegenerativeBioCycloneCompleteOnly">
        <Flags index="TechTreeCheat" value="0"/>
        <Count Link="RegenerativeBioCyclone" State="CompleteOnly"/>
    </CRequirementCountUpgrade>
    <CRequirementCountUpgrade id="CountUpgradeRegenerativeBioSteelBansheeCompleteOnly">
        <Flags index="TechTreeCheat" value="0"/>
        <Count Link="RegenerativeBioSteelBanshee" State="CompleteOnly"/>
    </CRequirementCountUpgrade>
    <CRequirementCountUpgrade id="CountUpgradeRegenerativeBioSteelGoliathCompleteOnly">
        <Flags index="TechTreeCheat" value="0"/>
        <Count Link="RegenerativeBioSteelGoliath" State="CompleteOnly"/>
    </CRequirementCountUpgrade>
    <CRequirementCountUpgrade id="CountUpgradeRegenerativeBioSteelLiberatorCompleteOnly">
        <Flags index="TechTreeCheat" value="0"/>
        <Count Link="RegenerativeBioSteelLiberator" State="CompleteOnly"/>
    </CRequirementCountUpgrade>
    <CRequirementCountUpgrade id="CountUpgradeRegenerativeBioSteelSiegeTankCompleteOnly">
        <Flags index="TechTreeCheat" value="0"/>
        <Count Link="RegenerativeBioSteelSiegeTank" State="CompleteOnly"/>
    </CRequirementCountUpgrade>
    <CRequirementCountBehavior id="CountBehaviorNovaSonarDroneControllerCompleteOnlyAtUnit">
        <Flags index="TechTreeCheat" value="0"/>
        <Count Link="NovaSonarDroneController" State="CompleteOnlyAtUnit"/>
    </CRequirementCountBehavior>
    <CRequirementCountBehavior id="CountBehaviorSensorDroneLockedOnCompleteOnlyAtUnit">
        <Flags index="TechTreeCheat" value="0"/>
        <Count Link="SensorDroneLockedOn" State="CompleteOnlyAtUnit"/>
    </CRequirementCountBehavior>
    <CRequirementCountUpgrade id="CountUpgradeAdvancedWeaponryBattlecruiserCompleteOnly">
        <Flags index="TechTreeCheat" value="0"/>
        <Count Link="AdvancedWeaponryBattlecruiser" State="CompleteOnly"/>
    </CRequirementCountUpgrade>
    <CRequirementCountUpgrade id="CountUpgradeEfficiencyModuleBattlecuiserCompleteOnly">
        <Flags index="TechTreeCheat" value="0"/>
        <Count Link="EfficiencyModuleBattlecuiser" State="CompleteOnly"/>
    </CRequirementCountUpgrade>
    <CRequirementCountUpgrade id="CountUpgradeEfficiencyModuleRavenCompleteOnly">
        <Flags index="TechTreeCheat" value="0"/>
        <Count Link="EfficiencyModuleRaven" State="CompleteOnly"/>
    </CRequirementCountUpgrade>
    <CRequirementCountUpgrade id="CountUpgradeFastBuildBattlecruiserCompleteOnly">
        <Flags index="TechTreeCheat" value="0"/>
        <Count Link="FastBuildBattlecruiser" State="CompleteOnly"/>
    </CRequirementCountUpgrade>
    <CRequirementCountUpgrade id="CountUpgradeFastBuildLiberatorCompleteOnly">
        <Flags index="TechTreeCheat" value="0"/>
        <Count Link="FastBuildLiberator" State="CompleteOnly"/>
    </CRequirementCountUpgrade>
    <CRequirementCountUpgrade id="CountUpgradeFastBuildMarineCompleteOnly">
        <Flags index="TechTreeCheat" value="0"/>
        <Count Link="FastBuildMarine" State="CompleteOnly"/>
    </CRequirementCountUpgrade>
    <CRequirementCountUpgrade id="CountUpgradeReaperD8ChargeCompleteOnly">
        <Flags index="TechTreeCheat" value="0"/>
        <Count Link="ReaperD8Charge" State="CompleteOnly"/>
    </CRequirementCountUpgrade>
    <CRequirementCountUpgrade id="CountUpgradeRegenerativeBioSteelBattlecruiserCompleteOnly">
        <Flags index="TechTreeCheat" value="0"/>
        <Count Link="RegenerativeBioSteelBattlecruiser" State="CompleteOnly"/>
    </CRequirementCountUpgrade>
    <CRequirementNot id="NotCountBehaviorNovaSonarDroneControllerCompleteOnlyAtUnit">
        <OperandArray index="0" value="CountBehaviorNovaSonarDroneControllerCompleteOnlyAtUnit"/>
    </CRequirementNot>
    <CRequirementNot id="NotCountBehaviorSensorDroneLockedOnCompleteOnlyAtUnit">
        <OperandArray index="0" value="CountBehaviorSensorDroneLockedOnCompleteOnlyAtUnit"/>
    </CRequirementNot>
</Catalog>
