<?xml version="1.0" encoding="us-ascii"?>
<Catalog>
    <CRequirement id="HaveFastBuildGoliath">
        <EditorCategories value="Race:Terran,TechType:Ability"/>
        <NodeArray index="Show" Link="CountUpgradeFastBuildGoliathCompleteOnly"/>
    </CRequirement>
    <CRequirement id="HaveFastBuildhellbat">
        <EditorCategories value="Race:Terran,TechType:Ability"/>
        <NodeArray index="Show" Link="CountUpgradeFastBuildHellbatCompleteOnly"/>
    </CRequirement>
    <CRequirement id="HaveAdvancedWeaponryRaven">
        <EditorCategories value="Race:Terran,TechType:Ability"/>
        <NodeArray index="Show" Link="CountUpgradeAdvancedWeaponryRavenCompleteOnly"/>
    </CRequirement>
    <CRequirement id="HaveFusionCore">
        <EditorCategories value="Race:Terran,TechType:Unit"/>
        <NodeArray index="Use" Link="CountUnitFusionCoreCompleteOnlyTechTreeCheat"/>
    </CRequirement>
    <CRequirement id="NotHaveCloakingTechnologyBanshee">
        <EditorCategories value="Race:Terran,TechType:Upgrade"/>
        <NodeArray index="Show" Link="NotCountUpgradeCloakingTechnologyBansheeCompleteOnly"/>
    </CRequirement>
    <CRequirement id="CloakingTechnologyReaper">
        <EditorCategories value="Race:Terran,TechType:Upgrade"/>
        <NodeArray index="Show" Link="CountUpgradeCloakingTechnologyReaperCompleteOnly"/>
    </CRequirement>
    <CRequirement id="CloakingTechnologyBattlecruiser">
        <EditorCategories value="Race:Terran,TechType:Upgrade"/>
        <NodeArray index="Show" Link="CountUpgradeCloakingTechnologyBattlecruiserCompleteOnly"/>
    </CRequirement>
    <CRequirement id="HaveNovaGadgetPersonalDefensiveMatrix">
        <EditorCategories value="Race:Terran,TechType:Ability"/>
        <NodeArray index="Show" Link="CountUpgradeNovaGadgetPersonalDefensiveMatrixCompleteOnly"/>
    </CRequirement>
    <CRequirement id="NotHaveAdvancedWeaponryRaven">
        <EditorCategories value="Race:Terran,TechType:Ability"/>
        <NodeArray index="Show" Link="NotCountUpgradeAdvancedWeaponryRavenCompleteOnly"/>
    </CRequirement>
    <CRequirement id="NotHaveCloakingTechnologyLiberator">
        <EditorCategories value="Race:Terran,TechType:Upgrade"/>
        <NodeArray index="Show" Link="NotCountUpgradeCloakingTechnologyLiberatorCompleteOnly"/>
    </CRequirement>
    <CRequirement id="HaveAnySuperStimpackforBunker">
        <NodeArray index="Show" Link="OrCountUpgradeSuperStimpackMarauderCompleteOnlyCountUpgradeSuperStimpackMarineCompleteOnlyCountUpgradeSuperStimpackReaperCompleteOnly"/>
    </CRequirement>
    <CRequirement id="HaveHoverSiegeTank">
        <EditorCategories value="Race:Protoss,TechType:Ability"/>
        <NodeArray index="Show" Link="CountUpgradeHoverSiegeTankCompleteOnly"/>
    </CRequirement>
    <CRequirement id="HaveHoverHellbat">
        <EditorCategories value="Race:Protoss,TechType:Ability"/>
        <NodeArray index="Show" Link="CountUpgradeHoverHellbatCompleteOnly"/>
    </CRequirement>
    <CRequirement id="HaveLaserTargetingSystemReaper">
        <EditorCategories value="Race:Protoss,TechType:Ability"/>
        <NodeArray index="Show" Link="CountUpgradeLaserTargetingSystemReaperCompleteOnly"/>
    </CRequirement>
    <CRequirement id="HaveLaserTargetingSystemMarine">
        <EditorCategories value="Race:Protoss,TechType:Ability"/>
        <NodeArray index="Show" Link="CountUpgradeLaserTargetingSystemMarineCompleteOnly"/>
    </CRequirement>
    <CRequirement id="HaveLaserTargetingSystemMarauder">
        <EditorCategories value="Race:Protoss,TechType:Ability"/>
        <NodeArray index="Show" Link="CountUpgradeLaserTargetingSystemMarauderCompleteOnly"/>
    </CRequirement>
    <CRequirement id="HaveLaserTargetingSystemSiegeTank">
        <EditorCategories value="Race:Protoss,TechType:Ability"/>
        <NodeArray index="Show" Link="CountUpgradeLaserTargetingSystemSiegeTankCompleteOnly"/>
    </CRequirement>
    <CRequirement id="HaveLaserTargetingSystemBanshee">
        <EditorCategories value="Race:Protoss,TechType:Ability"/>
        <NodeArray index="Show" Link="CountUpgradeLaserTargetingSystemBansheeCompleteOnly"/>
    </CRequirement>
    <CRequirement id="HaveInternalizedTechModuleMarauder">
        <EditorCategories value="Race:Protoss,TechType:Ability"/>
        <NodeArray index="Show" Link="CountUpgradeInternalizedTechModuleMarauderCompleteOnly"/>
    </CRequirement>
    <CRequirement id="HaveInternalizedTechModuleSiegeTank">
        <EditorCategories value="Race:Protoss,TechType:Ability"/>
        <NodeArray index="Show" Link="CountUpgradeInternalizedTechModuleSiegeTankCompleteOnly"/>
    </CRequirement>
    <CRequirement id="HaveMultiTaskMAFServosSiegeTank">
        <EditorCategories value="Race:Terran,TechType:Ability"/>
        <NodeArray index="Show" Link="CountUpgradeMultiTaskMAFServosSiegeTankCompleteOnly"/>
    </CRequirement>
    <CRequirement id="HaveReaperSpiderMines">
        <NodeArray index="Show" Link="CountUpgradeReaperSpiderMinesCompleteOnly"/>
    </CRequirement>
    <CRequirement id="NotHaveCloakingTechnologyReaper">
        <EditorCategories value="Race:Terran,TechType:Upgrade"/>
        <NodeArray index="Show" Link="NotCountUpgradeCloakingTechnologyReaperCompleteOnly"/>
    </CRequirement>
    <CRequirement id="NotHaveSuperStimpackMarauder">
        <EditorCategories value="Race:Protoss,TechType:Upgrade"/>
        <NodeArray index="Show" Link="NotCountUpgradeSuperStimpackMarauderCompleteOnly"/>
    </CRequirement>
    <CRequirement id="HaveSuperStimpackMarine">
        <EditorCategories value="Race:Protoss,TechType:Upgrade"/>
        <NodeArray index="Show" Link="CountUpgradeSuperStimpackMarineCompleteOnly"/>
    </CRequirement>
    <CRequirement id="HaveSuperStimpackMarauder">
        <EditorCategories value="Race:Protoss,TechType:Upgrade"/>
        <NodeArray index="Show" Link="CountUpgradeSuperStimpackMarauderCompleteOnly"/>
    </CRequirement>
    <CRequirement id="HaveSuperStimpackHellbat">
        <EditorCategories value="Race:Protoss,TechType:Upgrade"/>
        <NodeArray index="Show" Link="CountUpgradeSuperStimpackHellbatCompleteOnly"/>
    </CRequirement>
    <CRequirement id="NotHaveSuperStimpackMarine">
        <EditorCategories value="Race:Protoss,TechType:Upgrade"/>
        <NodeArray index="Show" Link="NotCountUpgradeSuperStimpackMarineCompleteOnly"/>
    </CRequirement>
    <CRequirement id="HaveSuperStimpackReaper">
        <EditorCategories value="Race:Protoss,TechType:Upgrade"/>
        <NodeArray index="Show" Link="CountUpgradeSuperStimpackReaperCompleteOnly"/>
    </CRequirement>
    <CRequirement id="HaveCycloneLockOnDamageUpgrade">
        <EditorCategories value="Race:Terran,TechType:Upgrade"/>
        <NodeArray index="Use" Link="CountUpgradeCycloneLockOnDamageUpgradeCompleteOnly114637382"/>
    </CRequirement>
    <CRequirement id="HaveLiberatorMorph">
        <NodeArray index="Use" Link="CountUpgradeLiberatorMorphCompleteOnly4015118574TechTreeCheat"/>
    </CRequirement>
    <CRequirement id="HaveLiberatorRange">
        <EditorCategories value="Race:Terran,TechType:Upgrade"/>
        <NodeArray index="Use" Link="CountUpgradeLiberatorAGRangeUpgradeCompleteOnly2857131565"/>
    </CRequirement>
    <CRequirement id="HaveMedivacSpeedBoostUpgrade">
        <EditorCategories value="Race:Terran,TechType:Upgrade"/>
        <NodeArray index="Use" Link="CountUpgradeMedivacIncreaseSpeedBoostCompleteOnly533834589"/>
    </CRequirement>
    <CRequirement id="HasDOMSnipe">
        <EditorCategories value="Race:Terran,TechType:Ability"/>
        <NodeArray index="Show" Link="CountUpgradeDOMSnipeCompleteOnly"/>
    </CRequirement>
    <CRequirement id="HaveDOM">
        <EditorCategories value="Race:Terran,TechType:Ability"/>
        <NodeArray index="Show" Link="CountUpgradeDOMCompleteOnly"/>
    </CRequirement>
    <CRequirement id="HaveDominion">
        <EditorCategories value="Race:Terran,TechType:Ability"/>
        <NodeArray index="Show" Link="CountUpgradeDominionCompleteOnly"/>
    </CRequirement>
    <CRequirement id="HasNoDOMSnipe">
        <EditorCategories value="Race:Terran,TechType:Ability"/>
        <NodeArray index="Use" Link="NotCountUpgradeDOMSnipeCompleteOnly"/>
        <NodeArray index="Show" Link="NotCountUpgradeDOMSnipeCompleteOnly"/>
    </CRequirement>
    <CRequirement id="HaveSnowVisual">
        <EditorCategories value="Race:Protoss,TechType:Ability"/>
        <NodeArray index="Show" Link="CountUpgradeSnowVisualCompleteOnly"/>
    </CRequirement>
    <CRequirement id="HaveBlackOps">
        <EditorCategories value="Race:Terran,TechType:Ability"/>
        <NodeArray index="Use" Link="CountUpgradeBlackOpsCompleteOnly"/>
    </CRequirement>
    <CRequirement id="TrainNukeHero">
        <NodeArray index="Use" Link="Not866976074CountUnitHeroNukeQueuedOrBetterAtUnit"/>
    </CRequirement>
    <CRequirement id="HaveSpiderMinesSiegeTank">
        <NodeArray index="Show" Link="CountUpgradeSiegeSpiderMinesCompleteOnly"/>
    </CRequirement>
    <CRequirement id="CloakingTechnologyLiberator">
        <EditorCategories value="Race:Terran,TechType:Upgrade"/>
        <NodeArray index="Show" Link="CountUpgradeCloakingTechnologyLiberatorCompleteOnly"/>
    </CRequirement>
    <CRequirement id="HaveGoliathJumpJets">
        <EditorCategories value="Race:Terran,TechType:Upgrade"/>
        <NodeArray index="Show" Link="CountUpgradeGoliathJumpJetCompleteOnly"/>
    </CRequirement>
    <CRequirement id="HaveMultiTaskMAFServosHellion">
        <EditorCategories value="Race:Terran,TechType:Ability"/>
        <NodeArray index="Show" Link="CountUpgradeMultiTaskMAFServosHellionCompleteOnly"/>
    </CRequirement>
    <CRequirement id="HaveMultiTaskMAFServosLiberator">
        <EditorCategories value="Race:Terran,TechType:Ability"/>
        <NodeArray index="Show" Link="CountUpgradeMultiTaskMAFServosLiberatorCompleteOnly"/>
    </CRequirement>
    <CRequirement id="HaveSpiderMinesRaven">
        <EditorCategories value="Race:Terran,TechType:Upgrade"/>
        <NodeArray index="Show" Link="CountUpgradeRavenSpiderMinesCompleteOnly"/>
    </CRequirement>
    <CRequirement id="MagrailMunitionsCyclone">
        <EditorCategories value="Race:Terran,TechType:Upgrade"/>
        <NodeArray index="Show" Link="CountUpgradeMagrailMunitionsCycloneCompleteOnly"/>
    </CRequirement>
    <CRequirement id="MagrailMunitionsMarine">
        <EditorCategories value="Race:Terran,TechType:Upgrade"/>
        <NodeArray index="Show" Link="CountUpgradeMagrailMunitionsMarineCompleteOnly"/>
    </CRequirement>
    <CRequirement id="MagrailMunitionsMarauder">
        <EditorCategories value="Race:Terran,TechType:Upgrade"/>
        <NodeArray index="Show" Link="CountUpgradeMagrailMunitionsMarauderCompleteOnly"/>
    </CRequirement>
    <CRequirement id="CloakingTechnologyBanshee">
        <EditorCategories value="Race:Terran,TechType:Upgrade"/>
        <NodeArray index="Show" Link="CountUpgradeCloakingTechnologyBansheeCompleteOnly"/>
    </CRequirement>
    <CRequirement id="MagrailMunitionsRaven">
        <EditorCategories value="Race:Terran,TechType:Upgrade"/>
        <NodeArray index="Show" Link="CountUpgradeMagrailMunitionsRavenCompleteOnly"/>
    </CRequirement>
    <CRequirement id="MagrailMunitionsGoliath">
        <EditorCategories value="Race:Terran,TechType:Upgrade"/>
        <NodeArray index="Show" Link="CountUpgradeMagrailMunitionsGoliathCompleteOnly"/>
    </CRequirement>
    <CRequirement id="RegenerativeBioSteelCyclone">
        <EditorCategories value="Race:Terran,TechType:Upgrade"/>
        <NodeArray index="Show" Link="CountUpgradeRegenerativeBioCycloneCompleteOnly"/>
    </CRequirement>
    <CRequirement id="RegenerativeBioSteelBanshee">
        <EditorCategories value="Race:Terran,TechType:Upgrade"/>
        <NodeArray index="Show" Link="CountUpgradeRegenerativeBioSteelBansheeCompleteOnly"/>
    </CRequirement>
    <CRequirement id="RegenerativeBioSteelLiberator">
        <EditorCategories value="Race:Terran,TechType:Upgrade"/>
        <NodeArray index="Show" Link="CountUpgradeRegenerativeBioSteelLiberatorCompleteOnly"/>
    </CRequirement>
    <CRequirement id="RegenerativeBioSteelSiegeTank">
        <EditorCategories value="Race:Terran,TechType:Upgrade"/>
        <NodeArray index="Show" Link="CountUpgradeRegenerativeBioSteelSiegeTankCompleteOnly"/>
    </CRequirement>
    <CRequirement id="RegenerativeBioSteelGoliath">
        <EditorCategories value="Race:Terran,TechType:Upgrade"/>
        <NodeArray index="Show" Link="CountUpgradeRegenerativeBioSteelGoliathCompleteOnly"/>
    </CRequirement>
    <CRequirement id="HaveAdvancedWeaponryBattlecruiser">
        <EditorCategories value="Race:Terran,TechType:Ability"/>
        <NodeArray index="Show" Link="CountUpgradeAdvancedWeaponryBattlecruiserCompleteOnly"/>
    </CRequirement>
    <CRequirement id="HaveEfficiencyModuleBattlecruiser">
        <EditorCategories value="Race:Terran,TechType:Ability"/>
        <NodeArray index="Show" Link="CountUpgradeEfficiencyModuleBattlecuiserCompleteOnly"/>
    </CRequirement>
    <CRequirement id="HaveEfficiencyModuleRaven">
        <EditorCategories value="Race:Terran,TechType:Ability"/>
        <NodeArray index="Show" Link="CountUpgradeEfficiencyModuleRavenCompleteOnly"/>
    </CRequirement>
    <CRequirement id="HaveFastBuildBattlecruiser">
        <EditorCategories value="Race:Terran,TechType:Ability"/>
        <NodeArray index="Show" Link="CountUpgradeFastBuildBattlecruiserCompleteOnly"/>
    </CRequirement>
    <CRequirement id="HaveFastBuildMarine">
        <EditorCategories value="Race:Terran,TechType:Ability"/>
        <NodeArray index="Show" Link="CountUpgradeFastBuildMarineCompleteOnly"/>
    </CRequirement>
    <CRequirement id="HaveFastBuildLiberator">
        <EditorCategories value="Race:Terran,TechType:Ability"/>
        <NodeArray index="Show" Link="CountUpgradeFastBuildLiberatorCompleteOnly"/>
    </CRequirement>
    <CRequirement id="HaveNovaSonarDroneController">
        <EditorCategories value="Race:Terran,TechType:Ability"/>
        <NodeArray index="Show" Link="CountBehaviorNovaSonarDroneControllerCompleteOnlyAtUnit"/>
    </CRequirement>
    <CRequirement id="NotHaveNovaSonarDroneController">
        <EditorCategories value="Race:Terran,TechType:Ability"/>
        <NodeArray index="Show" Link="NotCountBehaviorNovaSonarDroneControllerCompleteOnlyAtUnit"/>
    </CRequirement>
    <CRequirement id="RegenerativeBioSteelBattlecruiser">
        <EditorCategories value="Race:Terran,TechType:Upgrade"/>
        <NodeArray index="Show" Link="CountUpgradeRegenerativeBioSteelBattlecruiserCompleteOnly"/>
    </CRequirement>
    <CRequirement id="SensorDroneLockedOn">
        <EditorCategories value="Race:Terran,TechType:Ability"/>
        <NodeArray index="Show" Link="CountBehaviorSensorDroneLockedOnCompleteOnlyAtUnit"/>
    </CRequirement>
    <CRequirement id="SensorDroneNoLockedOn">
        <EditorCategories value="Race:Terran,TechType:Ability"/>
        <NodeArray index="Use" Link="NotCountBehaviorSensorDroneLockedOnCompleteOnlyAtUnit"/>
    </CRequirement>
    <CRequirement id="D8ChargeShow">
        <EditorCategories value="Race:Terran,TechType:Unit"/>
        <NodeArray index="Show" Link="CountUpgradeReaperD8ChargeCompleteOnly"/>
    </CRequirement>
    <CRequirement id="HaveHighCapacityBarrels">
        <EditorCategories value="Race:Terran,TechType:Upgrade"/>
        <NodeArray index="Show" Link="CountUpgradeHighCapacityBarrelsCompleteOnly"/>
    </CRequirement>
</Catalog>
