<?xml version="1.0" encoding="us-ascii"?>
<Catalog>
    <CReverb id="Reverb_Nova07">
        <Room value="-500"/>
        <RoomHF value="-1600"/>
        <DecayTime value="2.910000"/>
        <DecayHFRatio value="1.300000"/>
        <Reflections value="-600"/>
        <ReflectionsDelay value="0.015000"/>
        <Reverb value="0"/>
        <ReverbDelay value="0.022000"/>
        <SpeakerMix index="Center" value="0.500000"/>
        <SpeakerMix index="LFE" value="0.000000"/>
        <SpeakerMix index="BackLeft" value="0.500000"/>
        <SpeakerMix index="BackRight" value="0.500000"/>
        <SpeakerMix index="SideLeft" value="0.500000"/>
        <SpeakerMix index="SideRight" value="0.500000"/>
    </CReverb>
    <CReverb id="Reverb_CS_MP01_010">
        <Room value="-900"/>
        <RoomHF value="-2000"/>
        <RoomLF value="-3000"/>
        <DecayTime value="1.500000"/>
        <DecayHFRatio value="1.000000"/>
        <Reflections value="0"/>
        <ReflectionsDelay value="0.000000"/>
        <ReverbDelay value="0.000000"/>
        <HFReference value="10000.000000"/>
        <LFReference value="20.000000"/>
        <SpeakerMix index="LFE" value="0.000000"/>
        <SpeakerMix index="BackLeft" value="0.250000"/>
        <SpeakerMix index="BackRight" value="0.250000"/>
        <SpeakerMix index="SideLeft" value="0.250000"/>
        <SpeakerMix index="SideRight" value="0.250000"/>
        <RoomRolloffFactor value="5.000000"/>
        <Reverb value="300"/>
    </CReverb>
    <CReverb id="Reverb_CS_MP02_005">
        <RoomHF value="-6000"/>
        <DecayTime value="0.170000"/>
        <DecayHFRatio value="0.100000"/>
        <Reflections value="-5000"/>
        <ReflectionsDelay value="0.001000"/>
        <Reverb value="-10000"/>
        <ReverbDelay value="0.001000"/>
        <SpeakerMix index="FrontLeft" value="0.500000"/>
        <SpeakerMix index="FrontRight" value="0.500000"/>
        <SpeakerMix index="LFE" value="0.000000"/>
        <SpeakerMix index="BackLeft" value="0.100000"/>
        <SpeakerMix index="BackRight" value="0.100000"/>
        <SpeakerMix index="SideLeft" value="0.100000"/>
        <SpeakerMix index="SideRight" value="0.100000"/>
        <RoomLF value="-5000"/>
    </CReverb>
    <CReverb id="Reverb_CS_MP02_010">
        <Room value="-900"/>
        <RoomHF value="-2000"/>
        <RoomLF value="-3000"/>
        <DecayTime value="1.500000"/>
        <DecayHFRatio value="1.000000"/>
        <Reflections value="0"/>
        <ReflectionsDelay value="0.000000"/>
        <Reverb value="300"/>
        <ReverbDelay value="0.000000"/>
        <HFReference value="10000.000000"/>
        <LFReference value="20.000000"/>
        <RoomRolloffFactor value="5.000000"/>
        <SpeakerMix index="LFE" value="0.000000"/>
        <SpeakerMix index="BackLeft" value="0.250000"/>
        <SpeakerMix index="BackRight" value="0.250000"/>
        <SpeakerMix index="SideLeft" value="0.250000"/>
        <SpeakerMix index="SideRight" value="0.250000"/>
    </CReverb>
    <CReverb id="Reverb_CS_MP02_020">
        <Room value="-900"/>
        <RoomHF value="-2000"/>
        <RoomLF value="-3000"/>
        <DecayTime value="1.500000"/>
        <DecayHFRatio value="1.000000"/>
        <Reflections value="0"/>
        <ReflectionsDelay value="0.000000"/>
        <Reverb value="300"/>
        <ReverbDelay value="0.000000"/>
        <HFReference value="10000.000000"/>
        <LFReference value="20.000000"/>
        <RoomRolloffFactor value="5.000000"/>
        <SpeakerMix index="LFE" value="0.000000"/>
        <SpeakerMix index="BackLeft" value="0.250000"/>
        <SpeakerMix index="BackRight" value="0.250000"/>
        <SpeakerMix index="SideLeft" value="0.250000"/>
        <SpeakerMix index="SideRight" value="0.250000"/>
    </CReverb>
    <CReverb id="Reverb_CS_MP02_025">
        <Room value="-900"/>
        <RoomHF value="-2000"/>
        <RoomLF value="-3000"/>
        <DecayTime value="1.500000"/>
        <DecayHFRatio value="1.000000"/>
        <Reflections value="0"/>
        <ReflectionsDelay value="0.000000"/>
        <Reverb value="300"/>
        <ReverbDelay value="0.000000"/>
        <HFReference value="10000.000000"/>
        <LFReference value="20.000000"/>
        <RoomRolloffFactor value="5.000000"/>
        <SpeakerMix index="LFE" value="0.000000"/>
        <SpeakerMix index="BackLeft" value="0.250000"/>
        <SpeakerMix index="BackRight" value="0.250000"/>
        <SpeakerMix index="SideLeft" value="0.250000"/>
        <SpeakerMix index="SideRight" value="0.250000"/>
    </CReverb>
    <CReverb id="Reverb_CS_MP02_030">
        <Room value="-900"/>
        <RoomHF value="-2000"/>
        <RoomLF value="-3000"/>
        <DecayTime value="1.500000"/>
        <DecayHFRatio value="1.000000"/>
        <Reflections value="0"/>
        <ReflectionsDelay value="0.000000"/>
        <Reverb value="300"/>
        <ReverbDelay value="0.000000"/>
        <HFReference value="10000.000000"/>
        <LFReference value="20.000000"/>
        <RoomRolloffFactor value="5.000000"/>
        <SpeakerMix index="LFE" value="0.000000"/>
        <SpeakerMix index="BackLeft" value="0.250000"/>
        <SpeakerMix index="BackRight" value="0.250000"/>
        <SpeakerMix index="SideLeft" value="0.250000"/>
        <SpeakerMix index="SideRight" value="0.250000"/>
    </CReverb>
    <CReverb id="Reverb_CS_MP01_020">
        <Room value="-900"/>
        <RoomHF value="-2000"/>
        <RoomLF value="-3000"/>
        <DecayTime value="1.500000"/>
        <DecayHFRatio value="1.000000"/>
        <Reflections value="0"/>
        <ReflectionsDelay value="0.000000"/>
        <ReverbDelay value="0.000000"/>
        <HFReference value="10000.000000"/>
        <LFReference value="20.000000"/>
        <SpeakerMix index="LFE" value="0.000000"/>
        <SpeakerMix index="BackLeft" value="0.250000"/>
        <SpeakerMix index="BackRight" value="0.250000"/>
        <SpeakerMix index="SideLeft" value="0.250000"/>
        <SpeakerMix index="SideRight" value="0.250000"/>
        <RoomRolloffFactor value="5.000000"/>
        <Reverb value="300"/>
    </CReverb>
    <CReverb id="Reverb_CS_MP01_030">
        <Room value="-900"/>
        <RoomHF value="-2000"/>
        <RoomLF value="-3000"/>
        <DecayTime value="1.500000"/>
        <DecayHFRatio value="1.000000"/>
        <Reflections value="0"/>
        <ReflectionsDelay value="0.000000"/>
        <ReverbDelay value="0.000000"/>
        <LFReference value="20.000000"/>
        <SpeakerMix index="LFE" value="0.000000"/>
        <SpeakerMix index="BackLeft" value="0.250000"/>
        <SpeakerMix index="BackRight" value="0.250000"/>
        <SpeakerMix index="SideLeft" value="0.250000"/>
        <SpeakerMix index="SideRight" value="0.250000"/>
        <RoomRolloffFactor value="5.000000"/>
    </CReverb>
    <CReverb id="Reverb_CS_MP01_040">
        <Room value="-900"/>
        <RoomHF value="-2000"/>
        <RoomLF value="-3000"/>
        <DecayTime value="1.500000"/>
        <DecayHFRatio value="1.000000"/>
        <Reflections value="0"/>
        <ReflectionsDelay value="0.000000"/>
        <ReverbDelay value="0.000000"/>
        <HFReference value="10000.000000"/>
        <LFReference value="20.000000"/>
        <SpeakerMix index="LFE" value="0.000000"/>
        <SpeakerMix index="BackLeft" value="0.250000"/>
        <SpeakerMix index="BackRight" value="0.250000"/>
        <SpeakerMix index="SideLeft" value="0.250000"/>
        <SpeakerMix index="SideRight" value="0.250000"/>
        <RoomRolloffFactor value="5.000000"/>
    </CReverb>
    <CReverb id="Reverb_CS_MP03_010">
        <Room value="-900"/>
        <RoomHF value="-2000"/>
        <RoomLF value="-3000"/>
        <DecayTime value="1.500000"/>
        <DecayHFRatio value="1.000000"/>
        <Reflections value="0"/>
        <ReflectionsDelay value="0.000000"/>
        <ReverbDelay value="0.000000"/>
        <HFReference value="10000.000000"/>
        <LFReference value="20.000000"/>
        <RoomRolloffFactor value="5.000000"/>
        <SpeakerMix index="LFE" value="0.000000"/>
        <SpeakerMix index="BackLeft" value="0.250000"/>
        <SpeakerMix index="BackRight" value="0.250000"/>
        <SpeakerMix index="SideLeft" value="0.250000"/>
        <SpeakerMix index="SideRight" value="0.250000"/>
    </CReverb>
    <CReverb id="Reverb_CS_MP03_020">
        <RoomHF value="-1000"/>
        <DecayTime value="5.000000"/>
        <DecayHFRatio value="0.330000"/>
        <Reflections value="-1000"/>
        <ReflectionsDelay value="0.300000"/>
        <Reverb value="0"/>
        <ReverbDelay value="0.030000"/>
        <SpeakerMix index="Center" value="0.500000"/>
        <SpeakerMix index="LFE" value="0.000000"/>
    </CReverb>
    <CReverb id="Reverb_CS_MP03_030">
        <Room value="-900"/>
        <RoomHF value="-2000"/>
        <RoomLF value="-3000"/>
        <DecayTime value="1.500000"/>
        <DecayHFRatio value="1.000000"/>
        <Reflections value="0"/>
        <ReflectionsDelay value="0.000000"/>
        <Reverb value="300"/>
        <ReverbDelay value="0.000000"/>
        <HFReference value="10000.000000"/>
        <LFReference value="20.000000"/>
        <RoomRolloffFactor value="5.000000"/>
        <SpeakerMix index="LFE" value="0.000000"/>
        <SpeakerMix index="BackLeft" value="0.250000"/>
        <SpeakerMix index="BackRight" value="0.250000"/>
        <SpeakerMix index="SideLeft" value="0.250000"/>
        <SpeakerMix index="SideRight" value="0.250000"/>
    </CReverb>
    <CReverb id="Reverb_CS_MP02_035">
        <Room value="-900"/>
        <RoomHF value="-2000"/>
        <RoomLF value="-3000"/>
        <DecayTime value="1.500000"/>
        <DecayHFRatio value="1.000000"/>
        <Reflections value="0"/>
        <ReflectionsDelay value="0.000000"/>
        <Reverb value="300"/>
        <ReverbDelay value="0.000000"/>
        <HFReference value="10000.000000"/>
        <LFReference value="20.000000"/>
        <RoomRolloffFactor value="5.000000"/>
        <SpeakerMix index="LFE" value="0.000000"/>
        <SpeakerMix index="BackLeft" value="0.250000"/>
        <SpeakerMix index="BackRight" value="0.250000"/>
        <SpeakerMix index="SideLeft" value="0.250000"/>
        <SpeakerMix index="SideRight" value="0.250000"/>
    </CReverb>
    <CReverb id="Reverb_CS_MP02_040">
        <Room value="-900"/>
        <RoomHF value="-2000"/>
        <RoomLF value="-3000"/>
        <DecayTime value="1.500000"/>
        <DecayHFRatio value="1.000000"/>
        <Reflections value="0"/>
        <ReflectionsDelay value="0.000000"/>
        <Reverb value="300"/>
        <ReverbDelay value="0.000000"/>
        <HFReference value="10000.000000"/>
        <LFReference value="20.000000"/>
        <RoomRolloffFactor value="5.000000"/>
        <SpeakerMix index="LFE" value="0.000000"/>
        <SpeakerMix index="BackLeft" value="0.250000"/>
        <SpeakerMix index="BackRight" value="0.250000"/>
        <SpeakerMix index="SideLeft" value="0.250000"/>
        <SpeakerMix index="SideRight" value="0.250000"/>
    </CReverb>
    <CReverb id="Reverb_CS_MP03_035">
        <Room value="-900"/>
        <RoomHF value="-2000"/>
        <RoomLF value="-3000"/>
        <DecayTime value="1.500000"/>
        <DecayHFRatio value="1.000000"/>
        <Reflections value="0"/>
        <ReflectionsDelay value="0.000000"/>
        <Reverb value="300"/>
        <ReverbDelay value="0.000000"/>
        <HFReference value="10000.000000"/>
        <LFReference value="20.000000"/>
        <RoomRolloffFactor value="5.000000"/>
        <SpeakerMix index="LFE" value="0.000000"/>
        <SpeakerMix index="BackLeft" value="0.250000"/>
        <SpeakerMix index="BackRight" value="0.250000"/>
        <SpeakerMix index="SideLeft" value="0.250000"/>
        <SpeakerMix index="SideRight" value="0.250000"/>
    </CReverb>
    <CReverb id="Reverb_CS_MP03_040">
        <Room value="-900"/>
        <RoomHF value="-2000"/>
        <RoomLF value="-6000"/>
        <DecayTime value="2.500000"/>
        <DecayHFRatio value="1.000000"/>
        <Reflections value="0"/>
        <ReflectionsDelay value="0.000000"/>
        <Reverb value="300"/>
        <ReverbDelay value="0.000000"/>
        <HFReference value="10000.000000"/>
        <LFReference value="20.000000"/>
        <RoomRolloffFactor value="5.000000"/>
        <SpeakerMix index="LFE" value="0.000000"/>
        <SpeakerMix index="BackLeft" value="0.250000"/>
        <SpeakerMix index="BackRight" value="0.250000"/>
        <SpeakerMix index="SideLeft" value="0.250000"/>
        <SpeakerMix index="SideRight" value="0.250000"/>
    </CReverb>
</Catalog>
