<?xml version="1.0" encoding="us-ascii"?>
<Catalog>
    <!--Unit's death scream sometimes plays simultaneously as Nova's Domination Visor death dialog.-->
    <CSoundMixSnapshot id="HeroNovaMP3_VisorDomination_DeathDucker">
        <Attack value="450"/>
        <Hold value="1000"/>
        <Release value="1000"/>
        <Flags index="ApplyCategoryDuckingGlobal" value="1"/>
        <Flags index="ApplyCategoryDuckingNonLocal" value="1"/>
        <MixGlobal index="Death" value="-18.000000"/>
        <MixGlobal index="Combat" value="-18.000000"/>
        <MixNonLocal index="Death" value="-18.000000"/>
        <MixNonLocal index="Combat" value="-18.000000"/>
    </CSoundMixSnapshot>
    <CSoundMixSnapshot id="HeroNovaMP3_VisorDomination_ReadyDucker">
        <Attack value="450"/>
        <Hold value="1000"/>
        <Release value="1000"/>
        <Flags index="ApplyCategoryDuckingGlobal" value="1"/>
        <Flags index="ApplyCategoryDuckingNonLocal" value="1"/>
        <MixGlobal index="Death" value="-18.000000"/>
        <MixGlobal index="Combat" value="-18.000000"/>
        <MixNonLocal index="Death" value="-18.000000"/>
        <MixNonLocal index="Combat" value="-18.000000"/>
    </CSoundMixSnapshot>
    <CSoundMixSnapshot id="Nova07_MidCine_XanthosDeath">
        <Attack value="350"/>
        <Hold value="1000"/>
        <Release value="1000"/>
        <Flags index="ApplyCategoryDuckingGlobal" value="1"/>
        <Flags index="ApplyCategoryDuckingNonLocal" value="1"/>
        <MixGlobal index="Death" value="-6.000000"/>
    </CSoundMixSnapshot>
    <CSoundMixSnapshot id="TutorialArmyUpgradeRoom3_Reigel_001_MixSnapshot">
        <Attack value="250"/>
        <Hold value="4000"/>
        <Release value="2000"/>
        <Flags index="ApplyCategoryDuckingGlobal" value="1"/>
        <Flags index="ApplyCategoryDuckingNonLocal" value="1"/>
        <MixGlobal index="Movie" value="-18.000000"/>
    </CSoundMixSnapshot>
    <CSoundMixSnapshot id="TutorialArmyUpgradeRoom3_Reigel_002_MixSnapshot">
        <Attack value="250"/>
        <Hold value="6300"/>
        <Release value="2000"/>
        <Flags index="ApplyCategoryDuckingGlobal" value="1"/>
        <Flags index="ApplyCategoryDuckingNonLocal" value="1"/>
        <MixGlobal index="Movie" value="-18.000000"/>
    </CSoundMixSnapshot>
    <CSoundMixSnapshot id="TutorialArmyUpgradeRoom3_Reigel_003_MixSnapshot">
        <Attack value="250"/>
        <Hold value="3323"/>
        <Release value="2000"/>
        <Flags index="ApplyCategoryDuckingGlobal" value="1"/>
        <Flags index="ApplyCategoryDuckingNonLocal" value="1"/>
        <MixGlobal index="Movie" value="-18.000000"/>
    </CSoundMixSnapshot>
    <CSoundMixSnapshot id="TutorialArmyUpgradeRoom3_Reigel_004_MixSnapshot">
        <Attack value="250"/>
        <Hold value="3200"/>
        <Release value="2000"/>
        <Flags index="ApplyCategoryDuckingGlobal" value="1"/>
        <Flags index="ApplyCategoryDuckingNonLocal" value="1"/>
        <MixGlobal index="Movie" value="-18.000000"/>
    </CSoundMixSnapshot>
    <CSoundMixSnapshot id="TutorialArmyUpgradeRoom_Reigel_001_MixSnapshot">
        <Attack value="250"/>
        <Hold value="6652"/>
        <Release value="2000"/>
        <Flags index="ApplyCategoryDuckingGlobal" value="1"/>
        <Flags index="ApplyCategoryDuckingNonLocal" value="1"/>
        <MixGlobal index="Movie" value="-18.000000"/>
    </CSoundMixSnapshot>
    <CSoundMixSnapshot id="TutorialArmyUpgradeRoom_Reigel_002_MixSnapshot">
        <Attack value="250"/>
        <Hold value="2334"/>
        <Release value="2000"/>
        <Flags index="ApplyCategoryDuckingGlobal" value="1"/>
        <Flags index="ApplyCategoryDuckingNonLocal" value="1"/>
        <MixGlobal index="Movie" value="-18.000000"/>
    </CSoundMixSnapshot>
    <CSoundMixSnapshot id="TutorialArmyUpgradeRoom_Reigel_003_MixSnapshot">
        <Attack value="250"/>
        <Hold value="2403"/>
        <Release value="2000"/>
        <Flags index="ApplyCategoryDuckingGlobal" value="1"/>
        <Flags index="ApplyCategoryDuckingNonLocal" value="1"/>
        <MixGlobal index="Movie" value="-18.000000"/>
    </CSoundMixSnapshot>
    <CSoundMixSnapshot id="TutorialArmyUpgradeRoom_Reigel_004_MixSnapshot">
        <Attack value="250"/>
        <Hold value="4770"/>
        <Release value="2000"/>
        <Flags index="ApplyCategoryDuckingGlobal" value="1"/>
        <Flags index="ApplyCategoryDuckingNonLocal" value="1"/>
        <MixGlobal index="Movie" value="-18.000000"/>
    </CSoundMixSnapshot>
    <CSoundMixSnapshot id="TutorialArmyUpgradeRoom_Reigel_005_MixSnapshot">
        <Attack value="250"/>
        <Hold value="7679"/>
        <Release value="2000"/>
        <Flags index="ApplyCategoryDuckingGlobal" value="1"/>
        <Flags index="ApplyCategoryDuckingNonLocal" value="1"/>
        <MixGlobal index="Movie" value="-18.000000"/>
    </CSoundMixSnapshot>
    <CSoundMixSnapshot id="TutorialArmyUpgradeRoom_Reigel_006_MixSnapshot">
        <Attack value="250"/>
        <Hold value="1800"/>
        <Release value="2000"/>
        <Flags index="ApplyCategoryDuckingGlobal" value="1"/>
        <Flags index="ApplyCategoryDuckingNonLocal" value="1"/>
        <MixGlobal index="Movie" value="-18.000000"/>
    </CSoundMixSnapshot>
    <CSoundMixSnapshot id="TutorialArmyUpgradeRoom_Reigel_007_MixSnapshot">
        <Attack value="250"/>
        <Hold value="2111"/>
        <Release value="2000"/>
        <Flags index="ApplyCategoryDuckingGlobal" value="1"/>
        <Flags index="ApplyCategoryDuckingNonLocal" value="1"/>
        <MixGlobal index="Movie" value="-18.000000"/>
    </CSoundMixSnapshot>
    <CSoundMixSnapshot id="TutorialArmyUpgradeRoom_Reigel_008_MixSnapshot">
        <Attack value="250"/>
        <Hold value="1270"/>
        <Release value="2000"/>
        <Flags index="ApplyCategoryDuckingGlobal" value="1"/>
        <Flags index="ApplyCategoryDuckingNonLocal" value="1"/>
        <MixGlobal index="Movie" value="-18.000000"/>
    </CSoundMixSnapshot>
    <CSoundMixSnapshot id="TutorialArmyUpgradeRoom2_Reigel_001_MixSnapshot">
        <Attack value="250"/>
        <Hold value="4909"/>
        <Release value="2000"/>
        <Flags index="ApplyCategoryDuckingGlobal" value="1"/>
        <Flags index="ApplyCategoryDuckingNonLocal" value="1"/>
        <MixGlobal index="Movie" value="-18.000000"/>
    </CSoundMixSnapshot>
    <CSoundMixSnapshot id="TutorialArmyUpgradeRoom2_Reigel_002_MixSnapshot">
        <Attack value="250"/>
        <Hold value="5323"/>
        <Release value="2000"/>
        <Flags index="ApplyCategoryDuckingGlobal" value="1"/>
        <Flags index="ApplyCategoryDuckingNonLocal" value="1"/>
        <MixGlobal index="Movie" value="-18.000000"/>
    </CSoundMixSnapshot>
</Catalog>
