<?xml version="1.0" encoding="us-ascii"?>
<Catalog>
    <CSoundtrack id="Ambience_Nova01MissionLaunch" parent="Ambience_Map"/>
    <CSoundtrack id="Ambience_Nova05_Main">
        <CueArray index="0">
            <MasterLayer Sound="Ambience_Nova05_Planet_Infested_Quad"/>
        </CueArray>
    </CSoundtrack>
    <CSoundtrack id="Ambience_Nova05_ScienceFacility"/>
    <CSoundtrack id="Ambience_Nova05_ZergMines"/>
    <CSoundtrack id="Ambience_Nova06_City_Flashback" parent="Ambience_Map"/>
    <CSoundtrack id="Ambience_Nova06_CinematicRight1" parent="Ambience_Map">
        <CueArray index="0">
            <SlaveLayers>
                <Sections Sound="Ambience_Nova06_FlashbackFootstepBy"/>
            </SlaveLayers>
            <SlaveLayers>
                <Sections Sound="Ambience_Nova06_FlashbackWalla"/>
            </SlaveLayers>
        </CueArray>
    </CSoundtrack>
    <CSoundtrack id="Ambience_Nova06_CinematicRight2" parent="Ambience_Map">
        <CueArray index="0">
            <SlaveLayers>
                <Sections Sound="Ambience_Nova06_FlashbackFootstepBy"/>
            </SlaveLayers>
            <SlaveLayers>
                <Sections Sound="Ambience_Nova06_FlashbackWalla"/>
            </SlaveLayers>
        </CueArray>
    </CSoundtrack>
    <CSoundtrack id="Ambience_Nova06_CinematicTop1" parent="Ambience_Map">
        <CueArray index="0">
            <SlaveLayers>
                <Sections Sound="Ambience_Nova06_FlashbackFootstepBy"/>
            </SlaveLayers>
            <SlaveLayers>
                <Sections Sound="Ambience_Nova06_FlashbackWalla"/>
            </SlaveLayers>
            <SlaveLayers>
                <Sections Sound="Ambience_Nova06_FlashbackWarehouseIndustrySwtnrs"/>
            </SlaveLayers>
        </CueArray>
    </CSoundtrack>
    <CSoundtrack id="Ambience_Nova06_CinematicTop2" parent="Ambience_Map">
        <CueArray index="0">
            <SlaveLayers>
                <Sections Sound="Ambience_Nova06_FlashbackFootstepBy"/>
            </SlaveLayers>
            <SlaveLayers>
                <Sections Sound="Ambience_Nova06_FlashbackWalla"/>
            </SlaveLayers>
        </CueArray>
    </CSoundtrack>
    <CSoundtrack id="Ambience_NovaVictoryScreen" parent="Ambience_Map"/>
    <CSoundtrack id="nDLC_Music_StorySoFarMP02">
        <CueArray>
            <MasterLayer Sound="nDLC_Music_StorySoFarMP02"/>
            <SlaveLayers/>
            <SlaveLayers/>
            <SlaveLayers/>
            <SlaveLayers/>
        </CueArray>
        <Delay value="10,20"/>
    </CSoundtrack>
</Catalog>
