<?xml version="1.0" encoding="us-ascii"?>
<Catalog>
    <CSoundExclusivity id="Nova_UnitDX_Exclusivity">
        <Group value="41822"/>
        <Priority value="41822.000000"/>
        <CollideWithLower value="Fail"/>
        <CollideWithEqual value="Fail"/>
        <CollideWithHigher value="Fail"/>
        <QTimeout value="1000"/>
        <InterruptFade/>
        <InterruptFade Time="250" Volume="-96.000000"/>
    </CSoundExclusivity>
    <CSoundExclusivity id="Nova_DominationDX_Exclusivity">
        <Group value="100"/>
        <Priority value="100.000000"/>
        <CollideWithLower value="Fail"/>
        <CollideWithEqual value="Fail"/>
        <CollideWithHigher value="Fail"/>
        <QTimeout value="1000"/>
        <InterruptFade/>
        <InterruptFade Time="250" Volume="-96.000000"/>
    </CSoundExclusivity>
    <CSoundExclusivity id="Tutorial_EquipmentArmyRooms_Exclusivity">
        <Group value="45000"/>
        <Priority value="100.000000"/>
        <CollideWithLower value="Fail"/>
        <CollideWithEqual value="Fail"/>
        <CollideWithHigher value="Fail"/>
        <QTimeout value="1000"/>
        <InterruptFade/>
        <InterruptFade Time="250" Volume="-96.000000"/>
        <QCollideWithLower value="Fail"/>
    </CSoundExclusivity>
</Catalog>
