<?xml version="1.0" encoding="us-ascii"?>
<Catalog>
    <CTexture id="briefing_video_nova02_00">
        <File value="Assets\Textures\briefing_video_nova02_00.ogv"/>
        <Slot value="video"/>
        <MovieSoundSettings value="VideoSpeakermix_NovaBriefingNova02_00_Stereo"/>
        <MovieSoundSettings5dot1 value="VideoSpeakermix_NovaBriefingNova02_00_Stereo"/>
        <MovieSoundSettingsStereo value="VideoSpeakermix_NovaBriefingNova02_00_Stereo"/>
    </CTexture>
    <CTexture id="briefing_video_nova02_01">
        <File value="Assets\Textures\briefing_video_nova02_01.ogv"/>
        <Slot value="video"/>
        <MovieSoundSettings value="VideoSpeakermix_NovaBriefingNova02_01_Stereo"/>
        <MovieSoundSettings5dot1 value="VideoSpeakermix_NovaBriefingNova02_01_Stereo"/>
        <MovieSoundSettingsStereo value="VideoSpeakermix_NovaBriefingNova02_01_Stereo"/>
    </CTexture>
    <CTexture id="briefing_video_nova03_00">
        <File value="Assets\Textures\briefing_video_nova03_00.ogv"/>
        <Slot value="video"/>
        <MovieSoundSettings value="VideoSpeakermix_NovaBriefingNova03_00_Stereo"/>
        <MovieSoundSettings5dot1 value="VideoSpeakermix_NovaBriefingNova03_00_Stereo"/>
        <MovieSoundSettingsStereo value="VideoSpeakermix_NovaBriefingNova03_00_Stereo"/>
    </CTexture>
    <CTexture id="briefing_video_nova03_01">
        <File value="Assets\Textures\briefing_video_nova03_01.ogv"/>
        <Slot value="video"/>
        <MovieSoundSettings value="VideoSpeakermix_NovaBriefingNova03_01_Stereo"/>
        <MovieSoundSettings5dot1 value="VideoSpeakermix_NovaBriefingNova03_01_Stereo"/>
        <MovieSoundSettingsStereo value="VideoSpeakermix_NovaBriefingNova03_01_Stereo"/>
    </CTexture>
    <CTexture id="briefing_video_nova03_02">
        <File value="Assets\Textures\briefing_video_nova03_02.ogv"/>
        <Slot value="video"/>
        <MovieSoundSettings value="VideoSpeakermix_NovaBriefingNova03_02_Stereo"/>
        <MovieSoundSettings5dot1 value="VideoSpeakermix_NovaBriefingNova03_02_Stereo"/>
        <MovieSoundSettingsStereo value="VideoSpeakermix_NovaBriefingNova03_02_Stereo"/>
    </CTexture>
    <CTexture id="briefing_video_nova03_03">
        <File value="Assets\Textures\briefing_video_nova03_03.ogv"/>
        <Slot value="video"/>
        <MovieSoundSettings value="VideoSpeakermix_NovaBriefingNova03_03_Stereo"/>
        <MovieSoundSettings5dot1 value="VideoSpeakermix_NovaBriefingNova03_03_Stereo"/>
        <MovieSoundSettingsStereo value="VideoSpeakermix_NovaBriefingNova03_03_Stereo"/>
    </CTexture>
    <CTexture id="briefing_video_nova03_04">
        <File value="Assets\Textures\briefing_video_nova03_04.ogv"/>
        <Slot value="video"/>
        <MovieSoundSettings value="VideoSpeakermix_NovaBriefingNova03_04_Stereo"/>
        <MovieSoundSettings5dot1 value="VideoSpeakermix_NovaBriefingNova03_04_Stereo"/>
        <MovieSoundSettingsStereo value="VideoSpeakermix_NovaBriefingNova03_04_Stereo"/>
    </CTexture>
    <CTexture id="briefing_video_nova04_00">
        <File value="Assets\Textures\briefing_video_nova04_00.ogv"/>
        <Slot value="video"/>
        <MovieSoundSettings value="VideoSpeakermix_NovaBriefingNova04_00_Stereo"/>
        <MovieSoundSettings5dot1 value="VideoSpeakermix_NovaBriefingNova04_00_Stereo"/>
        <MovieSoundSettingsStereo value="VideoSpeakermix_NovaBriefingNova04_00_Stereo"/>
    </CTexture>
    <CTexture id="briefing_video_nova04_01">
        <File value="Assets\Textures\briefing_video_nova04_01.ogv"/>
        <Slot value="video"/>
        <MovieSoundSettings value="VideoSpeakermix_NovaBriefingNova04_01_Stereo"/>
        <MovieSoundSettings5dot1 value="VideoSpeakermix_NovaBriefingNova04_01_Stereo"/>
        <MovieSoundSettingsStereo value="VideoSpeakermix_NovaBriefingNova04_01_Stereo"/>
    </CTexture>
    <CTexture id="briefing_video_nova04_02">
        <File value="Assets\Textures\briefing_video_nova04_02.ogv"/>
        <Slot value="video"/>
        <MovieSoundSettings value="VideoSpeakermix_NovaBriefingNova04_02_Stereo"/>
        <MovieSoundSettings5dot1 value="VideoSpeakermix_NovaBriefingNova04_02_Stereo"/>
        <MovieSoundSettingsStereo value="VideoSpeakermix_NovaBriefingNova04_02_Stereo"/>
    </CTexture>
    <CTexture id="briefing_video_nova05_00">
        <File value="Assets\Textures\briefing_video_nova05_00.ogv"/>
        <Slot value="video"/>
        <MovieSoundSettings value="VideoSpeakermix_NovaBriefingNova05_00_Stereo"/>
        <MovieSoundSettings5dot1 value="VideoSpeakermix_NovaBriefingNova05_00_Stereo"/>
        <MovieSoundSettingsStereo value="VideoSpeakermix_NovaBriefingNova05_00_Stereo"/>
    </CTexture>
    <CTexture id="briefing_video_nova05_01">
        <File value="Assets\Textures\briefing_video_nova05_01.ogv"/>
        <Slot value="video"/>
        <MovieSoundSettings value="VideoSpeakermix_NovaBriefingNova05_01_Stereo"/>
        <MovieSoundSettings5dot1 value="VideoSpeakermix_NovaBriefingNova05_01_Stereo"/>
        <MovieSoundSettingsStereo value="VideoSpeakermix_NovaBriefingNova05_01_Stereo"/>
    </CTexture>
    <CTexture id="briefing_video_nova05_02">
        <File value="Assets\Textures\briefing_video_nova05_02.ogv"/>
        <Slot value="video"/>
        <MovieSoundSettings value="VideoSpeakermix_NovaBriefingNova05_02_Stereo"/>
        <MovieSoundSettings5dot1 value="VideoSpeakermix_NovaBriefingNova05_02_Stereo"/>
        <MovieSoundSettingsStereo value="VideoSpeakermix_NovaBriefingNova05_02_Stereo"/>
    </CTexture>
    <CTexture id="briefing_video_nova06_00">
        <File value="Assets\Textures\briefing_video_nova06_00.ogv"/>
        <Slot value="video"/>
        <MovieSoundSettings value="VideoSpeakermix_NovaBriefingNova06_00_Stereo"/>
        <MovieSoundSettings5dot1 value="VideoSpeakermix_NovaBriefingNova06_00_Stereo"/>
        <MovieSoundSettingsStereo value="VideoSpeakermix_NovaBriefingNova06_00_Stereo"/>
    </CTexture>
    <CTexture id="briefing_video_nova06_01">
        <File value="Assets\Textures\briefing_video_nova06_01.ogv"/>
        <Slot value="video"/>
        <MovieSoundSettings value="VideoSpeakermix_NovaBriefingNova06_01_Stereo"/>
        <MovieSoundSettings5dot1 value="VideoSpeakermix_NovaBriefingNova06_01_Stereo"/>
        <MovieSoundSettingsStereo value="VideoSpeakermix_NovaBriefingNova06_01_Stereo"/>
    </CTexture>
    <CTexture id="briefing_video_nova07_01">
        <File value="Assets\Textures\briefing_video_nova07_01.ogv"/>
        <Slot value="video"/>
        <MovieSoundSettings value="VideoSpeakermix_NovaBriefingNova07_01_Stereo"/>
        <MovieSoundSettings5dot1 value="VideoSpeakermix_NovaBriefingNova07_01_Stereo"/>
        <MovieSoundSettingsStereo value="VideoSpeakermix_NovaBriefingNova07_01_Stereo"/>
    </CTexture>
    <CTexture id="briefing_video_nova07_02">
        <File value="Assets\Textures\briefing_video_nova07_02.ogv"/>
        <Slot value="video"/>
        <MovieSoundSettings value="VideoSpeakermix_NovaBriefingNova07_02_Stereo"/>
        <MovieSoundSettings5dot1 value="VideoSpeakermix_NovaBriefingNova07_02_Stereo"/>
        <MovieSoundSettingsStereo value="VideoSpeakermix_NovaBriefingNova07_02_Stereo"/>
    </CTexture>
    <CTexture id="briefing_video_nova07_03">
        <File value="Assets\Textures\briefing_video_nova07_03.ogv"/>
        <Slot value="video"/>
        <MovieSoundSettings value="VideoSpeakermix_NovaBriefingNova07_03_Stereo"/>
        <MovieSoundSettings5dot1 value="VideoSpeakermix_NovaBriefingNova07_03_Stereo"/>
        <MovieSoundSettingsStereo value="VideoSpeakermix_NovaBriefingNova07_03_Stereo"/>
    </CTexture>
    <CTexture id="briefing_video_nova08_00a">
        <File value="Assets\Textures\briefing_video_nova08_00a.ogv"/>
        <Slot value="video"/>
        <MovieSoundSettings value="VideoSpeakermix_NovaBriefingNova08_00a_Stereo"/>
        <MovieSoundSettings5dot1 value="VideoSpeakermix_NovaBriefingNova08_00a_Stereo"/>
        <MovieSoundSettingsStereo value="VideoSpeakermix_NovaBriefingNova08_00a_Stereo"/>
    </CTexture>
    <CTexture id="briefing_video_nova08_00b">
        <File value="Assets\Textures\briefing_video_nova08_00b.ogv"/>
        <Slot value="video"/>
        <MovieSoundSettings value="VideoSpeakermix_NovaBriefingNova08_00b_Stereo"/>
        <MovieSoundSettings5dot1 value="VideoSpeakermix_NovaBriefingNova08_00b_Stereo"/>
        <MovieSoundSettingsStereo value="VideoSpeakermix_NovaBriefingNova08_00b_Stereo"/>
    </CTexture>
    <CTexture id="briefing_video_nova08_01">
        <File value="Assets\Textures\briefing_video_nova08_01.ogv"/>
        <Slot value="video"/>
        <MovieSoundSettings value="VideoSpeakermix_NovaBriefingNova08_01_Stereo"/>
        <MovieSoundSettings5dot1 value="VideoSpeakermix_NovaBriefingNova08_01_Stereo"/>
        <MovieSoundSettingsStereo value="VideoSpeakermix_NovaBriefingNova08_01_Stereo"/>
    </CTexture>
    <CTexture id="briefing_video_nova09_00">
        <File value="Assets\Textures\briefing_video_nova09_00.ogv"/>
        <Slot value="video"/>
        <MovieSoundSettings value="VideoSpeakermix_NovaBriefingNova09_00_Stereo"/>
        <MovieSoundSettings5dot1 value="VideoSpeakermix_NovaBriefingNova09_00_Stereo"/>
        <MovieSoundSettingsStereo value="VideoSpeakermix_NovaBriefingNova09_00_Stereo"/>
    </CTexture>
    <CTexture id="briefing_video_nova09_01">
        <File value="Assets\Textures\briefing_video_nova09_01.ogv"/>
        <Slot value="video"/>
        <MovieSoundSettings value="VideoSpeakermix_NovaBriefingNova09_01_Stereo"/>
        <MovieSoundSettings5dot1 value="VideoSpeakermix_NovaBriefingNova09_01_Stereo"/>
        <MovieSoundSettingsStereo value="VideoSpeakermix_NovaBriefingNova09_01_Stereo"/>
    </CTexture>
    <CTexture id="briefing_video_nova09_02">
        <File value="Assets\Textures\briefing_video_nova09_02.ogv"/>
        <Slot value="video"/>
        <MovieSoundSettings value="VideoSpeakermix_NovaBriefingNova09_02_Stereo"/>
        <MovieSoundSettings5dot1 value="VideoSpeakermix_NovaBriefingNova09_02_Stereo"/>
        <MovieSoundSettingsStereo value="VideoSpeakermix_NovaBriefingNova09_02_Stereo"/>
    </CTexture>
    <CTexture id="covertops_banshee_biosteel">
        <File value="Assets\Textures\covertops_banshee_biosteel.ogv"/>
        <MovieSoundSettings value="VideoSpeakermix_NovaUnitTech_Stereo"/>
        <MovieSoundSettings5dot1 value="VideoSpeakermix_NovaUnitTech_5dot1"/>
        <MovieSoundSettingsStereo value="VideoSpeakermix_NovaUnitTech_Stereo"/>
        <Slot value="video"/>
    </CTexture>
    <CTexture id="covertops_banshee_cloak">
        <File value="Assets\Textures\covertops_banshee_cloak.ogv"/>
        <MovieSoundSettings value="VideoSpeakermix_NovaUnitTech_Stereo"/>
        <MovieSoundSettings5dot1 value="VideoSpeakermix_NovaUnitTech_5dot1"/>
        <MovieSoundSettingsStereo value="VideoSpeakermix_NovaUnitTech_Stereo"/>
        <Slot value="video"/>
    </CTexture>
    <CTexture id="covertops_banshee_internalizedtech">
        <File value="Assets\Textures\covertops_banshee_internalizedtech.ogv"/>
        <MovieSoundSettings value="VideoSpeakermix_NovaUnitTech_Stereo"/>
        <MovieSoundSettings5dot1 value="VideoSpeakermix_NovaUnitTech_5dot1"/>
        <MovieSoundSettingsStereo value="VideoSpeakermix_NovaUnitTech_Stereo"/>
        <Slot value="video"/>
    </CTexture>
    <CTexture id="covertops_goliath_biosteel">
        <File value="Assets\Textures\covertops_goliath_biosteel.ogv"/>
        <MovieSoundSettings value="VideoSpeakermix_NovaGoliathBiosteel_Stereo"/>
        <MovieSoundSettings5dot1 value="VideoSpeakermix_NovaGoliathBiosteel_5dot1"/>
        <MovieSoundSettingsStereo value="VideoSpeakermix_NovaGoliathBiosteel_Stereo"/>
        <Slot value="video"/>
    </CTexture>
    <CTexture id="covertops_goliath_jumpjets">
        <File value="Assets\Textures\covertops_goliath_jumpjets.ogv"/>
        <MovieSoundSettings value="VideoSpeakermix_NovaUnitTech_Stereo"/>
        <MovieSoundSettings5dot1 value="VideoSpeakermix_NovaUnitTech_5dot1"/>
        <MovieSoundSettingsStereo value="VideoSpeakermix_NovaUnitTech_Stereo"/>
        <Slot value="video"/>
    </CTexture>
    <CTexture id="covertops_goliath_lasertargetingsystem">
        <File value="Assets\Textures\covertops_goliath_lasertargetingsystem.ogv"/>
        <MovieSoundSettings value="VideoSpeakermix_NovaUnitTech_Stereo"/>
        <MovieSoundSettings5dot1 value="VideoSpeakermix_NovaUnitTech_5dot1"/>
        <MovieSoundSettingsStereo value="VideoSpeakermix_NovaUnitTech_Stereo"/>
        <Slot value="video"/>
    </CTexture>
    <CTexture id="covertops_hellbat_jumpjets">
        <File value="Assets\Textures\covertops_hellbat_jumpjets.ogv"/>
        <MovieSoundSettings value="VideoSpeakermix_NovaUnitTech_Stereo"/>
        <MovieSoundSettings5dot1 value="VideoSpeakermix_NovaUnitTech_5dot1"/>
        <MovieSoundSettingsStereo value="VideoSpeakermix_NovaUnitTech_Stereo"/>
        <Slot value="video"/>
    </CTexture>
    <CTexture id="covertops_hellbat_servo">
        <File value="Assets\Textures\covertops_hellbat_servo.ogv"/>
        <Slot value="video"/>
        <MovieSoundSettings value="VideoSpeakermix_NovaUnitTech_Stereo"/>
        <MovieSoundSettings5dot1 value="VideoSpeakermix_NovaUnitTech_5dot1"/>
        <MovieSoundSettingsStereo value="VideoSpeakermix_NovaUnitTech_Stereo"/>
    </CTexture>
    <CTexture id="covertops_hellbat_superstim">
        <File value="Assets\Textures\covertops_hellbat_superstim.ogv"/>
        <MovieSoundSettings value="VideoSpeakermix_NovaUnitTech_Stereo"/>
        <MovieSoundSettings5dot1 value="VideoSpeakermix_NovaUnitTech_5dot1"/>
        <MovieSoundSettingsStereo value="VideoSpeakermix_NovaUnitTech_Stereo"/>
        <Slot value="video"/>
    </CTexture>
    <CTexture id="covertops_liberator_biosteel">
        <File value="Assets\Textures\covertops_liberator_biosteel.ogv"/>
        <MovieSoundSettings value="VideoSpeakermix_NovaUnitTech_Stereo"/>
        <MovieSoundSettings5dot1 value="VideoSpeakermix_NovaUnitTech_5dot1"/>
        <MovieSoundSettingsStereo value="VideoSpeakermix_NovaUnitTech_Stereo"/>
        <Slot value="video"/>
    </CTexture>
    <CTexture id="covertops_liberator_cloak">
        <File value="Assets\Textures\covertops_liberator_cloak.ogv"/>
        <MovieSoundSettings value="VideoSpeakermix_NovaUnitTech_Stereo"/>
        <MovieSoundSettings5dot1 value="VideoSpeakermix_NovaUnitTech_5dot1"/>
        <MovieSoundSettingsStereo value="VideoSpeakermix_NovaUnitTech_Stereo"/>
        <Slot value="video"/>
    </CTexture>
    <CTexture id="covertops_liberator_internalizedtech">
        <File value="Assets\Textures\covertops_liberator_internalizedtech.ogv"/>
        <MovieSoundSettings value="VideoSpeakermix_NovaUnitTech_Stereo"/>
        <MovieSoundSettings5dot1 value="VideoSpeakermix_NovaUnitTech_5dot1"/>
        <MovieSoundSettingsStereo value="VideoSpeakermix_NovaUnitTech_Stereo"/>
        <Slot value="video"/>
    </CTexture>
    <CTexture id="covertops_liberator_servos">
        <File value="Assets\Textures\covertops_liberator_servos.ogv"/>
        <MovieSoundSettings value="VideoSpeakermix_NovaUnitTech_Stereo"/>
        <MovieSoundSettings5dot1 value="VideoSpeakermix_NovaUnitTech_5dot1"/>
        <MovieSoundSettingsStereo value="VideoSpeakermix_NovaUnitTech_Stereo"/>
        <Slot value="video"/>
    </CTexture>
    <CTexture id="covertops_marauder_internalizedtech">
        <File value="Assets\Textures\covertops_marauder_internalizedtech.ogv"/>
        <MovieSoundSettings value="VideoSpeakermix_NovaUnitTech_Stereo"/>
        <MovieSoundSettings5dot1 value="VideoSpeakermix_NovaUnitTech_5dot1"/>
        <MovieSoundSettingsStereo value="VideoSpeakermix_NovaUnitTech_Stereo"/>
        <Slot value="video"/>
    </CTexture>
    <CTexture id="covertops_marauder_lasertargeting">
        <File value="Assets\Textures\covertops_marauder_lasertargeting.ogv"/>
        <Slot value="video"/>
        <MovieSoundSettings value="VideoSpeakermix_NovaUnitTech_Stereo"/>
        <MovieSoundSettings5dot1 value="VideoSpeakermix_NovaUnitTech_5dot1"/>
        <MovieSoundSettingsStereo value="VideoSpeakermix_NovaUnitTech_Stereo"/>
    </CTexture>
    <CTexture id="covertops_marauder_magrail">
        <File value="Assets\Textures\covertops_marauder_magrail.ogv"/>
        <MovieSoundSettings value="VideoSpeakermix_NovaUnitTech_Stereo"/>
        <MovieSoundSettings5dot1 value="VideoSpeakermix_NovaUnitTech_5dot1"/>
        <MovieSoundSettingsStereo value="VideoSpeakermix_NovaUnitTech_Stereo"/>
        <Slot value="video"/>
    </CTexture>
    <CTexture id="covertops_marauder_superstim">
        <File value="Assets\Textures\covertops_marauder_superstim.ogv"/>
        <MovieSoundSettings value="VideoSpeakermix_NovaUnitTech_Stereo"/>
        <MovieSoundSettings5dot1 value="VideoSpeakermix_NovaUnitTech_5dot1"/>
        <MovieSoundSettingsStereo value="VideoSpeakermix_NovaUnitTech_Stereo"/>
        <Slot value="video"/>
    </CTexture>
    <CTexture id="covertops_marine_lasertargeting">
        <File value="Assets\Textures\covertops_marine_lasertargeting.ogv"/>
        <MovieSoundSettings value="VideoSpeakermix_NovaUnitTech_Stereo"/>
        <MovieSoundSettings5dot1 value="VideoSpeakermix_NovaUnitTech_5dot1"/>
        <MovieSoundSettingsStereo value="VideoSpeakermix_NovaUnitTech_Stereo"/>
        <Slot value="video"/>
    </CTexture>
    <CTexture id="covertops_marine_magrail">
        <File value="Assets\Textures\covertops_marine_magrail.ogv"/>
        <Slot value="video"/>
        <MovieSoundSettings value="VideoSpeakermix_NovaUnitTech_Stereo"/>
        <MovieSoundSettings5dot1 value="VideoSpeakermix_NovaUnitTech_5dot1"/>
        <MovieSoundSettingsStereo value="VideoSpeakermix_NovaUnitTech_Stereo"/>
    </CTexture>
    <CTexture id="covertops_marine_superstim">
        <File value="Assets\Textures\covertops_marine_superstim.ogv"/>
        <MovieSoundSettings value="VideoSpeakermix_NovaUnitTech_Stereo"/>
        <MovieSoundSettings5dot1 value="VideoSpeakermix_NovaUnitTech_5dot1"/>
        <MovieSoundSettingsStereo value="VideoSpeakermix_NovaUnitTech_Stereo"/>
        <Slot value="video"/>
    </CTexture>
    <CTexture id="covertops_raven_internalizedtech">
        <File value="Assets\Textures\covertops_raven_internalizedtech.ogv"/>
        <MovieSoundSettings value="VideoSpeakermix_NovaUnitTech_Stereo"/>
        <MovieSoundSettings5dot1 value="VideoSpeakermix_NovaUnitTech_5dot1"/>
        <MovieSoundSettingsStereo value="VideoSpeakermix_NovaUnitTech_Stereo"/>
        <Slot value="video"/>
    </CTexture>
    <CTexture id="covertops_raven_magrail">
        <File value="Assets\Textures\covertops_raven_magrail.ogv"/>
        <MovieSoundSettings value="VideoSpeakermix_NovaUnitTech_Stereo"/>
        <MovieSoundSettings5dot1 value="VideoSpeakermix_NovaUnitTech_5dot1"/>
        <MovieSoundSettingsStereo value="VideoSpeakermix_NovaUnitTech_Stereo"/>
        <Slot value="video"/>
    </CTexture>
    <CTexture id="covertops_raven_spidermines">
        <File value="Assets\Textures\covertops_raven_spidermines.ogv"/>
        <MovieSoundSettings value="VideoSpeakermix_NovaUnitTech_Stereo"/>
        <MovieSoundSettings5dot1 value="VideoSpeakermix_NovaUnitTech_5dot1"/>
        <MovieSoundSettingsStereo value="VideoSpeakermix_NovaUnitTech_Stereo"/>
        <Slot value="video"/>
    </CTexture>
    <CTexture id="covertops_reaper_lasertargetingsystem">
        <File value="Assets\Textures\covertops_reaper_lasertargetingsystem.ogv"/>
        <MovieSoundSettings value="VideoSpeakermix_NovaUnitTech_Stereo"/>
        <MovieSoundSettings5dot1 value="VideoSpeakermix_NovaUnitTech_5dot1"/>
        <MovieSoundSettingsStereo value="VideoSpeakermix_NovaUnitTech_Stereo"/>
        <Slot value="video"/>
    </CTexture>
    <CTexture id="covertops_reaper_spidermines">
        <File value="Assets\Textures\covertops_reaper_spidermines.ogv"/>
        <MovieSoundSettings value="VideoSpeakermix_NovaUnitTech_Stereo"/>
        <MovieSoundSettings5dot1 value="VideoSpeakermix_NovaUnitTech_5dot1"/>
        <MovieSoundSettingsStereo value="VideoSpeakermix_NovaUnitTech_Stereo"/>
        <Slot value="video"/>
    </CTexture>
    <CTexture id="covertops_reaper_superstim">
        <File value="Assets\Textures\covertops_reaper_superstim.ogv"/>
        <MovieSoundSettings value="VideoSpeakermix_NovaUnitTech_Stereo"/>
        <MovieSoundSettings5dot1 value="VideoSpeakermix_NovaUnitTech_5dot1"/>
        <MovieSoundSettingsStereo value="VideoSpeakermix_NovaUnitTech_Stereo"/>
        <Slot value="video"/>
    </CTexture>
    <CTexture id="covertops_siegetank_biosteel">
        <File value="Assets\Textures\covertops_siegetank_biosteel.ogv"/>
        <Slot value="video"/>
        <MovieSoundSettings value="VideoSpeakermix_NovaUnitTech_Stereo"/>
        <MovieSoundSettings5dot1 value="VideoSpeakermix_NovaUnitTech_5dot1"/>
        <MovieSoundSettingsStereo value="VideoSpeakermix_NovaUnitTech_Stereo"/>
    </CTexture>
    <CTexture id="covertops_siegetank_internalizedtech">
        <File value="Assets\Textures\covertops_siegetank_internalizedtech.ogv"/>
        <MovieSoundSettings value="VideoSpeakermix_NovaUnitTech_Stereo"/>
        <MovieSoundSettings5dot1 value="VideoSpeakermix_NovaUnitTech_5dot1"/>
        <MovieSoundSettingsStereo value="VideoSpeakermix_NovaUnitTech_Stereo"/>
        <Slot value="video"/>
    </CTexture>
    <CTexture id="covertops_siegetank_jumpjets">
        <File value="Assets\Textures\covertops_siegetank_jumpjets.ogv"/>
        <MovieSoundSettings value="VideoSpeakermix_NovaUnitTech_Stereo"/>
        <MovieSoundSettings5dot1 value="VideoSpeakermix_NovaUnitTech_5dot1"/>
        <MovieSoundSettingsStereo value="VideoSpeakermix_NovaUnitTech_Stereo"/>
        <Slot value="video"/>
    </CTexture>
    <CTexture id="covertops_siegetank_servos">
        <File value="Assets\Textures\covertops_siegetank_servos.ogv"/>
        <Slot value="video"/>
        <MovieSoundSettings value="VideoSpeakermix_NovaUnitTech_Stereo"/>
        <MovieSoundSettings5dot1 value="VideoSpeakermix_NovaUnitTech_5dot1"/>
        <MovieSoundSettingsStereo value="VideoSpeakermix_NovaUnitTech_Stereo"/>
    </CTexture>
    <CTexture id="covertops_siegetank_spidermines">
        <File value="Assets\Textures\covertops_siegetank_spidermines.ogv"/>
        <MovieSoundSettings value="VideoSpeakermix_NovaUnitTech_Stereo"/>
        <MovieSoundSettings5dot1 value="VideoSpeakermix_NovaUnitTech_5dot1"/>
        <MovieSoundSettingsStereo value="VideoSpeakermix_NovaUnitTech_Stereo"/>
        <Slot value="video"/>
    </CTexture>
    <CTexture id="video_newsreport_nova02_04intro">
        <File value="Assets\Textures\video_newsreport_nova02_04intro.ogv"/>
        <MovieSoundSettings5dot1 value="NewsBriefingMovieTemplate2D"/>
        <MovieSoundSettingsStereo value="NewsBriefingMovieTemplate2D"/>
        <MovieSoundSettings value="NewsBriefingMovieTemplate2D"/>
    </CTexture>
    <CTexture id="video_newsreport_nova02_05intro">
        <File value="Assets\Textures\video_newsreport_nova02_05intro.ogv"/>
        <MovieSoundSettings5dot1 value="NewsBriefingMovieTemplate2D"/>
        <MovieSoundSettingsStereo value="NewsBriefingMovieTemplate2D"/>
        <MovieSoundSettings value="NewsBriefingMovieTemplate2D"/>
    </CTexture>
    <CTexture id="video_newsreport_nova02_06intro">
        <File value="Assets\Textures\video_newsreport_nova02_06intro.ogv"/>
        <MovieSoundSettings5dot1 value="NewsBriefingMovieTemplate2D"/>
        <MovieSoundSettingsStereo value="NewsBriefingMovieTemplate2D"/>
        <MovieSoundSettings value="NewsBriefingMovieTemplate2D"/>
    </CTexture>
    <CTexture id="video_newsreport_smx3_mp01_030">
        <File value="Assets\Textures\video_newsreport_nova01_00.ogv"/>
        <MovieSoundSettings5dot1 value="TVMovieTemplate2D"/>
        <MovieSoundSettingsStereo value="TVMovieTemplate2D"/>
        <MovieSoundSettings value="TVMovieTemplate2D"/>
    </CTexture>
    <CTexture id="video_newsreport_smx3_mp02_010_LoopDom">
        <File value="Assets\Textures\video_newsreport_nova02_loopdom.ogv"/>
        <MovieSoundSettings value="TVMovieTemplate2D"/>
        <MovieSoundSettings5dot1 value="TVMovieTemplate2D"/>
        <MovieSoundSettingsStereo value="TVMovieTemplate2D"/>
    </CTexture>
    <CTexture id="video_newsreport_smx3_mp02_010_LoopPlanet">
        <File value="Assets\Textures\video_newsreport_nova02_loopplanet.ogv"/>
        <MovieSoundSettings value="TVMovieTemplate2D"/>
        <MovieSoundSettings5dot1 value="TVMovieTemplate2D"/>
        <MovieSoundSettingsStereo value="TVMovieTemplate2D"/>
    </CTexture>
    <CTexture id="video_newsreport_smx3_mp02_020">
        <File value="Assets\Textures\video_newsreport_nova02_020.ogv"/>
        <MovieSoundSettings value="video_newsreport_smx3_mp02_020"/>
        <MovieSoundSettings5dot1 value="video_newsreport_smx3_mp02_020"/>
        <MovieSoundSettingsStereo value="video_newsreport_smx3_mp02_020"/>
    </CTexture>
    <CTexture id="video_newsreport_smx3_mp02_040">
        <File value="Assets\Textures\video_newsreport_nova02_040.ogv"/>
        <MovieSoundSettings value="video_newsreport_smx3_mp02_040"/>
        <MovieSoundSettings5dot1 value="video_newsreport_smx3_mp02_040"/>
        <MovieSoundSettingsStereo value="video_newsreport_smx3_mp02_040"/>
    </CTexture>
    <CTexture id="video_newsreport_smx3_mp03_040">
        <File value="Assets\Textures\video_newsreport_nova03_040.ogv"/>
        <MovieSoundSettings value="video_newsreport_smx3_mp03_040"/>
        <MovieSoundSettings5dot1 value="video_newsreport_smx3_mp03_040"/>
        <MovieSoundSettingsStereo value="video_newsreport_smx3_mp03_040"/>
    </CTexture>
    <CTexture id="video_newsreport_nova03_07intro">
        <File value="Assets\Textures\video_newsreport_nova03_07intro.ogv"/>
        <MovieSoundSettings5dot1 value="NovaMP03_LockwellNewsBrief"/>
        <MovieSoundSettingsStereo value="NovaMP03_LockwellNewsBrief"/>
        <MovieSoundSettings value="NovaMP03_LockwellNewsBrief"/>
    </CTexture>
    <CTexture id="video_newsreport_nova03_08intro">
        <File value="Assets\Textures\video_newsreport_nova03_08intro.ogv"/>
        <MovieSoundSettings5dot1 value="NovaMP03_LockwellNewsBrief"/>
        <MovieSoundSettingsStereo value="NovaMP03_LockwellNewsBrief"/>
        <MovieSoundSettings value="NovaMP03_LockwellNewsBrief"/>
    </CTexture>
    <CTexture id="video_newsreport_nova03_09intro">
        <File value="Assets\Textures\video_newsreport_nova03_09intro.ogv"/>
        <MovieSoundSettings5dot1 value="NovaMP03_LockwellNewsBrief"/>
        <MovieSoundSettingsStereo value="NovaMP03_LockwellNewsBrief"/>
        <MovieSoundSettings value="NovaMP03_LockwellNewsBrief"/>
    </CTexture>
    <CTexture id="SkyTankDecal">
        <File value="Assets\Textures\badger_decal_dom.dds"/>
        <Slot value="decal"/>
    </CTexture>
    <CTexture id="covertops_banshee_specialordnance">
        <File value="Assets\Textures\covertops_banshee_specialordnance.ogv"/>
        <MovieSoundSettings value="VideoSpeakermix_NovaBanshee_SpecialOrdnance_Stereo"/>
        <MovieSoundSettings5dot1 value="VideoSpeakermix_NovaBanshee_SpecialOrdnance_5dot1"/>
        <MovieSoundSettingsStereo value="VideoSpeakermix_NovaBanshee_SpecialOrdnance_5dot1"/>
        <Slot value="video"/>
    </CTexture>
    <CTexture id="covertops_battlecruiser_advancedcloakingfield">
        <File value="Assets\Textures\covertops_battlecruiser_advancedcloakingfield.ogv"/>
        <MovieSoundSettings value="VideoSpeakermix_NovaBattlecruiser_AdvancedCloakingField_Stereo"/>
        <MovieSoundSettings5dot1 value="VideoSpeakermix_NovaBattlecruiser_AdvancedCloakingField_5dot1"/>
        <MovieSoundSettingsStereo value="VideoSpeakermix_NovaBattlecruiser_AdvancedCloakingField_5dot1"/>
        <Slot value="video"/>
    </CTexture>
    <CTexture id="covertops_battlecruiser_biosteel">
        <File value="Assets\Textures\covertops_battlecruiser_biosteel.ogv"/>
        <MovieSoundSettings value="VideoSpeakermix_NovaBattlecruiser_Biosteel_Stereo"/>
        <MovieSoundSettings5dot1 value="VideoSpeakermix_NovaBattlecruiser_Biosteel_5dot1"/>
        <MovieSoundSettingsStereo value="VideoSpeakermix_NovaBattlecruiser_Biosteel_5dot1"/>
        <Slot value="video"/>
    </CTexture>
    <CTexture id="covertops_battlecruiser_internalizedtech">
        <File value="Assets\Textures\covertops_battlecruiser_internalizedtech.ogv"/>
        <MovieSoundSettings value="VideoSpeakermix_NovaBattlecruiser_InternalizedTech_Stereo"/>
        <MovieSoundSettings5dot1 value="VideoSpeakermix_NovaBattlecruiser_InternalizedTech_5dot1"/>
        <MovieSoundSettingsStereo value="VideoSpeakermix_NovaBattlecruiser_InternalizedTech_5dot1"/>
        <Slot value="video"/>
    </CTexture>
    <CTexture id="covertops_battlecruiser_specialordnance">
        <File value="Assets\Textures\covertops_battlecruiser_specialordnance.ogv"/>
        <MovieSoundSettings value="VideoSpeakermix_NovaBattlecruiser_SpecialOrdnance_Stereo"/>
        <MovieSoundSettings5dot1 value="VideoSpeakermix_NovaBattlecruiser_SpecialOrdnance_5dot1"/>
        <MovieSoundSettingsStereo value="VideoSpeakermix_NovaBattlecruiser_SpecialOrdnance_5dot1"/>
        <Slot value="video"/>
    </CTexture>
    <CTexture id="covertops_goliath_optimizedlogistics">
        <File value="Assets\Textures\covertops_goliath_optimizedlogistics.ogv"/>
        <MovieSoundSettings value="VideoSpeakermix_NovaGoliath_OptimizedLogistics_Stereo"/>
        <MovieSoundSettings5dot1 value="VideoSpeakermix_NovaGoliath_OptimizedLogistics_5dot1"/>
        <MovieSoundSettingsStereo value="VideoSpeakermix_NovaGoliath_OptimizedLogistics_5dot1"/>
        <Slot value="video"/>
    </CTexture>
    <CTexture id="covertops_hellbat_optimizedlogistics">
        <File value="Assets\Textures\covertops_hellbat_optimizedlogistics.ogv"/>
        <MovieSoundSettings value="VideoSpeakermix_NovaHellbat_OptimizedLogistics_Stereo"/>
        <MovieSoundSettings5dot1 value="VideoSpeakermix_NovaHellbat_OptimizedLogistics_5dot1"/>
        <MovieSoundSettingsStereo value="VideoSpeakermix_NovaHellbat_OptimizedLogistics_5dot1"/>
        <Slot value="video"/>
    </CTexture>
    <CTexture id="covertops_hellbat_specialordnance">
        <File value="Assets\Textures\covertops_hellbat_specialordnance.ogv"/>
        <MovieSoundSettings value="VideoSpeakermix_NovaHellbat_SpecialOrdnance_Stereo"/>
        <MovieSoundSettings5dot1 value="VideoSpeakermix_NovaHellbat_SpecialOrdnance_5dot1"/>
        <MovieSoundSettingsStereo value="VideoSpeakermix_NovaHellbat_SpecialOrdnance_5dot1"/>
        <Slot value="video"/>
    </CTexture>
    <CTexture id="covertops_liberator_optimizedlogistics">
        <File value="Assets\Textures\covertops_liberator_optimizedlogistics.ogv"/>
        <MovieSoundSettings value="VideoSpeakermix_NovaLiberator_OptimizedLogistics_Stereo"/>
        <MovieSoundSettings5dot1 value="VideoSpeakermix_NovaLiberator_OptimizedLogistics_5dot1"/>
        <MovieSoundSettingsStereo value="VideoSpeakermix_NovaLiberator_OptimizedLogistics_5dot1"/>
        <Slot value="video"/>
    </CTexture>
    <CTexture id="covertops_marine_optimizedlogistics">
        <File value="Assets\Textures\covertops_marine_optimizedlogistics.ogv"/>
        <MovieSoundSettings value="VideoSpeakermix_NovaMarine_OptimizedLogistics_Stereo"/>
        <MovieSoundSettings5dot1 value="VideoSpeakermix_NovaMarine_OptimizedLogistics_5dot1"/>
        <MovieSoundSettingsStereo value="VideoSpeakermix_NovaMarine_OptimizedLogistics_5dot1"/>
        <Slot value="video"/>
    </CTexture>
    <CTexture id="covertops_raven_specialordnance">
        <File value="Assets\Textures\covertops_raven_specialordnance.ogv"/>
        <MovieSoundSettings value="VideoSpeakermix_NovaRaven_SpecialOrdnance_Stereo"/>
        <MovieSoundSettings5dot1 value="VideoSpeakermix_NovaRaven_SpecialOrdnance_5dot1"/>
        <MovieSoundSettingsStereo value="VideoSpeakermix_NovaRaven_SpecialOrdnance_5dot1"/>
        <Slot value="video"/>
    </CTexture>
    <CTexture id="covertops_reaper_advancedcloakingfield">
        <File value="Assets\Textures\covertops_reaper_advancedcloakingfield.ogv"/>
        <MovieSoundSettings value="VideoSpeakermix_NovaReaper_AdvancedCloakingField_Stereo"/>
        <MovieSoundSettings5dot1 value="VideoSpeakermix_NovaReaper_AdvancedCloakingField_5dot1"/>
        <MovieSoundSettingsStereo value="VideoSpeakermix_NovaReaper_AdvancedCloakingField_5dot1"/>
        <Slot value="video"/>
    </CTexture>
    <CTexture id="covertops_reaper_specialordnance">
        <File value="Assets\Textures\covertops_reaper_specialordnance.ogv"/>
        <MovieSoundSettings value="VideoSpeakermix_NovaReaper_SpecialOrdnance_Stereo"/>
        <MovieSoundSettings5dot1 value="VideoSpeakermix_NovaReaper_SpecialOrdnance_5dot1"/>
        <MovieSoundSettingsStereo value="VideoSpeakermix_NovaReaper_SpecialOrdnance_5dot1"/>
        <Slot value="video"/>
    </CTexture>
</Catalog>
