<?xml version="1.0" encoding="us-ascii"?>
<Catalog>
    <CTurret id="HoverHellion" parent="FreeRotate">
        <Idle value="ResetIfMoving"/>
        <YawRate value="999.8437"/>
    </CTurret>
    <CTurret id="HoverHellbat" parent="FreeRotate">
        <YawRate value="999.8437"/>
    </CTurret>
    <CTurret id="Cyclone">
        <Idle value="Reset"/>
    </CTurret>
    <CTurret id="GunTurret" parent="FreeRotate">
        <YawIdleRate value="-45"/>
    </CTurret>
    <CTurret id="GunTurretUnderground">
        <YawRate value="999.8437"/>
    </CTurret>
    <CTurret id="FlameTurret" parent="FreeRotate">
        <YawIdleRate value="720"/>
    </CTurret>
    <CTurret id="FlameTurretUnderground">
        <YawRate value="999.8437"/>
    </CTurret>
    <CTurret id="MannedTurret" parent="FreeRotate">
        <YawArc value="90"/>
    </CTurret>
    <CTurret id="NovaVulture">
        <YawArc value="360"/>
    </CTurret>
    <CTurret id="RotatingTurretPassive" parent="FreeRotate">
        <YawRate value="999.8437"/>
        <Fidget>
            <ChanceArray index="Anim" value="0"/>
            <ChanceArray index="Idle" value="100"/>
            <ChanceArray index="Turn" value="0"/>
        </Fidget>
    </CTurret>
    <CTurret id="RotatingTurretDetectorPassive" parent="FreeRotate">
        <YawRate value="999.8437"/>
        <Fidget>
            <ChanceArray index="Anim" value="0"/>
            <ChanceArray index="Idle" value="100"/>
            <ChanceArray index="Turn" value="0"/>
        </Fidget>
    </CTurret>
    <CTurret id="RotatingTurretActive" parent="FreeRotate">
        <YawRate value="999.8437"/>
        <Fidget>
            <ChanceArray index="Anim" value="0"/>
            <ChanceArray index="Idle" value="100"/>
            <ChanceArray index="Turn" value="0"/>
        </Fidget>
    </CTurret>
    <CTurret id="RotatingTurretAuto" parent="FreeRotate">
        <YawRate value="90"/>
        <Fidget>
            <ChanceArray index="Anim" value="0"/>
            <ChanceArray index="Idle" value="100"/>
            <ChanceArray index="Turn" value="0"/>
        </Fidget>
    </CTurret>
    <CTurret id="NovaVultureRotateTurret" parent="FreeRotate">
        <YawIdleRate value="720"/>
        <Idle value="Spin"/>
    </CTurret>
    <CTurret id="NovaShip">
        <YawArc value="90"/>
        <YawRate value="1999.8632"/>
    </CTurret>
    <CTurret id="RailGunTurret" parent="FreeRotate">
        <Idle value="Spin"/>
        <YawIdleRate value="-45"/>
    </CTurret>
    <CTurret id="Hellion">
        <Idle value="FollowMovement"/>
    </CTurret>
    <CTurret id="NovaXThosPartTurret90">
        <Idle value="Hold"/>
        <YawArc value="90"/>
        <YawRate value="45"/>
        <Fidget DelayMax="30" DelayMin="10"/>
    </CTurret>
    <CTurret id="NovaXThosPartTurret150">
        <YawArc value="149.9963"/>
        <YawRate value="45"/>
        <Fidget DelayMax="30" DelayMin="10"/>
    </CTurret>
    <CTurret id="NovaXThosPartTurret180">
        <Idle value="Hold"/>
        <YawRate value="180"/>
        <Fidget DelayMax="30" DelayMin="10"/>
    </CTurret>
    <CTurret id="NovaXThosPartTurretLeg">
        <Idle value="FollowMovement"/>
        <YawRate value="28.8281"/>
        <Fidget>
            <ChanceArray index="Turn" value="0"/>
        </Fidget>
        <YawArc value="119.9926"/>
        <YawIdleRate value="28.8281"/>
    </CTurret>
    <CTurret id="NovaXThosPartTurret200">
        <Idle value="Hold"/>
        <YawRate value="199.8632"/>
        <Fidget DelayMax="30" DelayMin="10"/>
    </CTurret>
    <CTurret id="NovaXThosPartTurret270">
        <Idle value="Hold"/>
        <YawArc value="270"/>
        <YawRate value="360"/>
        <Fidget DelayMax="30" DelayMin="10"/>
    </CTurret>
    <CTurret id="NovaXThosPartTurret360">
        <Idle value="Hold"/>
        <YawArc value="360"/>
        <YawRate value="360"/>
        <Fidget DelayMax="30" DelayMin="10"/>
    </CTurret>
</Catalog>
