<?xml version="1.0" encoding="us-ascii"?>
<Catalog>
    <CUser id="WriterStates">
        <Fields Id="Value" Type="Int">
            <Flags index="Modifiable" value="1"/>
            <Flags index="ConvState" value="1"/>
        </Fields>
        <Instances Id="[Default]"/>
        <Instances Id="HaveReigel"/>
        <Instances Id="VisitedEquipmentRoom"/>
        <Instances Id="VisitedArmyUpgradeRoom"/>
        <Instances Id="ResponseUpgradeVOEnabled"/>
        <Instances Id="ResponseEquipmentVOEnabled"/>
        <Instances Id="MissionsCompleted"/>
    </CUser>
    <CUser id="CharacterStatus">
        <Fields Id="IsAlive" Type="Int">
            <Flags index="Modifiable" value="1"/>
        </Fields>
        <Instances Id="[Default]"/>
        <Instances Id="Delta"/>
        <Instances Id="Pierce"/>
    </CUser>
</Catalog>
