<?xml version="1.0" encoding="us-ascii"?>
<Catalog>
    <CVoiceOver id="HeroNovaMP2" parent="pTerranUnit">
        <Character value="Nova"/>
        <Lines Group="Attack" FacialBlend="100"/>
        <Lines Group="Attack" SoundIndex="1" FacialBlend="100"/>
        <Lines Group="Attack" SoundIndex="2" FacialBlend="100"/>
    </CVoiceOver>
    <CVoiceOver id="HeroNovaMP3" parent="pTerranUnit">
        <Character value="Nova"/>
        <Groups Id="Visor_Ready" SoundParent="HeroNovaMP_Ready"/>
        <Groups Id="Visor_What" SoundParent="HeroNovaMP1_What"/>
        <Groups Id="Visor_Attack" SoundParent="HeroNovaMP1_Attack"/>
        <Groups Id="Visor_Death" SoundParent="HeroNova_Death"/>
        <Lines Group="Visor_Ready" FacialBlend="100"/>
        <Lines Group="Visor_What" FacialBlend="100"/>
        <Lines Group="Visor_What" SoundIndex="1" FacialBlend="100"/>
        <Lines Group="Visor_Attack" FacialBlend="100"/>
        <Lines Group="Visor_Attack" SoundIndex="1" FacialBlend="100"/>
        <Lines Group="Visor_Death" FacialBlend="100"/>
    </CVoiceOver>
    <CVoiceOver id="Trooper" parent="pTerranUnit">
        <Character value="DefendersTrooper42"/>
        <Lines Group="Ready" FacialBlend="100"/>
        <Lines Group="Ready" SoundIndex="1" FacialBlend="100"/>
        <Lines Group="What" FacialBlend="100"/>
        <Lines Group="What" SoundIndex="1" FacialBlend="100"/>
        <Lines Group="What" SoundIndex="2" FacialBlend="100"/>
        <Lines Group="What" SoundIndex="3" FacialBlend="100"/>
        <Lines Group="What" SoundIndex="4" FacialBlend="100"/>
        <Lines Group="What" SoundIndex="5" FacialBlend="100"/>
        <Lines Group="What" SoundIndex="6" FacialBlend="100"/>
        <Lines Group="Yes" FacialBlend="100"/>
        <Lines Group="Yes" SoundIndex="1" FacialBlend="100"/>
        <Lines Group="Yes" SoundIndex="2" FacialBlend="100"/>
        <Lines Group="Yes" SoundIndex="3" FacialBlend="100"/>
        <Lines Group="Yes" SoundIndex="4" FacialBlend="100"/>
        <Lines Group="Yes" SoundIndex="5" FacialBlend="100"/>
        <Lines Group="Yes" SoundIndex="6" FacialBlend="100"/>
        <Lines Group="Yes" SoundIndex="7" FacialBlend="100"/>
        <Lines Group="Attack" FacialBlend="100"/>
        <Lines Group="Attack" SoundIndex="1" FacialBlend="100"/>
        <Lines Group="Attack" SoundIndex="2" FacialBlend="100"/>
        <Lines Group="Attack" SoundIndex="3" FacialBlend="100"/>
        <Lines Group="Attack" SoundIndex="4" FacialBlend="100"/>
        <Lines Group="Attack" SoundIndex="5" FacialBlend="100"/>
        <Lines Group="Attack" SoundIndex="6" FacialBlend="100"/>
        <Lines Group="Attack" SoundIndex="7" FacialBlend="100"/>
        <Lines Group="Help" FacialBlend="100"/>
        <Lines Group="Help" SoundIndex="1" FacialBlend="100"/>
        <Lines Group="Pissed" FacialBlend="100"/>
        <Lines Group="Pissed" SoundIndex="1" FacialBlend="100"/>
        <Lines Group="Pissed" SoundIndex="2" FacialBlend="100"/>
        <Lines Group="Pissed" SoundIndex="3" FacialBlend="100"/>
        <Lines Group="Pissed" SoundIndex="4" FacialBlend="100"/>
        <Lines Group="Pissed" SoundIndex="5" FacialBlend="100"/>
        <Lines Group="Death" FacialBlend="100"/>
        <Lines Group="Death" SoundIndex="1" FacialBlend="100"/>
        <Lines Group="Death" SoundIndex="2" FacialBlend="100"/>
        <Lines Group="Death" SoundIndex="3" FacialBlend="100"/>
        <Lines Group="Death" SoundIndex="4" FacialBlend="100"/>
        <Lines Group="Death" SoundIndex="5" FacialBlend="100"/>
        <Lines Group="Death" SoundIndex="6" FacialBlend="100"/>
    </CVoiceOver>
    <CVoiceOver id="Scientist" parent="pTerranUnit">
        <Character value="DefendersScientist"/>
        <Lines Group="Ready" FacialBlend="100"/>
        <Lines Group="Ready" SoundIndex="1" FacialBlend="100"/>
        <Lines Group="What" FacialBlend="100"/>
        <Lines Group="What" SoundIndex="1" FacialBlend="100"/>
        <Lines Group="What" SoundIndex="2" FacialBlend="100"/>
        <Lines Group="What" SoundIndex="3" FacialBlend="100"/>
        <Lines Group="What" SoundIndex="4" FacialBlend="100"/>
        <Lines Group="What" SoundIndex="5" FacialBlend="100"/>
        <Lines Group="What" SoundIndex="6" FacialBlend="100"/>
        <Lines Group="Yes" FacialBlend="100"/>
        <Lines Group="Yes" SoundIndex="1" FacialBlend="100"/>
        <Lines Group="Yes" SoundIndex="2" FacialBlend="100"/>
        <Lines Group="Yes" SoundIndex="3" FacialBlend="100"/>
        <Lines Group="Yes" SoundIndex="4" FacialBlend="100"/>
        <Lines Group="Yes" SoundIndex="5" FacialBlend="100"/>
        <Lines Group="Yes" SoundIndex="6" FacialBlend="100"/>
        <Lines Group="Attack" FacialBlend="100"/>
        <Lines Group="Attack" SoundIndex="1" FacialBlend="100"/>
        <Lines Group="Attack" SoundIndex="2" FacialBlend="100"/>
        <Lines Group="Attack" SoundIndex="3" FacialBlend="100"/>
        <Lines Group="Attack" SoundIndex="4" FacialBlend="100"/>
        <Lines Group="Attack" SoundIndex="5" FacialBlend="100"/>
        <Lines Group="Help" FacialBlend="100"/>
        <Lines Group="Help" SoundIndex="1" FacialBlend="100"/>
        <Lines Group="Pissed" FacialBlend="100"/>
        <Lines Group="Pissed" SoundIndex="1" FacialBlend="100"/>
        <Lines Group="Pissed" SoundIndex="2" FacialBlend="100"/>
        <Lines Group="Pissed" SoundIndex="3" FacialBlend="100"/>
        <Lines Group="Pissed" SoundIndex="4" FacialBlend="100"/>
        <Lines Group="Pissed" SoundIndex="5" FacialBlend="100"/>
        <Lines Group="Pissed" SoundIndex="6" FacialBlend="100"/>
        <Lines Group="Pissed" SoundIndex="7" FacialBlend="100"/>
        <Lines Group="Death" FacialBlend="100"/>
        <Lines Group="Death" SoundIndex="1" FacialBlend="100"/>
        <Lines Group="Death" SoundIndex="2" FacialBlend="100"/>
        <Lines Group="Death" SoundIndex="3" FacialBlend="100"/>
    </CVoiceOver>
</Catalog>
