<?xml version="1.0" encoding="us-ascii"?>
<Catalog>
    <CWeaponLegacy default="1" id="NovaXanthosCruiserGround">
        <Name value="Weapon/Name/NovaXanthosCruiserGround"/>
        <EditorCategories value="Race:Terran"/>
        <Options index="Hidden" value="1"/>
        <Options index="CanInitiateAttackOrder" value="0"/>
        <Options index="OnlyFireWhileInAttackOrder" value="0"/>
        <Options index="OnlyFireAtAttackOrderTarget" value="0"/>
        <Options index="LinkedCooldown" value="0"/>
        <Icon value="Assets\Textures\btn-upgrade-terran-shipweaponslevel0.dds"/>
        <DisplayEffect value="NovaXanthosCruiserGroundDamage"/>
        <TargetFilters value="Ground,Visible;Missile,Stasis,Dead,Hidden,Invulnerable"/>
        <AcquirePrioritization value="ByAngle"/>
        <Range value="6"/>
        <Arc value="360"/>
        <Marker Link="NovaXanthosCruiserGround">
            <MatchFlags index="Link" value="1"/>
        </Marker>
        <Period value="0.225"/>
        <Effect value="NovaXanthosCruiserGroundLaunchMissile"/>
        <AllowedMovement value="Moving"/>
        <RandomDelayMax value="0.1875"/>
    </CWeaponLegacy>
    <CWeaponLegacy default="1" id="NovaXanthosCruiserAir">
        <Name value="Weapon/Name/NovaXanthosCruiserAir"/>
        <EditorCategories value="Race:Terran"/>
        <Options index="Hidden" value="1"/>
        <Options index="CanInitiateAttackOrder" value="0"/>
        <Options index="OnlyFireWhileInAttackOrder" value="0"/>
        <Options index="OnlyFireAtAttackOrderTarget" value="0"/>
        <Options index="LinkedCooldown" value="0"/>
        <Icon value="Assets\Textures\btn-upgrade-terran-shipweaponslevel0.dds"/>
        <DisplayEffect value="NovaXanthosCruiserAirDamage"/>
        <TargetFilters value="Air,Visible;Missile,Stasis,Dead,Hidden,Invulnerable"/>
        <AcquirePrioritization value="ByAngle"/>
        <Range value="6"/>
        <Arc value="360"/>
        <Marker Link="NovaXanthosCruiserAir">
            <MatchFlags index="Link" value="1"/>
        </Marker>
        <Period value="0.225"/>
        <Effect value="NovaXanthosCruiserAirLaunchMissile"/>
        <AllowedMovement value="Moving"/>
        <RandomDelayMax value="0.1875"/>
    </CWeaponLegacy>
    <CWeaponLegacy id="AllPurposeLaserBattery">
        <EditorCategories value="Race:Terran"/>
        <Options index="Disabled" value="1"/>
        <Options index="Hidden" value="1"/>
        <Options index="OnlyFireWhileInAttackOrder" value="0"/>
        <Options index="OnlyFireAtAttackOrderTarget" value="0"/>
        <Options index="LinkedCooldown" value="0"/>
        <Icon value="Assets\Textures\btn-upgrade-terran-shipweaponslevel0.dds"/>
        <DisplayEffect value="ATSLaserBatteryU"/>
        <DisplayAttackCount value="4"/>
        <TargetFilters value="Visible;Missile,Stasis,Dead,Hidden,Invulnerable"/>
        <AcquirePrioritization value="ByAngle"/>
        <Range value="6"/>
        <Arc value="360"/>
        <Period value="0.615"/>
        <Effect value="AllPurposeLaserBattery1Set"/>
        <AllowedMovement value="Moving"/>
        <RandomDelayMax value="0.1875"/>
        <LegacyOptions index="NoDeceleration" value="1"/>
    </CWeaponLegacy>
    <CWeaponLegacy id="AllPurposeLaserBatterySecondry">
        <EditorCategories value="Race:Terran"/>
        <Options index="Disabled" value="1"/>
        <Options index="Hidden" value="1"/>
        <Options index="CanInitiateAttackOrder" value="0"/>
        <Options index="OnlyFireWhileInAttackOrder" value="0"/>
        <Options index="OnlyFireAtAttackOrderTarget" value="0"/>
        <Options index="LinkedCooldown" value="0"/>
        <Icon value="Assets\Textures\btn-upgrade-terran-shipweaponslevel0.dds"/>
        <DisplayEffect value="ATSLaserBatteryU"/>
        <DisplayAttackCount value="4"/>
        <TargetFilters value="Visible;Missile,Stasis,Dead,Hidden,Invulnerable"/>
        <AcquirePrioritization value="ByAngle"/>
        <Range value="6"/>
        <Arc value="360"/>
        <Period value="0.615"/>
        <Effect value="AllPurposeLaserBattery2Search"/>
        <AllowedMovement value="Moving"/>
        <RandomDelayMax value="0.1875"/>
        <LegacyOptions index="NoDeceleration" value="1"/>
    </CWeaponLegacy>
    <CWeaponLegacy id="AllPurposeLaserBatterySecondry2">
        <EditorCategories value="Race:Terran"/>
        <Options index="Disabled" value="1"/>
        <Options index="Hidden" value="1"/>
        <Options index="CanInitiateAttackOrder" value="0"/>
        <Options index="OnlyFireWhileInAttackOrder" value="0"/>
        <Options index="OnlyFireAtAttackOrderTarget" value="0"/>
        <Options index="LinkedCooldown" value="0"/>
        <Icon value="Assets\Textures\btn-upgrade-terran-shipweaponslevel0.dds"/>
        <DisplayEffect value="ATSLaserBatteryU"/>
        <DisplayAttackCount value="4"/>
        <TargetFilters value="Visible;Missile,Stasis,Dead,Hidden,Invulnerable"/>
        <Range value="6"/>
        <Arc value="360"/>
        <Period value="0.615"/>
        <Effect value="AllPurposeLaserBattery3Search"/>
        <AllowedMovement value="Moving"/>
        <RandomDelayMax value="0.1875"/>
        <LegacyOptions index="NoDeceleration" value="1"/>
        <AcquirePrioritization value="ByAngle"/>
    </CWeaponLegacy>
    <CWeaponLegacy id="AllPurposeLaserBatterySecondry3">
        <EditorCategories value="Race:Terran"/>
        <Options index="Disabled" value="1"/>
        <Options index="Hidden" value="1"/>
        <Options index="CanInitiateAttackOrder" value="0"/>
        <Options index="OnlyFireWhileInAttackOrder" value="0"/>
        <Options index="OnlyFireAtAttackOrderTarget" value="0"/>
        <Options index="LinkedCooldown" value="0"/>
        <Icon value="Assets\Textures\btn-upgrade-terran-shipweaponslevel0.dds"/>
        <DisplayEffect value="ATSLaserBatteryU"/>
        <DisplayAttackCount value="4"/>
        <TargetFilters value="Visible;Missile,Stasis,Dead,Hidden,Invulnerable"/>
        <AcquirePrioritization value="ByAngle"/>
        <Range value="6"/>
        <Arc value="360"/>
        <Period value="0.615"/>
        <Effect value="AllPurposeLaserBattery4Search"/>
        <AllowedMovement value="Moving"/>
        <RandomDelayMax value="0.1875"/>
        <LegacyOptions index="NoDeceleration" value="1"/>
    </CWeaponLegacy>
    <CWeaponLegacy id="D8Charge">
        <Options index="Disabled" value="1"/>
        <Options index="Hidden" value="1"/>
    </CWeaponLegacy>
    <CWeaponLegacy id="LiberatorAGWeapon">
        <Range value="12"/>
        <TargetFilters value="Ground,Visible;Missile,Stasis,Dead,Hidden,Invulnerable"/>
    </CWeaponLegacy>
    <CWeaponLegacy id="HoverSiegeTankSieged">
        <EditorCategories value="Race:Protoss"/>
        <Options index="OnlyFireWhileInAttackOrder" value="0"/>
        <Options index="OnlyFireAtAttackOrderTarget" value="0"/>
        <Icon value="Assets\Textures\btn-upgrade-terran-vehicleweaponslevel0.dds"/>
        <DisplayEffect value="CrucioShockCannonDummy"/>
        <TargetFilters value="Ground,Visible;Missile,Stasis,Dead,Hidden,Invulnerable"/>
        <Range value="13"/>
        <RangeSlop value="2"/>
        <MinimumRange value="2"/>
        <ArcSlop value="39.9902"/>
        <Period value="3"/>
        <Backswing value="0.75"/>
        <Effect value="SiegeTankSiegedVoid"/>
        <LegacyOptions index="CanRetargetWhileChanneling" value="1"/>
        <LegacyOptions index="NoDeceleration" value="1"/>
        <AllowedMovement value="Moving"/>
    </CWeaponLegacy>
    <CWeaponLegacy id="HoverSiegeTank">
        <EditorCategories value="Race:Terran"/>
        <Icon value="Assets\Textures\btn-upgrade-terran-vehicleweaponslevel0.dds"/>
        <TargetFilters value="Ground,Visible;Missile,Stasis,Dead,Hidden,Invulnerable"/>
        <Range value="7"/>
        <RangeSlop value="2"/>
        <Period value="1.04"/>
        <Effect value="90mmCannons"/>
        <LegacyOptions index="CanRetargetWhileChanneling" value="1"/>
        <LegacyOptions index="NoDeceleration" value="1"/>
        <AllowedMovement value="Moving"/>
        <DisplayEffect value="ArcliteShockCannonDummy"/>
        <Options index="OnlyFireWhileInAttackOrder" value="0"/>
        <Options index="OnlyFireAtAttackOrderTarget" value="0"/>
    </CWeaponLegacy>
    <CWeaponLegacy id="HoverHellbat">
        <EditorCategories value="Race:Terran"/>
        <Options index="OnlyFireWhileInAttackOrder" value="0"/>
        <Options index="OnlyFireAtAttackOrderTarget" value="0"/>
        <Icon value="Assets\Textures\btn-upgrade-terran-vehicleweaponslevel0.dds"/>
        <DisplayEffect value="HoverHellbatDamage"/>
        <TargetFilters value="Ground,Visible;Missile,Stasis,Dead,Hidden,Invulnerable"/>
        <AcquirePrioritization value="ByAngle"/>
        <Range value="2"/>
        <RangeSlop value="2"/>
        <Period value="2"/>
        <Effect value="HoverHellbatSearch"/>
        <LegacyOptions index="CanRetargetWhileChanneling" value="1"/>
        <LegacyOptions index="NoDeceleration" value="1"/>
        <AllowedMovement value="Moving"/>
    </CWeaponLegacy>
    <CWeaponLegacy id="HoverHellion">
        <EditorCategories value="Race:Terran"/>
        <Icon value="Assets\Textures\btn-upgrade-terran-vehicleweaponslevel0.dds"/>
        <DisplayEffect value="HoverInfernalFlameThrower"/>
        <TargetFilters value="Ground,Visible;Missile,Stasis,Dead,Hidden,Invulnerable"/>
        <Marker>
            <MatchFlags index="Id" value="1"/>
        </Marker>
        <Period value="2.5"/>
        <DamagePoint value="0.25"/>
        <Backswing value="0.75"/>
        <Effect value="HoverInfernalFlameThrowerCP"/>
        <LegacyOptions index="LockTurretWhileFiring" value="1"/>
        <AcquirePrioritization value="ByAngle"/>
    </CWeaponLegacy>
    <CWeaponLegacy id="GunTurret">
        <EditorCategories value="Race:Terran"/>
        <Icon value="Assets\Textures\btn-upgrade-terran-infantryweaponslevel0.dds"/>
        <TargetFilters value="Visible;Missile,Stasis,Dead,Hidden,Invulnerable"/>
        <Range value="7"/>
        <Period value="0.333"/>
    </CWeaponLegacy>
    <CWeaponLegacy id="NovaCombatLaser">
        <EditorCategories value="Race:Terran"/>
        <Options index="OnlyFireWhileInAttackOrder" value="0"/>
        <Options index="OnlyFireAtAttackOrderTarget" value="0"/>
        <Icon value="Assets\Textures\btn-upgrade-terran-hisecautotracking.dds"/>
        <MinScanRange value="7"/>
        <Range value="7"/>
        <Arc value="360"/>
        <Period value="1.5"/>
        <TargetFilters value="Visible;Missile,Stasis,Dead,Hidden,Invulnerable"/>
    </CWeaponLegacy>
    <CWeaponLegacy id="NovaRavenSeekerMissile">
        <EditorCategories value="Race:Terran"/>
        <Options index="Disabled" value="1"/>
        <Options index="Hidden" value="1"/>
        <Options index="DisplayCooldown" value="1"/>
        <Icon value="Assets\Textures\BTN-Ability-Terran-HunterMissile-color.dds"/>
        <DisplayEffect value="NovaRavenSeekerMissileDamage"/>
        <Range value="10"/>
        <Period value="7"/>
        <Effect value="NovaRavenSeekerMissileLaunchMissile"/>
    </CWeaponLegacy>
    <CWeaponStrafe id="NovaXThosFighterAG">
        <EditorCategories value="Race:Terran"/>
        <Icon value="Assets\Textures\btn-upgrade-terran-shipweaponslevel0.dds"/>
        <DisplayEffect value="NovaXThosFighterAGDamage"/>
        <TargetFilters value="Ground,Visible;Missile,Stasis,Dead,Hidden,Invulnerable"/>
        <Range value="2"/>
        <Arc value="19.6875"/>
        <Period value="3"/>
        <Effect value="NovaXThosFighterAGLM"/>
    </CWeaponStrafe>
    <CWeaponLegacy id="P38ScytheGuassPistol">
        <MinScanRange value="5"/>
    </CWeaponLegacy>
    <CWeaponLegacy id="PunisherGrenades">
        <Backswing value="0.0124"/>
    </CWeaponLegacy>
    <CWeaponLegacy id="RavagerWeapon">
        <Period value="1.6"/>
    </CWeaponLegacy>
    <CWeaponLegacy id="Separatist">
        <EditorCategories value="Race:Terran"/>
        <Icon value="Assets\Textures\btn-upgrade-terran-infantryweaponslevel0.dds"/>
        <TargetFilters value="Visible;Missile,Stasis,Dead,Hidden,Invulnerable"/>
        <Period value="0.8608"/>
        <DamagePoint value="0.05"/>
        <Backswing value="0.75"/>
    </CWeaponLegacy>
    <CWeaponLegacy id="MannedTurret">
        <EditorCategories value="Race:Terran"/>
        <Icon value="Assets\Textures\btn-upgrade-terran-hisecautotracking.dds"/>
        <TargetFilters value="Visible;Missile,Stasis,Dead,Hidden,Invulnerable"/>
        <Range value="9"/>
        <Period value="0.6"/>
    </CWeaponLegacy>
    <CWeaponLegacy id="NovaVultureWeaponCanisterRifleEquipDummy">
        <EditorCategories value="Race:Terran"/>
        <Icon value="Assets\Textures\btn-upgrade-nova-equipment-canisterrifle.dds"/>
        <DisplayEffect value="NovaVultureWeaponCanisterRifleDamage"/>
        <TargetFilters value="Visible;Missile,Stasis,Dead,Hidden,Invulnerable"/>
        <Range value="7"/>
        <Arc value="360"/>
        <Period value="1.5"/>
        <DamagePoint value="0.083"/>
        <Backswing value="1.167"/>
        <RandomDelayMin value="0"/>
        <RandomDelayMax value="0"/>
    </CWeaponLegacy>
    <CWeaponLegacy id="NovaVultureWeaponCanisterRifle">
        <EditorCategories value="Race:Terran"/>
        <Options index="Hidden" value="1"/>
        <Icon value="Assets\Textures\btn-upgrade-nova-equipment-canisterrifle.dds"/>
        <DisplayEffect value="NovaVultureWeaponCanisterRifleDamage"/>
        <TargetFilters value="Visible;Missile,Stasis,Dead,Hidden,Invulnerable"/>
        <Range value="7"/>
        <Arc value="360"/>
        <Period value="1.5"/>
        <DamagePoint value="0.083"/>
        <Backswing value="1.167"/>
        <RandomDelayMin value="0"/>
        <RandomDelayMax value="0"/>
    </CWeaponLegacy>
    <CWeaponLegacy id="NovaVultureAnimationController">
        <EditorCategories value="Race:Terran"/>
        <Options index="Hidden" value="1"/>
        <Options index="LinkedCooldown" value="0"/>
        <Icon value="Assets\Textures\btn-upgrade-terran-infantryweaponslevel0.dds"/>
        <TargetFilters value="Visible;Missile,Stasis,Dead,Hidden,Invulnerable"/>
        <Range value="7"/>
        <Arc value="360"/>
        <Period value="0.125"/>
        <DamagePoint value="0"/>
        <Backswing value="0"/>
        <RandomDelayMin value="0"/>
        <RandomDelayMax value="0"/>
    </CWeaponLegacy>
    <CWeaponLegacy id="C10CanisterRifleVultureEquipDummy">
        <EditorCategories value="Race:Terran"/>
        <Icon value="Assets\Textures\btn-upgrade-terran-infantryweaponslevel0.dds"/>
        <DisplayEffect value="C10CanisterRifleVultureDamage"/>
        <TargetFilters value="Visible;Missile,Stasis,Dead,Hidden,Invulnerable"/>
        <Range value="6"/>
        <Arc value="360"/>
        <Period value="1.5"/>
        <DamagePoint value="0.083"/>
        <Backswing value="1.167"/>
        <RandomDelayMin value="0"/>
        <RandomDelayMax value="0"/>
    </CWeaponLegacy>
    <CWeaponLegacy id="C10CanisterRifleVulture">
        <EditorCategories value="Race:Terran"/>
        <Options index="Hidden" value="1"/>
        <Icon value="Assets\Textures\btn-upgrade-terran-infantryweaponslevel0.dds"/>
        <DisplayEffect value="C10CanisterRifleVultureDamage"/>
        <TargetFilters value="Visible;Missile,Stasis,Dead,Hidden,Invulnerable"/>
        <Range value="6"/>
        <Arc value="360"/>
        <Period value="1.5"/>
        <DamagePoint value="0.083"/>
        <Backswing value="1.167"/>
        <RandomDelayMin value="0"/>
        <RandomDelayMax value="0"/>
    </CWeaponLegacy>
    <CWeaponLegacy id="GhostVultureAnimationController">
        <EditorCategories value="Race:Terran"/>
        <Options index="Hidden" value="1"/>
        <Options index="LinkedCooldown" value="0"/>
        <Icon value="Assets\Textures\btn-upgrade-terran-infantryweaponslevel0.dds"/>
        <TargetFilters value="Visible;Missile,Stasis,Dead,Hidden,Invulnerable"/>
        <Range value="6"/>
        <Arc value="360"/>
        <Period value="0.125"/>
        <DamagePoint value="0"/>
        <Backswing value="0"/>
        <RandomDelayMin value="0"/>
        <RandomDelayMax value="0"/>
    </CWeaponLegacy>
    <CWeaponLegacy id="RotatingTurretActive">
        <EditorCategories value="Race:Terran"/>
        <Icon value="Assets\Textures\btn-upgrade-terran-infantryweaponslevel0.dds"/>
        <DisplayEffect value="RotatingTurretActiveDamage"/>
        <TargetFilters value="Visible;Missile,Stasis,Dead,Hidden,Invulnerable"/>
        <Range value="8.5"/>
        <Period value="0.333"/>
    </CWeaponLegacy>
    <CWeaponLegacy id="RotatingTurretAuto">
        <EditorCategories value="Race:Terran"/>
        <Options index="Disabled" value="1"/>
        <Icon value="Assets\Textures\btn-upgrade-terran-infantryweaponslevel0.dds"/>
        <TargetFilters value="Visible;Missile,Stasis,Dead,Hidden,Invulnerable"/>
        <Range value="9"/>
        <Period value="0.333"/>
    </CWeaponLegacy>
    <CWeaponLegacy id="NovaShip">
        <EditorCategories value="Race:Terran"/>
        <Icon value="Assets\Textures\btn-upgrade-terran-shipweaponslevel0.dds"/>
        <DisplayEffect value="NovaShipDamage"/>
        <TargetFilters value="Visible;Missile,Stasis,Dead,Hidden,Invulnerable"/>
        <AcquirePrioritization value="ByAngle"/>
        <Range value="6"/>
        <Period value="0.225"/>
        <Effect value="NovaShipLM"/>
        <AllowedMovement value="Slowing"/>
        <RandomDelayMax value="0.1875"/>
    </CWeaponLegacy>
    <CWeaponLegacy id="VulturePathInfernalFlameThrower">
        <EditorCategories value="Race:Terran"/>
        <Icon value="Assets\Textures\btn-upgrade-terran-vehicleweaponslevel0.dds"/>
        <!--        <Icon value="Assets\Textures\btn-weapon-terran-infantry.dds"/> -->
        <TargetFilters value="Ground,Visible;Missile,Stasis,Dead,Hidden,Invulnerable"/>
        <MinScanRange value="2"/>
        <Range value="2"/>
        <Marker>
            <MatchFlags index="Id" value="1"/>
        </Marker>
        <Period value="2.5"/>
        <DamagePoint value="0.25"/>
        <Backswing value="0.75"/>
        <Effect value="VulturePathInfernalFlameThrowerCP"/>
        <LegacyOptions index="LockTurretWhileFiring" value="1"/>
    </CWeaponLegacy>
    <CWeaponLegacy id="NovaWeaponHellfireShotgun">
        <Period value="1.5"/>
    </CWeaponLegacy>
    <CWeaponLegacy id="RailGunTurret">
        <EditorCategories value="Race:Terran"/>
        <Icon value="Assets\Textures\btn-upgrade-terran-hisecautotracking.dds"/>
        <DisplayEffect value="RailGunTurretDamage"/>
        <TargetFilters value="Ground,Visible;Missile,Stasis,Dead,Hidden,Invulnerable"/>
        <Range value="6"/>
        <Period value="2"/>
        <Effect value="RailGunTurretSearchCP"/>
    </CWeaponLegacy>
    <CWeaponLegacy id="NovaWeaponPsiBlade">
        <Period value="1.5"/>
    </CWeaponLegacy>
    <CWeaponLegacy id="NovaXThosBroadsideCannon">
        <EditorCategories value="Race:Terran"/>
        <Options index="OnlyFireWhileInAttackOrder" value="0"/>
        <Options index="OnlyFireAtAttackOrderTarget" value="0"/>
        <Icon value="Assets\Textures\btn-upgrade-terran-shipweaponslevel0.dds"/>
        <DisplayEffect value="NovaXThosBroadsideCannonU"/>
        <TargetFilters value="Air,Visible;Missile,Stasis,Dead,Hidden,Invulnerable"/>
        <AcquirePrioritization value="ByAngle"/>
        <Range value="12"/>
        <Period value="0.225"/>
        <Effect value="NovaXThosBroadsideCannonLM"/>
        <LegacyOptions index="NoDeceleration" value="1"/>
        <AllowedMovement value="Moving"/>
        <RandomDelayMax value="0.1875"/>
    </CWeaponLegacy>
    <CWeaponLegacy id="NovaHyperionATALaserBattery">
        <EditorCategories value="Race:Terran"/>
        <Options index="OnlyFireWhileInAttackOrder" value="0"/>
        <Options index="OnlyFireAtAttackOrderTarget" value="0"/>
        <Icon value="Assets\Textures\btn-upgrade-terran-shipweaponslevel0.dds"/>
        <DisplayEffect value="NovaHyperionATADamage"/>
        <TargetFilters value="Air,Visible;Missile,Stasis,Dead,Hidden,Invulnerable"/>
        <AcquirePrioritization value="ByAngle"/>
        <Range value="6"/>
        <Period value="0.225"/>
        <Effect value="NovaHyperionATALM"/>
        <LegacyOptions index="NoDeceleration" value="1"/>
        <AllowedMovement value="Moving"/>
        <RandomDelayMax value="0.1875"/>
    </CWeaponLegacy>
    <CWeaponLegacy id="NovaXThosBroadsideCannonAG">
        <EditorCategories value="Race:Terran"/>
        <Options index="OnlyFireWhileInAttackOrder" value="0"/>
        <Options index="OnlyFireAtAttackOrderTarget" value="0"/>
        <Icon value="Assets\Textures\btn-upgrade-terran-shipweaponslevel0.dds"/>
        <DisplayEffect value="NovaXThosBroadsideCannonAGU"/>
        <TargetFilters value="Ground,Visible;Missile,Stasis,Dead,Hidden,Invulnerable"/>
        <AcquirePrioritization value="ByAngle"/>
        <Range value="12"/>
        <Period value="0.225"/>
        <Effect value="NovaXThosBroadsideCannonAGLM"/>
        <LegacyOptions index="NoDeceleration" value="1"/>
        <AllowedMovement value="Moving"/>
        <RandomDelayMax value="0.1875"/>
    </CWeaponLegacy>
    <CWeaponLegacy id="NovaHyperionATSLaserBattery">
        <EditorCategories value="Race:Terran"/>
        <Options index="OnlyFireWhileInAttackOrder" value="0"/>
        <Options index="OnlyFireAtAttackOrderTarget" value="0"/>
        <Icon value="Assets\Textures\btn-upgrade-terran-shipweaponslevel0.dds"/>
        <DisplayEffect value="NovaHyperionATSDamage"/>
        <TargetFilters value="Ground,Visible;Missile,Stasis,Dead,Hidden,Invulnerable"/>
        <AcquirePrioritization value="ByAngle"/>
        <Range value="6"/>
        <Arc value="360"/>
        <Period value="0.225"/>
        <Effect value="NovaHyperionATSLM"/>
        <LegacyOptions index="NoDeceleration" value="1"/>
        <AllowedMovement value="Moving"/>
        <RandomDelayMax value="0.1875"/>
    </CWeaponLegacy>
    <CWeaponLegacy id="NovaXThosSiegeTurretUnit">
        <EditorCategories value="Race:Terran"/>
        <Options index="OnlyFireWhileInAttackOrder" value="0"/>
        <Options index="OnlyFireAtAttackOrderTarget" value="0"/>
        <Options index="DisplayCooldown" value="1"/>
        <Icon value="Assets\Textures\btn-upgrade-terran-vehicleweaponslevel0.dds"/>
        <DisplayEffect value="NovaXThosSiegeTurretDummy"/>
        <TargetFilters value="Ground,Visible;Missile,Stasis,Dead,Hidden,Invulnerable"/>
        <Range value="12"/>
        <MinimumRange value="2"/>
        <Period value="3"/>
        <Effect value="NovaXThosSiegeTurret"/>
        <LegacyOptions index="NoDeceleration" value="1"/>
        <AllowedMovement value="Moving"/>
    </CWeaponLegacy>
    <CWeaponLegacy id="NovaBattlecruiserAllPurposeLaserBattery">
        <EditorCategories value="Race:Terran"/>
        <Options index="Disabled" value="1"/>
        <Options index="Hidden" value="1"/>
        <Options index="CanInitiateAttackOrder" value="0"/>
        <Options index="OnlyFireAtAttackOrderTarget" value="0"/>
        <Options index="LinkedCooldown" value="0"/>
        <Icon value="Assets\Textures\btn-upgrade-terran-hisecautotracking.dds"/>
        <DisplayEffect value="NovaBattlecruiserMachineGun"/>
        <TargetFilters value="Visible;Missile,Stasis,Dead,Hidden,Invulnerable"/>
        <Range value="6"/>
        <Arc value="360"/>
        <Period value="1.125"/>
        <Effect value="NovaBattlecruiserMachineGunSearch"/>
    </CWeaponLegacy>
    <CWeaponLegacy id="NovaGaussRifle">
        <EditorCategories value="Race:Terran"/>
        <Icon value="Assets\Textures\btn-upgrade-terran-infantryweaponslevel0.dds"/>
        <TargetFilters value="Visible;Missile,Stasis,Dead,Hidden,Invulnerable"/>
        <Period value="0.8608"/>
        <DamagePoint value="0.05"/>
        <Backswing value="0.75"/>
    </CWeaponLegacy>
    <CWeaponLegacy id="NovaXanthosCruiserGround1" parent="NovaXanthosCruiserGround">
        <Options index="Hidden" value="0"/>
        <DisplayAttackCount value="16"/>
    </CWeaponLegacy>
    <CWeaponLegacy id="NovaXanthosCruiserGround2" parent="NovaXanthosCruiserGround"/>
    <CWeaponLegacy id="NovaXanthosCruiserGround3" parent="NovaXanthosCruiserGround"/>
    <CWeaponLegacy id="NovaXanthosCruiserGround4" parent="NovaXanthosCruiserGround"/>
    <CWeaponLegacy id="NovaXanthosCruiserGround5" parent="NovaXanthosCruiserGround"/>
    <CWeaponLegacy id="NovaXanthosCruiserGround6" parent="NovaXanthosCruiserGround"/>
    <CWeaponLegacy id="NovaXanthosCruiserGround7" parent="NovaXanthosCruiserGround"/>
    <CWeaponLegacy id="NovaXanthosCruiserGround8" parent="NovaXanthosCruiserGround"/>
    <CWeaponLegacy id="NovaXanthosCruiserGround9" parent="NovaXanthosCruiserGround"/>
    <CWeaponLegacy id="NovaXanthosCruiserGround10" parent="NovaXanthosCruiserGround"/>
    <CWeaponLegacy id="NovaXanthosCruiserGround11" parent="NovaXanthosCruiserGround"/>
    <CWeaponLegacy id="NovaXanthosCruiserGround12" parent="NovaXanthosCruiserGround"/>
    <CWeaponLegacy id="NovaXanthosCruiserGround13" parent="NovaXanthosCruiserGround"/>
    <CWeaponLegacy id="NovaXanthosCruiserGround14" parent="NovaXanthosCruiserGround"/>
    <CWeaponLegacy id="NovaXanthosCruiserGround15" parent="NovaXanthosCruiserGround"/>
    <CWeaponLegacy id="NovaXanthosCruiserGround16" parent="NovaXanthosCruiserGround"/>
    <CWeaponLegacy id="NovaXanthosCruiserAir1" parent="NovaXanthosCruiserAir">
        <Options index="Hidden" value="0"/>
        <DisplayAttackCount value="16"/>
    </CWeaponLegacy>
    <CWeaponLegacy id="NovaXanthosCruiserAir2" parent="NovaXanthosCruiserAir"/>
    <CWeaponLegacy id="NovaXanthosCruiserAir3" parent="NovaXanthosCruiserAir"/>
    <CWeaponLegacy id="NovaXanthosCruiserAir4" parent="NovaXanthosCruiserAir"/>
    <CWeaponLegacy id="NovaXanthosCruiserAir5" parent="NovaXanthosCruiserAir"/>
    <CWeaponLegacy id="NovaXanthosCruiserAir6" parent="NovaXanthosCruiserAir"/>
    <CWeaponLegacy id="NovaXanthosCruiserAir7" parent="NovaXanthosCruiserAir"/>
    <CWeaponLegacy id="NovaXanthosCruiserAir8" parent="NovaXanthosCruiserAir"/>
    <CWeaponLegacy id="NovaXanthosCruiserAir9" parent="NovaXanthosCruiserAir"/>
    <CWeaponLegacy id="NovaXanthosCruiserAir10" parent="NovaXanthosCruiserAir"/>
    <CWeaponLegacy id="NovaXanthosCruiserAir11" parent="NovaXanthosCruiserAir"/>
    <CWeaponLegacy id="NovaXanthosCruiserAir12" parent="NovaXanthosCruiserAir"/>
    <CWeaponLegacy id="NovaXanthosCruiserAir13" parent="NovaXanthosCruiserAir"/>
    <CWeaponLegacy id="NovaXanthosCruiserAir14" parent="NovaXanthosCruiserAir"/>
    <CWeaponLegacy id="NovaXanthosCruiserAir15" parent="NovaXanthosCruiserAir"/>
    <CWeaponLegacy id="NovaXanthosCruiserAir16" parent="NovaXanthosCruiserAir"/>
    <CWeaponLegacy id="OfficersPistol">
        <EditorCategories value="Race:Terran"/>
        <Icon value="Assets\Textures\btn-upgrade-terran-infantryweaponslevel0.dds"/>
        <TargetFilters value="Ground,Visible;Missile,Stasis,Dead,Hidden,Invulnerable"/>
        <Marker Link="Weapon/P38ScytheGuassPistol"/>
        <Period value="1.1"/>
        <DamagePoint value="0"/>
        <Backswing value="0.75"/>
    </CWeaponLegacy>
    <CWeaponStrafe id="NovaXThosFighter">
        <EditorCategories value="Race:Terran"/>
        <Icon value="Assets\Textures\btn-upgrade-terran-shipweaponslevel0.dds"/>
        <DisplayEffect value="NovaXThosFighterDamage"/>
        <!--DisplayAttackCount value="2"/-->
        <TargetFilters value="Air,Visible;Missile,Stasis,Dead,Hidden,Invulnerable"/>
        <Range value="2"/>
        <Arc value="19.6875"/>
        <Period value="3"/>
        <Effect value="NovaXThosFighterLM"/>
    </CWeaponStrafe>
    <CWeaponLegacy id="XanthosFighterWeapon">
        <EditorCategories value="Race:Terran"/>
        <Options index="Hidden" value="1"/>
        <Options index="OnlyFireWhileInAttackOrder" value="0"/>
        <Options index="OnlyFireAtAttackOrderTarget" value="0"/>
        <Icon value="Assets\Textures\btn-unit-protoss-interceptor.dds"/>
        <TargetFilters value="Visible;Missile,Stasis,Dead,Hidden,Invulnerable"/>
        <Range value="9"/>
        <Arc value="360"/>
        <Period value="0.25"/>
        <DamagePoint value="0"/>
        <Backswing value="0"/>
        <Effect value="XanthosFighterWeaponUM"/>
        <LegacyOptions index="NoDeceleration" value="1"/>
        <AllowedMovement value="Moving"/>
        <ChaseFilters value="-;Player,Ally,Neutral,Enemy"/>
        <MinScanRange value="9"/>
    </CWeaponLegacy>
    <CWeaponLegacy id="NovaXanthosDummyWeapon">
        <EditorCategories value="Race:Terran"/>
        <Options index="Hidden" value="1"/>
        <Options index="OnlyFireWhileInAttackOrder" value="0"/>
        <Options index="OnlyFireAtAttackOrderTarget" value="0"/>
        <Options index="LinkedCooldown" value="0"/>
        <Icon value="Assets\Textures\btn-upgrade-terran-vehicleweaponslevel0.dds"/>
        <TargetFilters value="Visible;Self,Missile,Stasis,Dead,Hidden,Invulnerable"/>
        <AcquirePrioritization value="ByAngle"/>
        <Range value="4"/>
        <Period value="0.5"/>
        <Backswing value="0.15"/>
        <Effect value="NovaXanthosDummyWeaponEffect"/>
        <LegacyOptions index="NoDeceleration" value="1"/>
        <AllowedMovement value="Moving"/>
    </CWeaponLegacy>
    <CWeaponLegacy id="NovaXanthosAssaultGun">
        <EditorCategories value="Race:Terran"/>
        <Options index="OnlyFireWhileInAttackOrder" value="0"/>
        <Options index="OnlyFireAtAttackOrderTarget" value="0"/>
        <Options index="LinkedCooldown" value="0"/>
        <Icon value="Assets\Textures\btn-upgrade-terran-vehicleweaponslevel0.dds"/>
        <DisplayEffect value="NovaXanthosAssaultGunDamage"/>
        <TargetFilters value="Visible;Self,Missile,Stasis,Dead,Hidden,Invulnerable"/>
        <AcquirePrioritization value="ByAngle"/>
        <Period value="0.2"/>
        <Backswing value="0.15"/>
        <Effect value="NovaXanthosAssaultGunLM"/>
        <LegacyOptions index="NoDeceleration" value="1"/>
        <AllowedMovement value="Moving"/>
        <RandomDelayMin value="0"/>
        <RandomDelayMax value="0"/>
    </CWeaponLegacy>
    <CWeaponLegacy id="NovaXanthosFlameTurret">
        <EditorCategories value="Race:Terran"/>
        <Options index="OnlyFireWhileInAttackOrder" value="0"/>
        <Options index="OnlyFireAtAttackOrderTarget" value="0"/>
        <Icon value="Assets\Textures\btn-upgrade-terran-shipweaponslevel0.dds"/>
        <DisplayEffect value="NovaXanthosFlameTurretDamage"/>
        <TargetFilters value="Visible;Missile,Stasis,Dead,Hidden,Invulnerable"/>
        <AcquirePrioritization value="ByAngle"/>
        <Range value="7"/>
        <Period value="0.5"/>
        <Effect value="NovaXanthosFlameTurretSet"/>
        <LegacyOptions index="NoDeceleration" value="1"/>
        <AllowedMovement value="Moving"/>
        <RandomDelayMax value="0.1875"/>
        <ChaseFilters value="-;Player,Ally,Neutral,Enemy"/>
        <DamagePoint value="1"/>
        <MinScanRange value="7"/>
        <PreEffectBehavior Behavior="NovaXanthosFlameTurretFiring" Count="1"/>
    </CWeaponLegacy>
    <CWeaponLegacy id="NovaXanthosRailGunTurret">
        <EditorCategories value="Race:Terran"/>
        <Options index="OnlyFireWhileInAttackOrder" value="0"/>
        <Options index="OnlyFireAtAttackOrderTarget" value="0"/>
        <Icon value="Assets\Textures\btn-upgrade-terran-shipweaponslevel0.dds"/>
        <DisplayEffect value="NovaXanthosRailGunTurretDamage"/>
        <TargetFilters value="Visible;Missile,Stasis,Dead,Hidden,Invulnerable"/>
        <Range value="12"/>
        <Period value="3"/>
        <Effect value="NovaXanthosRailGunTurretSearch"/>
        <LegacyOptions index="NoDeceleration" value="1"/>
        <AllowedMovement value="Moving"/>
        <ChaseFilters value="-;Player,Ally,Neutral,Enemy"/>
        <AcquirePrioritization value="ByAngle"/>
        <MinScanRange value="12"/>
    </CWeaponLegacy>
    <CWeaponLegacy id="NovaXanthosAATurret">
        <EditorCategories value="Race:Terran"/>
        <Options index="OnlyFireWhileInAttackOrder" value="0"/>
        <Options index="OnlyFireAtAttackOrderTarget" value="0"/>
        <Icon value="Assets\Textures\btn-upgrade-terran-shipweaponslevel0.dds"/>
        <DisplayEffect value="LongboltMissileU"/>
        <TargetFilters value="Air,Visible;Missile,Stasis,Dead,Hidden,Invulnerable"/>
        <Range value="8"/>
        <Period value="0.4"/>
        <Effect value="NovaXanthosAATurretLM"/>
        <LegacyOptions index="NoDeceleration" value="1"/>
        <AllowedMovement value="Moving"/>
    </CWeaponLegacy>
</Catalog>
