<?xml version="1.0" encoding="us-ascii"?>
<Catalog>
    <CAttachMethodFilter id="AMOdinSpellLaunch">
        <Keys Keyword="Weapon" Index="5"/>
    </CAttachMethodFilter>
    <CAttachMethodFilter id="AMFilterOdinAA">
        <Logic value="OR"/>
        <Keys Keyword="Weapon" Index="9"/>
        <Keys Keyword="Weapon" Index="12"/>
    </CAttachMethodFilter>
    <CAttachMethodPattern id="AMPatternOdinAA">
        <Keyword value="Weapon"/>
        <Driver value="OdinAALaunchMissile"/>
    </CAttachMethodPattern>
    <CAttachMethodFilter id="AMFilterLokiMissilesLeft">
        <Logic value="OR"/>
        <Keys Keyword="Weapon" Index="20"/>
        <Keys Keyword="Weapon" Index="21"/>
        <Keys Keyword="Weapon" Index="22"/>
    </CAttachMethodFilter>
    <CAttachMethodFilter id="AMFilterLokiMissilesRight">
        <Logic value="OR"/>
        <Keys Keyword="Weapon" Index="23"/>
        <Keys Keyword="Weapon" Index="24"/>
        <Keys Keyword="Weapon" Index="25"/>
    </CAttachMethodFilter>
    <CAttachMethodFilter id="AMFilterRaynorC4">
        <Logic value="OR"/>
        <Keys Keyword="Hardpoint" Index="0"/>
        <Keys Keyword="Hardpoint" Index="1"/>
        <Keys Keyword="Hardpoint" Index="2"/>
    </CAttachMethodFilter>
    <CAttachMethodPattern id="AMPatternLokiMissiles">
        <Keyword value="Weapon"/>
        <Driver value="MissileBarrage"/>
    </CAttachMethodPattern>
    <CAttachMethodPattern id="AMPatternHyperion">
        <Keyword value="Weapon"/>
        <Driver value="HyperionPlasmaGunLM"/>
    </CAttachMethodPattern>
    <CAttachMethodPattern id="AMPatternHyperionFlashyAttack">
        <Keyword value="Weapon"/>
        <Driver value="HyperionLM"/>
    </CAttachMethodPattern>
    <CAttachMethodPattern id="AMPatternHyperionRearFlashyAttack">
        <Keyword value="Weapon"/>
        <Driver value="HyperionRearLaunchMissile"/>
    </CAttachMethodPattern>
    <CAttachMethodPattern id="AMPatternLeviathanAir">
        <Keyword value="Weapon"/>
        <Driver value="LeviathanAirAttackLaunchMissile"/>
    </CAttachMethodPattern>
    <CAttachMethodPattern id="AMPatternTychus">
        <Keyword value="Weapon"/>
        <Driver value="TychusLM"/>
    </CAttachMethodPattern>
    <CAttachMethodPattern id="AMPatternDrunkenMissileVolley">
        <Keyword value="Weapon"/>
        <Driver value="HailstormMissilePodsLaunchMissile"/>
    </CAttachMethodPattern>
    <CAttachMethodPattern id="AMPatternDevastatorMissiles">
        <Keyword value="Weapon"/>
        <Driver value="DevastatorMissilesLaunchMissile"/>
    </CAttachMethodPattern>
    <CAttachMethodPattern id="AMPatternDustWingBanshee">
        <Keyword value="Weapon"/>
        <Driver value="DustWingBansheeLaunchMissile"/>
    </CAttachMethodPattern>
    <CAttachMethodPattern id="AMPatternGoliath">
        <Keyword value="SetB"/>
        <Base value="::RollingIndex"/>
        <Multiplier value="2"/>
        <Driver value="GoliathALM"/>
    </CAttachMethodPattern>
    <CAttachMethodPattern id="AMPatternSpartanCompany">
        <Keyword value="SetB"/>
        <Base value="::RollingIndex"/>
        <Multiplier value="2"/>
        <Driver value="SpartanCompanyALM"/>
    </CAttachMethodPattern>
    <CAttachMethodPattern id="AMPatternArtanisBeam">
        <Keyword value="Weapon"/>
        <Base value="::RollingIndex"/>
        <Driver value="ArtanisBeamInitialDummyDamage"/>
    </CAttachMethodPattern>
    <CAttachMethodPattern id="AMPatternTychus05HeroMothershipBeam">
        <Keyword value="Weapon"/>
        <Base value="::RollingIndex"/>
        <Driver value="Tychus05HeroMothershipBeamInitialDummyDamage"/>
    </CAttachMethodPattern>
    <CAttachMethodFilter id="WarbotBFilter">
        <Logic value="OR"/>
        <Keys Keyword="Weapon" Index="2"/>
        <Keys Keyword="Weapon" Index="3"/>
    </CAttachMethodFilter>
    <CAttachMethodPattern id="WarbotBPattern">
        <Keyword value="Weapon"/>
        <Driver value="WarbotBLM"/>
    </CAttachMethodPattern>
    <CAttachMethodFilter id="WarbotCFilter">
        <Logic value="OR"/>
        <Keys Keyword="Weapon" Index="4"/>
        <Keys Keyword="Weapon" Index="5"/>
    </CAttachMethodFilter>
    <CAttachMethodFilter id="AMFilterBattlecruiserHurricaneLeft">
        <Logic value="OR"/>
        <Keys Keyword="Weapon" Index="20"/>
        <Keys Keyword="Weapon" Index="21"/>
        <Keys Keyword="Weapon" Index="25"/>
    </CAttachMethodFilter>
    <CAttachMethodFilter id="AMFilterBattlecruiserHurricaneRight">
        <Logic value="OR"/>
        <Keys Keyword="Weapon" Index="22"/>
        <Keys Keyword="Weapon" Index="23"/>
        <Keys Keyword="Weapon" Index="24"/>
    </CAttachMethodFilter>
    <CAttachMethodFilter id="AMFilterLokiBattlecruiserHurricaneLeft">
        <Logic value="OR"/>
        <Keys Keyword="Weapon" Index="20"/>
        <Keys Keyword="Weapon" Index="21"/>
        <Keys Keyword="Weapon" Index="22"/>
    </CAttachMethodFilter>
    <CAttachMethodFilter id="AMFilterLokiBattlecruiserHurricaneRight">
        <Logic value="OR"/>
        <Keys Keyword="Weapon" Index="23"/>
        <Keys Keyword="Weapon" Index="24"/>
        <Keys Keyword="Weapon" Index="25"/>
    </CAttachMethodFilter>
    <CAttachMethodPattern id="AMPatternWreckingCrew">
        <Keyword value="Weapon"/>
        <Driver value="WreckingCrewFighterLM"/>
    </CAttachMethodPattern>
    <CAttachMethodPattern id="AMPatternDuskWingBanshee">
        <Keyword value="Weapon"/>
        <Driver value="DuskWingBansheeLaunchMissile"/>
    </CAttachMethodPattern>
    <CAttachMethodFilter id="AMFilterDRCannons">
        <Logic value="OR"/>
        <Keys Keyword="Weapon" Index="10"/>
        <Keys Keyword="Weapon" Index="11"/>
    </CAttachMethodFilter>
    <CAttachMethodPattern id="AMPatternDRCannonsG">
        <Keyword value="Weapon"/>
        <Base value="::RollingIndex"/>
        <Driver value="DRCannonsG"/>
    </CAttachMethodPattern>
    <CAttachMethodPattern id="AMPatternDRCannonsA">
        <Keyword value="Weapon"/>
        <Base value="::RollingIndex"/>
        <Driver value="DRCannonsA"/>
    </CAttachMethodPattern>
    <CAttachMethodPattern id="AMPatternPurifierBeam">
        <Keyword value="Weapon"/>
        <Base value="::RollingIndex"/>
        <Driver value="PurifierBeamInitialDummyDamage"/>
    </CAttachMethodPattern>
</Catalog>
