<?xml version="1.0" encoding="utf-8"?>
<Catalog>
    <CButton id="BunkerFortified">
        <Icon value="Assets\Textures\btn-building-terran-bunkerneosteel.dds"/>
        <AlertIcon value="Assets\Textures\btn-building-terran-bunkerneosteel.dds"/>
        <EditorCategories value="Race:Terran"/>
        <Hotkey value="Button/Hotkey/Bunker"/>
        <HotkeyAlias value="Bunker"/>
    </CButton>
    <CButton id="ConcussiveGrenadeGrenadier">
        <Icon value="Assets\Textures\btn-ability-terran-punishergrenade-color.dds"/>
        <EditorCategories value="Race:Terran"/>
    </CButton>
    <CButton id="AblativeScales">
        <Icon value="Assets\Textures\btn-techupgrade-terran-kineticfoam.dds"/>
        <EditorCategories value="Race:Terran"/>
        <TintRacially value="1"/>
    </CButton>
    <CButton id="ActivateArtifact">
        <Icon value="Assets\Textures\btn-ability-terran-irradiate.dds"/>
        <EditorCategories value="Race:Neutral"/>
    </CButton>
    <CButton id="AdvancedHealingAI">
        <Icon value="Assets\Textures\btn-ability-terran-AdvancedHealingAI.dds"/>
        <EditorCategories value="Race:Terran"/>
        <TintRacially value="1"/>
    </CButton>
    <CButton id="CommandCenterOrbRelay">
        <Icon value="Assets\Textures\btn-building-terran-surveillancestation.dds"/>
        <AlertIcon value="Assets\Textures\btn-building-terran-surveillancestation.dds"/>
        <EditorCategories value="Race:Terran"/>
    </CButton>
    <CButton id="HerculesLand">
        <Icon value="Assets\Textures\btn-ability-terran-land.dds"/>
        <AlertIcon value="Assets\Textures\btn-ability-terran-land.dds"/>
        <EditorCategories value="Race:Terran"/>
        <TintRacially value="1"/>
        <HotkeyAlias value="Land"/>
        <Universal value="1"/>
    </CButton>
    <CButton id="MercCompound">
        <Icon value="Assets\Textures\btn-building-terran-merccompound.dds"/>
        <AlertIcon value="Assets\Textures\btn-building-terran-merccompound.dds"/>
        <EditorCategories value="Race:Terran"/>
    </CButton>
    <CButton id="330mmBarrageCannons">
        <Icon value="Assets\Textures\btn-techupgrade-terran-330mmbarragecannon.dds"/>
        <EditorCategories value="Race:Terran"/>
        <TintRacially value="1"/>
        <Hotkey value="Button/Hotkey/250mmStrikeCannons"/>
        <HotkeyAlias value="250mmStrikeCannons"/>
    </CButton>
    <CButton id="SS_CarrierSpawnInterceptor">
        <Icon value="Assets\Textures\btn-unit-protoss-interceptor.dds"/>
        <AlertIcon value="Assets\Textures\btn-unit-protoss-interceptor.dds"/>
        <EditorCategories value="Race:Protoss"/>
    </CButton>
    <CButton id="SS_LeviathanSpawnBombs">
        <Icon value="Assets\Textures\btn-unit-zerg-baneling.dds"/>
        <AlertIcon value="Assets\Textures\btn-unit-zerg-baneling.dds"/>
        <EditorCategories value="Race:Zerg"/>
    </CButton>
    <CButton id="SS_FighterBomb">
        <Icon value="Assets\Textures\btn-ability-terran-d8charge.dds"/>
        <EditorCategories value="Race:Terran"/>
    </CButton>
    <CButton id="SS_LeviathanTentacleAttackL1NoDelay">
        <Icon value="Assets\Textures\btn-upgrade-zerg-seismicspines.dds"/>
        <AlertIcon value="Assets\Textures\btn-upgrade-zerg-seismicspines.dds"/>
        <EditorCategories value="Race:Zerg"/>
    </CButton>
    <CButton id="SS_LeviathanTentacleAttackL2">
        <Icon value="Assets\Textures\btn-upgrade-zerg-seismicspines.dds"/>
        <AlertIcon value="Assets\Textures\btn-upgrade-zerg-seismicspines.dds"/>
        <EditorCategories value="Race:Zerg"/>
    </CButton>
    <CButton id="SS_LeviathanTentacleAttackL2NoDelay">
        <Icon value="Assets\Textures\btn-upgrade-zerg-seismicspines.dds"/>
        <AlertIcon value="Assets\Textures\btn-upgrade-zerg-seismicspines.dds"/>
        <EditorCategories value="Race:Zerg"/>
    </CButton>
    <CButton id="SS_LeviathanTentacleAttackR1">
        <Icon value="Assets\Textures\btn-upgrade-zerg-seismicspines.dds"/>
        <AlertIcon value="Assets\Textures\btn-upgrade-zerg-seismicspines.dds"/>
        <EditorCategories value="Race:Zerg"/>
    </CButton>
    <CButton id="SS_LeviathanTentacleAttackR1NoDelay">
        <Icon value="Assets\Textures\btn-upgrade-zerg-seismicspines.dds"/>
        <AlertIcon value="Assets\Textures\btn-upgrade-zerg-seismicspines.dds"/>
        <EditorCategories value="Race:Zerg"/>
    </CButton>
    <CButton id="SS_LeviathanTentacleAttackR2">
        <Icon value="Assets\Textures\btn-upgrade-zerg-seismicspines.dds"/>
        <AlertIcon value="Assets\Textures\btn-upgrade-zerg-seismicspines.dds"/>
        <EditorCategories value="Race:Zerg"/>
    </CButton>
    <CButton id="SS_LeviathanTentacleAttackL1">
        <Icon value="Assets\Textures\btn-upgrade-zerg-seismicspines.dds"/>
        <AlertIcon value="Assets\Textures\btn-upgrade-zerg-seismicspines.dds"/>
        <EditorCategories value="Race:Zerg"/>
    </CButton>
    <CButton id="SS_LeviathanTentacleAttackR2NoDelay">
        <Icon value="Assets\Textures\btn-upgrade-zerg-seismicspines.dds"/>
        <AlertIcon value="Assets\Textures\btn-upgrade-zerg-seismicspines.dds"/>
        <EditorCategories value="Race:Zerg"/>
    </CButton>
    <CButton id="SS_TerraTronBeamAttack">
        <Icon value="Assets\Textures\btn-upgrade-protoss-extendedthermallance.dds"/>
        <EditorCategories value="Race:Terran"/>
    </CButton>
    <CButton id="SS_TerraTronSawAttack">
        <Icon value="Assets\Textures\btn-ability-protoss-blackhole-color.dds"/>
        <EditorCategories value="Race:Terran"/>
    </CButton>
    <CButton id="Shift">
        <Icon value="Assets\Textures\btn-ability-protoss-blink-color.dds"/>
        <EditorCategories value="Race:Protoss"/>
    </CButton>
    <CButton id="SpectreHoldFire">
        <Icon value="Assets\Textures\BTN-Ability-Terran-HoldFire.dds"/>
        <AlertIcon value="Assets\Textures\BTN-Ability-Terran-HoldFire.dds"/>
        <TintRacially value="1"/>
        <HidesForSimpleText value="0"/>
        <HotkeySet value="HoldFire"/>
    </CButton>
    <CButton id="SpectreWeaponsFree">
        <Icon value="Assets\Textures\btn-ability-terran-weaponsfree.dds"/>
        <AlertIcon value="Assets\Textures\btn-ability-terran-weaponsfree.dds"/>
        <EditorCategories value="Race:Terran"/>
        <TintRacially value="1"/>
        <HidesForSimpleText value="0"/>
        <HotkeySet value="HoldFire"/>
    </CButton>
    <CButton id="ArchiveSeal">
        <EditorCategories value="Race:Protoss"/>
        <Icon value="Assets\Textures\btn-ability-terran-land.dds"/>
    </CButton>
    <CButton id="AresClassWeaponsSystem">
        <Icon value="Assets\Textures\btn-techupgrade-terran-charonboosters.dds"/>
        <EditorCategories value="Race:Terran"/>
        <TintRacially value="1"/>
    </CButton>
    <CButton id="AresClassWeaponsSystemviking">
        <Icon value="Assets\Textures\btn-techupgrade-terran-jotunboosters.dds"/>
        <EditorCategories value="Race:Terran"/>
        <TintRacially value="1"/>
    </CButton>
    <CButton id="HiveMindEmulator">
        <Icon value="Assets\Textures\btn-building-terran-hivemindemulator.dds"/>
        <AlertIcon value="Assets\Textures\btn-building-terran-hivemindemulator.dds"/>
        <EditorCategories value="Race:Terran"/>
    </CButton>
    <CButton id="BunkerAttack">
        <Icon value="Assets\Textures\btn-command-attack.dds"/>
        <AlertIcon value="Assets\Textures\btn-command-attack.dds"/>
        <EditorCategories value="Race:Neutral"/>
        <TintRacially value="1"/>
    </CButton>
    <CButton id="LurkerFromHydraliskBurrowed">
        <Icon value="Assets\Textures\btn-unit-zerg-lurker.dds"/>
        <AlertIcon value="Assets\Textures\btn-unit-zerg-lurker.dds"/>
        <EditorCategories value="Race:Zerg"/>
    </CButton>
    <CButton id="G4Charge">
        <Icon value="Assets\Textures\BTN-Ability-Terran-D8Charge.dds"/>
        <AlertIcon value="Assets\Textures\BTN-Ability-Terran-D8Charge.dds"/>
        <EditorCategories value="Race:Terran"/>
        <TintRacially value="1"/>
    </CButton>
    <CButton id="BurrowLurker">
        <Icon value="Assets\Textures\btn-ability-zerg-burrow.dds"/>
        <AlertIcon value="Assets\Textures\btn-ability-zerg-burrow.dds"/>
        <EditorCategories value="Race:Zerg"/>
        <TintRacially value="1"/>
    </CButton>
    <CButton id="LurkerDen">
        <Icon value="Assets\Textures\btn-building-zerg-lurkerden.dds"/>
        <AlertIcon value="Assets\Textures\btn-building-zerg-lurkerden.dds"/>
        <EditorCategories value="Race:Zerg"/>
    </CButton>
    <CButton id="Lurker">
        <Icon value="Assets\Textures\btn-unit-zerg-lurker.dds"/>
        <AlertIcon value="Assets\Textures\btn-unit-zerg-lurker.dds"/>
        <EditorCategories value="Race:Zerg"/>
    </CButton>
    <CButton id="Obelisk">
        <Icon value="Assets\Textures\btn-building-protoss-obelisk.dds"/>
        <AlertIcon value="Assets\Textures\btn-building-protoss-obelisk.dds"/>
        <EditorCategories value="Race:Protoss"/>
    </CButton>
    <CButton id="AttackAllowsInvulnerable">
        <Icon value="Assets\Textures\btn-command-attack.dds"/>
        <AlertIcon value="Assets\Textures\btn-command-attack.dds"/>
        <EditorCategories value="Race:Neutral"/>
        <SimpleDisplayText value="SimpleDisplay/AttackAllowsInvulnerable"/>
    </CButton>
    <CButton id="AutomatedRefinery">
        <Icon value="Assets\Textures\btn-building-terran-refineryautomated.dds"/>
        <AlertIcon value="Assets\Textures\btn-building-terran-refinery.dds"/>
        <EditorCategories value="Race:Terran"/>
        <Hotkey value="Button/Hotkey/Refinery"/>
        <HotkeyAlias value="Refinery"/>
    </CButton>
    <CButton id="BuildAutoTurret">
        <Icon value="Assets\Textures\btn-building-terran-autoturret.dds"/>
        <AlertIcon value="Assets\Textures\btn-building-terran-autoturret.dds"/>
        <EditorCategories value="Race:Terran"/>
    </CButton>
    <CButton id="BuildPointDefenseDrone">
        <Icon value="Assets\Textures\btn-unit-terran-targetingdrone.dds"/>
        <AlertIcon value="Assets\Textures\btn-unit-terran-targetingdrone.dds"/>
        <EditorCategories value="Race:Terran"/>
    </CButton>
    <CButton id="PsiDisruptor">
        <Icon value="Assets\Textures\btn-building-terran-sigmaprojector.dds"/>
        <AlertIcon value="Assets\Textures\btn-building-terran-sigmaprojector.dds"/>
        <EditorCategories value="Race:Terran"/>
        <Hotkey value="Button/Hotkey/HiveMindEmulator"/>
        <HotkeyAlias value="HiveMindEmulator"/>
    </CButton>
    <CButton id="BuildScienceVessel">
        <Icon value="Assets\Textures\btn-unit-terran-sciencevessel.dds"/>
        <AlertIcon value="Assets\Textures\btn-unit-terran-sciencevessel.dds"/>
        <EditorCategories value="Race:Terran"/>
        <Hotkey value="Button/Hotkey/Raven"/>
        <HotkeyAlias value="Raven"/>
    </CButton>
    <CButton id="BurrowTurret">
        <Icon value="Assets\Textures\btn-ability-terran-land.dds"/>
        <AlertIcon value="Assets\Textures\btn-ability-terran-land.dds"/>
        <EditorCategories value="Race:Terran"/>
    </CButton>
    <CButton id="CerberusMines">
        <Icon value="Assets\Textures\btn-techupgrade-terran-cerberusmine.dds"/>
        <EditorCategories value="Race:Terran"/>
        <TintRacially value="1"/>
    </CButton>
    <CButton id="CloakField">
        <Icon value="Assets\Textures\btn-ability-protoss-cloakfield-color.dds"/>
        <AlertIcon value="Assets\Textures\btn-ability-protoss-cloakfield-color.dds"/>
        <EditorCategories value="Race:Terran"/>
    </CButton>
    <CButton id="CloakOnSpectre">
        <Icon value="Assets\Textures\btn-ability-terran-cloak-color.dds"/>
        <AlertIcon value="Assets\Textures\btn-ability-terran-cloak-color.dds"/>
        <EditorCategories value="Race:Terran"/>
        <HotkeySet value="Cloak"/>
        <HotkeyAlias value="CloakOnBanshee"/>
    </CButton>
    <CButton id="CloakOnPredator">
        <Icon value="Assets\Textures\btn-ability-terran-cloak-color.dds"/>
        <AlertIcon value="Assets\Textures\btn-ability-terran-cloak-color.dds"/>
        <EditorCategories value="Race:Terran"/>
    </CButton>
    <CButton id="CombatShield">
        <Icon value="Assets\Textures\btn-techupgrade-terran-combatshield-color.dds"/>
        <EditorCategories value="Race:Terran"/>
    </CButton>
    <CButton id="CriusSuit">
        <EditorCategories value="Race:Terran"/>
        <TintRacially value="1"/>
        <Icon value="Assets\Textures\btn-techupgrade-terran-criussuit.dds"/>
    </CButton>
    <CButton id="CrossSpectrumDampeners">
        <EditorCategories value="Race:Terran"/>
        <Icon value="Assets\Textures\btn-techupgrade-terran-crossspectrumdampeners.dds"/>
        <TintRacially value="1"/>
    </CButton>
    <CButton id="DisplacementField">
        <Icon value="Assets\Textures\btn-techupgrade-terran-cloakdistortionfield.dds"/>
        <EditorCategories value="Race:Terran"/>
        <TintRacially value="1"/>
    </CButton>
    <CButton id="Firebat">
        <Icon value="Assets\Textures\btn-unit-terran-firebat.dds"/>
        <AlertIcon value="Assets\Textures\btn-unit-terran-firebat.dds"/>
        <EditorCategories value="Race:Terran"/>
    </CButton>
    <CButton id="HeavilyArmored">
        <Icon value="Assets\Textures\btn-ability-protoss-heavilyarmored.dds"/>
        <EditorCategories value="Race:Protoss"/>
    </CButton>
    <CButton id="HellstormMissileBatteries">
        <Icon value="Assets\Textures\btn-techupgrade-terran-hellstormbatteries.dds"/>
        <EditorCategories value="Race:Terran"/>
        <TintRacially value="1"/>
    </CButton>
    <CButton id="Hyperfluxor">
        <Icon value="Assets\Textures\btn-techupgrade-terran-burstcapacitors.dds"/>
        <EditorCategories value="Race:Terran"/>
        <TintRacially value="1"/>
    </CButton>
    <CButton id="ImmortalityProtocol">
        <Icon value="Assets\Textures\btn-techupgrade-terran-immortalityprotocol.dds"/>
        <EditorCategories value="Race:Terran"/>
        <TintRacially value="1"/>
    </CButton>
    <CButton id="ImpalerRounds">
        <Icon value="Assets\Textures\btn-techupgrade-terran-impalerrounds.dds"/>
        <EditorCategories value="Race:Terran"/>
        <TintRacially value="1"/>
    </CButton>
    <CButton id="IncineratorNozzles">
        <Icon value="Assets\Textures\btn-techupgrade-terran-bearclawnozzles.dds"/>
        <EditorCategories value="Race:Terran"/>
        <TintRacially value="1"/>
    </CButton>
    <CButton id="InfernalPreIgniter">
        <Icon value="Assets\Textures\btn-techupgrade-terran-infernalpreigniter.dds"/>
        <EditorCategories value="Race:Terran"/>
        <TintRacially value="1"/>
    </CButton>
    <CButton id="JackhammerConcussionGrenade">
        <Icon value="Assets\Textures\btn-techupgrade-terran-jackhammerconcussion.dds"/>
        <EditorCategories value="Race:Terran"/>
        <TintRacially value="1"/>
    </CButton>
    <CButton id="JuggernautPlating">
        <Icon value="Assets\Textures\btn-techupgrade-terran-juggernautplating.dds"/>
        <EditorCategories value="Race:Terran"/>
        <TintRacially value="1"/>
    </CButton>
    <CButton id="MaelstromRounds">
        <Icon value="Assets\Textures\btn-techupgrade-terran-maelstromrounds.dds"/>
        <EditorCategories value="Race:Terran"/>
        <TintRacially value="1"/>
    </CButton>
    <CButton id="Medic">
        <Icon value="Assets\Textures\btn-unit-terran-medic.dds"/>
        <AlertIcon value="Assets\Textures\btn-unit-terran-medic.dds"/>
        <EditorCategories value="Race:Terran"/>
    </CButton>
    <CButton id="LeadFarmer">
        <Icon value="Assets\Textures\btn-ability-terran-haleoflead.dds"/>
        <AlertIcon value="Assets\Textures\btn-ability-terran-haleoflead.dds"/>
        <EditorCategories value="Race:Terran"/>
        <TintRacially value="1"/>
    </CButton>
    <CButton id="MindControl">
        <Icon value="Assets\Textures\btn-ability-terran-scannersweep-color.dds"/>
        <EditorCategories value="Race:Terran"/>
    </CButton>
    <CButton id="NeoSteelFrame">
        <Icon value="Assets\Textures\btn-techupgrade-terran-neosteelbunker.dds"/>
        <EditorCategories value="Race:Terran"/>
        <TintRacially value="1"/>
    </CButton>
    <CButton id="NyxClassCloakingModule">
        <EditorCategories value="Race:Terran"/>
        <TintRacially value="1"/>
        <Icon value="Assets\Textures\btn-techupgrade-terran-nyxcloakingclassmodule.dds"/>
    </CButton>
    <CButton id="Obliterate">
        <Icon value="Assets\Textures\btn-techupgrade-terran-psioniclash.dds"/>
        <AlertIcon value="Assets\Textures\btn-techupgrade-terran-psioniclash.dds"/>
        <EditorCategories value="Race:Terran"/>
        <TintRacially value="1"/>
    </CButton>
    <CButton id="OcularImplants">
        <Icon value="Assets\Textures\btn-techupgrade-terran-ocularimplants.dds"/>
        <EditorCategories value="Race:Terran"/>
        <TintRacially value="1"/>
    </CButton>
    <CButton id="OpenXelNagaPrison">
        <EditorCategories value="Race:Protoss"/>
    </CButton>
    <CButton id="ParkColonistVehicle">
        <Icon value="Assets\Textures\btn-ability-terran-land.dds"/>
        <EditorCategories value="Race:Terran"/>
    </CButton>
    <CButton id="Irradiate">
        <Icon value="Assets\Textures\btn-ability-terran-irradiate.dds"/>
        <AlertIcon value="Assets\Textures\btn-ability-terran-irradiate.dds"/>
        <EditorCategories value="Race:Terran"/>
        <TintRacially value="1"/>
    </CButton>
    <CButton id="Predator">
        <EditorCategories value="Race:Terran"/>
        <Icon value="Assets\Textures\btn-unit-terran-predator.dds"/>
        <AlertIcon value="Assets\Textures\btn-unit-terran-predator.dds"/>
    </CButton>
    <CButton id="ProjectileAccelerators">
        <Icon value="Assets\Textures\btn-techupgrade-terran-projectileaccelerator.dds"/>
        <EditorCategories value="Race:Terran"/>
        <TintRacially value="1"/>
    </CButton>
    <CButton id="PsiDisruption">
        <Icon value="Assets\Textures\btn-ability-terran-psidisruption.dds"/>
        <EditorCategories value="Race:Terran"/>
        <TintRacially value="1"/>
    </CButton>
    <CButton id="VoodooShield">
        <Icon value="Assets\Textures\btn-ability-terran-defensivematrix.dds"/>
        <EditorCategories value="Race:Terran"/>
    </CButton>
    <CButton id="RapidDeployment">
        <Icon value="Assets\Textures\btn-techupgrade-terran-rapiddeployment.dds"/>
        <EditorCategories value="Race:Terran"/>
        <TintRacially value="1"/>
    </CButton>
    <CButton id="RapidDeploymentTubes">
        <Icon value="Assets\Textures\btn-techupgrade-terran-rapiddeployment.dds"/>
        <EditorCategories value="Race:Terran"/>
        <TintRacially value="1"/>
    </CButton>
    <CButton id="ReinforcedSuperstructure">
        <Icon value="Assets\Textures\btn-techupgrade-terran-titaniumhousing.dds"/>
        <EditorCategories value="Race:Terran"/>
        <TintRacially value="1"/>
    </CButton>
    <CButton id="ReleaseMinion">
        <Icon value="Assets\Textures\btn-command-cancel.dds"/>
        <EditorCategories value="Race:Terran"/>
    </CButton>
    <CButton id="RetributionField">
        <Icon value="Assets\Textures\btn-ability-terran-emp-color.dds"/>
        <AlertIcon value="Assets\Textures\btn-ability-terran-emp-color.dds"/>
        <EditorCategories value="Race:Terran"/>
    </CButton>
    <CButton id="RipwaveMissiles">
        <Icon value="Assets\Textures\btn-techupgrade-terran-ripwavemissiles.dds"/>
        <EditorCategories value="Race:Terran"/>
        <TintRacially value="1"/>
    </CButton>
    <CButton id="Scourge">
        <Icon value="Assets\Textures\btn-unit-zerg-scourge.dds"/>
        <AlertIcon value="Assets\Textures\btn-unit-zerg-scourge.dds"/>
        <EditorCategories value="Race:Zerg"/>
    </CButton>
    <CButton id="FlameMech">
        <Icon value="Assets\Textures\btn-unit-terran-firebat.dds"/>
        <AlertIcon value="Assets\Textures\btn-unit-terran-firebat.dds"/>
        <EditorCategories value="Race:Terran"/>
    </CButton>
    <CButton id="ShapedBlast">
        <Icon value="Assets\Textures\btn-techupgrade-terran-shapedblast.dds"/>
        <EditorCategories value="Race:Terran"/>
        <TintRacially value="1"/>
    </CButton>
    <CButton id="ShapedHull">
        <Icon value="Assets\Textures\btn-techupgrade-terran-shapedhull.dds"/>
        <EditorCategories value="Race:Terran"/>
        <TintRacially value="1"/>
    </CButton>
    <CButton id="ShockwaveMissilePattern">
        <Icon value="Assets\Textures\btn-techupgrade-terran-clusterwarheads.dds"/>
        <EditorCategories value="Race:Terran"/>
        <TintRacially value="1"/>
    </CButton>
    <CButton id="ShrikeTurret">
        <Icon value="Assets\Textures\btn-techupgrade-terran-shriketurret.dds"/>
        <EditorCategories value="Race:Terran"/>
        <TintRacially value="1"/>
    </CButton>
    <CButton id="SingularityAnchor">
        <Icon value="Assets\Textures\btn-techupgrade-terran-tomahawkpowercell.dds"/>
        <EditorCategories value="Race:Terran"/>
        <TintRacially value="1"/>
    </CButton>
    <CButton id="SpawnBroodLord">
        <Icon value="Assets\Textures\btn-unit-zerg-mantalisk.dds"/>
        <EditorCategories value="Race:Zerg"/>
    </CButton>
    <CButton id="SpawnCorruptor">
        <Icon value="Assets\Textures\btn-unit-zerg-corruptor.dds"/>
        <AlertIcon value="Assets\Textures\btn-unit-zerg-corruptor.dds"/>
        <EditorCategories value="Race:Zerg"/>
    </CButton>
    <CButton id="StabilizerMedPacks">
        <Icon value="Assets\Textures\btn-techupgrade-terran-stabilizermedpacks.dds"/>
        <EditorCategories value="Race:Terran"/>
        <TintRacially value="1"/>
    </CButton>
    <CButton id="MultiLockTargetingSystem">
        <Icon value="Assets\Textures\btn-techupgrade-terran-multilocktargetingsystem.dds"/>
        <EditorCategories value="Race:Terran"/>
        <TintRacially value="1"/>
    </CButton>
    <CButton id="StartColonistVehicle">
        <Icon value="Assets\Textures\btn-ability-terran-liftoff.dds"/>
        <EditorCategories value="Race:Terran"/>
    </CButton>
    <CButton id="Transwarp">
        <Icon value="Assets\Textures\btn-missing-kaeo.dds"/>
        <AlertIcon value="Assets\Textures\btn-missing-kaeo.dds"/>
        <EditorCategories value="Race:Terran"/>
    </CButton>
    <CButton id="TriLithiumPowerCells">
        <Icon value="Assets\Textures\btn-techupgrade-terran-trilithiumpowercell.dds"/>
        <EditorCategories value="Race:Terran"/>
        <TintRacially value="1"/>
    </CButton>
    <CButton id="TwinLinkedFlameThrowers">
        <Icon value="Assets\Textures\btn-upgrade-terran-twin-linkedflamethrower.dds"/>
        <AlertIcon value="Assets\Textures\btn-upgrade-terran-twin-linkedflamethrower.dds"/>
        <EditorCategories value="Race:Terran"/>
        <TintRacially value="1"/>
    </CButton>
    <CButton id="U238Rounds">
        <Icon value="Assets\Textures\btn-techupgrade-terran-u238rounds.dds"/>
        <EditorCategories value="Race:Terran"/>
        <TintRacially value="1"/>
    </CButton>
    <CButton id="UltrasonicPulse">
        <Icon value="Assets\Textures\btn-ability-terran-ultrasonicpulse.dds"/>
        <EditorCategories value="Race:Terran"/>
        <TintRacially value="1"/>
    </CButton>
    <CButton id="WraithCloak">
        <Icon value="Assets\Textures\btn-ability-terran-cloak-color.dds"/>
        <AlertIcon value="Assets\Textures\btn-ability-terran-cloak-color.dds"/>
        <EditorCategories value="Race:Terran"/>
    </CButton>
    <CButton id="PsionicRadar">
        <Icon value="Assets\Textures\BTN-Status-Radar.dds"/>
        <EditorCategories value="Race:Terran"/>
        <TintRacially value="1"/>
    </CButton>
    <CButton id="LoadTaurenOuthouse">
        <EditorCategories value="Race:Terran"/>
    </CButton>
    <CButton id="TaurenOuthouseFly">
        <EditorCategories value="Race:Terran"/>
        <Icon value="Assets\Textures\btn-ability-terran-liftoff.dds"/>
    </CButton>
    <CButton id="Wraith">
        <Icon value="Assets\Textures\btn-unit-terran-wraith.dds"/>
        <AlertIcon value="Assets\Textures\btn-unit-terran-wraith.dds"/>
        <EditorCategories value="Race:Terran"/>
    </CButton>
    <CButton id="TossGrenadeTychus">
        <Icon value="Assets\Textures\BTN-Ability-Terran-TychusTossGrenade.dds"/>
        <EditorCategories value="Race:Terran"/>
        <TintRacially value="1"/>
    </CButton>
    <CButton id="UnburrowTurret">
        <Icon value="Assets\Textures\btn-ability-terran-liftoff.dds"/>
        <AlertIcon value="Assets\Textures\btn-ability-terran-liftoff.dds"/>
        <EditorCategories value="Race:Terran"/>
    </CButton>
    <CButton id="LightBridgeOn">
        <Icon value="Assets\Textures\btn-ability-terran-liftoff.dds"/>
        <AlertIcon value="Assets\Textures\btn-ability-terran-liftoff.dds"/>
        <EditorCategories value="Race:Terran"/>
    </CButton>
    <CButton id="LightBridgeOff">
        <Icon value="Assets\Textures\btn-ability-terran-land.dds"/>
        <AlertIcon value="Assets\Textures\btn-ability-terran-land.dds"/>
        <EditorCategories value="Race:Terran"/>
    </CButton>
    <CButton id="LibraryUp">
        <Icon value="Assets\Textures\btn-ability-terran-liftoff.dds"/>
        <AlertIcon value="Assets\Textures\btn-ability-terran-liftoff.dds"/>
        <EditorCategories value="Race:Terran"/>
    </CButton>
    <CButton id="LibraryDown">
        <Icon value="Assets\Textures\btn-ability-terran-land.dds"/>
        <AlertIcon value="Assets\Textures\btn-ability-terran-land.dds"/>
        <EditorCategories value="Race:Terran"/>
    </CButton>
    <CButton id="TempleDoorUp">
        <Icon value="Assets\Textures\btn-ability-terran-liftoff.dds"/>
        <AlertIcon value="Assets\Textures\btn-ability-terran-liftoff.dds"/>
        <EditorCategories value="Race:Terran"/>
    </CButton>
    <CButton id="TempleDoorDown">
        <Icon value="Assets\Textures\btn-ability-terran-land.dds"/>
        <AlertIcon value="Assets\Textures\btn-ability-terran-land.dds"/>
        <EditorCategories value="Race:Terran"/>
    </CButton>
    <CButton id="SporeCannonFire">
        <Icon value="Assets\Textures\btn-ability-zerg-explode-color.dds"/>
        <EditorCategories value="Race:Zerg"/>
    </CButton>
    <CButton id="TempleDoorUpURDL">
        <Icon value="Assets\Textures\btn-ability-terran-liftoff.dds"/>
        <AlertIcon value="Assets\Textures\btn-ability-terran-liftoff.dds"/>
        <EditorCategories value="Race:Terran"/>
    </CButton>
    <CButton id="TempleDoorDownURDL">
        <Icon value="Assets\Textures\btn-ability-terran-land.dds"/>
        <AlertIcon value="Assets\Textures\btn-ability-terran-land.dds"/>
        <EditorCategories value="Race:Terran"/>
    </CButton>
    <CButton id="Consumption">
        <Icon value="Assets\Textures\btn-ability-terran-tosh-consumption.dds"/>
        <EditorCategories value="Race:Terran"/>
        <TintRacially value="1"/>
    </CButton>
    <CButton id="SpectreConsumption">
        <Icon value="Assets\Textures\btn-ability-zerg-plague.dds"/>
        <EditorCategories value="Race:Terran"/>
    </CButton>
    <CButton id="ConsumeDNA">
        <Icon value="Assets\Textures\btn-ability-zerg-plague.dds"/>
        <AlertIcon value="Assets\Textures\btn-ability-zerg-plague.dds"/>
        <EditorCategories value="Race:Zerg"/>
    </CButton>
    <CButton id="HybridFAoEStun">
        <Icon value="Assets\Textures\btn-ability-zerg-sporecloud.dds"/>
        <AlertIcon value="Assets\Textures\btn-ability-zerg-sporecloud.dds"/>
        <EditorCategories value="Race:Zerg"/>
    </CButton>
    <CButton id="ExperimentalPlasmaGun">
        <Icon value="Assets\Textures\btn-ability-terran-experiencedplasmagun.dds"/>
        <AlertIcon value="Assets\Textures\btn-ability-terran-experiencedplasmagun.dds"/>
        <EditorCategories value="Race:Terran"/>
        <TintRacially value="1"/>
    </CButton>
    <CButton id="GatherSpecialObject">
        <Icon value="Assets\Textures\btn-ability-terran-gather.dds"/>
        <AlertIcon value="Assets\Textures\btn-ability-terran-gather.dds"/>
        <EditorCategories value="Race:Terran"/>
    </CButton>
    <CButton id="MindSplatter">
        <Icon value="Assets\Textures\btn-ability-zerg-explode-color.dds"/>
        <EditorCategories value="Race:Terran"/>
    </CButton>
    <CButton id="MindBlast">
        <Icon value="Assets\Textures\btn-ability-terran-tosh-mindblast.dds"/>
        <EditorCategories value="Race:Terran"/>
        <TintRacially value="1"/>
    </CButton>
    <CButton id="SpectreMindSplatter">
        <Icon value="Assets\Textures\btn-ability-zerg-explode-color.dds"/>
        <EditorCategories value="Race:Terran"/>
    </CButton>
    <CButton id="MorphToBroodling">
        <Icon value="Assets\Textures\btn-unit-zerg-baneling.dds"/>
        <AlertIcon value="Assets\Textures\btn-unit-zerg-baneling.dds"/>
        <EditorCategories value="Race:Zerg"/>
    </CButton>
    <CButton id="PerditionTurret">
        <Icon value="Assets\Textures\btn-unit-terran-perditionturret.dds"/>
        <AlertIcon value="Assets\Textures\btn-unit-terran-perditionturret.dds"/>
        <EditorCategories value="Race:Terran"/>
    </CButton>
    <CButton id="BonesHeal">
        <Icon value="Assets\Textures\btn-ability-terran-heal-color.dds"/>
        <AlertIcon value="Assets\Textures\btn-ability-terran-heal-color.dds"/>
        <EditorCategories value="Race:Terran"/>
    </CButton>
    <CButton id="BuildHercules">
        <Icon value="Assets\Textures\btn-unit-terran-hercules.dds"/>
        <AlertIcon value="Assets\Textures\btn-unit-terran-hercules.dds"/>
        <EditorCategories value="Race:Terran"/>
    </CButton>
    <CButton id="DutchPlaceTurret">
        <Icon value="Assets\Textures\btn-building-terran-autoturret.dds"/>
        <AlertIcon value="Assets\Textures\btn-building-terran-autoturret.dds"/>
        <EditorCategories value="Race:Terran"/>
    </CButton>
    <CButton id="HireKelmorianMiners">
        <Icon value="Assets\Textures\btn-unit-terran-marinemercenary.dds"/>
        <AlertIcon value="Assets\Textures\btn-unit-terran-marine.dds"/>
        <EditorCategories value="Race:Terran"/>
    </CButton>
    <CButton id="HireHammerSecurities">
        <Icon value="Assets\Textures\btn-unit-terran-maraudermercenary.dds"/>
        <AlertIcon value="Assets\Textures\btn-unit-terran-marauder.dds"/>
        <EditorCategories value="Race:Terran"/>
    </CButton>
    <CButton id="HireDevilDogs">
        <Icon value="Assets\Textures\btn-unit-terran-firebatmercenary.dds"/>
        <AlertIcon value="Assets\Textures\btn-unit-terran-firebat.dds"/>
        <EditorCategories value="Race:Terran"/>
    </CButton>
    <CButton id="HireSpartanCompany">
        <Icon value="Assets\Textures\btn-unit-terran-goliathmercenary.dds"/>
        <AlertIcon value="Assets\Textures\btn-unit-terran-goliath.dds"/>
        <EditorCategories value="Race:Terran"/>
    </CButton>
    <CButton id="HireSiegeBreakers">
        <Icon value="Assets\Textures\btn-unit-terran-siegetankmercenary-tank.dds"/>
        <AlertIcon value="Assets\Textures\btn-unit-terran-siegetank.dds"/>
        <EditorCategories value="Race:Terran"/>
    </CButton>
    <CButton id="HireDuskWing">
        <Icon value="Assets\Textures\btn-unit-terran-bansheemercenary.dds"/>
        <AlertIcon value="Assets\Textures\btn-unit-terran-banshee.dds"/>
        <EditorCategories value="Race:Terran"/>
    </CButton>
    <CButton id="HireHelsAngels">
        <Icon value="Assets\Textures\btn-unit-terran-vikingmercenary-fighter.dds"/>
        <AlertIcon value="Assets\Textures\btn-unit-terran-vikingfighter.dds"/>
        <EditorCategories value="Race:Terran"/>
    </CButton>
    <CButton id="HireDukesRevenge">
        <Icon value="Assets\Textures\btn-unit-terran-battlecruiserloki.dds"/>
        <AlertIcon value="Assets\Textures\btn-unit-terran-battlecruiserloki.dds"/>
        <EditorCategories value="Race:Terran"/>
    </CButton>
    <CButton id="HireKelmorianMinersPH">
        <Icon value="Assets\Textures\btn-unit-terran-marinemercenary.dds"/>
        <AlertIcon value="Assets\Textures\btn-unit-terran-marine.dds"/>
        <EditorCategories value="Race:Terran"/>
    </CButton>
    <CButton id="HireHammerSecuritiesPH">
        <Icon value="Assets\Textures\btn-unit-terran-maraudermercenary.dds"/>
        <AlertIcon value="Assets\Textures\btn-unit-terran-marauder.dds"/>
        <EditorCategories value="Race:Terran"/>
    </CButton>
    <CButton id="HireDevilDogsPH">
        <Icon value="Assets\Textures\btn-unit-terran-firebatmercenary.dds"/>
        <AlertIcon value="Assets\Textures\btn-unit-terran-firebat.dds"/>
        <EditorCategories value="Race:Terran"/>
    </CButton>
    <CButton id="HireSpartanCompanyPH">
        <Icon value="Assets\Textures\btn-unit-terran-goliathmercenary.dds"/>
        <AlertIcon value="Assets\Textures\btn-unit-terran-goliath.dds"/>
        <EditorCategories value="Race:Terran"/>
    </CButton>
    <CButton id="HireSiegeBreakersPH">
        <Icon value="Assets\Textures\btn-unit-terran-siegetankmercenary-tank.dds"/>
        <AlertIcon value="Assets\Textures\btn-unit-terran-siegetank.dds"/>
        <EditorCategories value="Race:Terran"/>
    </CButton>
    <CButton id="HireDuskWingPH">
        <Icon value="Assets\Textures\btn-unit-terran-bansheemercenary.dds"/>
        <AlertIcon value="Assets\Textures\btn-unit-terran-banshee.dds"/>
        <EditorCategories value="Race:Terran"/>
    </CButton>
    <CButton id="HireHelsAngelsPH">
        <Icon value="Assets\Textures\btn-unit-terran-vikingmercenary-fighter.dds"/>
        <AlertIcon value="Assets\Textures\btn-unit-terran-vikingfighter.dds"/>
        <EditorCategories value="Race:Terran"/>
    </CButton>
    <CButton id="HireDukesRevengePH">
        <Icon value="Assets\Textures\btn-unit-terran-battlecruiserloki.dds"/>
        <AlertIcon value="Assets\Textures\btn-unit-terran-battlecruiserloki.dds"/>
        <EditorCategories value="Race:Terran"/>
    </CButton>
    <CButton id="HireOutbackHunters">
        <Icon value="Assets\Textures\btn-unit-terran-jackal.dds"/>
        <AlertIcon value="Assets\Textures\btn-unit-terran-jackal.dds"/>
        <EditorCategories value="Race:Terran"/>
    </CButton>
    <CButton id="HireBlockB">
        <Icon value="Assets\Textures\btn-unit-terran-reaper.dds"/>
        <AlertIcon value="Assets\Textures\btn-unit-terran-reaper.dds"/>
        <EditorCategories value="Race:Terran"/>
    </CButton>
    <CButton id="MindSiphon">
        <Icon value="Assets\Textures\btn-missing-kaeo.dds"/>
        <EditorCategories value="Race:Terran"/>
    </CButton>
    <CButton id="MorphToInfestedCivilian">
        <Icon value="Assets\Textures\btn-unit-zerg-infestedmarine.dds"/>
        <EditorCategories value="Race:Zerg"/>
    </CButton>
    <CButton id="MorphToPlaguebringer">
        <Icon value="Assets\Textures\btn-unit-zerg-baneling.dds"/>
        <AlertIcon value="Assets\Textures\btn-unit-zerg-baneling.dds"/>
        <EditorCategories value="Race:Zerg"/>
    </CButton>
    <CButton id="PermanentlyCloakedTosh">
        <Icon value="Assets\Textures\BTN-Ability-Terran-Tosh-Permacloak.dds"/>
        <EditorCategories value="Race:Terran"/>
        <TintRacially value="1"/>
    </CButton>
    <CButton id="ToshShadowClones">
        <Icon value="Assets\Textures\btn-ability-zerg-disguise.dds"/>
        <EditorCategories value="Race:Terran"/>
        <TintRacially value="1"/>
    </CButton>
    <CButton id="PlantC4Charge">
        <Icon value="Assets\Textures\BTN-Ability-Terran-D8Charge.dds"/>
        <EditorCategories value="Race:Terran"/>
        <AlertIcon value="Assets\Textures\btn-ability-terran-d8charge.dds"/>
        <TintRacially value="1"/>
    </CButton>
    <CButton id="ChainLightning">
        <Icon value="Assets\Textures\BTN-Ability-Protoss-PsiStorm-color.dds"/>
        <AlertIcon value="Assets\Textures\BTN-Ability-Protoss-PsiStorm-color.dds"/>
        <EditorCategories value="Race:Zerg"/>
    </CButton>
    <CButton id="HutLoad">
        <Icon value="Assets\Textures\btn-ability-terran-load.dds"/>
        <AlertIcon value="Assets\Textures\btn-ability-terran-load.dds"/>
        <EditorCategories value="Race:Terran"/>
    </CButton>
    <CButton id="HutUnloadAll">
        <Icon value="Assets\Textures\btn-ability-terran-unloadall.dds"/>
        <AlertIcon value="Assets\Textures\btn-ability-terran-unloadall.dds"/>
        <EditorCategories value="Race:Terran"/>
    </CButton>
    <CButton id="ColonyInfestation">
        <EditorCategories value="Race:Zerg"/>
        <Icon value="Assets\Textures\btn-ability-zerg-fungalgrowth-color.dds"/>
        <AlertIcon value="Assets\Textures\btn-ability-zerg-fungalgrowth-color.dds"/>
    </CButton>
    <CButton id="DeactivateArtifact">
        <Icon value="Assets\Textures\btn-missing-kaeo.dds"/>
        <EditorCategories value="Race:Neutral"/>
    </CButton>
    <CButton id="KillerPhantasm">
        <Icon value="Assets\Textures\btn-ability-protoss-hallucination-color.dds"/>
        <EditorCategories value="Race:Terran"/>
    </CButton>
    <CButton id="MedicHeal">
        <Icon value="Assets\Textures\btn-ability-terran-heal-color.dds"/>
        <AlertIcon value="Assets\Textures\btn-ability-terran-heal-color.dds"/>
        <EditorCategories value="Race:Terran"/>
    </CButton>
    <CButton id="PhantomHydralisks">
        <Icon value="Assets\Textures\btn-unit-zerg-hydralisk.dds"/>
        <EditorCategories value="Race:Terran"/>
    </CButton>
    <CButton id="PhantomUltralisk">
        <Icon value="Assets\Textures\btn-unit-zerg-mutalisk.dds"/>
        <EditorCategories value="Race:Terran"/>
    </CButton>
    <CButton id="PhantomZerglings">
        <Icon value="Assets\Textures\btn-unit-zerg-zergling.dds"/>
        <EditorCategories value="Race:Terran"/>
    </CButton>
    <CButton id="Plaguebringer">
        <Icon value="Assets\Textures\btn-ability-zerg-infestationsource.dds"/>
        <EditorCategories value="Race:Zerg"/>
        <TintRacially value="1"/>
    </CButton>
    <CButton id="RaynorSnipe">
        <Icon value="Assets\Textures\btn-ability-terran-penetratorround.dds"/>
        <AlertIcon value="Assets\Textures\btn-ability-terran-penetratorround.dds"/>
        <EditorCategories value="Race:Terran"/>
    </CButton>
    <CButton id="RegenerativeArmor">
        <Icon value="Assets\Textures\btn-ability-terran-selfixarmor.dds"/>
        <AlertIcon value="Assets\Textures\btn-ability-terran-selfixarmor.dds"/>
        <EditorCategories value="Race:Terran"/>
        <TintRacially value="1"/>
    </CButton>
    <CButton id="ShadowClones">
        <Icon value="Assets\Textures\btn-unit-protoss-darktemplar.dds"/>
        <AlertIcon value="Assets\Textures\btn-unit-protoss-darktemplar.dds"/>
        <EditorCategories value="Race:Protoss"/>
    </CButton>
    <CButton id="StaticDischarge">
        <Icon value="Assets\Textures\btn-unit-protoss-archon.dds"/>
        <EditorCategories value="Race:Protoss"/>
    </CButton>
    <CButton id="Domination">
        <Icon value="Assets\Textures\BTN-Ability-terran-domination.dds"/>
        <EditorCategories value="Race:Terran"/>
        <TintRacially value="1"/>
    </CButton>
    <CButton id="GravitonPrison">
        <Icon value="Assets\Textures\btn-ability-terran-liftoff.dds"/>
        <EditorCategories value="Race:Protoss"/>
    </CButton>
    <CButton id="FireOnTheMove">
        <Icon value="Assets\Textures\btn-ability-terran-fireonthemove.dds"/>
        <AlertIcon value="Assets\Textures\btn-ability-terran-fireonthemove.dds"/>
        <EditorCategories value="Race:Terran"/>
        <TintRacially value="1"/>
    </CButton>
    <CButton id="Implosion">
        <Icon value="Assets\Textures\btn-ability-zerg-explode-color.dds"/>
        <EditorCategories value="Race:Zerg"/>
    </CButton>
    <CButton id="InfestedCivilian">
        <Icon value="Assets\Textures\btn-ability-zerg-neuralparasite-color.dds"/>
        <AlertIcon value="Assets\Textures\btn-ability-zerg-neuralparasite-color.dds"/>
        <EditorCategories value="Race:Zerg"/>
    </CButton>
    <CButton id="Odin">
        <Icon value="Assets\Textures\btn-unit-terran-odin.dds"/>
        <AlertIcon value="Assets\Textures\btn-unit-terran-odin.dds"/>
        <EditorCategories value="Race:Terran"/>
    </CButton>
    <CButton id="OdinEMPBurst">
        <Icon value="Assets\Textures\BTN-Ability-Terran-EMP-color.dds"/>
        <EditorCategories value="Race:Terran"/>
    </CButton>
    <CButton id="OdinBarrage">
        <Icon value="Assets\Textures\BTN-Ability-Terran-BombardmentStrike-color.dds"/>
        <EditorCategories value="Race:Terran"/>
    </CButton>
    <CButton id="OdinNukeCalldown">
        <Icon value="Assets\Textures\btn-ability-terran-nuclearstrike-color.dds"/>
        <AlertIcon value="Assets\Textures\btn-ability-terran-nuclearstrike-color.dds"/>
        <EditorCategories value="Race:Terran"/>
    </CButton>
    <CButton id="OmegaStorm">
        <Icon value="Assets\Textures\btn-ability-protoss-psistorm-color.dds"/>
        <AlertName value="Button/Name/PsiStorm"/>
        <AlertIcon value="Assets\Textures\btn-ability-protoss-psistorm-color.dds"/>
        <EditorCategories value="Race:Zerg"/>
    </CButton>
    <CButton id="PermanentlyCloakedNova">
        <Icon value="Assets\Textures\BTN-Ability-Terran-Cloak-color.dds"/>
        <EditorCategories value="Race:Terran"/>
    </CButton>
    <CButton id="PlanetCracker">
        <Icon value="Assets\Textures\btn-ability-protoss-planetcracker.dds"/>
        <AlertIcon value="Assets\Textures\btn-ability-protoss-phasemine-zeratul.dds"/>
        <EditorCategories value="Race:Protoss"/>
        <TintRacially value="1"/>
    </CButton>
    <CButton id="EnergyNova">
        <Icon value="Assets\Textures\btn-ability-terran-emp-color.dds"/>
        <AlertIcon value="Assets\Textures\btn-ability-terran-emp-color.dds"/>
        <EditorCategories value="Race:Terran"/>
    </CButton>
    <CButton id="TheMorosDevice">
        <Icon value="Assets\Textures\btn-ability-terran-chronoriftdevice.dds"/>
        <AlertIcon value="Assets\Textures\btn-ability-terran-chronoriftdevice.dds"/>
        <EditorCategories value="Race:Terran"/>
        <TintRacially value="1"/>
    </CButton>
    <CButton id="TossGrenade">
        <Icon value="Assets\Textures\btn-ability-terran-raynortossgrenade.dds"/>
        <AlertIcon value="Assets\Textures\btn-ability-terran-raynortossgrenade.dds"/>
        <EditorCategories value="Race:Terran"/>
        <TintRacially value="1"/>
    </CButton>
    <CButton id="TychusSecretStash">
        <Icon value="Assets\Textures\btn-ability-terran-stimpack-color.dds"/>
        <AlertIcon value="Assets\Textures\btn-ability-terran-stimpack-color.dds"/>
        <EditorCategories value="Race:Terran"/>
    </CButton>
    <CButton id="EggPop">
        <Icon value="Assets\Textures\btn-unit-zerg-egg.dds"/>
        <EditorCategories value="Race:Zerg"/>
    </CButton>
    <CButton id="QueenShockwave">
        <Icon value="Assets\Textures\btn-ability-protoss-blink-color.dds"/>
        <EditorCategories value="Race:Zerg"/>
    </CButton>
    <CButton id="UnloadTaurenOuthouse">
        <EditorCategories value="Race:Terran"/>
    </CButton>
    <CButton id="X88TAntiArmor">
        <Icon value="Assets\Textures\btn-missing-kaeo.dds"/>
        <AlertIcon value="Assets\Textures\btn-missing-kaeo.dds"/>
        <EditorCategories value="Race:Terran"/>
    </CButton>
    <CButton id="X88TNapalm">
        <Icon value="Assets\Textures\btn-missing-kaeo.dds"/>
        <AlertIcon value="Assets\Textures\btn-missing-kaeo.dds"/>
        <EditorCategories value="Race:Terran"/>
    </CButton>
    <CButton id="NovaSnipe">
        <Icon value="Assets\Textures\btn-ability-terran-snipe-color.dds"/>
        <AlertName value="Button/Name/Snipe"/>
        <AlertIcon value="Assets\Textures\btn-ability-terran-snipe-color.dds"/>
        <EditorCategories value="Race:Terran"/>
    </CButton>
    <CButton id="PsionicShockwave">
        <Icon value="Assets\Textures\btn-ability-protoss-blink-color.dds"/>
        <EditorCategories value="Race:Protoss"/>
    </CButton>
    <CButton id="PurifierPowerUp">
        <Icon value="Assets\Textures\BTN-Ability-Protoss-HardenedShields-color.dds"/>
        <EditorCategories value="Race:Protoss"/>
    </CButton>
    <CButton id="PurifierPowerDown">
        <Icon value="Assets\Textures\btn-ability-protoss-blink-color.dds"/>
        <EditorCategories value="Race:Protoss"/>
    </CButton>
    <CButton id="ResearchSingularityCharge">
        <Icon value="Assets\Textures\btn-missing-kaeo.dds"/>
        <AlertIcon value="Assets\Textures\btn-missing-kaeo.dds"/>
        <EditorCategories value="Race:Protoss"/>
    </CButton>
    <CButton id="ResearchSpiderMinesSC1">
        <Icon value="Assets\Textures\btn-unit-terran-spidermine.dds"/>
        <AlertIcon value="Assets\Textures\btn-unit-terran-spidermine.dds"/>
        <EditorCategories value="Race:Terran"/>
    </CButton>
    <CButton id="SniperBotSnipe">
        <Icon value="Assets\Textures\btn-ability-terran-snipe-color.dds"/>
        <AlertIcon value="Assets\Textures\btn-ability-terran-snipe-color.dds"/>
        <EditorCategories value="Race:Terran"/>
    </CButton>
    <CButton id="PhaseMineBlast">
        <Icon value="Assets\Textures\BTN-Ability-Terran-EMP-color.dds"/>
        <EditorCategories value="Race:Protoss"/>
        <AlertIcon value="Assets\Textures\btn-ability-terran-emp-color.dds"/>
    </CButton>
    <CButton id="SpecterPsiRound">
        <Icon value="Assets\Textures\btn-ability-terran-snipe-color.dds"/>
        <AlertIcon value="Assets\Textures\btn-ability-terran-snipe-color.dds"/>
        <EditorCategories value="Race:Terran"/>
    </CButton>
    <CButton id="TransportTruckLoad">
        <Icon value="Assets\Textures\BTN-Ability-Terran-Load.dds"/>
        <EditorCategories value="Race:Terran"/>
    </CButton>
    <CButton id="TransportTruckUnloadAll">
        <Icon value="Assets\Textures\BTN-Ability-Terran-UnloadAll.dds"/>
        <EditorCategories value="Race:Terran"/>
    </CButton>
    <CButton id="Vulture">
        <Icon value="Assets\Textures\btn-unit-terran-vulture.dds"/>
        <AlertIcon value="Assets\Textures\btn-unit-terran-vulture.dds"/>
        <EditorCategories value="Race:Terran"/>
    </CButton>
    <CButton id="Goliath">
        <Icon value="Assets\Textures\btn-unit-terran-goliath.dds"/>
        <AlertIcon value="Assets\Textures\btn-unit-terran-goliath.dds"/>
        <EditorCategories value="Race:Terran"/>
    </CButton>
    <CButton id="WarpInObjectiveBuilding">
        <Icon value="Assets\Textures\btn-missing-kaeo.dds"/>
        <AlertIcon value="Assets\Textures\btn-missing-kaeo.dds"/>
        <EditorCategories value="Race:Protoss"/>
    </CButton>
    <CButton id="WarpInMohandar">
        <Icon value="Assets\Textures\btn-unit-protoss-warpray.dds"/>
        <AlertIcon value="Assets\Textures\btn-unit-protoss-warpray.dds"/>
        <EditorCategories value="Race:Protoss"/>
    </CButton>
    <CButton id="WarpInSelendis">
        <Icon value="Assets\Textures\btn-unit-protoss-carrier.dds"/>
        <AlertIcon value="Assets\Textures\btn-unit-protoss-carrier.dds"/>
        <EditorCategories value="Race:Protoss"/>
    </CButton>
    <CButton id="WarpInZeratul">
        <Icon value="Assets\Textures\btn-unit-protoss-darktemplar.dds"/>
        <AlertIcon value="Assets\Textures\btn-unit-protoss-darktemplar.dds"/>
        <EditorCategories value="Race:Protoss"/>
    </CButton>
    <CButton id="WarpInScout">
        <Icon value="Assets\Textures\btn-unit-protoss-scout.dds"/>
        <AlertIcon value="Assets\Textures\btn-unit-protoss-scout.dds"/>
        <EditorCategories value="Race:Protoss"/>
    </CButton>
    <CButton id="WarpInUrun">
        <Icon value="Assets\Textures\btn-unit-protoss-phoenix.dds"/>
        <AlertIcon value="Assets\Textures\btn-unit-protoss-phoenix.dds"/>
        <EditorCategories value="Race:Protoss"/>
    </CButton>
    <CButton id="LokiYamatoGun">
        <Icon value="Assets\Textures\btn-ability-terran-yamatogun-color.dds"/>
        <AlertIcon value="Assets\Textures\btn-ability-terran-yamatogun-color.dds"/>
        <EditorCategories value="Race:Terran"/>
    </CButton>
    <CButton id="ZeratulBlink">
        <Icon value="Assets\Textures\btn-ability-protoss-blink-zeratul.dds"/>
        <EditorCategories value="Race:Protoss"/>
        <AlertIcon value="Assets\Textures\btn-ability-protoss-blink-zeratul.dds"/>
        <TintRacially value="1"/>
    </CButton>
    <CButton id="HybridBlink">
        <Icon value="Assets\Textures\BTN-Ability-Protoss-Blink-color.dds"/>
        <EditorCategories value="Race:Zerg"/>
    </CButton>
    <CButton id="GasCanister">
        <Icon value="Assets\Textures\icon-gas.dds"/>
        <AlertIcon value="Assets\Textures\icon-gas.dds"/>
        <EditorCategories value="Race:Neutral"/>
    </CButton>
    <CButton id="MineralCrystal">
        <Icon value="Assets\Textures\icon-mineral.dds"/>
        <AlertIcon value="Assets\Textures\icon-mineral.dds"/>
        <EditorCategories value="Race:Neutral"/>
    </CButton>
    <CButton id="HyperionYamatoGun">
        <Icon value="Assets\Textures\btn-ability-terran-yamatogun-color.dds"/>
        <AlertIcon value="Assets\Textures\btn-ability-terran-yamatogun-color.dds"/>
        <EditorCategories value="Race:Terran"/>
    </CButton>
    <CButton id="InfestedTerranCampaign">
        <Icon value="Assets\Textures\btn-unit-zerg-infestedmarine.dds"/>
        <AlertIcon value="Assets\Textures\btn-unit-zerg-infestedmarine.dds"/>
        <EditorCategories value="Race:Zerg"/>
    </CButton>
    <CButton id="InfestedAbomination">
        <Icon value="Assets\Textures\btn-unit-zerg-corruptedmass.dds"/>
        <AlertIcon value="Assets\Textures\btn-unit-zerg-corruptedmass.dds"/>
        <EditorCategories value="Race:Zerg"/>
    </CButton>
    <CButton id="RemoteDetonate">
        <Icon value="Assets\Textures\btn-missing-kaeo.dds"/>
        <AlertIcon value="Assets\Textures\btn-missing-kaeo.dds"/>
        <EditorCategories value="Race:Terran"/>
    </CButton>
    <CButton id="BiodomeLoad">
        <Icon value="Assets\Textures\btn-ability-terran-load.dds"/>
        <AlertIcon value="Assets\Textures\btn-ability-terran-load.dds"/>
        <EditorCategories value="Race:Terran"/>
    </CButton>
    <CButton id="BiodomeUnloadAll">
        <Icon value="Assets\Textures\btn-ability-terran-unloadall.dds"/>
        <AlertIcon value="Assets\Textures\btn-ability-terran-unloadall.dds"/>
        <EditorCategories value="Race:Terran"/>
    </CButton>
    <CButton id="CannonTurnLeft">
        <Icon value="Assets\Textures\btn-command-returncargo.dds"/>
        <AlertIcon value="Assets\Textures\btn-command-returncargo.dds"/>
        <EditorCategories value="Race:Terran"/>
    </CButton>
    <CButton id="CannonTurnRight">
        <Icon value="Assets\Textures\btn-command-returncargo.dds"/>
        <AlertIcon value="Assets\Textures\btn-command-returncargo.dds"/>
        <EditorCategories value="Race:Terran"/>
    </CButton>
    <CButton id="Diamondback">
        <Icon value="Assets\Textures\btn-unit-terran-cobra.dds"/>
        <AlertIcon value="Assets\Textures\btn-unit-terran-cobra.dds"/>
        <EditorCategories value="Race:Terran"/>
    </CButton>
    <CButton id="Spectre">
        <Icon value="Assets\Textures\btn-unit-terran-spectre.dds"/>
        <AlertIcon value="Assets\Textures\btn-unit-terran-spectre.dds"/>
        <EditorCategories value="Race:Terran"/>
    </CButton>
    <CButton id="TechReactorAI">
        <Icon value="Assets\Textures\btn-building-terran-techreactor.dds"/>
        <AlertIcon value="Assets\Textures\btn-building-terran-techreactor.dds"/>
        <EditorCategories value="Race:Terran"/>
    </CButton>
    <CButton id="TechReactor">
        <Icon value="Assets\Textures\btn-building-terran-techreactor.dds"/>
        <AlertIcon value="Assets\Textures\btn-building-terran-techreactor.dds"/>
        <EditorCategories value="Race:Terran"/>
        <Hotkey value="Button/Hotkey/TechReactorAI"/>
        <HotkeyAlias value="TechReactorAI"/>
    </CButton>
    <CButton id="RaynorRadar">
        <Icon value="Assets\Textures\btn-status-radar.dds"/>
        <AlertIcon value="Assets\Textures\btn-status-radar.dds"/>
        <EditorCategories value="Race:Terran"/>
        <TintRacially value="1"/>
    </CButton>
    <CButton id="PermanentlyCloakedZeratul">
        <Icon value="Assets\Textures\BTN-ability-Protoss-permanentlycloaked-darktemplar-color.dds"/>
        <EditorCategories value="Race:Protoss"/>
    </CButton>
    <CButton id="SS_Shooting">
        <Icon value="Assets\Textures\btn-command-attack.dds"/>
        <AlertIcon value="Assets\Textures\btn-command-attack.dds"/>
        <EditorCategories value="Race:Neutral"/>
    </CButton>
    <CButton id="HybridCPlasmaBlast">
        <Icon value="Assets\Textures\btn-ability-terran-yamatogun-color.dds"/>
        <AlertIcon value="Assets\Textures\btn-ability-terran-yamatogun-color.dds"/>
        <EditorCategories value="Race:Zerg"/>
    </CButton>
    <CButton id="HybridFPlasmaBlast">
        <Icon value="Assets\Textures\btn-ability-terran-yamatogun-color.dds"/>
        <AlertIcon value="Assets\Textures\btn-ability-terran-yamatogun-color.dds"/>
        <EditorCategories value="Race:Zerg"/>
    </CButton>
    <CButton id="AberrationSwarm">
        <Icon value="Assets\Textures\btn-ability-zerg-explode-color.dds"/>
        <AlertIcon value="Assets\Textures\btn-ability-zerg-explode-color.dds"/>
        <EditorCategories value="Race:Zerg"/>
    </CButton>
    <CButton id="PsiRift">
        <Icon value="Assets\Textures\btn-ability-protoss-psistorm-color.dds"/>
        <AlertIcon value="Assets\Textures\btn-ability-protoss-psistorm-color.dds"/>
        <EditorCategories value="Race:Zerg"/>
    </CButton>
    <CButton id="SpectreNukeCalldown">
        <Icon value="Assets\Textures\btn-ability-terran-nuclearstrike-color.dds"/>
        <AlertIcon value="Assets\Textures\btn-ability-terran-nuclearstrike-color.dds"/>
        <EditorCategories value="Race:Terran"/>
        <HidesForSimpleText value="0"/>
    </CButton>
    <CButton id="SpectreNukeArm">
        <Icon value="Assets\Textures\btn-ability-terran-armnuke.dds"/>
        <AlertIcon value="Assets\Textures\btn-ability-terran-armnuke.dds"/>
        <EditorCategories value="Race:Terran"/>
    </CButton>
    <CButton id="PsytrousOxideOn">
        <Icon value="Assets\Textures\btn-ability-protoss-psytrousoxideon.dds"/>
        <AlertIcon value="Assets\Textures\btn-ability-protoss-psytrousoxideon.dds"/>
        <EditorCategories value="Race:Protoss"/>
        <TintRacially value="1"/>
    </CButton>
    <CButton id="PsytrousOxideOff">
        <Icon value="Assets\Textures\btn-ability-protoss-psytrousoxideoff.dds"/>
        <AlertIcon value="Assets\Textures\btn-ability-protoss-psytrousoxideoff.dds"/>
        <EditorCategories value="Race:Protoss"/>
        <TintRacially value="1"/>
    </CButton>
    <CButton id="BioPlasmidDischarge">
        <Icon value="Assets\Textures\btn-ability-zerg-explode-color.dds"/>
        <AlertIcon value="Assets\Textures\btn-ability-zerg-explode-color.dds"/>
        <EditorCategories value="Race:Zerg"/>
    </CButton>
    <CButton id="LeviathanSpawnMutalisk">
        <Icon value="Assets\Textures\btn-unit-zerg-mutalisk.dds"/>
        <AlertIcon value="Assets\Textures\btn-unit-zerg-mutalisk.dds"/>
        <EditorCategories value="Race:Zerg"/>
    </CButton>
    <CButton id="KarassPlasmaSurge">
        <EditorCategories value="Race:Protoss"/>
        <Icon value="Assets\Textures\btn-shield-protoss-plasmashields.dds"/>
        <TintRacially value="1"/>
    </CButton>
    <CButton id="WreckingCrewAssaultMode">
        <Icon value="Assets\Textures\btn-unit-terran-vikingassault.dds"/>
        <AlertIcon value="Assets\Textures\btn-unit-terran-vikingassault.dds"/>
        <EditorCategories value="Race:Terran"/>
    </CButton>
    <CButton id="WreckingCrewFighterMode">
        <Icon value="Assets\Textures\btn-unit-terran-vikingfighter.dds"/>
        <AlertIcon value="Assets\Textures\btn-unit-terran-vikingfighter.dds"/>
        <EditorCategories value="Race:Terran"/>
    </CButton>
    <CButton id="ZeratulStun">
        <Icon value="Assets\Textures\btn-ability-protoss-voidprison.dds"/>
        <EditorCategories value="Race:Protoss"/>
        <TintRacially value="1"/>
    </CButton>
    <CButton id="BioStasis">
        <Icon value="Assets\Textures\btn-ability-zerg-corruption-color.dds"/>
        <EditorCategories value="Race:Zerg"/>
        <AlertIcon value="Assets\Textures\btn-ability-zerg-corruption-color.dds"/>
    </CButton>
    <CButton id="ColonistTransportLoad">
        <Icon value="Assets\Textures\BTN-Ability-Terran-Load.dds"/>
        <EditorCategories value="Race:Terran"/>
    </CButton>
    <CButton id="ColonistTransportUnloadAll">
        <Icon value="Assets\Textures\BTN-Ability-Terran-UnloadAll.dds"/>
        <EditorCategories value="Race:Terran"/>
    </CButton>
    <CButton id="SupplyDepotDrop">
        <Icon value="Assets\Textures\btn-building-terran-supplydepot.dds"/>
        <AlertIcon value="Assets\Textures\btn-building-terran-supplydepot.dds"/>
        <EditorCategories value="Race:Terran"/>
        <Hotkey value="Button/Hotkey/SupplyDepot"/>
        <HotkeyAlias value="SupplyDepot"/>
    </CButton>
    <CButton id="TerranInfantryWeaponsUltraCapacitorsLevel1">
        <Icon value="Assets\Textures\btn-upgrade-terran-infantryweaponslevel1.dds"/>
        <AlertIcon value="Assets\Textures\btn-upgrade-terran-infantryweaponslevel1.dds"/>
        <EditorCategories value="Race:Terran"/>
        <Hotkey value="Button/Hotkey/TerranInfantryWeaponsLevel1"/>
        <HotkeyAlias value="TerranInfantryWeaponsLevel1"/>
    </CButton>
    <CButton id="TerranInfantryWeaponsUltraCapacitorsLevel2">
        <Icon value="Assets\Textures\btn-upgrade-terran-infantryweaponslevel2.dds"/>
        <AlertIcon value="Assets\Textures\btn-upgrade-terran-infantryweaponslevel2.dds"/>
        <EditorCategories value="Race:Terran"/>
        <Hotkey value="Button/Hotkey/TerranInfantryWeaponsLevel2"/>
        <HotkeyAlias value="TerranInfantryWeaponsLevel2"/>
    </CButton>
    <CButton id="TerranInfantryWeaponsUltraCapacitorsLevel3">
        <Icon value="Assets\Textures\btn-upgrade-terran-infantryweaponslevel3.dds"/>
        <AlertIcon value="Assets\Textures\btn-upgrade-terran-infantryweaponslevel3.dds"/>
        <EditorCategories value="Race:Terran"/>
        <Hotkey value="Button/Hotkey/TerranInfantryWeaponsLevel3"/>
        <HotkeyAlias value="TerranInfantryWeaponsLevel3"/>
    </CButton>
    <CButton id="TerranInfantryArmorVanadiumPlatingLevel1">
        <Icon value="Assets\Textures\btn-upgrade-terran-infantryarmorlevel1.dds"/>
        <AlertIcon value="Assets\Textures\btn-upgrade-terran-infantryarmorlevel1.dds"/>
        <EditorCategories value="Race:Terran"/>
        <Hotkey value="Button/Hotkey/TerranInfantryArmorLevel1"/>
        <HotkeyAlias value="TerranInfantryArmorLevel1"/>
    </CButton>
    <CButton id="TerranInfantryArmorVanadiumPlatingLevel2">
        <Icon value="Assets\Textures\btn-upgrade-terran-infantryarmorlevel2.dds"/>
        <AlertIcon value="Assets\Textures\btn-upgrade-terran-infantryarmorlevel2.dds"/>
        <EditorCategories value="Race:Terran"/>
        <Hotkey value="Button/Hotkey/TerranInfantryArmorLevel2"/>
        <HotkeyAlias value="TerranInfantryArmorLevel2"/>
    </CButton>
    <CButton id="TerranInfantryArmorVanadiumPlatingLevel3">
        <Icon value="Assets\Textures\btn-upgrade-terran-infantryarmorlevel3.dds"/>
        <AlertIcon value="Assets\Textures\btn-upgrade-terran-infantryarmorlevel3.dds"/>
        <EditorCategories value="Race:Terran"/>
        <Hotkey value="Button/Hotkey/TerranInfantryArmorLevel3"/>
        <HotkeyAlias value="TerranInfantryArmorLevel3"/>
    </CButton>
    <CButton id="TerranVehicleWeaponsUltraCapacitorsLevel1">
        <Icon value="Assets\Textures\btn-upgrade-terran-vehicleweaponslevel1.dds"/>
        <AlertIcon value="Assets\Textures\btn-upgrade-terran-vehicleweaponslevel1.dds"/>
        <EditorCategories value="Race:Terran"/>
        <Hotkey value="Button/Hotkey/TerranVehicleWeaponsLevel1"/>
        <HotkeyAlias value="TerranVehicleWeaponsLevel1"/>
    </CButton>
    <CButton id="TerranVehicleWeaponsUltraCapacitorsLevel2">
        <Icon value="Assets\Textures\btn-upgrade-terran-vehicleweaponslevel2.dds"/>
        <AlertIcon value="Assets\Textures\btn-upgrade-terran-vehicleweaponslevel2.dds"/>
        <EditorCategories value="Race:Terran"/>
        <Hotkey value="Button/Hotkey/TerranVehicleWeaponsLevel2"/>
        <HotkeyAlias value="TerranVehicleWeaponsLevel2"/>
    </CButton>
    <CButton id="TerranVehicleWeaponsUltraCapacitorsLevel3">
        <Icon value="Assets\Textures\btn-upgrade-terran-vehicleweaponslevel3.dds"/>
        <AlertIcon value="Assets\Textures\btn-upgrade-terran-vehicleweaponslevel3.dds"/>
        <EditorCategories value="Race:Terran"/>
        <Hotkey value="Button/Hotkey/TerranVehicleWeaponsLevel3"/>
        <HotkeyAlias value="TerranVehicleWeaponsLevel3"/>
    </CButton>
    <CButton id="TerranShipWeaponsUltraCapacitorsLevel1">
        <Icon value="Assets\Textures\btn-upgrade-terran-shipweaponslevel1.dds"/>
        <AlertIcon value="Assets\Textures\btn-upgrade-terran-shipweaponslevel1.dds"/>
        <EditorCategories value="Race:Terran"/>
        <Hotkey value="Button/Hotkey/TerranShipWeaponsLevel1"/>
        <HotkeyAlias value="TerranShipWeaponsLevel1"/>
    </CButton>
    <CButton id="TerranShipWeaponsUltraCapacitorsLevel2">
        <Icon value="Assets\Textures\btn-upgrade-terran-shipweaponslevel2.dds"/>
        <AlertIcon value="Assets\Textures\btn-upgrade-terran-shipweaponslevel2.dds"/>
        <EditorCategories value="Race:Terran"/>
        <Hotkey value="Button/Hotkey/TerranShipWeaponsLevel2"/>
        <HotkeyAlias value="TerranShipWeaponsLevel2"/>
    </CButton>
    <CButton id="TerranShipWeaponsUltraCapacitorsLevel3">
        <Icon value="Assets\Textures\btn-upgrade-terran-shipweaponslevel3.dds"/>
        <AlertIcon value="Assets\Textures\btn-upgrade-terran-shipweaponslevel3.dds"/>
        <EditorCategories value="Race:Terran"/>
        <Hotkey value="Button/Hotkey/TerranShipWeaponsLevel3"/>
        <HotkeyAlias value="TerranShipWeaponsLevel3"/>
    </CButton>
    <CButton id="TerranVehiclePlatingVanadiumPlatingLevel1">
        <Icon value="Assets\Textures\btn-upgrade-terran-vehicleplatinglevel1.dds"/>
        <AlertIcon value="Assets\Textures\btn-upgrade-terran-vehicleplatinglevel1.dds"/>
        <EditorCategories value="Race:Terran"/>
        <Hotkey value="Button/Hotkey/TerranVehiclePlatingLevel1"/>
        <HotkeyAlias value="TerranVehiclePlatingLevel1"/>
    </CButton>
    <CButton id="TerranVehiclePlatingVanadiumPlatingLevel2">
        <Icon value="Assets\Textures\btn-upgrade-terran-vehicleplatinglevel2.dds"/>
        <AlertIcon value="Assets\Textures\btn-upgrade-terran-vehicleplatinglevel2.dds"/>
        <EditorCategories value="Race:Terran"/>
        <Hotkey value="Button/Hotkey/TerranVehiclePlatingLevel2"/>
        <HotkeyAlias value="TerranVehiclePlatingLevel2"/>
    </CButton>
    <CButton id="TerranVehiclePlatingVanadiumPlatingLevel3">
        <Icon value="Assets\Textures\btn-upgrade-terran-vehicleplatinglevel3.dds"/>
        <AlertIcon value="Assets\Textures\btn-upgrade-terran-vehicleplatinglevel3.dds"/>
        <EditorCategories value="Race:Terran"/>
        <Hotkey value="Button/Hotkey/TerranVehiclePlatingLevel3"/>
        <HotkeyAlias value="TerranVehiclePlatingLevel3"/>
    </CButton>
    <CButton id="TerranShipPlatingVanadiumPlatingLevel1">
        <Icon value="Assets\Textures\btn-upgrade-terran-shipplatinglevel1.dds"/>
        <AlertIcon value="Assets\Textures\btn-upgrade-terran-shipplatinglevel1.dds"/>
        <EditorCategories value="Race:Terran"/>
        <Hotkey value="Button/Hotkey/TerranShipPlatingLevel1"/>
        <HotkeyAlias value="TerranShipPlatingLevel1"/>
    </CButton>
    <CButton id="TerranShipPlatingVanadiumPlatingLevel2">
        <Icon value="Assets\Textures\btn-upgrade-terran-shipplatinglevel2.dds"/>
        <AlertIcon value="Assets\Textures\btn-upgrade-terran-shipplatinglevel2.dds"/>
        <EditorCategories value="Race:Terran"/>
        <Hotkey value="Button/Hotkey/TerranShipPlatingLevel2"/>
        <HotkeyAlias value="TerranShipPlatingLevel2"/>
    </CButton>
    <CButton id="TerranShipPlatingVanadiumPlatingLevel3">
        <Icon value="Assets\Textures\btn-upgrade-terran-shipplatinglevel3.dds"/>
        <AlertIcon value="Assets\Textures\btn-upgrade-terran-shipplatinglevel3.dds"/>
        <EditorCategories value="Race:Terran"/>
        <Hotkey value="Button/Hotkey/TerranShipPlatingLevel3"/>
        <HotkeyAlias value="TerranShipPlatingLevel3"/>
    </CButton>
    <CButton id="NanoRepair">
        <Icon value="Assets\Textures\btn-ability-terran-heal-color.dds"/>
        <AlertIcon value="Assets\Textures\btn-ability-terran-heal-color.dds"/>
        <EditorCategories value="Race:Terran"/>
    </CButton>
    <CButton id="BuildFortifiedBunker">
        <Icon value="Assets\Textures\btn-techupgrade-terran-neosteelframe.dds"/>
        <AlertIcon value="Assets\Textures\btn-building-terran-bunker.dds"/>
        <EditorCategories value="Race:Terran"/>
        <Hotkey value="Button/Hotkey/Bunker"/>
        <HotkeyAlias value="Bunker"/>
    </CButton>
    <CButton id="FortifiedBunker">
        <Icon value="Assets\Textures\btn-techupgrade-terran-neosteelframe.dds"/>
        <AlertIcon value="Assets\Textures\btn-building-terran-bunker.dds"/>
        <EditorCategories value="Race:Terran"/>
        <TintRacially value="1"/>
    </CButton>
    <CButton id="SpectreShadowClones">
        <Icon value="Assets\Textures\btn-ability-zerg-disguise.dds"/>
        <EditorCategories value="Race:Terran"/>
        <TintRacially value="1"/>
    </CButton>
    <CButton id="PermanentlyCloakedGhost">
        <Icon value="Assets\Textures\BTN-Ability-Terran-Cloak-color.dds"/>
        <EditorCategories value="Race:Terran"/>
    </CButton>
    <CButton id="PermanentlyCloakedSpectre">
        <Icon value="Assets\Textures\BTN-Ability-Terran-Cloak-color.dds"/>
        <EditorCategories value="Race:Terran"/>
    </CButton>
    <CButton id="SpiderMineReplenish">
        <Icon value="Assets\Textures\btn-techupgrade-terran-replenishablemagazine.dds"/>
        <AlertIcon value="Assets\Textures\btn-unit-terran-spidermine.dds"/>
        <EditorCategories value="Race:Terran"/>
    </CButton>
    <CButton id="MissilePods">
        <Icon value="Assets\Textures\btn-ability-terran-hurricane.dds"/>
        <TintRacially value="1"/>
    </CButton>
    <CButton id="DefensiveMatrix">
        <Icon value="Assets\Textures\btn-ability-terran-defensivematrix.dds"/>
        <AlertIcon value="Assets\Textures\btn-ability-terran-defensivematrix.dds"/>
        <TintRacially value="1"/>
    </CButton>
    <CButton id="Pickup">
        <Icon value="Assets\Textures\btn-ability-terran-salvage.dds"/>
        <AlertIcon value="Assets\Textures\btn-ability-terran-salvage.dds"/>
        <EditorCategories value="Race:Terran"/>
        <TintRacially value="1"/>
    </CButton>
    <CButton id="PickupGas100">
        <Icon value="Assets\Textures\btn-ability-terran-salvage.dds"/>
        <AlertIcon value="Assets\Textures\btn-ability-terran-salvage.dds"/>
        <EditorCategories value="Race:Terran"/>
        <TintRacially value="1"/>
    </CButton>
    <CButton id="PickupMinerals100">
        <Icon value="Assets\Textures\btn-ability-terran-salvage.dds"/>
        <AlertIcon value="Assets\Textures\btn-ability-terran-salvage.dds"/>
        <EditorCategories value="Race:Terran"/>
        <TintRacially value="1"/>
    </CButton>
    <CButton id="DefensiveMatrixSpecialization">
        <Icon value="Assets\Textures\BTN-Ability-Terran-DefensiveMatrix.dds"/>
        <AlertIcon value="Assets\Textures\BTN-Ability-Terran-DefensiveMatrix.dds"/>
        <EditorCategories value="Race:Terran"/>
        <TintRacially value="1"/>
    </CButton>
    <CButton id="TaurenSpaceMarineRegen">
        <Icon value="Assets\Textures\btn-missing-kaeo.dds"/>
        <EditorCategories value="Race:Terran"/>
    </CButton>
    <CButton id="TestLearn">
        <Icon value="Assets\Textures\btn-ability-terran-heal-color.dds"/>
    </CButton>
    <CButton id="SpiderMine">
        <Icon value="Assets\Textures\btn-ability-terran-spidermine.dds"/>
        <AlertIcon value="Assets\Textures\btn-ability-terran-spidermine.dds"/>
        <EditorCategories value="Race:Terran"/>
    </CButton>
    <CButton id="HealRedirect" parent="Heal"/>
    <CButton id="DefensiveMatrixField">
        <Icon value="Assets\Textures\BTN-Ability-Terran-DefensiveMatrix.dds"/>
        <AlertIcon value="Assets\Textures\BTN-Ability-Terran-DefensiveMatrix.dds"/>
        <EditorCategories value="Race:Terran"/>
        <TintRacially value="1"/>
    </CButton>
    <CButton id="DeepTunnel">
        <Icon value="Assets\Textures\BTN-Ability-Zerg-Burrow.dds"/>
        <AlertIcon value="Assets\Textures\BTN-Ability-Zerg-Burrow.dds"/>
        <TintRacially value="1"/>
    </CButton>
    <CButton id="Targeting">
        <Icon value="Assets\Textures\btn-command-attack.dds"/>
        <AlertIcon value="Assets\Textures\btn-command-attack.dds"/>
        <EditorCategories value="Race:Terran"/>
        <TintRacially value="1"/>
    </CButton>
    <CButton id="SpacePlatformDoorOpen">
        <Icon value="Assets\Textures\btn-ability-terran-liftoff.dds"/>
        <AlertIcon value="Assets\Textures\btn-ability-terran-liftoff.dds"/>
        <EditorCategories value="Race:Terran"/>
    </CButton>
    <CButton id="SpacePlatformDoorClose">
        <Icon value="Assets\Textures\btn-ability-terran-land.dds"/>
        <AlertIcon value="Assets\Textures\btn-ability-terran-land.dds"/>
        <EditorCategories value="Race:Terran"/>
    </CButton>
    <CButton id="Designate">
        <Icon value="Assets\Textures\btn-ability-terran-land.dds"/>
        <EditorCategories value="Race:Terran"/>
    </CButton>
    <CButton id="4SlotBag">
        <Icon value="Assets\Textures\btn-ability-protoss-hardenedshields-color.dds"/>
        <EditorCategories value="Race:Neutral"/>
        <AlertIcon value="Assets\Textures\btn-ability-protoss-hardenedshields-color.dds"/>
    </CButton>
    <CButton id="6SlotBag">
        <Icon value="Assets\Textures\btn-ability-protoss-hardenedshields-color.dds"/>
        <EditorCategories value="Race:Neutral"/>
        <AlertIcon value="Assets\Textures\btn-ability-protoss-hardenedshields-color.dds"/>
    </CButton>
    <CButton id="8SlotBag">
        <Icon value="Assets\Textures\btn-ability-protoss-hardenedshields-color.dds"/>
        <EditorCategories value="Race:Neutral"/>
        <AlertIcon value="Assets\Textures\btn-ability-protoss-hardenedshields-color.dds"/>
    </CButton>
    <CButton id="10SlotBag">
        <Icon value="Assets\Textures\btn-ability-protoss-hardenedshields-color.dds"/>
        <EditorCategories value="Race:Neutral"/>
        <AlertIcon value="Assets\Textures\btn-ability-protoss-hardenedshields-color.dds"/>
    </CButton>
    <CButton id="12SlotBag">
        <Icon value="Assets\Textures\btn-ability-protoss-hardenedshields-color.dds"/>
        <EditorCategories value="Race:Neutral"/>
        <AlertIcon value="Assets\Textures\btn-ability-protoss-hardenedshields-color.dds"/>
    </CButton>
    <CButton id="14SlotBag">
        <Icon value="Assets\Textures\btn-ability-protoss-hardenedshields-color.dds"/>
        <EditorCategories value="Race:Neutral"/>
        <AlertIcon value="Assets\Textures\btn-ability-protoss-hardenedshields-color.dds"/>
    </CButton>
    <CButton id="16SlotBag">
        <Icon value="Assets\Textures\btn-ability-protoss-hardenedshields-color.dds"/>
        <EditorCategories value="Race:Neutral"/>
        <AlertIcon value="Assets\Textures\btn-ability-protoss-hardenedshields-color.dds"/>
    </CButton>
    <CButton id="18SlotBag">
        <Icon value="Assets\Textures\btn-ability-protoss-hardenedshields-color.dds"/>
        <EditorCategories value="Race:Neutral"/>
        <AlertIcon value="Assets\Textures\btn-ability-protoss-hardenedshields-color.dds"/>
    </CButton>
    <CButton id="20SlotBag">
        <Icon value="Assets\Textures\btn-ability-protoss-hardenedshields-color.dds"/>
        <EditorCategories value="Race:Neutral"/>
        <AlertIcon value="Assets\Textures\btn-ability-protoss-hardenedshields-color.dds"/>
    </CButton>
    <CButton id="22SlotBag">
        <Icon value="Assets\Textures\btn-ability-protoss-hardenedshields-color.dds"/>
        <EditorCategories value="Race:Neutral"/>
        <AlertIcon value="Assets\Textures\btn-ability-protoss-hardenedshields-color.dds"/>
    </CButton>
    <CButton id="24SlotBag">
        <Icon value="Assets\Textures\btn-ability-protoss-hardenedshields-color.dds"/>
        <EditorCategories value="Race:Neutral"/>
        <AlertIcon value="Assets\Textures\btn-ability-protoss-hardenedshields-color.dds"/>
    </CButton>
    <CButton id="StopBunker">
        <Icon value="Assets\Textures\btn-command-stop.dds"/>
        <AlertIcon value="Assets\Textures\btn-command-stop.dds"/>
        <EditorCategories value="Race:Neutral"/>
        <TintRacially value="1"/>
    </CButton>
    <CButton id="HerculesLoad">
        <Icon value="Assets\Textures\btn-ability-terran-load.dds"/>
        <AlertIcon value="Assets\Textures\btn-ability-terran-load.dds"/>
        <EditorCategories value="Race:Terran"/>
        <TintRacially value="1"/>
    </CButton>
    <CButton id="HerculesUnloadAll">
        <Icon value="Assets\Textures\btn-ability-terran-unloadall.dds"/>
        <AlertIcon value="Assets\Textures\btn-ability-terran-unloadall.dds"/>
        <EditorCategories value="Race:Terran"/>
        <TintRacially value="1"/>
    </CButton>
    <CButton id="ChangeShrineTerran">
        <Icon value="Assets\Textures\btn-ability-protoss-blink-color.dds"/>
        <EditorCategories value="Race:Protoss"/>
    </CButton>
    <CButton id="ChangeShrineProtoss">
        <Icon value="Assets\Textures\btn-ability-protoss-blink-color.dds"/>
        <EditorCategories value="Race:Protoss"/>
    </CButton>
    <CButton id="WraithCloakOn">
        <Icon value="Assets\Textures\btn-ability-terran-cloak-color.dds"/>
        <AlertIcon value="Assets\Textures\btn-ability-terran-cloak-color.dds"/>
        <EditorCategories value="Race:Terran"/>
    </CButton>
    <CButton id="WraithCloakOff">
        <Icon value="Assets\Textures\BTN-Ability-Terran-Decloak-color.dds"/>
        <AlertIcon value="Assets\Textures\BTN-Ability-Terran-Decloak-color.dds"/>
        <EditorCategories value="Race:Terran"/>
    </CButton>
    <CButton id="HeroInventory">
        <Icon value="Assets\Textures\BTN-Ability-Terran-Decloak-color.dds"/>
        <AlertIcon value="Assets\Textures\BTN-Ability-Terran-Decloak-color.dds"/>
        <EditorCategories value="Race:Terran"/>
    </CButton>
    <CButton id="EquipmentExtra">
        <Icon value="Assets\Textures\btn-ability-terran-punishergrenade-color.dds"/>
        <EditorCategories value="Race:Terran"/>
    </CButton>
    <CButton id="EquipmentNormal">
        <Icon value="Assets\Textures\btn-ability-terran-snipe-color.dds"/>
        <EditorCategories value="Race:Terran"/>
        <TintRacially value="1"/>
    </CButton>
    <CButton id="ItemGravityBombs">
        <Icon value="Assets\Textures\btn-ability-protoss-gravitonbeam-color.dds"/>
        <AlertIcon value="Assets\Textures\btn-ability-protoss-gravitonbeam-color.dds"/>
        <EditorCategories value="Race:Terran"/>
    </CButton>
    <CButton id="ItemGrenades">
        <Icon value="Assets\Textures\btn-ability-terran-raynortossgrenade.dds"/>
        <AlertIcon value="Assets\Textures\btn-ability-terran-raynortossgrenade.dds"/>
        <EditorCategories value="Race:Terran"/>
        <TintRacially value="1"/>
    </CButton>
    <CButton id="ItemMedkit">
        <Icon value="Assets\Textures\btn-ability-terran-heal-color.dds"/>
        <AlertIcon value="Assets\Textures\btn-ability-terran-heal-color.dds"/>
        <EditorCategories value="Race:Terran"/>
    </CButton>
    <CButton id="ItemMines">
        <Icon value="Assets\Textures\btn-unit-terran-spidermine.dds"/>
        <AlertIcon value="Assets\Textures\btn-unit-terran-spidermine.dds"/>
        <EditorCategories value="Race:Terran"/>
        <TintRacially value="1"/>
    </CButton>
    <CButton id="HeroNukeCalldown">
        <Icon value="Assets\Textures\btn-ability-terran-nuclearstrike-color.dds"/>
        <AlertIcon value="Assets\Textures\btn-ability-terran-nuclearstrike-color.dds"/>
        <EditorCategories value="Race:Terran"/>
    </CButton>
    <CButton id="MicroFiltering">
        <Icon value="Assets\Textures\btn-ability-terran-microfiltering.dds"/>
        <AlertIcon value="Assets\Textures\btn-ability-terran-microfiltering.dds"/>
        <EditorCategories value="Race:Terran"/>
        <TintRacially value="1"/>
    </CButton>
    <CButton id="GateOpen">
        <Icon value="Assets\Textures\btn-command-move.dds"/>
        <AlertIcon value="Assets\Textures\btn-command-move.dds"/>
        <EditorCategories value="Race:Neutral"/>
        <TintRacially value="1"/>
    </CButton>
    <CButton id="GateClose">
        <Icon value="Assets\Textures\btn-command-move.dds"/>
        <AlertIcon value="Assets\Textures\btn-command-move.dds"/>
        <EditorCategories value="Race:Neutral"/>
        <TintRacially value="1"/>
    </CButton>
    <CButton id="CrashMorph">
        <Icon value="Assets\Textures\btn-command-move.dds"/>
        <AlertIcon value="Assets\Textures\btn-command-move.dds"/>
        <EditorCategories value="Race:Neutral"/>
        <TintRacially value="1"/>
    </CButton>
    <CButton id="GrabZergling">
        <Icon value="Assets\Textures\btn-unit-zerg-zergling.dds"/>
        <EditorCategories value="Race:Terran"/>
    </CButton>
    <CButton id="ThrowZergling">
        <Icon value="Assets\Textures\btn-unit-zerg-zergling.dds"/>
        <EditorCategories value="Race:Terran"/>
    </CButton>
    <CButton id="TestHeroDebugMissileAbility">
        <Icon value="Assets\Textures\btn-ability-terran-punishergrenade-color.dds"/>
        <EditorCategories value="Race:Terran"/>
    </CButton>
    <CButton id="TestHeroDebugTrackingAbility">
        <Icon value="Assets\Textures\btn-techupgrade-terran-infernalpreigniter.dds"/>
        <EditorCategories value="Race:Terran"/>
    </CButton>
</Catalog>
