<?xml version="1.0" encoding="us-ascii"?>
<Catalog>
    <CMoverMissile id="SS_FighterDroneMissile" parent="MissileDefault">
        <MotionPhases index="0">
            <Driver value="Guidance"/>
            <Acceleration value="3200"/>
            <MaxSpeed value="15"/>
            <ClearanceAcceleration value="75"/>
            <Outro value="0"/>
            <Timeout value="5"/>
            <YawPitchRoll value="MAX"/>
        </MotionPhases>
        <MotionPhases index="1" removed="1"/>
    </CMoverMissile>
    <CMoverMissile id="UltrasonicPulseWeapon" parent="MissileDefault">
        <MotionPhases index="0">
            <Driver value="Guidance"/>
            <Acceleration value="3200"/>
            <MaxSpeed value="30"/>
            <ClearanceAcceleration value="75"/>
            <Outro value="-1"/>
            <YawPitchRoll value="719.2968"/>
        </MotionPhases>
    </CMoverMissile>
    <CMoverMissile id="LokiYamatoWeapon" parent="MissileDefault">
        <MotionPhases index="0">
            <Driver value="Guidance"/>
            <Acceleration value="3200"/>
            <MaxSpeed value="20"/>
            <ClearanceAcceleration value="75"/>
            <Outro value="-1"/>
            <YawPitchRoll value="719.2968"/>
        </MotionPhases>
    </CMoverMissile>
    <CMoverMissile id="GoliathMissile">
        <PathMode value="Flying"/>
        <MotionPhases>
            <Driver value="Throw"/>
            <Speed value="2"/>
            <MaxSpeed value="2"/>
            <Outro value="0.2,0.55"/>
            <Timeout value="10"/>
            <ThrowRotationType value="LookAtTarget"/>
            <ThrowVector value="0,-1,1"/>
            <YawPitchRoll value="506.25"/>
        </MotionPhases>
        <MotionPhases>
            <Driver value="Guidance"/>
            <Acceleration value="56"/>
            <Speed value="2"/>
            <MaxSpeed value="28"/>
            <Outro value="0.56,1.5"/>
            <Timeout value="10"/>
            <YawPitchRoll value="MAX"/>
        </MotionPhases>
        <MotionPhases>
            <Driver value="Guidance"/>
            <MaxSpeed value="3200"/>
            <Timeout value="10"/>
            <YawPitchRoll value="5568.75"/>
        </MotionPhases>
    </CMoverMissile>
    <CMoverMissile id="SS_TerraTronMissileSpinnerMissile" parent="MissileDefault">
        <MotionPhases index="0">
            <Driver value="Throw"/>
            <Acceleration value="3200"/>
            <MaxSpeed value="4"/>
            <ClearanceAcceleration value="75"/>
            <ArrivalTestType value="Never"/>
            <Outro value="-1"/>
            <Timeout value="15"/>
            <ThrowVector value="0,-1,0"/>
            <YawPitchRoll value="MAX"/>
        </MotionPhases>
        <MotionPhases index="1" removed="1"/>
    </CMoverMissile>
    <CMoverMissile id="WreckingCrewFighterMissile">
        <PathMode value="Flying"/>
        <MotionPhases>
            <Driver value="Throw"/>
            <Speed value="2"/>
            <MaxSpeed value="2"/>
            <Outro value="0.5,0.6"/>
            <Timeout value="10"/>
            <ThrowVector value="0,-1,0"/>
            <YawPitchRoll value="506.25"/>
        </MotionPhases>
        <MotionPhases>
            <Driver value="Throw"/>
            <Speed value="2"/>
            <MaxSpeed value="2"/>
            <Gravity value="30"/>
            <Outro value="0.625,0.75"/>
            <Timeout value="10"/>
            <ThrowVector value="0,-1,0"/>
            <YawPitchRoll value="506.25"/>
        </MotionPhases>
        <MotionPhases>
            <Driver value="Guidance"/>
            <Acceleration value="56"/>
            <Speed value="2"/>
            <MaxSpeed value="28"/>
            <Outro value="2,2.5"/>
            <Timeout value="10"/>
            <YawPitchRoll value="MAX"/>
        </MotionPhases>
        <MotionPhases>
            <Driver value="Guidance"/>
            <MaxSpeed value="28"/>
            <Timeout value="10"/>
            <YawPitchRoll value="5568.75"/>
        </MotionPhases>
    </CMoverMissile>
    <CMoverMissile id="D8ChargeWeapon" parent="MissileDefault">
        <MotionPhases index="0">
            <Driver value="Guidance"/>
            <Acceleration value="3200"/>
            <Speed value="12"/>
            <MaxSpeed value="12"/>
            <ClearanceAcceleration value="75"/>
            <Outro value="-1"/>
            <YawPitchRoll value="719.2968"/>
        </MotionPhases>
    </CMoverMissile>
    <CMoverMissile id="D8ChargeWeaponCloseRange" parent="MissileDefault">
        <MotionPhases index="0">
            <Driver value="Guidance"/>
            <Acceleration value="3200"/>
            <Speed value="6"/>
            <MaxSpeed value="6"/>
            <ClearanceAcceleration value="75"/>
            <Outro value="-1"/>
            <YawPitchRoll value="719.2968"/>
        </MotionPhases>
    </CMoverMissile>
    <CMoverMissile id="D8ClusterBombWeapon" parent="MissileDefault">
        <MotionPhases index="0">
            <Driver value="Guidance"/>
            <Acceleration value="3200"/>
            <Speed value="12"/>
            <MaxSpeed value="12"/>
            <ClearanceAcceleration value="75"/>
            <Outro value="-1"/>
            <YawPitchRoll value="719.2968"/>
        </MotionPhases>
    </CMoverMissile>
    <CMoverMissile id="DevourerTissueWeapon">
        <MotionPhases>
            <Driver value="AdaptableParabola"/>
            <MinSpeed value="7"/>
            <MaxSpeed value="7"/>
            <ActorTracking value="Actual"/>
            <AdaptableParabolaIsUpright value="1"/>
            <AdaptableParabolaClearance value="2,0.1"/>
            <AdaptableParabolaDistances index="Launch" value="1"/>
            <AdaptableParabolaDistances index="PreApex" value="0.3"/>
            <AdaptableParabolaDistances index="PostApex" value="0.3"/>
            <AdaptableParabolaDistances index="Land" value="1"/>
            <AdaptableParabolaAccels index="Launch" value="0"/>
            <AdaptableParabolaAccels index="Ascent" value="0"/>
            <AdaptableParabolaAccels index="Apex" value="0"/>
            <AdaptableParabolaAccels index="Descent" value="0"/>
            <AdaptableParabolaAccels index="Land" value="0"/>
        </MotionPhases>
    </CMoverMissile>
    <CMoverMissile id="MutaliskEggMissile">
        <MotionPhases>
            <Driver value="Guidance"/>
            <Acceleration value="-8"/>
            <Speed value="10"/>
            <MinSpeed value="1"/>
            <MaxSpeed value="10"/>
            <Outro value="-0.25"/>
            <YawPitchRoll value="719.2968"/>
        </MotionPhases>
        <MotionPhases YawPitchRoll="MAX"/>
    </CMoverMissile>
    <CMoverMissile id="SS_CorruptorMissile">
        <MotionPhases>
            <Driver value="Guidance"/>
            <Acceleration value="3200"/>
            <MaxSpeed value="4"/>
            <ArrivalTestType value="Never"/>
            <Timeout value="15"/>
            <YawPitchRoll value="MAX"/>
        </MotionPhases>
    </CMoverMissile>
    <CMoverMissile id="SS_BattlecruiserMissile">
        <MotionPhases>
            <Driver value="Throw"/>
            <Acceleration value="3200"/>
            <MaxSpeed value="6"/>
            <ArrivalTestType value="Never"/>
            <Timeout value="15"/>
            <ThrowVector value="0,-1,0"/>
            <YawPitchRoll value="MAX"/>
        </MotionPhases>
        <MotionOverlays>
            <Type value="Revolver"/>
            <Polarity value="Alternating"/>
            <PolarityDriver value="SS_BattlecruiserAttackLaunchMissile"/>
            <Axis value="1,0,0"/>
            <RevolverSpeed value="3.8671"/>
            <RevolverMaxSpeed value="3.8671"/>
            <RevolverAccel value="11.25"/>
        </MotionOverlays>
    </CMoverMissile>
    <CMoverMissile id="SS_BattlecruiserHunterSeekerMissile">
        <MotionPhases>
            <Driver value="Guidance"/>
            <Acceleration value="3200"/>
            <MaxSpeed value="1.25"/>
            <Clearance value="0.25"/>
            <ClearanceLookahead value="3"/>
            <YawPitchRoll value="MAX"/>
        </MotionPhases>
    </CMoverMissile>
    <CMoverMissile id="SS_LeviathanSpawnBombMissile">
        <MotionPhases>
            <Driver value="Guidance"/>
            <Acceleration value="3200"/>
            <MaxSpeed value="10"/>
            <YawPitchRoll value="MAX"/>
        </MotionPhases>
    </CMoverMissile>
    <CMoverMissile id="SS_LeviathanTentacleMissileExtend">
        <MotionPhases>
            <Driver value="Guidance"/>
            <Acceleration value="8"/>
            <Speed value="8"/>
            <MaxSpeed value="20"/>
            <IgnoresTerrain value="1"/>
            <TurnType value="RevertToUp"/>
            <RotationLaunchActorType value="Supplied"/>
            <YawPitchRoll value="MAX"/>
        </MotionPhases>
    </CMoverMissile>
    <CMoverMissile id="SS_LeviathanTentacleMissileRetract">
        <MotionPhases>
            <Driver value="Throw"/>
            <Speed value="10"/>
            <MaxSpeed value="10"/>
            <IgnoresTerrain value="1"/>
            <TurnType value="RevertToUp"/>
            <Outro value="1,3.8,0.1,0.1"/>
            <ThrowVector value="0,-1,0"/>
            <ThrowBandYaw value="0,-14.9963"/>
            <ThrowBandPitch value="0,-1.9995"/>
        </MotionPhases>
        <MotionPhases>
            <Driver value="Guidance"/>
            <Acceleration value="20"/>
            <MaxSpeed value="25"/>
            <IgnoresTerrain value="1"/>
            <ActorTracking value="Actual"/>
            <YawPitchRoll value="119.8828"/>
            <YawPitchRollAccel value="180"/>
        </MotionPhases>
    </CMoverMissile>
    <CMoverMissile id="SS_TerraTronMissile" parent="MissileDefault">
        <MotionPhases index="0">
            <Driver value="Throw"/>
            <Acceleration value="3200"/>
            <MaxSpeed value="4"/>
            <ClearanceAcceleration value="75"/>
            <ArrivalTestType value="Never"/>
            <Outro value="-1"/>
            <Timeout value="15"/>
            <ThrowVector value="0,-1,0"/>
            <YawPitchRoll value="MAX"/>
        </MotionPhases>
        <MotionPhases index="1" removed="1"/>
    </CMoverMissile>
    <CMoverMissile id="SS_PhoenixMissileDiagonalRight" parent="MissileDefault">
        <MotionPhases index="0">
            <Driver value="Throw"/>
            <Acceleration value="3200"/>
            <MaxSpeed value="6"/>
            <ClearanceAcceleration value="75"/>
            <ActorTracking value="Linear"/>
            <ArrivalTestType value="Never"/>
            <Outro value="-1"/>
            <Timeout value="10"/>
            <ThrowVector value="-0.577,-1,0"/>
            <YawPitchRoll value="MAX"/>
        </MotionPhases>
        <MotionPhases index="1" removed="1"/>
    </CMoverMissile>
    <CMoverMissile id="SS_PhoenixMissileStraightRight">
        <MotionPhases>
            <Driver value="Throw"/>
            <Acceleration value="3200"/>
            <MaxSpeed value="6"/>
            <ActorTracking value="Linear"/>
            <ArrivalTestType value="Never"/>
            <Outro value="2,3"/>
            <Timeout value="10"/>
            <ThrowVector value="-0.1,-1,0"/>
            <YawPitchRoll value="MAX"/>
        </MotionPhases>
        <MotionPhases>
            <Driver value="Throw"/>
            <MaxSpeed value="6"/>
            <ActorTracking value="Linear"/>
            <ArrivalTestType value="Never"/>
            <Outro value="5,6"/>
            <Timeout value="10"/>
            <ThrowVector value="0.1,-1,0"/>
            <YawPitchRoll value="MAX"/>
        </MotionPhases>
        <MotionPhases>
            <Driver value="Throw"/>
            <MaxSpeed value="6"/>
            <ActorTracking value="Linear"/>
            <ArrivalTestType value="Never"/>
            <Timeout value="10"/>
            <ThrowVector value="0,-1,0"/>
            <YawPitchRoll value="MAX"/>
        </MotionPhases>
    </CMoverMissile>
    <CMoverMissile id="SS_PhoenixMissileStraightLeft">
        <MotionPhases>
            <Driver value="Throw"/>
            <Acceleration value="3200"/>
            <MaxSpeed value="6"/>
            <ActorTracking value="Linear"/>
            <ArrivalTestType value="Never"/>
            <Outro value="2,3"/>
            <Timeout value="10"/>
            <ThrowVector value="0.1,-1,0"/>
            <YawPitchRoll value="MAX"/>
        </MotionPhases>
        <MotionPhases>
            <Driver value="Throw"/>
            <MaxSpeed value="6"/>
            <ActorTracking value="Linear"/>
            <ArrivalTestType value="Never"/>
            <Outro value="5,6"/>
            <Timeout value="10"/>
            <ThrowVector value="-0.1,-1,0"/>
            <YawPitchRoll value="MAX"/>
        </MotionPhases>
        <MotionPhases>
            <Driver value="Throw"/>
            <MaxSpeed value="6"/>
            <ActorTracking value="Linear"/>
            <ArrivalTestType value="Never"/>
            <Timeout value="10"/>
            <ThrowVector value="0,-1,0"/>
            <YawPitchRoll value="MAX"/>
        </MotionPhases>
    </CMoverMissile>
    <CMoverMissile id="SS_GenericMissile">
        <MotionPhases>
            <Driver value="Guidance"/>
            <Acceleration value="3200"/>
            <MaxSpeed value="6"/>
            <ArrivalTestType value="Never"/>
            <Timeout value="15"/>
            <YawPitchRoll value="MAX"/>
        </MotionPhases>
    </CMoverMissile>
    <CMoverMissile id="SS_ScourgeMissile">
        <MotionPhases>
            <Driver value="Guidance"/>
            <Acceleration value="3200"/>
            <MaxSpeed value="3"/>
            <ArrivalTestType value="Never"/>
            <Timeout value="15"/>
            <YawPitchRoll value="MAX"/>
        </MotionPhases>
    </CMoverMissile>
    <CMoverMissile id="SS_CarrierBossMissile">
        <MotionPhases>
            <Driver value="Guidance"/>
            <Acceleration value="3200"/>
            <MaxSpeed value="10"/>
            <ActorTracking value="Actual"/>
            <ArrivalTestType value="Never"/>
            <Outro value="0.5"/>
            <YawPitchRoll value="MAX"/>
        </MotionPhases>
        <MotionPhases>
            <Driver value="Throw"/>
            <Acceleration value="3200"/>
            <MaxSpeed value="10"/>
            <ActorTracking value="Actual"/>
            <ArrivalTestType value="Never"/>
            <Timeout value="10"/>
            <ThrowRotationType value="ThrowForward"/>
            <ThrowVector value="0,-1,-0.05"/>
        </MotionPhases>
    </CMoverMissile>
    <CMoverMissile id="SS_InterceptorSpawnMissile">
        <MotionPhases>
            <Driver value="Guidance"/>
            <Acceleration value="3200"/>
            <MaxSpeed value="10"/>
            <YawPitchRoll value="MAX"/>
        </MotionPhases>
    </CMoverMissile>
    <CMoverMissile id="SS_LeviathanBombMissile">
        <MotionPhases>
            <Driver value="Guidance"/>
            <Acceleration value="3200"/>
            <MaxSpeed value="3"/>
            <ArrivalTestType value="Never"/>
            <Timeout value="15"/>
            <YawPitchRoll value="MAX"/>
        </MotionPhases>
    </CMoverMissile>
    <CMoverMissile id="ScourgeMissileLeftForward">
        <MotionPhases>
            <Driver value="Throw"/>
            <Acceleration value="9"/>
            <Speed value="6"/>
            <MaxSpeed value="22"/>
            <Outro value="1,2.5"/>
            <ThrowRotationType value="ThrowForward"/>
            <ThrowVector value="1,0,0"/>
            <ThrowBandPitch value="9.9975,-19.995"/>
            <YawPitchRoll value="719.2968"/>
        </MotionPhases>
        <MotionPhases>
            <Driver value="Throw"/>
            <Acceleration value="9"/>
            <MaxSpeed value="22"/>
            <Outro value="3,3.5"/>
            <ThrowVector value="-3,-0.75,-1.5"/>
        </MotionPhases>
        <MotionPhases>
            <Driver value="Guidance"/>
            <MaxSpeed value="22"/>
            <YawPitchRoll value="540"/>
            <PowerslideAngle value="5.9985"/>
            <PowerslideDecel value="9"/>
        </MotionPhases>
    </CMoverMissile>
    <CMoverMissile id="ScourgeMissileRightForward">
        <MotionPhases>
            <Driver value="Throw"/>
            <Acceleration value="9"/>
            <Speed value="6"/>
            <MaxSpeed value="22"/>
            <Outro value="1,2.5"/>
            <ThrowRotationType value="ThrowForward"/>
            <ThrowVector value="-1,0,0"/>
            <ThrowBandPitch value="9.9975,-19.995"/>
            <YawPitchRoll value="719.2968"/>
        </MotionPhases>
        <MotionPhases>
            <Driver value="Throw"/>
            <Acceleration value="9"/>
            <MaxSpeed value="22"/>
            <Outro value="3,3.5"/>
            <ThrowVector value="3,-0.75,-1.5"/>
        </MotionPhases>
        <MotionPhases>
            <Driver value="Guidance"/>
            <MaxSpeed value="22"/>
            <YawPitchRoll value="540"/>
            <PowerslideAngle value="5.9985"/>
            <PowerslideDecel value="9"/>
        </MotionPhases>
    </CMoverMissile>
    <CMoverMissile id="ScourgeMissileLeftRear">
        <MotionPhases>
            <Driver value="Throw"/>
            <Acceleration value="9"/>
            <Speed value="6"/>
            <MaxSpeed value="22"/>
            <Outro value="0.5,2.5"/>
            <ThrowRotationType value="ThrowForward"/>
            <ThrowVector value="1,0,0"/>
            <ThrowBandPitch value="29.9926,-9.9975"/>
            <YawPitchRoll value="719.2968"/>
        </MotionPhases>
        <MotionPhases>
            <Driver value="Throw"/>
            <Acceleration value="9"/>
            <MaxSpeed value="22"/>
            <Outro value="3,4.5"/>
            <ThrowVector value="-1,-1,2"/>
        </MotionPhases>
        <MotionPhases>
            <Driver value="Guidance"/>
            <MaxSpeed value="22"/>
            <YawPitchRoll value="540"/>
            <PowerslideAngle value="5.9985"/>
            <PowerslideDecel value="9"/>
        </MotionPhases>
    </CMoverMissile>
    <CMoverMissile id="ScourgeMissileRightRear">
        <MotionPhases>
            <Driver value="Throw"/>
            <Acceleration value="9"/>
            <Speed value="6"/>
            <MaxSpeed value="22"/>
            <Outro value="0.5,2.5"/>
            <ThrowRotationType value="ThrowForward"/>
            <ThrowVector value="-1,0,0"/>
            <ThrowBandPitch value="29.9926,-9.9975"/>
            <YawPitchRoll value="719.2968"/>
        </MotionPhases>
        <MotionPhases>
            <Driver value="Throw"/>
            <Acceleration value="9"/>
            <MaxSpeed value="22"/>
            <Outro value="3,4.5"/>
            <ThrowVector value="1,-1,2"/>
        </MotionPhases>
        <MotionPhases>
            <Driver value="Guidance"/>
            <MaxSpeed value="22"/>
            <YawPitchRoll value="540"/>
            <PowerslideAngle value="5.9985"/>
            <PowerslideDecel value="9"/>
        </MotionPhases>
    </CMoverMissile>
    <CMoverMissile id="SporeCannon">
        <MotionPhases>
            <Driver value="Throw"/>
            <Acceleration value="3200"/>
            <Speed value="10"/>
            <MaxSpeed value="10"/>
            <ThrowRotationType value="ThrowForward"/>
            <ThrowVector value="0,-0.5,1"/>
        </MotionPhases>
    </CMoverMissile>
    <CMoverMissile id="ColonyInfestationWeapon">
        <MotionPhases>
            <Driver value="Ballistic"/>
            <Speed value="12"/>
            <SpeedRange value="4"/>
            <Gravity value="50"/>
            <OutroAltitude value="-0.5"/>
        </MotionPhases>
        <MotionPhases>
            <Driver value="Guidance"/>
            <Acceleration value="12"/>
            <MaxSpeed value="36"/>
            <YawPitchRoll value="720"/>
            <YawPitchRollAccel value="720"/>
        </MotionPhases>
    </CMoverMissile>
    <CMoverMissile id="DevastatorMissile">
        <MotionPhases>
            <Driver value="Guidance"/>
            <Acceleration value="1.25"/>
            <Speed value="0.5"/>
            <MaxSpeed value="20"/>
            <Outro value="1"/>
            <YawPitchRoll value="719.2968"/>
        </MotionPhases>
        <MotionPhases>
            <Driver value="Guidance"/>
            <Acceleration value="4"/>
            <MaxSpeed value="24"/>
            <Outro value="2.25"/>
            <YawPitchRoll value="719.2968"/>
        </MotionPhases>
        <MotionPhases>
            <Driver value="Guidance"/>
            <Acceleration value="8"/>
            <MaxSpeed value="24"/>
            <Outro value="-0.5"/>
            <YawPitchRoll value="719.2968"/>
        </MotionPhases>
        <MotionPhases YawPitchRoll="MAX"/>
    </CMoverMissile>
    <CMoverMissile id="DrunkenMissile">
        <MotionPhases>
            <Driver value="Guidance"/>
            <Acceleration value="18"/>
            <MaxSpeed value="16"/>
            <Outro value="-1"/>
            <YawPitchRoll value="719.2968"/>
            <Overlays Scale="1,0.5"/>
        </MotionPhases>
        <MotionPhases YawPitchRoll="MAX"/>
        <MotionOverlays>
            <Type value="Revolver"/>
            <Polarity value="Random"/>
            <Axis value="0,-1,0"/>
            <Wavelength value="0,0.8"/>
            <WavelengthChangeProbability value="0.8"/>
            <RevolverSpeed value="179.2968"/>
            <RevolverSpeedRange value="179.2968"/>
            <RevolverMaxSpeed value="719.2968"/>
            <RevolverMaxSpeedRange value="0"/>
            <RevolverAccel value="337.5"/>
            <RevolverAccelRange value="337.5"/>
        </MotionOverlays>
        <MotionOverlays>
            <Type value="Wave"/>
            <Wavelength value="0"/>
            <WavelengthChangeProbability value="0"/>
            <RevolverSpeed value="0"/>
            <RevolverSpeedRange value="0"/>
            <RevolverMaxSpeed value="0"/>
            <RevolverMaxSpeedRange value="0"/>
            <RevolverAccel value="0"/>
            <RevolverAccelRange value="0"/>
        </MotionOverlays>
    </CMoverMissile>
    <CMoverMissile id="SwannWeapon">
        <MotionPhases>
            <Driver value="Guidance"/>
            <Acceleration value="3200"/>
            <MaxSpeed value="20"/>
            <YawPitchRoll value="MAX"/>
        </MotionPhases>
    </CMoverMissile>
    <CMoverMissile id="RaynorPlasmaGunWeapon" parent="MissileDefault">
        <MotionPhases index="0">
            <Driver value="Guidance"/>
            <Acceleration value="3200"/>
            <MaxSpeed value="18"/>
            <ClearanceAcceleration value="75"/>
            <Outro value="-1"/>
            <YawPitchRoll value="719.2968"/>
        </MotionPhases>
    </CMoverMissile>
    <!--    -->
    <!--    <CMoverMissile id="SunkenColonyTentacleRetract">-->
    <!--        <MotionPhases>-->
    <!--            <Driver value="Throw"/>-->
    <!--            <Speed value="8"/>-->
    <!--            <MaxSpeed value="8"/>-->
    <!--            <Outro value="2.7,5,.1,.1"/>-->
    <!--            <ThrowVector value="0,-1,4"/>-->
    <!--            <ThrowBandYaw value="15,-15"/>-->
    <!--            <ThrowBandPitch value="5,-2"/>-->
    <!--        </MotionPhases>-->
    <!--        <MotionPhases>-->
    <!--            <Driver value="Guidance"/>-->
    <!--            <MaxSpeed value="8"/>-->
    <!--            <ActorTracking value="Actual"/>-->
    <!--            <YawPitchRoll value="360"/>-->
    <!--            <Outro value="5.5,6.2"/>-->
    <!--        </MotionPhases>-->
    <!--        <MotionPhases>-->
    <!--            <Driver value="Throw"/>-->
    <!--            <Outro value="7,7.7"/>-->
    <!--            <ThrowVector value="0,1,1"/>-->
    <!--        </MotionPhases>-->
    <!--        <MotionPhases>-->
    <!--            <Driver value="Guidance"/>-->
    <!--            <Acceleration value="15"/>-->
    <!--            <MaxSpeed value="30"/>-->
    <!--            <ActorTracking value="Actual"/>-->
    <!--            <YawPitchRoll value="360"/>-->
    <!--            <YawPitchRollAccel value="1440"/>-->
    <!--        </MotionPhases>-->
    <CMoverMissile id="RaynorRailGunSnipe">
        <MotionPhases>
            <Driver value="Throw"/>
            <Acceleration value="3200"/>
            <Speed value="16"/>
            <MaxSpeed value="16"/>
            <ThrowRotationType value="ThrowForward"/>
            <ThrowVector value="0,-1,0"/>
        </MotionPhases>
    </CMoverMissile>
    <CMoverMissile id="VileStream">
        <MotionPhases Driver="Ballistic" Gravity="12" FlightTime="0.875"/>
    </CMoverMissile>
    <CMoverMissile id="WraithGroundLaser">
        <MotionPhases>
            <Driver value="Guidance"/>
            <Acceleration value="3200"/>
            <MaxSpeed value="36"/>
            <Outro value="-1"/>
            <YawPitchRoll value="719.2968"/>
        </MotionPhases>
        <MotionPhases YawPitchRoll="MAX"/>
    </CMoverMissile>
    <CMoverMissile id="PhaseMineBlast">
        <MotionPhases Driver="Guidance" Acceleration="3200" MaxSpeed="7"/>
    </CMoverMissile>
    <CMoverMissile id="PhaseMineBlastSecondary">
        <MotionPhases>
            <Driver value="Throw"/>
            <Acceleration value="3200"/>
            <MaxSpeed value="7"/>
            <ArrivalTestType value="2D"/>
            <BlendType value="Linear"/>
            <Outro value="1.25,4.5"/>
            <ThrowVector value="0,-1,0"/>
            <ThrowBandYaw value="39.9902,-39.9902,14.9963,-14.9963"/>
            <ThrowBandPitch value="24.994,4.9987"/>
            <YawPitchRoll value="MAX"/>
        </MotionPhases>
        <MotionPhases>
            <Driver value="Guidance"/>
            <Acceleration value="3200"/>
            <MaxSpeed value="10"/>
            <TurnType value="Optimal"/>
            <ArrivalTestType value="2D"/>
            <BlendType value="Linear"/>
            <RotationActorType value="LookAtTarget"/>
            <YawPitchRoll value="MAX"/>
        </MotionPhases>
    </CMoverMissile>
    <CMoverMissile id="TossGrenade">
        <MotionPhases Driver="Ballistic" Gravity="12" FlightTime="0.5"/>
    </CMoverMissile>
    <CMoverMissile id="TossBottle">
        <MotionPhases Driver="Ballistic" Gravity="12" FlightTime="0.875"/>
    </CMoverMissile>
    <CMoverMissile id="ScoutAirWeaponLeft">
        <MotionPhases>
            <Driver value="Throw"/>
            <Acceleration value="10"/>
            <Speed value="5"/>
            <MaxSpeed value="15"/>
            <Outro value="0.4,0.85"/>
            <ThrowRotationType value="ThrowForward"/>
            <ThrowVector value="-0.4,-1,0"/>
        </MotionPhases>
        <MotionPhases Outro="1,1.5" ThrowVector="-0.4,-1,0"/>
        <MotionPhases>
            <Driver value="Guidance"/>
            <Acceleration value="60"/>
            <MaxSpeed value="40"/>
            <YawPitchRoll value="MAX"/>
        </MotionPhases>
    </CMoverMissile>
    <CMoverMissile id="ScoutAirWeaponRight">
        <MotionPhases>
            <Driver value="Throw"/>
            <Acceleration value="10"/>
            <Speed value="5"/>
            <MaxSpeed value="15"/>
            <Outro value="0.4,0.85"/>
            <ThrowRotationType value="ThrowForward"/>
            <ThrowVector value="0.4,-1,0"/>
        </MotionPhases>
        <MotionPhases Outro="1,1.5" ThrowVector="0.4,-1,0"/>
        <MotionPhases>
            <Driver value="Guidance"/>
            <Acceleration value="60"/>
            <MaxSpeed value="40"/>
            <YawPitchRoll value="MAX"/>
        </MotionPhases>
    </CMoverMissile>
    <CMoverMissile id="WarbotBMissile">
        <MotionPhases>
            <Driver value="Ballistic"/>
            <Speed value="10"/>
            <SpeedRange value="4"/>
            <Gravity value="50"/>
            <OutroAltitude value="-0.5"/>
        </MotionPhases>
        <MotionPhases>
            <Driver value="Guidance"/>
            <Acceleration value="20"/>
            <Speed value="8"/>
            <MaxSpeed value="50"/>
            <Outro value="2.5"/>
            <YawPitchRoll value="719.2968"/>
            <Overlays Scale="0"/>
        </MotionPhases>
        <MotionPhases Outro="-1">
            <Overlays Scale="0.2,0.2"/>
        </MotionPhases>
        <MotionPhases YawPitchRoll="MAX">
            <Overlays Scale="0"/>
        </MotionPhases>
        <MotionOverlays>
            <Type value="Revolver"/>
            <RevolverSpeed value="179.2968"/>
            <RevolverSpeedRange value="179.2968"/>
            <RevolverMaxSpeed value="719.2968"/>
            <RevolverMaxSpeedRange value="0"/>
            <RevolverAccel value="337.5"/>
            <RevolverAccelRange value="337.5"/>
        </MotionOverlays>
    </CMoverMissile>
    <CMoverMissile id="ScoutGroundWeaponLeft">
        <MotionPhases>
            <Driver value="Throw"/>
            <Acceleration value="10"/>
            <Speed value="5"/>
            <MaxSpeed value="15"/>
            <Outro value="0.3,0.75"/>
            <ThrowRotationType value="ThrowForward"/>
            <ThrowVector value="-0.4,-1,0"/>
        </MotionPhases>
        <MotionPhases Outro="0.95,1.5" ThrowVector="-0.4,-1,0"/>
        <MotionPhases Driver="Guidance" Outro="1.51,1.75" YawPitchRoll="MAX"/>
        <MotionPhases Acceleration="60" MaxSpeed="40"/>
    </CMoverMissile>
    <CMoverMissile id="ScoutGroundWeaponRight">
        <MotionPhases>
            <Driver value="Throw"/>
            <Acceleration value="10"/>
            <Speed value="5"/>
            <MaxSpeed value="15"/>
            <Outro value="0.3,0.75"/>
            <ThrowRotationType value="ThrowForward"/>
            <ThrowVector value="0.4,-1,0"/>
        </MotionPhases>
        <MotionPhases Outro="0.95,1.5" ThrowVector="0.4,-1,0"/>
        <MotionPhases Driver="Guidance" Outro="1.51,1.75" YawPitchRoll="MAX"/>
        <MotionPhases Acceleration="60" MaxSpeed="40"/>
    </CMoverMissile>
    <CMoverMissile id="HyperionLMWeapon">
        <MotionPhases>
            <Driver value="Guidance"/>
            <Acceleration value="12"/>
            <Speed value="1"/>
            <MaxSpeed value="18.75"/>
            <YawPitchRoll value="MAX"/>
        </MotionPhases>
    </CMoverMissile>
    <CMoverMissile id="HyperionALMWeapon">
        <MotionPhases>
            <Driver value="Guidance"/>
            <Acceleration value="12"/>
            <Speed value="1"/>
            <MaxSpeed value="18.75"/>
            <YawPitchRoll value="MAX"/>
        </MotionPhases>
    </CMoverMissile>
    <CMoverMissile id="SS_FighterMissile" parent="MissileDefault">
        <MotionPhases index="0">
            <Driver value="Guidance"/>
            <Acceleration value="3200"/>
            <MaxSpeed value="15"/>
            <ClearanceAcceleration value="75"/>
            <ArrivalTestType value="Never"/>
            <Outro value="-1"/>
            <Timeout value="3"/>
            <YawPitchRoll value="719.2968"/>
        </MotionPhases>
        <MotionPhases index="1" ArrivalTestType="Never" Timeout="3" YawPitchRoll="MAX"/>
    </CMoverMissile>
    <CMoverMissile id="SS_PhoenixMissileDiagonalLeft" parent="MissileDefault">
        <MotionPhases index="0">
            <Driver value="Throw"/>
            <Acceleration value="3200"/>
            <MaxSpeed value="6"/>
            <ClearanceAcceleration value="75"/>
            <ActorTracking value="Linear"/>
            <ArrivalTestType value="Never"/>
            <Outro value="-1"/>
            <Timeout value="10"/>
            <ThrowVector value="0.577,-1,0"/>
            <YawPitchRoll value="MAX"/>
        </MotionPhases>
        <MotionPhases index="1" removed="1"/>
    </CMoverMissile>
    <CMoverMissile id="HybridCPlasmaWeapon" parent="MissileDefault">
        <MotionPhases index="0">
            <Driver value="Guidance"/>
            <Acceleration value="3200"/>
            <MaxSpeed value="20"/>
            <ClearanceAcceleration value="75"/>
            <ActorTracking value="Linear"/>
            <Outro value="-1"/>
            <YawPitchRoll value="719.2968"/>
        </MotionPhases>
    </CMoverMissile>
    <CMoverMissile id="HybridFPlasmaWeapon" parent="MissileDefault">
        <MotionPhases index="0">
            <Driver value="Guidance"/>
            <Acceleration value="3200"/>
            <MaxSpeed value="20"/>
            <ClearanceAcceleration value="75"/>
            <ActorTracking value="Linear"/>
            <Outro value="-1"/>
            <YawPitchRoll value="719.2968"/>
        </MotionPhases>
    </CMoverMissile>
    <CMoverMissile id="ConsumeDNAFeedback">
        <MotionPhases>
            <Driver value="Throw"/>
            <Acceleration value="3200"/>
            <MaxSpeed value="7"/>
            <ArrivalTestType value="2D"/>
            <BlendType value="Linear"/>
            <Outro value="4,4.5"/>
            <ThrowVector value="0,-1,0"/>
            <ThrowBandYaw value="180,-180,14.9963,-14.9963"/>
            <ThrowBandPitch value="90,4.9987"/>
        </MotionPhases>
        <MotionPhases>
            <Driver value="Guidance"/>
            <Acceleration value="3200"/>
            <MaxSpeed value="10"/>
            <TurnType value="Optimal"/>
            <ArrivalTestType value="2D"/>
            <BlendType value="Linear"/>
            <RotationActorType value="LookAtTarget"/>
            <YawPitchRoll value="MAX"/>
        </MotionPhases>
    </CMoverMissile>
    <CMoverMissile id="HybridSingularityFeedback">
        <MotionPhases>
            <Driver value="Throw"/>
            <Acceleration value="3200"/>
            <MaxSpeed value="7"/>
            <ArrivalTestType value="2D"/>
            <BlendType value="Linear"/>
            <Outro value="4,4.5"/>
            <ThrowVector value="0,-1,0"/>
            <ThrowBandYaw value="180,-180,14.9963,-14.9963"/>
            <ThrowBandPitch value="90,4.9987"/>
        </MotionPhases>
        <MotionPhases>
            <Driver value="Guidance"/>
            <Acceleration value="3200"/>
            <MaxSpeed value="10"/>
            <TurnType value="Optimal"/>
            <ArrivalTestType value="2D"/>
            <BlendType value="Linear"/>
            <RotationActorType value="LookAtTarget"/>
            <YawPitchRoll value="MAX"/>
        </MotionPhases>
    </CMoverMissile>
    <CMoverMissile id="ExperimentalPlasmaGun" parent="MissileDefault">
        <MotionPhases index="0">
            <Driver value="Guidance"/>
            <Acceleration value="3200"/>
            <MaxSpeed value="20"/>
            <ClearanceAcceleration value="75"/>
            <ActorTracking value="Linear"/>
            <Outro value="-1"/>
            <YawPitchRoll value="719.2968"/>
        </MotionPhases>
    </CMoverMissile>
    <CMoverMissile id="BioPlasmidDischarge" parent="MissileDefault">
        <MotionPhases index="0">
            <Driver value="Guidance"/>
            <Acceleration value="3200"/>
            <MaxSpeed value="20"/>
            <ClearanceAcceleration value="75"/>
            <Outro value="-1"/>
            <YawPitchRoll value="719.2968"/>
        </MotionPhases>
    </CMoverMissile>
    <CMoverMissile id="VoidSeekerWeapon" parent="MissileDefault">
        <MotionPhases index="0">
            <Driver value="Guidance"/>
            <Acceleration value="3200"/>
            <MaxSpeed value="20"/>
            <ClearanceAcceleration value="75"/>
            <Outro value="-1"/>
            <YawPitchRoll value="719.2968"/>
        </MotionPhases>
    </CMoverMissile>
    <CMoverMissile id="DRBattlecruiserALMWeapon" parent="MissileDefault">
        <MotionPhases index="0">
            <Driver value="Guidance"/>
            <Acceleration value="150"/>
            <MaxSpeed value="18.75"/>
            <ClearanceAcceleration value="75"/>
            <Outro value="-1"/>
            <YawPitchRoll value="719.2968"/>
        </MotionPhases>
    </CMoverMissile>
    <CMoverMissile id="DRBattlecruiserGLMWeapon" parent="MissileDefault">
        <MotionPhases index="0">
            <Driver value="Guidance"/>
            <Acceleration value="150"/>
            <MaxSpeed value="18.75"/>
            <ClearanceAcceleration value="75"/>
            <Outro value="-1"/>
            <YawPitchRoll value="719.2968"/>
        </MotionPhases>
    </CMoverMissile>
    <CMoverMissile id="BattlecruiserLokiLMWeapon" parent="MissileDefault">
        <MotionPhases index="0">
            <Driver value="Guidance"/>
            <Acceleration value="150"/>
            <MaxSpeed value="18.75"/>
            <ClearanceAcceleration value="75"/>
            <Outro value="-1"/>
            <YawPitchRoll value="719.2968"/>
        </MotionPhases>
    </CMoverMissile>
    <CMoverMissile id="LokiHurricaneMissile">
        <MotionPhases>
            <Driver value="Throw"/>
            <Acceleration value="10"/>
            <Speed value="1"/>
            <MaxSpeed value="8"/>
            <Outro value="2.5,3.5"/>
            <ThrowRotationType value="ThrowForward"/>
            <ThrowVector value="0,-1,0"/>
            <ThrowBandYaw value="74.9926,-74.9926,64.995,-64.995"/>
            <ThrowBandPitch value="45,-45,4.9987,-4.9987"/>
        </MotionPhases>
        <MotionPhases>
            <Driver value="Guidance"/>
            <Acceleration value="3"/>
            <AccelerationRange value="7"/>
            <MaxSpeed value="16"/>
            <ActorTracking value="Actual"/>
            <Outro value="-2.5,-1.5"/>
            <YawPitchRoll value="359.2968"/>
            <Overlays Scale="1,1"/>
        </MotionPhases>
        <MotionPhases YawPitchRoll="MAX">
            <Overlays Scale="0.15,0.15"/>
        </MotionPhases>
        <MotionOverlays>
            <Type value="Revolver"/>
            <RevolverSpeed value="119.5312"/>
            <RevolverSpeedRange value="119.5312"/>
            <RevolverMaxSpeed value="719.2968"/>
            <RevolverMaxSpeedRange value="719.2968"/>
            <RevolverAccel value="45"/>
            <RevolverAccelRange value="337.5"/>
        </MotionOverlays>
    </CMoverMissile>
    <CMoverMissile id="ZergInfestedVentEgg">
        <MotionPhases>
            <Driver value="Ballistic"/>
            <Speed value="1"/>
            <Gravity value="16"/>
            <FlightTime value="1.5"/>
        </MotionPhases>
    </CMoverMissile>
    <CMoverMissile id="HurricaneMissile">
        <MotionPhases>
            <Driver value="Throw"/>
            <Acceleration value="10"/>
            <Speed value="1"/>
            <MaxSpeed value="8"/>
            <Outro value="2.5,3.5"/>
            <ThrowRotationType value="ThrowForward"/>
            <ThrowVector value="0,-1,0"/>
            <ThrowBandYaw value="74.9926,-74.9926,64.995,-64.995"/>
            <ThrowBandPitch value="45,-45,4.9987,-4.9987"/>
        </MotionPhases>
        <MotionPhases>
            <Driver value="Guidance"/>
            <Acceleration value="3"/>
            <AccelerationRange value="7"/>
            <MaxSpeed value="16"/>
            <ActorTracking value="Actual"/>
            <Outro value="-2.5,-1.5"/>
            <YawPitchRoll value="359.2968"/>
            <Overlays Scale="1,1"/>
        </MotionPhases>
        <MotionPhases YawPitchRoll="MAX">
            <Overlays Scale="0.15,0.15"/>
        </MotionPhases>
        <MotionOverlays>
            <Type value="Revolver"/>
            <RevolverSpeed value="119.5312"/>
            <RevolverSpeedRange value="119.5312"/>
            <RevolverMaxSpeed value="719.2968"/>
            <RevolverMaxSpeedRange value="719.2968"/>
            <RevolverAccel value="45"/>
            <RevolverAccelRange value="337.5"/>
        </MotionOverlays>
    </CMoverMissile>
    <CMoverMissile id="UrunWeaponLeft" parent="IonCannonsWeapon">
        <MotionPhases index="0">
            <Driver value="Throw"/>
            <Speed value="6"/>
            <MaxSpeed value="6"/>
            <Outro value="0.4,0.85"/>
            <ThrowRotationType value="ThrowForward"/>
            <ThrowVector value="1.75,-1.25,-0.7"/>
        </MotionPhases>
        <MotionPhases index="1" Outro="1,1.5" ThrowVector="-0.75,-1.25,0.2"/>
    </CMoverMissile>
    <CMoverMissile id="UrunWeaponRight" parent="IonCannonsWeapon">
        <MotionPhases index="0">
            <Driver value="Throw"/>
            <Speed value="6"/>
            <MaxSpeed value="6"/>
            <Outro value="0.4,0.85"/>
            <ThrowRotationType value="ThrowForward"/>
            <ThrowVector value="-1.75,-1.25,-0.7"/>
        </MotionPhases>
        <MotionPhases index="1" Outro="1,1.5" ThrowVector="0.75,-1.25,0.2"/>
    </CMoverMissile>
    <CMoverFlock id="FlyLow">
        <PathMode value="Flying"/>
    </CMoverFlock>
    <CMoverMissile id="TestHeroThrowMissile">
        <PathMode value="Flying"/>
        <MotionPhases>
            <Driver value="Ballistic"/>
            <Acceleration value="3200"/>
            <Gravity value="30"/>
            <RotationActorType value="Upright"/>
            <YawPitchRoll value="MAX"/>
            <FlightTime value="0.5"/>
        </MotionPhases>
        <RotationIgnoredByUnit value="1"/>
    </CMoverMissile>
    <CMoverMissile id="TestHeroDebugMissileAbility1">
        <MotionPhases>
            <Driver value="Throw"/>
            <Speed value="20"/>
            <MaxSpeed value="20"/>
            <ArrivalTestType value="Never"/>
            <Outro value="0.5"/>
            <Timeout value="0.5"/>
            <ThrowVector value="0,-1,0"/>
            <FlightTime value="0.5"/>
        </MotionPhases>
        <MotionPhases>
            <Driver value="Guidance"/>
            <Acceleration value="100"/>
            <Speed value="8"/>
            <MaxSpeed value="8"/>
            <ClearanceLookahead value="3"/>
            <ClearanceIgnoresTargetProximity value="1"/>
            <Outro value="3"/>
            <Timeout value="1"/>
            <YawPitchRoll value="360"/>
            <FlightTime value="1"/>
        </MotionPhases>
        <MotionPhases>
            <Driver value="Guidance"/>
            <Acceleration value="100"/>
            <MaxSpeed value="16"/>
            <TurnType value="RevertToUp"/>
            <ArrivalTestType value="2D"/>
            <YawPitchRoll value="MAX"/>
        </MotionPhases>
    </CMoverMissile>
    <CMoverMissile id="TestHeroDebugMissileAbility2">
        <MotionPhases>
            <Driver value="Throw"/>
            <Speed value="20"/>
            <MaxSpeed value="20"/>
            <ClearanceLookahead value="3"/>
            <ClearanceIgnoresTargetProximity value="1"/>
            <ArrivalTestType value="Never"/>
            <Outro value="0.5"/>
            <Timeout value="0.5"/>
            <ThrowRotationType value="ThrowForward"/>
            <ThrowVector value="0,-1,0"/>
        </MotionPhases>
        <!--TurnType value="RevertToUp"/-->
        <!--ActorTracking value="Actual"/-->
        <!--ActorTracking value="Linear"/-->
        <MotionPhases>
            <Driver value="Guidance"/>
            <Acceleration value="100"/>
            <MaxSpeed value="8"/>
            <ClearanceLookahead value="3"/>
            <ClearanceIgnoresTargetProximity value="1"/>
            <ArrivalTestType value="Never"/>
            <Outro value="0.75"/>
            <Timeout value="0.25"/>
            <YawPitchRoll value="99.8437"/>
            <FlightTime value="0.25"/>
        </MotionPhases>
        <MotionPhases>
            <Driver value="Guidance"/>
            <Acceleration value="10"/>
            <MaxSpeed value="8"/>
            <ArrivalTestType value="2D"/>
            <Outro value="-1,-0.75"/>
            <Timeout value="0.5"/>
            <YawPitchRoll value="199.6875"/>
        </MotionPhases>
        <MotionPhases>
            <Driver value="Guidance"/>
            <Acceleration value="10"/>
            <MaxSpeed value="20"/>
            <ArrivalTestType value="2D"/>
            <YawPitchRoll value="MAX"/>
        </MotionPhases>
    </CMoverMissile>
</Catalog>
