<?xml version="1.0" encoding="us-ascii"?>
<Catalog>
    <CRequirementAllowUnit id="AllowUnitGhost">
        <Link value="Ghost"/>
    </CRequirementAllowUnit>
    <CRequirementAllowUnit id="AllowUnitSpectre">
        <Link value="Spectre"/>
    </CRequirementAllowUnit>
    <CRequirementAnd id="AndAllowUnitMarineNotCountUpgradeStimpackQueuedOrBetterNotCountUpgradeMarineStimpackQueuedOrBetter">
        <OperandArray value="AllowUnitMarine"/>
        <OperandArray value="NotCountUpgradeStimpackQueuedOrBetter"/>
        <OperandArray value="NotCountUpgradeMarineStimpackQueuedOrBetter"/>
    </CRequirementAnd>
    <CRequirementAnd id="AndCountUnitAlias_TechLabCompleteOnlyAtUnit2589852481TechTreeCheatCountUnitArmoryCompleteOnlyTechTreeCheat">
        <OperandArray value="CountUnitAlias_TechLabCompleteOnlyAtUnit2589852481TechTreeCheat"/>
        <OperandArray value="CountUnitArmoryCompleteOnlyTechTreeCheat"/>
    </CRequirementAnd>
    <CRequirementAnd id="AndCountUnitAlias_TechLabCompleteOnlyAtUnit2589852481TechTreeCheatCountUnitGhostAcademyCompleteOnlyTechTreeCheat">
        <OperandArray value="CountUnitAlias_TechLabCompleteOnlyAtUnit2589852481TechTreeCheat"/>
        <OperandArray value="CountUnitGhostAcademyCompleteOnlyTechTreeCheat"/>
    </CRequirementAnd>
    <CRequirementAnd id="AndCountUnitFleetBeaconCompleteOnlyTechTreeCheatEq1228785331CountUnitMothershipQueuedOrBetter0Eq1941230143CountUnitArtanisQueuedOrBetter0">
        <OperandArray value="CountUnitFleetBeaconCompleteOnlyTechTreeCheat"/>
        <OperandArray value="Eq1228785331CountUnitMothershipQueuedOrBetter0"/>
        <OperandArray value="Eq1941230143CountUnitArtanisQueuedOrBetter0"/>
    </CRequirementAnd>
    <CRequirementAnd id="AndCountUpgradeDevastatorMissilesCompleteOnlyEqCountBehaviorSwapToDevastatorMissilesCompleteOnlyAtUnit0">
        <OperandArray value="CountUpgradeDevastatorMissilesCompleteOnly"/>
        <OperandArray value="EqCountBehaviorSwapToDevastatorMissilesCompleteOnlyAtUnit0"/>
    </CRequirementAnd>
    <CRequirementAnd id="AndCountUpgradeHailstormMissilePodsCompleteOnlyEqCountBehaviorSwapToHailstormMissilesCompleteOnlyAtUnit0">
        <OperandArray value="CountUpgradeHailstormMissilePodsCompleteOnly"/>
        <OperandArray value="EqCountBehaviorSwapToHailstormMissilesCompleteOnlyAtUnit0"/>
    </CRequirementAnd>
    <CRequirementAnd id="AndCountUpgradeHireDevilDogsPHCompleteOnlyNotCountBehaviorUnderConstructionCompleteOnlyAtUnit">
        <OperandArray value="CountUpgradeHireDevilDogsPHCompleteOnly"/>
        <OperandArray value="NotCountBehaviorUnderConstructionCompleteOnlyAtUnit"/>
    </CRequirementAnd>
    <CRequirementAnd id="AndCountUpgradeHireDukesRevengeCompleteOnlyNotCountBehaviorUnderConstructionCompleteOnlyAtUnit">
        <OperandArray value="CountUpgradeHireDukesRevengeCompleteOnly"/>
        <OperandArray value="NotCountBehaviorUnderConstructionCompleteOnlyAtUnit"/>
    </CRequirementAnd>
    <CRequirementAnd id="AndCountUpgradeHireDuskWingPHCompleteOnlyNotCountBehaviorUnderConstructionCompleteOnlyAtUnit">
        <OperandArray value="CountUpgradeHireDuskWingPHCompleteOnly"/>
        <OperandArray value="NotCountBehaviorUnderConstructionCompleteOnlyAtUnit"/>
    </CRequirementAnd>
    <CRequirementAnd id="AndCountUpgradeHireHammerSecuritiesPHCompleteOnlyNotCountBehaviorUnderConstructionCompleteOnlyAtUnit">
        <OperandArray value="CountUpgradeHireHammerSecuritiesPHCompleteOnly"/>
        <OperandArray value="NotCountBehaviorUnderConstructionCompleteOnlyAtUnit"/>
    </CRequirementAnd>
    <CRequirementAnd id="AndCountUpgradeHireHelsAngelsPHCompleteOnlyNotCountBehaviorUnderConstructionCompleteOnlyAtUnit">
        <OperandArray value="CountUpgradeHireHelsAngelsPHCompleteOnly"/>
        <OperandArray value="NotCountBehaviorUnderConstructionCompleteOnlyAtUnit"/>
    </CRequirementAnd>
    <CRequirementAnd id="AndCountUpgradeHireKelmorianMinersPHCompleteOnlyNotCountBehaviorUnderConstructionCompleteOnlyAtUnit">
        <OperandArray value="CountUpgradeHireKelmorianMinersPHCompleteOnly"/>
        <OperandArray value="NotCountBehaviorUnderConstructionCompleteOnlyAtUnit"/>
    </CRequirementAnd>
    <CRequirementAnd id="AndCountUpgradeHireSiegeBreakersPHCompleteOnlyNotCountBehaviorUnderConstructionCompleteOnlyAtUnit">
        <OperandArray value="CountUpgradeHireSiegeBreakersPHCompleteOnly"/>
        <OperandArray value="NotCountBehaviorUnderConstructionCompleteOnlyAtUnit"/>
    </CRequirementAnd>
    <CRequirementAnd id="AndCountUpgradeHireSpartanCompanyPHCompleteOnlyNotCountBehaviorUnderConstructionCompleteOnlyAtUnit">
        <OperandArray value="CountUpgradeHireSpartanCompanyPHCompleteOnly"/>
        <OperandArray value="NotCountBehaviorUnderConstructionCompleteOnlyAtUnit"/>
    </CRequirementAnd>
    <CRequirementAnd id="AndEq1429793488CountUpgradeTerranInfantryWeaponsLevel1CompleteOnly1">
        <OperandArray value="Eq1429793488CountUpgradeTerranInfantryWeaponsLevel1CompleteOnly1"/>
    </CRequirementAnd>
    <CRequirementAnd id="AndEq1491800815CountUpgradeProtossAirWeaponsLevel1CompleteOnly1">
        <OperandArray value="Eq1491800815CountUpgradeProtossAirWeaponsLevel1CompleteOnly1"/>
    </CRequirementAnd>
    <CRequirementAnd id="AndEq1740904084CountUpgradeProtossGroundWeaponsLevel1CompleteOnly1">
        <OperandArray value="Eq1740904084CountUpgradeProtossGroundWeaponsLevel1CompleteOnly1"/>
    </CRequirementAnd>
    <CRequirementAnd id="AndEq2459994998CountUpgradeTerranInfantryArmorsLevel1CompleteOnly1">
        <OperandArray value="Eq2459994998CountUpgradeTerranInfantryArmorsLevel1CompleteOnly1"/>
    </CRequirementAnd>
    <CRequirementAnd id="AndEq2731442398CountUpgradeProtossAirArmorsLevel2CompleteOnly1">
        <OperandArray value="Eq2731442398CountUpgradeProtossAirArmorsLevel2CompleteOnly1"/>
    </CRequirementAnd>
    <CRequirementAnd id="AndEq3342497887CountUpgradeTerranInfantryWeaponsLevel2CompleteOnly1">
        <OperandArray value="Eq3342497887CountUpgradeTerranInfantryWeaponsLevel2CompleteOnly1"/>
    </CRequirementAnd>
    <CRequirementAnd id="AndEq3354561256CountUpgradeProtossShieldsLevel1CompleteOnly1">
        <OperandArray value="Eq3354561256CountUpgradeProtossShieldsLevel1CompleteOnly1"/>
    </CRequirementAnd>
    <CRequirementAnd id="AndEq3569156689CountUpgradeProtossGroundArmorsLevel1CompleteOnly1">
        <OperandArray value="Eq3569156689CountUpgradeProtossGroundArmorsLevel1CompleteOnly1"/>
    </CRequirementAnd>
    <CRequirementAnd id="AndEq3751249461CountUpgradeProtossShieldsLevel2CompleteOnly1">
        <OperandArray value="Eq3751249461CountUpgradeProtossShieldsLevel2CompleteOnly1"/>
    </CRequirementAnd>
    <CRequirementAnd id="AndEq419273267CountUpgradeProtossGroundArmorsLevel2CompleteOnly1">
        <OperandArray value="Eq419273267CountUpgradeProtossGroundArmorsLevel2CompleteOnly1"/>
    </CRequirementAnd>
    <CRequirementAnd id="AndEq4283478838CountUpgradeProtossAirArmorsLevel1CompleteOnly1">
        <OperandArray value="Eq4283478838CountUpgradeProtossAirArmorsLevel1CompleteOnly1"/>
    </CRequirementAnd>
    <CRequirementAnd id="AndEq524089035CountUpgradeProtossAirWeaponsLevel2CompleteOnly1">
        <OperandArray value="Eq524089035CountUpgradeProtossAirWeaponsLevel2CompleteOnly1"/>
    </CRequirementAnd>
    <CRequirementAnd id="AndEq629999927CountUpgradeProtossGroundWeaponsLevel2CompleteOnly1">
        <OperandArray value="Eq629999927CountUpgradeProtossGroundWeaponsLevel2CompleteOnly1"/>
    </CRequirementAnd>
    <CRequirementAnd id="AndEq732362011CountUpgradeTerranInfantryArmorsLevel2CompleteOnly1">
        <OperandArray value="Eq732362011CountUpgradeTerranInfantryArmorsLevel2CompleteOnly1"/>
    </CRequirementAnd>
    <CRequirementAnd id="AndEqCountUpgradeTerranInfantryArmorsLevel1QueuedOrBetter0NotCountUpgradeVanadiumPlatingCompleteOnly">
        <OperandArray value="EqCountUpgradeTerranInfantryArmorsLevel1QueuedOrBetter0"/>
        <OperandArray value="NotCountUpgradeVanadiumPlatingCompleteOnly"/>
    </CRequirementAnd>
    <CRequirementAnd id="AndEqCountUpgradeTerranInfantryArmorsLevel2QueuedOrBetter0NotCountUpgradeVanadiumPlatingCompleteOnly">
        <OperandArray value="EqCountUpgradeTerranInfantryArmorsLevel2QueuedOrBetter0"/>
        <OperandArray value="NotCountUpgradeVanadiumPlatingCompleteOnly"/>
    </CRequirementAnd>
    <CRequirementAnd id="AndEqCountUpgradeTerranInfantryArmorsLevel3QueuedOrBetter0NotCountUpgradeVanadiumPlatingCompleteOnly">
        <OperandArray value="EqCountUpgradeTerranInfantryArmorsLevel3QueuedOrBetter0"/>
        <OperandArray value="NotCountUpgradeVanadiumPlatingCompleteOnly"/>
    </CRequirementAnd>
    <CRequirementAnd id="AndEqCountUpgradeTerranInfantryWeaponsLevel1QueuedOrBetter0NotCountUpgradeUltraCapacitorsCompleteOnly">
        <OperandArray value="EqCountUpgradeTerranInfantryWeaponsLevel1QueuedOrBetter0"/>
        <OperandArray value="NotCountUpgradeUltraCapacitorsCompleteOnly"/>
    </CRequirementAnd>
    <CRequirementAnd id="AndEqCountUpgradeTerranInfantryWeaponsLevel2QueuedOrBetter0NotCountUpgradeUltraCapacitorsCompleteOnly">
        <OperandArray value="EqCountUpgradeTerranInfantryWeaponsLevel2QueuedOrBetter0"/>
        <OperandArray value="NotCountUpgradeUltraCapacitorsCompleteOnly"/>
    </CRequirementAnd>
    <CRequirementAnd id="AndEqCountUpgradeTerranInfantryWeaponsLevel3QueuedOrBetter0NotCountUpgradeUltraCapacitorsCompleteOnly">
        <OperandArray value="EqCountUpgradeTerranInfantryWeaponsLevel3QueuedOrBetter0"/>
        <OperandArray value="NotCountUpgradeUltraCapacitorsCompleteOnly"/>
    </CRequirementAnd>
    <CRequirementAnd id="AndEqCountUpgradeTerranShipArmorsLevel1QueuedOrBetter0NotCountUpgradeVanadiumPlatingCompleteOnly">
        <OperandArray value="EqCountUpgradeTerranShipArmorsLevel1QueuedOrBetter0"/>
        <OperandArray value="NotCountUpgradeVanadiumPlatingCompleteOnly"/>
    </CRequirementAnd>
    <CRequirementAnd id="AndEqCountUpgradeTerranShipArmorsLevel2QueuedOrBetter0NotCountUpgradeVanadiumPlatingCompleteOnly">
        <OperandArray value="EqCountUpgradeTerranShipArmorsLevel2QueuedOrBetter0"/>
        <OperandArray value="NotCountUpgradeVanadiumPlatingCompleteOnly"/>
    </CRequirementAnd>
    <CRequirementAnd id="AndEqCountUpgradeTerranShipArmorsLevel3QueuedOrBetter0NotCountUpgradeVanadiumPlatingCompleteOnly">
        <OperandArray value="EqCountUpgradeTerranShipArmorsLevel3QueuedOrBetter0"/>
        <OperandArray value="NotCountUpgradeVanadiumPlatingCompleteOnly"/>
    </CRequirementAnd>
    <CRequirementAnd id="AndEqCountUpgradeTerranShipWeaponsLevel1QueuedOrBetter0NotCountUpgradeUltraCapacitorsCompleteOnly">
        <OperandArray value="EqCountUpgradeTerranShipWeaponsLevel1QueuedOrBetter0"/>
        <OperandArray value="NotCountUpgradeUltraCapacitorsCompleteOnly"/>
    </CRequirementAnd>
    <CRequirementAnd id="AndEqCountUpgradeTerranShipWeaponsLevel2QueuedOrBetter0NotCountUpgradeUltraCapacitorsCompleteOnly">
        <OperandArray value="EqCountUpgradeTerranShipWeaponsLevel2QueuedOrBetter0"/>
        <OperandArray value="NotCountUpgradeUltraCapacitorsCompleteOnly"/>
    </CRequirementAnd>
    <CRequirementAnd id="AndEqCountUpgradeTerranShipWeaponsLevel3QueuedOrBetter0NotCountUpgradeUltraCapacitorsCompleteOnly">
        <OperandArray value="EqCountUpgradeTerranShipWeaponsLevel3QueuedOrBetter0"/>
        <OperandArray value="NotCountUpgradeUltraCapacitorsCompleteOnly"/>
    </CRequirementAnd>
    <CRequirementAnd id="AndEqCountUpgradeTerranVehicleArmorsLevel1QueuedOrBetter0NotCountUpgradeVanadiumPlatingCompleteOnly">
        <OperandArray value="EqCountUpgradeTerranVehicleArmorsLevel1QueuedOrBetter0"/>
        <OperandArray value="NotCountUpgradeVanadiumPlatingCompleteOnly"/>
    </CRequirementAnd>
    <CRequirementAnd id="AndEqCountUpgradeTerranVehicleArmorsLevel2QueuedOrBetter0NotCountUpgradeVanadiumPlatingCompleteOnly">
        <OperandArray value="EqCountUpgradeTerranVehicleArmorsLevel2QueuedOrBetter0"/>
        <OperandArray value="NotCountUpgradeVanadiumPlatingCompleteOnly"/>
    </CRequirementAnd>
    <CRequirementAnd id="AndEqCountUpgradeTerranVehicleArmorsLevel3QueuedOrBetter0NotCountUpgradeVanadiumPlatingCompleteOnly">
        <OperandArray value="EqCountUpgradeTerranVehicleArmorsLevel3QueuedOrBetter0"/>
        <OperandArray value="NotCountUpgradeVanadiumPlatingCompleteOnly"/>
    </CRequirementAnd>
    <CRequirementAnd id="AndEqCountUpgradeTerranVehicleWeaponsLevel1QueuedOrBetter0NotCountUpgradeUltraCapacitorsCompleteOnly">
        <OperandArray value="EqCountUpgradeTerranVehicleWeaponsLevel1QueuedOrBetter0"/>
        <OperandArray value="NotCountUpgradeUltraCapacitorsCompleteOnly"/>
    </CRequirementAnd>
    <CRequirementAnd id="AndEqCountUpgradeTerranVehicleWeaponsLevel2QueuedOrBetter0NotCountUpgradeUltraCapacitorsCompleteOnly">
        <OperandArray value="EqCountUpgradeTerranVehicleWeaponsLevel2QueuedOrBetter0"/>
        <OperandArray value="NotCountUpgradeUltraCapacitorsCompleteOnly"/>
    </CRequirementAnd>
    <CRequirementAnd id="AndEqCountUpgradeTerranVehicleWeaponsLevel3QueuedOrBetter0NotCountUpgradeUltraCapacitorsCompleteOnly">
        <OperandArray value="EqCountUpgradeTerranVehicleWeaponsLevel3QueuedOrBetter0"/>
        <OperandArray value="NotCountUpgradeUltraCapacitorsCompleteOnly"/>
    </CRequirementAnd>
    <CRequirementAnd id="AndNotCountUnitDevilDogTotalNotCountUnitDevilDogQueuedOrBetter">
        <OperandArray value="NotCountUnitDevilDogTotal"/>
        <OperandArray value="NotCountUnitDevilDogQueuedOrBetter"/>
    </CRequirementAnd>
    <CRequirementAnd id="AndNotCountUnitDukesRevengeTotalNotCountUnitDukesRevengeQueuedOrBetter">
        <OperandArray value="NotCountUnitDukesRevengeTotal"/>
        <OperandArray value="NotCountUnitDukesRevengeQueuedOrBetter"/>
    </CRequirementAnd>
    <CRequirementAnd id="AndNotCountUnitDuskWingTotalNotCountUnitDuskWingQueuedOrBetter">
        <OperandArray value="NotCountUnitDuskWingTotal"/>
        <OperandArray value="NotCountUnitDuskWingQueuedOrBetter"/>
    </CRequirementAnd>
    <CRequirementAnd id="AndNotCountUnitHammerSecurityTotalNotCountUnitHammerSecurityQueuedOrBetter">
        <OperandArray value="NotCountUnitHammerSecurityTotal"/>
        <OperandArray value="NotCountUnitHammerSecurityQueuedOrBetter"/>
    </CRequirementAnd>
    <CRequirementAnd id="AndNotCountUnitHelsAngelFighterTotalNotCountUnitHelsAngelFighterQueuedOrBetter">
        <OperandArray value="NotCountUnitHelsAngelFighterTotal"/>
        <OperandArray value="NotCountUnitHelsAngelFighterQueuedOrBetter"/>
    </CRequirementAnd>
    <CRequirementAnd id="AndNotCountUnitSiegeBreakerTotalNotCountUnitSiegeBreakerQueuedOrBetter">
        <OperandArray value="NotCountUnitSiegeBreakerTotal"/>
        <OperandArray value="NotCountUnitSiegeBreakerQueuedOrBetter"/>
    </CRequirementAnd>
    <CRequirementAnd id="AndNotCountUnitWarPigTotalNotCountUnitWarPigQueuedOrBetter">
        <OperandArray value="NotCountUnitWarPigTotal"/>
        <OperandArray value="NotCountUnitWarPigQueuedOrBetter"/>
    </CRequirementAnd>
    <CRequirementAnd id="AndNotCountUpgrade330mmBarrageCannonsCompleteOnlyCountUpgradeCellularReactorsCompleteOnly">
        <OperandArray value="NotCountUpgrade330mmBarrageCannonsCompleteOnly"/>
        <OperandArray value="CountUpgradeCellularReactorsCompleteOnly"/>
    </CRequirementAnd>
    <CRequirementAnd id="AndNotCountUpgradeHighCapacityBarrelsQueuedOrBetterNotCountUpgradeInfernalPreIgnitersQueuedOrBetter">
        <OperandArray value="NotCountUpgradeHighCapacityBarrelsQueuedOrBetter"/>
        <OperandArray value="NotCountUpgradeInfernalPreIgnitersQueuedOrBetter"/>
    </CRequirementAnd>
    <CRequirementAnd id="AndNotCountUpgradeNeosteelFrameCompleteOnlyNotCountUpgradeNeoSteelFrameCompleteOnly">
        <OperandArray value="NotCountUpgradeNeosteelFrameCompleteOnly"/>
        <OperandArray value="NotCountUpgradeNeoSteelFrameCompleteOnly"/>
    </CRequirementAnd>
    <CRequirementAnd id="AndNotCountUpgradeTerranInfantryArmorsVanadiumPlatingLevel1QueuedOrBetterCountUpgradeVanadiumPlatingCompleteOnly">
        <OperandArray value="NotCountUpgradeTerranInfantryArmorsVanadiumPlatingLevel1QueuedOrBetter"/>
        <OperandArray value="CountUpgradeVanadiumPlatingCompleteOnly"/>
    </CRequirementAnd>
    <CRequirementAnd id="AndNotCountUpgradeTerranInfantryArmorsVanadiumPlatingLevel2QueuedOrBetterCountUpgradeVanadiumPlatingCompleteOnly">
        <OperandArray value="NotCountUpgradeTerranInfantryArmorsVanadiumPlatingLevel2QueuedOrBetter"/>
        <OperandArray value="CountUpgradeVanadiumPlatingCompleteOnly"/>
    </CRequirementAnd>
    <CRequirementAnd id="AndNotCountUpgradeTerranInfantryArmorsVanadiumPlatingLevel3QueuedOrBetterCountUpgradeVanadiumPlatingCompleteOnly">
        <OperandArray value="NotCountUpgradeTerranInfantryArmorsVanadiumPlatingLevel3QueuedOrBetter"/>
        <OperandArray value="CountUpgradeVanadiumPlatingCompleteOnly"/>
    </CRequirementAnd>
    <CRequirementAnd id="AndNotCountUpgradeTerranInfantryWeaponsUltraCapacitorsLevel1QueuedOrBetterCountUpgradeUltraCapacitorsCompleteOnly">
        <OperandArray value="NotCountUpgradeTerranInfantryWeaponsUltraCapacitorsLevel1QueuedOrBetter"/>
        <OperandArray value="CountUpgradeUltraCapacitorsCompleteOnly"/>
    </CRequirementAnd>
    <CRequirementAnd id="AndNotCountUpgradeTerranInfantryWeaponsUltraCapacitorsLevel2QueuedOrBetterCountUpgradeUltraCapacitorsCompleteOnly">
        <OperandArray value="NotCountUpgradeTerranInfantryWeaponsUltraCapacitorsLevel2QueuedOrBetter"/>
        <OperandArray value="CountUpgradeUltraCapacitorsCompleteOnly"/>
    </CRequirementAnd>
    <CRequirementAnd id="AndNotCountUpgradeTerranInfantryWeaponsUltraCapacitorsLevel3QueuedOrBetterCountUpgradeUltraCapacitorsCompleteOnly">
        <OperandArray value="NotCountUpgradeTerranInfantryWeaponsUltraCapacitorsLevel3QueuedOrBetter"/>
        <OperandArray value="CountUpgradeUltraCapacitorsCompleteOnly"/>
    </CRequirementAnd>
    <CRequirementAnd id="AndNotCountUpgradeTerranShipArmorsVanadiumPlatingLevel1QueuedOrBetterCountUpgradeVanadiumPlatingCompleteOnly">
        <OperandArray value="NotCountUpgradeTerranShipArmorsVanadiumPlatingLevel1QueuedOrBetter"/>
        <OperandArray value="CountUpgradeVanadiumPlatingCompleteOnly"/>
    </CRequirementAnd>
    <CRequirementAnd id="AndNotCountUpgradeTerranShipArmorsVanadiumPlatingLevel2QueuedOrBetterCountUpgradeVanadiumPlatingCompleteOnly">
        <OperandArray value="NotCountUpgradeTerranShipArmorsVanadiumPlatingLevel2QueuedOrBetter"/>
        <OperandArray value="CountUpgradeVanadiumPlatingCompleteOnly"/>
    </CRequirementAnd>
    <CRequirementAnd id="AndNotCountUpgradeTerranShipArmorsVanadiumPlatingLevel3QueuedOrBetterCountUpgradeVanadiumPlatingCompleteOnly">
        <OperandArray value="NotCountUpgradeTerranShipArmorsVanadiumPlatingLevel3QueuedOrBetter"/>
        <OperandArray value="CountUpgradeVanadiumPlatingCompleteOnly"/>
    </CRequirementAnd>
    <CRequirementAnd id="AndNotCountUpgradeTerranShipWeaponsUltraCapacitorsLevel1QueuedOrBetterCountUpgradeUltraCapacitorsCompleteOnly">
        <OperandArray value="NotCountUpgradeTerranShipWeaponsUltraCapacitorsLevel1QueuedOrBetter"/>
        <OperandArray value="CountUpgradeUltraCapacitorsCompleteOnly"/>
    </CRequirementAnd>
    <CRequirementAnd id="AndNotCountUpgradeTerranShipWeaponsUltraCapacitorsLevel2QueuedOrBetterCountUpgradeUltraCapacitorsCompleteOnly">
        <OperandArray value="NotCountUpgradeTerranShipWeaponsUltraCapacitorsLevel2QueuedOrBetter"/>
        <OperandArray value="CountUpgradeUltraCapacitorsCompleteOnly"/>
    </CRequirementAnd>
    <CRequirementAnd id="AndNotCountUpgradeTerranShipWeaponsUltraCapacitorsLevel3QueuedOrBetterCountUpgradeUltraCapacitorsCompleteOnly">
        <OperandArray value="NotCountUpgradeTerranShipWeaponsUltraCapacitorsLevel3QueuedOrBetter"/>
        <OperandArray value="CountUpgradeUltraCapacitorsCompleteOnly"/>
    </CRequirementAnd>
    <CRequirementAnd id="AndNotCountUpgradeTerranVehicleArmorsVanadiumPlatingLevel1QueuedOrBetterCountUpgradeVanadiumPlatingCompleteOnly">
        <OperandArray value="NotCountUpgradeTerranVehicleArmorsVanadiumPlatingLevel1QueuedOrBetter"/>
        <OperandArray value="CountUpgradeVanadiumPlatingCompleteOnly"/>
    </CRequirementAnd>
    <CRequirementAnd id="AndNotCountUpgradeTerranVehicleArmorsVanadiumPlatingLevel2QueuedOrBetterCountUpgradeVanadiumPlatingCompleteOnly">
        <OperandArray value="NotCountUpgradeTerranVehicleArmorsVanadiumPlatingLevel2QueuedOrBetter"/>
        <OperandArray value="CountUpgradeVanadiumPlatingCompleteOnly"/>
    </CRequirementAnd>
    <CRequirementAnd id="AndNotCountUpgradeTerranVehicleArmorsVanadiumPlatingLevel3QueuedOrBetterCountUpgradeVanadiumPlatingCompleteOnly">
        <OperandArray value="NotCountUpgradeTerranVehicleArmorsVanadiumPlatingLevel3QueuedOrBetter"/>
        <OperandArray value="CountUpgradeVanadiumPlatingCompleteOnly"/>
    </CRequirementAnd>
    <CRequirementAnd id="AndNotCountUpgradeTerranVehicleWeaponsUltraCapacitorsLevel1QueuedOrBetterCountUpgradeUltraCapacitorsCompleteOnly">
        <OperandArray value="NotCountUpgradeTerranVehicleWeaponsUltraCapacitorsLevel1QueuedOrBetter"/>
        <OperandArray value="CountUpgradeUltraCapacitorsCompleteOnly"/>
    </CRequirementAnd>
    <CRequirementAnd id="AndNotCountUpgradeTerranVehicleWeaponsUltraCapacitorsLevel2QueuedOrBetterCountUpgradeUltraCapacitorsCompleteOnly">
        <OperandArray value="NotCountUpgradeTerranVehicleWeaponsUltraCapacitorsLevel2QueuedOrBetter"/>
        <OperandArray value="CountUpgradeUltraCapacitorsCompleteOnly"/>
    </CRequirementAnd>
    <CRequirementAnd id="AndNotCountUpgradeTerranVehicleWeaponsUltraCapacitorsLevel3QueuedOrBetterCountUpgradeUltraCapacitorsCompleteOnly">
        <OperandArray value="NotCountUpgradeTerranVehicleWeaponsUltraCapacitorsLevel3QueuedOrBetter"/>
        <OperandArray value="CountUpgradeUltraCapacitorsCompleteOnly"/>
    </CRequirementAnd>
    <CRequirementAnd id="AndOr96167438CountUnitFactoryCompleteOnly96167438CountUnitFactoryFlyingCompleteOnly1718561093Not3687802547CountUnitNukeQueuedOrBetterAtUnit">
        <OperandArray value="Or96167438CountUnitFactoryCompleteOnly96167438CountUnitFactoryFlyingCompleteOnly1718561093"/>
        <OperandArray value="Not3687802547CountUnitNukeQueuedOrBetterAtUnit"/>
    </CRequirementAnd>
    <CRequirementAnd id="AndOr96167438CountUnitFactoryCompleteOnly96167438TechTreeCheatCountUnitFactoryFlyingCompleteOnly1718561093TechTreeCheatNot83801426CountUnitSpectreNukeQueuedOrBetterAtUnit">
        <OperandArray value="Or96167438CountUnitFactoryCompleteOnly96167438TechTreeCheatCountUnitFactoryFlyingCompleteOnly1718561093TechTreeCheat"/>
        <OperandArray value="Not83801426CountUnitSpectreNukeQueuedOrBetterAtUnit"/>
    </CRequirementAnd>
    <CRequirementCountBehavior id="CountBehaviorAlreadyDominatingInProgressOrBetter">
        <Count Link="AlreadyDominating" State="InProgressOrBetter"/>
        <Flags index="TechTreeCheat" value="0"/>
    </CRequirementCountBehavior>
    <CRequirementCountBehavior id="CountBehaviorDetector12CompleteOnly">
        <Count Link="Detector12" State="CompleteOnly"/>
        <Flags index="TechTreeCheat" value="0"/>
    </CRequirementCountBehavior>
    <CRequirementCountBehavior id="CountBehaviorHarvestingTerrazineCompleteOnlyAtUnit">
        <Count Link="HarvestingTerrazine" State="CompleteOnlyAtUnit"/>
        <Flags index="TechTreeCheat" value="0"/>
    </CRequirementCountBehavior>
    <CRequirementCountBehavior id="CountBehaviorSpectreHoldFireBCompleteOnlyAtUnit">
        <Count Link="SpectreHoldFireB" State="CompleteOnlyAtUnit"/>
        <Flags index="TechTreeCheat" value="0"/>
    </CRequirementCountBehavior>
    <CRequirementCountBehavior id="CountBehaviorSwapToDevastatorMissilesCompleteOnlyAtUnit">
        <Count Link="SwapToDevastatorMissiles" State="CompleteOnlyAtUnit"/>
        <Flags index="TechTreeCheat" value="0"/>
    </CRequirementCountBehavior>
    <CRequirementCountBehavior id="CountBehaviorSwapToHailstormMissilesCompleteOnlyAtUnit">
        <Count Link="SwapToHailstormMissiles" State="CompleteOnlyAtUnit"/>
        <Flags index="TechTreeCheat" value="0"/>
    </CRequirementCountBehavior>
    <CRequirementCountBehavior id="CountBehaviorSwapToLongboltMissilesCompleteOnlyAtUnit">
        <Count Link="SwapToLongboltMissiles" State="CompleteOnlyAtUnit"/>
        <Flags index="TechTreeCheat" value="0"/>
    </CRequirementCountBehavior>
    <CRequirementCountBehavior id="CountBehaviorSwapToRaynorBasicWeaponCompleteOnlyAtUnit">
        <Count Link="SwapToRaynorBasicWeapon" State="CompleteOnlyAtUnit"/>
        <Flags index="TechTreeCheat" value="0"/>
    </CRequirementCountBehavior>
    <CRequirementCountBehavior id="CountBehaviorSwapToRaynorPlasmaGunCompleteOnlyAtUnit">
        <Count Link="SwapToRaynorPlasmaGun" State="CompleteOnlyAtUnit"/>
        <Flags index="TechTreeCheat" value="0"/>
    </CRequirementCountBehavior>
    <CRequirementCountUnit id="CountUnitAlias_BarracksCompleteOnly789532539TechTreeCheat">
        <Tooltip value="RequirementNode/Tooltip/CountUnitAlias_BarracksCompleteOnly789532539"/>
    </CRequirementCountUnit>
    <CRequirementCountUnit id="CountUnitAlias_CommandCenterCompleteOnly">
        <Count Link="Alias_CommandCenter" State="CompleteOnly" Unlock="CommandCenter"/>
        <Flags index="TechTreeCheat" value="0"/>
    </CRequirementCountUnit>
    <CRequirementCountUnit id="CountUnitArtanisQueuedOrBetter">
        <Count Link="Artanis" State="QueuedOrBetter"/>
        <Flags index="TechTreeCheat" value="0"/>
    </CRequirementCountUnit>
    <CRequirementCountUnit id="CountUnitDevilDogQueuedOrBetter">
        <Count Link="DevilDog" State="QueuedOrBetter"/>
        <Flags index="TechTreeCheat" value="0"/>
    </CRequirementCountUnit>
    <CRequirementCountUnit id="CountUnitDevilDogTotal">
        <Count Link="DevilDog" State="Total"/>
        <Flags index="TechTreeCheat" value="0"/>
    </CRequirementCountUnit>
    <CRequirementCountUnit id="CountUnitDukesRevengeQueuedOrBetter">
        <Count Link="DukesRevenge" State="QueuedOrBetter"/>
        <Flags index="TechTreeCheat" value="0"/>
    </CRequirementCountUnit>
    <CRequirementCountUnit id="CountUnitDukesRevengeTotal">
        <Count Link="DukesRevenge" State="Total"/>
        <Flags index="TechTreeCheat" value="0"/>
    </CRequirementCountUnit>
    <CRequirementCountUnit id="CountUnitDuskWingQueuedOrBetter">
        <Count Link="DuskWing" State="QueuedOrBetter"/>
        <Flags index="TechTreeCheat" value="0"/>
    </CRequirementCountUnit>
    <CRequirementCountUnit id="CountUnitDuskWingTotal">
        <Count Link="DuskWing" State="Total"/>
        <Flags index="TechTreeCheat" value="0"/>
    </CRequirementCountUnit>
    <CRequirementCountUnit id="CountUnitFlamingBettyCompleteOnly">
        <Count Link="FlamingBetty" State="CompleteOnly"/>
        <Flags index="TechTreeCheat" value="0"/>
    </CRequirementCountUnit>
    <CRequirementCountUnit id="CountUnitHammerSecurityQueuedOrBetter">
        <Count Link="HammerSecurity" State="QueuedOrBetter"/>
        <Flags index="TechTreeCheat" value="0"/>
    </CRequirementCountUnit>
    <CRequirementCountUnit id="CountUnitHammerSecurityTotal">
        <Count Link="HammerSecurity" State="Total"/>
        <Flags index="TechTreeCheat" value="0"/>
    </CRequirementCountUnit>
    <CRequirementCountUnit id="CountUnitHelsAngelFighterQueuedOrBetter">
        <Count Link="HelsAngelFighter" State="QueuedOrBetter"/>
        <Flags index="TechTreeCheat" value="0"/>
    </CRequirementCountUnit>
    <CRequirementCountUnit id="CountUnitHelsAngelFighterTotal">
        <Count Link="HelsAngelFighter" State="Total"/>
        <Flags index="TechTreeCheat" value="0"/>
    </CRequirementCountUnit>
    <CRequirementCountUnit id="CountUnitHeroNukeCompleteOnly">
        <Count Link="HeroNuke" State="CompleteOnly"/>
        <Flags index="TechTreeCheat" value="0"/>
    </CRequirementCountUnit>
    <CRequirementCountUnit id="CountUnitHeroNukeQueuedOrBetterAtUnit">
        <Count Link="HeroNuke" State="QueuedOrBetterAtUnit"/>
        <Flags index="TechTreeCheat" value="0"/>
    </CRequirementCountUnit>
    <CRequirementCountUnit id="CountUnitInterceptorQueuedOrBetterAtUnitTechTreeCheat"/>
    <CRequirementCountUnit id="CountUnitMothershipQueuedOrBetterTechTreeCheat"/>
    <CRequirementCountUnit id="CountUnitOrbitalCommandCompleteOnlyAtUnit">
        <Count Link="OrbitalCommand" State="CompleteOnlyAtUnit"/>
        <Flags index="TechTreeCheat" value="0"/>
    </CRequirementCountUnit>
    <CRequirementCountUnit id="CountUnitSelendisInterceptorQueuedOrBetterAtUnit">
        <Count Link="SelendisInterceptor" State="QueuedOrBetterAtUnit"/>
        <Flags index="TechTreeCheat" value="0"/>
    </CRequirementCountUnit>
    <CRequirementCountUnit id="CountUnitSiegeBreakerQueuedOrBetter">
        <Count Link="SiegeBreaker" State="QueuedOrBetter"/>
        <Flags index="TechTreeCheat" value="0"/>
    </CRequirementCountUnit>
    <CRequirementCountUnit id="CountUnitSiegeBreakerTotal">
        <Count Link="SiegeBreaker" State="Total"/>
        <Flags index="TechTreeCheat" value="0"/>
    </CRequirementCountUnit>
    <CRequirementCountUnit id="CountUnitSpectreNukeCompleteOnly3748442553">
        <Tooltip value="RequirementNode/Tooltip/CountUnitSpectreNukeCompleteOnly2567665972"/>
        <Count Link="SpectreNuke" State="CompleteOnly"/>
        <Flags index="TechTreeCheat" value="0"/>
    </CRequirementCountUnit>
    <CRequirementCountUnit id="CountUnitSpectreNukeQueuedOrBetterAtUnit">
        <Count Link="SpectreNuke" State="QueuedOrBetterAtUnit"/>
        <Flags index="TechTreeCheat" value="0"/>
    </CRequirementCountUnit>
    <CRequirementCountUnit id="CountUnitWarPigQueuedOrBetter">
        <Count Link="WarPig" State="QueuedOrBetter"/>
        <Flags index="TechTreeCheat" value="0"/>
    </CRequirementCountUnit>
    <CRequirementCountUnit id="CountUnitWarPigTotal">
        <Count Link="WarPig" State="Total"/>
        <Flags index="TechTreeCheat" value="0"/>
    </CRequirementCountUnit>
    <CRequirementCountUpgrade id="CountUpgrade330mmBarrageCannonsCompleteOnly">
        <Count Link="330mmBarrageCannons" State="CompleteOnly"/>
        <Flags index="TechTreeCheat" value="0"/>
    </CRequirementCountUpgrade>
    <CRequirementCountUpgrade id="CountUpgradeAbdominalFortitudeCompleteOnly">
        <Count Link="AbdominalFortitude" State="CompleteOnly"/>
        <Flags index="TechTreeCheat" value="0"/>
    </CRequirementCountUpgrade>
    <CRequirementCountUpgrade id="CountUpgradeAdvancedHealingAICompleteOnly">
        <Count Link="AdvancedHealingAI" State="CompleteOnly"/>
        <Flags index="TechTreeCheat" value="0"/>
    </CRequirementCountUpgrade>
    <CRequirementCountUpgrade id="CountUpgradeAdvancedMedicTrainingCompleteOnly">
        <Count Link="AdvancedMedicTraining" State="CompleteOnly"/>
        <Flags index="TechTreeCheat" value="0"/>
    </CRequirementCountUpgrade>
    <CRequirementCountUpgrade id="CountUpgradeAresClassWeaponsSystemCompleteOnly">
        <Count Link="AresClassWeaponsSystem" State="CompleteOnly"/>
        <Flags index="TechTreeCheat" value="0"/>
    </CRequirementCountUpgrade>
    <CRequirementCountUpgrade id="CountUpgradeAresClassWeaponsSystemQueuedOrBetter">
        <Count Link="AresClassWeaponsSystem" State="QueuedOrBetter"/>
        <Flags index="TechTreeCheat" value="0"/>
    </CRequirementCountUpgrade>
    <CRequirementCountUpgrade id="CountUpgradeAresClassWeaponsSystemVikingCompleteOnly">
        <Count Link="AresClassWeaponsSystemViking" State="CompleteOnly"/>
        <Flags index="TechTreeCheat" value="0"/>
    </CRequirementCountUpgrade>
    <CRequirementCountUpgrade id="CountUpgradeAutoHarvesterCompleteOnly">
        <Count Link="AutoHarvester" State="CompleteOnly"/>
        <Flags index="TechTreeCheat" value="0"/>
    </CRequirementCountUpgrade>
    <CRequirementCountUpgrade id="CountUpgradeAuxiliaryMedBotsCompleteOnly">
        <Count Link="AuxiliaryMedBots" State="CompleteOnly"/>
        <Flags index="TechTreeCheat" value="0"/>
    </CRequirementCountUpgrade>
    <CRequirementCountUpgrade id="CountUpgradeBansheeCloakedDamageCompleteOnly">
        <Count Link="BansheeCloakedDamage" State="CompleteOnly"/>
        <Flags index="TechTreeCheat" value="0"/>
    </CRequirementCountUpgrade>
    <CRequirementCountUpgrade id="CountUpgradeBearclawNozzlesCompleteOnly">
        <Count Link="BearclawNozzles" State="CompleteOnly"/>
        <Flags index="TechTreeCheat" value="0"/>
    </CRequirementCountUpgrade>
    <CRequirementCountUpgrade id="CountUpgradeBuildingBurnerCompleteOnly">
        <Count Link="BuildingBurner" State="CompleteOnly"/>
    </CRequirementCountUpgrade>
    <CRequirementCountUpgrade id="CountUpgradeBurstCapacitorsCompleteOnly">
        <Count Link="BurstCapacitors" State="CompleteOnly"/>
        <Flags index="TechTreeCheat" value="0"/>
    </CRequirementCountUpgrade>
    <CRequirementCountUpgrade id="CountUpgradeCellularReactorsCompleteOnly">
        <Count Link="CellularReactors" State="CompleteOnly"/>
        <Flags index="TechTreeCheat" value="0"/>
    </CRequirementCountUpgrade>
    <CRequirementCountUpgrade id="CountUpgradeCerberusMinesCompleteOnly">
        <Count Link="CerberusMines" State="CompleteOnly"/>
        <Flags index="TechTreeCheat" value="0"/>
    </CRequirementCountUpgrade>
    <CRequirementCountUpgrade id="CountUpgradeCloakDistortionFieldCompleteOnly">
        <Count Link="CloakDistortionField" State="CompleteOnly"/>
        <Flags index="TechTreeCheat" value="0"/>
    </CRequirementCountUpgrade>
    <CRequirementCountUpgrade id="CountUpgradeClusterBombCompleteOnly">
        <Count Link="ClusterBomb" State="CompleteOnly"/>
        <Flags index="TechTreeCheat" value="0"/>
    </CRequirementCountUpgrade>
    <CRequirementCountUpgrade id="CountUpgradeClusterWarheadsCompleteOnly">
        <Count Link="ClusterWarheads" State="CompleteOnly"/>
        <Flags index="TechTreeCheat" value="0"/>
    </CRequirementCountUpgrade>
    <CRequirementCountUpgrade id="CountUpgradeCombatShieldCompleteOnly">
        <Count Link="CombatShield" State="CompleteOnly"/>
        <Flags index="TechTreeCheat" value="0"/>
    </CRequirementCountUpgrade>
    <CRequirementCountUpgrade id="CountUpgradeCommandCenterReactorCompleteOnly">
        <Count Link="CommandCenterReactor" State="CompleteOnly"/>
        <Flags index="TechTreeCheat" value="0"/>
    </CRequirementCountUpgrade>
    <CRequirementCountUpgrade id="CountUpgradeCrossSpectrumDampenersCompleteOnly">
        <Count Link="CrossSpectrumDampeners" State="CompleteOnly"/>
        <Flags index="TechTreeCheat" value="0"/>
    </CRequirementCountUpgrade>
    <CRequirementCountUpgrade id="CountUpgradeDarkProtossCompleteOnly">
        <Count Link="DarkProtoss" State="CompleteOnly"/>
        <Flags index="TechTreeCheat" value="0"/>
    </CRequirementCountUpgrade>
    <CRequirementCountUpgrade id="CountUpgradeDefensiveMatrixCompleteOnly">
        <Count Link="DefensiveMatrix" State="CompleteOnly"/>
        <Flags index="TechTreeCheat" value="0"/>
    </CRequirementCountUpgrade>
    <CRequirementCountUpgrade id="CountUpgradeDevastatorMissilesCompleteOnly">
        <Count Link="DevastatorMissiles" State="CompleteOnly"/>
        <Flags index="TechTreeCheat" value="0"/>
    </CRequirementCountUpgrade>
    <CRequirementCountUpgrade id="CountUpgradeDistortionSensorsCompleteOnly">
        <Count Link="DistortionSensors" State="CompleteOnly"/>
        <Flags index="TechTreeCheat" value="0"/>
    </CRequirementCountUpgrade>
    <CRequirementCountUpgrade id="CountUpgradeDistortionThrustersCompleteOnly">
        <Count Link="DistortionThrusters" State="CompleteOnly"/>
        <Flags index="TechTreeCheat" value="0"/>
    </CRequirementCountUpgrade>
    <CRequirementCountUpgrade id="CountUpgradeDualFusionWeldersCompleteOnly">
        <Count Link="DualFusionWelders" State="CompleteOnly"/>
        <Flags index="TechTreeCheat" value="0"/>
    </CRequirementCountUpgrade>
    <CRequirementCountUpgrade id="CountUpgradeDynamicPowerRoutingCompleteOnly">
        <Count Link="DynamicPowerRouting" State="CompleteOnly"/>
        <Flags index="TechTreeCheat" value="0"/>
    </CRequirementCountUpgrade>
    <CRequirementCountUpgrade id="CountUpgradeEMPTowerCompleteOnly">
        <Count Link="EMPTower" State="CompleteOnly"/>
        <Flags index="TechTreeCheat" value="0"/>
    </CRequirementCountUpgrade>
    <CRequirementCountUpgrade id="CountUpgradeExpandedHullCompleteOnly">
        <Count Link="ExpandedHull" State="CompleteOnly"/>
        <Flags index="TechTreeCheat" value="0"/>
    </CRequirementCountUpgrade>
    <CRequirementCountUpgrade id="CountUpgradeFireSuppressionSystemsCompleteOnly">
        <Count Link="FireSuppressionSystems" State="CompleteOnly"/>
        <Flags index="TechTreeCheat" value="0"/>
    </CRequirementCountUpgrade>
    <CRequirementCountUpgrade id="CountUpgradeFirebatJuggernautPlatingCompleteOnly">
        <Count Link="FirebatJuggernautPlating" State="CompleteOnly"/>
        <Flags index="TechTreeCheat" value="0"/>
    </CRequirementCountUpgrade>
    <CRequirementCountUpgrade id="CountUpgradeFlareResearchCompleteOnly">
        <Count Link="FlareResearch" State="CompleteOnly"/>
        <Flags index="TechTreeCheat" value="0"/>
    </CRequirementCountUpgrade>
    <CRequirementCountUpgrade id="CountUpgradeFlareResearchQueuedOrBetter">
        <Count Link="FlareResearch" State="QueuedOrBetter"/>
        <Flags index="TechTreeCheat" value="0"/>
    </CRequirementCountUpgrade>
    <CRequirementCountUpgrade id="CountUpgradeFortifiedBunkerCarapaceCompleteOnly">
        <Count Link="FortifiedBunkerCarapace" State="CompleteOnly"/>
        <Flags index="TechTreeCheat" value="0"/>
    </CRequirementCountUpgrade>
    <CRequirementCountUpgrade id="CountUpgradeGraviticThrustersQueuedOrBetter">
        <Count Link="GraviticThrusters" State="QueuedOrBetter"/>
        <Flags index="TechTreeCheat" value="0"/>
    </CRequirementCountUpgrade>
    <CRequirementCountUpgrade id="CountUpgradeHALORocketsCompleteOnly">
        <Count Link="HALORockets" State="CompleteOnly"/>
        <Flags index="TechTreeCheat" value="0"/>
    </CRequirementCountUpgrade>
    <CRequirementCountUpgrade id="CountUpgradeHailstormMissilePodsCompleteOnly">
        <Count Link="HailstormMissilePods" State="CompleteOnly"/>
        <Flags index="TechTreeCheat" value="0"/>
    </CRequirementCountUpgrade>
    <CRequirementCountUpgrade id="CountUpgradeHellionCampaignInfernalPreIgniterCompleteOnly">
        <Count Link="HellionCampaignInfernalPreIgniter" State="CompleteOnly"/>
        <Flags index="TechTreeCheat" value="0"/>
    </CRequirementCountUpgrade>
    <CRequirementCountUpgrade id="CountUpgradeHireDevilDogsPHCompleteOnly">
        <Count Link="HireDevilDogsPH" State="CompleteOnly"/>
        <Flags index="TechTreeCheat" value="0"/>
    </CRequirementCountUpgrade>
    <CRequirementCountUpgrade id="CountUpgradeHireDukesRevengeCompleteOnly">
        <Count Link="HireDukesRevenge" State="CompleteOnly"/>
        <Flags index="TechTreeCheat" value="0"/>
    </CRequirementCountUpgrade>
    <CRequirementCountUpgrade id="CountUpgradeHireDuskWingPHCompleteOnly">
        <Count Link="HireDuskWingPH" State="CompleteOnly"/>
        <Flags index="TechTreeCheat" value="0"/>
    </CRequirementCountUpgrade>
    <CRequirementCountUpgrade id="CountUpgradeHireHammerSecuritiesPHCompleteOnly">
        <Count Link="HireHammerSecuritiesPH" State="CompleteOnly"/>
        <Flags index="TechTreeCheat" value="0"/>
    </CRequirementCountUpgrade>
    <CRequirementCountUpgrade id="CountUpgradeHireHelsAngelsPHCompleteOnly">
        <Count Link="HireHelsAngelsPH" State="CompleteOnly"/>
        <Flags index="TechTreeCheat" value="0"/>
    </CRequirementCountUpgrade>
    <CRequirementCountUpgrade id="CountUpgradeHireKelmorianMinersPHCompleteOnly">
        <Count Link="HireKelmorianMinersPH" State="CompleteOnly"/>
        <Flags index="TechTreeCheat" value="0"/>
    </CRequirementCountUpgrade>
    <CRequirementCountUpgrade id="CountUpgradeHireSiegeBreakersPHCompleteOnly">
        <Count Link="HireSiegeBreakersPH" State="CompleteOnly"/>
        <Flags index="TechTreeCheat" value="0"/>
    </CRequirementCountUpgrade>
    <CRequirementCountUpgrade id="CountUpgradeHireSpartanCompanyPHCompleteOnly">
        <Count Link="HireSpartanCompanyPH" State="CompleteOnly"/>
        <Flags index="TechTreeCheat" value="0"/>
    </CRequirementCountUpgrade>
    <CRequirementCountUpgrade id="CountUpgradeHiveMindEmulatorCompleteOnly">
        <Count Link="HiveMindEmulator" State="CompleteOnly"/>
        <Flags index="TechTreeCheat" value="0"/>
    </CRequirementCountUpgrade>
    <CRequirementCountUpgrade id="CountUpgradeHurricaneMissilesCompleteOnly">
        <Count Link="HurricaneMissiles" State="CompleteOnly"/>
        <Flags index="TechTreeCheat" value="0"/>
    </CRequirementCountUpgrade>
    <CRequirementCountUpgrade id="CountUpgradeHyperfluxorCompleteOnly">
        <Count Link="Hyperfluxor" State="CompleteOnly"/>
        <Flags index="TechTreeCheat" value="0"/>
    </CRequirementCountUpgrade>
    <CRequirementCountUpgrade id="CountUpgradeInfernalPreIgnitersQueuedOrBetter">
        <Count Link="InfernalPreIgniters" State="QueuedOrBetter"/>
    </CRequirementCountUpgrade>
    <CRequirementCountUpgrade id="CountUpgradeJackhammerConcussionGrenadesCompleteOnly">
        <Count Link="JackhammerConcussionGrenades" State="CompleteOnly"/>
        <Flags index="TechTreeCheat" value="0"/>
    </CRequirementCountUpgrade>
    <CRequirementCountUpgrade id="CountUpgradeMaelstromRoundsCompleteOnly">
        <Count Link="MaelstromRounds" State="CompleteOnly"/>
        <Flags index="TechTreeCheat" value="0"/>
    </CRequirementCountUpgrade>
    <CRequirementCountUpgrade id="CountUpgradeMarauderLifeBoostCompleteOnly">
        <Count Link="MarauderLifeBoost" State="CompleteOnly"/>
        <Flags index="TechTreeCheat" value="0"/>
    </CRequirementCountUpgrade>
    <CRequirementCountUpgrade id="CountUpgradeMarineStimpackCompleteOnly">
        <Count Link="MarineStimpack" State="CompleteOnly"/>
        <Flags index="TechTreeCheat" value="0"/>
    </CRequirementCountUpgrade>
    <CRequirementCountUpgrade id="CountUpgradeMarineStimpackQueuedOrBetter">
        <Count Link="MarineStimpack" State="QueuedOrBetter"/>
    </CRequirementCountUpgrade>
    <CRequirementCountUpgrade id="CountUpgradeMechanicalRebirthCompleteOnly">
        <Count Link="MechanicalRebirth" State="CompleteOnly"/>
        <Flags index="TechTreeCheat" value="0"/>
    </CRequirementCountUpgrade>
    <CRequirementCountUpgrade id="CountUpgradeMedivacRapidDeploymentCompleteOnly">
        <Count Link="MedivacRapidDeployment" State="CompleteOnly"/>
        <Flags index="TechTreeCheat" value="0"/>
    </CRequirementCountUpgrade>
    <CRequirementCountUpgrade id="CountUpgradeMicroFilteringCompleteOnly">
        <Count Link="MicroFiltering" State="CompleteOnly"/>
        <Flags index="TechTreeCheat" value="0"/>
    </CRequirementCountUpgrade>
    <CRequirementCountUpgrade id="CountUpgradeMultilockTargetingSystemsCompleteOnly">
        <Count Link="MultilockTargetingSystems" State="CompleteOnly"/>
        <Flags index="TechTreeCheat" value="0"/>
    </CRequirementCountUpgrade>
    <CRequirementCountUpgrade id="CountUpgradeNanoConstructorCompleteOnly">
        <Count Link="NanoConstructor" State="CompleteOnly"/>
        <Flags index="TechTreeCheat" value="0"/>
    </CRequirementCountUpgrade>
    <CRequirementCountUpgrade id="CountUpgradeNapalmFuelTanksCompleteOnly">
        <Count Link="NapalmFuelTanks" State="CompleteOnly"/>
        <Flags index="TechTreeCheat" value="0"/>
    </CRequirementCountUpgrade>
    <CRequirementCountUpgrade id="CountUpgradeNeoSteelFrameCompleteOnly">
        <Count Link="NeoSteelFrame" State="CompleteOnly"/>
        <Flags index="TechTreeCheat" value="0"/>
    </CRequirementCountUpgrade>
    <CRequirementCountUpgrade id="CountUpgradeNotPossibleSiegeModeCompleteOnly">
        <Count Link="NotPossibleSiegeMode" State="CompleteOnly"/>
        <Flags index="TechTreeCheat" value="0"/>
    </CRequirementCountUpgrade>
    <CRequirementCountUpgrade id="CountUpgradeOcularImplantsCompleteOnly">
        <Count Link="OcularImplants" State="CompleteOnly"/>
        <Flags index="TechTreeCheat" value="0"/>
    </CRequirementCountUpgrade>
    <CRequirementCountUpgrade id="CountUpgradeOrbitalRelayCompleteOnly">
        <Count Link="OrbitalRelay" State="CompleteOnly"/>
        <Flags index="TechTreeCheat" value="0"/>
    </CRequirementCountUpgrade>
    <CRequirementCountUpgrade id="CountUpgradePermanentCloakGhostCompleteOnly">
        <Count Link="PermanentCloakGhost" State="CompleteOnly"/>
        <Flags index="TechTreeCheat" value="0"/>
    </CRequirementCountUpgrade>
    <CRequirementCountUpgrade id="CountUpgradePermanentCloakSpectreCompleteOnly">
        <Count Link="PermanentCloakSpectre" State="CompleteOnly"/>
        <Flags index="TechTreeCheat" value="0"/>
    </CRequirementCountUpgrade>
    <CRequirementCountUpgrade id="CountUpgradePersonalCloakingCompleteOnly1350349511">
        <Count Link="PersonalCloaking" State="CompleteOnly"/>
    </CRequirementCountUpgrade>
    <CRequirementCountUpgrade id="CountUpgradePredatorCompleteOnly">
        <Count Link="Predator" State="CompleteOnly"/>
        <Flags index="TechTreeCheat" value="0"/>
    </CRequirementCountUpgrade>
    <CRequirementCountUpgrade id="CountUpgradeProjectileAcceleratorsCompleteOnly">
        <Count Link="ProjectileAccelerators" State="CompleteOnly"/>
        <Flags index="TechTreeCheat" value="0"/>
    </CRequirementCountUpgrade>
    <CRequirementCountUpgrade id="CountUpgradePsiDisruptorCompleteOnly">
        <Count Link="PsiDisruptor" State="CompleteOnly"/>
        <Flags index="TechTreeCheat" value="0"/>
    </CRequirementCountUpgrade>
    <CRequirementCountUpgrade id="CountUpgradeRazorwireCompleteOnly">
        <Count Link="Razorwire" State="CompleteOnly"/>
        <Flags index="TechTreeCheat" value="0"/>
    </CRequirementCountUpgrade>
    <CRequirementCountUpgrade id="CountUpgradeReaperStimpackCompleteOnly">
        <Count Link="ReaperStimpack" State="CompleteOnly"/>
        <Flags index="TechTreeCheat" value="0"/>
    </CRequirementCountUpgrade>
    <CRequirementCountUpgrade id="CountUpgradeReaperU238RoundsCompleteOnly">
        <Count Link="ReaperU238Rounds" State="CompleteOnly"/>
        <Flags index="TechTreeCheat" value="0"/>
    </CRequirementCountUpgrade>
    <CRequirementCountUpgrade id="CountUpgradeReinforcedSuperstructureCompleteOnly">
        <Count Link="ReinforcedSuperstructure" State="CompleteOnly"/>
        <Flags index="TechTreeCheat" value="0"/>
    </CRequirementCountUpgrade>
    <CRequirementCountUpgrade id="CountUpgradeScavengingSystemsCompleteOnly">
        <Count Link="ScavengingSystems" State="CompleteOnly"/>
        <Flags index="TechTreeCheat" value="0"/>
    </CRequirementCountUpgrade>
    <CRequirementCountUpgrade id="CountUpgradeScienceVesselCompleteOnly">
        <Count Link="ScienceVessel" State="CompleteOnly"/>
        <Flags index="TechTreeCheat" value="0"/>
    </CRequirementCountUpgrade>
    <CRequirementCountUpgrade id="CountUpgradeScienceVesselEnergyManipulationCompleteOnly">
        <Count Link="ScienceVesselEnergyManipulation" State="CompleteOnly"/>
        <Flags index="TechTreeCheat" value="0"/>
    </CRequirementCountUpgrade>
    <CRequirementCountUpgrade id="CountUpgradeScienceVesselPlasmaWeaponryCompleteOnly">
        <Count Link="ScienceVesselPlasmaWeaponry" State="CompleteOnly"/>
        <Flags index="TechTreeCheat" value="0"/>
    </CRequirementCountUpgrade>
    <CRequirementCountUpgrade id="CountUpgradeShapedHullCompleteOnly">
        <Count Link="ShapedHull" State="CompleteOnly"/>
        <Flags index="TechTreeCheat" value="0"/>
    </CRequirementCountUpgrade>
    <CRequirementCountUpgrade id="CountUpgradeShieldWallCompleteOnly">
        <Count Link="ShieldWall" State="CompleteOnly"/>
    </CRequirementCountUpgrade>
    <CRequirementCountUpgrade id="CountUpgradeShrikeTurretCompleteOnly">
        <Count Link="ShrikeTurret" State="CompleteOnly"/>
        <Flags index="TechTreeCheat" value="0"/>
    </CRequirementCountUpgrade>
    <CRequirementCountUpgrade id="CountUpgradeSiegeTankShapedBlastCompleteOnly">
        <Count Link="SiegeTankShapedBlast" State="CompleteOnly"/>
        <Flags index="TechTreeCheat" value="0"/>
    </CRequirementCountUpgrade>
    <CRequirementCountUpgrade id="CountUpgradeSingularityChargeQueuedOrBetter">
        <Count Link="SingularityCharge" State="QueuedOrBetter"/>
        <Flags index="TechTreeCheat" value="0"/>
    </CRequirementCountUpgrade>
    <CRequirementCountUpgrade id="CountUpgradeSpiderMineResearchCompleteOnly1029879106">
        <Count Link="SpiderMineResearch" State="CompleteOnly"/>
    </CRequirementCountUpgrade>
    <CRequirementCountUpgrade id="CountUpgradeStabilizerMedPacksCompleteOnly">
        <Count Link="StabilizerMedPacks" State="CompleteOnly"/>
        <Flags index="TechTreeCheat" value="0"/>
    </CRequirementCountUpgrade>
    <CRequirementCountUpgrade id="CountUpgradeStimpackCompleteOnly">
        <Count Link="Stimpack" State="CompleteOnly"/>
    </CRequirementCountUpgrade>
    <CRequirementCountUpgrade id="CountUpgradeSupplyDepotDropCompleteOnly">
        <Count Link="SupplyDepotDrop" State="CompleteOnly"/>
        <Flags index="TechTreeCheat" value="0"/>
    </CRequirementCountUpgrade>
    <CRequirementCountUpgrade id="CountUpgradeTechReactorAICompleteOnly">
        <Count Link="TechReactorAI" State="CompleteOnly"/>
        <Flags index="TechTreeCheat" value="0"/>
    </CRequirementCountUpgrade>
    <CRequirementCountUpgrade id="CountUpgradeTechReactorCompleteOnly">
        <Count Link="TechReactor" State="CompleteOnly"/>
        <Flags index="TechTreeCheat" value="0"/>
    </CRequirementCountUpgrade>
    <CRequirementCountUpgrade id="CountUpgradeTerranInfantryArmorsVanadiumPlatingLevel1CompleteOnly3446134918">
        <Tooltip value="RequirementNode/Tooltip/CountUpgradeTerranInfantryArmorsVanadiumPlatingLevel1CompleteOnly2459994998"/>
        <Count Link="TerranInfantryArmorsVanadiumPlatingLevel1" State="CompleteOnly"/>
        <Flags index="TechTreeCheat" value="0"/>
    </CRequirementCountUpgrade>
    <CRequirementCountUpgrade id="CountUpgradeTerranInfantryArmorsVanadiumPlatingLevel1QueuedOrBetter">
        <Count Link="TerranInfantryArmorsVanadiumPlatingLevel1" State="QueuedOrBetter"/>
        <Flags index="TechTreeCheat" value="0"/>
    </CRequirementCountUpgrade>
    <CRequirementCountUpgrade id="CountUpgradeTerranInfantryArmorsVanadiumPlatingLevel2CompleteOnly3722837715">
        <Tooltip value="RequirementNode/Tooltip/CountUpgradeTerranInfantryArmorsVanadiumPlatingLevel2CompleteOnly732362011"/>
        <Count Link="TerranInfantryArmorsVanadiumPlatingLevel2" State="CompleteOnly"/>
        <Flags index="TechTreeCheat" value="0"/>
    </CRequirementCountUpgrade>
    <CRequirementCountUpgrade id="CountUpgradeTerranInfantryArmorsVanadiumPlatingLevel2QueuedOrBetter">
        <Count Link="TerranInfantryArmorsVanadiumPlatingLevel2" State="QueuedOrBetter"/>
        <Flags index="TechTreeCheat" value="0"/>
    </CRequirementCountUpgrade>
    <CRequirementCountUpgrade id="CountUpgradeTerranInfantryArmorsVanadiumPlatingLevel3QueuedOrBetter">
        <Count Link="TerranInfantryArmorsVanadiumPlatingLevel3" State="QueuedOrBetter"/>
        <Flags index="TechTreeCheat" value="0"/>
    </CRequirementCountUpgrade>
    <CRequirementCountUpgrade id="CountUpgradeTerranInfantryWeaponsUltraCapacitorsLevel1CompleteOnly1429793488">
        <Count Link="TerranInfantryWeaponsUltraCapacitorsLevel1" State="CompleteOnly"/>
        <Flags index="TechTreeCheat" value="0"/>
    </CRequirementCountUpgrade>
    <CRequirementCountUpgrade id="CountUpgradeTerranInfantryWeaponsUltraCapacitorsLevel1QueuedOrBetter">
        <Count Link="TerranInfantryWeaponsUltraCapacitorsLevel1" State="QueuedOrBetter"/>
        <Flags index="TechTreeCheat" value="0"/>
    </CRequirementCountUpgrade>
    <CRequirementCountUpgrade id="CountUpgradeTerranInfantryWeaponsUltraCapacitorsLevel2CompleteOnly1429793488">
        <Count Link="TerranInfantryWeaponsUltraCapacitorsLevel2" State="CompleteOnly"/>
        <Flags index="TechTreeCheat" value="0"/>
    </CRequirementCountUpgrade>
    <CRequirementCountUpgrade id="CountUpgradeTerranInfantryWeaponsUltraCapacitorsLevel2QueuedOrBetter">
        <Count Link="TerranInfantryWeaponsUltraCapacitorsLevel2" State="QueuedOrBetter"/>
        <Flags index="TechTreeCheat" value="0"/>
    </CRequirementCountUpgrade>
    <CRequirementCountUpgrade id="CountUpgradeTerranInfantryWeaponsUltraCapacitorsLevel3QueuedOrBetter">
        <Count Link="TerranInfantryWeaponsUltraCapacitorsLevel3" State="QueuedOrBetter"/>
        <Flags index="TechTreeCheat" value="0"/>
    </CRequirementCountUpgrade>
    <CRequirementCountUpgrade id="CountUpgradeTerranShipArmorsVanadiumPlatingLevel1CompleteOnly3052852033">
        <Count Link="TerranShipArmorsVanadiumPlatingLevel1" State="CompleteOnly"/>
        <Flags index="TechTreeCheat" value="0"/>
    </CRequirementCountUpgrade>
    <CRequirementCountUpgrade id="CountUpgradeTerranShipArmorsVanadiumPlatingLevel1QueuedOrBetter">
        <Count Link="TerranShipArmorsVanadiumPlatingLevel1" State="QueuedOrBetter"/>
        <Flags index="TechTreeCheat" value="0"/>
    </CRequirementCountUpgrade>
    <CRequirementCountUpgrade id="CountUpgradeTerranShipArmorsVanadiumPlatingLevel2CompleteOnly1864353859">
        <Count Link="TerranShipArmorsVanadiumPlatingLevel2" State="CompleteOnly"/>
        <Flags index="TechTreeCheat" value="0"/>
    </CRequirementCountUpgrade>
    <CRequirementCountUpgrade id="CountUpgradeTerranShipArmorsVanadiumPlatingLevel2QueuedOrBetter">
        <Count Link="TerranShipArmorsVanadiumPlatingLevel2" State="QueuedOrBetter"/>
        <Flags index="TechTreeCheat" value="0"/>
    </CRequirementCountUpgrade>
    <CRequirementCountUpgrade id="CountUpgradeTerranShipArmorsVanadiumPlatingLevel3QueuedOrBetter">
        <Count Link="TerranShipArmorsVanadiumPlatingLevel3" State="QueuedOrBetter"/>
        <Flags index="TechTreeCheat" value="0"/>
    </CRequirementCountUpgrade>
    <CRequirementCountUpgrade id="CountUpgradeTerranShipWeaponsUltraCapacitorsLevel1CompleteOnly285961020">
        <Count Link="TerranShipWeaponsUltraCapacitorsLevel1" State="CompleteOnly"/>
        <Flags index="TechTreeCheat" value="0"/>
    </CRequirementCountUpgrade>
    <CRequirementCountUpgrade id="CountUpgradeTerranShipWeaponsUltraCapacitorsLevel1QueuedOrBetter">
        <Count Link="TerranShipWeaponsUltraCapacitorsLevel1" State="QueuedOrBetter"/>
        <Flags index="TechTreeCheat" value="0"/>
    </CRequirementCountUpgrade>
    <CRequirementCountUpgrade id="CountUpgradeTerranShipWeaponsUltraCapacitorsLevel2CompleteOnly1004646809">
        <Count Link="TerranShipWeaponsUltraCapacitorsLevel2" State="CompleteOnly"/>
        <Flags index="TechTreeCheat" value="0"/>
    </CRequirementCountUpgrade>
    <CRequirementCountUpgrade id="CountUpgradeTerranShipWeaponsUltraCapacitorsLevel2QueuedOrBetter">
        <Count Link="TerranShipWeaponsUltraCapacitorsLevel2" State="QueuedOrBetter"/>
        <Flags index="TechTreeCheat" value="0"/>
    </CRequirementCountUpgrade>
    <CRequirementCountUpgrade id="CountUpgradeTerranShipWeaponsUltraCapacitorsLevel3QueuedOrBetter">
        <Count Link="TerranShipWeaponsUltraCapacitorsLevel3" State="QueuedOrBetter"/>
        <Flags index="TechTreeCheat" value="0"/>
    </CRequirementCountUpgrade>
    <CRequirementCountUpgrade id="CountUpgradeTerranVehicleArmorsVanadiumPlatingLevel1CompleteOnly1121594928">
        <Count Link="TerranVehicleArmorsVanadiumPlatingLevel1" State="CompleteOnly"/>
        <Flags index="TechTreeCheat" value="0"/>
    </CRequirementCountUpgrade>
    <CRequirementCountUpgrade id="CountUpgradeTerranVehicleArmorsVanadiumPlatingLevel1QueuedOrBetter">
        <Count Link="TerranVehicleArmorsVanadiumPlatingLevel1" State="QueuedOrBetter"/>
        <Flags index="TechTreeCheat" value="0"/>
    </CRequirementCountUpgrade>
    <CRequirementCountUpgrade id="CountUpgradeTerranVehicleArmorsVanadiumPlatingLevel2CompleteOnly2517918925">
        <Count Link="TerranVehicleArmorsVanadiumPlatingLevel2" State="CompleteOnly"/>
        <Flags index="TechTreeCheat" value="0"/>
    </CRequirementCountUpgrade>
    <CRequirementCountUpgrade id="CountUpgradeTerranVehicleArmorsVanadiumPlatingLevel2QueuedOrBetter">
        <Count Link="TerranVehicleArmorsVanadiumPlatingLevel2" State="QueuedOrBetter"/>
        <Flags index="TechTreeCheat" value="0"/>
    </CRequirementCountUpgrade>
    <CRequirementCountUpgrade id="CountUpgradeTerranVehicleArmorsVanadiumPlatingLevel3QueuedOrBetter">
        <Count Link="TerranVehicleArmorsVanadiumPlatingLevel3" State="QueuedOrBetter"/>
        <Flags index="TechTreeCheat" value="0"/>
    </CRequirementCountUpgrade>
    <CRequirementCountUpgrade id="CountUpgradeTerranVehicleWeaponsUltraCapacitorsLevel1CompleteOnly1834932227">
        <Count Link="TerranVehicleWeaponsUltraCapacitorsLevel1" State="CompleteOnly"/>
        <Flags index="TechTreeCheat" value="0"/>
    </CRequirementCountUpgrade>
    <CRequirementCountUpgrade id="CountUpgradeTerranVehicleWeaponsUltraCapacitorsLevel1QueuedOrBetter">
        <Count Link="TerranVehicleWeaponsUltraCapacitorsLevel1" State="QueuedOrBetter"/>
        <Flags index="TechTreeCheat" value="0"/>
    </CRequirementCountUpgrade>
    <CRequirementCountUpgrade id="CountUpgradeTerranVehicleWeaponsUltraCapacitorsLevel2CompleteOnly894233239">
        <Count Link="TerranVehicleWeaponsUltraCapacitorsLevel2" State="CompleteOnly"/>
        <Flags index="TechTreeCheat" value="0"/>
    </CRequirementCountUpgrade>
    <CRequirementCountUpgrade id="CountUpgradeTerranVehicleWeaponsUltraCapacitorsLevel2QueuedOrBetter">
        <Count Link="TerranVehicleWeaponsUltraCapacitorsLevel2" State="QueuedOrBetter"/>
        <Flags index="TechTreeCheat" value="0"/>
    </CRequirementCountUpgrade>
    <CRequirementCountUpgrade id="CountUpgradeTerranVehicleWeaponsUltraCapacitorsLevel3QueuedOrBetter">
        <Count Link="TerranVehicleWeaponsUltraCapacitorsLevel3" State="QueuedOrBetter"/>
        <Flags index="TechTreeCheat" value="0"/>
    </CRequirementCountUpgrade>
    <CRequirementCountUpgrade id="CountUpgradeTriLithiumPowerCellsCompleteOnly">
        <Count Link="TriLithiumPowerCells" State="CompleteOnly"/>
        <Flags index="TechTreeCheat" value="0"/>
    </CRequirementCountUpgrade>
    <CRequirementCountUpgrade id="CountUpgradeTwinLinkedFlameThrowersCompleteOnly">
        <Count Link="TwinLinkedFlameThrowers" State="CompleteOnly"/>
        <Flags index="TechTreeCheat" value="0"/>
    </CRequirementCountUpgrade>
    <CRequirementCountUpgrade id="CountUpgradeUltraCapacitorsCompleteOnly">
        <Count Link="UltraCapacitors" State="CompleteOnly"/>
        <Flags index="TechTreeCheat" value="0"/>
    </CRequirementCountUpgrade>
    <CRequirementCountUpgrade id="CountUpgradeUltrasonicPulseCompleteOnly">
        <Count Link="UltrasonicPulse" State="CompleteOnly"/>
        <Flags index="TechTreeCheat" value="0"/>
    </CRequirementCountUpgrade>
    <CRequirementCountUpgrade id="CountUpgradeVanadiumPlatingCompleteOnly">
        <Count Link="VanadiumPlating" State="CompleteOnly"/>
        <Flags index="TechTreeCheat" value="0"/>
    </CRequirementCountUpgrade>
    <CRequirementCountUpgrade id="CountUpgradeViralPlasmaCompleteOnly">
        <Count Link="ViralPlasma" State="CompleteOnly"/>
        <Flags index="TechTreeCheat" value="0"/>
    </CRequirementCountUpgrade>
    <CRequirementCountUpgrade id="CountUpgradeWraithCloakCompleteOnly">
        <Count Link="WraithCloak" State="CompleteOnly"/>
        <Flags index="TechTreeCheat" value="0"/>
    </CRequirementCountUpgrade>
    <CRequirementCountUpgrade id="CountUpgradeWraithCloakQueuedOrBetter">
        <Count Link="WraithCloak" State="QueuedOrBetter"/>
        <Flags index="TechTreeCheat" value="0"/>
    </CRequirementCountUpgrade>
    <CRequirementCountUpgrade id="CountUpgradeYamatoCannonCompleteOnly">
        <Count Link="YamatoCannon" State="CompleteOnly"/>
        <Flags index="TechTreeCheat" value="0"/>
    </CRequirementCountUpgrade>
    <CRequirementEq id="Eq1709561124CountBehaviorSwapToRaynorBasicWeaponCompleteOnlyAtUnit0">
        <OperandArray index="0" value="CountBehaviorSwapToRaynorBasicWeaponCompleteOnlyAtUnit"/>
        <OperandArray index="1" value="0"/>
    </CRequirementEq>
    <CRequirementEq id="Eq1709561124CountBehaviorSwapToRaynorFlameGunCompleteOnlyAtUnit0">
        <OperandArray index="0" value="CountBehaviorSwapToRaynorFlameGunCompleteOnlyAtUnit"/>
        <OperandArray index="1" value="0"/>
    </CRequirementEq>
    <CRequirementEq id="Eq1709561124CountBehaviorSwapToRaynorGatlingGunCompleteOnlyAtUnit0">
        <OperandArray index="0" value="CountBehaviorSwapToRaynorGatlingGunCompleteOnlyAtUnit"/>
        <OperandArray index="1" value="0"/>
    </CRequirementEq>
    <CRequirementEq id="Eq1709561124CountBehaviorSwapToRaynorPlasmaGunCompleteOnlyAtUnit0">
        <OperandArray index="0" value="CountBehaviorSwapToRaynorPlasmaGunCompleteOnlyAtUnit"/>
        <OperandArray index="1" value="0"/>
    </CRequirementEq>
    <CRequirementEq id="Eq1941230143CountUnitArtanisQueuedOrBetter0">
        <OperandArray index="0" value="CountUnitArtanisQueuedOrBetter"/>
        <OperandArray index="1" value="0"/>
    </CRequirementEq>
    <CRequirementEq id="EqCountBehaviorSwapToDevastatorMissilesCompleteOnlyAtUnit0">
        <OperandArray index="0" value="CountBehaviorSwapToDevastatorMissilesCompleteOnlyAtUnit"/>
        <OperandArray index="1" value="0"/>
    </CRequirementEq>
    <CRequirementEq id="EqCountBehaviorSwapToHailstormMissilesCompleteOnlyAtUnit0">
        <OperandArray index="0" value="CountBehaviorSwapToHailstormMissilesCompleteOnlyAtUnit"/>
        <OperandArray index="1" value="0"/>
    </CRequirementEq>
    <CRequirementEq id="EqCountBehaviorSwapToLongboltMissilesCompleteOnlyAtUnit0">
        <OperandArray index="0" value="CountBehaviorSwapToLongboltMissilesCompleteOnlyAtUnit"/>
        <OperandArray index="1" value="0"/>
    </CRequirementEq>
    <CRequirementEq id="EqCountUnitFlamingBettyCompleteOnly1">
        <OperandArray index="0" value="CountUnitFlamingBettyCompleteOnly"/>
        <OperandArray index="1" value="1"/>
    </CRequirementEq>
    <CRequirementLT id="LT172494085CountUnitInterceptorQueuedOrBetterAtUnit4">
        <Tooltip value="RequirementNode/Tooltip/LT87589336CountUnitInterceptorQueuedOrBetterAtUnit4"/>
        <OperandArray index="0" value="CountUnitInterceptorQueuedOrBetterAtUnit"/>
        <OperandArray index="1" value="4"/>
    </CRequirementLT>
    <CRequirementLT id="LT3990822897CountUnitSelendisInterceptorQueuedOrBetterAtUnit8">
        <Tooltip value="RequirementNode/Tooltip/LTCountUnitSelendisInterceptorQueuedOrBetterAtUnit8"/>
        <OperandArray index="0" value="CountUnitSelendisInterceptorQueuedOrBetterAtUnit"/>
        <OperandArray index="1" value="8"/>
    </CRequirementLT>
    <CRequirementLT id="LT4015000319CountUnitInterceptorQueuedOrBetterAtUnit6">
        <Tooltip value="RequirementNode/Tooltip/LT907222348CountUnitInterceptorQueuedOrBetterAtUnit6"/>
        <OperandArray index="0" value="CountUnitInterceptorQueuedOrBetterAtUnit"/>
        <OperandArray index="1" value="6"/>
    </CRequirementLT>
    <CRequirementNot id="Not1610623376CountUnitAlias_CommandCenterCompleteOnly">
        <OperandArray index="0" value="CountUnitAlias_CommandCenterCompleteOnly"/>
    </CRequirementNot>
    <CRequirementNot id="Not2542781843CountBehaviorAlreadyDominatingInProgressOrBetter">
        <OperandArray index="0" value="CountBehaviorAlreadyDominatingInProgressOrBetter"/>
    </CRequirementNot>
    <CRequirementNot id="Not3687802547CountUnitNukeQueuedOrBetterAtUnit">
        <OperandArray index="0" value="CountUnitNukeQueuedOrBetterAtUnit"/>
    </CRequirementNot>
    <CRequirementNot id="Not83801426CountUnitSpectreNukeQueuedOrBetterAtUnit">
        <Tooltip value="RequirementNode/Tooltip/Not3687802547CountUnitSpectreNukeQueuedOrBetterAtUnit"/>
        <OperandArray index="0" value="CountUnitSpectreNukeQueuedOrBetterAtUnit"/>
    </CRequirementNot>
    <CRequirementNot id="NotCountBehaviorAlreadyDominatingInProgressOrBetter">
        <OperandArray index="0" value="CountBehaviorAlreadyDominatingInProgressOrBetter"/>
    </CRequirementNot>
    <CRequirementNot id="NotCountBehaviorSpectreHoldFireBCompleteOnlyAtUnit">
        <OperandArray index="0" value="CountBehaviorSpectreHoldFireBCompleteOnlyAtUnit"/>
    </CRequirementNot>
    <CRequirementNot id="NotCountBehaviorUnderConstructionCompleteOnlyAtUnit">
        <OperandArray index="0" value="CountBehaviorUnderConstructionCompleteOnlyAtUnit"/>
    </CRequirementNot>
    <CRequirementNot id="NotCountUnitDevilDogQueuedOrBetter">
        <OperandArray index="0" value="CountUnitDevilDogQueuedOrBetter"/>
    </CRequirementNot>
    <CRequirementNot id="NotCountUnitDevilDogTotal">
        <OperandArray index="0" value="CountUnitDevilDogTotal"/>
    </CRequirementNot>
    <CRequirementNot id="NotCountUnitDukesRevengeQueuedOrBetter">
        <OperandArray index="0" value="CountUnitDukesRevengeQueuedOrBetter"/>
    </CRequirementNot>
    <CRequirementNot id="NotCountUnitDukesRevengeTotal">
        <OperandArray index="0" value="CountUnitDukesRevengeTotal"/>
    </CRequirementNot>
    <CRequirementNot id="NotCountUnitDuskWingQueuedOrBetter">
        <OperandArray index="0" value="CountUnitDuskWingQueuedOrBetter"/>
    </CRequirementNot>
    <CRequirementNot id="NotCountUnitDuskWingTotal">
        <OperandArray index="0" value="CountUnitDuskWingTotal"/>
    </CRequirementNot>
    <CRequirementNot id="NotCountUnitHammerSecurityQueuedOrBetter">
        <OperandArray index="0" value="CountUnitHammerSecurityQueuedOrBetter"/>
    </CRequirementNot>
    <CRequirementNot id="NotCountUnitHammerSecurityTotal">
        <OperandArray index="0" value="CountUnitHammerSecurityTotal"/>
    </CRequirementNot>
    <CRequirementNot id="NotCountUnitHelsAngelFighterQueuedOrBetter">
        <OperandArray index="0" value="CountUnitHelsAngelFighterQueuedOrBetter"/>
    </CRequirementNot>
    <CRequirementNot id="NotCountUnitHelsAngelFighterTotal">
        <OperandArray index="0" value="CountUnitHelsAngelFighterTotal"/>
    </CRequirementNot>
    <CRequirementNot id="NotCountUnitHeroNukeQueuedOrBetterAtUnit">
        <OperandArray index="0" value="CountUnitHeroNukeQueuedOrBetterAtUnit"/>
    </CRequirementNot>
    <CRequirementNot id="NotCountUnitSiegeBreakerQueuedOrBetter">
        <OperandArray index="0" value="CountUnitSiegeBreakerQueuedOrBetter"/>
    </CRequirementNot>
    <CRequirementNot id="NotCountUnitSiegeBreakerTotal">
        <OperandArray index="0" value="CountUnitSiegeBreakerTotal"/>
    </CRequirementNot>
    <CRequirementNot id="NotCountUnitWarPigQueuedOrBetter">
        <OperandArray index="0" value="CountUnitWarPigQueuedOrBetter"/>
    </CRequirementNot>
    <CRequirementNot id="NotCountUnitWarPigTotal">
        <OperandArray index="0" value="CountUnitWarPigTotal"/>
    </CRequirementNot>
    <CRequirementNot id="NotCountUpgrade330mmBarrageCannonsCompleteOnly">
        <OperandArray index="0" value="CountUpgrade330mmBarrageCannonsCompleteOnly"/>
    </CRequirementNot>
    <CRequirementNot id="NotCountUpgradeAdvancedHealingAICompleteOnly">
        <OperandArray index="0" value="CountUpgradeAdvancedHealingAICompleteOnly"/>
    </CRequirementNot>
    <CRequirementNot id="NotCountUpgradeAresClassWeaponsSystemQueuedOrBetter">
        <OperandArray index="0" value="CountUpgradeAresClassWeaponsSystemQueuedOrBetter"/>
    </CRequirementNot>
    <CRequirementNot id="NotCountUpgradeAutoHarvesterCompleteOnly">
        <OperandArray index="0" value="CountUpgradeAutoHarvesterCompleteOnly"/>
    </CRequirementNot>
    <CRequirementNot id="NotCountUpgradeDualFusionWeldersCompleteOnly">
        <OperandArray index="0" value="CountUpgradeDualFusionWeldersCompleteOnly"/>
    </CRequirementNot>
    <CRequirementNot id="NotCountUpgradeFireSuppressionSystemsCompleteOnly">
        <OperandArray index="0" value="CountUpgradeFireSuppressionSystemsCompleteOnly"/>
    </CRequirementNot>
    <CRequirementNot id="NotCountUpgradeFlareResearchQueuedOrBetter">
        <OperandArray index="0" value="CountUpgradeFlareResearchQueuedOrBetter"/>
    </CRequirementNot>
    <CRequirementNot id="NotCountUpgradeFortifiedBunkerCarapaceCompleteOnly">
        <OperandArray index="0" value="CountUpgradeFortifiedBunkerCarapaceCompleteOnly"/>
    </CRequirementNot>
    <CRequirementNot id="NotCountUpgradeGraviticThrustersQueuedOrBetter">
        <OperandArray index="0" value="CountUpgradeGraviticThrustersQueuedOrBetter"/>
    </CRequirementNot>
    <CRequirementNot id="NotCountUpgradeInfernalPreIgnitersQueuedOrBetter">
        <OperandArray index="0" value="CountUpgradeInfernalPreIgnitersQueuedOrBetter"/>
    </CRequirementNot>
    <CRequirementNot id="NotCountUpgradeMarineStimpackQueuedOrBetter">
        <OperandArray index="0" value="CountUpgradeMarineStimpackQueuedOrBetter"/>
    </CRequirementNot>
    <CRequirementNot id="NotCountUpgradeNeoSteelFrameCompleteOnly">
        <OperandArray index="0" value="CountUpgradeNeoSteelFrameCompleteOnly"/>
    </CRequirementNot>
    <CRequirementNot id="NotCountUpgradeOrbitalRelayCompleteOnly">
        <OperandArray index="0" value="CountUpgradeOrbitalRelayCompleteOnly"/>
    </CRequirementNot>
    <CRequirementNot id="NotCountUpgradePermanentCloakGhostCompleteOnly">
        <OperandArray index="0" value="CountUpgradePermanentCloakGhostCompleteOnly"/>
    </CRequirementNot>
    <CRequirementNot id="NotCountUpgradePermanentCloakSpectreCompleteOnly">
        <OperandArray index="0" value="CountUpgradePermanentCloakSpectreCompleteOnly"/>
    </CRequirementNot>
    <CRequirementNot id="NotCountUpgradeShrikeTurretCompleteOnly">
        <OperandArray index="0" value="CountUpgradeShrikeTurretCompleteOnly"/>
    </CRequirementNot>
    <CRequirementNot id="NotCountUpgradeSiegeTankShapedBlastCompleteOnly">
        <OperandArray index="0" value="CountUpgradeSiegeTankShapedBlastCompleteOnly"/>
    </CRequirementNot>
    <CRequirementNot id="NotCountUpgradeSingularityChargeQueuedOrBetter">
        <OperandArray index="0" value="CountUpgradeSingularityChargeQueuedOrBetter"/>
    </CRequirementNot>
    <CRequirementNot id="NotCountUpgradeSupplyDepotDropCompleteOnly">
        <OperandArray index="0" value="CountUpgradeSupplyDepotDropCompleteOnly"/>
    </CRequirementNot>
    <CRequirementNot id="NotCountUpgradeTechReactorCompleteOnly">
        <OperandArray index="0" value="CountUpgradeTechReactorCompleteOnly"/>
    </CRequirementNot>
    <CRequirementNot id="NotCountUpgradeTerranInfantryArmorsVanadiumPlatingLevel1QueuedOrBetter">
        <OperandArray index="0" value="CountUpgradeTerranInfantryArmorsVanadiumPlatingLevel1QueuedOrBetter"/>
    </CRequirementNot>
    <CRequirementNot id="NotCountUpgradeTerranInfantryArmorsVanadiumPlatingLevel2QueuedOrBetter">
        <OperandArray index="0" value="CountUpgradeTerranInfantryArmorsVanadiumPlatingLevel2QueuedOrBetter"/>
    </CRequirementNot>
    <CRequirementNot id="NotCountUpgradeTerranInfantryArmorsVanadiumPlatingLevel3QueuedOrBetter">
        <OperandArray index="0" value="CountUpgradeTerranInfantryArmorsVanadiumPlatingLevel3QueuedOrBetter"/>
    </CRequirementNot>
    <CRequirementNot id="NotCountUpgradeTerranInfantryWeaponsUltraCapacitorsLevel1QueuedOrBetter">
        <OperandArray index="0" value="CountUpgradeTerranInfantryWeaponsUltraCapacitorsLevel1QueuedOrBetter"/>
    </CRequirementNot>
    <CRequirementNot id="NotCountUpgradeTerranInfantryWeaponsUltraCapacitorsLevel2QueuedOrBetter">
        <OperandArray index="0" value="CountUpgradeTerranInfantryWeaponsUltraCapacitorsLevel2QueuedOrBetter"/>
    </CRequirementNot>
    <CRequirementNot id="NotCountUpgradeTerranInfantryWeaponsUltraCapacitorsLevel3QueuedOrBetter">
        <OperandArray index="0" value="CountUpgradeTerranInfantryWeaponsUltraCapacitorsLevel3QueuedOrBetter"/>
    </CRequirementNot>
    <CRequirementNot id="NotCountUpgradeTerranShipArmorsVanadiumPlatingLevel1QueuedOrBetter">
        <OperandArray index="0" value="CountUpgradeTerranShipArmorsVanadiumPlatingLevel1QueuedOrBetter"/>
    </CRequirementNot>
    <CRequirementNot id="NotCountUpgradeTerranShipArmorsVanadiumPlatingLevel2QueuedOrBetter">
        <OperandArray index="0" value="CountUpgradeTerranShipArmorsVanadiumPlatingLevel2QueuedOrBetter"/>
    </CRequirementNot>
    <CRequirementNot id="NotCountUpgradeTerranShipArmorsVanadiumPlatingLevel3QueuedOrBetter">
        <OperandArray index="0" value="CountUpgradeTerranShipArmorsVanadiumPlatingLevel3QueuedOrBetter"/>
    </CRequirementNot>
    <CRequirementNot id="NotCountUpgradeTerranShipWeaponsUltraCapacitorsLevel1QueuedOrBetter">
        <OperandArray index="0" value="CountUpgradeTerranShipWeaponsUltraCapacitorsLevel1QueuedOrBetter"/>
    </CRequirementNot>
    <CRequirementNot id="NotCountUpgradeTerranShipWeaponsUltraCapacitorsLevel2QueuedOrBetter">
        <OperandArray index="0" value="CountUpgradeTerranShipWeaponsUltraCapacitorsLevel2QueuedOrBetter"/>
    </CRequirementNot>
    <CRequirementNot id="NotCountUpgradeTerranShipWeaponsUltraCapacitorsLevel3QueuedOrBetter">
        <OperandArray index="0" value="CountUpgradeTerranShipWeaponsUltraCapacitorsLevel3QueuedOrBetter"/>
    </CRequirementNot>
    <CRequirementNot id="NotCountUpgradeTerranVehicleArmorsVanadiumPlatingLevel1QueuedOrBetter">
        <OperandArray index="0" value="CountUpgradeTerranVehicleArmorsVanadiumPlatingLevel1QueuedOrBetter"/>
    </CRequirementNot>
    <CRequirementNot id="NotCountUpgradeTerranVehicleArmorsVanadiumPlatingLevel2QueuedOrBetter">
        <OperandArray index="0" value="CountUpgradeTerranVehicleArmorsVanadiumPlatingLevel2QueuedOrBetter"/>
    </CRequirementNot>
    <CRequirementNot id="NotCountUpgradeTerranVehicleArmorsVanadiumPlatingLevel3QueuedOrBetter">
        <OperandArray index="0" value="CountUpgradeTerranVehicleArmorsVanadiumPlatingLevel3QueuedOrBetter"/>
    </CRequirementNot>
    <CRequirementNot id="NotCountUpgradeTerranVehicleWeaponsUltraCapacitorsLevel1QueuedOrBetter">
        <OperandArray index="0" value="CountUpgradeTerranVehicleWeaponsUltraCapacitorsLevel1QueuedOrBetter"/>
    </CRequirementNot>
    <CRequirementNot id="NotCountUpgradeTerranVehicleWeaponsUltraCapacitorsLevel2QueuedOrBetter">
        <OperandArray index="0" value="CountUpgradeTerranVehicleWeaponsUltraCapacitorsLevel2QueuedOrBetter"/>
    </CRequirementNot>
    <CRequirementNot id="NotCountUpgradeTerranVehicleWeaponsUltraCapacitorsLevel3QueuedOrBetter">
        <OperandArray index="0" value="CountUpgradeTerranVehicleWeaponsUltraCapacitorsLevel3QueuedOrBetter"/>
    </CRequirementNot>
    <CRequirementNot id="NotCountUpgradeUltraCapacitorsCompleteOnly">
        <OperandArray index="0" value="CountUpgradeUltraCapacitorsCompleteOnly"/>
    </CRequirementNot>
    <CRequirementNot id="NotCountUpgradeVanadiumPlatingCompleteOnly">
        <OperandArray index="0" value="CountUpgradeVanadiumPlatingCompleteOnly"/>
    </CRequirementNot>
    <CRequirementNot id="NotCountUpgradeWraithCloakQueuedOrBetter">
        <OperandArray index="0" value="CountUpgradeWraithCloakQueuedOrBetter"/>
    </CRequirementNot>
    <CRequirementOr id="Or1155597731CountUpgradeStimpackCompleteOnlyCountUpgradeMarineStimpackCompleteOnly">
        <OperandArray value="CountUpgradeStimpackCompleteOnly"/>
        <OperandArray value="CountUpgradeMarineStimpackCompleteOnly"/>
    </CRequirementOr>
    <CRequirementOr id="Or96167438CountUnitFactoryCompleteOnly96167438TechTreeCheatCountUnitFactoryFlyingCompleteOnly1718561093TechTreeCheat">
        <OperandArray value="CountUnitFactoryCompleteOnly96167438TechTreeCheat"/>
        <OperandArray value="CountUnitFactoryFlyingCompleteOnly1718561093TechTreeCheat"/>
    </CRequirementOr>
    <CRequirementOr id="OrCountUnitAlias_TechLabCompleteOnlyAtUnit2589852481TechTreeCheatCountUpgradeAdvancedMedicTrainingCompleteOnly">
        <OperandArray value="CountUnitAlias_TechLabCompleteOnlyAtUnit2589852481TechTreeCheat"/>
        <OperandArray value="CountUpgradeAdvancedMedicTrainingCompleteOnly"/>
    </CRequirementOr>
    <CRequirementOr id="OrCountUpgradeCombatShieldCompleteOnlyCountUpgradeShieldWallCompleteOnly">
        <OperandArray value="CountUpgradeCombatShieldCompleteOnly"/>
        <OperandArray value="CountUpgradeShieldWallCompleteOnly"/>
    </CRequirementOr>
    <CRequirementOr id="OrCountUpgradeOrbitalRelayCompleteOnlyCountUnitOrbitalCommandCompleteOnlyAtUnit">
        <OperandArray value="CountUpgradeOrbitalRelayCompleteOnly"/>
        <OperandArray value="CountUnitOrbitalCommandCompleteOnlyAtUnit"/>
    </CRequirementOr>
    <CRequirementOr id="OrCountUpgradeScienceVesselEnergyManipulationCompleteOnlyCountUpgradeScienceVesselPlasmaWeaponryCompleteOnly">
        <OperandArray value="CountUpgradeScienceVesselEnergyManipulationCompleteOnly"/>
        <OperandArray value="CountUpgradeScienceVesselPlasmaWeaponryCompleteOnly"/>
    </CRequirementOr>
    <CRequirementCountUnit id="UnitMachineShopAttachedCompleteOnlyAtUnit">
        <Count Link="MachineShopAttached" State="CompleteOnlyAtUnit"/>
    </CRequirementCountUnit>
    <CRequirementCountUnit id="UnitBarracksTechLabCompleteOnlyAtUnit"/>
    <CRequirementCountUnit id="UnitFactoryTechLabCompleteOnlyAtUnit"/>
    <CRequirementCountUnit id="UnitStarportTechLabCompleteOnlyAtUnit"/>
    <CRequirementCountUnit id="UnitStarportTechReactorCompleteOnlyAtUnit">
        <Count Link="StarportTechReactor" State="CompleteOnlyAtUnit"/>
    </CRequirementCountUnit>
    <CRequirementOr id="OrUnitStarportTechLabCompleteOnlyAtUnitUnitStarportTechReactorCompleteOnlyAtUnit">
        <Tooltip value="TechTree/AttachedTechLab"/>
        <OperandArray value="UnitStarportTechLabCompleteOnlyAtUnit"/>
        <OperandArray value="UnitStarportTechReactorCompleteOnlyAtUnit"/>
    </CRequirementOr>
    <CRequirementCountUnit id="UnitBlackMarketCompleteOnly"/>
    <CRequirementCountUnit id="UnitShadowOpsCompleteOnly"/>
    <CRequirementAnd id="AndUnitFusionCoreCompleteOnlyOrUnitStarportTechLabCompleteOnlyAtUnitUnitStarportTechReactorCompleteOnlyAtUnit">
        <OperandArray value="UnitFusionCoreCompleteOnly"/>
        <OperandArray value="OrUnitStarportTechLabCompleteOnlyAtUnitUnitStarportTechReactorCompleteOnlyAtUnit"/>
    </CRequirementAnd>
    <CRequirementNot id="NotUpgradeSpiderMineResearchQueuedOrBetter">
        <OperandArray index="0" value="UpgradeSpiderMineResearchQueuedOrBetter"/>
    </CRequirementNot>
    <CRequirementCountUpgrade id="UpgradeSpiderMineResearchQueuedOrBetter">
        <Count Link="SpiderMineResearch" State="QueuedOrBetter"/>
    </CRequirementCountUpgrade>
    <CRequirementCountUpgrade id="UpgradeMarineStimpacksCompleteOnly">
        <Count Link="MarineStimpacks" State="CompleteOnly"/>
    </CRequirementCountUpgrade>
    <CRequirementCountUpgrade id="UpgradeReaperStimpacksCompleteOnly">
        <Count Link="ReaperStimpacks" State="CompleteOnly"/>
    </CRequirementCountUpgrade>
    <CRequirementCountUpgrade id="UpgradeBlackWidowMinesCompleteOnly">
        <Count Link="BlackWidowMines" State="CompleteOnly"/>
    </CRequirementCountUpgrade>
    <CRequirementCountUpgrade id="UpgradeClusterGrenadesCompleteOnly">
        <Count Link="ClusterGrenades" State="CompleteOnly"/>
    </CRequirementCountUpgrade>
    <CRequirementNot id="NotUpgradeVikingAATargetingCompleteOnly">
        <OperandArray index="0" value="UpgradeVikingAATargetingCompleteOnly"/>
    </CRequirementNot>
    <CRequirementCountUpgrade id="UpgradeVikingAATargetingCompleteOnly">
        <Count Link="VikingAATargeting" State="CompleteOnly"/>
    </CRequirementCountUpgrade>
    <CRequirementCountUpgrade id="CountUpgradeMicrofusionReactorsCompleteOnly">
        <Count Link="MicrofusionReactors" State="CompleteOnly"/>
    </CRequirementCountUpgrade>
    <CRequirementCountBehavior id="CountBehaviorSwapToRaynorGatlingGunCompleteOnlyAtUnit">
        <Count Link="SwapToRaynorGatlingGun" State="CompleteOnlyAtUnit"/>
        <Flags index="TechTreeCheat" value="0"/>
    </CRequirementCountBehavior>
    <CRequirementEq id="Eq2498588151CountBehaviorSwapToRaynorGatlingGunCompleteOnlyAtUnit0">
        <OperandArray index="0" value="CountBehaviorSwapToRaynorGatlingGunCompleteOnlyAtUnit"/>
        <OperandArray index="1" value="0"/>
    </CRequirementEq>
    <CRequirementCountBehavior id="CountBehaviorSwapToRaynorFlameGunCompleteOnlyAtUnit">
        <Count Link="SwapToRaynorFlameGun" State="CompleteOnlyAtUnit"/>
        <Flags index="TechTreeCheat" value="0"/>
    </CRequirementCountBehavior>
    <CRequirementEq id="Eq2498588151CountBehaviorSwapToRaynorFlameGunCompleteOnlyAtUnit0">
        <OperandArray index="0" value="CountBehaviorSwapToRaynorFlameGunCompleteOnlyAtUnit"/>
        <OperandArray index="1" value="0"/>
    </CRequirementEq>
    <CRequirementCountUpgrade id="CountUpgradeDarkProtossQueuedOrBetter">
        <Count Link="DarkProtoss" State="QueuedOrBetter"/>
    </CRequirementCountUpgrade>
    <CRequirementNot id="NotCountUpgradeDarkProtossQueuedOrBetter">
        <OperandArray index="0" value="CountUpgradeDarkProtossQueuedOrBetter"/>
    </CRequirementNot>
    <CRequirementCountUpgrade id="UpgradeHyperionYamatoEngineCompleteOnly">
        <Count Link="HyperionYamatoEngine" State="CompleteOnly"/>
    </CRequirementCountUpgrade>
    <CRequirementNot id="NotUpgradeDefensiveMatrixResearchQueuedOrBetter">
        <OperandArray index="0" value="UpgradeDefensiveMatrixResearchQueuedOrBetter"/>
    </CRequirementNot>
    <CRequirementNot id="NotUpgradeVultureSpeedQueuedOrBetter">
        <OperandArray index="0" value="UpgradeVultureSpeedQueuedOrBetter"/>
    </CRequirementNot>
    <CRequirementEq id="Eq2459994998CountUpgradeTerranInfantryArmorsLevel1CompleteOnly1">
        <OperandArray index="0" value="CountUpgradeTerranInfantryArmorsLevel1CompleteOnly"/>
        <OperandArray index="1" value="1"/>
    </CRequirementEq>
    <CRequirementEq id="Eq732362011CountUpgradeTerranInfantryArmorsLevel2CompleteOnly1">
        <OperandArray index="0" value="CountUpgradeTerranInfantryArmorsLevel2CompleteOnly"/>
        <OperandArray index="1" value="1"/>
    </CRequirementEq>
    <CRequirementOr id="Or96167438CountUnitFactoryCompleteOnly96167438CountUnitFactoryFlyingCompleteOnly1718561093">
        <OperandArray value="CountUnitFactoryCompleteOnly96167438"/>
        <OperandArray value="CountUnitFactoryFlyingCompleteOnly1718561093"/>
    </CRequirementOr>
    <CRequirementCountUnit id="CountUnitFactoryCompleteOnly96167438">
        <Count Link="Factory" State="CompleteOnly"/>
    </CRequirementCountUnit>
    <CRequirementCountUnit id="CountUnitFactoryFlyingCompleteOnly1718561093">
        <Count Link="FactoryFlying" State="CompleteOnly"/>
    </CRequirementCountUnit>
    <CRequirementCountBehavior id="CountBehaviorTestHeroGrabCompleteOnlyAtUnit">
        <Flags index="TechTreeCheat" value="0"/>
        <Count Link="TestHeroGrab" State="CompleteOnlyAtUnit"/>
    </CRequirementCountBehavior>
    <CRequirementNot id="NotCountBehaviorTestHeroGrabCompleteOnlyAtUnit">
        <OperandArray index="0" value="CountBehaviorTestHeroGrabCompleteOnlyAtUnit"/>
    </CRequirementNot>
</Catalog>
