<?xml version="1.0" encoding="us-ascii"?>
<Catalog>
    <CRequirement id="AdvancedHealingAIPurchased">
        <NodeArray index="Show" Link="CountUpgradeAdvancedHealingAICompleteOnly"/>
    </CRequirement>
    <CRequirement id="AdvancedHealingAINotPurchased">
        <NodeArray index="Show" Link="NotCountUpgradeAdvancedHealingAICompleteOnly"/>
    </CRequirement>
    <CRequirement id="ArmInterceptor4">
        <EditorCategories value="Race:Protoss,TechType:Unit"/>
        <NodeArray index="Use" Link="LT172494085CountUnitInterceptorQueuedOrBetterAtUnit4"/>
    </CRequirement>
    <CRequirement id="ArmInterceptor6">
        <EditorCategories value="Race:Protoss,TechType:Unit"/>
        <NodeArray index="Use" Link="LT4015000319CountUnitInterceptorQueuedOrBetterAtUnit6"/>
    </CRequirement>
    <CRequirement id="AutoHarvesterResearched">
        <NodeArray index="Show" Link="CountUpgradeAutoHarvesterCompleteOnly"/>
    </CRequirement>
    <CRequirement id="DontHave330mmBarrageCannonsHaveCellularReactors">
        <EditorCategories value="Race:Terran,TechType:Upgrade"/>
        <NodeArray index="Use" Link="AndNotCountUpgrade330mmBarrageCannonsCompleteOnlyCountUpgradeCellularReactorsCompleteOnly"/>
    </CRequirement>
    <CRequirement id="DontHaveCommandCenter">
        <EditorCategories value="Race:Terran,TechType:Unit"/>
        <NodeArray index="Use" Link="Not1610623376CountUnitAlias_CommandCenterCompleteOnly"/>
    </CRequirement>
    <CRequirement id="DontHave330mmBarrageCannons">
        <EditorCategories value="Race:Terran,TechType:Upgrade"/>
        <NodeArray index="Use" Link="NotCountUpgrade330mmBarrageCannonsCompleteOnly"/>
    </CRequirement>
    <CRequirement id="HideFortifiedBunker">
        <EditorCategories value="Race:Terran,TechType:Unit"/>
        <NodeArray index="Use" Link="CountUnitAlias_BarracksCompleteOnly789532539TechTreeCheat"/>
        <NodeArray index="Show" Link="NotCountUpgradeFortifiedBunkerCarapaceCompleteOnly"/>
    </CRequirement>
    <CRequirement id="NotFortifiedCarapace">
        <EditorCategories value="Race:Terran,TechType:Unit"/>
        <NodeArray index="Use" Link="NotCountUpgradeFortifiedBunkerCarapaceCompleteOnly"/>
    </CRequirement>
    <CRequirement id="ShrikeTurretNotResearched">
        <EditorCategories value="Race:Terran,TechType:Upgrade"/>
        <NodeArray index="Use" Link="NotCountUpgradeShrikeTurretCompleteOnly"/>
    </CRequirement>
    <CRequirement id="SpectreHoldingFire">
        <EditorCategories value="Race:Terran,TechType:Ability"/>
        <NodeArray index="Show" Link="CountBehaviorSpectreHoldFireBCompleteOnlyAtUnit"/>
    </CRequirement>
    <CRequirement id="SpectreNotHoldingFire">
        <EditorCategories value="Race:Terran,TechType:Ability"/>
        <NodeArray index="Show" Link="NotCountBehaviorSpectreHoldFireBCompleteOnlyAtUnit"/>
    </CRequirement>
    <CRequirement id="Use330mmBarrageCannons">
        <EditorCategories value="Race:Terran,TechType:Upgrade"/>
        <NodeArray index="Use" Link="CountUpgrade330mmBarrageCannonsCompleteOnly"/>
    </CRequirement>
    <CRequirement id="HaveReinforcedSuperstructure">
        <EditorCategories value="Race:Terran,TechType:Upgrade"/>
        <NodeArray index="Use" Link="CountUpgradeReinforcedSuperstructureCompleteOnly"/>
    </CRequirement>
    <CRequirement id="HaveMicroFiltering">
        <EditorCategories value="Race:Terran,TechType:Upgrade"/>
        <NodeArray index="Show" Link="CountUpgradeMicroFilteringCompleteOnly"/>
    </CRequirement>
    <CRequirement id="HideCommandCenter">
        <EditorCategories value="Race:Terran,TechType:Unit"/>
        <NodeArray index="Show" Link="NotCountUpgradeOrbitalRelayCompleteOnly"/>
    </CRequirement>
    <CRequirement id="MercPHTrainGoliath">
        <NodeArray index="Show" Link="AndCountUpgradeHireSpartanCompanyPHCompleteOnlyNotCountBehaviorUnderConstructionCompleteOnlyAtUnit"/>
    </CRequirement>
    <CRequirement id="MercPHTrainFirebat">
        <NodeArray index="Show" Link="AndCountUpgradeHireDevilDogsPHCompleteOnlyNotCountBehaviorUnderConstructionCompleteOnlyAtUnit"/>
    </CRequirement>
    <CRequirement id="MercPHTrainBanshee">
        <NodeArray index="Show" Link="AndCountUpgradeHireDuskWingPHCompleteOnlyNotCountBehaviorUnderConstructionCompleteOnlyAtUnit"/>
    </CRequirement>
    <CRequirement id="MercPHTrainBattleCruiser">
        <NodeArray index="Show" Link="AndCountUpgradeHireDukesRevengeCompleteOnlyNotCountBehaviorUnderConstructionCompleteOnlyAtUnit"/>
    </CRequirement>
    <CRequirement id="MercPHTrainSiegeTank">
        <NodeArray index="Show" Link="AndCountUpgradeHireSiegeBreakersPHCompleteOnlyNotCountBehaviorUnderConstructionCompleteOnlyAtUnit"/>
    </CRequirement>
    <CRequirement id="MercPHTrainViking">
        <NodeArray index="Show" Link="AndCountUpgradeHireHelsAngelsPHCompleteOnlyNotCountBehaviorUnderConstructionCompleteOnlyAtUnit"/>
    </CRequirement>
    <CRequirement id="MercPHTrainMarauder">
        <NodeArray index="Show" Link="AndCountUpgradeHireHammerSecuritiesPHCompleteOnlyNotCountBehaviorUnderConstructionCompleteOnlyAtUnit"/>
    </CRequirement>
    <CRequirement id="MercPHTrainMarine">
        <NodeArray index="Show" Link="AndCountUpgradeHireKelmorianMinersPHCompleteOnlyNotCountBehaviorUnderConstructionCompleteOnlyAtUnit"/>
    </CRequirement>
    <CRequirement id="HaveDetector12">
        <EditorCategories value="Race:Protoss,TechType:Upgrade"/>
        <NodeArray index="Show" Link="CountBehaviorDetector12CompleteOnly"/>
    </CRequirement>
    <CRequirement id="UseLurkerAspect">
        <EditorCategories value="Race:Zerg,TechType:Unit"/>
        <NodeArray index="Use" Link="CountUnitLurkerDenCompleteOnlyTechTreeCheat"/>
    </CRequirement>
    <CRequirement id="HaveOrbitalRelay">
        <EditorCategories value="Race:Terran,TechType:Upgrade"/>
        <NodeArray index="Show" Link="CountUpgradeOrbitalRelayCompleteOnly"/>
    </CRequirement>
    <CRequirement id="PhobusClassWeaponSystemsResearched">
        <EditorCategories value="Race:Terran"/>
        <NodeArray index="Show" Link="CountUpgradeAresClassWeaponsSystemVikingCompleteOnly"/>
    </CRequirement>
    <CRequirement id="FireSuppressionSystemsResearched">
        <NodeArray index="Use" Link="CountUpgradeFireSuppressionSystemsCompleteOnly"/>
    </CRequirement>
    <CRequirement id="FortifiedCarapace">
        <EditorCategories value="Race:Terran,TechType:Unit"/>
        <NodeArray index="Show" Link="CountUpgradeFortifiedBunkerCarapaceCompleteOnly"/>
    </CRequirement>
    <CRequirement id="BuildScienceVessel">
        <EditorCategories value="Race:Terran,TechType:Unit"/>
        <NodeArray index="Use" Link="CountUnitAlias_TechLabCompleteOnlyAtUnit2589852481TechTreeCheat"/>
        <NodeArray index="Show" Link="CountUpgradeScienceVesselCompleteOnly"/>
    </CRequirement>
    <CRequirement id="CommandCenterReactorResearched">
        <NodeArray index="Use" Link="CountUpgradeCommandCenterReactorCompleteOnly"/>
    </CRequirement>
    <CRequirement id="HaveAttachedTechLabOrMedicTraining">
        <EditorCategories value="Race:Terran,TechType:Unit"/>
        <NodeArray index="Use" Link="OrCountUnitAlias_TechLabCompleteOnlyAtUnit2589852481TechTreeCheatCountUpgradeAdvancedMedicTrainingCompleteOnly"/>
    </CRequirement>
    <CRequirement id="HaveD8ClusterBomb">
        <EditorCategories value="Race:Terran,TechType:Upgrade"/>
        <NodeArray index="Use" Link="CountUpgradeClusterBombCompleteOnly"/>
    </CRequirement>
    <CRequirement id="JumboBunkerResearched">
        <NodeArray index="Use" Link="CountUpgradeNeoSteelFrameCompleteOnly"/>
    </CRequirement>
    <CRequirement id="PermanentCloakGhostResearched">
        <EditorCategories value="Race:Terran,TechType:Upgrade"/>
        <NodeArray index="Show" Link="CountUpgradePermanentCloakGhostCompleteOnly"/>
    </CRequirement>
    <CRequirement id="PermanentCloakGhostResearchedHide">
        <EditorCategories value="Race:Terran,TechType:Upgrade"/>
        <NodeArray index="Show" Link="NotCountUpgradePermanentCloakGhostCompleteOnly"/>
    </CRequirement>
    <CRequirement id="PermanentCloakSpectreResearched">
        <EditorCategories value="Race:Terran,TechType:Upgrade"/>
        <NodeArray index="Show" Link="CountUpgradePermanentCloakSpectreCompleteOnly"/>
    </CRequirement>
    <CRequirement id="PermanentCloakSpectreResearchedHide">
        <EditorCategories value="Race:Terran,TechType:Upgrade"/>
        <NodeArray index="Show" Link="NotCountUpgradePermanentCloakSpectreCompleteOnly"/>
    </CRequirement>
    <CRequirement id="ProjectileAcceleratorsPurchased">
        <EditorCategories value="Race:Terran"/>
        <NodeArray index="Show" Link="CountUpgradeProjectileAcceleratorsCompleteOnly"/>
    </CRequirement>
    <CRequirement id="SpectrePermanentCloak">
        <NodeArray index="Use" Link="CountUpgradePermanentCloakSpectreCompleteOnly"/>
    </CRequirement>
    <CRequirement id="HideRefinery">
        <EditorCategories value="Race:Terran,TechType:Unit"/>
        <NodeArray index="Show" Link="NotCountUpgradeAutoHarvesterCompleteOnly"/>
    </CRequirement>
    <CRequirement id="GhostPermanentCloak">
        <NodeArray index="Use" Link="CountUpgradePermanentCloakGhostCompleteOnly"/>
    </CRequirement>
    <CRequirement id="LearnTerranInfantryArmorVanadiumPlating3">
        <EditorCategories value="Race:Terran,TechType:Upgrade"/>
        <NodeArray index="Use" Link="CountUpgradeTerranInfantryArmorsVanadiumPlatingLevel2CompleteOnly3722837715"/>
        <NodeArray index="Show" Link="AndNotCountUpgradeTerranInfantryArmorsVanadiumPlatingLevel3QueuedOrBetterCountUpgradeVanadiumPlatingCompleteOnly"/>
    </CRequirement>
    <CRequirement id="LearnTerranInfantryArmorVanadiumPlating2">
        <EditorCategories value="Race:Terran,TechType:Upgrade"/>
        <NodeArray index="Use" Link="CountUpgradeTerranInfantryArmorsVanadiumPlatingLevel1CompleteOnly3446134918"/>
        <NodeArray index="Show" Link="AndNotCountUpgradeTerranInfantryArmorsVanadiumPlatingLevel2QueuedOrBetterCountUpgradeVanadiumPlatingCompleteOnly"/>
    </CRequirement>
    <CRequirement id="LearnTerranInfantryArmorVanadiumPlating1">
        <EditorCategories value="Race:Terran,TechType:Upgrade"/>
        <NodeArray index="Show" Link="AndNotCountUpgradeTerranInfantryArmorsVanadiumPlatingLevel1QueuedOrBetterCountUpgradeVanadiumPlatingCompleteOnly"/>
    </CRequirement>
    <CRequirement id="LearnTerranInfantryWeaponUltraCapacitors3">
        <EditorCategories value="Race:Terran,TechType:Upgrade"/>
        <NodeArray index="Use" Link="CountUpgradeTerranInfantryWeaponsUltraCapacitorsLevel2CompleteOnly1429793488"/>
        <NodeArray index="Show" Link="AndNotCountUpgradeTerranInfantryWeaponsUltraCapacitorsLevel3QueuedOrBetterCountUpgradeUltraCapacitorsCompleteOnly"/>
    </CRequirement>
    <CRequirement id="LearnTerranInfantryWeaponUltraCapacitors2">
        <EditorCategories value="Race:Terran,TechType:Upgrade"/>
        <NodeArray index="Use" Link="CountUpgradeTerranInfantryWeaponsUltraCapacitorsLevel1CompleteOnly1429793488"/>
        <NodeArray index="Show" Link="AndNotCountUpgradeTerranInfantryWeaponsUltraCapacitorsLevel2QueuedOrBetterCountUpgradeUltraCapacitorsCompleteOnly"/>
    </CRequirement>
    <CRequirement id="LearnTerranInfantryWeaponUltraCapacitors1">
        <EditorCategories value="Race:Terran,TechType:Upgrade"/>
        <NodeArray index="Show" Link="AndNotCountUpgradeTerranInfantryWeaponsUltraCapacitorsLevel1QueuedOrBetterCountUpgradeUltraCapacitorsCompleteOnly"/>
    </CRequirement>
    <CRequirement id="LearnTerranShipArmorVanadiumPlating3">
        <EditorCategories value="Race:Terran,TechType:Upgrade"/>
        <NodeArray index="Use" Link="CountUpgradeTerranShipArmorsVanadiumPlatingLevel2CompleteOnly1864353859"/>
        <NodeArray index="Show" Link="AndNotCountUpgradeTerranShipArmorsVanadiumPlatingLevel3QueuedOrBetterCountUpgradeVanadiumPlatingCompleteOnly"/>
    </CRequirement>
    <CRequirement id="LearnTerranShipArmorVanadiumPlating2">
        <EditorCategories value="Race:Terran,TechType:Upgrade"/>
        <NodeArray index="Use" Link="CountUpgradeTerranShipArmorsVanadiumPlatingLevel1CompleteOnly3052852033"/>
        <NodeArray index="Show" Link="AndNotCountUpgradeTerranShipArmorsVanadiumPlatingLevel2QueuedOrBetterCountUpgradeVanadiumPlatingCompleteOnly"/>
    </CRequirement>
    <CRequirement id="LearnTerranShipArmorVanadiumPlating1">
        <EditorCategories value="Race:Terran,TechType:Upgrade"/>
        <NodeArray index="Show" Link="AndNotCountUpgradeTerranShipArmorsVanadiumPlatingLevel1QueuedOrBetterCountUpgradeVanadiumPlatingCompleteOnly"/>
    </CRequirement>
    <CRequirement id="LearnTerranShipWeaponUltraCapacitors3">
        <EditorCategories value="Race:Terran,TechType:Upgrade"/>
        <NodeArray index="Use" Link="CountUpgradeTerranShipWeaponsUltraCapacitorsLevel2CompleteOnly1004646809"/>
        <NodeArray index="Show" Link="AndNotCountUpgradeTerranShipWeaponsUltraCapacitorsLevel3QueuedOrBetterCountUpgradeUltraCapacitorsCompleteOnly"/>
    </CRequirement>
    <CRequirement id="LearnTerranShipWeaponUltraCapacitors2">
        <EditorCategories value="Race:Terran,TechType:Upgrade"/>
        <NodeArray index="Use" Link="CountUpgradeTerranShipWeaponsUltraCapacitorsLevel1CompleteOnly285961020"/>
        <NodeArray index="Show" Link="AndNotCountUpgradeTerranShipWeaponsUltraCapacitorsLevel2QueuedOrBetterCountUpgradeUltraCapacitorsCompleteOnly"/>
    </CRequirement>
    <CRequirement id="LearnTerranShipWeaponUltraCapacitors1">
        <EditorCategories value="Race:Terran,TechType:Upgrade"/>
        <NodeArray index="Show" Link="AndNotCountUpgradeTerranShipWeaponsUltraCapacitorsLevel1QueuedOrBetterCountUpgradeUltraCapacitorsCompleteOnly"/>
    </CRequirement>
    <CRequirement id="LearnTerranVehicleArmorVanadiumPlating3">
        <EditorCategories value="Race:Terran,TechType:Upgrade"/>
        <NodeArray index="Use" Link="CountUpgradeTerranVehicleArmorsVanadiumPlatingLevel2CompleteOnly2517918925"/>
        <NodeArray index="Show" Link="AndNotCountUpgradeTerranVehicleArmorsVanadiumPlatingLevel3QueuedOrBetterCountUpgradeVanadiumPlatingCompleteOnly"/>
    </CRequirement>
    <CRequirement id="LearnTerranVehicleArmorVanadiumPlating2">
        <EditorCategories value="Race:Terran,TechType:Upgrade"/>
        <NodeArray index="Use" Link="CountUpgradeTerranVehicleArmorsVanadiumPlatingLevel1CompleteOnly1121594928"/>
        <NodeArray index="Show" Link="AndNotCountUpgradeTerranVehicleArmorsVanadiumPlatingLevel2QueuedOrBetterCountUpgradeVanadiumPlatingCompleteOnly"/>
    </CRequirement>
    <CRequirement id="LearnTerranVehicleArmorVanadiumPlating1">
        <EditorCategories value="Race:Terran,TechType:Upgrade"/>
        <NodeArray index="Show" Link="AndNotCountUpgradeTerranVehicleArmorsVanadiumPlatingLevel1QueuedOrBetterCountUpgradeVanadiumPlatingCompleteOnly"/>
    </CRequirement>
    <CRequirement id="LearnTerranVehicleWeaponUltraCapacitors3">
        <EditorCategories value="Race:Terran,TechType:Upgrade"/>
        <NodeArray index="Use" Link="CountUpgradeTerranVehicleWeaponsUltraCapacitorsLevel2CompleteOnly894233239"/>
        <NodeArray index="Show" Link="AndNotCountUpgradeTerranVehicleWeaponsUltraCapacitorsLevel3QueuedOrBetterCountUpgradeUltraCapacitorsCompleteOnly"/>
    </CRequirement>
    <CRequirement id="LearnTerranVehicleWeaponUltraCapacitors2">
        <EditorCategories value="Race:Terran,TechType:Upgrade"/>
        <NodeArray index="Use" Link="CountUpgradeTerranVehicleWeaponsUltraCapacitorsLevel1CompleteOnly1834932227"/>
        <NodeArray index="Show" Link="AndNotCountUpgradeTerranVehicleWeaponsUltraCapacitorsLevel2QueuedOrBetterCountUpgradeUltraCapacitorsCompleteOnly"/>
    </CRequirement>
    <CRequirement id="LearnTerranVehicleWeaponUltraCapacitors1">
        <EditorCategories value="Race:Terran,TechType:Upgrade"/>
        <NodeArray index="Show" Link="AndNotCountUpgradeTerranVehicleWeaponsUltraCapacitorsLevel1QueuedOrBetterCountUpgradeUltraCapacitorsCompleteOnly"/>
    </CRequirement>
    <CRequirement id="RapidDeploymentResearched">
        <NodeArray index="Show" Link="CountUpgradeMedivacRapidDeploymentCompleteOnly"/>
    </CRequirement>
    <CRequirement id="JuggernautPlatingResearched">
        <NodeArray index="Use" Link="CountUpgradeFirebatJuggernautPlatingCompleteOnly"/>
    </CRequirement>
    <CRequirement id="BunkerAttack">
        <EditorCategories value="Race:Terran,TechType:Ability"/>
        <NodeArray index="Show" Link="CountUpgradeShrikeTurretCompleteOnly"/>
    </CRequirement>
    <CRequirement id="DistortionBlastersResearched">
        <EditorCategories value="Race:Terran,TechType:Unit"/>
        <NodeArray index="Use" Link="CountUpgradeBansheeCloakedDamageCompleteOnly"/>
    </CRequirement>
    <CRequirement id="HarvestingTerrazine">
        <EditorCategories value="Race:Terran,TechType:Unit"/>
        <NodeArray index="Show" Link="CountBehaviorHarvestingTerrazineCompleteOnlyAtUnit"/>
    </CRequirement>
    <CRequirement id="HaveFusionWelder">
        <EditorCategories value="Race:Terran,TechType:Upgrade"/>
        <NodeArray index="Use" Link="CountUpgradeDualFusionWeldersCompleteOnly"/>
    </CRequirement>
    <CRequirement id="ExpandedHullResearched">
        <NodeArray index="Use" Link="CountUpgradeExpandedHullCompleteOnly"/>
    </CRequirement>
    <CRequirement id="SelendisArmInterceptor">
        <EditorCategories value="Race:Protoss,TechType:Unit"/>
        <NodeArray index="Use" Link="LT3990822897CountUnitSelendisInterceptorQueuedOrBetterAtUnit8"/>
    </CRequirement>
    <CRequirement id="DistortionThrustersResearched">
        <EditorCategories value="Race:Terran,TechType:Unit"/>
        <NodeArray index="Use" Link="CountUpgradeDistortionThrustersCompleteOnly"/>
    </CRequirement>
    <CRequirement id="DutchTurretLimit">
        <EditorCategories value="Race:Terran,TechType:Unit"/>
        <NodeArray index="Use" Link="EqCountUnitFlamingBettyCompleteOnly1"/>
    </CRequirement>
    <CRequirement id="DevastatorMissiles">
        <NodeArray index="Show" Link="AndCountUpgradeDevastatorMissilesCompleteOnlyEqCountBehaviorSwapToDevastatorMissilesCompleteOnlyAtUnit0"/>
    </CRequirement>
    <CRequirement id="DynamicPowerRoutingResearched">
        <EditorCategories value="Race:Terran,TechType:Unit"/>
        <NodeArray index="Show" Link="CountUpgradeDynamicPowerRoutingCompleteOnly"/>
    </CRequirement>
    <CRequirement id="HALORocketsResearched">
        <EditorCategories value="Race:Terran,TechType:Unit"/>
        <NodeArray index="Show" Link="CountUpgradeHALORocketsCompleteOnly"/>
    </CRequirement>
    <CRequirement id="HaveNukeHero">
        <EditorCategories value="Race:Terran,TechType:Unit"/>
        <NodeArray index="Use" Link="CountUnitHeroNukeCompleteOnly"/>
    </CRequirement>
    <CRequirement id="HellstormMissilesResearched">
        <EditorCategories value="Race:Terran,TechType:Upgrade"/>
        <NodeArray index="Use" Link="CountUpgradeHailstormMissilePodsCompleteOnly"/>
    </CRequirement>
    <CRequirement id="SpectreHaveNuke">
        <EditorCategories value="Race:Terran,TechType:Unit"/>
        <NodeArray index="Use" Link="CountUnitSpectreNukeCompleteOnly3748442553"/>
    </CRequirement>
    <CRequirement id="LearnCharonBoosters">
        <EditorCategories value="Race:Terran,TechType:Ability"/>
        <NodeArray index="Show" Link="NotCountUpgradeAresClassWeaponsSystemQueuedOrBetter"/>
    </CRequirement>
    <CRequirement id="LongboltMissiles">
        <NodeArray index="Show" Link="EqCountBehaviorSwapToLongboltMissilesCompleteOnlyAtUnit0"/>
    </CRequirement>
    <CRequirement id="LearnWraithCloak">
        <EditorCategories value="Race:Terran,TechType:Unit"/>
        <NodeArray index="Show" Link="NotCountUpgradeWraithCloakQueuedOrBetter"/>
    </CRequirement>
    <CRequirement id="RaynorBasicWeapon">
        <NodeArray index="Use" Link="Eq1709561124CountBehaviorSwapToRaynorBasicWeaponCompleteOnlyAtUnit0"/>
    </CRequirement>
    <CRequirement id="RaynorGatlingGunWeapon">
        <NodeArray index="Use" Link="Eq1709561124CountBehaviorSwapToRaynorGatlingGunCompleteOnlyAtUnit0"/>
    </CRequirement>
    <CRequirement id="RaynorFlameGunWeapon">
        <NodeArray index="Use" Link="Eq1709561124CountBehaviorSwapToRaynorFlameGunCompleteOnlyAtUnit0"/>
    </CRequirement>
    <CRequirement id="RaynorPlasmaGunWeapon">
        <NodeArray index="Use" Link="Eq1709561124CountBehaviorSwapToRaynorPlasmaGunCompleteOnlyAtUnit0"/>
    </CRequirement>
    <CRequirement id="ScavengingSystemsResearched">
        <EditorCategories value="Race:Terran,TechType:Unit"/>
        <NodeArray index="Use" Link="CountUpgradeScavengingSystemsCompleteOnly"/>
    </CRequirement>
    <CRequirement id="ShrikeTurretResearched">
        <EditorCategories value="Race:Terran,TechType:Upgrade"/>
        <NodeArray index="Show" Link="CountUpgradeShrikeTurretCompleteOnly"/>
    </CRequirement>
    <CRequirement id="BuildingBurnerResearched">
        <EditorCategories value="Race:Terran,TechType:Upgrade"/>
        <NodeArray index="Use" Link="CountUpgradeBuildingBurnerCompleteOnly"/>
    </CRequirement>
    <CRequirement id="StabilizerMedPacksResearched">
        <NodeArray index="Use" Link="CountUpgradeStabilizerMedPacksCompleteOnly"/>
    </CRequirement>
    <CRequirement id="SkynetMinesResearched">
        <NodeArray index="Show" Link="CountUpgradeAbdominalFortitudeCompleteOnly"/>
    </CRequirement>
    <CRequirement id="ClusterWarheadsResearched">
        <NodeArray index="Show" Link="CountUpgradeClusterWarheadsCompleteOnly"/>
    </CRequirement>
    <CRequirement id="CloakDistortionFieldResearched">
        <NodeArray index="Show" Link="CountUpgradeCloakDistortionFieldCompleteOnly"/>
    </CRequirement>
    <CRequirement id="DistortionSensorsResearched">
        <NodeArray index="Show" Link="CountUpgradeDistortionSensorsCompleteOnly"/>
    </CRequirement>
    <CRequirement id="NapalmFuelTanksResearched">
        <NodeArray index="Use" Link="CountUpgradeNapalmFuelTanksCompleteOnly"/>
    </CRequirement>
    <CRequirement id="SummonKelmorianMiners">
        <EditorCategories value="Race:Terran,TechType:Unit"/>
        <NodeArray index="Show" Link="AndNotCountUnitWarPigTotalNotCountUnitWarPigQueuedOrBetter"/>
    </CRequirement>
    <CRequirement id="SummonHammerSecurities">
        <EditorCategories value="Race:Terran,TechType:Unit"/>
        <NodeArray index="Show" Link="AndNotCountUnitHammerSecurityTotalNotCountUnitHammerSecurityQueuedOrBetter"/>
    </CRequirement>
    <CRequirement id="SummonDevilDogs">
        <EditorCategories value="Race:Terran,TechType:Unit"/>
        <NodeArray index="Show" Link="AndNotCountUnitDevilDogTotalNotCountUnitDevilDogQueuedOrBetter"/>
    </CRequirement>
    <CRequirement id="SummonSiegeBreakers">
        <EditorCategories value="Race:Terran,TechType:Unit"/>
        <NodeArray index="Show" Link="AndNotCountUnitSiegeBreakerTotalNotCountUnitSiegeBreakerQueuedOrBetter"/>
    </CRequirement>
    <CRequirement id="SummonWreckingCrew">
        <EditorCategories value="Race:Terran,TechType:Unit"/>
        <NodeArray index="Show" Link="AndNotCountUnitHelsAngelFighterTotalNotCountUnitHelsAngelFighterQueuedOrBetter"/>
    </CRequirement>
    <CRequirement id="SummonDuskWing">
        <EditorCategories value="Race:Terran,TechType:Unit"/>
        <NodeArray index="Show" Link="AndNotCountUnitDuskWingTotalNotCountUnitDuskWingQueuedOrBetter"/>
    </CRequirement>
    <CRequirement id="SummonDukesRevenge">
        <EditorCategories value="Race:Terran,TechType:Unit"/>
        <NodeArray index="Show" Link="AndNotCountUnitDukesRevengeTotalNotCountUnitDukesRevengeQueuedOrBetter"/>
    </CRequirement>
    <CRequirement id="SpectreTrainNuke">
        <EditorCategories value="Race:Terran,TechType:Ability"/>
        <NodeArray index="Use" Link="AndOr96167438CountUnitFactoryCompleteOnly96167438TechTreeCheatCountUnitFactoryFlyingCompleteOnly1718561093TechTreeCheatNot83801426CountUnitSpectreNukeQueuedOrBetterAtUnit"/>
        <NodeArray index="Show" Link="AllowUnitSpectre"/>
    </CRequirement>
    <CRequirement id="TrainNukeHero">
        <EditorCategories value="Race:Terran,TechType:Ability"/>
        <NodeArray index="Use" Link="NotCountUnitHeroNukeQueuedOrBetterAtUnit"/>
    </CRequirement>
    <CRequirement id="TrainScienceVessel">
        <EditorCategories value="Race:Terran,TechType:Unit"/>
        <NodeArray index="Use" Link="CountUnitAlias_TechLabCompleteOnlyAtUnit2589852481TechTreeCheat"/>
        <NodeArray index="Show" Link="OrCountUpgradeScienceVesselEnergyManipulationCompleteOnlyCountUpgradeScienceVesselPlasmaWeaponryCompleteOnly"/>
    </CRequirement>
    <CRequirement id="RazorwireResearched">
        <EditorCategories value="Race:Protoss,TechType:Upgrade"/>
        <NodeArray index="Use" Link="CountUpgradeRazorwireCompleteOnly"/>
    </CRequirement>
    <CRequirement id="UseAblativeScales">
        <EditorCategories value="Race:Terran,TechType:Upgrade"/>
        <NodeArray index="Show" Link="CountUpgradeMarauderLifeBoostCompleteOnly"/>
    </CRequirement>
    <CRequirement id="UseAresClassWeaponsSystem">
        <EditorCategories value="Race:Terran,TechType:Upgrade"/>
        <NodeArray index="Show" Link="CountUpgradeAresClassWeaponsSystemCompleteOnly"/>
    </CRequirement>
    <CRequirement id="UseCalldownMULE">
        <EditorCategories value="Race:Terran,TechType:Ability"/>
        <NodeArray index="Show" Link="OrCountUpgradeOrbitalRelayCompleteOnlyCountUnitOrbitalCommandCompleteOnlyAtUnit"/>
    </CRequirement>
    <CRequirement id="UseCerberusMines">
        <EditorCategories value="Race:Terran,TechType:Upgrade"/>
        <NodeArray index="Show" Link="CountUpgradeCerberusMinesCompleteOnly"/>
    </CRequirement>
    <CRequirement id="UseCombatShield">
        <EditorCategories value="Race:Terran,TechType:Upgrade"/>
        <NodeArray index="Show" Link="CountUpgradeCombatShieldCompleteOnly"/>
    </CRequirement>
    <CRequirement id="UseDomination">
        <EditorCategories value="Race:Terran,TechType:Ability"/>
        <NodeArray index="Use" Link="Not2542781843CountBehaviorAlreadyDominatingInProgressOrBetter"/>
        <NodeArray index="Show" Link="NotCountBehaviorAlreadyDominatingInProgressOrBetter"/>
    </CRequirement>
    <CRequirement id="UseDualFusionRepair">
        <EditorCategories value="Race:Terran,TechType:Unit"/>
        <NodeArray index="Show" Link="CountUpgradeDualFusionWeldersCompleteOnly"/>
    </CRequirement>
    <CRequirement id="UseDualFusionRepairHide">
        <EditorCategories value="Race:Terran,TechType:Unit"/>
        <NodeArray index="Show" Link="NotCountUpgradeDualFusionWeldersCompleteOnly"/>
    </CRequirement>
    <CRequirement id="UseEMPTower">
        <EditorCategories value="Race:Terran,TechType:Unit"/>
        <NodeArray index="Use" Link="CountUnitEngineeringBayCompleteOnlyTechTreeCheat"/>
        <NodeArray index="Show" Link="CountUpgradeEMPTowerCompleteOnly"/>
    </CRequirement>
    <CRequirement id="UseEnergyManipulation">
        <EditorCategories value="Race:Terran,TechType:Ability"/>
        <NodeArray index="Show" Link="CountUpgradeScienceVesselEnergyManipulationCompleteOnly"/>
    </CRequirement>
    <CRequirement id="UseGhostCriusSuit">
        <EditorCategories value="Race:Terran,TechType:Upgrade"/>
        <NodeArray index="Show" Link="CountUpgradePermanentCloakGhostCompleteOnly"/>
    </CRequirement>
    <CRequirement id="UseGhostOcularImplants">
        <EditorCategories value="Race:Terran,TechType:Upgrade"/>
        <NodeArray index="Show" Link="CountUpgradeOcularImplantsCompleteOnly"/>
    </CRequirement>
    <CRequirement id="UseHailstormMissilePods">
        <EditorCategories value="Race:Terran,TechType:Upgrade"/>
        <NodeArray index="Show" Link="CountUpgradeHailstormMissilePodsCompleteOnly"/>
    </CRequirement>
    <CRequirement id="UseHellionInfernalPreIgniter">
        <EditorCategories value="Race:Terran,TechType:Upgrade"/>
        <NodeArray index="Show" Link="CountUpgradeHellionCampaignInfernalPreIgniterCompleteOnly"/>
    </CRequirement>
    <CRequirement id="UseHurricaneMissiles">
        <EditorCategories value="Race:Terran,TechType:Ability"/>
        <NodeArray index="Show" Link="CountUpgradeHurricaneMissilesCompleteOnly"/>
    </CRequirement>
    <CRequirement id="UseHyperfluxor">
        <EditorCategories value="Race:Terran,TechType:Upgrade"/>
        <NodeArray index="Show" Link="CountUpgradeHyperfluxorCompleteOnly"/>
    </CRequirement>
    <CRequirement id="NoShapedBlast">
        <EditorCategories value="Race:Terran,TechType:Upgrade"/>
        <NodeArray index="Use" Link="NotCountUpgradeSiegeTankShapedBlastCompleteOnly"/>
    </CRequirement>
    <CRequirement id="UseFortifiedBunker">
        <EditorCategories value="Race:Terran,TechType:Unit"/>
        <NodeArray index="Use" Link="CountUnitAlias_BarracksCompleteOnly789532539TechTreeCheat"/>
        <NodeArray index="Show" Link="CountUpgradeFortifiedBunkerCarapaceCompleteOnly"/>
    </CRequirement>
    <CRequirement id="UseShapedHull">
        <EditorCategories value="Race:Terran,TechType:Upgrade"/>
        <NodeArray index="Show" Link="CountUpgradeShapedHullCompleteOnly"/>
    </CRequirement>
    <CRequirement id="UseImmortailityProtocol">
        <EditorCategories value="Race:Terran,TechType:Upgrade"/>
        <NodeArray index="Show" Link="CountUpgradeMechanicalRebirthCompleteOnly"/>
    </CRequirement>
    <CRequirement id="UseIncineratorNozzles">
        <EditorCategories value="Race:Terran,TechType:Upgrade"/>
        <NodeArray index="Show" Link="CountUpgradeBearclawNozzlesCompleteOnly"/>
    </CRequirement>
    <CRequirement id="UseJackhammerConcussiveGrenade">
        <EditorCategories value="Race:Terran,TechType:Upgrade"/>
        <NodeArray index="Show" Link="CountUpgradeJackhammerConcussionGrenadesCompleteOnly"/>
    </CRequirement>
    <CRequirement id="UseJuggernautPlatingFirebat">
        <EditorCategories value="Race:Terran,TechType:Upgrade"/>
        <NodeArray index="Show" Link="CountUpgradeFirebatJuggernautPlatingCompleteOnly"/>
    </CRequirement>
    <CRequirement id="UseMaelstromRounds">
        <EditorCategories value="Race:Terran,TechType:Upgrade"/>
        <NodeArray index="Show" Link="CountUpgradeMaelstromRoundsCompleteOnly"/>
    </CRequirement>
    <CRequirement id="UseMaelstromRoundsReq">
        <EditorCategories value="Race:Terran,TechType:Upgrade"/>
        <NodeArray index="Use" Link="CountUpgradeNotPossibleSiegeModeCompleteOnly"/>
        <NodeArray index="Show" Link="CountUpgradeMaelstromRoundsCompleteOnly"/>
    </CRequirement>
    <CRequirement id="UseMechanicalRebirth">
        <EditorCategories value="Race:Terran,TechType:Unit"/>
        <NodeArray index="Use" Link="CountUpgradeMechanicalRebirthCompleteOnly"/>
    </CRequirement>
    <CRequirement id="UseMultilockTargetingSystems">
        <EditorCategories value="Race:Terran,TechType:Upgrade"/>
        <NodeArray index="Show" Link="CountUpgradeMultilockTargetingSystemsCompleteOnly"/>
    </CRequirement>
    <CRequirement id="UseNeoSteelFrame">
        <EditorCategories value="Race:Terran,TechType:Upgrade"/>
        <NodeArray index="Show" Link="CountUpgradeNeoSteelFrameCompleteOnly"/>
    </CRequirement>
    <CRequirement id="UsePlasmaWeaponry">
        <EditorCategories value="Race:Terran,TechType:Ability"/>
        <NodeArray index="Show" Link="CountUpgradeScienceVesselPlasmaWeaponryCompleteOnly"/>
    </CRequirement>
    <CRequirement id="UseProjectileAccelerators">
        <EditorCategories value="Race:Terran,TechType:Upgrade"/>
        <NodeArray index="Show" Link="CountUpgradeProjectileAcceleratorsCompleteOnly"/>
    </CRequirement>
    <CRequirement id="UsePsiDisruptor">
        <EditorCategories value="Race:Terran,TechType:Unit"/>
        <NodeArray index="Use" Link="CountUnitEngineeringBayCompleteOnlyTechTreeCheat"/>
        <NodeArray index="Show" Link="CountUpgradePsiDisruptorCompleteOnly"/>
    </CRequirement>
    <CRequirement id="UseHiveMindEmulator">
        <EditorCategories value="Race:Terran,TechType:Unit"/>
        <NodeArray index="Use" Link="CountUnitEngineeringBayCompleteOnlyTechTreeCheat"/>
        <NodeArray index="Show" Link="CountUpgradeHiveMindEmulatorCompleteOnly"/>
    </CRequirement>
    <CRequirement id="UseReaperU238Rounds">
        <NodeArray index="Show" Link="CountUpgradeReaperU238RoundsCompleteOnly"/>
    </CRequirement>
    <CRequirement id="UseReinforcedSuperstructure">
        <EditorCategories value="Race:Terran,TechType:Upgrade"/>
        <NodeArray index="Show" Link="CountUpgradeReinforcedSuperstructureCompleteOnly"/>
    </CRequirement>
    <CRequirement id="UseReleaseMinion">
        <EditorCategories value="Race:Terran,TechType:Ability"/>
        <NodeArray index="Show" Link="CountBehaviorAlreadyDominatingInProgressOrBetter"/>
    </CRequirement>
    <CRequirement id="UseScannerSweep">
        <NodeArray index="Show" Link="CountUpgradeOrbitalRelayCompleteOnly"/>
    </CRequirement>
    <CRequirement id="UseShapedBlast">
        <EditorCategories value="Race:Terran,TechType:Upgrade"/>
        <NodeArray index="Show" Link="CountUpgradeSiegeTankShapedBlastCompleteOnly"/>
    </CRequirement>
    <CRequirement id="UseShapedBlastReq">
        <EditorCategories value="Race:Terran,TechType:Upgrade"/>
        <NodeArray index="Use" Link="CountUpgradeNotPossibleSiegeModeCompleteOnly"/>
        <NodeArray index="Show" Link="CountUpgradeSiegeTankShapedBlastCompleteOnly"/>
    </CRequirement>
    <CRequirement id="UseSpectreNyxSuit">
        <EditorCategories value="Race:Terran,TechType:Upgrade"/>
        <NodeArray index="Show" Link="CountUpgradePermanentCloakSpectreCompleteOnly"/>
    </CRequirement>
    <CRequirement id="UseStabilizerMedpacks">
        <EditorCategories value="Race:Terran,TechType:Upgrade"/>
        <NodeArray index="Show" Link="CountUpgradeStabilizerMedPacksCompleteOnly"/>
    </CRequirement>
    <CRequirement id="UseSupplyDepotDrop">
        <EditorCategories value="Race:Terran,TechType:Unit"/>
        <NodeArray index="Show" Link="CountUpgradeSupplyDepotDropCompleteOnly"/>
    </CRequirement>
    <CRequirement id="UseStimpackSM">
        <EditorCategories value="Race:Terran,TechType:Ability"/>
        <NodeArray index="Show" Link="CountUpgradeMarineStimpackCompleteOnly"/>
    </CRequirement>
    <CRequirement id="UseStimpackSMReaper">
        <EditorCategories value="Race:Terran,TechType:Ability"/>
        <NodeArray index="Use" Link="CountUpgradeReaperStimpackCompleteOnly"/>
    </CRequirement>
    <CRequirement id="HideSupplyDepot">
        <EditorCategories value="Race:Terran,TechType:Unit"/>
        <NodeArray index="Show" Link="NotCountUpgradeSupplyDepotDropCompleteOnly"/>
    </CRequirement>
    <CRequirement id="UseAutomatedRefinery">
        <EditorCategories value="Race:Terran,TechType:Unit"/>
        <NodeArray index="Show" Link="CountUpgradeAutoHarvesterCompleteOnly"/>
    </CRequirement>
    <CRequirement id="BuildPredator">
        <EditorCategories value="Race:Terran,TechType:Unit"/>
        <NodeArray index="Show" Link="CountUpgradePredatorCompleteOnly"/>
    </CRequirement>
    <CRequirement id="UseOrbitalRelay">
        <EditorCategories value="Race:Terran,TechType:Unit"/>
        <NodeArray index="Show" Link="CountUpgradeOrbitalRelayCompleteOnly"/>
    </CRequirement>
    <CRequirement id="UseTechReactorAI">
        <EditorCategories value="Race:Terran,TechType:Unit"/>
        <NodeArray index="Show" Link="CountUpgradeTechReactorAICompleteOnly"/>
    </CRequirement>
    <CRequirement id="UseTechReactorHide">
        <EditorCategories value="Race:Terran,TechType:Unit"/>
        <NodeArray index="Show" Link="NotCountUpgradeTechReactorCompleteOnly"/>
    </CRequirement>
    <CRequirement id="UseTriLithiumPowerCells">
        <EditorCategories value="Race:Terran,TechType:Upgrade"/>
        <NodeArray index="Show" Link="CountUpgradeTriLithiumPowerCellsCompleteOnly"/>
    </CRequirement>
    <CRequirement id="UseNanoConstructor">
        <EditorCategories value="Race:Terran,TechType:Upgrade"/>
        <NodeArray index="Show" Link="CountUpgradeNanoConstructorCompleteOnly"/>
    </CRequirement>
    <CRequirement id="UseTwinLinkedFlameThrowers">
        <EditorCategories value="Race:Terran,TechType:Upgrade"/>
        <NodeArray index="Show" Link="CountUpgradeTwinLinkedFlameThrowersCompleteOnly"/>
    </CRequirement>
    <CRequirement id="UseUltrasonicPulse">
        <EditorCategories value="Race:Terran,TechType:Unit"/>
        <NodeArray index="Show" Link="CountUpgradeUltrasonicPulseCompleteOnly"/>
    </CRequirement>
    <CRequirement id="UseTechReactor">
        <EditorCategories value="Race:Terran,TechType:Unit"/>
        <NodeArray index="Show" Link="CountUpgradeTechReactorCompleteOnly"/>
    </CRequirement>
    <CRequirement id="UseG4ClusterBombs">
        <EditorCategories value="Race:Terran,TechType:Unit"/>
        <NodeArray index="Show" Link="CountUpgradeClusterBombCompleteOnly"/>
    </CRequirement>
    <CRequirement id="UseYamato">
        <EditorCategories value="Race:Terran,TechType:Ability"/>
        <NodeArray index="Use" Link="CountUpgradeYamatoCannonCompleteOnly"/>
    </CRequirement>
    <CRequirement id="UseDefensiveMatrix">
        <EditorCategories value="Race:Terran,TechType:Ability"/>
        <NodeArray index="Show" Link="CountUpgradeDefensiveMatrixCompleteOnly"/>
    </CRequirement>
    <CRequirement id="ViralPlasmaResearched">
        <NodeArray index="Use" Link="CountUpgradeViralPlasmaCompleteOnly"/>
    </CRequirement>
    <CRequirement id="CombatShieldResearched">
        <NodeArray index="Use" Link="CountUpgradeCombatShieldCompleteOnly"/>
    </CRequirement>
    <CRequirement id="BurstCapacitorsResearched">
        <NodeArray index="Use" Link="CountUpgradeBurstCapacitorsCompleteOnly"/>
    </CRequirement>
    <CRequirement id="AuxiliaryMedBotsResearched">
        <NodeArray index="Use" Link="CountUpgradeAuxiliaryMedBotsCompleteOnly"/>
    </CRequirement>
    <CRequirement id="HailstormMissilePods">
        <NodeArray index="Show" Link="AndCountUpgradeHailstormMissilePodsCompleteOnlyEqCountBehaviorSwapToHailstormMissilesCompleteOnlyAtUnit0"/>
    </CRequirement>
    <CRequirement id="JackhammerConcussionGrenadesResearched">
        <NodeArray index="Use" Link="CountUpgradeJackhammerConcussionGrenadesCompleteOnly"/>
    </CRequirement>
    <CRequirement id="CrossSpectrumDampenersResearched">
        <NodeArray index="Show" Link="CountUpgradeCrossSpectrumDampenersCompleteOnly"/>
    </CRequirement>
    <CRequirement id="FireSuppressionSystemsNotResearched">
        <NodeArray index="Use" Link="NotCountUpgradeFireSuppressionSystemsCompleteOnly"/>
    </CRequirement>
    <CRequirement id="LearnFlare">
        <EditorCategories value="Race:Terran,TechType:Ability"/>
        <NodeArray index="Show" Link="NotCountUpgradeFlareResearchQueuedOrBetter"/>
    </CRequirement>
    <CRequirement id="UseFlare">
        <EditorCategories value="Race:Terran,TechType:Unit"/>
        <NodeArray index="Use" Link="CountUpgradeFlareResearchCompleteOnly"/>
    </CRequirement>
    <CRequirement id="UseWraithCloak">
        <EditorCategories value="Race:Terran,TechType:Ability"/>
        <NodeArray index="Use" Link="CountUpgradeWraithCloakCompleteOnly"/>
    </CRequirement>
    <CRequirement id="HaveAttachedBarrTechLabOrAttachedTechReactorAndShadowOps">
        <NodeArray index="Use" Link="AndCountUnitAlias_TechLabCompleteOnlyAtUnit2589852481TechTreeCheatCountUnitGhostAcademyCompleteOnlyTechTreeCheat"/>
        <EditorCategories value="Race:Terran,TechType:Unit"/>
    </CRequirement>
    <CRequirement id="HaveArmoryAndAttachedTechLabOrAttachedTechReactor">
        <EditorCategories value="Race:Terran,TechType:Unit"/>
        <NodeArray index="Use" Link="AndCountUnitAlias_TechLabCompleteOnlyAtUnit2589852481TechTreeCheatCountUnitArmoryCompleteOnlyTechTreeCheat"/>
    </CRequirement>
    <CRequirement id="BearclawNozzlesResearched">
        <NodeArray index="Use" Link="CountUpgradeBearclawNozzlesCompleteOnly"/>
    </CRequirement>
    <CRequirement id="LearnSingularityCharge">
        <NodeArray index="Show" Link="NotCountUpgradeSingularityChargeQueuedOrBetter"/>
    </CRequirement>
    <CRequirement id="LearnGraviticThrusters">
        <NodeArray index="Show" Link="NotCountUpgradeGraviticThrustersQueuedOrBetter"/>
    </CRequirement>
    <CRequirement id="UseDarkProtoss">
        <EditorCategories value="Race:Zerg,TechType:Ability"/>
        <NodeArray index="Use" Link="CountUpgradeDarkProtossCompleteOnly"/>
    </CRequirement>
    <CRequirement id="HasTestHeroGrab">
        <EditorCategories value="Race:Terran,TechType:Ability"/>
        <NodeArray index="Use" Link="CountBehaviorTestHeroGrabCompleteOnlyAtUnit"/>
    </CRequirement>
    <CRequirement id="NoTestHeroGrab">
        <EditorCategories value="Race:Terran,TechType:Ability"/>
        <NodeArray index="Use" Link="NotCountBehaviorTestHeroGrabCompleteOnlyAtUnit"/>
    </CRequirement>
</Catalog>
