<?xml version="1.0" encoding="us-ascii"?>
<Catalog>
    <CReverb id="Reverb_StoryModeTest">
        <RoomHF value="-1500"/>
        <DecayTime value="1.300000"/>
        <DecayHFRatio value="0.500000"/>
        <Reflections value="-1500"/>
        <ReflectionsDelay value="0.050000"/>
        <Reverb value="-1500"/>
        <ReverbDelay value="0.070000"/>
        <Diffusion value="85.000000"/>
        <RoomRolloffFactor value="1.000000"/>
    </CReverb>
    <CReverb id="Reverb_HyperionBridge">
        <RoomHF value="-1700"/>
        <DecayTime value="1.600000"/>
        <DecayHFRatio value="0.500000"/>
        <Reflections value="-1500"/>
        <ReflectionsDelay value="0.070000"/>
        <Reverb value="-1500"/>
        <ReverbDelay value="0.020000"/>
        <RoomRolloffFactor value="1.000000"/>
        <Diffusion value="60.000000"/>
        <Room value="-300"/>
    </CReverb>
    <CReverb id="Reverb_HyperionLaboratory">
        <RoomHF value="-1100"/>
        <DecayTime value="1.800000"/>
        <DecayHFRatio value="0.500000"/>
        <Reflections value="-1500"/>
        <ReflectionsDelay value="0.050000"/>
        <Reverb value="-1500"/>
        <ReverbDelay value="0.070000"/>
        <RoomRolloffFactor value="1.000000"/>
        <Diffusion value="85.000000"/>
        <Room value="-300"/>
    </CReverb>
    <CReverb id="Reverb_MarSaraBar">
        <RoomHF value="-1600"/>
        <DecayTime value="0.900000"/>
        <DecayHFRatio value="0.500000"/>
        <Reflections value="-1000"/>
        <ReflectionsDelay value="0.025000"/>
        <Reverb value="-1000"/>
        <ReverbDelay value="0.030000"/>
        <RoomRolloffFactor value="1.000000"/>
        <Diffusion value="85.000000"/>
        <Room value="0"/>
    </CReverb>
    <CReverb id="Reverb_HyperionArmory">
        <RoomHF value="-800"/>
        <DecayTime value="2.200000"/>
        <DecayHFRatio value="0.500000"/>
        <Reflections value="-1500"/>
        <ReflectionsDelay value="0.200000"/>
        <Reverb value="-1500"/>
        <ReverbDelay value="0.050000"/>
        <RoomRolloffFactor value="1.000000"/>
        <Diffusion value="85.000000"/>
        <Room value="-500"/>
    </CReverb>
    <CReverb id="Reverb_HyperionCantina">
        <RoomHF value="-1200"/>
        <DecayTime value="1.600000"/>
        <DecayHFRatio value="0.500000"/>
        <Reflections value="-1500"/>
        <ReflectionsDelay value="0.070000"/>
        <Reverb value="-1500"/>
        <ReverbDelay value="0.070000"/>
        <RoomRolloffFactor value="1.000000"/>
        <Room value="-300"/>
    </CReverb>
    <CReverb id="Reverb_CharBattlefield">
        <Room value="-1500"/>
        <RoomHF value="-2500"/>
        <DecayTime value="0.900000"/>
        <DecayHFRatio value="0.250000"/>
        <Reflections value="-3000"/>
        <ReflectionsDelay value="0.300000"/>
        <Reverb value="-750"/>
        <ReverbDelay value="0.100000"/>
        <RoomRolloffFactor value="1.000000"/>
        <Diffusion value="30.000000"/>
    </CReverb>
</Catalog>
