<?xml version="1.0" encoding="us-ascii"?>
<Catalog>
    <CSoundtrack id="Ambience_Hanson01Night" parent="Ambience_Map"/>
    <CSoundtrack id="Ambience_Hanson02Night" parent="Ambience_Map"/>
    <CSoundtrack id="Ambience_Hanson03bRain" parent="Ambience_Map"/>
    <CSoundtrack id="Ambience_HyperionBridge" parent="Ambience_Map"/>
    <CSoundtrack id="Ambience_HyperionBridgeWalla" parent="Ambience_Map"/>
    <CSoundtrack id="Ambience_HyperionCantina" parent="Ambience_Map"/>
    <CSoundtrack id="Ambience_HyperionLaboratory" parent="Ambience_Map"/>
    <CSoundtrack id="Ambience_MarSaraBarV1" parent="Ambience_Map"/>
    <CSoundtrack id="CantinaMusicIntro" parent="Music">
        <CueArray>
            <MasterLayer Sound="CantinaMusicIntro"/>
        </CueArray>
    </CSoundtrack>
    <CSoundtrack id="EasterEggMusic_TerranUpTheNight" parent="Music">
        <CueArray>
            <MasterLayer Sound="EasterEggMusic_TerranUpTheNight"/>
        </CueArray>
        <Flags index="Continuous" value="0"/>
    </CSoundtrack>
    <CSoundtrack id="LostViking_MusicVictory" parent="Music">
        <CueArray>
            <MasterLayer Sound="LostViking_MusicVictory"/>
        </CueArray>
    </CSoundtrack>
    <CSoundtrack id="Music_EndCreditsA2" parent="Music">
        <CueArray>
            <MasterLayer Sound="Music_EndCreditsA2"/>
        </CueArray>
        <Flags index="Continuous" value="0"/>
        <Next value="Music_EndCreditsB2"/>
    </CSoundtrack>
    <CSoundtrack id="Music_EndCreditsB2" parent="Music">
        <CueArray>
            <MasterLayer Sound="Music_EndCreditsB2"/>
        </CueArray>
        <Flags index="Continuous" value="0"/>
        <Next value="Music_EndCreditsB1"/>
    </CSoundtrack>
    <CSoundtrack id="THorner03MusicDebriefA" parent="Music">
        <CueArray>
            <MasterLayer Sound="THorner03MusicDebriefA"/>
        </CueArray>
    </CSoundtrack>
    <CSoundtrack id="HyperionArmoryAmbience" parent="Ambience_Map"/>
    <CSoundtrack id="HyperionBridgeAmbienceLoop" parent="Ambience_Map"/>
    <CSoundtrack id="Ambience_CharSet" parent="Ambience_Map"/>
    <CSoundtrack id="Ambience_TRaynor03Rain" parent="Ambience_Map"/>
    <CSoundtrack id="LostViking_MusicBossFightIntro" parent="Music">
        <CueArray>
            <MasterLayer Sound="LostViking_MusicBossFightIntro"/>
        </CueArray>
        <Flags index="Continuous" value="0"/>
    </CSoundtrack>
    <CSoundtrack id="JukeboxTrack01" parent="Music">
        <CueArray>
            <MasterLayer Sound="Jukebox_Music01"/>
        </CueArray>
        <Flags index="Continuous" value="0"/>
    </CSoundtrack>
    <CSoundtrack id="JukeboxTrack02" parent="Music">
        <CueArray>
            <MasterLayer Sound="Jukebox_Music02"/>
        </CueArray>
        <Flags index="Continuous" value="0"/>
    </CSoundtrack>
    <CSoundtrack id="JukeboxTrack03" parent="Music">
        <CueArray>
            <MasterLayer Sound="Jukebox_Music03"/>
        </CueArray>
        <Flags index="Continuous" value="0"/>
    </CSoundtrack>
    <CSoundtrack id="LostViking_MusicBossFightLoop" parent="Music">
        <CueArray>
            <MasterLayer Sound="LostViking_BossFightMusicLoop"/>
        </CueArray>
        <Flags index="Continuous" value="0"/>
    </CSoundtrack>
    <CSoundtrack id="LostViking_MusicBossKilled" parent="Music">
        <CueArray>
            <MasterLayer Sound="LostViking_MusicBossKilled"/>
        </CueArray>
        <Flags index="Continuous" value="0"/>
    </CSoundtrack>
    <CSoundtrack id="LostViking_MusicGameLoop" parent="Music">
        <CueArray>
            <MasterLayer Sound="LostViking_MusicGameLoop"/>
        </CueArray>
        <Flags index="Continuous" value="0"/>
    </CSoundtrack>
    <CSoundtrack id="LostViking_MusicLevelStartIntro" parent="Music">
        <CueArray>
            <MasterLayer Sound="LostViking_MusicLevelStartIntro"/>
        </CueArray>
        <Flags index="Continuous" value="0"/>
    </CSoundtrack>
    <CSoundtrack id="Mission_MusicCue001" parent="Music">
        <CueArray>
            <MasterLayer Sound="Mission_MusicCue001"/>
        </CueArray>
        <Flags index="Continuous" value="0"/>
    </CSoundtrack>
    <CSoundtrack id="Mission_MusicCue002" parent="Music">
        <CueArray>
            <MasterLayer Sound="Mission_MusicCue002"/>
        </CueArray>
        <Flags index="Continuous" value="0"/>
    </CSoundtrack>
    <CSoundtrack id="Mission_MusicCue004" parent="Music">
        <CueArray>
            <MasterLayer Sound="Mission_MusicCue004"/>
        </CueArray>
        <Flags index="Continuous" value="0"/>
    </CSoundtrack>
    <CSoundtrack id="Mission_MusicCue005" parent="Music">
        <CueArray>
            <MasterLayer Sound="Mission_MusicCue005"/>
        </CueArray>
        <Flags index="Continuous" value="0"/>
    </CSoundtrack>
    <CSoundtrack id="Mission_MusicCue003" parent="Music">
        <CueArray>
            <MasterLayer Sound="Mission_MusicCue003"/>
        </CueArray>
        <Flags index="Continuous" value="0"/>
    </CSoundtrack>
    <CSoundtrack id="SetPiece_Laboratory_Monitors" parent="SetPiece"/>
    <CSoundtrack id="SetPiece_Laboratory_ResearchConsole" parent="SetPiece"/>
    <CSoundtrack id="StarMapAmbienceLoop" parent="Ambience_Map"/>
    <CSoundtrack id="JukeboxTrack00" parent="Music">
        <Flags index="Continuous" value="0"/>
        <CueArray>
            <MasterLayer Sound="Jukebox_Music00"/>
        </CueArray>
    </CSoundtrack>
    <CSoundtrack id="JukeboxProtVictory" parent="Music">
        <Flags index="Continuous" value="0"/>
        <CueArray>
            <MasterLayer Sound="ScoreVictoryMusicProt"/>
        </CueArray>
    </CSoundtrack>
    <CSoundtrack id="TVReports_Music_Intro" parent="Music">
        <CueArray>
            <MasterLayer Sound="TVReports_NewsMusicStinger01"/>
        </CueArray>
        <Flags index="Continuous" value="0"/>
        <Next value="TVReports_Music_Bed"/>
    </CSoundtrack>
    <CSoundtrack id="TVReports_Music_Bed" parent="Music">
        <CueArray>
            <MasterLayer Sound="TVReports_NewsMusicPlaylist"/>
        </CueArray>
        <Flags index="Continuous" value="0"/>
    </CSoundtrack>
</Catalog>
