<?xml version="1.0" encoding="us-ascii"?>
<Catalog>
    <CTacCooldown id="VultureCooldowns">
        <UnitLink value="Vulture"/>
        <TacAbilData index="0" AbilLink="VultureSpiderMines">
            <Cooldown index="0" value="-1"/>
            <Cooldown index="1" value="-1"/>
            <Cooldown index="2" value="-1"/>
            <Cooldown index="3" value="5"/>
            <Cooldown index="4" value="3"/>
        </TacAbilData>
    </CTacCooldown>
    <CTacCooldown id="LokiCooldowns">
        <UnitLink value="Loki"/>
        <TacAbilData index="0" AbilLink="LokiMissilePods">
            <Cooldown index="0" value="-1"/>
            <Cooldown index="1" value="-1"/>
            <Cooldown index="2" value="-1"/>
            <Cooldown index="3" value="5"/>
            <Cooldown index="4" value="3"/>
        </TacAbilData>
        <TacAbilData index="1" AbilLink="LokiYamato">
            <Cooldown index="0" value="-1"/>
            <Cooldown index="1" value="8"/>
            <Cooldown index="2" value="8"/>
            <Cooldown index="3" value="8"/>
            <Cooldown index="4" value="5"/>
        </TacAbilData>
    </CTacCooldown>
    <CTacCooldown id="WraithCooldowns">
        <UnitLink value="Wraith"/>
        <TacAbilData index="0" AbilLink="WraithCloak">
            <Cooldown index="0" value="-1"/>
            <Cooldown index="1" value="-1"/>
            <Cooldown index="2" value="-1"/>
            <Cooldown index="3" value="-1"/>
            <Cooldown index="4" value="-1"/>
        </TacAbilData>
    </CTacCooldown>
    <CTacCooldown id="DominionKillTeamCooldowns">
        <UnitLink value="DominionKillTeam"/>
        <TacAbilData index="0" AbilLink="StimpackMarauder">
            <Cooldown index="0" value="-1"/>
            <Cooldown index="1" value="-1"/>
            <Cooldown index="2" value="-1"/>
            <Cooldown index="3" value="-1"/>
        </TacAbilData>
    </CTacCooldown>
    <CTacCooldown id="HighTemplarCooldowns">
        <UnitLink value="HighTemplar"/>
        <TacAbilData index="0" AbilLink="PsiStorm">
            <Cooldown index="0" value="-1"/>
            <Cooldown index="1" value="5"/>
            <Cooldown index="2" value="5"/>
            <Cooldown index="3" value="5"/>
        </TacAbilData>
        <TacAbilData index="1" AbilLink="Feedback">
            <Cooldown index="0" value="-1"/>
            <Cooldown index="1" value="-1"/>
            <Cooldown index="2" value="-1"/>
            <Cooldown index="3" value="-1"/>
            <Cooldown index="4" value="-1"/>
        </TacAbilData>
    </CTacCooldown>
    <CTacCooldown id="SentryCooldowns">
        <UnitLink value="Sentry"/>
        <TacAbilData index="0" AbilLink="Hallucination">
            <Cooldown index="0" value="-1"/>
        </TacAbilData>
    </CTacCooldown>
    <CTacCooldown id="GatewayCooldowns">
        <UnitLink value="Gateway"/>
        <TacAbilData index="0" AbilLink="UpgradeToWarpGate">
            <Cooldown index="0" value="-1"/>
            <Cooldown index="1" value="-1"/>
            <Cooldown index="2" value="-1"/>
            <Cooldown index="3" value="-1"/>
            <Cooldown index="4" value="-1"/>
        </TacAbilData>
    </CTacCooldown>
    <CTacCooldown id="NexusCooldowns">
        <UnitLink value="Nexus"/>
        <TacAbilData index="0" AbilLink="TimeWarp">
            <Cooldown index="0" value="-1"/>
            <Cooldown index="1" value="-1"/>
            <Cooldown index="2" value="-1"/>
            <Cooldown index="3" value="-1"/>
            <Cooldown index="4" value="-1"/>
        </TacAbilData>
    </CTacCooldown>
    <CTacCooldown id="QueenCooldowns">
        <UnitLink value="Queen"/>
        <TacAbilData index="0" AbilLink="Transfusion">
            <Cooldown index="0" value="-1"/>
            <Cooldown index="1" value="-1"/>
            <Cooldown index="2" value="-1"/>
        </TacAbilData>
        <TacAbilData index="1" AbilLink="QueenBuild">
            <Cooldown index="0" value="-1"/>
            <Cooldown index="1" value="-1"/>
            <Cooldown index="2" value="-1"/>
            <Cooldown index="3" value="-1"/>
            <Cooldown index="4" value="-1"/>
        </TacAbilData>
    </CTacCooldown>
    <CTacCooldown id="CreepTumorBurrowedCooldowns">
        <UnitLink value="CreepTumorBurrowed"/>
        <TacAbilData index="0" AbilLink="CreepTumorBuild">
            <Cooldown index="0" value="-1"/>
            <Cooldown index="1" value="-1"/>
            <Cooldown index="2" value="-1"/>
            <Cooldown index="3" value="-1"/>
            <Cooldown index="4" value="-1"/>
        </TacAbilData>
    </CTacCooldown>
    <CTacCooldown id="InfestorCooldowns">
        <UnitLink value="Infestor"/>
        <TacAbilData index="0" AbilLink="FungalGrowth">
            <Cooldown index="0" value="-1"/>
            <Cooldown index="1" value="15"/>
            <Cooldown index="2" value="15"/>
        </TacAbilData>
        <TacAbilData index="1" AbilLink="InfestedTerrans">
            <Cooldown index="0" value="-1"/>
            <Cooldown index="1" value="3"/>
            <Cooldown index="2" value="3"/>
        </TacAbilData>
        <TacAbilData index="2" AbilLink="NeuralParasite">
            <Cooldown index="0" value="-1"/>
            <Cooldown index="1" value="-1"/>
            <Cooldown index="2" value="-1"/>
            <Cooldown index="3" value="-1"/>
            <Cooldown index="4" value="-1"/>
        </TacAbilData>
    </CTacCooldown>
    <CTacCooldown id="OverseerCooldowns">
        <UnitLink value="Overseer"/>
        <TacAbilData index="0" AbilLink="SpawnChangeling">
            <Cooldown index="0" value="-1"/>
            <Cooldown index="1" value="-1"/>
            <Cooldown index="2" value="-1"/>
            <Cooldown index="3" value="-1"/>
            <Cooldown index="4" value="-1"/>
        </TacAbilData>
        <TacAbilData index="1" AbilLink="Contaminate">
            <Cooldown index="0" value="-1"/>
            <Cooldown index="1" value="-1"/>
            <Cooldown index="2" value="-1"/>
            <Cooldown index="3" value="-1"/>
            <Cooldown index="4" value="-1"/>
        </TacAbilData>
    </CTacCooldown>
    <CTacCooldown id="OverlordCooldowns">
        <UnitLink value="Overlord"/>
        <TacAbilData index="0" AbilLink="GenerateCreep">
            <Cooldown index="0" value="-1"/>
            <Cooldown index="1" value="-1"/>
            <Cooldown index="2" value="-1"/>
            <Cooldown index="3" value="-1"/>
            <Cooldown index="4" value="-1"/>
        </TacAbilData>
    </CTacCooldown>
    <CTacCooldown id="CorruptorCooldowns">
        <UnitLink value="Corruptor"/>
        <TacAbilData index="0" AbilLink="Corruption">
            <Cooldown index="0" value="-1"/>
            <Cooldown index="1" value="-1"/>
            <Cooldown index="2" value="-1"/>
        </TacAbilData>
    </CTacCooldown>
    <CTacCooldown id="SpineCrawlerCooldowns">
        <UnitLink value="SpineCrawler"/>
        <TacAbilData index="0" AbilLink="SpineCrawlerUproot">
            <Cooldown index="0" value="-1"/>
            <Cooldown index="1" value="-1"/>
            <Cooldown index="2" value="-1"/>
            <Cooldown index="3" value="-1"/>
            <Cooldown index="4" value="-1"/>
        </TacAbilData>
    </CTacCooldown>
    <CTacCooldown id="SpineCrawlerUprootedCooldowns">
        <UnitLink value="SpineCrawlerUprooted"/>
        <TacAbilData index="0" AbilLink="SpineCrawlerRoot">
            <Cooldown index="0" value="-1"/>
            <Cooldown index="1" value="-1"/>
            <Cooldown index="2" value="-1"/>
            <Cooldown index="3" value="-1"/>
            <Cooldown index="4" value="-1"/>
        </TacAbilData>
    </CTacCooldown>
    <CTacCooldown id="ThorCooldowns">
        <UnitLink value="Thor"/>
        <TacAbilData index="0" AbilLink="250mmStrikeCannons">
            <Cooldown index="0" value="-1"/>
            <Cooldown index="1" value="-1"/>
            <Cooldown index="2" value="-1"/>
        </TacAbilData>
    </CTacCooldown>
    <CTacCooldown id="BansheeCooldowns">
        <UnitLink value="Banshee"/>
        <TacAbilData index="0" AbilLink="BansheeCloak">
            <Cooldown index="0" value="-1"/>
            <Cooldown index="1" value="-1"/>
            <Cooldown index="2" value="-1"/>
            <Cooldown index="3" value="-1"/>
            <Cooldown index="4" value="-1"/>
        </TacAbilData>
    </CTacCooldown>
    <CTacCooldown id="GhostCooldowns">
        <UnitLink value="Ghost"/>
        <TacAbilData index="0" AbilLink="Snipe">
            <Cooldown index="0" value="-1"/>
            <Cooldown index="1" value="10"/>
            <Cooldown index="2" value="10"/>
            <Cooldown index="3" value="5"/>
            <Cooldown index="4" value="2"/>
        </TacAbilData>
        <TacAbilData index="1" AbilLink="EMP">
            <Cooldown index="0" value="-1"/>
            <Cooldown index="1" value="-1"/>
            <Cooldown index="2" value="-1"/>
            <Cooldown index="3" value="4"/>
            <Cooldown index="4" value="2"/>
        </TacAbilData>
        <TacAbilData index="2" AbilLink="GhostCloak">
            <Cooldown index="0" value="-1"/>
            <Cooldown index="1" value="-1"/>
            <Cooldown index="2" value="-1"/>
            <Cooldown index="3" value="-1"/>
            <Cooldown index="4" value="-1"/>
        </TacAbilData>
    </CTacCooldown>
    <CTacCooldown id="SpectreCooldowns">
        <UnitLink value="Spectre"/>
        <TacAbilData index="0" AbilLink="Snipe">
            <Cooldown index="0" value="-1"/>
            <Cooldown index="1" value="10"/>
            <Cooldown index="2" value="10"/>
            <Cooldown index="3" value="5"/>
            <Cooldown index="4" value="2"/>
        </TacAbilData>
        <TacAbilData index="1" AbilLink="EMP">
            <Cooldown index="0" value="-1"/>
            <Cooldown index="1" value="-1"/>
            <Cooldown index="2" value="-1"/>
            <Cooldown index="3" value="4"/>
            <Cooldown index="4" value="2"/>
        </TacAbilData>
        <TacAbilData index="2" AbilLink="GhostCloak">
            <Cooldown index="0" value="-1"/>
            <Cooldown index="1" value="-1"/>
            <Cooldown index="2" value="-1"/>
            <Cooldown index="3" value="-1"/>
            <Cooldown index="4" value="-1"/>
        </TacAbilData>
    </CTacCooldown>
    <CTacCooldown id="BattleCruiserCooldowns">
        <UnitLink value="Battlecruiser"/>
        <TacAbilData index="0" AbilLink="Yamato">
            <Cooldown index="0" value="-1"/>
            <Cooldown index="1" value="-1"/>
            <Cooldown index="2" value="-1"/>
            <Cooldown index="3" value="8"/>
        </TacAbilData>
    </CTacCooldown>
    <CTacCooldown id="SupplyDepotCooldowns">
        <UnitLink value="SupplyDepot"/>
        <TacAbilData index="0" AbilLink="SupplyDepotLower">
            <Cooldown index="0" value="-1"/>
            <Cooldown index="1" value="-1"/>
            <Cooldown index="2" value="-1"/>
            <Cooldown index="3" value="-1"/>
            <Cooldown index="4" value="-1"/>
        </TacAbilData>
    </CTacCooldown>
    <CTacCooldown id="SupplyDepotLoweredCooldowns">
        <UnitLink value="SupplyDepotLowered"/>
        <TacAbilData index="0" AbilLink="SupplyDepotRaise">
            <Cooldown index="0" value="-1"/>
            <Cooldown index="1" value="-1"/>
            <Cooldown index="2" value="-1"/>
            <Cooldown index="3" value="-1"/>
            <Cooldown index="4" value="-1"/>
        </TacAbilData>
    </CTacCooldown>
    <CTacCooldown id="MarauderCooldowns">
        <UnitLink value="Marauder"/>
        <TacAbilData index="0" AbilLink="StimpackMarauder">
            <Cooldown index="0" value="-1"/>
            <Cooldown index="1" value="-1"/>
            <Cooldown index="2" value="-1"/>
        </TacAbilData>
    </CTacCooldown>
    <CTacCooldown id="MarineCooldowns">
        <UnitLink value="Marine"/>
        <TacAbilData index="0" AbilLink="Stimpack">
            <Cooldown index="0" value="-1"/>
            <Cooldown index="1" value="-1"/>
            <Cooldown index="2" value="-1"/>
        </TacAbilData>
    </CTacCooldown>
    <CTacCooldown id="OrbitalCommandCooldowns">
        <UnitLink value="OrbitalCommand"/>
        <TacAbilData index="0" AbilLink="CalldownMULE">
            <Cooldown index="0" value="-1"/>
            <Cooldown index="1" value="-1"/>
            <Cooldown index="2" value="-1"/>
            <Cooldown index="3" value="-1"/>
            <Cooldown index="4" value="-1"/>
        </TacAbilData>
        <TacAbilData index="1" AbilLink="SupplyDrop">
            <Cooldown index="0" value="-1"/>
            <Cooldown index="1" value="-1"/>
            <Cooldown index="2" value="-1"/>
            <Cooldown index="3" value="-1"/>
            <Cooldown index="4" value="-1"/>
        </TacAbilData>
    </CTacCooldown>
    <CTacCooldown id="RavenCooldowns">
        <UnitLink value="Raven"/>
        <TacAbilData index="0" AbilLink="SeekerMissile">
            <Cooldown index="0" value="-1"/>
            <Cooldown index="1" value="-1"/>
            <Cooldown index="2" value="-1"/>
            <Cooldown index="3" value="5"/>
            <Cooldown index="4" value="2"/>
        </TacAbilData>
        <TacAbilData index="1" AbilLink="BuildAutoTurret">
            <Cooldown index="0" value="-1"/>
            <Cooldown index="1" value="10"/>
            <Cooldown index="2" value="10"/>
            <Cooldown index="3" value="5"/>
        </TacAbilData>
        <TacAbilData index="2" AbilLink="PlacePointDefenseDrone">
            <Cooldown index="0" value="-1"/>
            <Cooldown index="1" value="-1"/>
            <Cooldown index="2" value="-1"/>
            <Cooldown index="3" value="-1"/>
            <Cooldown index="4" value="-1"/>
        </TacAbilData>
    </CTacCooldown>
</Catalog>
