<?xml version="1.0" encoding="us-ascii"?>
<Catalog>
    <CTacticalOrder id="InfestedTerranCampaign">
        <Abil value="BurrowInfestedTerranCampaignDown"/>
        <Validator value="TacticalBurrowInfestedTerranCampaignDown"/>
    </CTacticalOrder>
    <CTacticalOrder id="InfestedTerranCampaignBurrowed">
        <Abil value="BurrowInfestedTerranCampaignUp"/>
        <Validator value="TacticalBurrowInfestedTerranCampaignUp"/>
    </CTacticalOrder>
    <CTacticalOrder id="InfestedCivilian">
        <Abil value="BurrowInfestedCivilianDown"/>
        <Validator value="TacticalBurrowInfestedCivilianDown"/>
    </CTacticalOrder>
    <CTacticalOrder id="InfestedCivilianBurrowed">
        <Abil value="BurrowInfestedCivilianUp"/>
        <Validator value="TacticalBurrowInfestedCivilianUp"/>
    </CTacticalOrder>
    <CTacticalOrder id="InfestedAbominationBurrowed">
        <Abil value="BurrowInfestedAbominationUp"/>
        <Validator value="TacticalBurrowInfestedAbominationUp"/>
    </CTacticalOrder>
    <CTacticalOrder id="HybridC">
        <Abil value="HybridBlink"/>
        <TargetFind value="HybridBlink"/>
    </CTacticalOrder>
</Catalog>
