<?xml version="1.0" encoding="us-ascii"?>
<Catalog>
    <!--=========================================================================================-->
    <!--======== Briefing Videos ================================================================-->
    <!--=========================================================================================-->
<!--    <CTexture default="1" id="BriefingVideo">-->
<!--        <Slot value="video"/>-->
<!--        <MovieSoundSettings value="BriefingMovieTemplate"/>-->
<!--    </CTexture>-->
    <CTexture id="MercDecal">
        <File value="Assets\Textures\decal_merc_terran01_01.dds"/>
        <Slot value="decal"/>
    </CTexture>
    <CTexture id="Reflection_Battlefield">
        <Slot value="reflection"/>
    </CTexture>
    <CTexture id="Reflection_Belshir">
        <Slot value="reflection"/>
    </CTexture>
    <CTexture id="Reflection_Bridge">
        <Slot value="reflection"/>
    </CTexture>
    <CTexture id="Reflection_Cantina">
        <Slot value="reflection"/>
    </CTexture>
    <CTexture id="Reflection_HyperionBridge">
        <Slot value="reflection"/>
    </CTexture>
    <CTexture id="Reflection_HyperionCantinaStage1">
        <Slot value="reflection"/>
    </CTexture>
    <CTexture id="Reflection_HyperionMedLabStage1">
        <Slot value="reflection"/>
    </CTexture>
    <CTexture id="Reflection_HyperionMedLabStage1_3">
        <Slot value="reflection"/>
    </CTexture>
    <CTexture id="Reflection_HyperionMedLabStage1_Tube">
        <Slot value="reflection"/>
    </CTexture>
    <CTexture id="Reflection_HyperionMedLabStage1_Tube2">
        <Slot value="reflection"/>
    </CTexture>
    <CTexture id="Reflection_Lab">
        <Slot value="reflection"/>
    </CTexture>
    <CTexture id="Reflection_MarEnviro">
        <File value="Assets\Textures\reflection_mar-enviro.dds"/>
        <Slot value="reflection"/>
    </CTexture>
    <CTexture id="Reflection_MarSaraBar">
        <Slot value="reflection"/>
    </CTexture>
    <CTexture id="Reflection_Observatory">
        <Slot value="reflection"/>
    </CTexture>
    <CTexture id="Reflection_Armory">
        <Slot value="reflection"/>
    </CTexture>
    <!-- data for Building texture swaps for TZeratul02 -->
    <!--shared-->
    <CTexture id="GlowGreen">
        <File value="Assets\Textures\glow_green3.dds"/>
        <Slot value="generic01"/>
    </CTexture>
    <CTexture id="GradRaysGreen">
        <File value="Assets\Textures\Grad_Rays_Green1.dds"/>
        <Slot value="generic02"/>
    </CTexture>
    <CTexture id="LazerBoltGreen">
        <File value="Assets\Textures\LazerBolt1_Green.dds"/>
        <Slot value="generic01"/>
    </CTexture>
    <CTexture id="PulseGreen">
        <File value="Assets\Textures\Pulse1_Green2.dds"/>
        <Slot value="generic03"/>
    </CTexture>
    <CTexture id="TronSquareGreen">
        <File value="Assets\Textures\TronSquare1_Green.dds"/>
        <Slot value="generic04"/>
    </CTexture>
    <CTexture id="WarpLineGreen">
        <File value="Assets\Textures\WarpLine2_Blue.dds"/>
        <Slot value="generic03"/>
    </CTexture>
    <CTexture id="PylonDarkDiffuse">
        <File value="Assets\Textures\pylon_diffuse_dark.dds"/>
        <Slot value="campaign.diffuse"/>
    </CTexture>
    <CTexture id="PylonDarkSpecular">
        <File value="Assets\Textures\pylon_specular_dark.dds"/>
        <Slot value="campaign.specular"/>
    </CTexture>
    <CTexture id="PylonDarkEmissive">
        <File value="Assets\Textures\pylon_emissive_dark.dds"/>
        <Slot value="campaign.emissive"/>
    </CTexture>
    <!-- Individual buildings -->
    <CTexture id="NexusDarkDiffuse">
        <File value="Assets\Textures\nexus_diffuse_dark.dds"/>
        <Slot value="campaign.diffuse"/>
    </CTexture>
    <CTexture id="NexusDarkSpecular">
        <File value="Assets\Textures\nexus_specular_dark.dds"/>
        <Slot value="campaign.specular"/>
    </CTexture>
    <CTexture id="NexusDarkEmissive">
        <File value="Assets\Textures\nexus_emissive_dark.dds"/>
        <Slot value="campaign.emissive"/>
    </CTexture>
    <CTexture id="CyberneticsCoreDarkDiffuse">
        <File value="Assets\Textures\cyberneticscore_diffuse_dark.dds"/>
        <Slot value="main.diffuse"/>
    </CTexture>
    <CTexture id="CyberneticsCoreDarkEmissive">
        <File value="Assets\Textures\cyberneticscore_emissive_dark.dds"/>
        <Slot value="main.emissive"/>
    </CTexture>
    <CTexture id="CyberneticsCoreDarkSpecular">
        <File value="Assets\Textures\cyberneticscore_specular_dark.dds"/>
        <Slot value="main.specular"/>
    </CTexture>
    <CTexture id="DarkShrineDarkDiffuse">
        <File value="Assets\Textures\darkshrine_diffuse_dark.dds"/>
        <Slot value="main.diffuse"/>
    </CTexture>
    <CTexture id="DarkShrineDarkEmissive">
        <File value="Assets\Textures\darkshrine_emissive_dark.dds"/>
        <Slot value="main.emissive"/>
    </CTexture>
    <CTexture id="DarkShrineDarkSpecular">
        <File value="Assets\Textures\darkshrine_specular_dark.dds"/>
        <Slot value="main.specular"/>
    </CTexture>
    <CTexture id="FleetBeaconDarkDiffuse">
        <File value="Assets\Textures\fleetbecon_diffuse_dark.dds"/>
        <Slot value="main.diffuse"/>
    </CTexture>
    <CTexture id="FleetBeaconDarkEmissive">
        <File value="Assets\Textures\fleetbecon_emissive_dark.dds"/>
        <Slot value="main.emissive"/>
    </CTexture>
    <CTexture id="FleetBeaconDarkSpecular">
        <File value="Assets\Textures\fleetbecon_specular_dark.dds"/>
        <Slot value="main.specular"/>
    </CTexture>
    <CTexture id="RoboticsSupportDarkDiffuse">
        <File value="Assets\Textures\roboticsupport_diffuse_dark.dds"/>
        <Slot value="main.diffuse"/>
    </CTexture>
    <CTexture id="RoboticsSupportDarkEmissive">
        <File value="Assets\Textures\roboticsupport_emissive_dark.dds"/>
        <Slot value="main.emissive"/>
    </CTexture>
    <CTexture id="RoboticsSupportDarkSpecular">
        <File value="Assets\Textures\roboticsupport_specular_dark.dds"/>
        <Slot value="main.specular"/>
    </CTexture>
    <CTexture id="PhotonCannonDarkDiffuse">
        <File value="Assets\Textures\photoncannon_diffuse_dark.dds"/>
        <Slot value="main.diffuse"/>
    </CTexture>
    <CTexture id="PhotonCannonDarkEmissive">
        <File value="Assets\Textures\photoncannon_emissive_dark.dds"/>
        <Slot value="main.emissive"/>
    </CTexture>
    <CTexture id="PhotonCannonDarkSpecular">
        <File value="Assets\Textures\photoncannon_specular_dark.dds"/>
        <Slot value="main.specular"/>
    </CTexture>
    <CTexture id="PhotonCannonBaseDarkDiffuse">
        <File value="Assets\Textures\photoncannonbase_diffuse_dark.dds"/>
        <Slot value="generic05.diffuse"/>
    </CTexture>
    <CTexture id="PhotonCannonBaseDarkEmissive">
        <File value="Assets\Textures\photoncannonbase_emissive_dark.dds"/>
        <Slot value="generic05.emissive"/>
    </CTexture>
    <CTexture id="PhotonCannonBaseDarkSpecular">
        <File value="Assets\Textures\photoncannonbase_specular_dark.dds"/>
        <Slot value="generic05.specular"/>
    </CTexture>
    <CTexture id="ForgeDarkDiffuse">
        <File value="Assets\Textures\forge_diffuse_dark.dds"/>
        <Slot value="main.diffuse"/>
    </CTexture>
    <CTexture id="ForgeDarkEmissive">
        <File value="Assets\Textures\forge_emissive_dark.dds"/>
        <Slot value="main.emissive"/>
    </CTexture>
    <CTexture id="ForgeDarkSpecular">
        <File value="Assets\Textures\forge_specular_dark.dds"/>
        <Slot value="main.specular"/>
    </CTexture>
    <CTexture id="StargateDarkDiffuse">
        <File value="Assets\Textures\stargate_diffuse_dark.dds"/>
        <Slot value="main.diffuse"/>
    </CTexture>
    <CTexture id="StargateDarkEmissive">
        <File value="Assets\Textures\stargate_emissive_dark.dds"/>
        <Slot value="main.emissive"/>
    </CTexture>
    <CTexture id="StargateDarkSpecular">
        <File value="Assets\Textures\stargate_specular_dark.dds"/>
        <Slot value="main.specular"/>
    </CTexture>
    <CTexture id="GatewayDarkDiffuse">
        <File value="Assets\Textures\gateway_diffuse_dark.dds"/>
        <Slot value="main.diffuse"/>
    </CTexture>
    <CTexture id="GatewayDarkEmissive">
        <File value="Assets\Textures\gateway_emissive_dark.dds"/>
        <Slot value="main.emissive"/>
    </CTexture>
    <CTexture id="GatewayDarkSpecular">
        <File value="Assets\Textures\gateway_specular_dark.dds"/>
        <Slot value="main.specular"/>
    </CTexture>
    <CTexture id="AssimilatorDarkDiffuse">
        <File value="Assets\Textures\assimilator_diffuse_dark.dds"/>
        <Slot value="main.diffuse"/>
    </CTexture>
    <CTexture id="AssimilatorDarkSpecular">
        <File value="Assets\Textures\assimilator_specular_dark.dds"/>
        <Slot value="main.specular"/>
    </CTexture>
    <CTexture id="TwilightCouncilDarkDiffuse">
        <File value="Assets\Textures\twilightcouncil_diffuse_dark.dds"/>
        <Slot value="main.diffuse"/>
    </CTexture>
    <CTexture id="TwilightCouncilDarkEmissive">
        <File value="Assets\Textures\twilightcouncil_emissive_dark.dds"/>
        <Slot value="main.emissive"/>
    </CTexture>
    <CTexture id="TwilightCouncilDarkSpecular">
        <File value="Assets\Textures\twilightcouncil_specular_dark.dds"/>
        <Slot value="main.specular"/>
    </CTexture>
    <CTexture id="RoboticsFacilityDarkDiffuse">
        <File value="Assets\Textures\roboticsfacility_diffuse_dark.dds"/>
        <Slot value="main.diffuse"/>
    </CTexture>
    <CTexture id="RoboticsFacilityDarkEmissive">
        <File value="Assets\Textures\roboticsfacility_emissive_dark.dds"/>
        <Slot value="main.emissive"/>
    </CTexture>
    <CTexture id="RoboticsFacilityDarkSpecular">
        <File value="Assets\Textures\roboticsfacility_specular_dark.dds"/>
        <Slot value="main.specular"/>
    </CTexture>
    <CTexture id="TemplarArchivesDarkDiffuse">
        <File value="Assets\Textures\templararchives_diffuse_dark.dds"/>
        <Slot value="main.diffuse"/>
    </CTexture>
    <CTexture id="TemplarArchivesDarkEmissive">
        <File value="Assets\Textures\templararchives_emissive_dark.dds"/>
        <Slot value="main.emissive"/>
    </CTexture>
    <CTexture id="TemplarArchivesDarkSpecular">
        <File value="Assets\Textures\templararchives_specular_dark.dds"/>
        <Slot value="main.specular"/>
    </CTexture>
    <!--========================================================================================-->
    <!--======== SM bridge officers ========================================================-->
    <!--========================================================================================-->
<!--    <CTexture id="BridgeOfficerBody01">-->
<!--        <File value="Assets\Textures\sm_bralik_body_diff_01.dds"/>-->
<!--        <Slot value="main.diffuse"/>-->
<!--    </CTexture>-->
<!--    <CTexture id="BridgeOfficerHead01">-->
<!--        <File value="Assets\Textures\sm_bralik_head_diff_01.dds"/>-->
<!--        <Slot value="campaign.diffuse"/>-->
<!--    </CTexture>-->
<!--    <CTexture id="BridgeOfficerBody02">-->
<!--        <File value="Assets\Textures\sm_bralik_body_diff_02.dds"/>-->
<!--        <Slot value="main.diffuse"/>-->
<!--    </CTexture>-->
<!--    <CTexture id="BridgeOfficerHead02">-->
<!--        <File value="Assets\Textures\sm_bralik_head_diff_02.dds"/>-->
<!--        <Slot value="campaign.diffuse"/>-->
<!--    </CTexture>-->
    <!--========================================================================================-->
    <!--========Bridge Space Scenes  ========================================================-->
    <!--========================================================================================-->
<!--    <CTexture id="SMBridgePlanetSpace">-->
<!--        <File value="Assets\Textures\bridgeplanetspace_stars.dds"/>-->
<!--        <Slot value="main"/>-->
<!--    </CTexture>-->
<!--    <CTexture id="SMBridgePlanetAgria">-->
<!--        <File value="Assets\Textures\loading-agria.dds"/>-->
<!--        <Slot value="main"/>-->
<!--    </CTexture>-->
<!--    <CTexture id="SMBridgePlanetAiur">-->
<!--        <File value="Assets\Textures\loading-aiur.dds"/>-->
<!--        <Slot value="main"/>-->
<!--    </CTexture>-->
<!--    <CTexture id="SMBridgePlanetAvernus">-->
<!--        <File value="Assets\Textures\loading-avernus.dds"/>-->
<!--        <Slot value="main"/>-->
<!--    </CTexture>-->
<!--    <CTexture id="SMBridgePlanetBelShir">-->
<!--        <File value="Assets\Textures\loading-belshir.dds"/>-->
<!--        <Slot value="main"/>-->
<!--    </CTexture>-->
<!--    <CTexture id="SMBridgePlanetCastanar">-->
<!--        <File value="Assets\Textures\loading-castanar.dds"/>-->
<!--        <Slot value="main"/>-->
<!--    </CTexture>-->
<!--    <CTexture id="SMBridgePlanetChar">-->
<!--        <File value="Assets\Textures\loading-char.dds"/>-->
<!--        <Slot value="main"/>-->
<!--    </CTexture>-->
<!--    <CTexture id="SMBridgePlanetHaven">-->
<!--        <File value="Assets\Textures\loading-haven.dds"/>-->
<!--        <Slot value="main"/>-->
<!--    </CTexture>-->
<!--    <CTexture id="SMBridgePlanetKorhal">-->
<!--        <File value="Assets\Textures\loading-korhal.dds"/>-->
<!--        <Slot value="main"/>-->
<!--    </CTexture>-->
<!--    <CTexture id="SMBridgePlanetMeinhoff">-->
<!--        <File value="Assets\Textures\loading-meinhoff.dds"/>-->
<!--        <Slot value="main"/>-->
<!--    </CTexture>-->
<!--    <CTexture id="SMBridgePlanetMonlyth">-->
<!--        <File value="Assets\Textures\loading-monlyth.dds"/>-->
<!--        <Slot value="main"/>-->
<!--    </CTexture>-->
<!--    <CTexture id="SMBridgePlanetNewFolsom">-->
<!--        <File value="Assets\Textures\t1_sm_armoryloading-newfolsom.dds"/>-->
<!--        <Slot value="main"/>-->
<!--    </CTexture>-->
<!--    <CTexture id="SMBridgePlanetPortZion">-->
<!--        <File value="Assets\Textures\t1_sm_armoryloading-portzion.dds"/>-->
<!--        <Slot value="main"/>-->
<!--    </CTexture>-->
<!--    <CTexture id="SMBridgePlanetRedstone">-->
<!--        <File value="Assets\Textures\loading-redstone.dds"/>-->
<!--        <Slot value="main"/>-->
<!--    </CTexture>-->
<!--    <CTexture id="SMBridgePlanetShakuras">-->
<!--        <File value="Assets\Textures\loading-shakuras.dds"/>-->
<!--        <Slot value="main"/>-->
<!--    </CTexture>-->
<!--    <CTexture id="SMBridgePlanetTarsonis">-->
<!--        <File value="Assets\Textures\loading-tarsonis.dds"/>-->
<!--        <Slot value="main"/>-->
<!--    </CTexture>-->
<!--    <CTexture id="SMBridgePlanetTyphon">-->
<!--        <File value="Assets\Textures\loading-typhon.dds"/>-->
<!--        <Slot value="main"/>-->
<!--    </CTexture>-->
<!--    <CTexture id="SMBridgePlanetTyrador">-->
<!--        <File value="Assets\Textures\loading-tyrador.dds"/>-->
<!--        <Slot value="main"/>-->
<!--    </CTexture>-->
<!--    <CTexture id="SMBridgePlanetUlaan">-->
<!--        <File value="Assets\Textures\loading-ulaan.dds"/>-->
<!--        <Slot value="main"/>-->
<!--    </CTexture>-->
<!--    <CTexture id="SMBridgePlanetUlnar">-->
<!--        <File value="Assets\Textures\loading-ulnar.dds"/>-->
<!--        <Slot value="main"/>-->
<!--    </CTexture>-->
<!--    <CTexture id="SMBridgePlanetValhalla">-->
<!--        <File value="Assets\Textures\loading-valhalla.dds"/>-->
<!--        <Slot value="main"/>-->
<!--    </CTexture>-->
<!--    <CTexture id="SMBridgePlanetXil">-->
<!--        <File value="Assets\Textures\loading-xil.dds"/>-->
<!--        <Slot value="main"/>-->
<!--    </CTexture>-->
<!--    <CTexture id="SMBridgePlanetZhakulDas">-->
<!--        <File value="Assets\Textures\loading-zhakuldas.dds"/>-->
<!--        <Slot value="main"/>-->
<!--    </CTexture>-->
<!--    <CTexture id="TVTychus05ValerianPortrait">-->
<!--        <File value="Assets\Textures\tvtychus05_valerianportrait.dds"/>-->
<!--        <Slot value="video"/>-->
<!--    </CTexture>-->
<!--    <CTexture id="TVOffAir">-->
<!--        <File value="Assets\Textures\tv_offair"/>-->
<!--        <Slot value="video"/>-->
<!--    </CTexture>-->
    <CTexture id="ChrysalisEggDiffuse">
        <File value="Assets\Textures\campaign_zergegg_chrysalis_diffuse.dds"/>
        <Slot value="main.diffuse"/>
    </CTexture>
    <CTexture id="ChrysalisEggEmissive">
        <File value="Assets\Textures\campaign_zergegg_chrysalis_emissive.dds"/>
        <Slot value="main.emissive"/>
    </CTexture>
    <CTexture id="ChrysalisEggSpecular">
        <File value="Assets\Textures\campaign_zergegg_chrysalis_specular.dds"/>
        <Slot value="main.specular"/>
    </CTexture>
</Catalog>
