<?xml version="1.0" encoding="us-ascii"?>
<Catalog>
    <CTurret id="BattlecruiserHelios">
        <YawArc value="90"/>
        <YawRate value="1999.8632"/>
    </CTurret>
    <CTurret id="Dragoon" parent="FreeRotate">
        <Idle value="FollowMovement"/>
        <YawRate value="360"/>
        <YawIdleRate value="360"/>
    </CTurret>
    <CTurret id="Diamondback" parent="FreeRotate">
        <Idle value="ResetIfMoving"/>
        <YawRate value="539.2968"/>
    </CTurret>
    <CTurret id="ShrikeTurret" parent="FreeRotate">
        <Idle value="Spin"/>
        <YawIdleRate value="29.8828"/>
    </CTurret>
    <CTurret id="SpartanCompany">
        <YawArc value="135"/>
        <YawRate value="360"/>
        <YawIdleRate value="360"/>
    </CTurret>
    <CTurret id="Goliath">
        <YawArc value="135"/>
        <YawRate value="360"/>
        <YawIdleRate value="360"/>
    </CTurret>
    <CTurret id="LaserDrillTripod" parent="FreeRotate">
        <Idle value="ResetIfMoving"/>
        <YawRate value="74.8828"/>
    </CTurret>
    <CTurret id="PerditionTurret" parent="FreeRotate">
        <Idle value="Spin"/>
        <YawIdleRate value="-45"/>
    </CTurret>
    <CTurret id="SentryGunTurret" parent="FreeRotate">
        <Idle value="Reset"/>
        <YawIdleRate value="-45"/>
    </CTurret>
    <CTurret id="SS_TerraTronHead" parent="FreeRotate">
        <Fidget DelayMax="0" DelayMin="0" TurnAngle="0" TurningRate="0">
            <ChanceArray index="Anim" value="0"/>
            <ChanceArray index="Idle" value="0"/>
            <ChanceArray index="Turn" value="0"/>
        </Fidget>
        <YawRate value="90"/>
    </CTurret>
    <CTurret id="VirophageTurret" parent="FreeRotate">
        <YawRate value="540"/>
    </CTurret>
    <CTurret id="SporeCannon" parent="FreeRotate">
        <YawRate value="360"/>
        <YawIdleRate value="-14.9414"/>
    </CTurret>
    <CTurret id="Warbot" parent="FreeRotate">
        <Idle value="ResetIfMoving"/>
        <YawArc value="119.9926"/>
        <YawRate value="360"/>
        <Fidget DelayMax="0" DelayMin="0"/>
        <YawIdleRate value="360"/>
    </CTurret>
    <CTurret id="ColonistTransport" parent="FreeRotate"/>
    <CTurret id="ScienceVesselRotate" parent="FreeRotate">
        <Idle value="Spin"/>
        <YawRate value="8.9648"/>
        <YawIdleRate value="-8.9648"/>
    </CTurret>
    <CTurret id="HiveMindEmulatorRotate" parent="FreeRotate">
        <Idle value="Spin"/>
        <YawIdleRate value="12.832"/>
    </CTurret>
</Catalog>
