<?xml version="1.0" encoding="us-ascii"?>
<Catalog>
    <CWeaponLegacy id="ArmageddonCannons">
        <EditorCategories value="Race:Terran"/>
        <Options index="OnlyFireWhileInAttackOrder" value="0"/>
        <Options index="OnlyFireAtAttackOrderTarget" value="0"/>
        <Icon value="Assets\Textures\BTN-Upgrade-Terran-ShipWeaponsLevel0.dds"/>
        <DisplayEffect value="ArmageddonCannonR"/>
        <TargetFilters value="Visible;Missile,Stasis,Dead,Hidden,Invulnerable"/>
        <AcquirePrioritization value="ByAngle"/>
        <Range value="8"/>
        <MinimumRange value="2"/>
        <Period value="0.4"/>
        <AllowedMovement value="Slowing"/>
        <Effect value="ArmageddonCannon"/>
        <RandomDelayMin value="0"/>
        <RandomDelayMax value="0"/>
    </CWeaponLegacy>
    <CWeaponLegacy id="HunterKillerMelee">
        <EditorCategories value="Race:Zerg"/>
        <Options index="Hidden" value="1"/>
        <Options index="Melee" value="1"/>
        <Icon value="Assets\Textures\btn-upgrade-zerg-missileattacks-level0.dds"/>
        <TargetFilters value="Ground,Visible;Missile,Stasis,Dead,Hidden,Invulnerable"/>
        <Range value="0.5"/>
        <Period value="0.8608"/>
        <DamagePoint value="0.208"/>
    </CWeaponLegacy>
    <CWeaponLegacy id="HiveMindEmulator">
        <EditorCategories value="Race:Terran"/>
        <Options index="Hidden" value="1"/>
        <TargetFilters value="Visible;Structure,Heroic,Worker,Missile,Stasis,Dead,Hidden,Invulnerable"/>
        <Range value="9"/>
        <Period value="0.2"/>
        <Effect value="MindControlDummyImpact"/>
        <AcquireFilters value="-;Player,Ally,Neutral,Enemy"/>
        <MinScanRange value="0"/>
    </CWeaponLegacy>
    <CWeaponLegacy id="Predator">
        <EditorCategories value="Race:Terran"/>
        <Options index="Melee" value="1"/>
        <Icon value="Assets\Textures\BTN-Upgrade-Terran-VehicleWeaponsLevel0.dds"/>
        <TargetFilters value="Ground,Visible;Missile,Stasis,Dead,Hidden,Invulnerable"/>
        <Range value="0.1"/>
        <Period value="1"/>
        <DamagePoint value="0.15"/>
        <Effect value="RetributionFieldSet"/>
    </CWeaponLegacy>
    <CWeaponLegacy id="Lurker">
        <EditorCategories value="Race:Zerg"/>
        <Icon value="Assets\Textures\btn-upgrade-zerg-missileattacks-level0.dds"/>
        <DisplayEffect value="LurkerU"/>
        <TargetFilters value="Ground,Visible;Missile,Stasis,Dead,Hidden,Invulnerable"/>
        <Range value="6"/>
        <Period value="2.0832"/>
        <Marker>
            <MatchFlags index="Id" value="1"/>
        </Marker>
        <LegacyOptions index="KeepChanneling" value="1"/>
    </CWeaponLegacy>
    <CWeaponLegacy id="SS_TerraTronHeadTracking">
        <EditorCategories value="Race:Terran"/>
        <Options index="OnlyFireWhileInAttackOrder" value="0"/>
        <Options index="OnlyFireAtAttackOrderTarget" value="0"/>
        <DisplayEffect value=""/>
        <TargetFilters value="-;Ally,Neutral,Missile,Dead"/>
        <Range value="50"/>
        <Period value="0.5"/>
        <DamagePoint value="0"/>
        <Backswing value="0"/>
        <LegacyOptions index="NoDeceleration" value="1"/>
        <AllowedMovement value="Moving"/>
        <Effect value="SS_TerraTronHeadTrackingDummyEffect"/>
    </CWeaponLegacy>
    <CWeaponLegacy id="Tentacles">
        <EditorCategories value="Race:Zerg"/>
        <Options index="OnlyFireWhileInAttackOrder" value="0"/>
        <Options index="OnlyFireAtAttackOrderTarget" value="0"/>
        <Icon value="Assets\Textures\btn-upgrade-zerg-airattacks-level0.dds"/>
        <DisplayEffect value="LeviathanGroundAttackDamage"/>
        <DisplayAttackCount value="4"/>
        <TargetFilters value="Ground,Visible;Missile,Stasis,Dead,Hidden,Invulnerable"/>
        <Range value="12"/>
        <Arc value="90"/>
        <Period value="2.21"/>
        <AllowedMovement value="Moving"/>
        <Effect value=""/>
    </CWeaponLegacy>
    <CWeaponLegacy id="ThrowMolotovDummy">
        <EditorCategories value="Race:Terran"/>
        <Options index="CanInitiateAttackOrder" value="0"/>
        <Options index="LinkedCooldown" value="0"/>
        <Icon value="Assets\Textures\btn-upgrade-terran-infantryweaponslevel0.dds"/>
        <DisplayEffect value="ThrowMolotovDamage"/>
        <TargetFilters value="Visible;Missile,Stasis,Dead,Hidden,Invulnerable"/>
        <Range value="7"/>
        <Period value="7"/>
        <DamagePoint value="0.5625"/>
        <RandomDelayMin value="2"/>
        <RandomDelayMax value="5"/>
        <Effect value=""/>
    </CWeaponLegacy>
    <CWeaponLegacy id="Tychus05HeroMothershipBeam">
        <EditorCategories value="Race:Protoss"/>
        <Options index="OnlyFireWhileInAttackOrder" value="0"/>
        <Options index="OnlyFireAtAttackOrderTarget" value="0"/>
        <Icon value="Assets\Textures\btn-upgrade-protoss-airweaponslevel0.dds"/>
        <DisplayEffect value="Tychus05HeroMothershipBeamDamage"/>
        <DisplayAttackCount value="8"/>
        <TargetFilters value="Visible;Missile,Stasis,Dead,Hidden,Invulnerable"/>
        <Range value="7"/>
        <Arc value="360"/>
        <Period value="2.21"/>
        <DamagePoint value="0"/>
        <AllowedMovement value="Moving"/>
        <Effect value="Tychus05HeroMothershipBeamSet"/>
    </CWeaponLegacy>
    <CWeaponLegacy id="Suicide">
        <EditorCategories value="Race:Zerg"/>
        <Options index="Melee" value="1"/>
        <Icon value="Assets\Textures\btn-ability-zerg-banelingspooge.dds"/>
        <DisplayEffect value="SuicideDamage"/>
        <TargetFilters value="Air,Visible;Missile,Stasis,Dead,Hidden,Invulnerable"/>
        <AcquireFilters value="Air,Visible;Self,Player,Ally,Neutral,Structure,Missile,Stasis,Dead,Hidden,Invulnerable"/>
        <Range value="0.25"/>
        <Period value="0.833"/>
        <DamagePoint value="0"/>
        <LegacyOptions index="NoDeceleration" value="1"/>
        <AllowedMovement value="Moving"/>
        <Effect value="SuicideSet"/>
    </CWeaponLegacy>
    <CWeaponLegacy id="BattleCruiserLoki">
        <EditorCategories value="Race:Terran"/>
        <Options index="Hidden" value="1"/>
        <Icon value="Assets\Textures\btn-upgrade-terran-shipweaponslevel0.dds"/>
        <DisplayEffect value="BattlecruiserLokiLM"/>
        <TargetFilters value="Visible;Missile,Stasis,Dead,Hidden,Invulnerable"/>
        <AcquirePrioritization value="ByAngle"/>
        <Range value="2"/>
        <Period value="0.4"/>
        <AllowedMovement value="Slowing"/>
        <Effect value="BattlecruiserLokiLM"/>
        <RandomDelayMax value="0.1875"/>
    </CWeaponLegacy>
    <CWeaponLegacy id="RaynorGaussRifle">
        <EditorCategories value="Race:Terran"/>
        <Icon value="Assets\Textures\btn-upgrade-terran-infantryweaponslevel0.dds"/>
        <DisplayEffect value="RaynorGaussRifleDamage"/>
        <TargetFilters value="Visible;Missile,Stasis,Dead,Hidden,Invulnerable"/>
        <Range value="6"/>
        <Period value="0.8608"/>
        <DamagePoint value="0.05"/>
        <Backswing value="0.75"/>
        <Effect value="RaynorGaussRifleDamage"/>
    </CWeaponLegacy>
    <CWeaponLegacy id="TaurenSpaceMarineGaussRifle">
        <EditorCategories value="Race:Terran"/>
        <Icon value="Assets\Textures\btn-upgrade-terran-infantryweaponslevel0.dds"/>
        <DisplayEffect value="TaurenSpaceMarineGaussRifleDamage"/>
        <TargetFilters value="Visible;Missile,Stasis,Dead,Hidden,Invulnerable"/>
        <Period value="0.8608"/>
        <DamagePoint value="0.25"/>
        <Backswing value="0.75"/>
        <Effect value="TaurenSpaceMarineGaussRifleDamage"/>
    </CWeaponLegacy>
    <CWeaponLegacy id="SentryGun">
        <EditorCategories value="Race:Terran"/>
        <Icon value="Assets\Textures\btn-upgrade-terran-infantryweaponslevel0.dds"/>
        <TargetFilters value="Visible;Missile,Stasis,Dead,Hidden,Invulnerable"/>
        <Range value="6"/>
        <Period value="0.8"/>
    </CWeaponLegacy>
    <CWeaponLegacy id="BlockBP38ScytheGaussPistol">
        <EditorCategories value="Race:Terran"/>
        <Icon value="Assets\Textures\btn-upgrade-terran-infantryweaponslevel0.dds"/>
        <DisplayEffect value="BlockBDamage"/>
        <DisplayAttackCount value="2"/>
        <TargetFilters value="Ground,Visible;Missile,Stasis,Dead,Hidden,Invulnerable"/>
        <MinScanRange value="5.5"/>
        <Range value="4.5"/>
        <Period value="0.84"/>
        <DamagePoint value="0"/>
        <Backswing value="0.75"/>
        <Effect value="BlockBCreatePersistent"/>
    </CWeaponLegacy>
    <CWeaponLegacy id="Selendis">
        <EditorCategories value="Race:Protoss"/>
        <Options index="Hidden" value="1"/>
        <Icon value="Assets\Textures\btn-unit-protoss-interceptor.dds"/>
        <TargetFilters value="Visible;Missile,Stasis,Dead,Hidden,Invulnerable"/>
        <Range value="9"/>
        <Arc value="360"/>
        <Period value="0.25"/>
        <AllowedMovement value="Slowing"/>
        <Effect value="SelendisInterceptor"/>
        <DamagePoint value="0"/>
        <Backswing value="0"/>
    </CWeaponLegacy>
    <CWeaponLegacy id="SelendisInterceptor">
        <EditorCategories value="Race:Protoss"/>
        <Icon value="Assets\Textures\btn-unit-protoss-interceptor.dds"/>
        <DisplayEffect value="SelendisInterceptorU"/>
        <TargetFilters value="Visible;Player,Ally,Neutral,Enemy"/>
        <DisplayAttackCount value="2"/>
        <Range value="8"/>
        <Arc value="360"/>
        <Period value="3"/>
    </CWeaponLegacy>
    <CWeaponStrafe id="SelendisInterceptorBeam">
        <EditorCategories value="Race:Protoss"/>
        <DisplayAttackCount value="2"/>
        <TargetFilters value="Visible;Missile,Stasis,Dead,Hidden,Invulnerable"/>
        <Range value="2"/>
        <Arc value="19.6875"/>
        <Period value="3"/>
        <Icon value="Assets\Textures\btn-upgrade-protoss-airweaponslevel0.dds"/>
        <DisplayEffect value="SelendisInterceptorU"/>
    </CWeaponStrafe>
    <CWeaponLegacy id="CommandoRifle">
        <EditorCategories value="Race:Terran"/>
        <Icon value="Assets\Textures\btn-upgrade-terran-infantryweaponslevel0.dds"/>
        <Period value="1.5"/>
        <DamagePoint value="0.05"/>
        <TargetFilters value="Visible;Missile,Stasis,Dead,Hidden,Invulnerable"/>
    </CWeaponLegacy>
    <CWeaponLegacy id="DevilDogFlameThrower">
        <EditorCategories value="Race:Terran"/>
        <Icon value="Assets\Textures\btn-upgrade-terran-infantryweaponslevel0.dds"/>
        <DisplayEffect value="DevilDogDamage"/>
        <TargetFilters value="Ground,Visible;Missile,Stasis,Dead,Hidden,Invulnerable"/>
        <Range value="2"/>
        <Marker>
            <MatchFlags index="Id" value="1"/>
        </Marker>
        <Period value="1.4"/>
        <DamagePoint value="0.5"/>
        <Backswing value="1"/>
        <Effect value="DevilDogSet"/>
    </CWeaponLegacy>
    <CWeaponLegacy id="DuskWingBanshee">
        <EditorCategories value="Race:Terran"/>
        <Icon value="Assets\Textures\btn-upgrade-terran-shipweaponslevel0.dds"/>
        <DisplayEffect value="DuskWingBansheeDamage"/>
        <DisplayAttackCount value="2"/>
        <TargetFilters value="Ground,Visible;Missile,Stasis,Dead,Hidden,Invulnerable"/>
        <MinScanRange value="6"/>
        <Range value="6"/>
        <Marker>
            <MatchFlags index="Id" value="1"/>
        </Marker>
        <Period value="1.25"/>
        <LegacyOptions index="KeepChanneling" value="1"/>
        <AllowedMovement value="Slowing"/>
        <Effect value="DuskWingBansheeCreatePersistent"/>
    </CWeaponLegacy>
    <CWeaponLegacy id="DutchConcussiveGrenade">
        <EditorCategories value="Race:Terran"/>
        <Icon value="Assets\Textures\btn-upgrade-terran-infantryweaponslevel0.dds"/>
        <DisplayEffect value="DutchConcussiveGrenadeDamage"/>
        <DisplayAttackCount value="1"/>
        <TargetFilters value="Ground,Visible;Missile,Stasis,Dead,Hidden,Invulnerable"/>
        <Period value="1.2"/>
        <MinimumRange value="0.6"/>
        <DamagePoint value="0"/>
        <Backswing value="0"/>
        <Effect value="DutchConcussiveGrenadeCreatePersistent"/>
    </CWeaponLegacy>
    <CWeaponLegacy id="SwannMelee">
        <EditorCategories value="Race:Zerg"/>
        <Options index="Hidden" value="1"/>
        <Options index="Melee" value="1"/>
        <Icon value="Assets\Textures\btn-upgrade-terran-infantryweaponslevel0.dds"/>
        <TargetFilters value="Ground,Visible;Missile,Stasis,Dead,Hidden,Invulnerable"/>
        <Range value="0.5"/>
        <Effect value="SwannMeleeCP"/>
        <Marker Link="Weapon/DutchConcussiveGrenade"/>
        <Cost>
            <Cooldown Link="Weapon/DutchConcussiveGrenade"/>
        </Cost>
        <Period value="1.2"/>
        <DamagePoint value="0.2"/>
    </CWeaponLegacy>
    <CWeaponLegacy id="FerociousSpew">
        <EditorCategories value="Race:Zerg"/>
        <DisplayEffect value="FerociousSpewDamage"/>
        <TargetFilters value="Air,Visible;Missile,Stasis,Dead,Hidden,Invulnerable"/>
        <Period value="0.75"/>
        <DamagePoint value="0.3"/>
        <Backswing value="0.25"/>
        <DisplayAttackCount value="1"/>
        <Effect value="FerociousSpewLaunchMissile"/>
        <Icon value="Assets\Textures\btn-upgrade-zerg-missileattacks-level0.dds"/>
        <Range value="6"/>
    </CWeaponLegacy>
    <CWeaponLegacy id="QueenOfBladesPsiBlast">
        <EditorCategories value="Race:Zerg"/>
        <Icon value="Assets\Textures\btn-upgrade-zerg-missileattacks-level0.dds"/>
        <DisplayEffect value="PsiBlastDamage"/>
        <DisplayAttackCount value="1"/>
        <TargetFilters value="Visible;Missile,Stasis,Dead,Hidden,Invulnerable"/>
        <Range value="4"/>
        <MinimumRange value="2"/>
        <Period value="1.25"/>
        <Effect value="PsiBlastLaunchMissile"/>
    </CWeaponLegacy>
    <CWeaponLegacy id="Val03QueenOfBladesPsiBlast">
        <EditorCategories value="Race:Zerg"/>
        <Icon value="Assets\Textures\btn-upgrade-zerg-missileattacks-level0.dds"/>
        <DisplayEffect value="Val03PsiBlastDamage"/>
        <DisplayAttackCount value="1"/>
        <TargetFilters value="Visible;Missile,Stasis,Dead,Hidden,Invulnerable"/>
        <Range value="4"/>
        <MinimumRange value="2"/>
        <Period value="1.5"/>
        <Effect value="Val03PsiBlastLaunchMissile"/>
    </CWeaponLegacy>
    <CWeaponLegacy id="LaserDrillTripodLaserBeam">
        <EditorCategories value="Race:Terran"/>
        <Icon value="Assets\Textures\btn-upgrade-terran-vehicleweaponslevel0.dds"/>
        <DisplayEffect value="LaserDrillTripodDamage"/>
        <TargetFilters value="Visible;Missile,Stasis,Dead,Hidden"/>
        <Range value="100"/>
        <Period value="1"/>
        <LegacyOptions index="Uninterruptible" value="1"/>
        <Effect value="LaserDrillTripodCreatePersistent"/>
    </CWeaponLegacy>
    <CWeaponLegacy id="ParticleCannon">
        <EditorCategories value="Race:Terran"/>
        <Icon value="Assets\Textures\btn-upgrade-terran-vehicleweaponslevel0.dds"/>
        <DisplayEffect value="ParticleCannonDamage"/>
        <TargetFilters value="Ground,Visible;Missile,Item,Stasis,Dead,Hidden,Invulnerable"/>
        <Effect value="ParticleCannonDamage"/>
    </CWeaponLegacy>
    <CWeaponLegacy id="StoneZealotEyeBlast">
        <EditorCategories value="Race:Protoss"/>
        <Icon value="Assets\Textures\btn-upgrade-protoss-groundweaponslevel0.dds"/>
        <DisplayEffect value="EyeBeamsAirDamage"/>
        <TargetFilters value="Air,Visible;Missile,Stasis,Dead,Hidden,Invulnerable"/>
        <Range value="7"/>
        <Period value="1.25"/>
        <Effect value="EyeBeamsAirPersistent"/>
    </CWeaponLegacy>
    <CWeaponLegacy id="StunGun"/>
    <CWeaponLegacy id="TychusCommandoChaingun">
        <EditorCategories value="Race:Terran"/>
        <Icon value="Assets\Textures\btn-upgrade-terran-infantryweaponslevel0.dds"/>
        <DisplayEffect value="TychusCommandoAttackDamage"/>
        <TargetFilters value="Visible;Missile,Stasis,Dead,Hidden,Invulnerable"/>
        <Period value="0.2"/>
        <Effect value="TychusCommandoAttackDamage"/>
    </CWeaponLegacy>
    <CWeaponLegacy id="HailstormMissilePods">
        <EditorCategories value="Race:Terran"/>
        <Icon value="Assets\Textures\btn-weapon-terran-hailstormmissiles.dds"/>
        <DisplayEffect value="HailstormMissilePodsDamage"/>
        <DisplayAttackCount value="8"/>
        <TargetFilters value="Air,Visible;Missile,Stasis,Dead,Hidden,Invulnerable"/>
        <Range value="7"/>
        <RangeSlop value="0"/>
        <Period value="1.78"/>
        <Effect value="HailstormMissilePodsCreatePersistent"/>
        <Options index="Disabled" value="1"/>
        <Options index="Hidden" value="1"/>
        <Options index="LinkedCooldown" value="0"/>
        <Backswing value="0.25"/>
    </CWeaponLegacy>
    <CWeaponLegacy id="FortressDefenses">
        <EditorCategories value="Race:Terran"/>
        <Options index="OnlyFireAtAttackOrderTarget" value="0"/>
        <Icon value="Assets\Textures\btn-upgrade-terran-hisecautotracking.dds"/>
        <TargetFilters value="Ground,Visible;Self,Missile,Stasis,Dead,Hidden,Invulnerable"/>
        <Range value="6"/>
        <Arc value="90"/>
        <Period value="1.5"/>
    </CWeaponLegacy>
    <CWeaponLegacy id="PerditionTurretFlamethrower">
        <EditorCategories value="Race:Terran"/>
        <Icon value="Assets\Textures\btn-upgrade-terran-infantryweaponslevel0.dds"/>
        <DisplayEffect value="PerditionTurretFlameThrowerDamage"/>
        <TargetFilters value="Ground,Visible;Missile,Stasis,Dead,Hidden,Invulnerable"/>
        <Range value="4"/>
        <Marker>
            <MatchFlags index="Id" value="1"/>
        </Marker>
        <Period value="1"/>
        <Effect value="PerditionTurretFlameThrowerSet"/>
        <MinScanRange value="4"/>
    </CWeaponLegacy>
    <CWeaponLegacy id="DevastatorMissiles">
        <EditorCategories value="Race:Terran"/>
        <Options index="Disabled" value="1"/>
        <Options index="Hidden" value="1"/>
        <Icon value="Assets\Textures\btn-upgrade-terran-vehicleweaponslevel0.dds"/>
        <DisplayEffect value="DevastatorMissilesDamage"/>
        <TargetFilters value="Air,Visible;Missile,Stasis,Dead,Hidden,Invulnerable"/>
        <Range value="8"/>
        <RangeSlop value="0"/>
        <Period value="4"/>
        <Effect value="DevastatorMissilesLaunchMissile"/>
    </CWeaponLegacy>
    <CWeaponLegacy id="HammerSecurity">
        <EditorCategories value="Race:Terran"/>
        <Icon value="Assets\Textures\btn-upgrade-terran-infantryweaponslevel0.dds"/>
        <DisplayEffect value="HammerSecurityDamage"/>
        <DisplayAttackCount value="1"/>
        <TargetFilters value="Ground,Visible;Missile,Stasis,Dead,Hidden,Invulnerable"/>
        <Range value="6"/>
        <Period value="1.5"/>
        <DamagePoint value="0"/>
        <Backswing value="0"/>
        <Effect value="HammerSecurityLM"/>
    </CWeaponLegacy>
    <CWeaponLegacy id="HybridC">
        <Icon value="Assets\Textures\btn-upgrade-protoss-groundweaponslevel0.dds"/>
        <DisplayEffect value="HybridCDamage"/>
        <TargetFilters value="Visible;Missile,Stasis,Dead,Hidden,Invulnerable"/>
        <Range value="2"/>
        <Period value="1.5"/>
        <Cost>
            <Cooldown Location="Unit"/>
        </Cost>
        <Effect value="HybridCDamage"/>
    </CWeaponLegacy>
    <CWeaponLegacy id="HybridD">
        <Icon value="Assets\Textures\btn-upgrade-protoss-groundweaponslevel0.dds"/>
        <TargetFilters value="Visible;Missile,Stasis,Dead,Hidden,Invulnerable"/>
        <Range value="7"/>
        <Cost>
            <Cooldown Location="Unit"/>
        </Cost>
        <Period value="1.694"/>
        <Effect value="HybridDLM"/>
        <DisplayEffect value="ShockDDamage"/>
    </CWeaponLegacy>
    <CWeaponLegacy id="HybridF">
        <Icon value="Assets\Textures\btn-upgrade-zerg-meleeattacks-level0.dds"/>
        <DisplayEffect value="HybridFDamage"/>
        <TargetFilters value="Ground,Visible;Missile,Stasis,Dead,Hidden,Invulnerable"/>
        <Range value="0.8608"/>
        <Period value="2"/>
        <Marker>
            <MatchFlags index="Id" value="1"/>
        </Marker>
        <Options index="Melee" value="1"/>
        <DamagePoint value="0.5"/>
    </CWeaponLegacy>
    <CWeaponLegacy id="HybridE">
        <Icon value="Assets\Textures\btn-upgrade-zerg-meleeattacks-level0.dds"/>
        <DisplayEffect value="ShockEDamage"/>
        <DisplayAttackCount value="2"/>
        <TargetFilters value="Ground,Visible;Missile,Stasis,Dead,Hidden,Invulnerable"/>
        <Range value="0.8608"/>
        <Effect value="ShockEPersistent"/>
        <Options index="Melee" value="1"/>
        <Period value="2"/>
        <DamagePoint value="0.55"/>
    </CWeaponLegacy>
    <CWeaponLegacy id="KelmorianMinerGaussRifle">
        <EditorCategories value="Race:Terran"/>
        <Icon value="Assets\Textures\btn-upgrade-terran-infantryweaponslevel0.dds"/>
        <DisplayEffect value="KelmorianMinerDamage"/>
        <TargetFilters value="Visible;Missile,Stasis,Dead,Hidden,Invulnerable"/>
        <Period value="0.8608"/>
        <DamagePoint value="0.05"/>
        <Backswing value="0.75"/>
        <Effect value="KelmorianMinerDamage"/>
    </CWeaponLegacy>
    <CWeaponLegacy id="ConcussiveGrenadeGrenadier">
        <EditorCategories value="Race:Terran"/>
        <Icon value="Assets\Textures\btn-upgrade-terran-infantryweaponslevel0.dds"/>
        <DisplayEffect value="GrenadierU"/>
        <DisplayAttackCount value="2"/>
        <TargetFilters value="Ground,Visible;Missile,Stasis,Dead,Hidden,Invulnerable"/>
        <Range value="6"/>
        <Period value="1.694"/>
        <DamagePoint value="0"/>
        <Backswing value="0"/>
        <Effect value="GrenadierBurst"/>
    </CWeaponLegacy>
    <CWeaponLegacy id="ArtanisBeam">
        <EditorCategories value="Race:Protoss"/>
        <Icon value="Assets\Textures\btn-upgrade-protoss-airweaponslevel0.dds"/>
        <DisplayEffect value="ArtanisBeamDamage"/>
        <DisplayAttackCount value="8"/>
        <TargetFilters value="Visible;Missile,Stasis,Dead,Hidden,Invulnerable"/>
        <Range value="7"/>
        <Arc value="360"/>
        <Period value="2.21"/>
        <AllowedMovement value="Moving"/>
        <Effect value="ArtanisBeamSet"/>
        <Options index="OnlyFireWhileInAttackOrder" value="0"/>
        <Options index="OnlyFireAtAttackOrderTarget" value="0"/>
        <DamagePoint value="0"/>
    </CWeaponLegacy>
    <CWeaponLegacy id="ShrikeTurret">
        <EditorCategories value="Race:Terran"/>
        <Options index="Disabled" value="1"/>
        <Options index="Hidden" value="1"/>
        <Icon value="Assets\Textures\btn-upgrade-terran-vehicleweaponslevel0.dds"/>
        <DisplayEffect value="ShrikeTurretDamage"/>
        <TargetFilters value="Visible;Missile,Stasis,Dead,Hidden,Invulnerable"/>
        <Period value="0.8608"/>
        <DamagePoint value="0.25"/>
        <Backswing value="0.75"/>
        <Effect value="ShrikeTurretDamage"/>
    </CWeaponLegacy>
    <CWeaponLegacy id="UrunEnergyBeam">
        <EditorCategories value="Race:Protoss"/>
        <Icon value="Assets\Textures\btn-upgrade-protoss-airweaponslevel0.dds"/>
        <DisplayEffect value="UrunEnergyBeamDamage"/>
        <DisplayAttackCount value="2"/>
        <TargetFilters value="Air,Visible;Missile,Stasis,Dead,Hidden,Invulnerable"/>
        <MinScanRange value="4"/>
        <Range value="6"/>
        <Period value="1.11"/>
        <AllowedMovement value="Slowing"/>
        <Effect value="EnergyBeamCreatePersistent"/>
    </CWeaponLegacy>
    <CWeaponLegacy id="SiegeBreaker">
        <EditorCategories value="Race:Terran"/>
        <Icon value="Assets\Textures\btn-upgrade-terran-vehicleweaponslevel0.dds"/>
        <DisplayEffect value="SiegeBreakerDamage"/>
        <TargetFilters value="Ground,Visible;Missile,Stasis,Dead,Hidden,Invulnerable"/>
        <Range value="7"/>
        <Period value="1.04"/>
        <Effect value="SiegeBreakerDamage"/>
    </CWeaponLegacy>
    <CWeaponLegacy id="ArcliteShockCannon">
        <EditorCategories value="Race:Terran"/>
        <Icon value="Assets\Textures\btn-upgrade-terran-vehicleweaponslevel0.dds"/>
        <TargetFilters value="Ground,Visible;Missile,Stasis,Dead,Hidden,Invulnerable"/>
        <Range value="13"/>
        <MinimumRange value="2"/>
        <Period value="3"/>
        <Options index="DisplayCooldown" value="1"/>
        <DisplayEffect value="ArcliteShockCannonDummy"/>
        <Effect value="ArcliteShockCannonSet"/>
    </CWeaponLegacy>
    <CWeaponLegacy id="RazorTalons">
        <EditorCategories value="Race:Zerg"/>
        <Options index="Melee" value="1"/>
        <Icon value="Assets\Textures\btn-upgrade-zerg-meleeattacks-level0.dds"/>
        <DisplayEffect value="RazorTalonsDamage"/>
        <DisplayAttackCount value="2"/>
        <TargetFilters value="Ground,Visible;Missile,Stasis,Dead,Hidden,Invulnerable"/>
        <Range value="1"/>
        <Period value="1.5"/>
        <Effect value="RazorTalonsPersistent"/>
    </CWeaponLegacy>
    <CWeaponLegacy id="LaserDrill">
        <EditorCategories value="Race:Terran"/>
        <Icon value="Assets\Textures\btn-upgrade-terran-vehicleweaponslevel0.dds"/>
        <DisplayEffect value="LaserDrillU"/>
        <TargetFilters value="Visible;Missile,Stasis,Dead,Hidden,Invulnerable"/>
        <Range value="100"/>
        <Period value="1"/>
        <LegacyOptions index="Uninterruptible" value="1"/>
    </CWeaponLegacy>
    <CWeaponLegacy id="PsiDischarge">
        <EditorCategories value="Race:Protoss"/>
        <DisplayEffect value="PsiDischargeDamage"/>
        <Range value="6"/>
        <Effect value="PsiDischargeLaunchMissile"/>
        <Period value="1.25"/>
        <TargetFilters value="Visible;Missile,Stasis,Dead,Hidden,Invulnerable"/>
        <Icon value="Assets\Textures\btn-upgrade-protoss-groundweaponslevel0.dds"/>
    </CWeaponLegacy>
    <CWeaponLegacy id="PurifierWeapon">
        <EditorCategories value="Race:Protoss"/>
        <Icon value="Assets\Textures\btn-upgrade-protoss-airweaponslevel0.dds"/>
        <DisplayEffect value="PurifierBeamDamage"/>
        <DisplayAttackCount value="6"/>
        <TargetFilters value="Visible;Missile,Stasis,Dead,Hidden,Invulnerable"/>
        <Range value="7"/>
        <Arc value="360"/>
        <Period value="2.21"/>
        <AllowedMovement value="Moving"/>
        <Options index="OnlyFireWhileInAttackOrder" value="0"/>
        <Options index="OnlyFireAtAttackOrderTarget" value="0"/>
        <Effect value="PurifierBeamSet"/>
    </CWeaponLegacy>
    <CWeaponLegacy id="ScoutGround">
        <EditorCategories value="Race:Protoss"/>
        <Icon value="Assets\Textures\btn-upgrade-protoss-airweaponslevel0.dds"/>
        <TargetFilters value="Ground,Visible;Missile,Stasis,Dead,Hidden,Invulnerable"/>
        <Range value="4"/>
        <Period value="1.694"/>
        <AllowedMovement value="Slowing"/>
    </CWeaponLegacy>
    <CWeaponLegacy id="ScoutAir">
        <EditorCategories value="Race:Protoss"/>
        <Icon value="Assets\Textures\btn-upgrade-protoss-airweaponslevel0.dds"/>
        <DisplayEffect value="ScoutAirU"/>
        <DisplayAttackCount value="2"/>
        <TargetFilters value="Air,Visible;Missile,Stasis,Dead,Hidden,Invulnerable"/>
        <Range value="4"/>
        <Period value="1.25"/>
        <AllowedMovement value="Slowing"/>
    </CWeaponLegacy>
    <CWeaponLegacy id="ThrowMolotov">
        <EditorCategories value="Race:Terran"/>
        <Options index="Disabled" value="1"/>
        <Options index="Hidden" value="1"/>
        <Icon value="Assets\Textures\btn-upgrade-terran-infantryweaponslevel0.dds"/>
        <DisplayEffect value="ThrowMolotovDamage"/>
        <TargetFilters value="Ground,Visible;Missile,Stasis,Dead,Hidden,Invulnerable"/>
        <Range value="7"/>
        <Period value="7"/>
        <DamagePoint value="0.5625"/>
        <Effect value="ThrowMolotovSwitch"/>
        <RandomDelayMin value="2"/>
        <RandomDelayMax value="5"/>
    </CWeaponLegacy>
    <CWeaponLegacy id="Tosh">
        <EditorCategories value="Race:Terran"/>
        <Icon value="Assets\Textures\btn-upgrade-terran-infantryweaponslevel0.dds"/>
        <DisplayEffect value="ToshU"/>
        <TargetFilters value="Visible;Missile,Stasis,Dead,Hidden,Invulnerable"/>
        <Period value="1"/>
        <DamagePoint value="0.083"/>
        <Backswing value="0.867"/>
        <RandomDelayMin value="-0.063"/>
        <Effect value="ToshU"/>
        <MinScanRange value="6"/>
    </CWeaponLegacy>
    <CWeaponLegacy id="ToshShadowClone">
        <EditorCategories value="Race:Terran"/>
        <Icon value="Assets\Textures\btn-upgrade-terran-infantryweaponslevel0.dds"/>
        <DisplayEffect value="ToshShadowCloneU"/>
        <TargetFilters value="Visible;Missile,Stasis,Dead,Hidden,Invulnerable"/>
        <Period value="1.5"/>
        <DamagePoint value="0.083"/>
        <Backswing value="1.167"/>
        <RandomDelayMin value="-0.063"/>
        <Effect value="ToshShadowCloneU"/>
        <MinScanRange value="6"/>
    </CWeaponLegacy>
    <CWeaponLegacy id="SpectreShadowClone">
        <EditorCategories value="Race:Terran"/>
        <Icon value="Assets\Textures\btn-upgrade-terran-infantryweaponslevel0.dds"/>
        <DisplayEffect value="ToshShadowCloneU"/>
        <TargetFilters value="Visible;Missile,Stasis,Dead,Hidden,Invulnerable"/>
        <Period value="1.5"/>
        <DamagePoint value="0.083"/>
        <Backswing value="1.167"/>
        <RandomDelayMin value="-0.063"/>
        <Effect value="ToshShadowCloneU"/>
        <MinScanRange value="6"/>
        <Tip value="Weapon/Tip/Specter"/>
    </CWeaponLegacy>
    <CWeaponLegacy id="TychusChaingun">
        <EditorCategories value="Race:Terran"/>
        <Icon value="Assets\Textures\btn-upgrade-terran-infantryweaponslevel0.dds"/>
        <!--        <DisplayEffect value="TychusChaingun"/> -->
        <TargetFilters value="Visible;Missile,Stasis,Dead,Hidden,Invulnerable"/>
        <Period value="0.25"/>
        <DamagePoint value="0.25"/>
        <Backswing value="0.2"/>
        <!--         <Effect value="TychusChaingun"/> -->
    </CWeaponLegacy>
    <CWeaponLegacy id="DutchTurretFlameThrower">
        <EditorCategories value="Race:Terran"/>
        <Icon value="Assets\Textures\btn-upgrade-terran-infantryweaponslevel0.dds"/>
        <DisplayEffect value="DutchTurretFlameThrowerDamage"/>
        <TargetFilters value="Ground,Visible;Missile,Stasis,Dead,Hidden,Invulnerable"/>
        <Range value="6"/>
        <Marker>
            <MatchFlags index="Id" value="1"/>
        </Marker>
        <Period value="2"/>
        <Backswing value="1"/>
        <Effect value="DutchTurretFlameThrowerSet"/>
    </CWeaponLegacy>
    <CWeaponLegacy id="Brutalize">
        <EditorCategories value="Race:Zerg"/>
        <Options index="Melee" value="1"/>
        <DisplayAttackCount value="2"/>
        <Icon value="Assets\Textures\btn-upgrade-zerg-meleeattacks-level0.dds"/>
        <DisplayEffect value="BrutalizeDamage"/>
        <TargetFilters value="Ground,Visible;Missile,Stasis,Dead,Hidden,Invulnerable"/>
        <AcquirePrioritization value="ByAngle"/>
        <Range value="1"/>
        <Period value="3"/>
        <DamagePoint value="0.95"/>
        <Effect value="BrutalizeCreatePersistent"/>
    </CWeaponLegacy>
    <CWeaponLegacy id="Val03RazorTalons">
        <EditorCategories value="Race:Zerg"/>
        <Options index="Melee" value="1"/>
        <Icon value="Assets\Textures\btn-upgrade-zerg-meleeattacks-level0.dds"/>
        <DisplayEffect value="Val03RazorTalonsDamage"/>
        <DisplayAttackCount value="1"/>
        <TargetFilters value="Ground,Visible;Missile,Stasis,Dead,Hidden,Invulnerable"/>
        <Range value="1"/>
        <Period value="1.5"/>
        <Effect value="Val03RazorTalonsDamage"/>
    </CWeaponLegacy>
    <CWeaponLegacy id="MohandarPrismaticBeam">
        <EditorCategories value="Race:Protoss"/>
        <Options index="OnlyFireWhileInAttackOrder" value="0"/>
        <Options index="OnlyFireAtAttackOrderTarget" value="0"/>
        <Icon value="Assets\Textures\btn-upgrade-protoss-airweaponslevel0.dds"/>
        <DisplayEffect value="MohandarMUx1"/>
        <TargetFilters value="Visible;Missile,Stasis,Dead,Hidden,Invulnerable"/>
        <Arc value="9.9975"/>
        <ArcSlop value="39.9902"/>
        <Range value="8"/>
        <Period value="1"/>
        <AllowedMovement value="Moving"/>
        <Effect value="Mohandar"/>
        <LegacyOptions index="CanRetargetWhileChanneling" value="1"/>
    </CWeaponLegacy>
    <CWeaponLegacy id="VileStream">
        <EditorCategories value="Race:Zerg"/>
        <Options index="Hidden" value="1"/>
        <TargetFilters value="-;Self"/>
        <Range value="10"/>
        <Period value="1"/>
        <AcquireFilters value="-;Player,Ally,Neutral,Enemy"/>
    </CWeaponLegacy>
    <CWeaponLegacy id="Vulture">
        <EditorCategories value="Race:Terran"/>
        <Icon value="Assets\Textures\btn-upgrade-terran-vehicleweaponslevel0.dds"/>
        <DisplayEffect value="VultureU"/>
        <TargetFilters value="Ground,Visible;Missile,Stasis,Dead,Hidden,Invulnerable"/>
        <Range value="6"/>
        <Period value="1.694"/>
        <Backswing value="0"/>
    </CWeaponLegacy>
    <CWeaponLegacy id="GoliathG">
        <EditorCategories value="Race:Terran"/>
        <Icon value="Assets\Textures\btn-upgrade-terran-vehicleweaponslevel0.dds"/>
        <TargetFilters value="Ground,Visible;Missile,Stasis,Dead,Hidden,Invulnerable"/>
        <Range value="6"/>
        <Arc value="29.9926"/>
        <Period value="1.5"/>
    </CWeaponLegacy>
    <CWeaponLegacy id="GoliathA">
        <EditorCategories value="Race:Terran"/>
        <Icon value="Assets\Textures\btn-upgrade-terran-vehicleweaponslevel0.dds"/>
        <DisplayEffect value="GoliathAU"/>
        <DisplayAttackCount value="2"/>
        <TargetFilters value="Air,Visible;Missile,Stasis,Dead,Hidden,Invulnerable"/>
        <Range value="6"/>
        <Arc value="29.9926"/>
        <Period value="1.5"/>
    </CWeaponLegacy>
    <CWeaponLegacy id="GoliathGUpgraded">
        <EditorCategories value="Race:Terran"/>
        <Icon value="Assets\Textures\btn-upgrade-terran-vehicleweaponslevel0.dds"/>
        <TargetFilters value="Ground,Visible;Missile,Stasis,Dead,Hidden,Invulnerable"/>
        <Range value="6"/>
        <Arc value="29.9926"/>
        <Period value="1.5"/>
        <Options index="Disabled" value="1"/>
        <Options index="Hidden" value="1"/>
        <Options index="OnlyFireWhileInAttackOrder" value="0"/>
        <Options index="OnlyFireAtAttackOrderTarget" value="0"/>
        <Options index="LinkedCooldown" value="0"/>
        <DisplayEffect value="GoliathG"/>
        <Effect value="GoliathG"/>
    </CWeaponLegacy>
    <CWeaponLegacy id="GoliathAUpgraded">
        <EditorCategories value="Race:Terran"/>
        <Options index="Disabled" value="1"/>
        <Options index="Hidden" value="1"/>
        <Options index="OnlyFireWhileInAttackOrder" value="0"/>
        <Options index="OnlyFireAtAttackOrderTarget" value="0"/>
        <Options index="LinkedCooldown" value="0"/>
        <Icon value="Assets\Textures\btn-upgrade-terran-vehicleweaponslevel0.dds"/>
        <DisplayEffect value="GoliathAU"/>
        <DisplayAttackCount value="2"/>
        <TargetFilters value="Air,Visible;Missile,Stasis,Dead,Hidden,Invulnerable"/>
        <Range value="6"/>
        <Arc value="29.9926"/>
        <Period value="1.5"/>
        <Effect value="GoliathA"/>
    </CWeaponLegacy>
    <CWeaponLegacy id="SpartanCompanyG">
        <EditorCategories value="Race:Terran"/>
        <Icon value="Assets\Textures\btn-upgrade-terran-vehicleweaponslevel0.dds"/>
        <TargetFilters value="Ground,Visible;Missile,Stasis,Dead,Hidden,Invulnerable"/>
        <Range value="6"/>
        <Arc value="29.9926"/>
        <Period value="1.5"/>
    </CWeaponLegacy>
    <CWeaponLegacy id="SpartanCompanyA">
        <EditorCategories value="Race:Terran"/>
        <Icon value="Assets\Textures\btn-upgrade-terran-vehicleweaponslevel0.dds"/>
        <DisplayEffect value="SpartanCompanyAU"/>
        <DisplayAttackCount value="2"/>
        <TargetFilters value="Air,Visible;Missile,Stasis,Dead,Hidden,Invulnerable"/>
        <Range value="6"/>
        <Arc value="29.9926"/>
        <Period value="1.5"/>
    </CWeaponLegacy>
    <CWeaponLegacy id="SpartanCompanyGUpgraded">
        <EditorCategories value="Race:Terran"/>
        <Icon value="Assets\Textures\btn-upgrade-terran-vehicleweaponslevel0.dds"/>
        <TargetFilters value="Ground,Visible;Missile,Stasis,Dead,Hidden,Invulnerable"/>
        <Range value="6"/>
        <Arc value="29.9926"/>
        <Period value="1.5"/>
        <Options index="Disabled" value="1"/>
        <Options index="Hidden" value="1"/>
        <Options index="OnlyFireWhileInAttackOrder" value="0"/>
        <Options index="OnlyFireAtAttackOrderTarget" value="0"/>
        <Options index="LinkedCooldown" value="0"/>
        <DisplayEffect value="SpartanCompanyG"/>
        <Effect value="SpartanCompanyG"/>
    </CWeaponLegacy>
    <CWeaponLegacy id="SpartanCompanyAUpgraded">
        <EditorCategories value="Race:Terran"/>
        <Options index="Disabled" value="1"/>
        <Options index="Hidden" value="1"/>
        <Options index="OnlyFireWhileInAttackOrder" value="0"/>
        <Options index="OnlyFireAtAttackOrderTarget" value="0"/>
        <Options index="LinkedCooldown" value="0"/>
        <Icon value="Assets\Textures\btn-upgrade-terran-vehicleweaponslevel0.dds"/>
        <DisplayEffect value="SpartanCompanyAU"/>
        <Effect value="SpartanCompanyA"/>
        <DisplayAttackCount value="2"/>
        <TargetFilters value="Air,Visible;Missile,Stasis,Dead,Hidden,Invulnerable"/>
        <Range value="6"/>
        <Arc value="29.9926"/>
        <Period value="1.5"/>
    </CWeaponLegacy>
    <CWeaponLegacy id="VultureSpiderMines">
        <EditorCategories value="Race:Terran"/>
        <Options index="Melee" value="1"/>
        <Icon value="Assets\Textures\btn-unit-terran-spidermine.dds"/>
        <DisplayEffect value="VultureSpiderMinesDamage"/>
        <TargetFilters value="Ground,Visible;Player,Ally,Neutral,Structure,Missile,Stasis,Dead,Hidden,Invulnerable"/>
        <Range value="0.1"/>
        <Period value="0.833"/>
        <Effect value="VultureSpiderMinesSet"/>
    </CWeaponLegacy>
    <CWeaponLegacy id="WraithA">
        <EditorCategories value="Race:Terran"/>
        <Icon value="Assets\Textures\btn-upgrade-terran-shipweaponslevel0.dds"/>
        <DisplayEffect value="WraithAU"/>
        <DisplayAttackCount value="2"/>
        <TargetFilters value="Air,Visible;Missile,Stasis,Dead,Hidden,Invulnerable"/>
        <Period value="1.25"/>
        <AllowedMovement value="Slowing"/>
        <Effect value="WraithAPersistent"/>
    </CWeaponLegacy>
    <CWeaponLegacy id="WraithG">
        <EditorCategories value="Race:Terran"/>
        <Icon value="Assets\Textures\btn-upgrade-terran-shipweaponslevel0.dds"/>
        <DisplayEffect value="WraithGU"/>
        <TargetFilters value="Ground,Visible;Missile,Stasis,Dead,Hidden,Invulnerable"/>
        <Period value="1.694"/>
        <AllowedMovement value="Slowing"/>
        <Effect value="WraithGLaunchMissile"/>
    </CWeaponLegacy>
    <CWeaponLegacy id="Guardian">
        <EditorCategories value="Race:Zerg"/>
        <Icon value="Assets\Textures\btn-upgrade-zerg-airattacks-level0.dds"/>
        <DisplayEffect value="GuardianU"/>
        <TargetFilters value="Ground,Visible;Missile,Stasis,Dead,Hidden,Invulnerable"/>
        <Range value="8"/>
        <Period value="1.694"/>
        <AllowedMovement value="Slowing"/>
    </CWeaponLegacy>
    <CWeaponLegacy id="Omegalisk">
        <EditorCategories value="Race:Zerg"/>
        <Icon value="Assets\Textures\btn-upgrade-zerg-meleeattacks-level0.dds"/>
        <DisplayEffect value="OmegaliskU"/>
        <TargetFilters value="Ground,Visible;Structure,Missile,Stasis,Dead,Hidden,Invulnerable"/>
        <AcquirePrioritization value="ByAngle"/>
        <Range value="1.5"/>
        <Period value="1.2"/>
        <DamagePoint value="0.3332"/>
        <Options index="Melee" value="1"/>
    </CWeaponLegacy>
    <CWeaponLegacy id="OmegaliskHeadAttack">
        <EditorCategories value="Race:Zerg"/>
        <Icon value="Assets\Textures\btn-upgrade-zerg-meleeattacks-level0.dds"/>
        <DisplayEffect value="OmegaliskHeadAttackDamage"/>
        <TargetFilters value="Ground,Structure,Visible;Missile,Stasis,Dead,Hidden,Invulnerable"/>
        <AcquirePrioritization value="ByAngle"/>
        <Range value="1"/>
        <Period value="1.6665"/>
        <DamagePoint value="0.6665"/>
        <Backswing value="1"/>
        <Effect value="OmegaliskHeadAttackDamage"/>
        <LegacyOptions index="KeepChanneling" value="1"/>
        <Options index="Melee" value="1"/>
    </CWeaponLegacy>
    <CWeaponLegacy id="RaynorWeapon">
        <EditorCategories value="Race:Terran"/>
        <Icon value="Assets\Textures\btn-upgrade-terran-infantryweaponslevel0.dds"/>
        <DisplayEffect value="RaynorWeaponU"/>
        <TargetFilters value="Visible;Missile,Stasis,Dead,Hidden,Invulnerable"/>
        <Range value="6"/>
        <Period value="0.8608"/>
        <DamagePoint value="0.05"/>
        <Backswing value="0.75"/>
        <Effect value="RaynorWeaponU"/>
    </CWeaponLegacy>
    <CWeaponLegacy id="Specter">
        <EditorCategories value="Race:Terran"/>
        <Icon value="Assets\Textures\btn-upgrade-terran-infantryweaponslevel0.dds"/>
        <DisplayEffect value="SpecterU"/>
        <TargetFilters value="Visible;Missile,Stasis,Dead,Hidden,Invulnerable"/>
        <Range value="6"/>
        <Period value="2"/>
        <DamagePoint value="0.083"/>
        <Backswing value="1.167"/>
        <Effect value="SpecterU"/>
        <RandomDelayMin value="-0.063"/>
    </CWeaponLegacy>
    <CWeaponLegacy id="Nova">
        <EditorCategories value="Race:Terran"/>
        <Icon value="Assets\Textures\btn-upgrade-terran-infantryweaponslevel0.dds"/>
        <TargetFilters value="Visible;Missile,Stasis,Dead,Hidden,Invulnerable"/>
        <Range value="7"/>
        <Period value="1.5"/>
        <DamagePoint value="0.083"/>
        <Backswing value="1.167"/>
    </CWeaponLegacy>
    <CWeaponLegacy id="Hyperion3">
        <EditorCategories value="Race:Terran"/>
        <Icon value="Assets\Textures\btn-upgrade-terran-shipweaponslevel0.dds"/>
        <TargetFilters value="Ground;Self,Player,Ally,Neutral,Missile,Stasis,Dead,Hidden,Invulnerable"/>
        <ChaseFilters value="-;Self,Player,Ally,Neutral,Enemy,Air,Ground,Light,Armored,Biological,Robotic,Mechanical,Psionic,Massive,Structure,Worker,RawResource,HarvestableResource,Missile,Destructible,Item,Uncommandable,CanHaveEnergy,CanHaveShields,PreventDefeat,PreventReveal"/>
        <AcquirePrioritization value="ByAngle"/>
        <Period value="0.8"/>
        <Arc value="360"/>
        <RangeSlop value="0"/>
        <AllowedMovement value="Moving"/>
        <Options index="OnlyFireWhileInAttackOrder" value="0"/>
        <Options index="OnlyFireAtAttackOrderTarget" value="0"/>
        <Effect value="HyperionCreatePersistent"/>
        <Range value="10"/>
        <DisplayEffect value="HyperionU"/>
        <DisplayAttackCount value="20"/>
        <Backswing value="0"/>
        <MinScanRange value="10"/>
        <DamagePoint value="0"/>
        <RandomDelayMin value="-0.13"/>
        <RandomDelayMax value="0.1875"/>
    </CWeaponLegacy>
    <CWeaponLegacy id="HyperionAir">
        <EditorCategories value="Race:Terran"/>
        <Icon value="Assets\Textures\btn-upgrade-terran-shipweaponslevel0.dds"/>
        <TargetFilters value="Air;Self,Player,Ally,Neutral,Missile,Stasis,Dead,Hidden,Invulnerable"/>
        <ChaseFilters value="-;Self,Player,Ally,Neutral,Enemy,Air,Ground,Light,Armored,Biological,Robotic,Mechanical,Psionic,Massive,Structure,Worker,RawResource,HarvestableResource,Missile,Destructible,Item,Uncommandable,CanHaveEnergy,CanHaveShields,PreventDefeat,PreventReveal"/>
        <AcquirePrioritization value="ByAngle"/>
        <Period value="0.8"/>
        <Arc value="180"/>
        <RangeSlop value="0"/>
        <AllowedMovement value="Moving"/>
        <Options index="OnlyFireWhileInAttackOrder" value="0"/>
        <Options index="OnlyFireAtAttackOrderTarget" value="0"/>
        <Effect value="HyperionCreateAirPersistent"/>
        <Range value="10"/>
        <DisplayEffect value="HyperionAU"/>
        <DisplayAttackCount value="20"/>
        <Backswing value="0"/>
        <MinScanRange value="10"/>
        <DamagePoint value="0"/>
        <RandomDelayMin value="-0.13"/>
        <RandomDelayMax value="0.1875"/>
    </CWeaponLegacy>
    <CWeaponLegacy id="InfestedTerranCampaign">
        <EditorCategories value="Race:Terran"/>
        <TargetFilters value="Visible;Missile,Stasis,Dead,Hidden,Invulnerable"/>
        <Range value="4"/>
        <Period value="0.8608"/>
        <DamagePoint value="0.25"/>
        <Backswing value="0.75"/>
        <Icon value="Assets\Textures\btn-upgrade-zerg-missileattacks-level0.dds"/>
    </CWeaponLegacy>
    <CWeaponLegacy id="WarbotB">
        <EditorCategories value="Race:Terran"/>
        <Options index="OnlyFireWhileInAttackOrder" value="0"/>
        <Options index="OnlyFireAtAttackOrderTarget" value="0"/>
        <Icon value="Assets\Textures\btn-upgrade-terran-vehicleweaponslevel0.dds"/>
        <DisplayEffect value="WarbotBDamage"/>
        <TargetFilters value="Ground,Visible;Missile,Stasis,Dead,Hidden,Invulnerable"/>
        <Range value="3"/>
        <Period value="2.5"/>
        <Effect value="WarbotBPersistent"/>
        <DisplayAttackCount value="8"/>
    </CWeaponLegacy>
    <CWeaponLegacy id="WarbotA">
        <EditorCategories value="Race:Terran"/>
        <Options index="OnlyFireWhileInAttackOrder" value="0"/>
        <Options index="OnlyFireAtAttackOrderTarget" value="0"/>
        <Icon value="Assets\Textures\btn-upgrade-terran-vehicleweaponslevel0.dds"/>
        <TargetFilters value="Ground,Visible;Missile,Stasis,Dead,Hidden,Invulnerable"/>
        <Range value="3"/>
        <Period value="0.8"/>
        <DisplayEffect value="WarbotARight"/>
    </CWeaponLegacy>
    <CWeaponLegacy id="WarbotC">
        <EditorCategories value="Race:Terran"/>
        <Icon value="Assets\Textures\btn-upgrade-terran-vehicleweaponslevel0.dds"/>
        <TargetFilters value="Ground,Visible;Missile,Stasis,Dead,Hidden,Invulnerable"/>
        <Period value="1.5"/>
        <DamagePoint value="0.25"/>
        <Backswing value="0"/>
        <Effect value="WarbotCCP"/>
        <Marker>
            <MatchFlags index="Id" value="1"/>
        </Marker>
        <Range value="3"/>
    </CWeaponLegacy>
    <CWeaponLegacy id="HunterKiller">
        <EditorCategories value="Race:Zerg"/>
        <Icon value="Assets\Textures\btn-upgrade-zerg-missileattacks-level0.dds"/>
        <DisplayEffect value="HunterKillerU"/>
        <TargetFilters value="Visible;Missile,Stasis,Dead,Hidden,Invulnerable"/>
        <Period value="0.8608"/>
        <DamagePoint value="0.208"/>
    </CWeaponLegacy>
    <CWeaponLegacy id="Odin">
        <EditorCategories value="Race:Terran"/>
        <Icon value="Assets\Textures\btn-upgrade-terran-vehicleweaponslevel0.dds"/>
        <DisplayEffect value="OdinDamage"/>
        <DisplayAttackCount value="2"/>
        <TargetFilters value="Ground,Visible;Missile,Stasis,Dead,Hidden,Invulnerable"/>
        <AcquirePrioritization value="ByAngle"/>
        <Range value="7"/>
        <Period value="1.23"/>
        <DamagePoint value="0.831"/>
        <Backswing value="0.25"/>
        <LegacyOptions index="KeepChanneling" value="1"/>
        <AcquireFilters value="Ground,Visible;Missile,Stasis,Dead,Hidden,Invulnerable"/>
    </CWeaponLegacy>
    <CWeaponLegacy id="OdinAntiAir">
        <EditorCategories value="Race:Terran"/>
        <Icon value="Assets\Textures\btn-upgrade-terran-vehicleweaponslevel0.dds"/>
        <DisplayEffect value="OdinAADamage"/>
        <DisplayAttackCount value="4"/>
        <TargetFilters value="Air,Visible;Missile,Stasis,Dead,Hidden,Invulnerable"/>
        <AcquirePrioritization value="ByAngle"/>
        <Range value="10"/>
        <Arc value="5.625"/>
        <Period value="2.5"/>
        <Effect value="OdinAA"/>
        <LegacyOptions index="KeepChanneling" value="1"/>
        <AcquireFilters value="Air,Visible;Missile,Stasis,Dead,Hidden,Invulnerable"/>
    </CWeaponLegacy>
    <CWeaponLegacy id="InfestedAbomination">
        <EditorCategories value="Race:Zerg"/>
        <Icon value="Assets\Textures\btn-upgrade-zerg-meleeattacks-level0.dds"/>
        <TargetFilters value="Ground,Visible;Missile,Stasis,Dead,Hidden,Invulnerable"/>
        <AcquirePrioritization value="ByAngle"/>
        <Range value="1.5"/>
        <Period value="0.8608"/>
        <DamagePoint value="0.3332"/>
        <Options index="Melee" value="1"/>
    </CWeaponLegacy>
    <CWeaponLegacy id="Cannon">
        <EditorCategories value="Race:Terran"/>
        <Icon value="Assets\Textures\btn-upgrade-terran-vehicleweaponslevel0.dds"/>
        <TargetFilters value="Visible;Missile,Stasis,Dead,Hidden,Invulnerable"/>
        <Range value="400"/>
        <MinimumRange value="2"/>
        <Period value="0.1"/>
        <DisplayEffect value="CannonU"/>
    </CWeaponLegacy>
    <CWeaponLegacy id="Diamondback">
        <EditorCategories value="Race:Terran"/>
        <Icon value="Assets\Textures\btn-upgrade-terran-vehicleweaponslevel0.dds"/>
        <DisplayEffect value="DiamondbackBeam"/>
        <TargetFilters value="Ground,Visible;Missile,Stasis,Dead,Hidden,Invulnerable"/>
        <Period value="2"/>
        <AllowedMovement value="Moving"/>
        <Options index="OnlyFireWhileInAttackOrder" value="0"/>
        <Options index="OnlyFireAtAttackOrderTarget" value="0"/>
        <Range value="6"/>
    </CWeaponLegacy>
    <CWeaponLegacy id="Firebat">
        <EditorCategories value="Race:Terran"/>
        <Icon value="Assets\Textures\btn-upgrade-terran-infantryweaponslevel0.dds"/>
        <DisplayEffect value="FirebatUFull"/>
        <TargetFilters value="Ground,Visible;Missile,Stasis,Dead,Hidden,Invulnerable"/>
        <Range value="2"/>
        <Period value="1.4"/>
        <Backswing value="1"/>
        <Effect value="FirebatSet"/>
        <Marker>
            <MatchFlags index="Id" value="1"/>
        </Marker>
        <DamagePoint value="0.5"/>
    </CWeaponLegacy>
    <CWeaponLegacy id="InfestedClaws">
        <EditorCategories value="Race:Zerg"/>
        <Options index="Melee" value="1"/>
        <Icon value="Assets\Textures\btn-upgrade-zerg-meleeattacks-level0.dds"/>
        <DisplayEffect value="InfestedClawsDamage"/>
        <TargetFilters value="Ground,Visible;Missile,Stasis,Dead,Hidden,Invulnerable"/>
        <Range value="0.1"/>
        <Period value="1.2"/>
        <DamagePoint value="0.2666"/>
        <Effect value="InfestedClawsDamage"/>
    </CWeaponLegacy>
    <CWeaponLegacy id="Zeratul">
        <EditorCategories value="Race:Protoss"/>
        <Icon value="Assets\Textures\btn-upgrade-protoss-groundweaponslevel0.dds"/>
        <TargetFilters value="Ground,Visible;Missile,Stasis,Dead,Hidden,Invulnerable"/>
        <Range value="0.1"/>
        <Period value="1.694"/>
        <DamagePoint value="0.15"/>
        <Backswing value="1.333"/>
        <Options index="Melee" value="1"/>
    </CWeaponLegacy>
    <CWeaponLegacy id="StoneZealot">
        <EditorCategories value="Race:Protoss"/>
        <Icon value="Assets\Textures\btn-upgrade-protoss-groundweaponslevel0.dds"/>
        <TargetFilters value="Ground,Visible;Missile,Stasis,Dead,Hidden,Invulnerable"/>
        <Range value="4"/>
        <Period value="1.2"/>
        <DamagePoint value="0.2666"/>
        <Effect value="EyeBeamsGroundSet"/>
        <DisplayAttackCount value="2"/>
        <DisplayEffect value="EyeBeamsGroundLineDamage"/>
    </CWeaponLegacy>
    <CWeaponLegacy id="ScourgeSwarm">
        <EditorCategories value="Race:Zerg"/>
        <Icon value="Assets\Textures\btn-upgrade-zerg-airattacks-level0.dds"/>
        <DisplayEffect value="LeviathanAirAttackDamage"/>
        <DisplayAttackCount value="6"/>
        <TargetFilters value="Air,Visible;Missile,Stasis,Dead,Hidden,Invulnerable"/>
        <Range value="12"/>
        <Arc value="90"/>
        <Period value="2.5"/>
        <AllowedMovement value="Moving"/>
        <Effect value="LeviathanAirAttackCreatePersistent"/>
        <Options index="OnlyFireWhileInAttackOrder" value="0"/>
        <Options index="OnlyFireAtAttackOrderTarget" value="0"/>
        <DamagePoint value="0"/>
        <Backswing value="0"/>
    </CWeaponLegacy>
    <CWeaponLegacy id="VoidSeeker">
        <EditorCategories value="Race:Protoss"/>
        <Icon value="Assets\Textures\btn-upgrade-protoss-airweaponslevel0.dds"/>
        <DisplayEffect value="VoidSeekerU"/>
        <TargetFilters value="Air,Visible;Missile,Stasis,Dead,Hidden,Invulnerable"/>
        <Range value="8"/>
        <Period value="0.2"/>
        <Effect value="VoidSeekerLM"/>
        <RangeSlop value="0"/>
        <AllowedMovement value="Moving"/>
        <Options index="OnlyFireWhileInAttackOrder" value="0"/>
        <Options index="OnlyFireAtAttackOrderTarget" value="0"/>
    </CWeaponLegacy>
    <CWeaponLegacy id="BabyUltralisk">
        <EditorCategories value="Race:Zerg"/>
        <Icon value="Assets\Textures\btn-upgrade-zerg-meleeattacks-level0.dds"/>
        <TargetFilters value="Ground,Visible;Structure,Missile,Stasis,Dead,Hidden,Invulnerable"/>
        <AcquirePrioritization value="ByAngle"/>
        <Range value="0.1"/>
        <Period value="0.861"/>
        <DamagePoint value="0.3332"/>
        <Options index="Melee" value="1"/>
    </CWeaponLegacy>
    <CWeaponLegacy id="Swarmling">
        <EditorCategories value="Race:Zerg"/>
        <Options index="Melee" value="1"/>
        <Icon value="Assets\Textures\btn-upgrade-zerg-meleeattacks-level0.dds"/>
        <TargetFilters value="Ground,Visible;Missile,Stasis,Dead,Hidden,Invulnerable"/>
        <MinScanRange value="15"/>
        <Range value="0.1"/>
        <Period value="0.6455"/>
    </CWeaponLegacy>
    <CWeaponLegacy id="WreckingCrewFighter">
        <EditorCategories value="Race:Terran"/>
        <Icon value="Assets\Textures\btn-upgrade-terran-shipweaponslevel0.dds"/>
        <DisplayEffect value="WreckingCrewFighterU"/>
        <DisplayAttackCount value="2"/>
        <TargetFilters value="Air,Visible;Missile,Stasis,Dead,Hidden,Invulnerable"/>
        <Range value="9"/>
        <Period value="2"/>
        <AllowedMovement value="Slowing"/>
    </CWeaponLegacy>
    <CWeaponLegacy id="WreckingCrewAssault">
        <EditorCategories value="Race:Terran"/>
        <Icon value="Assets\Textures\btn-upgrade-terran-shipweaponslevel0.dds"/>
        <TargetFilters value="Ground,Visible;Missile,Stasis,Dead,Hidden,Invulnerable"/>
        <Arc value="5.625"/>
        <Period value="1"/>
        <Range value="6"/>
    </CWeaponLegacy>
    <CWeaponLegacy id="DRBattlecruiserG">
        <EditorCategories value="Race:Terran"/>
        <Icon value="Assets\Textures\btn-upgrade-terran-shipweaponslevel0.dds"/>
        <DisplayEffect value="DRBattlecruiserGU"/>
        <TargetFilters value="Ground,Visible;Missile,Stasis,Dead,Hidden,Invulnerable"/>
        <AcquirePrioritization value="ByAngle"/>
        <Range value="2"/>
        <Period value="0.225"/>
        <AllowedMovement value="Slowing"/>
        <RandomDelayMax value="0.1875"/>
        <Effect value="DRBattlecruiserGLM"/>
        <Options index="Hidden" value="1"/>
    </CWeaponLegacy>
    <CWeaponLegacy id="DRCannonsG">
        <EditorCategories value="Race:Terran"/>
        <Icon value="Assets\Textures\btn-upgrade-terran-shipweaponslevel0.dds"/>
        <DisplayEffect value="DRBattlecruiserGU"/>
        <TargetFilters value="Ground,Visible;Missile,Stasis,Dead,Hidden,Invulnerable"/>
        <AcquirePrioritization value="ByAngle"/>
        <Range value="6"/>
        <MinimumRange value="2"/>
        <Period value="0.3"/>
        <AllowedMovement value="Slowing"/>
        <RandomDelayMin value="0"/>
        <RandomDelayMax value="0"/>
        <Options index="Hidden" value="1"/>
    </CWeaponLegacy>
    <CWeaponLegacy id="DRBattlecruiserFakeG">
        <EditorCategories value="Race:Terran"/>
        <Icon value="Assets\Textures\btn-upgrade-terran-shipweaponslevel0.dds"/>
        <DisplayEffect value="DRBattlecruiserGU"/>
        <TargetFilters value="Ground,Visible;Player,Ally,Neutral,Enemy"/>
        <Range value="6"/>
        <Arc value="360"/>
        <Period value="0.225"/>
    </CWeaponLegacy>
    <CWeaponLegacy id="DRBattlecruiserA">
        <EditorCategories value="Race:Terran"/>
        <Icon value="Assets\Textures\btn-upgrade-terran-shipweaponslevel0.dds"/>
        <DisplayEffect value="DRBattlecruiserAU"/>
        <TargetFilters value="Air,Visible;Missile,Stasis,Dead,Hidden,Invulnerable"/>
        <AcquirePrioritization value="ByAngle"/>
        <Range value="2"/>
        <Period value="0.225"/>
        <AllowedMovement value="Slowing"/>
        <RandomDelayMax value="0.1875"/>
        <Effect value="DRBattlecruiserALM"/>
        <Options index="Hidden" value="1"/>
    </CWeaponLegacy>
    <CWeaponLegacy id="DRCannonsA">
        <EditorCategories value="Race:Terran"/>
        <Icon value="Assets\Textures\btn-upgrade-terran-shipweaponslevel0.dds"/>
        <DisplayEffect value="DRBattlecruiserAU"/>
        <TargetFilters value="Air,Visible;Missile,Stasis,Dead,Hidden,Invulnerable"/>
        <AcquirePrioritization value="ByAngle"/>
        <Range value="6"/>
        <MinimumRange value="2"/>
        <Period value="0.3"/>
        <AllowedMovement value="Slowing"/>
        <Options index="Hidden" value="1"/>
        <RandomDelayMin value="0"/>
        <RandomDelayMax value="0"/>
    </CWeaponLegacy>
    <CWeaponLegacy id="DRBattlecruiserFakeA">
        <EditorCategories value="Race:Terran"/>
        <Icon value="Assets\Textures\btn-upgrade-terran-shipweaponslevel0.dds"/>
        <DisplayEffect value="DRBattlecruiserAU"/>
        <TargetFilters value="Air,Visible;Player,Ally,Neutral,Enemy"/>
        <Range value="6"/>
        <Arc value="360"/>
        <Period value="0.225"/>
    </CWeaponLegacy>
    <CWeaponLegacy id="SporeCannon">
        <EditorCategories value="Race:Terran"/>
        <Icon value="Assets\Textures\btn-upgrade-zerg-missileattacks-level0.dds"/>
        <TargetFilters value="-;-"/>
        <Period value="5.5"/>
        <DamagePoint value="0.25"/>
        <Backswing value="0"/>
        <Range value="256"/>
        <Effect value="SporeCannonFire"/>
        <Marker>
            <MatchFlags index="Id" value="1"/>
        </Marker>
        <Options index="Hidden" value="1"/>
    </CWeaponLegacy>
    <CWeaponLegacy id="ColonistTransport">
        <EditorCategories value="Race:Terran"/>
        <Icon value="Assets\Textures\btn-upgrade-terran-vehicleweaponslevel0.dds"/>
        <TargetFilters value="Ground,Visible;Missile,Stasis,Dead,Hidden,Invulnerable"/>
        <Range value="7"/>
        <Period value="1"/>
        <Options index="OnlyFireWhileInAttackOrder" value="0"/>
        <Options index="OnlyFireAtAttackOrderTarget" value="0"/>
        <LegacyOptions index="NoDeceleration" value="1"/>
        <AllowedMovement value="Moving"/>
    </CWeaponLegacy>
    <CWeaponLegacy id="DominionKillTeam">
        <EditorCategories value="Race:Terran"/>
        <DisplayEffect value="DominionKillTeamDamage"/>
        <TargetFilters value="Ground,Visible;Missile,Stasis,Dead,Hidden,Invulnerable"/>
        <Range value="6"/>
        <Period value="1.5"/>
        <DamagePoint value="0"/>
        <Backswing value="0"/>
        <Effect value="DominionKillTeamLM"/>
        <Icon value="Assets\Textures\btn-upgrade-terran-infantryweaponslevel0.dds"/>
    </CWeaponLegacy>
</Catalog>
