{
  "Name": "A-6",
  "Description": "Mobile Anti-Air Platform<br/><br/><c val=\"#ColorAttackInfo\">Can attack air units</span>",
  "DeathRevealFilters": "Visible;Player,Ally,Neutral,Missile,Dead,Hidden",
  "DeathRevealRadius": 3,
  "DeathRevealDuration": 4,
  "DeathRevealType": "Snapshot",
  "Race": "UPL",
  "DefaultAcquireLevel": "Offensive",
  "Response": "Acquire",
  "ResourceState": "Unknown",
  "ResourceType": "Unknown",
  "LifeStart": 130,
  "LifeMax": 130,
  "LifeArmorName": "UPL Vehicle Plating",
  "Mover": "Ground",
  "StationaryTurningRate": 720,
  "TurningRate": 360,
  "Radius": 0.875,
  "SeparationRadius": 1,
  "MinimapRadius": 1,
  "EditorCategories": {
    "ObjectType": "Unit",
    "ObjectFamily": "Melee"
  },
  "TacticalAIFilters": "-;Player,Ally,Neutral",
  "AIEvalFactor": 1.5,
  "Mass": 0.4,
  "FlagArray": [
    "Turnable",
    "Movable",
    "Unclickable",
    "Unhighlightable",
    "Untooltipable",
    "KillCredit",
    "ShowResources",
    "ClearRallyOnTargetLost",
    "PlayerRevivable",
    "CameraFollow",
    "PreventDestroy",
    "UseLineOfSight",
    "TurnBeforeMove",
    "AIThreatGround",
    "ArmySelect"
  ],
  "EditorFlags": [
    "BlockStructures"
  ],
  "PushPriority": 10,
  "LeaderAlias": "A6",
  "HotkeyAlias": "A6",
  "SelectAlias": "A6",
  "SubgroupAlias": "A6",
  "OccludeHeight": 0.75,
  "TacticalAI": "A6",
  "AIEvaluateAlias": "A6",
  "ReviveType": "A6",
  "PawnItemReduction": 1,
  "Fidget": {
    "DelayMax": 30,
    "DelayMin": 10,
    "DistanceMax": 4,
    "DistanceMin": 1,
    "TurnAngle": 90,
    "TurningRate": 90,
    "ChanceArray": {
      "Idle": 100
    }
  },
  "ReviveInfoBase": {
    "Charge": {
      "Link": "A6/Revive",
      "Location": "Unit"
    },
    "Cooldown": {
      "Link": "A6/Revive",
      "Location": "Unit"
    }
  },
  "InnerRadiusSafetyMultiplier": 1,
  "ArmorType": "Unknown",
  "Mob": "Multiplayer",
  "PlaneArray": [
    "Ground"
  ],
  "Collide": [
    "Ground",
    "ForceField"
  ],
  "Attributes": [
    "Armored",
    "Mechanical"
  ],
  "LifeArmor": 1,
  "Speed": 2.3984,
  "Acceleration": 1000,
  "LateralAcceleration": 64,
  "Sight": 14,
  "Food": -3,
  "CostCategory": "Army",
  "CostResource": {
    "Minerals": 125,
    "Vespene": 50
  },
  "RepairTime": 45,
  "AttackTargetPriority": 20,
  "DamageDealtXP": 1,
  "DamageTakenXP": 1,
  "KillXP": 50,
  "CardLayouts": [
    {
      "LayoutButtons": [
        {
          "Face": "Move",
          "Type": "AbilCmd",
          "AbilCmd": "move,Move",
          "Row": 0,
          "Column": 0
        },
        {
          "Face": "Stop",
          "Type": "AbilCmd",
          "AbilCmd": "stop,Stop",
          "Row": 0,
          "Column": 1
        },
        {
          "Face": "MoveHoldPosition",
          "Type": "AbilCmd",
          "AbilCmd": "move,HoldPos",
          "Row": 0,
          "Column": 2
        },
        {
          "Face": "Attack",
          "Type": "AbilCmd",
          "AbilCmd": "attack,Execute",
          "Row": 0,
          "Column": 4
        },
        {
          "Face": "MovePatrol",
          "Type": "AbilCmd",
          "AbilCmd": "move,Patrol",
          "Row": 0,
          "Column": 3
        },
        {
          "Face": "A6ExplosiveRounds",
          "Type": "Passive",
          "Requirements": "HaveA6ExplosiveRounds",
          "ShowInGlossary": 0,
          "Row": 1,
          "Column": 0
        }
      ]
    }
  ],
  "InnerRadius": 0.875,
  "CargoSize": 4,
  "ScoreMake": 275,
  "ScoreKill": 275,
  "ScoreResult": "BuildOrder",
  "SubgroupPriority": 12,
  "GlossaryCategory": "Unit/Category/0UPLUnits",
  "GlossaryPriority": 41,
  "GlossaryStrongArray": [
    "Marine",
    "Hydralisk",
    "Stalker"
  ],
  "GlossaryWeakArray": [
    "Banshee",
    "Mutalisk",
    "Immortal"
  ],
  "HotkeyCategory": "Unit/Category/UPLUnits",
  "AlliedPushPriority": 15,
  "Icon": "btn-unit-upl-a6",
  "LifeArmorIcon": "btn-upgrades-upl-vehicleplating-lvl0",
  "ShieldArmorIcon": "btn-upgrade-protoss-shieldslevel0",
  "Id": "A6",
  "Weapons": [
    {
      "Link": "A6",
      "Turret": "A6Turret",
      "Id": "A6",
      "Icon": "btn-upgrades-upl-vehicleweapons-lvl0",
      "Name": "McCallister 6 cm Anti-Air Nano-Flak Quad Cannon",
      "Amount": 15,
      "Kind": "Ranged",
      "TargetFilters": "Air",
      "Range": 8,
      "Period": 0.5
    }
  ],
  "Upgrades": [
    {
      "Link": "UPLVehicleArmor",
      "Id": "UPLVehicleArmor",
      "Name": "UPL Vehicle Plating"
    },
    {
      "Link": "UPLVehicleWeapons",
      "Id": "UPLVehicleWeapons",
      "Name": "UPL Vehicle Weapons"
    },
    {
      "Link": "UPLVehiclePlatingLevel1",
      "Id": "UPLVehiclePlatingLevel1",
      "Icon": "btn-upgrades-upl-vehicleplating-lvl1",
      "Name": "UPL Vehicle Plating Level 1"
    },
    {
      "Link": "UPLVehiclePlatingLevel2",
      "Id": "UPLVehiclePlatingLevel2",
      "Icon": "btn-upgrades-upl-vehicleplating-lvl2",
      "Name": "UPL Vehicle Plating Level 2"
    },
    {
      "Link": "UPLVehiclePlatingLevel3",
      "Id": "UPLVehiclePlatingLevel3",
      "Icon": "btn-upgrades-upl-vehicleplating-lvl3",
      "Name": "UPL Vehicle Plating Level 3"
    },
    {
      "Link": "UPLVehicleWeaponsLevel1",
      "Id": "UPLVehicleWeaponsLevel1",
      "Icon": "btn-upgrades-upl-vehicleweapons-lvl1",
      "Name": "UPL Vehicle Weapons Level 1"
    },
    {
      "Link": "UPLVehicleWeaponsLevel2",
      "Id": "UPLVehicleWeaponsLevel2",
      "Icon": "btn-upgrades-upl-vehicleweapons-lvl2",
      "Name": "UPL Vehicle Weapons Level 2"
    },
    {
      "Link": "UPLVehicleWeaponsLevel3",
      "Id": "UPLVehicleWeaponsLevel3",
      "Icon": "btn-upgrades-upl-vehicleweapons-lvl3",
      "Name": "UPL Vehicle Weapons Level 3"
    },
    {
      "Link": "A6ExplosiveRounds",
      "Id": "A6ExplosiveRounds",
      "Icon": "btn-ability-upl-flak",
      "Name": "Nano-Flak"
    }
  ],
  "Abilities": [
    {
      "Link": "stop",
      "Id": "stop",
      "Name": "Stop"
    },
    {
      "Link": "attack",
      "Id": "attack",
      "Name": "Attack"
    },
    {
      "Link": "move",
      "Id": "move",
      "Name": "Move"
    }
  ],
  "Requirements": [],
  "Production": [],
  "Producers": [
    {
      "Id": "UPLManufacturingFacility",
      "Icon": "btn-building-upl-uplmanufacturingfacility",
      "Description": "Ground Vehicle Production facility.<br/><br/><span style=\"color: #ffff8a\">Enables:</span><br/>-  <b>Z-1</b><br/>-  <b>A-6</b><br/>-  <b>TR-17</b><br/>-  <b>Routhe Tank</b>",
      "Name": "Manufacturing Facility"
    }
  ],
  "Commands": [
    {
      "Id": "Move",
      "Icon": "btn-command-move",
      "Tooltip": "Orders selected units to move to the target area or follow the target unit. Moving units will not engage enemies.",
      "Name": "Move",
      "AbilCmd": "move,Move"
    },
    {
      "Id": "Stop",
      "Icon": "btn-command-stop",
      "Tooltip": "Orders selected units to cancel all orders and stop moving.",
      "Name": "Stop",
      "AbilCmd": "stop,Stop"
    },
    {
      "Id": "MoveHoldPosition",
      "Icon": "btn-command-holdposition",
      "Tooltip": "Orders selected units to stay where they are and attack enemies that are within range. Units will neither chase down enemies nor move to engage.",
      "Name": "Hold Position",
      "AbilCmd": "move,HoldPos"
    },
    {
      "Id": "Attack",
      "Icon": "btn-command-attack",
      "Tooltip": "Orders selected units to move to the target point, fighting nearby enemies along the way. Targeting a unit with the Attack command orders that it be attacked until it is destroyed.",
      "Name": "Attack",
      "AbilCmd": "attack,Execute"
    },
    {
      "Id": "MovePatrol",
      "Icon": "btn-command-patrol",
      "Tooltip": "Orders selected units to patrol between their current position and the target area. Units will attack enemies and move to engage nearby enemies.",
      "Name": "Patrol",
      "AbilCmd": "move,Patrol"
    }
  ]
}