{
  "Name": "ACR",
  "Description": "Basic worker unit. Can gather resources, build Genetron structures, and repair.<br/><br/><c val=\"#ColorAttackInfo\">Can attack ground units.</span>",
  "DeathRevealFilters": "Visible;Player,Ally,Neutral,Missile,Dead,Hidden",
  "DeathRevealRadius": 3,
  "DeathRevealDuration": 4,
  "DeathRevealType": "Snapshot",
  "Race": "Gen",
  "DefaultAcquireLevel": "Defensive",
  "Response": "Flee",
  "ResourceState": "Unknown",
  "ResourceType": "Unknown",
  "LifeStart": 45,
  "LifeMax": 45,
  "LifeArmorName": "Ground Mechanical Plating",
  "Mover": "Ground",
  "StationaryTurningRate": 999.8437,
  "TurningRate": 999.8437,
  "Radius": 0.375,
  "SeparationRadius": 0.5,
  "MinimapRadius": 0.375,
  "TacticalAIFilters": "-;Player,Ally,Neutral",
  "AIEvalFactor": 1,
  "Mass": 0.4,
  "FlagArray": [
    "Worker"
  ],
  "PushPriority": 10,
  "LeaderAlias": "ACR",
  "HotkeyAlias": "ACR",
  "SelectAlias": "ACR",
  "SubgroupAlias": "ACR",
  "OccludeHeight": 0.75,
  "TacticalAI": "ACR",
  "AIEvaluateAlias": "ACR",
  "ReviveType": "ACR",
  "PawnItemReduction": 1,
  "Fidget": {
    "DelayMax": 30,
    "DelayMin": 10,
    "DistanceMax": 4,
    "DistanceMin": 1,
    "TurnAngle": 90,
    "TurningRate": 90,
    "ChanceArray": {
      "Idle": 100
    }
  },
  "ReviveInfoBase": {
    "Charge": {
      "Link": "ACR/Revive",
      "Location": "Unit"
    },
    "Cooldown": {
      "Link": "ACR/Revive",
      "Location": "Unit"
    }
  },
  "InnerRadiusSafetyMultiplier": 1,
  "ArmorType": "Unknown",
  "Attributes": [
    "Light"
  ],
  "LifeArmor": 0,
  "ScoreResult": "BuildOrder",
  "GlossaryAlias": "ACR",
  "Sight": 9,
  "AttackTargetPriority": 20,
  "GlossaryCategory": "Unit/Category/GenetronUnits",
  "HotkeyCategory": "Unit/Category/GenetronUnits",
  "ScoreMakeCostFactor": {
    "Minerals": 1,
    "Vespene": 1
  },
  "ScoreKillCostFactor": {
    "Minerals": 1,
    "Vespene": 1
  },
  "Speed": 2.8125,
  "Acceleration": 2.5,
  "CostCategory": "Economy",
  "CardLayouts": [
    {
      "LayoutButtons": [
        {
          "Face": "MovePatrol",
          "Type": "AbilCmd",
          "AbilCmd": "move,Patrol",
          "Row": 0,
          "Column": 3
        },
        {
          "Face": "MoveHoldPosition",
          "Type": "AbilCmd",
          "AbilCmd": "move,HoldPos",
          "Row": 0,
          "Column": 2
        },
        {
          "Face": "Attack",
          "Type": "AbilCmd",
          "AbilCmd": "attack,Execute",
          "Row": 0,
          "Column": 4
        },
        {
          "Face": "Stop",
          "Type": "AbilCmd",
          "AbilCmd": "stop,Stop",
          "Row": 0,
          "Column": 1
        },
        {
          "Face": "Move",
          "Type": "AbilCmd",
          "AbilCmd": "move,Move",
          "Row": 0,
          "Column": 0
        },
        {
          "Face": "GatherTerr",
          "Type": "AbilCmd",
          "AbilCmd": "SCVHarvest,Gather",
          "Row": 1,
          "Column": 0
        },
        {
          "Face": "ReturnCargo",
          "Type": "AbilCmd",
          "AbilCmd": "SCVHarvest,Return",
          "Row": 1,
          "Column": 1
        },
        {
          "Face": "Repair",
          "Type": "AbilCmd",
          "AbilCmd": "MULERepair,Execute",
          "Row": 2,
          "Column": 2
        },
        {
          "Face": "GenetronBuild",
          "Type": "Submenu",
          "SubmenuCardId": "0002",
          "Row": 2,
          "Column": 0
        },
        {
          "Face": "GenetronBuildAdvanced",
          "Type": "Submenu",
          "SubmenuCardId": "0003",
          "Row": 2,
          "Column": 1
        },
        {
          "Face": "Halt",
          "Type": "AbilCmd",
          "AbilCmd": "ACRBuild,Halt",
          "Row": 2,
          "Column": 4
        },
        {
          "Face": "Spray",
          "Type": "AbilCmd",
          "AbilCmd": "SprayTerran,Execute",
          "Row": 2,
          "Column": 3
        }
      ]
    },
    {
      "LayoutButtons": [
        {
          "Face": "ProcessingCore",
          "Type": "AbilCmd",
          "AbilCmd": "ACRBuild,Build1",
          "Row": 0,
          "Column": 0
        },
        {
          "Face": "Node",
          "Type": "AbilCmd",
          "AbilCmd": "ACRBuild,Build2",
          "Row": 0,
          "Column": 2
        },
        {
          "Face": "FilteringPlant",
          "Type": "AbilCmd",
          "AbilCmd": "ACRBuild,Build3",
          "Row": 0,
          "Column": 1
        },
        {
          "Face": "Cancel",
          "Type": "CancelSubmenu",
          "Row": 2,
          "Column": 4
        },
        {
          "Face": "Manufacturer",
          "Type": "AbilCmd",
          "AbilCmd": "ACRBuild,Build4",
          "Row": 1,
          "Column": 0
        },
        {
          "Face": "AnalysisTerminal",
          "Type": "AbilCmd",
          "AbilCmd": "ACRBuild,Build13",
          "Row": 1,
          "Column": 1
        },
        {
          "Face": "Repulsor",
          "Type": "AbilCmd",
          "AbilCmd": "ACRBuild,Build7",
          "Row": 2,
          "Column": 0
        },
        {
          "Face": "Interdictor",
          "Type": "AbilCmd",
          "AbilCmd": "ACRBuild,Build8",
          "Row": 2,
          "Column": 1
        }
      ],
      "CardId": "0002"
    },
    {
      "LayoutButtons": [
        {
          "Face": "Cancel",
          "Type": "CancelSubmenu",
          "Row": 2,
          "Column": 4
        },
        {
          "Face": "Fabricator",
          "Type": "AbilCmd",
          "AbilCmd": "ACRBuild,Build10",
          "Row": 0,
          "Column": 0
        },
        {
          "Face": "OutfittingStation",
          "Type": "AbilCmd",
          "AbilCmd": "ACRBuild,Build6",
          "Row": 0,
          "Column": 2
        },
        {
          "Face": "RelayTower",
          "Type": "AbilCmd",
          "AbilCmd": "ACRBuild,Build9",
          "Row": 0,
          "Column": 1
        },
        {
          "Face": "AssemblyArray",
          "Type": "AbilCmd",
          "AbilCmd": "ACRBuild,Build12",
          "Row": 1,
          "Column": 0
        },
        {
          "Face": "Generator",
          "Type": "AbilCmd",
          "AbilCmd": "ACRBuild,Build14",
          "Row": 1,
          "Column": 1
        },
        {
          "Face": "TechVault",
          "Type": "AbilCmd",
          "AbilCmd": "ACRBuild,Build11",
          "Row": 1,
          "Column": 2
        }
      ],
      "CardId": "0003"
    }
  ],
  "CargoSize": 1,
  "LateralAcceleration": 46,
  "Food": -1,
  "CostResource": {
    "Minerals": 50
  },
  "RepairTime": 17,
  "AIOverideTargetPriority": 10,
  "InnerRadius": 0.375,
  "SubgroupPriority": 40,
  "Icon": "btn-unit-genetron-acr",
  "LifeArmorIcon": "btn-upgrade-genetron-groundmechplating-level0",
  "ShieldArmorIcon": "btn-upgrade-protoss-shieldslevel0",
  "Id": "ACR",
  "Weapons": [
    {
      "Link": "FusionCutter",
      "Id": "FusionCutter",
      "Icon": "btn-upgrade-terran-infantryweaponslevel0",
      "Name": "Fusion Cutter",
      "Amount": {
        "value": 5
      },
      "Kind": "Melee",
      "TargetFilters": "Ground",
      "Range": 0.1,
      "Period": 1.5
    }
  ],
  "Upgrades": [
    {
      "Link": "GenetronGroundPlating",
      "Id": "GenetronGroundPlating",
      "Name": "Genetron Ground Plating"
    },
    {
      "Link": "GenetronGroundPlatingLevel1",
      "Id": "GenetronGroundPlatingLevel1",
      "Icon": "btn-upgrade-genetron-groundmechplating-level1",
      "Name": "Genetron Ground Plating Level 1"
    },
    {
      "Link": "GenetronGroundPlatingLevel2",
      "Id": "GenetronGroundPlatingLevel2",
      "Icon": "btn-upgrade-genetron-groundmechplating-level2",
      "Name": "Genetron Ground Plating Level 2"
    },
    {
      "Link": "GenetronGroundPlatingLevel3",
      "Id": "GenetronGroundPlatingLevel3",
      "Icon": "btn-upgrade-genetron-groundmechplating-level3",
      "Name": "Genetron Ground Plating Level 3"
    }
  ],
  "Abilities": [
    {
      "Link": "move",
      "Id": "move",
      "Name": "Move"
    },
    {
      "Link": "stop",
      "Id": "stop",
      "Name": "Stop"
    },
    {
      "Link": "attack",
      "Id": "attack",
      "Name": "Attack"
    },
    {
      "Link": "SCVHarvest",
      "Id": "SCVHarvest",
      "Name": "Gather (SCV)"
    },
    {
      "Link": "MULERepair",
      "Id": "MULERepair",
      "Name": "Repair"
    },
    {
      "Link": "ACRBuild",
      "Id": "ACRBuild"
    },
    {
      "Link": "SprayTerran",
      "Id": "SprayTerran"
    }
  ],
  "Requirements": [],
  "Production": [
    {
      "Id": "ProcessingCore",
      "Icon": "btn-building-genetron-processingcore",
      "Description": "Primary structure. Used to receive gathered resources. Can use Mining Priority and System Recharge<br/><br/><span style=\"color: #ffff8a\">Enables:</span><br/>- ACRs",
      "Name": "Processing Core"
    },
    {
      "Id": "Node",
      "Icon": "btn-building-genetron-node",
      "Description": "Provides supply and energy.",
      "Name": "Node"
    },
    {
      "Id": "FilteringPlant",
      "Icon": "btn-building-genetron-filteringplant",
      "Description": "Built over a Vespene Geyser to allow harvesting of vespene gas.",
      "Name": "Filtering Plant"
    },
    {
      "Id": "Manufacturer",
      "Icon": "btn-building-genetron-manufacturer",
      "Description": "Produces light-weight machines.<br/><br/><span style=\"color: #FFFF80\">Enables:</span><br/>- Spitfires",
      "Name": "Manufacturer"
    },
    {
      "Id": "AnalysisTerminal",
      "Icon": "btn-building-genetron-analysisterminal",
      "Description": "Contains weapon upgrades for Genetron light ground units, and armor upgrades for all Genetron ground units.<br/><br/><span style=\"color: #FFFF80\">Enables:</span><br/>- Repulsors from ACRs<br/>- Interdictors from ACRs",
      "Name": "Analysis Terminal"
    },
    {
      "Id": "Repulsor",
      "Icon": "btn-building-genetron-repulsor",
      "Description": "Anti-ground defensive structure. Can burrow, disabling its weapon, and rendering itself invisible to enemies.<br/><br/><span style=\"color: #FFFF80\">Can attack ground units.</span>",
      "Name": "Repulsor"
    },
    {
      "Id": "Interdictor",
      "Icon": "btn-building-genetron-interdictor",
      "Description": "Anti-air defensive structure. Can burrow, disabling its weapon, and rendering itself invisible to enemies.<br/><br/><span style=\"color: #FFFF80\">Can attack air units.</span><br/><span style=\"color: #FFE303\">Detector</span>",
      "Name": "Interdictor"
    },
    {
      "Id": "Fabricator",
      "Icon": "btn-building-genetron-fabricator",
      "Description": "Produces heavy machines.<br/><br/><span style=\"color: #FFFF80\">Enables:</span><br/>- Torrents<br/>- Moles",
      "Name": "Fabricator"
    },
    {
      "Id": "OutfittingStation",
      "Icon": "btn-building-genetron-outfittingstation",
      "Description": "Contains upgrades for Genetron units.<br/><br/><span style=\"color: #FFFF80\">Enables:<br/></span>- Equalizers at the Manufacturer<br/>- Inciters at the Fabricator<br/>- Teslas at the Fabricator<br/>- Jupiters at the Assembly Array<br/>- Boars at the Assembly Array",
      "Name": "Outfitting Station"
    },
    {
      "Id": "RelayTower",
      "Icon": "btn-building-genetron-relaytower",
      "Description": "Facilitates global energy management. Can use System Recharge.<br/><br/><span style=\"color: #FFFF80\">Enables:</span><br/>- Processors at the Processing Core",
      "Name": "Relay Tower"
    },
    {
      "Id": "AssemblyArray",
      "Icon": "btn-building-genetron-assemblyarray",
      "Description": "Aircraft production facility.<br/><br/><span style=\"color: #FFFF80\">Enables:</span><br/>- Avengers<br/>- Hornets",
      "Name": "Assembly Array"
    },
    {
      "Id": "Generator",
      "Icon": "btn-building-genetron-generator",
      "Description": "Provides energy. Contains upgrades for the Processor.",
      "Name": "Generator"
    },
    {
      "Id": "TechVault",
      "Icon": "btn-building-genetron-techvault",
      "Description": "Contains weapon upgrades for Genetron heavy ground units, and weapon and armor upgrades for Genetron air units.<br/><br/><span style=\"color: #FFFF80\">Enables:</span><br/>- Aquilas at the Manufacturer<br/>- Virtus at the Fabricator<br/>- Badgers at the Assembly Array",
      "Name": "Tech Vault"
    }
  ],
  "Producers": [
    {
      "Id": "ProcessingCore",
      "Icon": "btn-building-genetron-processingcore",
      "Description": "Primary structure. Used to receive gathered resources. Can use Mining Priority and System Recharge<br/><br/><span style=\"color: #ffff8a\">Enables:</span><br/>- ACRs",
      "Name": "Processing Core"
    }
  ],
  "Commands": [
    {
      "Id": "MovePatrol",
      "Icon": "btn-command-patrol",
      "Tooltip": "Orders selected units to patrol between their current position and the target area. Units will attack enemies and move to engage nearby enemies.",
      "Name": "Patrol",
      "AbilCmd": "move,Patrol"
    },
    {
      "Id": "MoveHoldPosition",
      "Icon": "btn-command-holdposition",
      "Tooltip": "Orders selected units to stay where they are and attack enemies that are within range. Units will neither chase down enemies nor move to engage.",
      "Name": "Hold Position",
      "AbilCmd": "move,HoldPos"
    },
    {
      "Id": "Attack",
      "Icon": "btn-command-attack",
      "Tooltip": "Orders selected units to move to the target point, fighting nearby enemies along the way. Targeting a unit with the Attack command orders that it be attacked until it is destroyed.",
      "Name": "Attack",
      "AbilCmd": "attack,Execute"
    },
    {
      "Id": "Stop",
      "Icon": "btn-command-stop",
      "Tooltip": "Orders selected units to cancel all orders and stop moving.",
      "Name": "Stop",
      "AbilCmd": "stop,Stop"
    },
    {
      "Id": "Move",
      "Icon": "btn-command-move",
      "Tooltip": "Orders selected units to move to the target area or follow the target unit. Moving units will not engage enemies.",
      "Name": "Move",
      "AbilCmd": "move,Move"
    },
    {
      "Id": "GatherTerr",
      "Icon": "btn-ability-terran-gather",
      "Tooltip": "Orders SCV to gather resources from a selected Mineral Field or Vespene Geyser.",
      "Name": "Gather",
      "AbilCmd": "SCVHarvest,Gather"
    },
    {
      "Id": "ReturnCargo",
      "Icon": "btn-command-returncargo",
      "Tooltip": "Returns the carried resources to the nearest drop-off point.",
      "Name": "Return Cargo",
      "AbilCmd": "SCVHarvest,Return"
    },
    {
      "Id": "Repair",
      "Icon": "btn-ability-terran-repair",
      "Tooltip": "Restores life to mechanical units and structures at the cost of resources.",
      "Name": "Repair",
      "AbilCmd": "MULERepair,Execute"
    },
    {
      "Id": "Halt",
      "Icon": "btn-command-stop",
      "Tooltip": "Halts construction of this structure. The partial construction will remain.",
      "Name": "Halt",
      "AbilCmd": "ACRBuild,Halt"
    },
    {
      "Id": "Spray",
      "Icon": "btn-command-spray",
      "Tooltip": "Orders the unit to apply your currently selected spray to the terrain at the target location.",
      "Name": "Spray",
      "AbilCmd": "SprayTerran,Execute"
    },
    {
      "Id": "ProcessingCore",
      "Icon": "btn-building-genetron-processingcore",
      "Tooltip": "Primary structure. Used to receive gathered resources. Can use Mining Priority and System Recharge<br/><br/><span style=\"color: #ffff8a\">Enables:</span><br/>- ACRs",
      "Name": "Build Processing Core",
      "AbilCmd": "ACRBuild,Build1"
    },
    {
      "Id": "Node",
      "Icon": "btn-building-genetron-node",
      "Tooltip": "Provides supply and energy.",
      "Name": "Build Node",
      "AbilCmd": "ACRBuild,Build2"
    },
    {
      "Id": "FilteringPlant",
      "Icon": "btn-building-genetron-filteringplant",
      "Tooltip": "Built over a Vespene Geyser to allow harvesting of vespene gas.",
      "Name": "Build Filtering Plant",
      "AbilCmd": "ACRBuild,Build3"
    },
    {
      "Id": "Manufacturer",
      "Icon": "btn-building-genetron-manufacturer",
      "Tooltip": "Produces light-weight machines.<br/><br/><span style=\"color: #FFFF80\">Enables:</span><br/>- Spitfires",
      "Name": "Build Manufacturer",
      "AbilCmd": "ACRBuild,Build4"
    },
    {
      "Id": "AnalysisTerminal",
      "Icon": "btn-building-genetron-analysisterminal",
      "Tooltip": "Contains weapon upgrades for Genetron light ground units, and armor upgrades for all Genetron ground units.<br/><br/><span style=\"color: #FFFF80\">Enables:</span><br/>- Repulsors from ACRs<br/>- Interdictors from ACRs",
      "Name": "Build Analysis Terminal",
      "AbilCmd": "ACRBuild,Build13"
    },
    {
      "Id": "Repulsor",
      "Icon": "btn-building-genetron-repulsor",
      "Tooltip": "Anti-ground defensive structure. Can burrow, disabling its weapon, and rendering itself invisible to enemies.<br/><br/><span style=\"color: #FFFF80\">Can attack ground units.</span>",
      "Name": "Build Repulsor",
      "AbilCmd": "ACRBuild,Build7"
    },
    {
      "Id": "Interdictor",
      "Icon": "btn-building-genetron-interdictor",
      "Tooltip": "Anti-air defensive structure. Can burrow, disabling its weapon, and rendering itself invisible to enemies.<br/><br/><span style=\"color: #FFFF80\">Can attack air units.</span><br/><span style=\"color: #FFE303\">Detector</span>",
      "Name": "Build Interdictor",
      "AbilCmd": "ACRBuild,Build8"
    },
    {
      "Id": "Fabricator",
      "Icon": "btn-building-genetron-fabricator",
      "Tooltip": "Produces heavy machines.<br/><br/><span style=\"color: #FFFF80\">Enables:</span><br/>- Torrents<br/>- Moles",
      "Name": "Build Fabricator",
      "AbilCmd": "ACRBuild,Build10"
    },
    {
      "Id": "OutfittingStation",
      "Icon": "btn-building-genetron-outfittingstation",
      "Tooltip": "Contains upgrades for Genetron units.<br/><br/><span style=\"color: #FFFF80\">Enables:<br/></span>- Equalizers at the Manufacturer<br/>- Inciters at the Fabricator<br/>- Teslas at the Fabricator<br/>- Jupiters at the Assembly Array<br/>- Boars at the Assembly Array",
      "Name": "Build Outfitting Station",
      "AbilCmd": "ACRBuild,Build6"
    },
    {
      "Id": "RelayTower",
      "Icon": "btn-building-genetron-relaytower",
      "Tooltip": "Facilitates global energy management. Can use System Recharge.<br/><br/><span style=\"color: #FFFF80\">Enables:</span><br/>- Processors at the Processing Core",
      "Name": "Build Relay Tower",
      "AbilCmd": "ACRBuild,Build9"
    },
    {
      "Id": "AssemblyArray",
      "Icon": "btn-building-genetron-assemblyarray",
      "Tooltip": "Aircraft production facility.<br/><br/><span style=\"color: #FFFF80\">Enables:</span><br/>- Avengers<br/>- Hornets",
      "Name": "Build Assembly Array",
      "AbilCmd": "ACRBuild,Build12"
    },
    {
      "Id": "Generator",
      "Icon": "btn-building-genetron-generator",
      "Tooltip": "Provides energy. Contains upgrades for the Processor.",
      "Name": "Build Generator",
      "AbilCmd": "ACRBuild,Build14"
    },
    {
      "Id": "TechVault",
      "Icon": "btn-building-genetron-techvault",
      "Tooltip": "Contains weapon upgrades for Genetron heavy ground units, and weapon and armor upgrades for Genetron air units.<br/><br/><span style=\"color: #FFFF80\">Enables:</span><br/>- Aquilas at the Manufacturer<br/>- Virtus at the Fabricator<br/>- Badgers at the Assembly Array",
      "Name": "Build Tech Vault",
      "AbilCmd": "ACRBuild,Build11"
    }
  ]
}