{
  "Name": "Adept",
  "Description": "Ranged specialist. Can use Psionic Transfer.<br/><br/><c val=\"#ColorAttackInfo\">Can attack ground units.</span>",
  "DeathRevealFilters": "Visible;Player,Ally,Neutral,Missile,Dead,Hidden",
  "DeathRevealRadius": 3,
  "DeathRevealDuration": 4,
  "DeathRevealType": "Snapshot",
  "Race": "Prot",
  "DefaultAcquireLevel": "Offensive",
  "Response": "Acquire",
  "ResourceState": "Unknown",
  "ResourceType": "Unknown",
  "LifeStart": 70,
  "LifeMax": 70,
  "LifeArmorName": "Protoss Armor",
  "Mover": "Ground",
  "StationaryTurningRate": 999.8437,
  "TurningRate": 999.8437,
  "Radius": 0.5,
  "SeparationRadius": 0.5,
  "MinimapRadius": 0.5,
  "EditorCategories": {
    "ObjectType": "Unit",
    "ObjectFamily": "Melee"
  },
  "TacticalAIFilters": "-;Player,Ally,Neutral",
  "AIEvalFactor": 1,
  "Mass": 0.4,
  "FlagArray": [
    "Turnable",
    "Movable",
    "Unclickable",
    "Unhighlightable",
    "Untooltipable",
    "KillCredit",
    "ShowResources",
    "ClearRallyOnTargetLost",
    "PlayerRevivable",
    "CameraFollow",
    "PreventDestroy",
    "UseLineOfSight",
    "ArmySelect"
  ],
  "EditorFlags": [
    "BlockStructures"
  ],
  "PushPriority": 10,
  "LeaderAlias": "Adept",
  "HotkeyAlias": "Adept",
  "SelectAlias": "Adept",
  "SubgroupAlias": "Adept",
  "OccludeHeight": 0.75,
  "TacticalAI": "Adept",
  "AIEvaluateAlias": "Adept",
  "ReviveType": "Adept",
  "PawnItemReduction": 1,
  "Fidget": {
    "DelayMax": 30,
    "DelayMin": 10,
    "DistanceMax": 4,
    "DistanceMin": 1,
    "TurnAngle": 90,
    "TurningRate": 90,
    "ChanceArray": {
      "Idle": 100
    }
  },
  "ReviveInfoBase": {
    "Charge": {
      "Link": "Adept/Revive",
      "Location": "Unit"
    },
    "Cooldown": {
      "Link": "Adept/Revive",
      "Location": "Unit"
    }
  },
  "InnerRadiusSafetyMultiplier": 1,
  "ArmorType": "Unknown",
  "Mob": "Multiplayer",
  "PlaneArray": [
    "Ground"
  ],
  "Collide": [
    "Ground",
    "ForceField",
    "Locust",
    "Small"
  ],
  "Attributes": [
    "Light",
    "Biological"
  ],
  "LifeArmor": 1,
  "ShieldsStart": 70,
  "ShieldsMax": 70,
  "ShieldRegenDelay": 10,
  "ShieldRegenRate": 2,
  "ShieldArmorName": "Protoss Plasma Shields",
  "Speed": 2.5,
  "Acceleration": 1000,
  "LateralAcceleration": 46.0625,
  "Sight": 9,
  "Food": -2,
  "CostCategory": "Army",
  "CostResource": {
    "Minerals": 100,
    "Vespene": 25
  },
  "AttackTargetPriority": 20,
  "DamageDealtXP": 1,
  "DamageTakenXP": 1,
  "KillXP": 20,
  "CardLayouts": [
    {
      "LayoutButtons": [
        {
          "Face": "Move",
          "Type": "AbilCmd",
          "AbilCmd": "move,Move",
          "Row": 0,
          "Column": 0
        },
        {
          "Face": "Stop",
          "Type": "AbilCmd",
          "AbilCmd": "stop,Stop",
          "Row": 0,
          "Column": 1
        },
        {
          "Face": "MoveHoldPosition",
          "Type": "AbilCmd",
          "AbilCmd": "move,HoldPos",
          "Row": 0,
          "Column": 2
        },
        {
          "Face": "Attack",
          "Type": "AbilCmd",
          "AbilCmd": "attack,Execute",
          "Row": 0,
          "Column": 4
        },
        {
          "Face": "MovePatrol",
          "Type": "AbilCmd",
          "AbilCmd": "move,Patrol",
          "Row": 0,
          "Column": 3
        },
        {
          "Face": "AdeptPhaseShift",
          "Type": "AbilCmd",
          "AbilCmd": "AdeptPhaseShift,Execute",
          "Row": 2,
          "Column": 0
        },
        {
          "Face": "Rally",
          "Type": "AbilCmd",
          "AbilCmd": "ProgressRally,Rally1",
          "Row": 2,
          "Column": 4
        },
        {
          "Face": "Cancel",
          "Type": "AbilCmd",
          "AbilCmd": "AdeptPhaseShiftCancel,Execute",
          "Row": 2,
          "Column": 4
        },
        {
          "Face": "AdeptPiercingUpgrade",
          "Type": "Passive",
          "Requirements": "HaveAdeptPiercingAttack",
          "Row": 2,
          "Column": 1
        }
      ]
    }
  ],
  "InnerRadius": 0.375,
  "CargoSize": 2,
  "ScoreMake": 125,
  "ScoreKill": 125,
  "ScoreResult": "BuildOrder",
  "SubgroupPriority": 57,
  "TacticalAIThink": "AIThinkAdept",
  "GlossaryCategory": "Unit/Category/ProtossUnits",
  "GlossaryPriority": 20,
  "GlossaryStrongArray": [
    "Marine",
    "Zergling",
    "Zealot"
  ],
  "GlossaryWeakArray": [
    "Marauder",
    "Roach",
    "Stalker"
  ],
  "HotkeyCategory": "Unit/Category/ProtossUnits",
  "TauntDuration": {
    "Dance": 5
  },
  "Icon": "btn-unit-protoss-adept",
  "LifeArmorIcon": "btn-upgrade-protoss-groundarmorlevel0",
  "ShieldArmorIcon": "btn-upgrade-protoss-shieldslevel0",
  "Id": "Adept",
  "Weapons": [
    {
      "Link": "Adept",
      "Id": "Adept",
      "Icon": "btn-upgrade-protoss-groundweaponslevel0",
      "Name": "Glaive Cannon",
      "Amount": 10,
      "AttributeBonus": {
        "Light": 12
      },
      "Kind": "Ranged",
      "TargetFilters": "Ground",
      "Range": 4,
      "Period": 2.25
    }
  ],
  "Upgrades": [
    {
      "Link": "ProtossGroundArmorsLevel1",
      "Id": "ProtossGroundArmorsLevel1",
      "Icon": "btn-upgrade-protoss-groundarmorlevel1",
      "Name": "Protoss Ground Armor Level 1"
    },
    {
      "Link": "ProtossGroundArmorsLevel2",
      "Id": "ProtossGroundArmorsLevel2",
      "Icon": "btn-upgrade-protoss-groundarmorlevel2",
      "Name": "Protoss Ground Armor Level 2"
    },
    {
      "Link": "ProtossGroundArmorsLevel3",
      "Id": "ProtossGroundArmorsLevel3",
      "Icon": "btn-upgrade-protoss-groundarmorlevel3",
      "Name": "Protoss Ground Armor Level 3"
    },
    {
      "Link": "ProtossGroundWeaponsLevel1",
      "Id": "ProtossGroundWeaponsLevel1",
      "Icon": "btn-upgrade-protoss-groundweaponslevel1",
      "Name": "Protoss Ground Weapons Level 1"
    },
    {
      "Link": "ProtossGroundWeaponsLevel2",
      "Id": "ProtossGroundWeaponsLevel2",
      "Icon": "btn-upgrade-protoss-groundweaponslevel2",
      "Name": "Protoss Ground Weapons Level 2"
    },
    {
      "Link": "ProtossGroundWeaponsLevel3",
      "Id": "ProtossGroundWeaponsLevel3",
      "Icon": "btn-upgrade-protoss-groundweaponslevel3",
      "Name": "Protoss Ground Weapons Level 3"
    },
    {
      "Link": "ProtossShieldsLevel1",
      "Id": "ProtossShieldsLevel1",
      "Icon": "btn-upgrade-protoss-shieldslevel1",
      "Name": "Protoss Shields Level 1"
    },
    {
      "Link": "ProtossShieldsLevel2",
      "Id": "ProtossShieldsLevel2",
      "Icon": "btn-upgrade-protoss-shieldslevel2",
      "Name": "Protoss Shields Level 2"
    },
    {
      "Link": "ProtossShieldsLevel3",
      "Id": "ProtossShieldsLevel3",
      "Icon": "btn-upgrade-protoss-shieldslevel3",
      "Name": "Protoss Shields Level 3"
    },
    {
      "Link": "AdeptKillBounce",
      "Id": "AdeptKillBounce",
      "Icon": "btn-techupgrade-terran-consumption",
      "Name": "Shockwave"
    },
    {
      "Link": "AdeptPiercingAttack",
      "Id": "AdeptPiercingAttack",
      "Icon": "btn-upgrade-protoss-resonatingglaives-orange",
      "Name": "Resonating Glaives"
    },
    {
      "Link": "AdeptShieldUpgrade",
      "Id": "AdeptShieldUpgrade",
      "Icon": "btn-upgrade-protoss-adeptshieldupgrade",
      "Name": "Shield Upgrade"
    },
    {
      "Link": "AdeptSkin",
      "Id": "AdeptSkin",
      "Icon": "btn-unit-protoss-adept",
      "Name": "Adept"
    },
    {
      "Link": "AmplifiedShielding",
      "Id": "AmplifiedShielding",
      "Icon": "btn-upgrade-protoss-adeptshieldupgrade",
      "Name": "Amplified Shielding"
    },
    {
      "Link": "PsionicAmplifiers",
      "Id": "PsionicAmplifiers",
      "Icon": "btn-ability-protoss-phasedisruptor",
      "Name": "Psionic Amplifiers"
    }
  ],
  "Abilities": [
    {
      "Link": "stop",
      "Id": "stop",
      "Name": "Stop"
    },
    {
      "Link": "attack",
      "Id": "attack",
      "Name": "Attack"
    },
    {
      "Link": "move",
      "Id": "move",
      "Name": "Move"
    },
    {
      "Link": "Warpable",
      "Id": "Warpable",
      "Name": "Warpable"
    },
    {
      "Link": "ProgressRally",
      "Id": "ProgressRally",
      "Name": "Progress Rally"
    },
    {
      "Link": "AdeptPhaseShift",
      "Id": "AdeptPhaseShift"
    },
    {
      "Link": "AdeptPhaseShiftCancel",
      "Id": "AdeptPhaseShiftCancel",
      "Name": "Psionic Transfer Cancel"
    }
  ],
  "Requirements": [
    {
      "Id": "CyberneticsCore",
      "Icon": "btn-building-protoss-cyberneticscore",
      "Description": "Contains weapon and armor upgrades for Protoss air units and the Warp Gate upgrade.<br/><br/><span style=\"color: #ffff8a\">Enables:</span><br/>- Sentries at the Gateway<br/>- Stalkers at the Gateway<br/>- Adepts at the Gateway<br/>- Shield Batteries from Probes",
      "Name": "Cybernetics Core"
    }
  ],
  "Production": [],
  "Producers": [
    {
      "Id": "Gateway",
      "Icon": "btn-building-protoss-gateway",
      "Description": "Warps in Protoss ground units.<br/><br/><span style=\"color: #ffff8a\">Enables:</span><br/>- Zealots",
      "Name": "Gateway"
    },
    {
      "Id": "WarpGate",
      "Icon": "btn-building-protoss-warpgate",
      "Description": "Enables warp in of Protoss ground units.",
      "Name": "Warp Gate"
    }
  ],
  "Commands": [
    {
      "Id": "Move",
      "Icon": "btn-command-move",
      "Tooltip": "Orders selected units to move to the target area or follow the target unit. Moving units will not engage enemies.",
      "Name": "Move",
      "AbilCmd": "move,Move"
    },
    {
      "Id": "Stop",
      "Icon": "btn-command-stop",
      "Tooltip": "Orders selected units to cancel all orders and stop moving.",
      "Name": "Stop",
      "AbilCmd": "stop,Stop"
    },
    {
      "Id": "MoveHoldPosition",
      "Icon": "btn-command-holdposition",
      "Tooltip": "Orders selected units to stay where they are and attack enemies that are within range. Units will neither chase down enemies nor move to engage.",
      "Name": "Hold Position",
      "AbilCmd": "move,HoldPos"
    },
    {
      "Id": "Attack",
      "Icon": "btn-command-attack",
      "Tooltip": "Orders selected units to move to the target point, fighting nearby enemies along the way. Targeting a unit with the Attack command orders that it be attacked until it is destroyed.",
      "Name": "Attack",
      "AbilCmd": "attack,Execute"
    },
    {
      "Id": "MovePatrol",
      "Icon": "btn-command-patrol",
      "Tooltip": "Orders selected units to patrol between their current position and the target area. Units will attack enemies and move to engage nearby enemies.",
      "Name": "Patrol",
      "AbilCmd": "move,Patrol"
    },
    {
      "Id": "AdeptPhaseShift",
      "Icon": "btn-ability-protoss-psionictransfer",
      "Tooltip": "Projects an invulnerable Shade that can move but cannot attack. After <b>10</b>, the Adept teleports to the Shade's location.",
      "Name": "Psionic Transfer",
      "AbilCmd": "AdeptPhaseShift,Execute"
    },
    {
      "Id": "Rally",
      "Icon": "btn-ability-terran-setrallypoint",
      "Tooltip": "Sends constructed units to the designated point. Workers rallied to resources will begin gathering automatically.",
      "Name": "Set Rally Point",
      "AbilCmd": "ProgressRally,Rally1"
    },
    {
      "Id": "Cancel",
      "Icon": "btn-command-cancel",
      "Tooltip": "Drops the current order without performing it, and allows you to select a different order.",
      "Name": "Cancel",
      "AbilCmd": "AdeptPhaseShiftCancel,Execute"
    }
  ]
}