{
  "Name": "Aegis",
  "Description": "Powerful defense structure. Can use Relocate and Activate Shield.<br/><br/><span style=\"color: #FFFF80\">Can attack ground and air units.</span>",
  "DeathRevealFilters": "Visible;Player,Ally,Neutral,Missile,Dead,Hidden",
  "DeathRevealRadius": 3,
  "DeathRevealDuration": 4,
  "DeathRevealType": "Snapshot",
  "Race": "Keir",
  "DefaultAcquireLevel": "Offensive",
  "Response": "Acquire",
  "ResourceState": "Unknown",
  "ResourceType": "Unknown",
  "LifeStart": 600,
  "LifeMax": 600,
  "LifeArmorName": "Keiron Structure Armor",
  "Mover": "Fly",
  "StationaryTurningRate": 720,
  "TurningRate": 720,
  "Radius": 1.5,
  "SeparationRadius": 0.5,
  "MinimapRadius": 0.5,
  "EditorCategories": {
    "ObjectType": "Structure",
    "ObjectFamily": "Melee"
  },
  "TacticalAIFilters": "-;Player,Ally,Neutral",
  "AIEvalFactor": 1,
  "Mass": 0.4,
  "FlagArray": [
    "Movable",
    "Unclickable",
    "Unhighlightable",
    "Untooltipable",
    "KillCredit",
    "ShowResources",
    "ClearRallyOnTargetLost",
    "PlayerRevivable",
    "CameraFollow",
    "PreventDestroy",
    "UseLineOfSight"
  ],
  "EditorFlags": [
    "BlockStructures"
  ],
  "PushPriority": 10,
  "LeaderAlias": "Aegis",
  "HotkeyAlias": "Aegis",
  "SelectAlias": "Aegis",
  "SubgroupAlias": "Aegis",
  "OccludeHeight": 0.75,
  "TacticalAI": "Aegis",
  "AIEvaluateAlias": "Aegis",
  "ReviveType": "Aegis",
  "PawnItemReduction": 1,
  "Fidget": {
    "DelayMax": 30,
    "DelayMin": 10,
    "DistanceMax": 4,
    "DistanceMin": 1,
    "TurnAngle": 90,
    "TurningRate": 90,
    "ChanceArray": {
      "Idle": 100
    }
  },
  "ReviveInfoBase": {
    "Charge": {
      "Link": "Aegis/Revive",
      "Location": "Unit"
    },
    "Cooldown": {
      "Link": "Aegis/Revive",
      "Location": "Unit"
    }
  },
  "InnerRadiusSafetyMultiplier": 1,
  "ArmorType": "Unknown",
  "PlaneArray": [
    "Ground",
    "Air"
  ],
  "Collide": [
    "Flying"
  ],
  "LifeRegenRate": 0.1718,
  "ShieldRegenDelay": 4,
  "ShieldRegenRate": 2.5,
  "Acceleration": 0,
  "Sight": 9,
  "CostCategory": "Army",
  "AttackTargetPriority": 20,
  "CardLayouts": [
    {
      "LayoutButtons": [
        {
          "Face": "Stop",
          "Type": "AbilCmd",
          "AbilCmd": "stop,Stop",
          "Row": 0,
          "Column": 1
        },
        {
          "Face": "Attack",
          "Type": "AbilCmd",
          "AbilCmd": "attack,Execute",
          "Row": 0,
          "Column": 4
        },
        {
          "Face": "Relocate",
          "Type": "AbilCmd",
          "AbilCmd": "AegisRelocate,Execute",
          "Row": 2,
          "Column": 0
        },
        {
          "Face": "ActivateShield",
          "Type": "AbilCmd",
          "AbilCmd": "AegisMorphToShielded,Execute",
          "Row": 2,
          "Column": 1
        }
      ]
    }
  ],
  "ScoreMakeCostFactor": {
    "Minerals": 1,
    "Vespene": 1
  },
  "ScoreKillCostFactor": {
    "Minerals": 1,
    "Vespene": 1
  },
  "ScoreResult": "BuildOrder",
  "GlossaryCategory": "",
  "GlossaryAlias": "Aegis",
  "HotkeyCategory": "Unit/Category/KeironUnits",
  "ShieldArmorName": "Keiron Dispersion Shields",
  "Height": 3,
  "VisionHeight": 0,
  "Attributes": [
    "Armored",
    "Mechanical",
    "Massive",
    "Structure"
  ],
  "LifeArmor": 3,
  "EnergyStart": 50,
  "EnergyMax": 200,
  "EnergyRegenRate": 0.5625,
  "ShieldsStart": 3000,
  "ShieldsMax": 3000,
  "CostResource": {
    "Minerals": 400,
    "Vespene": 400
  },
  "SubgroupPriority": 35,
  "GlossaryPriority": 140,
  "TechAliasArray": [
    "Alias_Aegis"
  ],
  "Icon": "btn-unit-keiron-aegis",
  "LifeArmorIcon": "btn-upgrade-keiron-structurearmor",
  "ShieldArmorIcon": "btn-upgrade-keiron-shields-level0",
  "Id": "AegisShielded",
  "Weapons": [
    {
      "Link": "BulwarkBlast",
      "Id": "BulwarkBlast",
      "Icon": "btn-unit-keiron-aegis",
      "Name": "Bulwark Blast",
      "Amount": 40,
      "Kind": "Ranged",
      "TargetFilters": "",
      "Range": 10,
      "Period": 1
    }
  ],
  "Behaviors": [
    {
      "Link": "AegisShieldAura",
      "Id": "AegisShieldAura"
    }
  ],
  "Upgrades": [
    {
      "Link": "KeironShields",
      "Id": "KeironShields",
      "Name": "Keiron Shields"
    },
    {
      "Link": "KeironShieldsLevel1",
      "Id": "KeironShieldsLevel1",
      "Icon": "btn-upgrade-keiron-shields-level1",
      "Name": "Keiron Shields Level 1"
    },
    {
      "Link": "KeironShieldsLevel2",
      "Id": "KeironShieldsLevel2",
      "Icon": "btn-upgrade-keiron-shields-level2",
      "Name": "Keiron Shields Level 2"
    },
    {
      "Link": "KeironShieldsLevel3",
      "Id": "KeironShieldsLevel3",
      "Icon": "btn-upgrade-keiron-shields-level3",
      "Name": "Keiron Shields Level 3"
    }
  ],
  "Abilities": [
    {
      "Link": "stop",
      "Id": "stop",
      "Name": "Stop"
    },
    {
      "Link": "attack",
      "Id": "attack",
      "Name": "Attack"
    },
    {
      "Link": "AegisRelocate",
      "Id": "AegisRelocate",
      "Name": "Aegis Relocate"
    },
    {
      "Link": "AegisMorphToShielded",
      "Id": "AegisMorphToShielded",
      "Name": "Aegis - Morph To Shielded"
    },
    {
      "Link": "AegisMorphToNormal",
      "Id": "AegisMorphToNormal",
      "Name": "Aegis - Morph To Normal"
    }
  ],
  "Requirements": [],
  "Production": [],
  "Producers": [],
  "Commands": [
    {
      "Id": "Stop",
      "Icon": "btn-command-stop",
      "Tooltip": "Orders selected units to cancel all orders and stop moving.",
      "Name": "Stop",
      "AbilCmd": "stop,Stop"
    },
    {
      "Id": "Attack",
      "Icon": "btn-command-attack",
      "Tooltip": "Orders selected units to move to the target point, fighting nearby enemies along the way. Targeting a unit with the Attack command orders that it be attacked until it is destroyed.",
      "Name": "Attack",
      "AbilCmd": "attack,Execute"
    },
    {
      "Id": "Relocate",
      "Icon": "btn-ability-keiron-citadelcharge",
      "Tooltip": "Teleports the caster to the target <span style=\"color: #FFFF80\">Citadel</span>.",
      "Name": "Relocate",
      "AbilCmd": "AegisRelocate,Execute"
    },
    {
      "Id": "ActivateShield",
      "Icon": "btn-ability-keiron-aegisshield",
      "Tooltip": "Activates a shield, rendering all friendly units within it invulnerable to attack. Enemy units are unable to enter the shields area.",
      "Name": "Activate Shield",
      "AbilCmd": "AegisMorphToShielded,Execute"
    }
  ]
}