{
  "Name": "Aiur Temple Bridge",
  "DeathRevealFilters": "Visible;Player,Ally,Neutral,Missile,Dead,Hidden",
  "DeathRevealRadius": 3,
  "DeathRevealDuration": 4,
  "DeathRevealType": "Snapshot",
  "Race": "Terr",
  "DefaultAcquireLevel": "Offensive",
  "Response": "Acquire",
  "ResourceState": "Unknown",
  "ResourceType": "Unknown",
  "LifeStart": 10000,
  "LifeMax": 10000,
  "LifeArmorName": "None",
  "Mover": "Ground",
  "StationaryTurningRate": 720,
  "TurningRate": 720,
  "Radius": 3,
  "SeparationRadius": 3,
  "MinimapRadius": 0.375,
  "TacticalAIFilters": "-;Player,Ally,Neutral",
  "AIEvalFactor": 1,
  "Mass": 0.4,
  "FlagArray": [
    "IgnoreTerrainZInit"
  ],
  "PushPriority": 10,
  "LeaderAlias": "AiurTempleBridgeDestructibleNE8Out",
  "HotkeyAlias": "AiurTempleBridgeDestructibleNE8Out",
  "SelectAlias": "AiurTempleBridgeDestructibleNE8Out",
  "SubgroupAlias": "AiurTempleBridgeDestructibleNE8Out",
  "OccludeHeight": 0.75,
  "TacticalAI": "AiurTempleBridgeDestructibleNE8Out",
  "AIEvaluateAlias": "AiurTempleBridgeDestructibleNE8Out",
  "ReviveType": "AiurTempleBridgeDestructibleNE8Out",
  "PawnItemReduction": 1,
  "Fidget": {
    "DelayMax": 30,
    "DelayMin": 10,
    "DistanceMax": 4,
    "DistanceMin": 1,
    "TurnAngle": 90,
    "TurningRate": 90,
    "ChanceArray": {
      "Idle": 100
    }
  },
  "ReviveInfoBase": {
    "Charge": {
      "Link": "AiurTempleBridgeDestructibleNE8Out/Revive",
      "Location": "Unit"
    },
    "Cooldown": {
      "Link": "AiurTempleBridgeDestructibleNE8Out/Revive",
      "Location": "Unit"
    }
  },
  "InnerRadiusSafetyMultiplier": 1,
  "ArmorType": "Unknown",
  "FogVisibility": "Snapshot",
  "LifeArmor": 10,
  "SubgroupPriority": 1,
  "Facing": 225,
  "Height": 8,
  "Footprint": "TempleBridgeNEOut",
  "Icon": "btn-missing-kaeo",
  "ShieldArmorIcon": "btn-upgrade-protoss-shieldslevel0",
  "Id": "AiurTempleBridgeDestructibleNE8Out",
  "Upgrades": [],
  "Requirements": [],
  "Production": [],
  "Producers": [],
  "Commands": []
}