{
  "Name": "Analysis Terminal",
  "Description": "Contains weapon upgrades for Genetron light ground units, and armor upgrades for all Genetron ground units.<br/><br/><span style=\"color: #FFFF80\">Enables:</span><br/>- Repulsors from ACRs<br/>- Interdictors from ACRs",
  "DeathRevealFilters": "Visible;Player,Ally,Neutral,Missile,Dead,Hidden",
  "DeathRevealRadius": 3,
  "DeathRevealDuration": 4,
  "DeathRevealType": "Snapshot",
  "Race": "Gen",
  "DefaultAcquireLevel": "Offensive",
  "Response": "Acquire",
  "ResourceState": "Unknown",
  "ResourceType": "Unknown",
  "LifeStart": 1000,
  "LifeMax": 1000,
  "LifeArmorName": "Mechanical Structure Armor",
  "Mover": "Ground",
  "StationaryTurningRate": 720,
  "TurningRate": 720,
  "Radius": 1.25,
  "SeparationRadius": 0.5,
  "MinimapRadius": 1.5,
  "EditorCategories": {
    "ObjectType": "Structure",
    "ObjectFamily": "Melee"
  },
  "TacticalAIFilters": "-;Player,Ally,Neutral",
  "AIEvalFactor": 1,
  "Mass": 0.4,
  "FlagArray": [
    "Movable",
    "Unclickable",
    "Unhighlightable",
    "Untooltipable",
    "KillCredit",
    "ShowResources",
    "ClearRallyOnTargetLost",
    "PlayerRevivable",
    "CameraFollow",
    "PreventDestroy",
    "UseLineOfSight",
    "PreventDefeat",
    "PenaltyRevealed",
    "TownAlert",
    "NoPortraitTalk",
    "ArmorDisabledWhileConstructing"
  ],
  "EditorFlags": [
    "BlockStructures"
  ],
  "PushPriority": 10,
  "LeaderAlias": "AnalysisTerminal",
  "HotkeyAlias": "AnalysisTerminal",
  "SelectAlias": "AnalysisTerminal",
  "SubgroupAlias": "AnalysisTerminal",
  "OccludeHeight": 0.75,
  "TacticalAI": "AnalysisTerminal",
  "AIEvaluateAlias": "AnalysisTerminal",
  "ReviveType": "AnalysisTerminal",
  "PawnItemReduction": 1,
  "Fidget": {
    "DelayMax": 30,
    "DelayMin": 10,
    "DistanceMax": 4,
    "DistanceMin": 1,
    "TurnAngle": 90,
    "TurningRate": 90,
    "ChanceArray": {
      "Idle": 100
    }
  },
  "ReviveInfoBase": {
    "Charge": {
      "Link": "AnalysisTerminal/Revive",
      "Location": "Unit"
    },
    "Cooldown": {
      "Link": "AnalysisTerminal/Revive",
      "Location": "Unit"
    }
  },
  "InnerRadiusSafetyMultiplier": 1,
  "ArmorType": "Unknown",
  "Collide": [
    "Ground",
    "ForceField",
    "Burrow",
    "Structure",
    "RoachBurrow",
    "Small"
  ],
  "Attributes": [
    "Mechanical",
    "Armored",
    "Structure"
  ],
  "LifeArmor": 1,
  "ScoreResult": "BuildOrder",
  "GlossaryAlias": "",
  "PlaneArray": [
    "Ground"
  ],
  "Sight": 9,
  "AttackTargetPriority": 11,
  "GlossaryCategory": "",
  "HotkeyCategory": "Unit/Category/GenetronUnits",
  "ScoreMakeCostFactor": {
    "Minerals": 1,
    "Vespene": 1
  },
  "ScoreKillCostFactor": {
    "Minerals": 1,
    "Vespene": 1
  },
  "Facing": 45,
  "FogVisibility": "Snapshot",
  "CostCategory": "Technology",
  "CardLayouts": [
    {
      "LayoutButtons": [
        {
          "Face": "Cancel",
          "Type": "AbilCmd",
          "AbilCmd": "que5,CancelLast",
          "Row": 2,
          "Column": 4
        },
        {
          "Face": "CancelBuilding",
          "Type": "AbilCmd",
          "AbilCmd": "BuildInProgress,Cancel",
          "Row": 2,
          "Column": 4
        },
        {
          "Face": "UpgradeLightWeapons",
          "Type": "AbilCmd",
          "AbilCmd": "AnalysisTerminalResearch,Research4",
          "Row": 0,
          "Column": 0
        },
        {
          "Face": "UpgradeLightWeaponsLevel2",
          "Type": "AbilCmd",
          "AbilCmd": "AnalysisTerminalResearch,Research5",
          "Row": 0,
          "Column": 0
        },
        {
          "Face": "UpgradeLightWeaponsLevel3",
          "Type": "AbilCmd",
          "AbilCmd": "AnalysisTerminalResearch,Research6",
          "Row": 0,
          "Column": 0
        },
        {
          "Face": "UpgradeGroundPlating",
          "Type": "AbilCmd",
          "AbilCmd": "AnalysisTerminalResearch,Research1",
          "Row": 0,
          "Column": 1
        },
        {
          "Face": "UpgradeGroundPlatingLevel2",
          "Type": "AbilCmd",
          "AbilCmd": "AnalysisTerminalResearch,Research2",
          "Row": 0,
          "Column": 1
        },
        {
          "Face": "UpgradeGroundPlatingLevel3",
          "Type": "AbilCmd",
          "AbilCmd": "AnalysisTerminalResearch,Research3",
          "Row": 0,
          "Column": 1
        }
      ]
    }
  ],
  "Footprint": "Footprint3x3Contour",
  "PlacementFootprint": "Footprint3x3Contour",
  "CostResource": {
    "Minerals": 150
  },
  "RepairTime": 80,
  "SubgroupPriority": 3,
  "GlossaryPriority": 4,
  "Icon": "btn-building-genetron-analysisterminal",
  "LifeArmorIcon": "btn-upgrade-genetron-mechstructurearmor",
  "ShieldArmorIcon": "btn-upgrade-protoss-shieldslevel0",
  "Id": "AnalysisTerminal",
  "Behaviors": [
    {
      "Link": "LockdownMode",
      "Id": "LockdownMode",
      "Tooltip": "Under lockdown due to severe damage. Takes reduced damage, and cannot fully function. Must be repaired in order to resume a regular state.",
      "Name": "Lockdown Mode"
    }
  ],
  "Upgrades": [],
  "Abilities": [
    {
      "Link": "BuildInProgress",
      "Id": "BuildInProgress",
      "Name": "Build in Progress"
    },
    {
      "Link": "que5",
      "Id": "que5",
      "Name": "Queue (5)"
    },
    {
      "Link": "AnalysisTerminalResearch",
      "Id": "AnalysisTerminalResearch",
      "Name": "Analysis Terminal - Research"
    }
  ],
  "Requirements": [
    {
      "Id": "Node",
      "Icon": "btn-building-genetron-node",
      "Description": "Provides supply and energy.",
      "Name": "Node"
    }
  ],
  "Production": [
    {
      "Id": "GenetronLightWeaponsLevel1",
      "Icon": "btn-upgrade-genetron-lightmechweapons-level1",
      "Name": "Genetron Light Weapons Level 1"
    },
    {
      "Id": "GenetronLightWeaponsLevel2",
      "Icon": "btn-upgrade-genetron-lightmechweapons-level2",
      "Name": "Genetron Light Weapons Level 2"
    },
    {
      "Id": "GenetronLightWeaponsLevel3",
      "Icon": "btn-upgrade-genetron-lightmechweapons-level3",
      "Name": "Genetron Light Weapons Level 3"
    },
    {
      "Id": "GenetronGroundPlatingLevel1",
      "Icon": "btn-upgrade-genetron-groundmechplating-level1",
      "Name": "Genetron Ground Plating Level 1"
    },
    {
      "Id": "GenetronGroundPlatingLevel2",
      "Icon": "btn-upgrade-genetron-groundmechplating-level2",
      "Name": "Genetron Ground Plating Level 2"
    },
    {
      "Id": "GenetronGroundPlatingLevel3",
      "Icon": "btn-upgrade-genetron-groundmechplating-level3",
      "Name": "Genetron Ground Plating Level 3"
    }
  ],
  "Producers": [
    {
      "Id": "ACR",
      "Icon": "btn-unit-genetron-acr",
      "Description": "Basic worker unit. Can gather resources, build Genetron structures, and repair.<br/><br/><c val=\"#ColorAttackInfo\">Can attack ground units.</span>",
      "Name": "ACR"
    }
  ],
  "Commands": [
    {
      "Id": "Cancel",
      "Icon": "btn-command-cancel",
      "Tooltip": "Drops the current order without performing it, and allows you to select a different order.",
      "Name": "Cancel",
      "AbilCmd": "que5,CancelLast"
    },
    {
      "Id": "CancelBuilding",
      "Icon": "btn-command-cancel",
      "Tooltip": "Cancels construction of this structure, destroying the structure and giving a partial refund.",
      "Name": "Cancel",
      "AbilCmd": "BuildInProgress,Cancel"
    },
    {
      "Id": "UpgradeLightWeapons",
      "Icon": "btn-upgrade-genetron-lightmechweapons-level1",
      "Tooltip": "Upgrades the damage of units produced from the <span style=\"color: #FFFF80\">Manufacturer</span>.",
      "Name": "Upgrade Light Weapons Level 1",
      "AbilCmd": "AnalysisTerminalResearch,Research4"
    },
    {
      "Id": "UpgradeLightWeaponsLevel2",
      "Icon": "btn-upgrade-genetron-lightmechweapons-level2",
      "Tooltip": "Further upgrades the damage of units produced from the <span style=\"color: #FFFF80\">Manufacturer</span>.",
      "Name": "Upgrade Light Weapons Level 2",
      "AbilCmd": "AnalysisTerminalResearch,Research5"
    },
    {
      "Id": "UpgradeLightWeaponsLevel3",
      "Icon": "btn-upgrade-genetron-lightmechweapons-level3",
      "Tooltip": "Maximizes the damage of units produced from the <span style=\"color: #FFFF80\">Manufacturer</span>.",
      "Name": "Upgrade Light Weapons Level 3",
      "AbilCmd": "AnalysisTerminalResearch,Research6"
    },
    {
      "Id": "UpgradeGroundPlating",
      "Icon": "btn-upgrade-genetron-groundmechplating-level1",
      "Tooltip": "Upgrades the armor of all Genetron ground units.",
      "Name": "Upgrade Ground Plating Level 1",
      "AbilCmd": "AnalysisTerminalResearch,Research1"
    },
    {
      "Id": "UpgradeGroundPlatingLevel2",
      "Icon": "btn-upgrade-genetron-groundmechplating-level2",
      "Tooltip": "Further upgrades the armor of all Genetron ground units.",
      "Name": "Upgrade Ground Plating Level 2",
      "AbilCmd": "AnalysisTerminalResearch,Research2"
    },
    {
      "Id": "UpgradeGroundPlatingLevel3",
      "Icon": "btn-upgrade-genetron-groundmechplating-level3",
      "Tooltip": "Maximizes the armor of all Genetron ground units.",
      "Name": "Upgrade Ground Plating Level 3",
      "AbilCmd": "AnalysisTerminalResearch,Research3"
    }
  ]
}