{
  "Name": "Arbiter",
  "DeathRevealFilters": "Visible;Player,Ally,Neutral,Missile,Dead,Hidden",
  "DeathRevealRadius": 3,
  "DeathRevealDuration": 4,
  "DeathRevealType": "Snapshot",
  "Race": "Prot",
  "DefaultAcquireLevel": "Offensive",
  "Response": "Acquire",
  "ResourceState": "Unknown",
  "ResourceType": "Unknown",
  "LifeStart": 200,
  "LifeMax": 200,
  "LifeArmorName": "Protoss Plating",
  "Mover": "Fly",
  "StationaryTurningRate": 539.4726,
  "TurningRate": 539.4726,
  "Radius": 1,
  "SeparationRadius": 1,
  "MinimapRadius": 0.75,
  "EditorCategories": {
    "ObjectType": "Unit",
    "ObjectFamily": "Campaign"
  },
  "TacticalAIFilters": "-;Player,Ally,Neutral",
  "AIEvalFactor": 1,
  "Mass": 0.4,
  "FlagArray": [
    "UseLineOfSight",
    "ArmySelect"
  ],
  "PushPriority": 10,
  "LeaderAlias": "ArbiterMP",
  "HotkeyAlias": "ArbiterMP",
  "SelectAlias": "ArbiterMP",
  "SubgroupAlias": "ArbiterMP",
  "OccludeHeight": 0.75,
  "TacticalAI": "ArbiterMP",
  "AIEvaluateAlias": "ArbiterMP",
  "ReviveType": "ArbiterMP",
  "PawnItemReduction": 1,
  "Fidget": {
    "DelayMax": 30,
    "DelayMin": 10,
    "DistanceMax": 4,
    "DistanceMin": 1,
    "TurnAngle": 90,
    "TurningRate": 90,
    "ChanceArray": {
      "Idle": 100
    }
  },
  "ReviveInfoBase": {
    "Charge": {
      "Link": "ArbiterMP/Revive",
      "Location": "Unit"
    },
    "Cooldown": {
      "Link": "ArbiterMP/Revive",
      "Location": "Unit"
    }
  },
  "InnerRadiusSafetyMultiplier": 1,
  "ArmorType": "Unknown",
  "PlaneArray": [
    "Air"
  ],
  "Collide": [
    "Flying"
  ],
  "Attributes": [
    "Armored",
    "Mechanical"
  ],
  "EnergyStart": 50,
  "EnergyMax": 200,
  "EnergyRegenRate": 0.5625,
  "ShieldsStart": 150,
  "ShieldsMax": 150,
  "ShieldRegenDelay": 10,
  "ShieldRegenRate": 2,
  "ShieldArmorName": "Protoss Plasma Shields",
  "Speed": 2.25,
  "Acceleration": 1.875,
  "Sight": 9,
  "Height": 3.75,
  "VisionHeight": 4,
  "Food": -4,
  "CostCategory": "Army",
  "CostResource": {
    "Minerals": 100,
    "Vespene": 350
  },
  "AttackTargetPriority": 20,
  "DamageDealtXP": 1,
  "DamageTakenXP": 1,
  "KillXP": 350,
  "CardLayouts": [
    {
      "LayoutButtons": [
        {
          "Face": "Move",
          "Type": "AbilCmd",
          "AbilCmd": "move,Move",
          "Row": 0,
          "Column": 0
        },
        {
          "Face": "Stop",
          "Type": "AbilCmd",
          "AbilCmd": "stop,Stop",
          "Row": 0,
          "Column": 1
        },
        {
          "Face": "MoveHoldPosition",
          "Type": "AbilCmd",
          "AbilCmd": "move,HoldPos",
          "Row": 0,
          "Column": 2
        },
        {
          "Face": "Attack",
          "Type": "AbilCmd",
          "AbilCmd": "attack,Execute",
          "Row": 0,
          "Column": 4
        },
        {
          "Face": "MovePatrol",
          "Type": "AbilCmd",
          "AbilCmd": "move,Patrol",
          "Row": 0,
          "Column": 3
        },
        {
          "Face": "ArbiterMPStasisField",
          "Type": "AbilCmd",
          "AbilCmd": "ArbiterMPStasisField,Execute",
          "Row": 2,
          "Column": 0
        },
        {
          "Face": "ArbiterMPRecall",
          "Type": "AbilCmd",
          "AbilCmd": "ArbiterMPRecall,Execute",
          "Row": 2,
          "Column": 1
        }
      ]
    }
  ],
  "SubgroupPriority": 19,
  "GlossaryStrongArray": [
    "SiegeTank",
    "Carrier",
    "BroodLord"
  ],
  "GlossaryWeakArray": [
    "Battlecruiser",
    "VikingFighter",
    "Corruptor"
  ],
  "Icon": "btn-unit-protoss-arbiter",
  "LifeArmorIcon": "btn-upgrade-protoss-airarmorlevel0",
  "ShieldArmorIcon": "btn-upgrade-protoss-shieldslevel0",
  "Id": "ArbiterMP",
  "Weapons": [
    {
      "Link": "ArbiterMPWeapon",
      "Id": "ArbiterMPWeapon",
      "Icon": "btn-upgrade-protoss-airweaponslevel0",
      "Name": "Arbiter MPWeapon",
      "Amount": {
        "value": 10
      },
      "Kind": "Ranged",
      "TargetFilters": "",
      "Range": 5,
      "Period": 1.5
    }
  ],
  "Behaviors": [
    {
      "Link": "ArbiterMPCloakField",
      "Id": "ArbiterMPCloakField"
    }
  ],
  "Upgrades": [],
  "Abilities": [
    {
      "Link": "stop",
      "Id": "stop",
      "Name": "Stop"
    },
    {
      "Link": "attack",
      "Id": "attack",
      "Name": "Attack"
    },
    {
      "Link": "move",
      "Id": "move",
      "Name": "Move"
    },
    {
      "Link": "Warpable",
      "Id": "Warpable",
      "Name": "Warpable"
    },
    {
      "Link": "ArbiterMPRecall",
      "Id": "ArbiterMPRecall",
      "Name": "Recall"
    },
    {
      "Link": "ArbiterMPStasisField",
      "Id": "ArbiterMPStasisField",
      "Name": "ArbiterMP Stasis Field"
    }
  ],
  "Requirements": [],
  "Production": [],
  "Producers": [],
  "Commands": [
    {
      "Id": "Move",
      "Icon": "btn-command-move",
      "Tooltip": "Orders selected units to move to the target area or follow the target unit. Moving units will not engage enemies.",
      "Name": "Move",
      "AbilCmd": "move,Move"
    },
    {
      "Id": "Stop",
      "Icon": "btn-command-stop",
      "Tooltip": "Orders selected units to cancel all orders and stop moving.",
      "Name": "Stop",
      "AbilCmd": "stop,Stop"
    },
    {
      "Id": "MoveHoldPosition",
      "Icon": "btn-command-holdposition",
      "Tooltip": "Orders selected units to stay where they are and attack enemies that are within range. Units will neither chase down enemies nor move to engage.",
      "Name": "Hold Position",
      "AbilCmd": "move,HoldPos"
    },
    {
      "Id": "Attack",
      "Icon": "btn-command-attack",
      "Tooltip": "Orders selected units to move to the target point, fighting nearby enemies along the way. Targeting a unit with the Attack command orders that it be attacked until it is destroyed.",
      "Name": "Attack",
      "AbilCmd": "attack,Execute"
    },
    {
      "Id": "MovePatrol",
      "Icon": "btn-command-patrol",
      "Tooltip": "Orders selected units to patrol between their current position and the target area. Units will attack enemies and move to engage nearby enemies.",
      "Name": "Patrol",
      "AbilCmd": "move,Patrol"
    },
    {
      "Id": "ArbiterMPStasisField",
      "Icon": "btn-ability-protoss-forcefield-color",
      "Tooltip": "Puts enemies in target area into stasis. Units in Stasis cannot move, attack, or be attacked or be affected by spells for <b>60</b> seconds.",
      "Name": "Stasis Field",
      "AbilCmd": "ArbiterMPStasisField,Execute"
    },
    {
      "Id": "ArbiterMPRecall",
      "Icon": "btn-ability-protoss-massrecall",
      "Tooltip": "Teleports all friendly units in the target area to the location of the Arbiter.",
      "Name": "Recall",
      "AbilCmd": "ArbiterMPRecall,Execute"
    }
  ]
}