{
  "Name": "Arkwyrm",
  "Description": "Flying transport. Can load and unload units. Ranged unload.<br/><br/><span style=\"color: #00FF00\">Ascend:<br/>+75 Life<br/>+1 Armor<br/>+0.7 Speed</span>",
  "DeathRevealFilters": "Visible;Player,Ally,Neutral,Missile,Dead,Hidden",
  "DeathRevealRadius": 3,
  "DeathRevealDuration": 4,
  "DeathRevealType": "Snapshot",
  "Race": "Dragon",
  "DefaultAcquireLevel": "Offensive",
  "Response": "Acquire",
  "ResourceState": "Unknown",
  "ResourceType": "Unknown",
  "LifeStart": 225,
  "LifeMax": 225,
  "Mover": "Fly",
  "StationaryTurningRate": 720,
  "TurningRate": 720,
  "Radius": 1,
  "SeparationRadius": 1,
  "MinimapRadius": 1,
  "EditorCategories": {
    "ObjectType": "Unit",
    "ObjectFamily": "Melee"
  },
  "TacticalAIFilters": "-;Player,Ally,Neutral",
  "AIEvalFactor": 1,
  "Mass": 0.4,
  "FlagArray": [
    "Turnable",
    "Movable",
    "Unclickable",
    "Unhighlightable",
    "Untooltipable",
    "KillCredit",
    "ShowResources",
    "ClearRallyOnTargetLost",
    "PlayerRevivable",
    "CameraFollow",
    "PreventDestroy",
    "ArmySelect"
  ],
  "EditorFlags": [
    "BlockStructures"
  ],
  "PushPriority": 10,
  "LeaderAlias": "Arkwyrm",
  "HotkeyAlias": "Arkwyrm",
  "SelectAlias": "Arkwyrm",
  "SubgroupAlias": "Arkwyrm",
  "OccludeHeight": 0.75,
  "TacticalAI": "Arkwyrm",
  "AIEvaluateAlias": "WarpPrism",
  "ReviveType": "Arkwyrm",
  "PawnItemReduction": 1,
  "Fidget": {
    "DelayMax": 30,
    "DelayMin": 10,
    "DistanceMax": 4,
    "DistanceMin": 1,
    "TurnAngle": 90,
    "TurningRate": 90,
    "ChanceArray": {
      "Idle": 33,
      "Anim": 33,
      "Turn": 33
    }
  },
  "ReviveInfoBase": {
    "Charge": {
      "Link": "Arkwyrm/Revive",
      "Location": "Unit"
    },
    "Cooldown": {
      "Link": "Arkwyrm/Revive",
      "Location": "Unit"
    }
  },
  "InnerRadiusSafetyMultiplier": 1,
  "ArmorType": "Unknown",
  "PlaneArray": [
    "Air"
  ],
  "Attributes": [
    "Biological",
    "Armored"
  ],
  "DamageDealtXP": 1,
  "DamageTakenXP": 1,
  "ScoreResult": "BuildOrder",
  "Mob": "Multiplayer",
  "Acceleration": 1000,
  "CostCategory": "Army",
  "AttackTargetPriority": 20,
  "CardLayouts": [
    {
      "LayoutButtons": [
        {
          "Face": "Move",
          "Type": "AbilCmd",
          "AbilCmd": "move,Move",
          "Row": 0,
          "Column": 0
        },
        {
          "Face": "Stop",
          "Type": "AbilCmd",
          "AbilCmd": "stop,Stop",
          "Row": 0,
          "Column": 1
        },
        {
          "Face": "MoveHoldPosition",
          "Type": "AbilCmd",
          "AbilCmd": "move,HoldPos",
          "Row": 0,
          "Column": 2
        },
        {
          "Face": "MovePatrol",
          "Type": "AbilCmd",
          "AbilCmd": "move,Patrol",
          "Row": 0,
          "Column": 3
        },
        {
          "Face": "Attack",
          "Type": "AbilCmd",
          "AbilCmd": "attack,Execute",
          "Row": 0,
          "Column": 4
        },
        {
          "Face": "AscendedArkwyrm",
          "Type": "AbilCmd",
          "Row": 1,
          "Column": 4,
          "AbilCmd": "AscendedArkwyrm,Execute"
        },
        {
          "Face": "AscendedArkwyrm",
          "Type": "Passive",
          "Requirements": "Ascended",
          "ShowInGlossary": 0,
          "Row": 1,
          "Column": 4
        },
        {
          "Face": "DragonFission",
          "Type": "AbilCmd",
          "Row": 1,
          "Column": 3,
          "AbilCmd": "AscendedArkwyrmFission,Execute"
        },
        {
          "Face": "DragonFission",
          "Type": "AbilCmd",
          "Row": 1,
          "Column": 3,
          "AbilCmd": "ArkwyrmFission,Execute"
        },
        {
          "Face": "DragonFission",
          "Type": "AbilCmd",
          "AbilCmd": "DragonFissionDisabled,Execute",
          "Row": 1,
          "Column": 3
        },
        {
          "Face": "AcquireMove",
          "AbilCmd": "move,AcquireMove",
          "Row": 0,
          "Column": 0
        },
        {
          "Face": "AcquireMove",
          "Type": "AbilCmd",
          "AbilCmd": "move,AcquireMove",
          "Row": 0,
          "Column": 4
        },
        {
          "Face": "ArcwyrmLoad",
          "Type": "AbilCmd",
          "AbilCmd": "ArkwyrmTransport,Load",
          "Row": 2,
          "Column": 0
        },
        {
          "Face": "ArkwyrmUnloadAll",
          "Type": "AbilCmd",
          "AbilCmd": "ArkwyrmUnload,Execute",
          "Row": 2,
          "Column": 1
        }
      ]
    }
  ],
  "GlossaryCategory": "Unit/Category/DragonUnits",
  "HotkeyCategory": "Unit/Category/DragonUnits",
  "Collide": [
    "Flying"
  ],
  "KillDisplay": "Always",
  "RankDisplay": "Always",
  "LifeArmor": 2,
  "Speed": 2.5,
  "Sight": 11,
  "Height": 3,
  "Food": -2,
  "CostResource": {
    "Minerals": 150
  },
  "KillXP": 15,
  "ScoreMake": 100,
  "ScoreKill": 100,
  "SubgroupPriority": 18,
  "GlossaryPriority": 43,
  "Icon": "btn-unit-zerg-leviathan",
  "LifeArmorIcon": "btn-upgrade-zerg-groundcarapace-level0",
  "ShieldArmorIcon": "btn-upgrade-protoss-shieldslevel0",
  "Id": "Arkwyrm",
  "Behaviors": [
    {
      "Link": "DragonLineageLesser",
      "Id": "DragonLineageLesser",
      "Name": "Dragon Lineage"
    }
  ],
  "Upgrades": [
    {
      "Link": "DragonPlateArmors",
      "Id": "DragonPlateArmors",
      "Name": "Dragon Plate Armors"
    },
    {
      "Link": "DragonPlateArmorLevel1",
      "Id": "DragonPlateArmorLevel1",
      "Icon": "btn-upgrade-zerg-groundcarapace-level1",
      "Name": "Dragon Plate Armor Level 1"
    },
    {
      "Link": "DragonPlateArmorLevel2",
      "Id": "DragonPlateArmorLevel2",
      "Icon": "btn-upgrade-zerg-groundcarapace-level2",
      "Name": "Dragon Plate Armor Level 2"
    },
    {
      "Link": "DragonPlateArmorLevel3",
      "Id": "DragonPlateArmorLevel3",
      "Icon": "btn-upgrade-zerg-groundcarapace-level3",
      "Name": "Dragon Plate Armor Level 3"
    }
  ],
  "Abilities": [
    {
      "Link": "stop",
      "Id": "stop",
      "Name": "Stop"
    },
    {
      "Link": "move",
      "Id": "move",
      "Name": "Move"
    },
    {
      "Link": "ArkwyrmTransport",
      "Id": "ArkwyrmTransport",
      "Name": "Arkwyrm - Transport"
    },
    {
      "Link": "AscendedArkwyrm",
      "Id": "AscendedArkwyrm",
      "Name": "Ascended Arkwyrm"
    },
    {
      "Link": "AscendedArkwyrmFission",
      "Id": "AscendedArkwyrmFission",
      "Name": "Fission"
    },
    {
      "Link": "ArkwyrmFission",
      "Id": "ArkwyrmFission",
      "Name": "Fission"
    },
    {
      "Link": "DragonFissionDisabled",
      "Id": "DragonFissionDisabled",
      "Name": "Fission"
    },
    {
      "Link": "DragonTrain",
      "Id": "DragonTrain",
      "Name": "Dragon - Train"
    },
    {
      "Link": "ArkwyrmUnload",
      "Id": "ArkwyrmUnload",
      "Name": "Arkwyrm - Unload"
    }
  ],
  "Requirements": [],
  "Production": [],
  "Producers": [
    {
      "Id": "GenesisPitTowering",
      "Icon": "wireframe-zerg-broodlingnest",
      "Description": "Spawns flying Dragon units. Inherits Augmentation Pit status from its parent.<br/><br/><span style=\"color: #ffff8a\">Enables:</span><br/>- Fleshreders<br/>- Aurora Conduits<br/>- Arkwyrms",
      "Name": "Genesis Pit"
    },
    {
      "Id": "ToweringDeepOne",
      "Icon": "btn-unit-zerg-nydusdestroyer",
      "Description": "Spawns flying Dragon units.<br/><br/><span style=\"color: #ffff8a\">Enables:</span><br/>- Fleshrenders<br/>- Aurora Conduits<br/>- Arkwyrms",
      "Name": "Towering Deep One"
    },
    {
      "Id": "ToweringDeepOneNoFootprint",
      "Icon": "btn-unit-zerg-nydusdestroyer",
      "Description": "Spawns flying Dragon units.<br/><br/><span style=\"color: #ffff8a\">Enables:</span><br/>- Fleshrenders<br/>- Aurora Conduits<br/>- Arkwyrms",
      "Name": "Towering Deep One"
    }
  ],
  "Commands": [
    {
      "Id": "Move",
      "Icon": "btn-command-move",
      "Tooltip": "Orders selected units to move to the target area or follow the target unit. Moving units will not engage enemies.",
      "Name": "Move",
      "AbilCmd": "move,Move"
    },
    {
      "Id": "Stop",
      "Icon": "btn-command-stop",
      "Tooltip": "Orders selected units to cancel all orders and stop moving.",
      "Name": "Stop",
      "AbilCmd": "stop,Stop"
    },
    {
      "Id": "MoveHoldPosition",
      "Icon": "btn-command-holdposition",
      "Tooltip": "Orders selected units to stay where they are and attack enemies that are within range. Units will neither chase down enemies nor move to engage.",
      "Name": "Hold Position",
      "AbilCmd": "move,HoldPos"
    },
    {
      "Id": "MovePatrol",
      "Icon": "btn-command-patrol",
      "Tooltip": "Orders selected units to patrol between their current position and the target area. Units will attack enemies and move to engage nearby enemies.",
      "Name": "Patrol",
      "AbilCmd": "move,Patrol"
    },
    {
      "Id": "Attack",
      "Icon": "btn-command-attack",
      "Tooltip": "Orders selected units to move to the target point, fighting nearby enemies along the way. Targeting a unit with the Attack command orders that it be attacked until it is destroyed.",
      "Name": "Attack",
      "AbilCmd": "attack,Execute"
    },
    {
      "Id": "AscendedArkwyrm",
      "Icon": "btn-ability-zerg-dehakaspawn",
      "Tooltip": "<span style=\"color: #00FF00\">+75 Life<br/>+1 Armor<br/>+0.7 Speed</span>",
      "Name": "Ascend",
      "AbilCmd": "AscendedArkwyrm,Execute"
    },
    {
      "Id": "DragonFission",
      "Icon": "btn-ability-zerg-disguise",
      "Tooltip": "Splits into two identical clones that start with 40% life and damage. These clones have 2 regeneration and when they reach full life their damage is restored to 100%.",
      "Name": "Fission",
      "AbilCmd": "AscendedArkwyrmFission,Execute"
    },
    {
      "Id": "DragonFission",
      "Icon": "btn-ability-zerg-disguise",
      "Tooltip": "Splits into two identical clones that start with 40% life and damage. These clones have 2 regeneration and when they reach full life their damage is restored to 100%.",
      "Name": "Fission",
      "AbilCmd": "ArkwyrmFission,Execute"
    },
    {
      "Id": "DragonFission",
      "Icon": "btn-ability-zerg-disguise",
      "Tooltip": "Splits into two identical clones that start with 40% life and damage. These clones have 2 regeneration and when they reach full life their damage is restored to 100%.",
      "Name": "Fission",
      "AbilCmd": "DragonFissionDisabled,Execute"
    },
    {
      "Id": "AcquireMove",
      "Icon": "btn-command-attack",
      "Tooltip": "Orders selected units to move to the target area or follow the target unit. Scan-moving units will not engage enemies.",
      "Name": "Scan Move",
      "AbilCmd": "move,AcquireMove"
    },
    {
      "Id": "AcquireMove",
      "Icon": "btn-command-attack",
      "Tooltip": "Orders selected units to move to the target area or follow the target unit. Scan-moving units will not engage enemies.",
      "Name": "Scan Move",
      "AbilCmd": "move,AcquireMove"
    },
    {
      "Id": "ArcwyrmLoad",
      "Icon": "btn-ability-terran-load",
      "Tooltip": "Loads units into the Arkwyrm's gizzard.",
      "Name": "Load",
      "AbilCmd": "ArkwyrmTransport,Load"
    },
    {
      "Id": "ArkwyrmUnloadAll",
      "Icon": "btn-ability-terran-unloadall",
      "Tooltip": "Unloads all units at the target point.",
      "Name": "Unload All",
      "AbilCmd": "ArkwyrmUnload,Execute"
    }
  ]
}