{
  "Name": "Armory",
  "Description": "Contains weapon and armor upgrades for Factory and Starport units. <br/><br/><span style=\"color: #ffff8a\">Enables:</span><br/>- Hellbat at the Factory<br/>- Thor at the Factory",
  "DeathRevealFilters": "Visible;Player,Ally,Neutral,Missile,Dead,Hidden",
  "DeathRevealRadius": 3,
  "DeathRevealDuration": 4,
  "DeathRevealType": "Snapshot",
  "Race": "Terr",
  "DefaultAcquireLevel": "Offensive",
  "Response": "Acquire",
  "ResourceState": "Unknown",
  "ResourceType": "Unknown",
  "LifeStart": 750,
  "LifeMax": 750,
  "LifeArmorName": "Terran Building Plating",
  "Mover": "Ground",
  "StationaryTurningRate": 719.4726,
  "TurningRate": 719.4726,
  "Radius": 1.25,
  "SeparationRadius": 1.25,
  "MinimapRadius": 1.75,
  "EditorCategories": {
    "ObjectType": "Structure",
    "ObjectFamily": "Melee"
  },
  "TacticalAIFilters": "-;Player,Ally,Neutral",
  "AIEvalFactor": 1,
  "Mass": 0.4,
  "FlagArray": [
    "Movable",
    "Unclickable",
    "Unhighlightable",
    "Untooltipable",
    "KillCredit",
    "ShowResources",
    "ClearRallyOnTargetLost",
    "PlayerRevivable",
    "CameraFollow",
    "PreventDefeat",
    "PreventDestroy",
    "PenaltyRevealed",
    "UseLineOfSight",
    "TownAlert",
    "NoPortraitTalk",
    "ArmorDisabledWhileConstructing"
  ],
  "EditorFlags": [
    "BlockStructures"
  ],
  "PushPriority": 10,
  "LeaderAlias": "Armory",
  "HotkeyAlias": "Armory",
  "SelectAlias": "Armory",
  "SubgroupAlias": "Armory",
  "OccludeHeight": 0.75,
  "TacticalAI": "Armory",
  "AIEvaluateAlias": "Armory",
  "ReviveType": "Armory",
  "PawnItemReduction": 1,
  "Fidget": {
    "DelayMax": 30,
    "DelayMin": 10,
    "DistanceMax": 4,
    "DistanceMin": 1,
    "TurnAngle": 90,
    "TurningRate": 90,
    "ChanceArray": {
      "Idle": 100
    }
  },
  "ReviveInfoBase": {
    "Charge": {
      "Link": "Armory/Revive",
      "Location": "Unit"
    },
    "Cooldown": {
      "Link": "Armory/Revive",
      "Location": "Unit"
    }
  },
  "InnerRadiusSafetyMultiplier": 1,
  "ArmorType": "Unknown",
  "Mob": "Multiplayer",
  "FogVisibility": "Snapshot",
  "LifeArmor": 1,
  "CostCategory": "Technology",
  "CostResource": {
    "Minerals": 150,
    "Vespene": 100
  },
  "RepairTime": 65,
  "AttackTargetPriority": 11,
  "Footprint": "Footprint3x3Contour",
  "PlacementFootprint": "Footprint3x3",
  "ScoreMake": 250,
  "ScoreKill": 250,
  "ScoreResult": "BuildOrder",
  "SubgroupPriority": 16,
  "Attributes": [
    "Armored",
    "Mechanical",
    "Structure"
  ],
  "PlaneArray": [
    "Ground"
  ],
  "Collide": [
    "Burrow",
    "Ground",
    "Structure",
    "RoachBurrow",
    "ForceField",
    "Small",
    "Locust",
    "Phased"
  ],
  "Sight": 9,
  "CardLayouts": [
    {
      "LayoutButtons": [
        {
          "Face": "TerranVehicleWeaponsLevel1",
          "Type": "AbilCmd",
          "AbilCmd": "ArmoryResearch,Research6",
          "Row": 0,
          "Column": 0
        },
        {
          "Face": "TerranVehicleWeaponsLevel2",
          "Type": "AbilCmd",
          "AbilCmd": "ArmoryResearch,Research7",
          "Row": 0,
          "Column": 0
        },
        {
          "Face": "TerranVehicleWeaponsLevel3",
          "Type": "AbilCmd",
          "AbilCmd": "ArmoryResearch,Research8",
          "Row": 0,
          "Column": 0
        },
        {
          "Face": "Cancel",
          "Type": "AbilCmd",
          "AbilCmd": "que5,CancelLast",
          "Row": 2,
          "Column": 4
        },
        {
          "Face": "CancelBuilding",
          "Type": "AbilCmd",
          "AbilCmd": "BuildInProgress,Cancel",
          "Row": 2,
          "Column": 4
        },
        {
          "Face": "Halt",
          "Type": "AbilCmd",
          "AbilCmd": "BuildInProgress,Halt",
          "Row": 2,
          "Column": 3
        },
        {
          "Face": "TerranShipWeaponsLevel1",
          "Type": "AbilCmd",
          "AbilCmd": "ArmoryResearch,Research12",
          "Row": 1,
          "Column": 0
        },
        {
          "Face": "TerranShipWeaponsLevel2",
          "Type": "AbilCmd",
          "AbilCmd": "ArmoryResearch,Research13",
          "Row": 1,
          "Column": 0
        },
        {
          "Face": "TerranShipWeaponsLevel3",
          "Type": "AbilCmd",
          "AbilCmd": "ArmoryResearch,Research14",
          "Row": 1,
          "Column": 0
        },
        {
          "Face": "SelectBuilder",
          "Type": "SelectBuilder",
          "AbilCmd": "",
          "Row": 1,
          "Column": 3
        },
        {
          "Face": "TerranVehicleAndShipPlatingLevel1",
          "Type": "AbilCmd",
          "AbilCmd": "ArmoryResearch,Research15",
          "Row": 0,
          "Column": 1
        },
        {
          "Face": "TerranVehicleAndShipPlatingLevel2",
          "Type": "AbilCmd",
          "AbilCmd": "ArmoryResearch,Research16",
          "Row": 0,
          "Column": 1
        },
        {
          "Face": "TerranVehicleAndShipPlatingLevel3",
          "Type": "AbilCmd",
          "AbilCmd": "ArmoryResearch,Research17",
          "Row": 0,
          "Column": 1
        },
        {
          "Face": "TerranShipPlatingLevel3",
          "Type": "AbilCmd",
          "AbilCmd": "ArmoryResearch,Research11",
          "Row": 1,
          "Column": 1
        }
      ]
    }
  ],
  "GlossaryPriority": 326,
  "HotkeyCategory": "Unit/Category/TerranUnits",
  "TechTreeUnlockedUnitArray": [
    "Thor",
    "HellionTank"
  ],
  "Icon": "btn-building-terran-armory",
  "LifeArmorIcon": "btn-upgrade-terran-buildingarmor",
  "ShieldArmorIcon": "btn-upgrade-protoss-shieldslevel0",
  "Id": "Armory",
  "Behaviors": [
    {
      "Link": "TerranBuildingBurnDown",
      "Id": "TerranBuildingBurnDown"
    }
  ],
  "Upgrades": [
    {
      "Link": "TerranBuildingArmor",
      "Id": "TerranBuildingArmor",
      "Icon": "btn-upgrade-terran-buildingarmor",
      "Name": "Neosteel Armor"
    }
  ],
  "Abilities": [
    {
      "Link": "BuildInProgress",
      "Id": "BuildInProgress",
      "Name": "Build in Progress"
    },
    {
      "Link": "que5",
      "Id": "que5",
      "Name": "Queue (5)"
    },
    {
      "Link": "ArmoryResearch",
      "Id": "ArmoryResearch",
      "Name": "Research (Armory)"
    }
  ],
  "Requirements": [],
  "Production": [
    {
      "Id": "TerranVehicleWeaponsLevel1",
      "Icon": "btn-upgrade-terran-vehicleweaponslevel1",
      "Name": "Terran Vehicle Weapons Level 1"
    },
    {
      "Id": "TerranVehicleWeaponsLevel2",
      "Icon": "btn-upgrade-terran-vehicleweaponslevel2",
      "Name": "Terran Vehicle Weapons Level 2"
    },
    {
      "Id": "TerranVehicleWeaponsLevel3",
      "Icon": "btn-upgrade-terran-vehicleweaponslevel3",
      "Name": "Terran Vehicle Weapons Level 3"
    },
    {
      "Id": "TerranShipWeaponsLevel1",
      "Icon": "btn-upgrade-terran-shipweaponslevel1",
      "Name": "Terran Ship Weapons Level 1"
    },
    {
      "Id": "TerranShipWeaponsLevel2",
      "Icon": "btn-upgrade-terran-shipweaponslevel2",
      "Name": "Terran Ship Weapons Level 2"
    },
    {
      "Id": "TerranShipWeaponsLevel3",
      "Icon": "btn-upgrade-terran-shipweaponslevel3",
      "Name": "Terran Ship Weapons Level 3"
    },
    {
      "Id": "TerranVehicleAndShipArmorsLevel1",
      "Icon": "btn-upgrade-terran-vehicleplatinglevel1",
      "Name": "Terran Vehicle and Ship Plating Level 1"
    },
    {
      "Id": "TerranVehicleAndShipArmorsLevel2",
      "Icon": "btn-upgrade-terran-vehicleplatinglevel2",
      "Name": "Terran Vehicle and Ship Plating Level 2"
    },
    {
      "Id": "TerranVehicleAndShipArmorsLevel3",
      "Icon": "btn-upgrade-terran-vehicleplatinglevel3",
      "Name": "Terran Vehicle and Ship Plating Level 3"
    },
    {
      "Id": "TerranShipArmorsLevel3",
      "Icon": "btn-upgrade-terran-shipplatinglevel3",
      "Name": "Terran Ship Plating Level 3"
    }
  ],
  "Producers": [
    {
      "Id": "SCV",
      "Icon": "btn-unit-terran-scv",
      "Description": "Basic worker unit. Can gather resources, build Terran structures, and repair.<br/><br/><c val=\"#ColorAttackInfo\">Can attack ground units.</span>",
      "Name": "SCV"
    }
  ],
  "Commands": [
    {
      "Id": "TerranVehicleWeaponsLevel1",
      "Icon": "btn-upgrade-terran-vehicleweaponslevel1",
      "Tooltip": "Upgrades the damage dealt by ground vehicles.",
      "Name": "Upgrade Vehicle Weapons Level 1",
      "AbilCmd": "ArmoryResearch,Research6"
    },
    {
      "Id": "TerranVehicleWeaponsLevel2",
      "Icon": "btn-upgrade-terran-vehicleweaponslevel2",
      "Tooltip": "Further upgrades the damage dealt by ground vehicles.",
      "Name": "Upgrade Vehicle Weapons Level 2",
      "AbilCmd": "ArmoryResearch,Research7"
    },
    {
      "Id": "TerranVehicleWeaponsLevel3",
      "Icon": "btn-upgrade-terran-vehicleweaponslevel3",
      "Tooltip": "Maximizes the damage dealt by ground vehicles.",
      "Name": "Upgrade Vehicle Weapons Level 3",
      "AbilCmd": "ArmoryResearch,Research8"
    },
    {
      "Id": "Cancel",
      "Icon": "btn-command-cancel",
      "Tooltip": "Drops the current order without performing it, and allows you to select a different order.",
      "Name": "Cancel",
      "AbilCmd": "que5,CancelLast"
    },
    {
      "Id": "CancelBuilding",
      "Icon": "btn-command-cancel",
      "Tooltip": "Cancels construction of this structure, destroying the structure and giving a partial refund.",
      "Name": "Cancel",
      "AbilCmd": "BuildInProgress,Cancel"
    },
    {
      "Id": "Halt",
      "Icon": "btn-command-stop",
      "Tooltip": "Halts construction of this structure. The partial construction will remain.",
      "Name": "Halt",
      "AbilCmd": "BuildInProgress,Halt"
    },
    {
      "Id": "TerranShipWeaponsLevel1",
      "Icon": "btn-upgrade-terran-shipweaponslevel1",
      "Tooltip": "Upgrades the damage dealt by units built at a Starport.",
      "Name": "Upgrade Ship Weapons Level 1",
      "AbilCmd": "ArmoryResearch,Research12"
    },
    {
      "Id": "TerranShipWeaponsLevel2",
      "Icon": "btn-upgrade-terran-shipweaponslevel2",
      "Tooltip": "Further upgrades the damage dealt by units built at a Starport.",
      "Name": "Upgrade Ship Weapons Level 2",
      "AbilCmd": "ArmoryResearch,Research13"
    },
    {
      "Id": "TerranShipWeaponsLevel3",
      "Icon": "btn-upgrade-terran-shipweaponslevel3",
      "Tooltip": "Maximizes the damage dealt by units built at a Starport.",
      "Name": "Upgrade Ship Weapons Level 3",
      "AbilCmd": "ArmoryResearch,Research14"
    },
    {
      "Id": "TerranVehicleAndShipPlatingLevel1",
      "Icon": "btn-upgrade-terran-vehicleplatinglevel1",
      "Tooltip": "Upgrades the armor of units built at a Factory or Starport.",
      "Name": "Upgrade Vehicle and Ship Plating Level 1",
      "AbilCmd": "ArmoryResearch,Research15"
    },
    {
      "Id": "TerranVehicleAndShipPlatingLevel2",
      "Icon": "btn-upgrade-terran-vehicleplatinglevel2",
      "Tooltip": "Further upgrades the armor of units built at a Factory or Starport.",
      "Name": "Upgrade Vehicle and Ship Plating Level 2",
      "AbilCmd": "ArmoryResearch,Research16"
    },
    {
      "Id": "TerranVehicleAndShipPlatingLevel3",
      "Icon": "btn-upgrade-terran-vehicleplatinglevel3",
      "Tooltip": "Maximizes the armor of units built at a Factory or Starport.",
      "Name": "Upgrade Vehicle and Ship Plating Level 3",
      "AbilCmd": "ArmoryResearch,Research17"
    },
    {
      "Id": "TerranShipPlatingLevel3",
      "Icon": "btn-upgrade-terran-shipplatinglevel3",
      "Tooltip": "Maximizes the armor of units built at a Starport.",
      "Name": "Upgrade Ship Plating Level 3",
      "AbilCmd": "ArmoryResearch,Research11"
    }
  ]
}