{
  "Name": "Ascended Brimstone Demolisher",
  "Description": "Powerful massive unit. Deals heavy melee and ranged splash damage.<br/><br/><c val=\"#ColorAttackInfo\">Can attack ground units.</span><br/><br/><span style=\"color: #00FF00\">Ascended:<br/>+90 Life<br/>+100% Energy Regeneration<br/>Adaptive Armor</span>",
  "DeathRevealFilters": "Visible;Player,Ally,Neutral,Missile,Dead,Hidden",
  "DeathRevealRadius": 3,
  "DeathRevealDuration": 4,
  "DeathRevealType": "Snapshot",
  "Race": "Dragon",
  "DefaultAcquireLevel": "Offensive",
  "Response": "Acquire",
  "ResourceState": "Unknown",
  "ResourceType": "Unknown",
  "LifeStart": 450,
  "LifeMax": 450,
  "Mover": "Ground",
  "StationaryTurningRate": 720,
  "TurningRate": 360,
  "Radius": 1.25,
  "SeparationRadius": 1.25,
  "MinimapRadius": 1.25,
  "EditorCategories": {
    "ObjectType": "Unit",
    "ObjectFamily": "Melee"
  },
  "TacticalAIFilters": "-;Player,Ally,Neutral",
  "AIEvalFactor": 1,
  "Mass": 0.4,
  "FlagArray": [
    "Turnable",
    "Movable",
    "Unclickable",
    "Unhighlightable",
    "Untooltipable",
    "KillCredit",
    "ShowResources",
    "ClearRallyOnTargetLost",
    "PlayerRevivable",
    "CameraFollow",
    "PreventDestroy",
    "UseLineOfSight",
    "ArmySelect"
  ],
  "EditorFlags": [
    "BlockStructures"
  ],
  "PushPriority": 10,
  "LeaderAlias": "BrimstoneDemolisher",
  "HotkeyAlias": "BrimstoneDemolisher",
  "SelectAlias": "BrimstoneDemolisher",
  "SubgroupAlias": "BrimstoneDemolisher",
  "OccludeHeight": 0.75,
  "TacticalAI": "BrimstoneDemolisher",
  "AIEvaluateAlias": "Ultralisk",
  "ReviveType": "BrimstoneDemolisher",
  "PawnItemReduction": 1,
  "Fidget": {
    "DelayMax": 30,
    "DelayMin": 10,
    "DistanceMax": 4,
    "DistanceMin": 1,
    "TurnAngle": 90,
    "TurningRate": 90,
    "ChanceArray": {
      "Idle": 33,
      "Anim": 33,
      "Turn": 33
    }
  },
  "ReviveInfoBase": {
    "Charge": {
      "Link": "BrimstoneDemolisher/Revive",
      "Location": "Unit"
    },
    "Cooldown": {
      "Link": "BrimstoneDemolisher/Revive",
      "Location": "Unit"
    }
  },
  "InnerRadiusSafetyMultiplier": 1,
  "ArmorType": "Unknown",
  "PlaneArray": [
    "Ground"
  ],
  "Attributes": [
    "Biological",
    "Armored",
    "Psionic",
    "Massive",
    "Heroic"
  ],
  "DamageDealtXP": 1,
  "DamageTakenXP": 1,
  "ScoreResult": "BuildOrder",
  "Mob": "Multiplayer",
  "Acceleration": 1000,
  "CostCategory": "Army",
  "AttackTargetPriority": 20,
  "CardLayouts": [
    {
      "LayoutButtons": [
        {
          "Face": "Move",
          "Type": "AbilCmd",
          "AbilCmd": "move,Move",
          "Row": 0,
          "Column": 0
        },
        {
          "Face": "Stop",
          "Type": "AbilCmd",
          "AbilCmd": "stop,Stop",
          "Row": 0,
          "Column": 1
        },
        {
          "Face": "MoveHoldPosition",
          "Type": "AbilCmd",
          "AbilCmd": "move,HoldPos",
          "Row": 0,
          "Column": 2
        },
        {
          "Face": "MovePatrol",
          "Type": "AbilCmd",
          "AbilCmd": "move,Patrol",
          "Row": 0,
          "Column": 3
        },
        {
          "Face": "Attack",
          "Type": "AbilCmd",
          "AbilCmd": "attack,Execute",
          "Row": 0,
          "Column": 4
        },
        {
          "Face": "AscendedBrimstoneDemolisher",
          "Type": "AbilCmd",
          "Row": 1,
          "Column": 4,
          "AbilCmd": "AscendedBrimstoneDemolisher,Execute"
        },
        {
          "Face": "AscendedBrimstoneDemolisher",
          "Type": "Passive",
          "Requirements": "Ascended",
          "ShowInGlossary": 0,
          "Row": 1,
          "Column": 4
        },
        {
          "Face": "DragonFission",
          "Type": "AbilCmd",
          "Row": 1,
          "Column": 3,
          "AbilCmd": "AscendedBrimstoneDemolisherFission,Execute"
        },
        {
          "Face": "DragonFission",
          "Type": "AbilCmd",
          "Row": 1,
          "Column": 3,
          "AbilCmd": "BrimstoneDemolisherFission,Execute"
        },
        {
          "Face": "DragonFission",
          "Type": "AbilCmd",
          "AbilCmd": "DragonFissionDisabled,Execute",
          "Row": 1,
          "Column": 3
        },
        {
          "Face": "BrimstoneDemolisherBrutalThrash",
          "Type": "Passive",
          "Row": 1,
          "Column": 0
        },
        {
          "Face": "BrimstoneDemolisherScorchingBlaze",
          "Type": "AbilCmd",
          "AbilCmd": "BrimstoneDemolisherScorchingBlaze,Execute",
          "Row": 2,
          "Column": 0
        },
        {
          "Face": "BrimstoneDemolisherAdaptiveArmor",
          "Type": "Passive",
          "Requirements": "Ascended",
          "Row": 1,
          "Column": 1
        }
      ]
    }
  ],
  "GlossaryCategory": "",
  "HotkeyCategory": "Unit/Category/DragonUnits",
  "Collide": [
    "Ground"
  ],
  "KillDisplay": "Always",
  "RankDisplay": "Always",
  "LifeArmor": 2,
  "Speed": 2.25,
  "Sight": 11,
  "Food": -6,
  "CostResource": {
    "Minerals": 400,
    "Vespene": 300,
    "Custom": 2240
  },
  "KillXP": 140,
  "CargoSize": 8,
  "ScoreMake": 700,
  "ScoreKill": 700,
  "SubgroupPriority": 13,
  "GlossaryPriority": 34,
  "GlossaryStrongArray": [
    "Marine",
    "Zergling",
    "Zealot"
  ],
  "GlossaryWeakArray": [
    "Thor",
    "Infestor",
    "Immortal"
  ],
  "EnergyStart": 50,
  "EnergyMax": 200,
  "EnergyRegenRate": 1.125,
  "Icon": "btn-unit-zerg-brakk",
  "LifeArmorIcon": "btn-upgrade-zerg-groundcarapace-level0",
  "ShieldArmorIcon": "btn-upgrade-protoss-shieldslevel0",
  "InnerRadius": 1,
  "Id": "AscendedBrimstoneDemolisher",
  "Weapons": [
    {
      "Link": "BrimstoneDemolisherBrutalThrash",
      "Id": "BrimstoneDemolisherBrutalThrash",
      "Icon": "btn-upgrade-zerg-meleeattacks-level0",
      "Name": "Brutal Thrash",
      "Amount": 18,
      "Kind": "Melee",
      "DisplayAttackCount": 2,
      "TargetFilters": "Ground",
      "Range": 1,
      "Period": 1.33
    },
    {
      "Link": "BrimstoneDemolisherScorchingBlaze",
      "Id": "BrimstoneDemolisherScorchingBlaze",
      "Name": "Scorching Blaze",
      "Amount": 5,
      "Kind": "Splash",
      "DisplayAttackCount": 4,
      "TargetFilters": "Ground",
      "Range": 4,
      "Period": 0
    },
    {
      "Link": "BrimstoneDemolisherScorchingBlazeDummy",
      "Id": "BrimstoneDemolisherScorchingBlazeDummy",
      "Name": "Scorching Blaze",
      "Amount": 5,
      "Kind": "Splash",
      "DisplayAttackCount": 4,
      "TargetFilters": "Ground",
      "Range": 4,
      "Period": 1
    }
  ],
  "Behaviors": [
    {
      "Link": "DragonLineageLesser",
      "Id": "DragonLineageLesser",
      "Name": "Dragon Lineage"
    },
    {
      "Link": "BrimstoneDemolisherScorchingBlaze1",
      "Id": "BrimstoneDemolisherScorchingBlaze1",
      "Name": "Brimstone Demolisher - Scorching Blaze"
    },
    {
      "Link": "DragonAscended",
      "Id": "DragonAscended",
      "Tooltip": "This Dragon is more powerful. If it dies in combat it will provide its owner with a small amount of Rage.",
      "Name": "Ascended"
    }
  ],
  "Upgrades": [],
  "Abilities": [
    {
      "Link": "stop",
      "Id": "stop",
      "Name": "Stop"
    },
    {
      "Link": "move",
      "Id": "move",
      "Name": "Move"
    },
    {
      "Link": "attack",
      "Id": "attack",
      "Name": "Attack"
    },
    {
      "Link": "AscendedBrimstoneDemolisher",
      "Id": "AscendedBrimstoneDemolisher",
      "Name": "Ascended Brimstone Demolisher"
    },
    {
      "Link": "AscendedBrimstoneDemolisherFission",
      "Id": "AscendedBrimstoneDemolisherFission",
      "Name": "Fission"
    },
    {
      "Link": "BrimstoneDemolisherFission",
      "Id": "BrimstoneDemolisherFission",
      "Name": "Fission"
    },
    {
      "Link": "DragonFissionDisabled",
      "Id": "DragonFissionDisabled",
      "Name": "Fission"
    },
    {
      "Link": "BrimstoneDemolisherScorchingBlaze",
      "Id": "BrimstoneDemolisherScorchingBlaze",
      "Name": "Scorching Blaze"
    }
  ],
  "Requirements": [],
  "Production": [],
  "Producers": [],
  "Commands": [
    {
      "Id": "Move",
      "Icon": "btn-command-move",
      "Tooltip": "Orders selected units to move to the target area or follow the target unit. Moving units will not engage enemies.",
      "Name": "Move",
      "AbilCmd": "move,Move"
    },
    {
      "Id": "Stop",
      "Icon": "btn-command-stop",
      "Tooltip": "Orders selected units to cancel all orders and stop moving.",
      "Name": "Stop",
      "AbilCmd": "stop,Stop"
    },
    {
      "Id": "MoveHoldPosition",
      "Icon": "btn-command-holdposition",
      "Tooltip": "Orders selected units to stay where they are and attack enemies that are within range. Units will neither chase down enemies nor move to engage.",
      "Name": "Hold Position",
      "AbilCmd": "move,HoldPos"
    },
    {
      "Id": "MovePatrol",
      "Icon": "btn-command-patrol",
      "Tooltip": "Orders selected units to patrol between their current position and the target area. Units will attack enemies and move to engage nearby enemies.",
      "Name": "Patrol",
      "AbilCmd": "move,Patrol"
    },
    {
      "Id": "Attack",
      "Icon": "btn-command-attack",
      "Tooltip": "Orders selected units to move to the target point, fighting nearby enemies along the way. Targeting a unit with the Attack command orders that it be attacked until it is destroyed.",
      "Name": "Attack",
      "AbilCmd": "attack,Execute"
    },
    {
      "Id": "AscendedBrimstoneDemolisher",
      "Icon": "btn-ability-zerg-dehakaspawn",
      "Tooltip": "<span style=\"color: #00FF00\">+90 Life<br/>+100% Energy Regeneration<br/>Adaptive Armor</span>",
      "Name": "Ascend",
      "AbilCmd": "AscendedBrimstoneDemolisher,Execute"
    },
    {
      "Id": "DragonFission",
      "Icon": "btn-ability-zerg-disguise",
      "Tooltip": "Splits into two identical clones that start with 40% life and damage. These clones have 2 regeneration and when they reach full life their damage is restored to 100%.",
      "Name": "Fission",
      "AbilCmd": "AscendedBrimstoneDemolisherFission,Execute"
    },
    {
      "Id": "DragonFission",
      "Icon": "btn-ability-zerg-disguise",
      "Tooltip": "Splits into two identical clones that start with 40% life and damage. These clones have 2 regeneration and when they reach full life their damage is restored to 100%.",
      "Name": "Fission",
      "AbilCmd": "BrimstoneDemolisherFission,Execute"
    },
    {
      "Id": "DragonFission",
      "Icon": "btn-ability-zerg-disguise",
      "Tooltip": "Splits into two identical clones that start with 40% life and damage. These clones have 2 regeneration and when they reach full life their damage is restored to 100%.",
      "Name": "Fission",
      "AbilCmd": "DragonFissionDisabled,Execute"
    },
    {
      "Id": "BrimstoneDemolisherScorchingBlaze",
      "Icon": "btn-tips-walloffire",
      "Tooltip": "Ranged attack that produces a continuous stream of fire that damages all enemies up to its maximum range.<br/><br/><span style=\"color: #f078ff\">Costs <b>8</b> energy per attack.</span>",
      "Name": "Scorching Blaze",
      "AbilCmd": "BrimstoneDemolisherScorchingBlaze,Execute"
    }
  ]
}