{
  "Name": "Ascended Horned Magus",
  "Description": "Ranged caster unit. Projectiles may retarget. Can use Fire Shield and Invigorate. Can be upgraded to use Shroud.<br/><br/><c val=\"#ColorAttackInfo\">Can attack ground and air units.</span><br/><br/><span style=\"color: #00FF00\">Ascended:<br/>+60 Life<br/>+100% Energy Regeneration</span>",
  "DeathRevealFilters": "Visible;Player,Ally,Neutral,Missile,Dead,Hidden",
  "DeathRevealRadius": 3,
  "DeathRevealDuration": 4,
  "DeathRevealType": "Snapshot",
  "Race": "Dragon",
  "DefaultAcquireLevel": "Offensive",
  "Response": "Acquire",
  "ResourceState": "Unknown",
  "ResourceType": "Unknown",
  "LifeStart": 150,
  "LifeMax": 150,
  "LifeArmorName": "Dragon Scale Armor",
  "Mover": "Ground",
  "StationaryTurningRate": 720,
  "TurningRate": 720,
  "Radius": 0.625,
  "SeparationRadius": 0.625,
  "MinimapRadius": 0.625,
  "EditorCategories": {
    "ObjectType": "Unit",
    "ObjectFamily": "Melee"
  },
  "TacticalAIFilters": "-;Player,Ally,Neutral",
  "AIEvalFactor": 1,
  "Mass": 0.4,
  "FlagArray": [
    "Turnable",
    "Movable",
    "Unclickable",
    "Unhighlightable",
    "Untooltipable",
    "KillCredit",
    "ShowResources",
    "ClearRallyOnTargetLost",
    "PlayerRevivable",
    "CameraFollow",
    "PreventDestroy",
    "UseLineOfSight",
    "ArmySelect"
  ],
  "EditorFlags": [
    "BlockStructures"
  ],
  "PushPriority": 10,
  "LeaderAlias": "HornedMagus",
  "HotkeyAlias": "HornedMagus",
  "SelectAlias": "HornedMagus",
  "SubgroupAlias": "HornedMagus",
  "OccludeHeight": 0.75,
  "TacticalAI": "HornedMagus",
  "AIEvaluateAlias": "Sentry",
  "ReviveType": "HornedMagus",
  "PawnItemReduction": 1,
  "Fidget": {
    "DelayMax": 30,
    "DelayMin": 10,
    "DistanceMax": 4,
    "DistanceMin": 1,
    "TurnAngle": 90,
    "TurningRate": 90,
    "ChanceArray": {
      "Idle": 100
    }
  },
  "ReviveInfoBase": {
    "Charge": {
      "Link": "HornedMagus/Revive",
      "Location": "Unit"
    },
    "Cooldown": {
      "Link": "HornedMagus/Revive",
      "Location": "Unit"
    }
  },
  "InnerRadiusSafetyMultiplier": 1,
  "ArmorType": "Unknown",
  "PlaneArray": [
    "Ground"
  ],
  "Attributes": [
    "Biological",
    "Light",
    "Psionic",
    "Heroic"
  ],
  "DamageDealtXP": 1,
  "DamageTakenXP": 1,
  "ScoreResult": "BuildOrder",
  "Mob": "Multiplayer",
  "Acceleration": 1000,
  "CostCategory": "Army",
  "AttackTargetPriority": 20,
  "CardLayouts": [
    {
      "LayoutButtons": [
        {
          "Face": "Move",
          "Type": "AbilCmd",
          "AbilCmd": "move,Move",
          "Row": 0,
          "Column": 0
        },
        {
          "Face": "Stop",
          "Type": "AbilCmd",
          "AbilCmd": "stop,Stop",
          "Row": 0,
          "Column": 1
        },
        {
          "Face": "MoveHoldPosition",
          "Type": "AbilCmd",
          "AbilCmd": "move,HoldPos",
          "Row": 0,
          "Column": 2
        },
        {
          "Face": "MovePatrol",
          "Type": "AbilCmd",
          "AbilCmd": "move,Patrol",
          "Row": 0,
          "Column": 3
        },
        {
          "Face": "Attack",
          "Type": "AbilCmd",
          "AbilCmd": "attack,Execute",
          "Row": 0,
          "Column": 4
        },
        {
          "Face": "AscendedHornedMagus",
          "Type": "AbilCmd",
          "Row": 1,
          "Column": 4,
          "AbilCmd": "AscendedHornedMagus,Execute"
        },
        {
          "Face": "AscendedHornedMagus",
          "Type": "Passive",
          "Requirements": "Ascended",
          "ShowInGlossary": 0,
          "Row": 1,
          "Column": 4
        },
        {
          "Face": "DragonFission",
          "Type": "AbilCmd",
          "Row": 1,
          "Column": 3,
          "AbilCmd": "AscendedHornedMagusFission,Execute"
        },
        {
          "Face": "DragonFission",
          "Type": "AbilCmd",
          "Row": 1,
          "Column": 3,
          "AbilCmd": "HornedMagusFission,Execute"
        },
        {
          "Face": "DragonFission",
          "Type": "AbilCmd",
          "AbilCmd": "DragonFissionDisabled,Execute",
          "Row": 1,
          "Column": 3
        },
        {
          "Face": "HornedMagusActivateInvigorate",
          "Type": "AbilCmd",
          "AbilCmd": "HornedMagusInvigorate,On",
          "Row": 2,
          "Column": 2
        },
        {
          "Face": "HornedMagusFireShield",
          "Type": "AbilCmd",
          "AbilCmd": "HornedMagusFireShield,Execute",
          "Row": 2,
          "Column": 0
        },
        {
          "Face": "HornedMagusShroud",
          "Type": "AbilCmd",
          "AbilCmd": "HornedMagusShroud,Execute",
          "Row": 2,
          "Column": 1
        },
        {
          "Face": "HornedMagusDeactivateInvigorate",
          "Type": "AbilCmd",
          "AbilCmd": "HornedMagusInvigorate,Off",
          "Row": 2,
          "Column": 3
        },
        {
          "Face": "DragonRetarget",
          "Type": "Passive",
          "Row": 1,
          "Column": 0
        }
      ]
    }
  ],
  "GlossaryCategory": "",
  "HotkeyCategory": "Unit/Category/DragonUnits",
  "Collide": [
    "Ground",
    "ForceField"
  ],
  "KillDisplay": "Always",
  "RankDisplay": "Always",
  "EnergyStart": 50,
  "EnergyMax": 200,
  "EnergyRegenRate": 1.125,
  "Speed": 2.75,
  "Sight": 10,
  "Food": -2,
  "CostResource": {
    "Minerals": 50,
    "Vespene": 125,
    "Custom": 700
  },
  "KillXP": 20,
  "CargoSize": 2,
  "ScoreMake": 100,
  "ScoreKill": 100,
  "SubgroupPriority": 19,
  "GlossaryPriority": 23,
  "GlossaryStrongArray": [
    "Marine",
    "Zergling",
    "Sentry"
  ],
  "GlossaryWeakArray": [
    "Marauder",
    "Roach",
    "Stalker"
  ],
  "Icon": "btn-critter-tastelope",
  "LifeArmorIcon": "btn-upgrade-zerg-flyercarapace-level0",
  "ShieldArmorIcon": "btn-upgrade-protoss-shieldslevel0",
  "Id": "AscendedHornedMagus",
  "Weapons": [
    {
      "Link": "HornedMagusHeadbutt",
      "Id": "HornedMagusHeadbutt",
      "Icon": "btn-upgrade-zerg-meleeattacks-level0",
      "Name": "Headbutt",
      "Amount": 10,
      "Kind": "Melee",
      "TargetFilters": "Ground",
      "Range": 0.25,
      "Period": 1.47
    },
    {
      "Link": "HornedMagusMysticBolt",
      "Id": "HornedMagusMysticBolt",
      "Name": "Mystic Bolt",
      "Amount": 7,
      "AttributeBonus": {
        "Light": 7
      },
      "Kind": "Ranged",
      "TargetFilters": "",
      "Range": 7,
      "Period": 1.47
    }
  ],
  "Behaviors": [
    {
      "Link": "DragonLineageLesser",
      "Id": "DragonLineageLesser",
      "Name": "Dragon Lineage"
    },
    {
      "Link": "Negative1Armor",
      "Id": "Negative1Armor",
      "Name": "-1 Armor"
    },
    {
      "Link": "DragonAscended",
      "Id": "DragonAscended",
      "Tooltip": "This Dragon is more powerful. If it dies in combat it will provide its owner with a small amount of Rage.",
      "Name": "Ascended"
    }
  ],
  "Upgrades": [],
  "Abilities": [
    {
      "Link": "stop",
      "Id": "stop",
      "Name": "Stop"
    },
    {
      "Link": "move",
      "Id": "move",
      "Name": "Move"
    },
    {
      "Link": "attack",
      "Id": "attack",
      "Name": "Attack"
    },
    {
      "Link": "AscendedHornedMagus",
      "Id": "AscendedHornedMagus",
      "Name": "Ascended Horned Magus"
    },
    {
      "Link": "AscendedHornedMagusFission",
      "Id": "AscendedHornedMagusFission",
      "Name": "Fission"
    },
    {
      "Link": "HornedMagusFission",
      "Id": "HornedMagusFission",
      "Name": "Fission"
    },
    {
      "Link": "DragonFissionDisabled",
      "Id": "DragonFissionDisabled",
      "Name": "Fission"
    },
    {
      "Link": "HornedMagusInvigorate",
      "Id": "HornedMagusInvigorate",
      "Name": "Horned Magus - Invigorate"
    },
    {
      "Link": "HornedMagusFireShield",
      "Id": "HornedMagusFireShield",
      "Name": "Horned Magus - Fire Shield"
    },
    {
      "Link": "HornedMagusShroud",
      "Id": "HornedMagusShroud",
      "Name": "Horned Magus - Shroud"
    }
  ],
  "Requirements": [],
  "Production": [],
  "Producers": [],
  "Commands": [
    {
      "Id": "Move",
      "Icon": "btn-command-move",
      "Tooltip": "Orders selected units to move to the target area or follow the target unit. Moving units will not engage enemies.",
      "Name": "Move",
      "AbilCmd": "move,Move"
    },
    {
      "Id": "Stop",
      "Icon": "btn-command-stop",
      "Tooltip": "Orders selected units to cancel all orders and stop moving.",
      "Name": "Stop",
      "AbilCmd": "stop,Stop"
    },
    {
      "Id": "MoveHoldPosition",
      "Icon": "btn-command-holdposition",
      "Tooltip": "Orders selected units to stay where they are and attack enemies that are within range. Units will neither chase down enemies nor move to engage.",
      "Name": "Hold Position",
      "AbilCmd": "move,HoldPos"
    },
    {
      "Id": "MovePatrol",
      "Icon": "btn-command-patrol",
      "Tooltip": "Orders selected units to patrol between their current position and the target area. Units will attack enemies and move to engage nearby enemies.",
      "Name": "Patrol",
      "AbilCmd": "move,Patrol"
    },
    {
      "Id": "Attack",
      "Icon": "btn-command-attack",
      "Tooltip": "Orders selected units to move to the target point, fighting nearby enemies along the way. Targeting a unit with the Attack command orders that it be attacked until it is destroyed.",
      "Name": "Attack",
      "AbilCmd": "attack,Execute"
    },
    {
      "Id": "AscendedHornedMagus",
      "Icon": "btn-ability-zerg-dehakaspawn",
      "Tooltip": "<span style=\"color: #00FF00\">+60 Life<br/>+100% Energy Regeneration</span>",
      "Name": "Ascend",
      "AbilCmd": "AscendedHornedMagus,Execute"
    },
    {
      "Id": "DragonFission",
      "Icon": "btn-ability-zerg-disguise",
      "Tooltip": "Splits into two identical clones that start with 40% life and damage. These clones have 2 regeneration and when they reach full life their damage is restored to 100%.",
      "Name": "Fission",
      "AbilCmd": "AscendedHornedMagusFission,Execute"
    },
    {
      "Id": "DragonFission",
      "Icon": "btn-ability-zerg-disguise",
      "Tooltip": "Splits into two identical clones that start with 40% life and damage. These clones have 2 regeneration and when they reach full life their damage is restored to 100%.",
      "Name": "Fission",
      "AbilCmd": "HornedMagusFission,Execute"
    },
    {
      "Id": "DragonFission",
      "Icon": "btn-ability-zerg-disguise",
      "Tooltip": "Splits into two identical clones that start with 40% life and damage. These clones have 2 regeneration and when they reach full life their damage is restored to 100%.",
      "Name": "Fission",
      "AbilCmd": "DragonFissionDisabled,Execute"
    },
    {
      "Id": "HornedMagusActivateInvigorate",
      "Icon": "btn-ability-kerrigan-vespeneefficiency",
      "Tooltip": "Heals up to <b>4</b> nearby friendly biological units and structures each second.<br/><br/><span style=\"color: #f078ff\">Heals <b>3</b> life for <b>1</b> energy each second per target.</span>",
      "Name": "Activate Invigorate",
      "AbilCmd": "HornedMagusInvigorate,On"
    },
    {
      "Id": "HornedMagusFireShield",
      "Icon": "btn-ability-terran-electricfield",
      "Tooltip": "Increases the target unit's armor by <b>3</b> and causes nearby units on the same plane that do not also have Fire Shield to suffer <b>8</b> damage per second. Lasts <b>14</b> seconds.",
      "Name": "Fire Shield",
      "AbilCmd": "HornedMagusFireShield,Execute"
    },
    {
      "Id": "HornedMagusShroud",
      "Icon": "btn-ability-protoss-energize",
      "Tooltip": "Temporarily cloaks friendly units in the target area for <b>21</b> seconds unless they attack or receive damage.",
      "Name": "Shroud",
      "AbilCmd": "HornedMagusShroud,Execute"
    },
    {
      "Id": "HornedMagusDeactivateInvigorate",
      "Icon": "btn-command-cancel",
      "Tooltip": "Stops healing nearby friendly biological units and structures to conserve energy.<br/><br/><span style=\"color: #f078ff\">Heals <b>3</b> life for <b>1</b> energy each second per target.</span>",
      "Name": "Deactivate Invigorate",
      "AbilCmd": "HornedMagusInvigorate,Off"
    }
  ]
}