{
  "Name": "Ascended Berserker",
  "Description": "Durable melee unit.<br/><br/><c val=\"#ColorAttackInfo\">Can attack ground units.</span><br/><br/><span style=\"color: #00FF00\">Ascended:<br/>+90 Life<br/>+4 Damage<br/>Massive<br/>Not Light</span><br/>",
  "DeathRevealFilters": "Visible;Player,Ally,Neutral,Missile,Dead,Hidden",
  "DeathRevealRadius": 3,
  "DeathRevealDuration": 4,
  "DeathRevealType": "Snapshot",
  "Race": "Dragon",
  "DefaultAcquireLevel": "Offensive",
  "Response": "Acquire",
  "ResourceState": "Unknown",
  "ResourceType": "Unknown",
  "LifeStart": 330,
  "LifeMax": 330,
  "LifeArmorName": "Dragon Scale Armor",
  "Mover": "Ground",
  "StationaryTurningRate": 720,
  "TurningRate": 720,
  "Radius": 1.0625,
  "SeparationRadius": 1.0625,
  "MinimapRadius": 1.0625,
  "EditorCategories": {
    "ObjectType": "Unit",
    "ObjectFamily": "Melee"
  },
  "TacticalAIFilters": "-;Player,Ally,Neutral",
  "AIEvalFactor": 1,
  "Mass": 0.4,
  "FlagArray": [
    "Turnable",
    "Movable",
    "Unclickable",
    "Unhighlightable",
    "Untooltipable",
    "KillCredit",
    "ShowResources",
    "ClearRallyOnTargetLost",
    "PlayerRevivable",
    "CameraFollow",
    "PreventDestroy",
    "UseLineOfSight",
    "ArmySelect"
  ],
  "EditorFlags": [
    "BlockStructures"
  ],
  "PushPriority": 11,
  "LeaderAlias": "Berserker",
  "HotkeyAlias": "Berserker",
  "SelectAlias": "Berserker",
  "SubgroupAlias": "Berserker",
  "OccludeHeight": 0.75,
  "TacticalAI": "Ravager",
  "AIEvaluateAlias": "Ultralisk",
  "ReviveType": "Berserker",
  "PawnItemReduction": 1,
  "Fidget": {
    "DelayMax": 30,
    "DelayMin": 10,
    "DistanceMax": 4,
    "DistanceMin": 1,
    "TurnAngle": 90,
    "TurningRate": 90,
    "ChanceArray": {
      "Idle": 33,
      "Anim": 33,
      "Turn": 33
    }
  },
  "ReviveInfoBase": {
    "Charge": {
      "Link": "Ravager/Revive",
      "Location": "Unit"
    },
    "Cooldown": {
      "Link": "Ravager/Revive",
      "Location": "Unit"
    }
  },
  "InnerRadiusSafetyMultiplier": 1,
  "ArmorType": "Unknown",
  "PlaneArray": [
    "Ground"
  ],
  "Attributes": [
    "Biological",
    "Massive",
    "Heroic"
  ],
  "DamageDealtXP": 1,
  "DamageTakenXP": 1,
  "ScoreResult": "BuildOrder",
  "Mob": "Multiplayer",
  "Acceleration": 1000,
  "CostCategory": "Army",
  "AttackTargetPriority": 20,
  "CardLayouts": [
    {
      "LayoutButtons": [
        {
          "Face": "Move",
          "Type": "AbilCmd",
          "AbilCmd": "move,Move",
          "Row": 0,
          "Column": 0
        },
        {
          "Face": "Stop",
          "Type": "AbilCmd",
          "AbilCmd": "stop,Stop",
          "Row": 0,
          "Column": 1
        },
        {
          "Face": "MoveHoldPosition",
          "Type": "AbilCmd",
          "AbilCmd": "move,HoldPos",
          "Row": 0,
          "Column": 2
        },
        {
          "Face": "MovePatrol",
          "Type": "AbilCmd",
          "AbilCmd": "move,Patrol",
          "Row": 0,
          "Column": 3
        },
        {
          "Face": "Attack",
          "Type": "AbilCmd",
          "AbilCmd": "attack,Execute",
          "Row": 0,
          "Column": 4
        },
        {
          "Face": "AscendedBerserker",
          "Type": "AbilCmd",
          "Row": 1,
          "Column": 4,
          "AbilCmd": "AscendedBerserker,Execute"
        },
        {
          "Face": "AscendedBerserker",
          "Type": "Passive",
          "Requirements": "Ascended",
          "ShowInGlossary": 0,
          "Row": 1,
          "Column": 4
        },
        {
          "Face": "DragonFission",
          "Type": "AbilCmd",
          "Row": 1,
          "Column": 3,
          "AbilCmd": "AscendedBerserkerFission,Execute"
        },
        {
          "Face": "DragonFission",
          "Type": "AbilCmd",
          "Row": 1,
          "Column": 3,
          "AbilCmd": "BerserkerFission,Execute"
        },
        {
          "Face": "DragonFission",
          "Type": "AbilCmd",
          "AbilCmd": "DragonFissionDisabled,Execute",
          "Row": 1,
          "Column": 3
        },
        {
          "Face": "BerserkerMadness",
          "Type": "Passive",
          "Requirements": "BerserkerMadness",
          "Row": 1,
          "Column": 0
        }
      ]
    }
  ],
  "GlossaryCategory": "",
  "HotkeyCategory": "Unit/Category/DragonUnits",
  "Collide": [
    "Ground",
    "ForceField"
  ],
  "KillDisplay": "Always",
  "RankDisplay": "Always",
  "LifeArmor": 2,
  "Speed": 2.75,
  "Sight": 9,
  "Food": -4,
  "CostResource": {
    "Minerals": 250,
    "Vespene": 100,
    "Custom": 980
  },
  "KillXP": 15,
  "CargoSize": 4,
  "ScoreMake": 100,
  "ScoreKill": 100,
  "SubgroupPriority": 11,
  "GlossaryPriority": 31,
  "GlossaryStrongArray": [
    "Marine",
    "Baneling",
    "Immortal"
  ],
  "GlossaryWeakArray": [
    "Thor",
    "Roach",
    "Adept"
  ],
  "Icon": "btn-unit-zerg-primalultralisk",
  "LifeArmorIcon": "btn-upgrade-zerg-flyercarapace-level0",
  "ShieldArmorIcon": "btn-upgrade-protoss-shieldslevel0",
  "InnerRadius": 1,
  "Id": "AscendedBerserker",
  "Weapons": [
    {
      "Link": "BerserkerAscendedCrushingBlow",
      "Id": "BerserkerAscendedCrushingBlow",
      "Icon": "btn-upgrade-zerg-meleeattacks-level0",
      "Name": "Crushing Blow",
      "Amount": 24,
      "Kind": "Melee",
      "TargetFilters": "Ground",
      "Range": 0.5,
      "Period": 1.19
    }
  ],
  "Behaviors": [
    {
      "Link": "DragonLineageLesser",
      "Id": "DragonLineageLesser",
      "Name": "Dragon Lineage"
    },
    {
      "Link": "Berserker",
      "Id": "Berserker",
      "Name": "Berserker"
    },
    {
      "Link": "DragonAscended",
      "Id": "DragonAscended",
      "Tooltip": "This Dragon is more powerful. If it dies in combat it will provide its owner with a small amount of Rage.",
      "Name": "Ascended"
    }
  ],
  "Upgrades": [],
  "Abilities": [
    {
      "Link": "stop",
      "Id": "stop",
      "Name": "Stop"
    },
    {
      "Link": "move",
      "Id": "move",
      "Name": "Move"
    },
    {
      "Link": "attack",
      "Id": "attack",
      "Name": "Attack"
    },
    {
      "Link": "AscendedBerserker",
      "Id": "AscendedBerserker",
      "Name": "Ascended Berserker"
    },
    {
      "Link": "AscendedBerserkerFission",
      "Id": "AscendedBerserkerFission",
      "Name": "Fission"
    },
    {
      "Link": "BerserkerFission",
      "Id": "BerserkerFission",
      "Name": "Fission"
    },
    {
      "Link": "DragonFissionDisabled",
      "Id": "DragonFissionDisabled",
      "Name": "Fission"
    }
  ],
  "Requirements": [],
  "Production": [],
  "Producers": [],
  "Commands": [
    {
      "Id": "Move",
      "Icon": "btn-command-move",
      "Tooltip": "Orders selected units to move to the target area or follow the target unit. Moving units will not engage enemies.",
      "Name": "Move",
      "AbilCmd": "move,Move"
    },
    {
      "Id": "Stop",
      "Icon": "btn-command-stop",
      "Tooltip": "Orders selected units to cancel all orders and stop moving.",
      "Name": "Stop",
      "AbilCmd": "stop,Stop"
    },
    {
      "Id": "MoveHoldPosition",
      "Icon": "btn-command-holdposition",
      "Tooltip": "Orders selected units to stay where they are and attack enemies that are within range. Units will neither chase down enemies nor move to engage.",
      "Name": "Hold Position",
      "AbilCmd": "move,HoldPos"
    },
    {
      "Id": "MovePatrol",
      "Icon": "btn-command-patrol",
      "Tooltip": "Orders selected units to patrol between their current position and the target area. Units will attack enemies and move to engage nearby enemies.",
      "Name": "Patrol",
      "AbilCmd": "move,Patrol"
    },
    {
      "Id": "Attack",
      "Icon": "btn-command-attack",
      "Tooltip": "Orders selected units to move to the target point, fighting nearby enemies along the way. Targeting a unit with the Attack command orders that it be attacked until it is destroyed.",
      "Name": "Attack",
      "AbilCmd": "attack,Execute"
    },
    {
      "Id": "AscendedBerserker",
      "Icon": "btn-ability-zerg-dehakaspawn",
      "Tooltip": "<span style=\"color: #00FF00\">+90 Life<br/>+4 Damage<br/>Massive<br/>Not Light</span><br/>",
      "Name": "Ascend",
      "AbilCmd": "AscendedBerserker,Execute"
    },
    {
      "Id": "DragonFission",
      "Icon": "btn-ability-zerg-disguise",
      "Tooltip": "Splits into two identical clones that start with 40% life and damage. These clones have 2 regeneration and when they reach full life their damage is restored to 100%.",
      "Name": "Fission",
      "AbilCmd": "AscendedBerserkerFission,Execute"
    },
    {
      "Id": "DragonFission",
      "Icon": "btn-ability-zerg-disguise",
      "Tooltip": "Splits into two identical clones that start with 40% life and damage. These clones have 2 regeneration and when they reach full life their damage is restored to 100%.",
      "Name": "Fission",
      "AbilCmd": "BerserkerFission,Execute"
    },
    {
      "Id": "DragonFission",
      "Icon": "btn-ability-zerg-disguise",
      "Tooltip": "Splits into two identical clones that start with 40% life and damage. These clones have 2 regeneration and when they reach full life their damage is restored to 100%.",
      "Name": "Fission",
      "AbilCmd": "DragonFissionDisabled,Execute"
    }
  ]
}