{
  "Name": "Ascended Grim Glider",
  "Description": "Massive flying unit. Can rise units slain nearby as temporary shades.<br/><br/><span style=\"color: #FFE303\">Detector</span><br/><br/><span style=\"color: #00FF00\">Ascended:<br/>+45 Life<br/>+200% Energy Regeneration<br/>+0.5 Speed</span>",
  "DeathRevealFilters": "Visible;Player,Ally,Neutral,Missile,Dead,Hidden",
  "DeathRevealRadius": 3,
  "DeathRevealDuration": 4,
  "DeathRevealType": "Snapshot",
  "Race": "Dragon",
  "DefaultAcquireLevel": "Offensive",
  "Response": "Acquire",
  "ResourceState": "Unknown",
  "ResourceType": "Unknown",
  "LifeStart": 195,
  "LifeMax": 195,
  "LifeArmorName": "Dragon Scale Armor",
  "Mover": "Fly",
  "StationaryTurningRate": 720,
  "TurningRate": 720,
  "Radius": 1.25,
  "SeparationRadius": 1.25,
  "MinimapRadius": 1.25,
  "EditorCategories": {
    "ObjectType": "Unit",
    "ObjectFamily": "Melee"
  },
  "TacticalAIFilters": "-;Player,Ally,Neutral",
  "AIEvalFactor": 1,
  "Mass": 0.4,
  "FlagArray": [
    "Turnable",
    "Movable",
    "Unclickable",
    "Unhighlightable",
    "Untooltipable",
    "KillCredit",
    "ShowResources",
    "ClearRallyOnTargetLost",
    "PlayerRevivable",
    "CameraFollow",
    "PreventDestroy",
    "ArmySelect",
    "Cloaked"
  ],
  "EditorFlags": [
    "BlockStructures"
  ],
  "PushPriority": 10,
  "LeaderAlias": "GrimGlider",
  "HotkeyAlias": "GrimGlider",
  "SelectAlias": "GrimGlider",
  "SubgroupAlias": "GrimGlider",
  "OccludeHeight": 0.75,
  "TacticalAI": "GrimGlider",
  "AIEvaluateAlias": "Raven",
  "ReviveType": "GrimGlider",
  "PawnItemReduction": 1,
  "Fidget": {
    "DelayMax": 30,
    "DelayMin": 10,
    "DistanceMax": 4,
    "DistanceMin": 1,
    "TurnAngle": 90,
    "TurningRate": 90,
    "ChanceArray": {
      "Idle": 33,
      "Anim": 33,
      "Turn": 33
    }
  },
  "ReviveInfoBase": {
    "Charge": {
      "Link": "GrimGlider/Revive",
      "Location": "Unit"
    },
    "Cooldown": {
      "Link": "GrimGlider/Revive",
      "Location": "Unit"
    }
  },
  "InnerRadiusSafetyMultiplier": 1,
  "ArmorType": "Unknown",
  "PlaneArray": [
    "Air"
  ],
  "Attributes": [
    "Biological",
    "Light",
    "Psionic",
    "Massive",
    "Heroic"
  ],
  "DamageDealtXP": 1,
  "DamageTakenXP": 1,
  "ScoreResult": "BuildOrder",
  "Mob": "Multiplayer",
  "Acceleration": 1,
  "CostCategory": "Army",
  "AttackTargetPriority": 20,
  "CardLayouts": [
    {
      "LayoutButtons": [
        {
          "Face": "Move",
          "Type": "AbilCmd",
          "AbilCmd": "move,Move",
          "Row": 0,
          "Column": 0
        },
        {
          "Face": "Stop",
          "Type": "AbilCmd",
          "AbilCmd": "stop,Stop",
          "Row": 0,
          "Column": 1
        },
        {
          "Face": "MoveHoldPosition",
          "Type": "AbilCmd",
          "AbilCmd": "move,HoldPos",
          "Row": 0,
          "Column": 2
        },
        {
          "Face": "MovePatrol",
          "Type": "AbilCmd",
          "AbilCmd": "move,Patrol",
          "Row": 0,
          "Column": 3
        },
        {
          "Face": "Attack",
          "Type": "AbilCmd",
          "AbilCmd": "attack,Execute",
          "Row": 0,
          "Column": 4
        },
        {
          "Face": "AscendedGrimGlider",
          "Type": "AbilCmd",
          "Row": 1,
          "Column": 4,
          "AbilCmd": "AscendedGrimGlider,Execute"
        },
        {
          "Face": "AscendedGrimGlider",
          "Type": "Passive",
          "Requirements": "Ascended",
          "ShowInGlossary": 0,
          "Row": 1,
          "Column": 4
        },
        {
          "Face": "DragonFission",
          "Type": "AbilCmd",
          "Row": 1,
          "Column": 3,
          "AbilCmd": "AscendedGrimGliderFission,Execute"
        },
        {
          "Face": "DragonFission",
          "Type": "AbilCmd",
          "Row": 1,
          "Column": 3,
          "AbilCmd": "GrimGliderFission,Execute"
        },
        {
          "Face": "DragonFission",
          "Type": "AbilCmd",
          "AbilCmd": "DragonFissionDisabled,Execute",
          "Row": 1,
          "Column": 3
        },
        {
          "Face": "AcquireMove",
          "AbilCmd": "move,AcquireMove",
          "Row": 0,
          "Column": 0
        },
        {
          "Face": "AcquireMove",
          "Type": "AbilCmd",
          "AbilCmd": "move,AcquireMove",
          "Row": 0,
          "Column": 4
        },
        {
          "Face": "GrimGliderPermanentlyCloaked",
          "Type": "Passive",
          "Row": 1,
          "Column": 0
        },
        {
          "Face": "Detector",
          "Type": "Passive",
          "Row": 1,
          "Column": 1
        },
        {
          "Face": "GrimGliderWraithNight",
          "Type": "Passive",
          "Requirements": "GrimGliderWraithNight",
          "Row": 1,
          "Column": 2
        },
        {
          "Face": "GrimGliderMortalitysEclipseActivate",
          "Type": "AbilCmd",
          "AbilCmd": "GrimGliderMortalitysEclipse,On",
          "Row": 2,
          "Column": 0
        },
        {
          "Face": "GrimGliderMortalitysEclipseDeactivate",
          "Type": "AbilCmd",
          "AbilCmd": "GrimGliderMortalitysEclipse,Off",
          "Row": 2,
          "Column": 1
        }
      ]
    }
  ],
  "GlossaryCategory": "",
  "HotkeyCategory": "Unit/Category/DragonUnits",
  "Collide": [
    "Flying"
  ],
  "KillDisplay": "Always",
  "RankDisplay": "Always",
  "Speed": 1.5,
  "Sight": 11,
  "Height": 3,
  "Food": -4,
  "CostResource": {
    "Minerals": 100,
    "Vespene": 300,
    "Custom": 1640
  },
  "KillXP": 15,
  "ScoreMake": 100,
  "ScoreKill": 100,
  "SubgroupPriority": 17,
  "GlossaryPriority": 45,
  "AIOverideTargetPriority": 21,
  "EnergyStart": 50,
  "EnergyMax": 200,
  "EnergyRegenRate": 1.6875,
  "GlossaryWeakArray": [
    "Raven",
    "Overseer",
    "Observer"
  ],
  "Icon": "btn-critter-sporeray",
  "LifeArmorIcon": "btn-upgrade-zerg-flyercarapace-level0",
  "ShieldArmorIcon": "btn-upgrade-protoss-shieldslevel0",
  "Id": "AscendedGrimGlider",
  "Behaviors": [
    {
      "Link": "DragonLineageLesser",
      "Id": "DragonLineageLesser",
      "Name": "Dragon Lineage"
    },
    {
      "Link": "Detector11",
      "Id": "Detector11",
      "Tooltip": "This unit can detect cloaked or burrowed units within its sight range.",
      "Name": "Detector"
    },
    {
      "Link": "DragonAscended",
      "Id": "DragonAscended",
      "Tooltip": "This Dragon is more powerful. If it dies in combat it will provide its owner with a small amount of Rage.",
      "Name": "Ascended"
    }
  ],
  "Upgrades": [],
  "Abilities": [
    {
      "Link": "stop",
      "Id": "stop",
      "Name": "Stop"
    },
    {
      "Link": "move",
      "Id": "move",
      "Name": "Move"
    },
    {
      "Link": "GrimGliderMortalitysEclipse",
      "Id": "GrimGliderMortalitysEclipse",
      "Name": "Grim Glider - Mortality's Eclipse"
    },
    {
      "Link": "AscendedGrimGlider",
      "Id": "AscendedGrimGlider",
      "Name": "Ascended Grim Glider"
    },
    {
      "Link": "AscendedGrimGliderFission",
      "Id": "AscendedGrimGliderFission",
      "Name": "Fission"
    },
    {
      "Link": "GrimGliderFission",
      "Id": "GrimGliderFission",
      "Name": "Fission"
    },
    {
      "Link": "DragonFissionDisabled",
      "Id": "DragonFissionDisabled",
      "Name": "Fission"
    }
  ],
  "Requirements": [],
  "Production": [],
  "Producers": [],
  "Commands": [
    {
      "Id": "Move",
      "Icon": "btn-command-move",
      "Tooltip": "Orders selected units to move to the target area or follow the target unit. Moving units will not engage enemies.",
      "Name": "Move",
      "AbilCmd": "move,Move"
    },
    {
      "Id": "Stop",
      "Icon": "btn-command-stop",
      "Tooltip": "Orders selected units to cancel all orders and stop moving.",
      "Name": "Stop",
      "AbilCmd": "stop,Stop"
    },
    {
      "Id": "MoveHoldPosition",
      "Icon": "btn-command-holdposition",
      "Tooltip": "Orders selected units to stay where they are and attack enemies that are within range. Units will neither chase down enemies nor move to engage.",
      "Name": "Hold Position",
      "AbilCmd": "move,HoldPos"
    },
    {
      "Id": "MovePatrol",
      "Icon": "btn-command-patrol",
      "Tooltip": "Orders selected units to patrol between their current position and the target area. Units will attack enemies and move to engage nearby enemies.",
      "Name": "Patrol",
      "AbilCmd": "move,Patrol"
    },
    {
      "Id": "Attack",
      "Icon": "btn-command-attack",
      "Tooltip": "Orders selected units to move to the target point, fighting nearby enemies along the way. Targeting a unit with the Attack command orders that it be attacked until it is destroyed.",
      "Name": "Attack",
      "AbilCmd": "attack,Execute"
    },
    {
      "Id": "AscendedGrimGlider",
      "Icon": "btn-ability-zerg-dehakaspawn",
      "Tooltip": "<span style=\"color: #00FF00\">+45 Life<br/>+200% Energy Regeneration<br/>+0.7 Speed</span>",
      "Name": "Ascend",
      "AbilCmd": "AscendedGrimGlider,Execute"
    },
    {
      "Id": "DragonFission",
      "Icon": "btn-ability-zerg-disguise",
      "Tooltip": "Splits into two identical clones that start with 40% life and damage. These clones have 2 regeneration and when they reach full life their damage is restored to 100%.",
      "Name": "Fission",
      "AbilCmd": "AscendedGrimGliderFission,Execute"
    },
    {
      "Id": "DragonFission",
      "Icon": "btn-ability-zerg-disguise",
      "Tooltip": "Splits into two identical clones that start with 40% life and damage. These clones have 2 regeneration and when they reach full life their damage is restored to 100%.",
      "Name": "Fission",
      "AbilCmd": "GrimGliderFission,Execute"
    },
    {
      "Id": "DragonFission",
      "Icon": "btn-ability-zerg-disguise",
      "Tooltip": "Splits into two identical clones that start with 40% life and damage. These clones have 2 regeneration and when they reach full life their damage is restored to 100%.",
      "Name": "Fission",
      "AbilCmd": "DragonFissionDisabled,Execute"
    },
    {
      "Id": "AcquireMove",
      "Icon": "btn-command-attack",
      "Tooltip": "Orders selected units to move to the target area or follow the target unit. Scan-moving units will not engage enemies.",
      "Name": "Scan Move",
      "AbilCmd": "move,AcquireMove"
    },
    {
      "Id": "AcquireMove",
      "Icon": "btn-command-attack",
      "Tooltip": "Orders selected units to move to the target area or follow the target unit. Scan-moving units will not engage enemies.",
      "Name": "Scan Move",
      "AbilCmd": "move,AcquireMove"
    },
    {
      "Id": "GrimGliderMortalitysEclipseActivate",
      "Icon": "btn-tips-fallenheroes",
      "Tooltip": "Activates Mortality's Eclipse, raising all combat units that die within <b>10</b> range of a Grim Glider as uncontrollable Shades with half life and damage that last for <b>8</b> seconds.<br/><br/><span style=\"color: #f078ff\">Drains <b>25.0</b> energy per second.</span>",
      "Name": "Mortality's Eclipse",
      "AbilCmd": "GrimGliderMortalitysEclipse,On"
    },
    {
      "Id": "GrimGliderMortalitysEclipseDeactivate",
      "Icon": "btn-command-cancel",
      "Tooltip": "Deactivates Mortality's Eclipse to conserve energy.",
      "Name": "Mortality's Eclipse",
      "AbilCmd": "GrimGliderMortalitysEclipse,Off"
    }
  ]
}