{
  "Name": "Ascended Volcanic Harbinger",
  "Description": "Heavy siege flyer that charges up attacks.<br/><br/><c val=\"#ColorAttackInfo\">Can attack ground units.</span><br/><br/><span style=\"color: #00FF00\">Ascended:<br/>+45 Life<br/>+50% Attack Speed<br/>+1 Attack Range</span>",
  "DeathRevealFilters": "Visible;Player,Ally,Neutral,Missile,Dead,Hidden",
  "DeathRevealRadius": 3,
  "DeathRevealDuration": 4,
  "DeathRevealType": "Snapshot",
  "Race": "Dragon",
  "DefaultAcquireLevel": "Offensive",
  "Response": "Acquire",
  "ResourceState": "Unknown",
  "ResourceType": "Unknown",
  "LifeStart": 225,
  "LifeMax": 225,
  "LifeArmorName": "Dragon Scale Armor",
  "Mover": "Fly",
  "StationaryTurningRate": 720,
  "TurningRate": 720,
  "Radius": 0.9375,
  "SeparationRadius": 0.9375,
  "MinimapRadius": 0.9375,
  "EditorCategories": {
    "ObjectType": "Unit",
    "ObjectFamily": "Melee"
  },
  "TacticalAIFilters": "-;Player,Ally,Neutral",
  "AIEvalFactor": 1,
  "Mass": 0.4,
  "FlagArray": [
    "Turnable",
    "Movable",
    "Unclickable",
    "Unhighlightable",
    "Untooltipable",
    "KillCredit",
    "ShowResources",
    "ClearRallyOnTargetLost",
    "PlayerRevivable",
    "CameraFollow",
    "PreventDestroy",
    "ArmySelect"
  ],
  "EditorFlags": [
    "BlockStructures"
  ],
  "PushPriority": 10,
  "LeaderAlias": "VolcanicHarbinger",
  "HotkeyAlias": "VolcanicHarbinger",
  "SelectAlias": "VolcanicHarbinger",
  "SubgroupAlias": "VolcanicHarbinger",
  "OccludeHeight": 0.75,
  "TacticalAI": "VolcanicHarbinger",
  "AIEvaluateAlias": "BroodLord",
  "ReviveType": "VolcanicHarbinger",
  "PawnItemReduction": 1,
  "Fidget": {
    "DelayMax": 30,
    "DelayMin": 10,
    "DistanceMax": 4,
    "DistanceMin": 1,
    "TurnAngle": 90,
    "TurningRate": 90,
    "ChanceArray": {
      "Idle": 100
    }
  },
  "ReviveInfoBase": {
    "Charge": {
      "Link": "VolcanicHarbinger/Revive",
      "Location": "Unit"
    },
    "Cooldown": {
      "Link": "VolcanicHarbinger/Revive",
      "Location": "Unit"
    }
  },
  "InnerRadiusSafetyMultiplier": 1,
  "ArmorType": "Unknown",
  "PlaneArray": [
    "Air"
  ],
  "Attributes": [
    "Biological",
    "Light",
    "Massive",
    "Heroic"
  ],
  "DamageDealtXP": 1,
  "DamageTakenXP": 1,
  "ScoreResult": "BuildOrder",
  "Mob": "Multiplayer",
  "Acceleration": 1,
  "CostCategory": "Army",
  "AttackTargetPriority": 20,
  "CardLayouts": [
    {
      "LayoutButtons": [
        {
          "Face": "Move",
          "Type": "AbilCmd",
          "AbilCmd": "move,Move",
          "Row": 0,
          "Column": 0
        },
        {
          "Face": "Stop",
          "Type": "AbilCmd",
          "AbilCmd": "stop,Stop",
          "Row": 0,
          "Column": 1
        },
        {
          "Face": "MoveHoldPosition",
          "Type": "AbilCmd",
          "AbilCmd": "move,HoldPos",
          "Row": 0,
          "Column": 2
        },
        {
          "Face": "MovePatrol",
          "Type": "AbilCmd",
          "AbilCmd": "move,Patrol",
          "Row": 0,
          "Column": 3
        },
        {
          "Face": "Attack",
          "Type": "AbilCmd",
          "AbilCmd": "attack,Execute",
          "Row": 0,
          "Column": 4
        },
        {
          "Face": "AscendedVolcanicHarbinger",
          "Type": "AbilCmd",
          "Row": 1,
          "Column": 4,
          "AbilCmd": "AscendedVolcanicHarbinger,Execute"
        },
        {
          "Face": "AscendedVolcanicHarbinger",
          "Type": "Passive",
          "Requirements": "Ascended",
          "ShowInGlossary": 0,
          "Row": 1,
          "Column": 4
        },
        {
          "Face": "DragonFission",
          "Type": "AbilCmd",
          "Row": 1,
          "Column": 3,
          "AbilCmd": "AscendedVolcanicHarbingerFission,Execute"
        },
        {
          "Face": "DragonFission",
          "Type": "AbilCmd",
          "Row": 1,
          "Column": 3,
          "AbilCmd": "VolcanicHarbingerFission,Execute"
        },
        {
          "Face": "DragonFission",
          "Type": "AbilCmd",
          "AbilCmd": "DragonFissionDisabled,Execute",
          "Row": 1,
          "Column": 3
        },
        {
          "Face": "VolcanicHarbingerOverload",
          "Type": "AbilCmd",
          "AbilCmd": "VolcanicHarbingerOverload,Ammo1",
          "Row": 2,
          "Column": 0
        }
      ]
    }
  ],
  "GlossaryCategory": "",
  "HotkeyCategory": "Unit/Category/DragonUnits",
  "Collide": [
    "Flying"
  ],
  "KillDisplay": "Always",
  "RankDisplay": "Always",
  "Speed": 1.5,
  "Sight": 9,
  "Height": 3.5,
  "Food": -4,
  "CostResource": {
    "Minerals": 300,
    "Vespene": 200,
    "Custom": 1560
  },
  "KillXP": 15,
  "ScoreMake": 250,
  "ScoreKill": 250,
  "SubgroupPriority": 16,
  "GlossaryPriority": 44,
  "GlossaryStrongArray": [
    "Marine",
    "Hydralisk",
    "Stalker"
  ],
  "GlossaryWeakArray": [
    "VikingFighter",
    "Corruptor",
    "Phoenix"
  ],
  "Icon": "btn-lostvinking-swarmguardian",
  "LifeArmorIcon": "btn-upgrade-zerg-flyercarapace-level0",
  "ShieldArmorIcon": "btn-upgrade-protoss-shieldslevel0",
  "Id": "AscendedVolcanicHarbinger",
  "Weapons": [
    {
      "Link": "VolcanicHarbingerAscendedPlasmaFlare",
      "Id": "VolcanicHarbingerAscendedPlasmaFlare",
      "Name": "Plasma Flare",
      "Amount": 16,
      "AttributeBonus": {
        "Armored": 4
      },
      "Kind": "Ranged",
      "TargetFilters": "Ground",
      "Range": 11,
      "Period": 0.98
    }
  ],
  "Behaviors": [
    {
      "Link": "DragonLineageLesser",
      "Id": "DragonLineageLesser",
      "Name": "Dragon Lineage"
    },
    {
      "Link": "Negative1Armor",
      "Id": "Negative1Armor",
      "Name": "-1 Armor"
    },
    {
      "Link": "DragonAscended",
      "Id": "DragonAscended",
      "Tooltip": "This Dragon is more powerful. If it dies in combat it will provide its owner with a small amount of Rage.",
      "Name": "Ascended"
    }
  ],
  "Upgrades": [],
  "Abilities": [
    {
      "Link": "stop",
      "Id": "stop",
      "Name": "Stop"
    },
    {
      "Link": "move",
      "Id": "move",
      "Name": "Move"
    },
    {
      "Link": "attack",
      "Id": "attack",
      "Name": "Attack"
    },
    {
      "Link": "AscendedVolcanicHarbinger",
      "Id": "AscendedVolcanicHarbinger",
      "Name": "Ascended Volcanic Harbinger"
    },
    {
      "Link": "AscendedVolcanicHarbingerFission",
      "Id": "AscendedVolcanicHarbingerFission",
      "Name": "Fission"
    },
    {
      "Link": "VolcanicHarbingerFission",
      "Id": "VolcanicHarbingerFission",
      "Name": "Fission"
    },
    {
      "Link": "DragonFissionDisabled",
      "Id": "DragonFissionDisabled",
      "Name": "Fission"
    },
    {
      "Link": "VolcanicHarbingerOverload",
      "Id": "VolcanicHarbingerOverload",
      "Name": "Overload"
    },
    {
      "Link": "VolcanicHarbingerQueue",
      "Id": "VolcanicHarbingerQueue",
      "Name": "Volcanic Harbinger - Queue"
    }
  ],
  "Requirements": [],
  "Production": [
    {
      "Id": "VolcanicHarbingerOverload",
      "Icon": "btn-ability-kerrigan-crushinggrip",
      "Description": "Overloads the next attack to deal increased damage to the target and all units behind it.<br/><c val=\"#ColorAttackInfo\">Overload 1: <b>50</b>% increased damage and small area,<br/>Overload 2:<b>150</b>% increased damage and medium area,<br/>Overload 3: <b>300</b>% increased damage and large area.</span></n><span style=\"color: #FF0000\">Cannot charge while attacking.</span>",
      "Name": "Overload"
    }
  ],
  "Producers": [],
  "Commands": [
    {
      "Id": "Move",
      "Icon": "btn-command-move",
      "Tooltip": "Orders selected units to move to the target area or follow the target unit. Moving units will not engage enemies.",
      "Name": "Move",
      "AbilCmd": "move,Move"
    },
    {
      "Id": "Stop",
      "Icon": "btn-command-stop",
      "Tooltip": "Orders selected units to cancel all orders and stop moving.",
      "Name": "Stop",
      "AbilCmd": "stop,Stop"
    },
    {
      "Id": "MoveHoldPosition",
      "Icon": "btn-command-holdposition",
      "Tooltip": "Orders selected units to stay where they are and attack enemies that are within range. Units will neither chase down enemies nor move to engage.",
      "Name": "Hold Position",
      "AbilCmd": "move,HoldPos"
    },
    {
      "Id": "MovePatrol",
      "Icon": "btn-command-patrol",
      "Tooltip": "Orders selected units to patrol between their current position and the target area. Units will attack enemies and move to engage nearby enemies.",
      "Name": "Patrol",
      "AbilCmd": "move,Patrol"
    },
    {
      "Id": "Attack",
      "Icon": "btn-command-attack",
      "Tooltip": "Orders selected units to move to the target point, fighting nearby enemies along the way. Targeting a unit with the Attack command orders that it be attacked until it is destroyed.",
      "Name": "Attack",
      "AbilCmd": "attack,Execute"
    },
    {
      "Id": "AscendedVolcanicHarbinger",
      "Icon": "btn-ability-zerg-dehakaspawn",
      "Tooltip": "<span style=\"color: #00FF00\">+45 Life<br/>+50% Attack Speed<br/>+1 Attack Range</span>",
      "Name": "Ascend",
      "AbilCmd": "AscendedVolcanicHarbinger,Execute"
    },
    {
      "Id": "DragonFission",
      "Icon": "btn-ability-zerg-disguise",
      "Tooltip": "Splits into two identical clones that start with 40% life and damage. These clones have 2 regeneration and when they reach full life their damage is restored to 100%.",
      "Name": "Fission",
      "AbilCmd": "AscendedVolcanicHarbingerFission,Execute"
    },
    {
      "Id": "DragonFission",
      "Icon": "btn-ability-zerg-disguise",
      "Tooltip": "Splits into two identical clones that start with 40% life and damage. These clones have 2 regeneration and when they reach full life their damage is restored to 100%.",
      "Name": "Fission",
      "AbilCmd": "VolcanicHarbingerFission,Execute"
    },
    {
      "Id": "DragonFission",
      "Icon": "btn-ability-zerg-disguise",
      "Tooltip": "Splits into two identical clones that start with 40% life and damage. These clones have 2 regeneration and when they reach full life their damage is restored to 100%.",
      "Name": "Fission",
      "AbilCmd": "DragonFissionDisabled,Execute"
    },
    {
      "Id": "VolcanicHarbingerOverload",
      "Icon": "btn-ability-kerrigan-crushinggrip",
      "Tooltip": "Overloads the next attack to deal increased damage to the target and all units behind it.<br/><c val=\"#ColorAttackInfo\">Overload 1: <b>50</b>% increased damage and small area,<br/>Overload 2:<b>150</b>% increased damage and medium area,<br/>Overload 3: <b>300</b>% increased damage and large area.</span></n><span style=\"color: #FF0000\">Cannot charge while attacking.</span>",
      "Name": "Overload",
      "AbilCmd": "VolcanicHarbingerOverload,Ammo1"
    }
  ]
}