{
  "Name": "Ascended Hunter",
  "DeathRevealFilters": "Visible;Player,Ally,Neutral,Missile,Dead,Hidden",
  "DeathRevealRadius": 3,
  "DeathRevealDuration": 4,
  "DeathRevealType": "Snapshot",
  "Race": "Dragon",
  "DefaultAcquireLevel": "Offensive",
  "Response": "Acquire",
  "ResourceState": "Unknown",
  "ResourceType": "Unknown",
  "LifeStart": 105,
  "LifeMax": 105,
  "Mover": "CliffJumper",
  "StationaryTurningRate": 720,
  "TurningRate": 720,
  "Radius": 0.75,
  "SeparationRadius": 0.75,
  "MinimapRadius": 0.75,
  "EditorCategories": {
    "ObjectType": "Unit",
    "ObjectFamily": "Melee"
  },
  "TacticalAIFilters": "-;Player,Ally,Neutral",
  "AIEvalFactor": 1,
  "Mass": 0.4,
  "FlagArray": [
    "Turnable",
    "Movable",
    "Unclickable",
    "Unhighlightable",
    "Untooltipable",
    "KillCredit",
    "ShowResources",
    "ClearRallyOnTargetLost",
    "PlayerRevivable",
    "CameraFollow",
    "PreventDestroy",
    "UseLineOfSight",
    "ArmySelect"
  ],
  "EditorFlags": [
    "BlockStructures"
  ],
  "PushPriority": 10,
  "LeaderAlias": "DragonHunter",
  "HotkeyAlias": "DragonHunter",
  "SelectAlias": "DragonHunter",
  "SubgroupAlias": "DragonHunter",
  "OccludeHeight": 0.75,
  "TacticalAI": "Hunter",
  "AIEvaluateAlias": "Reaper",
  "ReviveType": "DragonHunter",
  "PawnItemReduction": 1,
  "Fidget": {
    "DelayMax": 30,
    "DelayMin": 10,
    "DistanceMax": 4,
    "DistanceMin": 1,
    "TurnAngle": 90,
    "TurningRate": 90,
    "ChanceArray": {
      "Idle": 33,
      "Anim": 33,
      "Turn": 33
    }
  },
  "ReviveInfoBase": {
    "Charge": {
      "Link": "Hunter/Revive",
      "Location": "Unit"
    },
    "Cooldown": {
      "Link": "Hunter/Revive",
      "Location": "Unit"
    }
  },
  "InnerRadiusSafetyMultiplier": 1,
  "ArmorType": "Unknown",
  "Mob": "Multiplayer",
  "PlaneArray": [
    "Ground"
  ],
  "Collide": [
    "Ground",
    "ForceField"
  ],
  "Attributes": [
    "Armored",
    "Biological",
    "Heroic"
  ],
  "LifeArmor": 2,
  "Speed": 4,
  "Acceleration": 1000,
  "Sight": 11,
  "Food": -2,
  "CostCategory": "Army",
  "CostResource": {
    "Minerals": 75,
    "Vespene": 75,
    "Custom": 510
  },
  "AttackTargetPriority": 20,
  "DamageDealtXP": 1,
  "DamageTakenXP": 1,
  "KillXP": 15,
  "CardLayouts": [
    {
      "LayoutButtons": [
        {
          "Face": "Move",
          "Type": "AbilCmd",
          "AbilCmd": "move,Move",
          "Row": 0,
          "Column": 0
        },
        {
          "Face": "Stop",
          "Type": "AbilCmd",
          "AbilCmd": "stop,Stop",
          "Row": 0,
          "Column": 1
        },
        {
          "Face": "MoveHoldPosition",
          "Type": "AbilCmd",
          "AbilCmd": "move,HoldPos",
          "Row": 0,
          "Column": 2
        },
        {
          "Face": "MovePatrol",
          "Type": "AbilCmd",
          "AbilCmd": "move,Patrol",
          "Row": 0,
          "Column": 3
        },
        {
          "Face": "Attack",
          "Type": "AbilCmd",
          "AbilCmd": "attack,Execute",
          "Row": 0,
          "Column": 4
        },
        {
          "Face": "AscendedHunter",
          "Type": "AbilCmd",
          "AbilCmd": "AscendedHunter,Execute",
          "Row": 1,
          "Column": 4
        },
        {
          "Face": "AscendedHunter",
          "Type": "Passive",
          "Requirements": "Ascended",
          "ShowInGlossary": 0,
          "Row": 1,
          "Column": 4
        },
        {
          "Face": "DragonFission",
          "Type": "AbilCmd",
          "AbilCmd": "AscendedHunterFission,Execute",
          "Row": 1,
          "Column": 3
        },
        {
          "Face": "DragonFission",
          "Type": "AbilCmd",
          "AbilCmd": "HunterFission,Execute",
          "Row": 1,
          "Column": 3
        },
        {
          "Face": "DragonFission",
          "Type": "AbilCmd",
          "AbilCmd": "DragonFissionDisabled,Execute",
          "Row": 1,
          "Column": 3
        },
        {
          "Face": "DragonHunterCliffJumper",
          "Type": "Passive",
          "Row": 1,
          "Column": 0
        },
        {
          "Face": "HunterTongueLash",
          "Type": "Passive",
          "Row": 1,
          "Column": 1
        },
        {
          "Face": "HunterFeast",
          "Type": "Passive",
          "Requirements": "HunterFeast",
          "Row": 1,
          "Column": 2
        }
      ]
    }
  ],
  "InnerRadius": 0.5,
  "CargoSize": 2,
  "ScoreMake": 100,
  "ScoreKill": 100,
  "ScoreResult": "BuildOrder",
  "SubgroupPriority": 9,
  "GlossaryPriority": 22,
  "GlossaryStrongArray": [
    "SCV",
    "Drone",
    "Probe"
  ],
  "GlossaryWeakArray": [
    "Marauder",
    "Roach",
    "Stalker"
  ],
  "HotkeyCategory": "Unit/Category/DragonUnits",
  "KillDisplay": "Always",
  "RankDisplay": "Always",
  "Icon": "btn-unit-zerg-ravasaur",
  "LifeArmorIcon": "btn-upgrade-zerg-groundcarapace-level0",
  "ShieldArmorIcon": "btn-upgrade-protoss-shieldslevel0",
  "Id": "AscendedDragonHunter",
  "Weapons": [
    {
      "Link": "DragonHunterClaws",
      "Id": "DragonHunterClaws",
      "Icon": "btn-upgrade-zerg-meleeattacks-level0",
      "Name": "Claws",
      "Amount": 8,
      "AttributeBonus": {
        "Light": 0
      },
      "Kind": "Melee",
      "DisplayAttackCount": 2,
      "TargetFilters": "Ground",
      "Range": 0.25,
      "Period": 1.05
    },
    {
      "Link": "DragonHunterTongueLash",
      "Id": "DragonHunterTongueLash",
      "Icon": "btn-upgrade-zerg-meleeattacks-level0",
      "Name": "Tongue Lash",
      "Amount": 9,
      "AttributeBonus": {
        "Light": 6
      },
      "Kind": "Melee",
      "TargetFilters": "Ground",
      "Range": 5,
      "Period": 1.05
    }
  ],
  "Behaviors": [
    {
      "Link": "DragonLineageLesser",
      "Id": "DragonLineageLesser",
      "Name": "Dragon Lineage"
    },
    {
      "Link": "DragonHunter",
      "Id": "DragonHunter"
    },
    {
      "Link": "DragonAscended",
      "Id": "DragonAscended",
      "Tooltip": "This Dragon is more powerful. If it dies in combat it will provide its owner with a small amount of Rage.",
      "Name": "Ascended"
    }
  ],
  "Upgrades": [],
  "Abilities": [
    {
      "Link": "stop",
      "Id": "stop",
      "Name": "Stop"
    },
    {
      "Link": "move",
      "Id": "move",
      "Name": "Move"
    },
    {
      "Link": "attack",
      "Id": "attack",
      "Name": "Attack"
    },
    {
      "Link": "AscendedHunter",
      "Id": "AscendedHunter",
      "Name": "Ascended Hunter"
    },
    {
      "Link": "AscendedHunterFission",
      "Id": "AscendedHunterFission",
      "Name": "Fission"
    },
    {
      "Link": "HunterFission",
      "Id": "HunterFission",
      "Name": "Fission"
    },
    {
      "Link": "DragonFissionDisabled",
      "Id": "DragonFissionDisabled",
      "Name": "Fission"
    }
  ],
  "Requirements": [],
  "Production": [],
  "Producers": [],
  "Commands": [
    {
      "Id": "Move",
      "Icon": "btn-command-move",
      "Tooltip": "Orders selected units to move to the target area or follow the target unit. Moving units will not engage enemies.",
      "Name": "Move",
      "AbilCmd": "move,Move"
    },
    {
      "Id": "Stop",
      "Icon": "btn-command-stop",
      "Tooltip": "Orders selected units to cancel all orders and stop moving.",
      "Name": "Stop",
      "AbilCmd": "stop,Stop"
    },
    {
      "Id": "MoveHoldPosition",
      "Icon": "btn-command-holdposition",
      "Tooltip": "Orders selected units to stay where they are and attack enemies that are within range. Units will neither chase down enemies nor move to engage.",
      "Name": "Hold Position",
      "AbilCmd": "move,HoldPos"
    },
    {
      "Id": "MovePatrol",
      "Icon": "btn-command-patrol",
      "Tooltip": "Orders selected units to patrol between their current position and the target area. Units will attack enemies and move to engage nearby enemies.",
      "Name": "Patrol",
      "AbilCmd": "move,Patrol"
    },
    {
      "Id": "Attack",
      "Icon": "btn-command-attack",
      "Tooltip": "Orders selected units to move to the target point, fighting nearby enemies along the way. Targeting a unit with the Attack command orders that it be attacked until it is destroyed.",
      "Name": "Attack",
      "AbilCmd": "attack,Execute"
    },
    {
      "Id": "AscendedHunter",
      "Icon": "btn-ability-zerg-dehakaspawn",
      "Tooltip": "<span style=\"color: #00FF00\">+30 Life<br/>+1 Armor<br/>+0.7 Speed</span>",
      "Name": "Ascend",
      "AbilCmd": "AscendedHunter,Execute"
    },
    {
      "Id": "DragonFission",
      "Icon": "btn-ability-zerg-disguise",
      "Tooltip": "Splits into two identical clones that start with 40% life and damage. These clones have 2 regeneration and when they reach full life their damage is restored to 100%.",
      "Name": "Fission",
      "AbilCmd": "AscendedHunterFission,Execute"
    },
    {
      "Id": "DragonFission",
      "Icon": "btn-ability-zerg-disguise",
      "Tooltip": "Splits into two identical clones that start with 40% life and damage. These clones have 2 regeneration and when they reach full life their damage is restored to 100%.",
      "Name": "Fission",
      "AbilCmd": "HunterFission,Execute"
    },
    {
      "Id": "DragonFission",
      "Icon": "btn-ability-zerg-disguise",
      "Tooltip": "Splits into two identical clones that start with 40% life and damage. These clones have 2 regeneration and when they reach full life their damage is restored to 100%.",
      "Name": "Fission",
      "AbilCmd": "DragonFissionDisabled,Execute"
    }
  ]
}