{
  "Name": "Ascended Plodder",
  "Description": "Basic worker unit. Can harvest minerals and vespene gas. Can excavate structures.<br/><br/><c val=\"#ColorAttackInfo\">Can attack ground units.</span><br/><br/><span style=\"color: #00FF00\">Ascended:<br/>+10 Life<br/>+1 Armor<br/>+3 Minerals Gathered<br/>+2 Vespene Gathered</span>",
  "DeathRevealFilters": "Visible;Player,Ally,Neutral,Missile,Dead,Hidden",
  "DeathRevealRadius": 3,
  "DeathRevealDuration": 4,
  "DeathRevealType": "Snapshot",
  "Race": "Dragon",
  "DefaultAcquireLevel": "Defensive",
  "Response": "Acquire",
  "ResourceState": "Unknown",
  "ResourceType": "Unknown",
  "LifeStart": 45,
  "LifeMax": 45,
  "LifeArmorName": "Dragon Scale Armor",
  "Mover": "Ground",
  "StationaryTurningRate": 720,
  "TurningRate": 720,
  "Radius": 0.5,
  "SeparationRadius": 0.5,
  "MinimapRadius": 0.5,
  "EditorCategories": {
    "ObjectType": "Unit",
    "ObjectFamily": "Melee"
  },
  "TacticalAIFilters": "-;Player,Ally,Neutral",
  "AIEvalFactor": 1,
  "Mass": 0.4,
  "FlagArray": [
    "Turnable",
    "Movable",
    "Unclickable",
    "Unhighlightable",
    "Untooltipable",
    "KillCredit",
    "ShowResources",
    "ClearRallyOnTargetLost",
    "PlayerRevivable",
    "CameraFollow",
    "PreventDestroy",
    "Worker",
    "UseLineOfSight"
  ],
  "EditorFlags": [
    "BlockStructures"
  ],
  "PushPriority": 10,
  "LeaderAlias": "Plodder",
  "HotkeyAlias": "Plodder",
  "SelectAlias": "Plodder",
  "SubgroupAlias": "Plodder",
  "OccludeHeight": 0.75,
  "TacticalAI": "Plodder",
  "AIEvaluateAlias": "Probe",
  "ReviveType": "Plodder",
  "PawnItemReduction": 1,
  "Fidget": {
    "DelayMax": 30,
    "DelayMin": 10,
    "DistanceMax": 4,
    "DistanceMin": 1,
    "TurnAngle": 90,
    "TurningRate": 90,
    "ChanceArray": {
      "Idle": 100
    }
  },
  "ReviveInfoBase": {
    "Charge": {
      "Link": "Plodder/Revive",
      "Location": "Unit"
    },
    "Cooldown": {
      "Link": "Plodder/Revive",
      "Location": "Unit"
    }
  },
  "InnerRadiusSafetyMultiplier": 1,
  "ArmorType": "Unknown",
  "PlaneArray": [
    "Ground"
  ],
  "Attributes": [
    "Biological",
    "Light",
    "Heroic"
  ],
  "DamageDealtXP": 1,
  "DamageTakenXP": 1,
  "ScoreResult": "BuildOrder",
  "Mob": "Multiplayer",
  "Acceleration": 2.5,
  "CostCategory": "Economy",
  "AttackTargetPriority": 20,
  "CardLayouts": [
    {
      "LayoutButtons": [
        {
          "Face": "Move",
          "Type": "AbilCmd",
          "AbilCmd": "move,Move",
          "Row": 0,
          "Column": 0
        },
        {
          "Face": "Stop",
          "Type": "AbilCmd",
          "AbilCmd": "stop,Stop",
          "Row": 0,
          "Column": 1
        },
        {
          "Face": "MoveHoldPosition",
          "Type": "AbilCmd",
          "AbilCmd": "move,HoldPos",
          "Row": 0,
          "Column": 2
        },
        {
          "Face": "MovePatrol",
          "Type": "AbilCmd",
          "AbilCmd": "move,Patrol",
          "Row": 0,
          "Column": 3
        },
        {
          "Face": "Attack",
          "Type": "AbilCmd",
          "AbilCmd": "attack,Execute",
          "Row": 0,
          "Column": 4
        },
        {
          "Face": "AscendedPlodder",
          "Type": "AbilCmd",
          "Row": 1,
          "Column": 4,
          "AbilCmd": "AscendedPlodder,Execute"
        },
        {
          "Face": "AscendedPlodder",
          "Type": "Passive",
          "Requirements": "Ascended",
          "ShowInGlossary": 0,
          "Row": 1,
          "Column": 4
        },
        {
          "Face": "DragonFission",
          "Type": "AbilCmd",
          "Row": 1,
          "Column": 3,
          "AbilCmd": "AscendedPlodderFission,Execute"
        },
        {
          "Face": "DragonFission",
          "Type": "AbilCmd",
          "Row": 1,
          "Column": 3,
          "AbilCmd": "PlodderFission,Execute"
        },
        {
          "Face": "DragonFission",
          "Type": "AbilCmd",
          "AbilCmd": "DragonFissionDisabled,Execute",
          "Row": 1,
          "Column": 3
        },
        {
          "Face": "PlodderGather",
          "Type": "AbilCmd",
          "AbilCmd": "DroneHarvest,Gather",
          "Row": 1,
          "Column": 0
        },
        {
          "Face": "ReturnCargo",
          "Type": "AbilCmd",
          "AbilCmd": "DroneHarvest,Return",
          "Row": 1,
          "Column": 1
        },
        {
          "Face": "UnearthDeepOne",
          "Type": "Submenu",
          "AbilCmd": "PlodderBuild,Build1",
          "SubmenuCardId": "2",
          "Row": 2,
          "Column": 0
        }
      ]
    },
    {
      "LayoutButtons": [
        {
          "Face": "DenizenoftheDeep",
          "Type": "AbilCmd",
          "AbilCmd": "PlodderBuild,Build1",
          "Row": 0,
          "Column": 0
        },
        {
          "Face": "LesserDeepOne",
          "Type": "AbilCmd",
          "AbilCmd": "PlodderBuild,Build3",
          "Row": 1,
          "Column": 0
        },
        {
          "Face": "GreaterDeepOne",
          "Type": "AbilCmd",
          "AbilCmd": "PlodderBuild,Build4",
          "Row": 1,
          "Column": 1
        },
        {
          "Face": "ToweringDeepOne",
          "Type": "AbilCmd",
          "AbilCmd": "PlodderBuild,Build5",
          "Row": 1,
          "Column": 2
        },
        {
          "Face": "FrontierDeepOne",
          "Type": "AbilCmd",
          "AbilCmd": "PlodderBuild,Build2",
          "Row": 0,
          "Column": 1
        },
        {
          "Face": "Cancel",
          "Type": "CancelSubmenu",
          "Row": 2,
          "Column": 4
        }
      ],
      "CardId": "2"
    }
  ],
  "GlossaryCategory": "",
  "HotkeyCategory": "Unit/Category/DragonUnits",
  "Collide": [
    "Ground",
    "ForceField"
  ],
  "LifeArmor": 2,
  "Speed": 2.8125,
  "LateralAcceleration": 46.0625,
  "Sight": 8,
  "Food": -1,
  "CostResource": {
    "Minerals": 50,
    "Custom": 100
  },
  "KillXP": 10,
  "CargoSize": 1,
  "ScoreMake": 50,
  "ScoreKill": 50,
  "SubgroupPriority": 7,
  "GlossaryPriority": 11,
  "KillDisplay": "Always",
  "RankDisplay": "Always",
  "Icon": "btn-critter-crabeetle",
  "LifeArmorIcon": "btn-upgrade-zerg-flyercarapace-level0",
  "ShieldArmorIcon": "btn-upgrade-protoss-shieldslevel0",
  "Id": "AscendedPlodder",
  "Weapons": [
    {
      "Link": "PlodderPincer",
      "Id": "PlodderPincer",
      "Icon": "btn-upgrade-zerg-meleeattacks-level0",
      "Name": "Pincer",
      "Amount": 5,
      "Kind": "Melee",
      "TargetFilters": "Ground",
      "Range": 0.1,
      "Period": 1.5
    }
  ],
  "Behaviors": [
    {
      "Link": "DragonLineageLesser",
      "Id": "DragonLineageLesser",
      "Name": "Dragon Lineage"
    },
    {
      "Link": "DragonAscended",
      "Id": "DragonAscended",
      "Tooltip": "This Dragon is more powerful. If it dies in combat it will provide its owner with a small amount of Rage.",
      "Name": "Ascended"
    }
  ],
  "Upgrades": [],
  "Abilities": [
    {
      "Link": "stop",
      "Id": "stop",
      "Name": "Stop"
    },
    {
      "Link": "move",
      "Id": "move",
      "Name": "Move"
    },
    {
      "Link": "attack",
      "Id": "attack",
      "Name": "Attack"
    },
    {
      "Link": "AscendedPlodder",
      "Id": "AscendedPlodder",
      "Name": "Ascended Plodder"
    },
    {
      "Link": "AscendedPlodderFission",
      "Id": "AscendedPlodderFission",
      "Name": "Fission"
    },
    {
      "Link": "PlodderFission",
      "Id": "PlodderFission",
      "Name": "Fission"
    },
    {
      "Link": "DragonFissionDisabled",
      "Id": "DragonFissionDisabled",
      "Name": "Fission"
    },
    {
      "Link": "PlodderBuild",
      "Id": "PlodderBuild",
      "Name": "Plodder - Build"
    },
    {
      "Link": "DroneHarvest",
      "Id": "DroneHarvest",
      "Name": "Gather (Drone)"
    }
  ],
  "Requirements": [],
  "Production": [
    {
      "Id": "DenizenoftheDeep",
      "Icon": "btn-building-zerg-primalhive",
      "Description": "Primary structure. Used to receive gathered resources. Propogates economic Dragon structures.<br/><br/><span style=\"color: #ffff8a\">Enables:</span><br/>- Plodders<br/>- Razorbacks<br/>- Coagulaters",
      "Name": "Denizen of the Deep"
    },
    {
      "Id": "DenizenoftheDeep",
      "Icon": "btn-building-zerg-primalhive",
      "Description": "Primary structure. Used to receive gathered resources. Propogates economic Dragon structures.<br/><br/><span style=\"color: #ffff8a\">Enables:</span><br/>- Plodders<br/>- Razorbacks<br/>- Coagulaters",
      "Name": "Denizen of the Deep"
    },
    {
      "Id": "LesserDeepOne",
      "Icon": "btn-building-zerg-nydusworm",
      "Description": "Spawns lesser Dragon units.<br/><br/><span style=\"color: #ffff8a\">Enables:</span><br/>- Flamespitters<br/>- Hunters",
      "Name": "Lesser Deep One"
    },
    {
      "Id": "GreaterDeepOne",
      "Icon": "btn-unit-zerg-nydusdragon",
      "Description": "Spawns greater Dragon units.<br/><br/><span style=\"color: #ffff8a\">Enables:</span><br/>- Berserkers<br/>- Skyrazers",
      "Name": "Greater Deep One"
    },
    {
      "Id": "ToweringDeepOne",
      "Icon": "btn-unit-zerg-nydusdestroyer",
      "Description": "Spawns flying Dragon units.<br/><br/><span style=\"color: #ffff8a\">Enables:</span><br/>- Fleshrenders<br/>- Aurora Conduits<br/>- Arkwyrms",
      "Name": "Towering Deep One"
    },
    {
      "Id": "FrontierDeepOne",
      "Icon": "btn-unit-zerg-nyduscreeptower",
      "Description": "Propogates basic Dragon structures. Heals nearby biological units.<br/><br/><span style=\"color: #ffff8a\">Enables:</span><br/>- Razorbacks<br/>- Augmentation Pits<br/>- Sunken Guardians<br/>- Phlogiston Guardians",
      "Name": "Frontier Deep One"
    }
  ],
  "Producers": [],
  "Commands": [
    {
      "Id": "Move",
      "Icon": "btn-command-move",
      "Tooltip": "Orders selected units to move to the target area or follow the target unit. Moving units will not engage enemies.",
      "Name": "Move",
      "AbilCmd": "move,Move"
    },
    {
      "Id": "Stop",
      "Icon": "btn-command-stop",
      "Tooltip": "Orders selected units to cancel all orders and stop moving.",
      "Name": "Stop",
      "AbilCmd": "stop,Stop"
    },
    {
      "Id": "MoveHoldPosition",
      "Icon": "btn-command-holdposition",
      "Tooltip": "Orders selected units to stay where they are and attack enemies that are within range. Units will neither chase down enemies nor move to engage.",
      "Name": "Hold Position",
      "AbilCmd": "move,HoldPos"
    },
    {
      "Id": "MovePatrol",
      "Icon": "btn-command-patrol",
      "Tooltip": "Orders selected units to patrol between their current position and the target area. Units will attack enemies and move to engage nearby enemies.",
      "Name": "Patrol",
      "AbilCmd": "move,Patrol"
    },
    {
      "Id": "Attack",
      "Icon": "btn-command-attack",
      "Tooltip": "Orders selected units to move to the target point, fighting nearby enemies along the way. Targeting a unit with the Attack command orders that it be attacked until it is destroyed.",
      "Name": "Attack",
      "AbilCmd": "attack,Execute"
    },
    {
      "Id": "AscendedPlodder",
      "Icon": "btn-ability-zerg-dehakaspawn",
      "Tooltip": "<span style=\"color: #00FF00\">+10 Life<br/>+1 Armor<br/>+3 Minerals Gathered<br/>+2 Vespene Gathered</span>",
      "Name": "Ascend",
      "AbilCmd": "AscendedPlodder,Execute"
    },
    {
      "Id": "DragonFission",
      "Icon": "btn-ability-zerg-disguise",
      "Tooltip": "Splits into two identical clones that start with 40% life and damage. These clones have 2 regeneration and when they reach full life their damage is restored to 100%.",
      "Name": "Fission",
      "AbilCmd": "AscendedPlodderFission,Execute"
    },
    {
      "Id": "DragonFission",
      "Icon": "btn-ability-zerg-disguise",
      "Tooltip": "Splits into two identical clones that start with 40% life and damage. These clones have 2 regeneration and when they reach full life their damage is restored to 100%.",
      "Name": "Fission",
      "AbilCmd": "PlodderFission,Execute"
    },
    {
      "Id": "DragonFission",
      "Icon": "btn-ability-zerg-disguise",
      "Tooltip": "Splits into two identical clones that start with 40% life and damage. These clones have 2 regeneration and when they reach full life their damage is restored to 100%.",
      "Name": "Fission",
      "AbilCmd": "DragonFissionDisabled,Execute"
    },
    {
      "Id": "PlodderGather",
      "Icon": "btn-ability-zerg-gather",
      "Tooltip": "Orders Plodder to gather resources from a selected Mineral Field or Vespene Geyser.",
      "Name": "Gather",
      "AbilCmd": "DroneHarvest,Gather"
    },
    {
      "Id": "ReturnCargo",
      "Icon": "btn-command-returncargo",
      "Tooltip": "Returns the carried resources to the nearest drop-off point.",
      "Name": "Return Cargo",
      "AbilCmd": "DroneHarvest,Return"
    },
    {
      "Id": "UnearthDeepOne",
      "Icon": "btn-ability-zerg-deeptunnel",
      "Tooltip": "A list of structures.",
      "Name": "Unearth Deep One",
      "AbilCmd": "PlodderBuild,Build1"
    },
    {
      "Id": "DenizenoftheDeep",
      "Icon": "btn-building-zerg-primalhive",
      "Tooltip": "Primary structure. Used to receive gathered resources. Propogates economic Dragon structures.<br/><br/><span style=\"color: #ffff8a\">Enables:</span><br/>- Plodders<br/>- Razorbacks<br/>- Coagulaters",
      "Name": "Unearth Denizen of the Deep",
      "AbilCmd": "PlodderBuild,Build1"
    },
    {
      "Id": "LesserDeepOne",
      "Icon": "btn-building-zerg-nydusworm",
      "Tooltip": "Spawns lesser Dragon units.<br/><br/><span style=\"color: #ffff8a\">Enables:</span><br/>- Flamespitters<br/>- Hunters",
      "Name": "Unearth Lesser Deep One",
      "AbilCmd": "PlodderBuild,Build3"
    },
    {
      "Id": "GreaterDeepOne",
      "Icon": "btn-unit-zerg-nydusdragon",
      "Tooltip": "Spawns greater Dragon units.<br/><br/><span style=\"color: #ffff8a\">Enables:</span><br/>- Berserkers<br/>- Skyrazers",
      "Name": "Unearth Greater Deep One",
      "AbilCmd": "PlodderBuild,Build4"
    },
    {
      "Id": "ToweringDeepOne",
      "Icon": "btn-unit-zerg-nydusdestroyer",
      "Tooltip": "Spawns flying Dragon units.<br/><br/><span style=\"color: #ffff8a\">Enables:</span><br/>- Fleshrenders<br/>- Aurora Conduits<br/>- Arkwyrms",
      "Name": "Unearth Towering Deep One",
      "AbilCmd": "PlodderBuild,Build5"
    },
    {
      "Id": "FrontierDeepOne",
      "Icon": "btn-unit-zerg-nyduscreeptower",
      "Tooltip": "Propogates basic Dragon structures. Heals nearby biological units.<br/><br/><span style=\"color: #ffff8a\">Enables:</span><br/>- Razorbacks<br/>- Augmentation Pits<br/>- Sunken Guardians<br/>- Phlogiston Guardians",
      "Name": "Unearth Frontier Deep One",
      "AbilCmd": "PlodderBuild,Build2"
    }
  ]
}