{
  "Name": "Ascended Skyrazer",
  "Description": "Ranged unit. Projectiles may retarget. Powerful anti-air attack.<br/><br/><c val=\"#ColorAttackInfo\">Can attack ground and air units.</span><br/><br/><span style=\"color: #00FF00\">Ascended:<br/>+30 Life<br/>+1 Attack Projectile</span>",
  "DeathRevealFilters": "Visible;Player,Ally,Neutral,Missile,Dead,Hidden",
  "DeathRevealRadius": 3,
  "DeathRevealDuration": 4,
  "DeathRevealType": "Snapshot",
  "Race": "Dragon",
  "DefaultAcquireLevel": "Offensive",
  "Response": "Acquire",
  "ResourceState": "Unknown",
  "ResourceType": "Unknown",
  "LifeStart": 180,
  "LifeMax": 180,
  "Mover": "Ground",
  "StationaryTurningRate": 720,
  "TurningRate": 720,
  "Radius": 0.8125,
  "SeparationRadius": 0.8125,
  "MinimapRadius": 0.8125,
  "EditorCategories": {
    "ObjectType": "Unit",
    "ObjectFamily": "Melee"
  },
  "TacticalAIFilters": "-;Player,Ally,Neutral",
  "AIEvalFactor": 1,
  "Mass": 0.4,
  "FlagArray": [
    "Turnable",
    "Movable",
    "Unclickable",
    "Unhighlightable",
    "Untooltipable",
    "KillCredit",
    "ShowResources",
    "ClearRallyOnTargetLost",
    "PlayerRevivable",
    "CameraFollow",
    "PreventDestroy",
    "UseLineOfSight",
    "ArmySelect"
  ],
  "EditorFlags": [
    "BlockStructures"
  ],
  "PushPriority": 10,
  "LeaderAlias": "Skyrazer",
  "HotkeyAlias": "Skyrazer",
  "SelectAlias": "Skyrazer",
  "SubgroupAlias": "Skyrazer",
  "OccludeHeight": 0.75,
  "TacticalAI": "Skyrazer",
  "AIEvaluateAlias": "Hydralisk",
  "ReviveType": "Skyrazer",
  "PawnItemReduction": 1,
  "Fidget": {
    "DelayMax": 30,
    "DelayMin": 10,
    "DistanceMax": 4,
    "DistanceMin": 1,
    "TurnAngle": 90,
    "TurningRate": 90,
    "ChanceArray": {
      "Idle": 33,
      "Anim": 33,
      "Turn": 33
    }
  },
  "ReviveInfoBase": {
    "Charge": {
      "Link": "Skyrazer/Revive",
      "Location": "Unit"
    },
    "Cooldown": {
      "Link": "Skyrazer/Revive",
      "Location": "Unit"
    }
  },
  "InnerRadiusSafetyMultiplier": 1,
  "ArmorType": "Unknown",
  "PlaneArray": [
    "Ground"
  ],
  "Attributes": [
    "Biological",
    "Armored",
    "Heroic"
  ],
  "DamageDealtXP": 1,
  "DamageTakenXP": 1,
  "ScoreResult": "BuildOrder",
  "Mob": "Multiplayer",
  "Acceleration": 1000,
  "CostCategory": "Army",
  "AttackTargetPriority": 20,
  "CardLayouts": [
    {
      "LayoutButtons": [
        {
          "Face": "Move",
          "Type": "AbilCmd",
          "AbilCmd": "move,Move",
          "Row": 0,
          "Column": 0
        },
        {
          "Face": "Stop",
          "Type": "AbilCmd",
          "AbilCmd": "stop,Stop",
          "Row": 0,
          "Column": 1
        },
        {
          "Face": "MoveHoldPosition",
          "Type": "AbilCmd",
          "AbilCmd": "move,HoldPos",
          "Row": 0,
          "Column": 2
        },
        {
          "Face": "MovePatrol",
          "Type": "AbilCmd",
          "AbilCmd": "move,Patrol",
          "Row": 0,
          "Column": 3
        },
        {
          "Face": "Attack",
          "Type": "AbilCmd",
          "AbilCmd": "attack,Execute",
          "Row": 0,
          "Column": 4
        },
        {
          "Face": "AscendedSkyrazer",
          "Type": "AbilCmd",
          "Row": 1,
          "Column": 4,
          "AbilCmd": "AscendedSkyrazer,Execute"
        },
        {
          "Face": "AscendedSkyrazer",
          "Type": "Passive",
          "Requirements": "Ascended",
          "ShowInGlossary": 0,
          "Row": 1,
          "Column": 4
        },
        {
          "Face": "DragonFission",
          "Type": "AbilCmd",
          "Row": 1,
          "Column": 3,
          "AbilCmd": "AscendedSkyrazerFission,Execute"
        },
        {
          "Face": "DragonFission",
          "Type": "AbilCmd",
          "Row": 1,
          "Column": 3,
          "AbilCmd": "SkyrazerFission,Execute"
        },
        {
          "Face": "DragonFission",
          "Type": "AbilCmd",
          "AbilCmd": "DragonFissionDisabled,Execute",
          "Row": 1,
          "Column": 3
        },
        {
          "Face": "DragonRetarget",
          "Type": "Passive",
          "Row": 1,
          "Column": 0
        },
        {
          "Face": "SkyrazerEmberCore",
          "Type": "Passive",
          "Requirements": "SkyrazerEmberCore",
          "Row": 1,
          "Column": 1
        }
      ]
    }
  ],
  "GlossaryCategory": "",
  "HotkeyCategory": "Unit/Category/DragonUnits",
  "Collide": [
    "Ground",
    "ForceField"
  ],
  "KillDisplay": "Always",
  "RankDisplay": "Always",
  "Speed": 2.5,
  "Sight": 11,
  "Food": -3,
  "CostResource": {
    "Minerals": 150,
    "Vespene": 100,
    "Custom": 780
  },
  "KillXP": 15,
  "CargoSize": 4,
  "ScoreMake": 100,
  "ScoreKill": 100,
  "SubgroupPriority": 12,
  "GlossaryPriority": 32,
  "GlossaryStrongArray": [
    "Banshee",
    "Mutalisk",
    "VoidRay"
  ],
  "GlossaryWeakArray": [
    "Marauder",
    "Roach",
    "Immortal"
  ],
  "LifeArmor": 1,
  "Icon": "btn-unit-zerg-tyrannozor",
  "LifeArmorIcon": "btn-upgrade-zerg-groundcarapace-level0",
  "ShieldArmorIcon": "btn-upgrade-protoss-shieldslevel0",
  "Id": "AscendedSkyrazer",
  "Weapons": [
    {
      "Link": "SkyrazerAscendedSuperiorBlast",
      "Id": "SkyrazerAscendedSuperiorBlast",
      "Name": "Superior Blast",
      "Amount": 8,
      "AttributeBonus": {
        "Armored": 3
      },
      "Kind": "Ranged",
      "DisplayAttackCount": 3,
      "TargetFilters": "Air",
      "Range": 7,
      "Period": 0.91
    },
    {
      "Link": "SkyrazerSavageClaws",
      "Id": "SkyrazerSavageClaws",
      "Icon": "btn-upgrade-zerg-meleeattacks-level0",
      "Name": "Savage Claws",
      "Amount": 14,
      "Kind": "Melee",
      "TargetFilters": "Ground",
      "Range": 0.25,
      "Period": 0.91
    },
    {
      "Link": "SkyrazerAscendedInferiorBlast",
      "Id": "SkyrazerAscendedInferiorBlast",
      "Name": "Inferior Blast",
      "Amount": 8,
      "AttributeBonus": {
        "Armored": 3
      },
      "Kind": "Ranged",
      "DisplayAttackCount": 2,
      "TargetFilters": "Ground",
      "Range": 6,
      "Period": 0.91
    }
  ],
  "Behaviors": [
    {
      "Link": "DragonLineageLesser",
      "Id": "DragonLineageLesser",
      "Name": "Dragon Lineage"
    },
    {
      "Link": "SkyrazerAscended1",
      "Id": "SkyrazerAscended1",
      "Name": "Skyrazer"
    },
    {
      "Link": "SkyrazerAscended2",
      "Id": "SkyrazerAscended2",
      "Name": "Skyrazer"
    },
    {
      "Link": "SkyrazerAscended3",
      "Id": "SkyrazerAscended3",
      "Name": "Skyrazer"
    },
    {
      "Link": "DragonAscended",
      "Id": "DragonAscended",
      "Tooltip": "This Dragon is more powerful. If it dies in combat it will provide its owner with a small amount of Rage.",
      "Name": "Ascended"
    }
  ],
  "Upgrades": [],
  "Abilities": [
    {
      "Link": "stop",
      "Id": "stop",
      "Name": "Stop"
    },
    {
      "Link": "move",
      "Id": "move",
      "Name": "Move"
    },
    {
      "Link": "attack",
      "Id": "attack",
      "Name": "Attack"
    },
    {
      "Link": "AscendedSkyrazer",
      "Id": "AscendedSkyrazer",
      "Name": "Ascended Skyrazer"
    },
    {
      "Link": "AscendedSkyrazerFission",
      "Id": "AscendedSkyrazerFission",
      "Name": "Fission"
    },
    {
      "Link": "SkyrazerFission",
      "Id": "SkyrazerFission",
      "Name": "Fission"
    },
    {
      "Link": "DragonFissionDisabled",
      "Id": "DragonFissionDisabled",
      "Name": "Fission"
    }
  ],
  "Requirements": [],
  "Production": [],
  "Producers": [],
  "Commands": [
    {
      "Id": "Move",
      "Icon": "btn-command-move",
      "Tooltip": "Orders selected units to move to the target area or follow the target unit. Moving units will not engage enemies.",
      "Name": "Move",
      "AbilCmd": "move,Move"
    },
    {
      "Id": "Stop",
      "Icon": "btn-command-stop",
      "Tooltip": "Orders selected units to cancel all orders and stop moving.",
      "Name": "Stop",
      "AbilCmd": "stop,Stop"
    },
    {
      "Id": "MoveHoldPosition",
      "Icon": "btn-command-holdposition",
      "Tooltip": "Orders selected units to stay where they are and attack enemies that are within range. Units will neither chase down enemies nor move to engage.",
      "Name": "Hold Position",
      "AbilCmd": "move,HoldPos"
    },
    {
      "Id": "MovePatrol",
      "Icon": "btn-command-patrol",
      "Tooltip": "Orders selected units to patrol between their current position and the target area. Units will attack enemies and move to engage nearby enemies.",
      "Name": "Patrol",
      "AbilCmd": "move,Patrol"
    },
    {
      "Id": "Attack",
      "Icon": "btn-command-attack",
      "Tooltip": "Orders selected units to move to the target point, fighting nearby enemies along the way. Targeting a unit with the Attack command orders that it be attacked until it is destroyed.",
      "Name": "Attack",
      "AbilCmd": "attack,Execute"
    },
    {
      "Id": "AscendedSkyrazer",
      "Icon": "btn-ability-zerg-dehakaspawn",
      "Tooltip": "<span style=\"color: #00FF00\">+30 Life<br/>+1 Attack Projectile</span>",
      "Name": "Ascend",
      "AbilCmd": "AscendedSkyrazer,Execute"
    },
    {
      "Id": "DragonFission",
      "Icon": "btn-ability-zerg-disguise",
      "Tooltip": "Splits into two identical clones that start with 40% life and damage. These clones have 2 regeneration and when they reach full life their damage is restored to 100%.",
      "Name": "Fission",
      "AbilCmd": "AscendedSkyrazerFission,Execute"
    },
    {
      "Id": "DragonFission",
      "Icon": "btn-ability-zerg-disguise",
      "Tooltip": "Splits into two identical clones that start with 40% life and damage. These clones have 2 regeneration and when they reach full life their damage is restored to 100%.",
      "Name": "Fission",
      "AbilCmd": "SkyrazerFission,Execute"
    },
    {
      "Id": "DragonFission",
      "Icon": "btn-ability-zerg-disguise",
      "Tooltip": "Splits into two identical clones that start with 40% life and damage. These clones have 2 regeneration and when they reach full life their damage is restored to 100%.",
      "Name": "Fission",
      "AbilCmd": "DragonFissionDisabled,Execute"
    }
  ]
}