{
  "Name": "Ascended Aurora Conduit",
  "Description": "Flying ranged support unit. Reduces enemy armor on attack.<br/><br/><c val=\"#ColorAttackInfo\">Can attack ground and air units.</span><br/><br/><span style=\"color: #00FF00\">Ascended:<br/>+30 Life<br/>+1 Range<br/>Nether Shock chain deals damage</span>",
  "DeathRevealFilters": "Visible;Player,Ally,Neutral,Missile,Dead,Hidden",
  "DeathRevealRadius": 3,
  "DeathRevealDuration": 4,
  "DeathRevealType": "Snapshot",
  "Race": "Dragon",
  "DefaultAcquireLevel": "Offensive",
  "Response": "Acquire",
  "ResourceState": "Unknown",
  "ResourceType": "Unknown",
  "LifeStart": 180,
  "LifeMax": 180,
  "Mover": "Fly",
  "StationaryTurningRate": 720,
  "TurningRate": 720,
  "Radius": 0.75,
  "SeparationRadius": 0.75,
  "MinimapRadius": 0.75,
  "EditorCategories": {
    "ObjectType": "Unit",
    "ObjectFamily": "Melee"
  },
  "TacticalAIFilters": "-;Player,Ally,Neutral",
  "AIEvalFactor": 1,
  "Mass": 0.4,
  "FlagArray": [
    "Turnable",
    "Movable",
    "Unclickable",
    "Unhighlightable",
    "Untooltipable",
    "KillCredit",
    "ShowResources",
    "ClearRallyOnTargetLost",
    "PlayerRevivable",
    "CameraFollow",
    "PreventDestroy",
    "ArmySelect"
  ],
  "EditorFlags": [
    "BlockStructures"
  ],
  "PushPriority": 10,
  "LeaderAlias": "AuroraConduit",
  "HotkeyAlias": "AuroraConduit",
  "SelectAlias": "AuroraConduit",
  "SubgroupAlias": "AuroraConduit",
  "OccludeHeight": 0.75,
  "TacticalAI": "AuroraConduit",
  "AIEvaluateAlias": "VoidRay",
  "ReviveType": "AuroraConduit",
  "PawnItemReduction": 1,
  "Fidget": {
    "DelayMax": 30,
    "DelayMin": 10,
    "DistanceMax": 4,
    "DistanceMin": 1,
    "TurnAngle": 90,
    "TurningRate": 90,
    "ChanceArray": {
      "Idle": 100
    }
  },
  "ReviveInfoBase": {
    "Charge": {
      "Link": "AuroraConduit/Revive",
      "Location": "Unit"
    },
    "Cooldown": {
      "Link": "AuroraConduit/Revive",
      "Location": "Unit"
    }
  },
  "InnerRadiusSafetyMultiplier": 1,
  "ArmorType": "Unknown",
  "PlaneArray": [
    "Air"
  ],
  "Attributes": [
    "Biological",
    "Armored",
    "Heroic"
  ],
  "DamageDealtXP": 1,
  "DamageTakenXP": 1,
  "ScoreResult": "BuildOrder",
  "Mob": "Multiplayer",
  "Acceleration": 6,
  "CostCategory": "Army",
  "AttackTargetPriority": 20,
  "CardLayouts": [
    {
      "LayoutButtons": [
        {
          "Face": "Move",
          "Type": "AbilCmd",
          "AbilCmd": "move,Move",
          "Row": 0,
          "Column": 0
        },
        {
          "Face": "Stop",
          "Type": "AbilCmd",
          "AbilCmd": "stop,Stop",
          "Row": 0,
          "Column": 1
        },
        {
          "Face": "MoveHoldPosition",
          "Type": "AbilCmd",
          "AbilCmd": "move,HoldPos",
          "Row": 0,
          "Column": 2
        },
        {
          "Face": "MovePatrol",
          "Type": "AbilCmd",
          "AbilCmd": "move,Patrol",
          "Row": 0,
          "Column": 3
        },
        {
          "Face": "Attack",
          "Type": "AbilCmd",
          "AbilCmd": "attack,Execute",
          "Row": 0,
          "Column": 4
        },
        {
          "Face": "AscendedAuroraConduit",
          "Type": "AbilCmd",
          "Row": 1,
          "Column": 4,
          "AbilCmd": "AscendedAuroraConduit,Execute"
        },
        {
          "Face": "AscendedAuroraConduit",
          "Type": "Passive",
          "Requirements": "Ascended",
          "ShowInGlossary": 0,
          "Row": 1,
          "Column": 4
        },
        {
          "Face": "DragonFission",
          "Type": "AbilCmd",
          "Row": 1,
          "Column": 3,
          "AbilCmd": "AscendedAuroraConduitFission,Execute"
        },
        {
          "Face": "DragonFission",
          "Type": "AbilCmd",
          "Row": 1,
          "Column": 3,
          "AbilCmd": "AuroraConduitFission,Execute"
        },
        {
          "Face": "DragonFission",
          "Type": "AbilCmd",
          "AbilCmd": "DragonFissionDisabled,Execute",
          "Row": 1,
          "Column": 3
        },
        {
          "Face": "AuroraConduitNetherShock",
          "Type": "Passive",
          "Row": 1,
          "Column": 1
        },
        {
          "Face": "DragonRetarget",
          "Type": "Passive",
          "Row": 1,
          "Column": 0
        }
      ]
    }
  ],
  "GlossaryCategory": "",
  "HotkeyCategory": "Unit/Category/DragonUnits",
  "Collide": [
    "Flying"
  ],
  "KillDisplay": "Always",
  "RankDisplay": "Always",
  "Speed": 2.5,
  "Sight": 9,
  "Height": 3.5,
  "Food": -3,
  "CostResource": {
    "Minerals": 150,
    "Vespene": 150,
    "Custom": 1020
  },
  "KillXP": 15,
  "ScoreMake": 250,
  "ScoreKill": 250,
  "SubgroupPriority": 15,
  "GlossaryPriority": 42,
  "GlossaryStrongArray": [
    "Thor",
    "Corruptor",
    "Carrier"
  ],
  "GlossaryWeakArray": [
    "VikingFighter",
    "Hydralisk",
    "Stalker"
  ],
  "Icon": "btn-unit-zerg-mutalisk-broodlord",
  "LifeArmorIcon": "btn-upgrade-zerg-groundcarapace-level0",
  "ShieldArmorIcon": "btn-upgrade-protoss-shieldslevel0",
  "Id": "AscendedAuroraConduit",
  "Weapons": [
    {
      "Link": "AuroraConduitAscendedNetherShock",
      "Id": "AuroraConduitAscendedNetherShock",
      "Name": "Nether Shock",
      "Amount": 14,
      "Kind": "Ranged",
      "TargetFilters": "",
      "Range": 7,
      "Period": 3.15
    }
  ],
  "Behaviors": [
    {
      "Link": "DragonLineageLesser",
      "Id": "DragonLineageLesser",
      "Name": "Dragon Lineage"
    },
    {
      "Link": "DragonAscended",
      "Id": "DragonAscended",
      "Tooltip": "This Dragon is more powerful. If it dies in combat it will provide its owner with a small amount of Rage.",
      "Name": "Ascended"
    }
  ],
  "Upgrades": [],
  "Abilities": [
    {
      "Link": "stop",
      "Id": "stop",
      "Name": "Stop"
    },
    {
      "Link": "move",
      "Id": "move",
      "Name": "Move"
    },
    {
      "Link": "attack",
      "Id": "attack",
      "Name": "Attack"
    },
    {
      "Link": "AscendedAuroraConduit",
      "Id": "AscendedAuroraConduit",
      "Name": "Ascended Aurora Conduit"
    },
    {
      "Link": "AscendedAuroraConduitFission",
      "Id": "AscendedAuroraConduitFission",
      "Name": "Fission"
    },
    {
      "Link": "AuroraConduitFission",
      "Id": "AuroraConduitFission",
      "Name": "Fission"
    },
    {
      "Link": "DragonFissionDisabled",
      "Id": "DragonFissionDisabled",
      "Name": "Fission"
    }
  ],
  "Requirements": [],
  "Production": [],
  "Producers": [],
  "Commands": [
    {
      "Id": "Move",
      "Icon": "btn-command-move",
      "Tooltip": "Orders selected units to move to the target area or follow the target unit. Moving units will not engage enemies.",
      "Name": "Move",
      "AbilCmd": "move,Move"
    },
    {
      "Id": "Stop",
      "Icon": "btn-command-stop",
      "Tooltip": "Orders selected units to cancel all orders and stop moving.",
      "Name": "Stop",
      "AbilCmd": "stop,Stop"
    },
    {
      "Id": "MoveHoldPosition",
      "Icon": "btn-command-holdposition",
      "Tooltip": "Orders selected units to stay where they are and attack enemies that are within range. Units will neither chase down enemies nor move to engage.",
      "Name": "Hold Position",
      "AbilCmd": "move,HoldPos"
    },
    {
      "Id": "MovePatrol",
      "Icon": "btn-command-patrol",
      "Tooltip": "Orders selected units to patrol between their current position and the target area. Units will attack enemies and move to engage nearby enemies.",
      "Name": "Patrol",
      "AbilCmd": "move,Patrol"
    },
    {
      "Id": "Attack",
      "Icon": "btn-command-attack",
      "Tooltip": "Orders selected units to move to the target point, fighting nearby enemies along the way. Targeting a unit with the Attack command orders that it be attacked until it is destroyed.",
      "Name": "Attack",
      "AbilCmd": "attack,Execute"
    },
    {
      "Id": "AscendedAuroraConduit",
      "Icon": "btn-ability-zerg-dehakaspawn",
      "Tooltip": "<span style=\"color: #00FF00\">+30 Life<br/>+1 Range<br/>Nether Shock chain deals damage</span>",
      "Name": "Ascend",
      "AbilCmd": "AscendedAuroraConduit,Execute"
    },
    {
      "Id": "DragonFission",
      "Icon": "btn-ability-zerg-disguise",
      "Tooltip": "Splits into two identical clones that start with 40% life and damage. These clones have 2 regeneration and when they reach full life their damage is restored to 100%.",
      "Name": "Fission",
      "AbilCmd": "AscendedAuroraConduitFission,Execute"
    },
    {
      "Id": "DragonFission",
      "Icon": "btn-ability-zerg-disguise",
      "Tooltip": "Splits into two identical clones that start with 40% life and damage. These clones have 2 regeneration and when they reach full life their damage is restored to 100%.",
      "Name": "Fission",
      "AbilCmd": "AuroraConduitFission,Execute"
    },
    {
      "Id": "DragonFission",
      "Icon": "btn-ability-zerg-disguise",
      "Tooltip": "Splits into two identical clones that start with 40% life and damage. These clones have 2 regeneration and when they reach full life their damage is restored to 100%.",
      "Name": "Fission",
      "AbilCmd": "DragonFissionDisabled,Execute"
    }
  ]
}