{
  "Name": "Augmentation Pit",
  "Description": "Contains upgrades for Dragon units.",
  "DeathRevealFilters": "Visible;Player,Ally,Neutral,Missile,Dead,Hidden",
  "DeathRevealRadius": 3,
  "DeathRevealDuration": 4,
  "DeathRevealType": "Snapshot",
  "Race": "Dragon",
  "DefaultAcquireLevel": "Offensive",
  "Response": "Acquire",
  "ResourceState": "Unknown",
  "ResourceType": "Unknown",
  "LifeStart": 600,
  "LifeMax": 600,
  "Mover": "Ground",
  "StationaryTurningRate": 720,
  "TurningRate": 720,
  "Radius": 1,
  "SeparationRadius": 1,
  "MinimapRadius": 1,
  "EditorCategories": {
    "ObjectType": "Structure",
    "ObjectFamily": "Melee"
  },
  "TacticalAIFilters": "-;Player,Ally,Neutral",
  "AIEvalFactor": 1,
  "Mass": 0.4,
  "FlagArray": [
    "Turnable",
    "Unclickable",
    "Unhighlightable",
    "Untooltipable",
    "KillCredit",
    "ShowResources",
    "ClearRallyOnTargetLost",
    "PlayerRevivable",
    "CameraFollow",
    "PreventDestroy",
    "PreventDefeat",
    "PenaltyRevealed",
    "UseLineOfSight",
    "TownAlert",
    "NoPortraitTalk",
    "ArmorDisabledWhileConstructing"
  ],
  "EditorFlags": [
    "BlockStructures"
  ],
  "PushPriority": 10,
  "LeaderAlias": "AugmentationPitTowering",
  "HotkeyAlias": "AugmentationPitTowering",
  "SelectAlias": "AugmentationPitTowering",
  "SubgroupAlias": "AugmentationPitTowering",
  "OccludeHeight": 0.75,
  "TacticalAI": "AugmentationPitTowering",
  "AIEvaluateAlias": "AugmentationPitTowering",
  "ReviveType": "AugmentationPitTowering",
  "PawnItemReduction": 1,
  "Fidget": {
    "DelayMax": 30,
    "DelayMin": 10,
    "DistanceMax": 4,
    "DistanceMin": 1,
    "TurnAngle": 90,
    "TurningRate": 90,
    "ChanceArray": {
      "Idle": 100
    }
  },
  "ReviveInfoBase": {
    "Charge": {
      "Link": "AugmentationPitTowering/Revive",
      "Location": "Unit"
    },
    "Cooldown": {
      "Link": "AugmentationPitTowering/Revive",
      "Location": "Unit"
    }
  },
  "InnerRadiusSafetyMultiplier": 1,
  "ArmorType": "Unknown",
  "PlaneArray": [
    "Ground"
  ],
  "Attributes": [
    "Biological",
    "Armored",
    "Structure"
  ],
  "DamageDealtXP": 1,
  "DamageTakenXP": 1,
  "ScoreResult": "BuildOrder",
  "Mob": "Multiplayer",
  "Collide": [
    "Burrow",
    "Ground",
    "Structure",
    "RoachBurrow",
    "ForceField",
    "Locust",
    "Phased"
  ],
  "LifeArmor": 1,
  "CostCategory": "Technology",
  "AttackTargetPriority": 11,
  "FogVisibility": "Snapshot",
  "HotkeyCategory": "Unit/Category/DragonUnits",
  "CardLayouts": [
    {
      "LayoutButtons": [
        {
          "Face": "Cancel",
          "Type": "AbilCmd",
          "AbilCmd": "que5PassiveCancelToSelection,CancelLast",
          "Row": 2,
          "Column": 4
        },
        {
          "Face": "CancelBuilding",
          "Type": "AbilCmd",
          "AbilCmd": "BuildInProgress,Cancel",
          "Row": 2,
          "Column": 4
        },
        {
          "Face": "ToweringDeepOneProliferation",
          "Type": "AbilCmd",
          "AbilCmd": "ToweringDeepOneResearch,Research1",
          "Row": 0,
          "Column": 0
        },
        {
          "Face": "ToweringDeepOneCelerity",
          "Type": "AbilCmd",
          "AbilCmd": "ToweringDeepOneResearch,Research2",
          "Row": 0,
          "Column": 1
        },
        {
          "Face": "ToweringDeepOnePlasmaCatalyst",
          "Type": "AbilCmd",
          "AbilCmd": "ToweringDeepOneResearch,Research3",
          "Row": 0,
          "Column": 2
        },
        {
          "Face": "ToweringDeepOneWraithNight",
          "Type": "AbilCmd",
          "AbilCmd": "ToweringDeepOneResearch,Research4",
          "Row": 0,
          "Column": 3
        },
        {
          "Face": "ToweringDeepOneGrimGlider",
          "Type": "AbilCmd",
          "AbilCmd": "ToweringDeepOneResearch,Research5",
          "Row": 2,
          "Column": 0
        }
      ]
    }
  ],
  "Sight": 8,
  "Footprint": "Footprint2x2Contour",
  "PlacementFootprint": "Footprint2x2",
  "ScoreMake": 150,
  "ScoreKill": 150,
  "GlossaryPriority": 42,
  "CostResource": {
    "Minerals": 25,
    "Vespene": 75
  },
  "Icon": "wireframe-zerg-primalproductiona",
  "LifeArmorIcon": "btn-upgrade-zerg-groundcarapace-level0",
  "ShieldArmorIcon": "btn-upgrade-protoss-shieldslevel0",
  "SubgroupPriority": 9,
  "Id": "AugmentationPitTowering",
  "Behaviors": [
    {
      "Link": "DragonLineage",
      "Id": "DragonLineage",
      "Name": "Dragon Lineage"
    }
  ],
  "Upgrades": [
    {
      "Link": "DragonPlateArmors",
      "Id": "DragonPlateArmors",
      "Name": "Dragon Plate Armors"
    },
    {
      "Link": "DragonPlateArmorLevel1",
      "Id": "DragonPlateArmorLevel1",
      "Icon": "btn-upgrade-zerg-groundcarapace-level1",
      "Name": "Dragon Plate Armor Level 1"
    },
    {
      "Link": "DragonPlateArmorLevel2",
      "Id": "DragonPlateArmorLevel2",
      "Icon": "btn-upgrade-zerg-groundcarapace-level2",
      "Name": "Dragon Plate Armor Level 2"
    },
    {
      "Link": "DragonPlateArmorLevel3",
      "Id": "DragonPlateArmorLevel3",
      "Icon": "btn-upgrade-zerg-groundcarapace-level3",
      "Name": "Dragon Plate Armor Level 3"
    }
  ],
  "Abilities": [
    {
      "Link": "BuildInProgress",
      "Id": "BuildInProgress",
      "Name": "Build in Progress"
    },
    {
      "Link": "que5PassiveCancelToSelection",
      "Id": "que5PassiveCancelToSelection",
      "Name": "Queue (5) Passive (Cancel to Selection)"
    },
    {
      "Link": "AugmentationPit",
      "Id": "AugmentationPit",
      "Name": "Augmentation Pit"
    },
    {
      "Link": "ToweringDeepOneResearch",
      "Id": "ToweringDeepOneResearch",
      "Name": "Towering Deep One - Research"
    }
  ],
  "Requirements": [],
  "Production": [
    {
      "Id": "FleshrenderProliferation",
      "Icon": "btn-ability-kerrigan-broodlingnest",
      "Name": "Fleshrender - Proliferation"
    },
    {
      "Id": "AuroraConduitCelerity",
      "Icon": "btn-ability-zerg-consume",
      "Name": "Aurora Conduit - Celerity"
    },
    {
      "Id": "VolcanicHarbingerPlasmaCatalyst",
      "Icon": "btn-ability-kerrigan-chainreaction",
      "Name": "Volcanic Harbinger - Plasma Catalyst"
    },
    {
      "Id": "GrimGliderWraithNight",
      "Icon": "btn-upgrade-zerg-enduringcorruption",
      "Name": "Grim Glider - Wraith Night"
    },
    {
      "Id": "GrimGlider",
      "Icon": "btn-critter-sporeray",
      "Name": "Grim Glider"
    }
  ],
  "Producers": [
    {
      "Id": "ToweringDeepOne",
      "Icon": "btn-unit-zerg-nydusdestroyer",
      "Description": "Spawns flying Dragon units.<br/><br/><span style=\"color: #ffff8a\">Enables:</span><br/>- Fleshrenders<br/>- Aurora Conduits<br/>- Arkwyrms",
      "Name": "Towering Deep One"
    },
    {
      "Id": "ToweringDeepOneNoFootprint",
      "Icon": "btn-unit-zerg-nydusdestroyer",
      "Description": "Spawns flying Dragon units.<br/><br/><span style=\"color: #ffff8a\">Enables:</span><br/>- Fleshrenders<br/>- Aurora Conduits<br/>- Arkwyrms",
      "Name": "Towering Deep One"
    }
  ],
  "Commands": [
    {
      "Id": "Cancel",
      "Icon": "btn-command-cancel",
      "Tooltip": "Drops the current order without performing it, and allows you to select a different order.",
      "Name": "Cancel",
      "AbilCmd": "que5PassiveCancelToSelection,CancelLast"
    },
    {
      "Id": "CancelBuilding",
      "Icon": "btn-command-cancel",
      "Tooltip": "Cancels construction of this structure, destroying the structure and giving a partial refund.",
      "Name": "Cancel",
      "AbilCmd": "BuildInProgress,Cancel"
    },
    {
      "Id": "ToweringDeepOneProliferation",
      "Icon": "btn-ability-kerrigan-broodlingnest",
      "Tooltip": "Reduces the build time of Fleshrenders by 50%.",
      "Name": "Augment Proliferation",
      "AbilCmd": "ToweringDeepOneResearch,Research1"
    },
    {
      "Id": "ToweringDeepOneCelerity",
      "Icon": "btn-ability-zerg-consume",
      "Tooltip": "Increases Aurora Conduit attack speed by 50%.",
      "Name": "Augment Celerity",
      "AbilCmd": "ToweringDeepOneResearch,Research2"
    },
    {
      "Id": "ToweringDeepOnePlasmaCatalyst",
      "Icon": "btn-ability-kerrigan-chainreaction",
      "Tooltip": "Reduces the charge time of Overload to 3 seconds for each charge.",
      "Name": "Augment Plasma Catalyst",
      "AbilCmd": "ToweringDeepOneResearch,Research3"
    },
    {
      "Id": "ToweringDeepOneWraithNight",
      "Icon": "btn-upgrade-zerg-enduringcorruption",
      "Tooltip": "Increases Grim Glider movement speed by 1 and prevents Shades from decaying in their presence.",
      "Name": "Augment Wraith Night",
      "AbilCmd": "ToweringDeepOneResearch,Research4"
    },
    {
      "Id": "ToweringDeepOneGrimGlider",
      "Icon": "btn-critter-sporeray",
      "Tooltip": "Allows the production of Grim Gliderss from Towering Deep Ones and attached Genesis Pits supported by Augmentation Pits.",
      "Name": "Augment Grim Gliders",
      "AbilCmd": "ToweringDeepOneResearch,Research5"
    }
  ]
}