{
  "Name": "Augmentation Pit",
  "Description": "Contains upgrades for Dragon units.",
  "DeathRevealFilters": "Visible;Player,Ally,Neutral,Missile,Dead,Hidden",
  "DeathRevealRadius": 3,
  "DeathRevealDuration": 4,
  "DeathRevealType": "Snapshot",
  "Race": "Dragon",
  "DefaultAcquireLevel": "Offensive",
  "Response": "Acquire",
  "ResourceState": "Unknown",
  "ResourceType": "Unknown",
  "LifeStart": 600,
  "LifeMax": 600,
  "Mover": "Ground",
  "StationaryTurningRate": 720,
  "TurningRate": 720,
  "Radius": 1,
  "SeparationRadius": 1,
  "MinimapRadius": 1,
  "EditorCategories": {
    "ObjectType": "Structure",
    "ObjectFamily": "Melee"
  },
  "TacticalAIFilters": "-;Player,Ally,Neutral",
  "AIEvalFactor": 1,
  "Mass": 0.4,
  "FlagArray": [
    "Turnable",
    "Unclickable",
    "Unhighlightable",
    "Untooltipable",
    "KillCredit",
    "ShowResources",
    "ClearRallyOnTargetLost",
    "PlayerRevivable",
    "CameraFollow",
    "PreventDestroy",
    "PreventDefeat",
    "PenaltyRevealed",
    "UseLineOfSight",
    "TownAlert",
    "NoPortraitTalk",
    "ArmorDisabledWhileConstructing"
  ],
  "EditorFlags": [
    "BlockStructures"
  ],
  "PushPriority": 10,
  "LeaderAlias": "AugmentationPitLesser",
  "HotkeyAlias": "AugmentationPitLesser",
  "SelectAlias": "AugmentationPitLesser",
  "SubgroupAlias": "AugmentationPitLesser",
  "OccludeHeight": 0.75,
  "TacticalAI": "AugmentationPitLesser",
  "AIEvaluateAlias": "AugmentationPitLesser",
  "ReviveType": "AugmentationPitLesser",
  "PawnItemReduction": 1,
  "Fidget": {
    "DelayMax": 30,
    "DelayMin": 10,
    "DistanceMax": 4,
    "DistanceMin": 1,
    "TurnAngle": 90,
    "TurningRate": 90,
    "ChanceArray": {
      "Idle": 100
    }
  },
  "ReviveInfoBase": {
    "Charge": {
      "Link": "AugmentationPitLesser/Revive",
      "Location": "Unit"
    },
    "Cooldown": {
      "Link": "AugmentationPitLesser/Revive",
      "Location": "Unit"
    }
  },
  "InnerRadiusSafetyMultiplier": 1,
  "ArmorType": "Unknown",
  "PlaneArray": [
    "Ground"
  ],
  "Attributes": [
    "Biological",
    "Armored",
    "Structure"
  ],
  "DamageDealtXP": 1,
  "DamageTakenXP": 1,
  "ScoreResult": "BuildOrder",
  "Mob": "Multiplayer",
  "Collide": [
    "Burrow",
    "Ground",
    "Structure",
    "RoachBurrow",
    "ForceField",
    "Locust",
    "Phased"
  ],
  "LifeArmor": 1,
  "CostCategory": "Technology",
  "AttackTargetPriority": 11,
  "FogVisibility": "Snapshot",
  "HotkeyCategory": "Unit/Category/DragonUnits",
  "CardLayouts": [
    {
      "LayoutButtons": [
        {
          "Face": "Cancel",
          "Type": "AbilCmd",
          "AbilCmd": "que5PassiveCancelToSelection,CancelLast",
          "Row": 2,
          "Column": 4
        },
        {
          "Face": "CancelBuilding",
          "Type": "AbilCmd",
          "AbilCmd": "BuildInProgress,Cancel",
          "Row": 2,
          "Column": 4
        },
        {
          "Face": "LesserDeepOneFervidReconstitution",
          "Type": "AbilCmd",
          "AbilCmd": "LesserDeepOneResearch,Research1",
          "Row": 0,
          "Column": 0
        },
        {
          "Face": "LesserDeepOneFeast",
          "Type": "AbilCmd",
          "AbilCmd": "LesserDeepOneResearch,Research2",
          "Row": 0,
          "Column": 1
        },
        {
          "Face": "LesserDeepOneArcaneEssence",
          "Type": "AbilCmd",
          "AbilCmd": "LesserDeepOneResearch,Research3",
          "Row": 0,
          "Column": 2
        },
        {
          "Face": "LesserDeepOneShroud",
          "Type": "AbilCmd",
          "AbilCmd": "LesserDeepOneResearch,Research4",
          "Row": 0,
          "Column": 3
        },
        {
          "Face": "LesserDeepOneUnseenBeast",
          "Type": "AbilCmd",
          "AbilCmd": "LesserDeepOneResearch,Research5",
          "Row": 2,
          "Column": 0
        }
      ]
    }
  ],
  "Sight": 8,
  "Footprint": "Footprint2x2Contour",
  "PlacementFootprint": "Footprint2x2",
  "ScoreMake": 150,
  "ScoreKill": 150,
  "GlossaryPriority": 42,
  "CostResource": {
    "Minerals": 25,
    "Vespene": 75
  },
  "Icon": "wireframe-zerg-primalproductiona",
  "LifeArmorIcon": "btn-upgrade-zerg-groundcarapace-level0",
  "ShieldArmorIcon": "btn-upgrade-protoss-shieldslevel0",
  "SubgroupPriority": 7,
  "Id": "AugmentationPitLesser",
  "Behaviors": [
    {
      "Link": "DragonLineage",
      "Id": "DragonLineage",
      "Name": "Dragon Lineage"
    }
  ],
  "Upgrades": [
    {
      "Link": "DragonPlateArmors",
      "Id": "DragonPlateArmors",
      "Name": "Dragon Plate Armors"
    },
    {
      "Link": "DragonPlateArmorLevel1",
      "Id": "DragonPlateArmorLevel1",
      "Icon": "btn-upgrade-zerg-groundcarapace-level1",
      "Name": "Dragon Plate Armor Level 1"
    },
    {
      "Link": "DragonPlateArmorLevel2",
      "Id": "DragonPlateArmorLevel2",
      "Icon": "btn-upgrade-zerg-groundcarapace-level2",
      "Name": "Dragon Plate Armor Level 2"
    },
    {
      "Link": "DragonPlateArmorLevel3",
      "Id": "DragonPlateArmorLevel3",
      "Icon": "btn-upgrade-zerg-groundcarapace-level3",
      "Name": "Dragon Plate Armor Level 3"
    }
  ],
  "Abilities": [
    {
      "Link": "BuildInProgress",
      "Id": "BuildInProgress",
      "Name": "Build in Progress"
    },
    {
      "Link": "que5PassiveCancelToSelection",
      "Id": "que5PassiveCancelToSelection",
      "Name": "Queue (5) Passive (Cancel to Selection)"
    },
    {
      "Link": "AugmentationPit",
      "Id": "AugmentationPit",
      "Name": "Augmentation Pit"
    },
    {
      "Link": "LesserDeepOneResearch",
      "Id": "LesserDeepOneResearch",
      "Name": "Lesser Deep One - Research"
    }
  ],
  "Requirements": [],
  "Production": [
    {
      "Id": "FlamespitterFervidReconstitution",
      "Icon": "btn-ability-kerrigan-wildmutation",
      "Name": "Flamespitter - Fervid Reconstitution"
    },
    {
      "Id": "HunterFeast",
      "Icon": "btn-upgrade-zerg-adrenaloverload",
      "Name": "Hunter - Feast"
    },
    {
      "Id": "HornedMagusArcaneEssence",
      "Icon": "btn-tips-biosample",
      "Name": "Horned Magus - Arcane Essence"
    },
    {
      "Id": "HornedMagusShroud",
      "Icon": "btn-ability-protoss-energize",
      "Name": "Horned Magus - Shroud"
    },
    {
      "Id": "UnseenBeast",
      "Icon": "wireframe-critter-matriarchsnowbeast",
      "Name": "Unseen Beast"
    }
  ],
  "Producers": [
    {
      "Id": "LesserDeepOne",
      "Icon": "btn-building-zerg-nydusworm",
      "Description": "Spawns lesser Dragon units.<br/><br/><span style=\"color: #ffff8a\">Enables:</span><br/>- Flamespitters<br/>- Hunters",
      "Name": "Lesser Deep One"
    },
    {
      "Id": "LesserDeepOneNoFootprint",
      "Icon": "btn-building-zerg-nydusworm",
      "Description": "Spawns lesser Dragon units.<br/><br/><span style=\"color: #ffff8a\">Enables:</span><br/>- Flamespitters<br/>- Hunters",
      "Name": "Lesser Deep One"
    }
  ],
  "Commands": [
    {
      "Id": "Cancel",
      "Icon": "btn-command-cancel",
      "Tooltip": "Drops the current order without performing it, and allows you to select a different order.",
      "Name": "Cancel",
      "AbilCmd": "que5PassiveCancelToSelection,CancelLast"
    },
    {
      "Id": "CancelBuilding",
      "Icon": "btn-command-cancel",
      "Tooltip": "Cancels construction of this structure, destroying the structure and giving a partial refund.",
      "Name": "Cancel",
      "AbilCmd": "BuildInProgress,Cancel"
    },
    {
      "Id": "LesserDeepOneFervidReconstitution",
      "Icon": "btn-ability-kerrigan-wildmutation",
      "Tooltip": "Prevents Flamespitters from overheating and causes them to temporarily gain increased speed while attacking. Increases Flamespitter damage by 1.",
      "Name": "Augment Fervid Reconstitution",
      "AbilCmd": "LesserDeepOneResearch,Research1"
    },
    {
      "Id": "LesserDeepOneFeast",
      "Icon": "btn-upgrade-zerg-adrenaloverload",
      "Tooltip": "Increases maximum Hunter life by 30 and causes them to gain 6 life on each attack against biological targets.",
      "Name": "Augment Feast",
      "AbilCmd": "LesserDeepOneResearch,Research2"
    },
    {
      "Id": "LesserDeepOneArcaneEssence",
      "Icon": "btn-tips-biosample",
      "Tooltip": "Increases the starting energy of Horned Magus by 25.",
      "Name": "Augment Arcane Essence",
      "AbilCmd": "LesserDeepOneResearch,Research3"
    },
    {
      "Id": "LesserDeepOneShroud",
      "Icon": "btn-ability-protoss-energize",
      "Tooltip": "Allows Horned Magus to use Shroud, causing friendly units in the target area to temporarily cloak unless they attack or receive damage.",
      "Name": "Augment Shroud",
      "AbilCmd": "LesserDeepOneResearch,Research4"
    },
    {
      "Id": "LesserDeepOneUnseenBeast",
      "Icon": "wireframe-critter-matriarchsnowbeast",
      "Tooltip": "Allows the production of Unseen Beasts from Lesser Deep Ones and attached Genesis Pits supported by Augmentation Pits.",
      "Name": "Augment Unseen Beasts",
      "AbilCmd": "LesserDeepOneResearch,Research5"
    }
  ]
}