{
  "Name": "Augmentation Pit",
  "Description": "Contains upgrades for Dragon units.",
  "DeathRevealFilters": "Visible;Player,Ally,Neutral,Missile,Dead,Hidden",
  "DeathRevealRadius": 3,
  "DeathRevealDuration": 4,
  "DeathRevealType": "Snapshot",
  "Race": "Dragon",
  "DefaultAcquireLevel": "Offensive",
  "Response": "Acquire",
  "ResourceState": "Unknown",
  "ResourceType": "Unknown",
  "LifeStart": 600,
  "LifeMax": 600,
  "Mover": "Ground",
  "StationaryTurningRate": 720,
  "TurningRate": 720,
  "Radius": 1,
  "SeparationRadius": 1,
  "MinimapRadius": 1,
  "EditorCategories": {
    "ObjectType": "Structure",
    "ObjectFamily": "Melee"
  },
  "TacticalAIFilters": "-;Player,Ally,Neutral",
  "AIEvalFactor": 1,
  "Mass": 0.4,
  "FlagArray": [
    "Turnable",
    "Unclickable",
    "Unhighlightable",
    "Untooltipable",
    "KillCredit",
    "ShowResources",
    "ClearRallyOnTargetLost",
    "PlayerRevivable",
    "CameraFollow",
    "PreventDestroy",
    "PreventDefeat",
    "PenaltyRevealed",
    "UseLineOfSight",
    "TownAlert",
    "NoPortraitTalk",
    "ArmorDisabledWhileConstructing"
  ],
  "EditorFlags": [
    "BlockStructures"
  ],
  "PushPriority": 10,
  "LeaderAlias": "AugmentationPitGreater",
  "HotkeyAlias": "AugmentationPitGreater",
  "SelectAlias": "AugmentationPitGreater",
  "SubgroupAlias": "AugmentationPitGreater",
  "OccludeHeight": 0.75,
  "TacticalAI": "AugmentationPitGreater",
  "AIEvaluateAlias": "AugmentationPitGreater",
  "ReviveType": "AugmentationPitGreater",
  "PawnItemReduction": 1,
  "Fidget": {
    "DelayMax": 30,
    "DelayMin": 10,
    "DistanceMax": 4,
    "DistanceMin": 1,
    "TurnAngle": 90,
    "TurningRate": 90,
    "ChanceArray": {
      "Idle": 100
    }
  },
  "ReviveInfoBase": {
    "Charge": {
      "Link": "AugmentationPitGreater/Revive",
      "Location": "Unit"
    },
    "Cooldown": {
      "Link": "AugmentationPitGreater/Revive",
      "Location": "Unit"
    }
  },
  "InnerRadiusSafetyMultiplier": 1,
  "ArmorType": "Unknown",
  "PlaneArray": [
    "Ground"
  ],
  "Attributes": [
    "Biological",
    "Armored",
    "Structure"
  ],
  "DamageDealtXP": 1,
  "DamageTakenXP": 1,
  "ScoreResult": "BuildOrder",
  "Mob": "Multiplayer",
  "Collide": [
    "Burrow",
    "Ground",
    "Structure",
    "RoachBurrow",
    "ForceField",
    "Locust",
    "Phased"
  ],
  "LifeArmor": 1,
  "CostCategory": "Technology",
  "AttackTargetPriority": 11,
  "FogVisibility": "Snapshot",
  "HotkeyCategory": "Unit/Category/DragonUnits",
  "CardLayouts": [
    {
      "LayoutButtons": [
        {
          "Face": "Cancel",
          "Type": "AbilCmd",
          "AbilCmd": "que5PassiveCancelToSelection,CancelLast",
          "Row": 2,
          "Column": 4
        },
        {
          "Face": "CancelBuilding",
          "Type": "AbilCmd",
          "AbilCmd": "BuildInProgress,Cancel",
          "Row": 2,
          "Column": 4
        },
        {
          "Face": "GreaterDeepOneMadness",
          "Type": "AbilCmd",
          "AbilCmd": "GreaterDeepOneResearch,Research1",
          "Row": 0,
          "Column": 0
        },
        {
          "Face": "GreaterDeepOneEmberCore",
          "Type": "AbilCmd",
          "AbilCmd": "GreaterDeepOneResearch,Research2",
          "Row": 0,
          "Column": 1
        },
        {
          "Face": "GreaterDeepOneMightyFist",
          "Type": "AbilCmd",
          "AbilCmd": "GreaterDeepOneResearch,Research3",
          "Row": 0,
          "Column": 2
        },
        {
          "Face": "GreaterDeepOneFrenzy",
          "Type": "AbilCmd",
          "AbilCmd": "GreaterDeepOneResearch,Research4",
          "Row": 0,
          "Column": 3
        },
        {
          "Face": "GreaterDeepOneInfernalBreath",
          "Type": "AbilCmd",
          "AbilCmd": "GreaterDeepOneResearch,Research5",
          "Row": 0,
          "Column": 4
        },
        {
          "Face": "GreaterDeepOneBrimstoneDemolisher",
          "Type": "AbilCmd",
          "AbilCmd": "GreaterDeepOneResearch,Research6",
          "Row": 2,
          "Column": 0
        }
      ]
    }
  ],
  "Sight": 8,
  "Footprint": "Footprint2x2Contour",
  "PlacementFootprint": "Footprint2x2",
  "ScoreMake": 150,
  "ScoreKill": 150,
  "GlossaryPriority": 42,
  "CostResource": {
    "Minerals": 25,
    "Vespene": 75
  },
  "Icon": "wireframe-zerg-primalproductiona",
  "LifeArmorIcon": "btn-upgrade-zerg-groundcarapace-level0",
  "ShieldArmorIcon": "btn-upgrade-protoss-shieldslevel0",
  "SubgroupPriority": 8,
  "Id": "AugmentationPitGreater",
  "Behaviors": [
    {
      "Link": "DragonLineage",
      "Id": "DragonLineage",
      "Name": "Dragon Lineage"
    }
  ],
  "Upgrades": [
    {
      "Link": "DragonPlateArmors",
      "Id": "DragonPlateArmors",
      "Name": "Dragon Plate Armors"
    },
    {
      "Link": "DragonPlateArmorLevel1",
      "Id": "DragonPlateArmorLevel1",
      "Icon": "btn-upgrade-zerg-groundcarapace-level1",
      "Name": "Dragon Plate Armor Level 1"
    },
    {
      "Link": "DragonPlateArmorLevel2",
      "Id": "DragonPlateArmorLevel2",
      "Icon": "btn-upgrade-zerg-groundcarapace-level2",
      "Name": "Dragon Plate Armor Level 2"
    },
    {
      "Link": "DragonPlateArmorLevel3",
      "Id": "DragonPlateArmorLevel3",
      "Icon": "btn-upgrade-zerg-groundcarapace-level3",
      "Name": "Dragon Plate Armor Level 3"
    }
  ],
  "Abilities": [
    {
      "Link": "BuildInProgress",
      "Id": "BuildInProgress",
      "Name": "Build in Progress"
    },
    {
      "Link": "que5PassiveCancelToSelection",
      "Id": "que5PassiveCancelToSelection",
      "Name": "Queue (5) Passive (Cancel to Selection)"
    },
    {
      "Link": "AugmentationPit",
      "Id": "AugmentationPit",
      "Name": "Augmentation Pit"
    },
    {
      "Link": "GreaterDeepOneResearch",
      "Id": "GreaterDeepOneResearch",
      "Name": "Greater Deep One - Research"
    }
  ],
  "Requirements": [],
  "Production": [
    {
      "Id": "BerserkerMadness",
      "Icon": "btn-ability-zerg-dehaka-intimidatingroar",
      "Name": "Berserker - Madness"
    },
    {
      "Id": "SkyrazerEmberCore",
      "Icon": "ui_tipicon_evolution_baneling-lava",
      "Name": "Skyrazer - Ember Core"
    },
    {
      "Id": "HandofPowerMightyFist",
      "Icon": "ui_tipicon_campaign_hyb02-nullzone",
      "Name": "Hand of Power - Mighty Fist"
    },
    {
      "Id": "HandofPowerFrenzy",
      "Icon": "btn-ability-zerg-genemutation-attackspeed",
      "Name": "Hand of Power - Frenzy"
    },
    {
      "Id": "BrimstoneDemolisherInfernalBreath",
      "Icon": "btn-tips-walloffire",
      "Name": "Brimstone Demolisher - Infernal Breath"
    },
    {
      "Id": "BrimstoneDemolisher",
      "Icon": "btn-unit-zerg-brakk",
      "Name": "Brimstone Demolisher"
    }
  ],
  "Producers": [
    {
      "Id": "GreaterDeepOne",
      "Icon": "btn-unit-zerg-nydusdragon",
      "Description": "Spawns greater Dragon units.<br/><br/><span style=\"color: #ffff8a\">Enables:</span><br/>- Berserkers<br/>- Skyrazers",
      "Name": "Greater Deep One"
    },
    {
      "Id": "GreaterDeepOneNoFootprint",
      "Icon": "btn-unit-zerg-nydusdragon",
      "Description": "Spawns greater Dragon units.<br/><br/><span style=\"color: #ffff8a\">Enables:</span><br/>- Berserkers<br/>- Skyrazers",
      "Name": "Greater Deep One"
    }
  ],
  "Commands": [
    {
      "Id": "Cancel",
      "Icon": "btn-command-cancel",
      "Tooltip": "Drops the current order without performing it, and allows you to select a different order.",
      "Name": "Cancel",
      "AbilCmd": "que5PassiveCancelToSelection,CancelLast"
    },
    {
      "Id": "CancelBuilding",
      "Icon": "btn-command-cancel",
      "Tooltip": "Cancels construction of this structure, destroying the structure and giving a partial refund.",
      "Name": "Cancel",
      "AbilCmd": "BuildInProgress,Cancel"
    },
    {
      "Id": "GreaterDeepOneMadness",
      "Icon": "btn-ability-zerg-dehaka-intimidatingroar",
      "Tooltip": "Forces enemies near Berserkers to attack them.",
      "Name": "Augment Madness",
      "AbilCmd": "GreaterDeepOneResearch,Research1"
    },
    {
      "Id": "GreaterDeepOneEmberCore",
      "Icon": "ui_tipicon_evolution_baneling-lava",
      "Tooltip": "Increases the range of Skyrazers by their current cliff level.",
      "Name": "Augment Ember Core",
      "AbilCmd": "GreaterDeepOneResearch,Research2"
    },
    {
      "Id": "GreaterDeepOneMightyFist",
      "Icon": "ui_tipicon_campaign_hyb02-nullzone",
      "Tooltip": "Increases the starting energy of Hands of Power by 25.",
      "Name": "Augment Mighty Fist",
      "AbilCmd": "GreaterDeepOneResearch,Research3"
    },
    {
      "Id": "GreaterDeepOneFrenzy",
      "Icon": "btn-ability-kerrigan-wildmutation",
      "Tooltip": "Allows Hands of Power to use Frenzy, causing biological units in the target area to go mad for <b>10</b> seconds. Increases attack and movement speed by 50% but reduces armor by 2 and prevents control.",
      "Name": "Augment Frenzy",
      "AbilCmd": "GreaterDeepOneResearch,Research4"
    },
    {
      "Id": "GreaterDeepOneInfernalBreath",
      "Icon": "btn-tips-walloffire",
      "Tooltip": "Increases Brimstone Demolisher starting energy by 25 and Scorching Blaze range by 3.",
      "Name": "Augment Infernal Breath",
      "AbilCmd": "GreaterDeepOneResearch,Research5"
    },
    {
      "Id": "GreaterDeepOneBrimstoneDemolisher",
      "Icon": "btn-unit-zerg-brakk",
      "Tooltip": "Allows the production of Brimstone Demolishers from Greater Deep Ones and attached Genesis Pits supported by Augmentation Pits.",
      "Name": "Augment Brimstone Demolishers",
      "AbilCmd": "GreaterDeepOneResearch,Research6"
    }
  ]
}