{
  "Name": "Augmentation Pit",
  "Description": "Contains upgrades for Dragon units.",
  "DeathRevealFilters": "Visible;Player,Ally,Neutral,Missile,Dead,Hidden",
  "DeathRevealRadius": 3,
  "DeathRevealDuration": 4,
  "DeathRevealType": "Snapshot",
  "Race": "Dragon",
  "DefaultAcquireLevel": "Offensive",
  "Response": "Acquire",
  "ResourceState": "Unknown",
  "ResourceType": "Unknown",
  "LifeStart": 600,
  "LifeMax": 600,
  "Mover": "Ground",
  "StationaryTurningRate": 720,
  "TurningRate": 720,
  "Radius": 1,
  "SeparationRadius": 1,
  "MinimapRadius": 1,
  "EditorCategories": {
    "ObjectType": "Structure",
    "ObjectFamily": "Melee"
  },
  "TacticalAIFilters": "-;Player,Ally,Neutral",
  "AIEvalFactor": 1,
  "Mass": 0.4,
  "FlagArray": [
    "Turnable",
    "Unclickable",
    "Unhighlightable",
    "Untooltipable",
    "KillCredit",
    "ShowResources",
    "ClearRallyOnTargetLost",
    "PlayerRevivable",
    "CameraFollow",
    "PreventDestroy",
    "PreventDefeat",
    "PenaltyRevealed",
    "UseLineOfSight",
    "TownAlert",
    "NoPortraitTalk",
    "ArmorDisabledWhileConstructing"
  ],
  "EditorFlags": [
    "BlockStructures"
  ],
  "PushPriority": 10,
  "LeaderAlias": "AugmentationPitFrontier",
  "HotkeyAlias": "AugmentationPitFrontier",
  "SelectAlias": "AugmentationPitFrontier",
  "SubgroupAlias": "AugmentationPitFrontier",
  "OccludeHeight": 0.75,
  "TacticalAI": "AugmentationPitFrontier",
  "AIEvaluateAlias": "AugmentationPitFrontier",
  "ReviveType": "AugmentationPitFrontier",
  "PawnItemReduction": 1,
  "Fidget": {
    "DelayMax": 30,
    "DelayMin": 10,
    "DistanceMax": 4,
    "DistanceMin": 1,
    "TurnAngle": 90,
    "TurningRate": 90,
    "ChanceArray": {
      "Idle": 100
    }
  },
  "ReviveInfoBase": {
    "Charge": {
      "Link": "AugmentationPitFrontier/Revive",
      "Location": "Unit"
    },
    "Cooldown": {
      "Link": "AugmentationPitFrontier/Revive",
      "Location": "Unit"
    }
  },
  "InnerRadiusSafetyMultiplier": 1,
  "ArmorType": "Unknown",
  "PlaneArray": [
    "Ground"
  ],
  "Attributes": [
    "Biological",
    "Armored",
    "Structure"
  ],
  "DamageDealtXP": 1,
  "DamageTakenXP": 1,
  "ScoreResult": "BuildOrder",
  "Mob": "Multiplayer",
  "Collide": [
    "Burrow",
    "Ground",
    "Structure",
    "RoachBurrow",
    "ForceField",
    "Locust",
    "Phased"
  ],
  "LifeArmor": 1,
  "CostCategory": "Technology",
  "AttackTargetPriority": 11,
  "FogVisibility": "Snapshot",
  "HotkeyCategory": "Unit/Category/DragonUnits",
  "CardLayouts": [
    {
      "LayoutButtons": [
        {
          "Face": "Cancel",
          "Type": "AbilCmd",
          "AbilCmd": "que5PassiveCancelToSelection,CancelLast",
          "Row": 2,
          "Column": 4
        },
        {
          "Face": "CancelBuilding",
          "Type": "AbilCmd",
          "AbilCmd": "BuildInProgress,Cancel",
          "Row": 2,
          "Column": 4
        },
        {
          "Face": "AugmentDragonMeleeAttacksLevel1",
          "Type": "AbilCmd",
          "AbilCmd": "FrontierDeepOneResearch,Research1",
          "Row": 0,
          "Column": 0
        },
        {
          "Face": "AugmentDragonMeleeAttacksLevel2",
          "Type": "AbilCmd",
          "AbilCmd": "FrontierDeepOneResearch,Research2",
          "Row": 0,
          "Column": 0
        },
        {
          "Face": "AugmentDragonMeleeAttacksLevel3",
          "Type": "AbilCmd",
          "AbilCmd": "FrontierDeepOneResearch,Research3",
          "Row": 0,
          "Column": 0
        },
        {
          "Face": "AugmentDragonFireAttacksLevel1",
          "Type": "AbilCmd",
          "AbilCmd": "FrontierDeepOneResearch,Research4",
          "Row": 0,
          "Column": 1
        },
        {
          "Face": "AugmentDragonFireAttacksLevel2",
          "Type": "AbilCmd",
          "AbilCmd": "FrontierDeepOneResearch,Research5",
          "Row": 0,
          "Column": 1
        },
        {
          "Face": "AugmentDragonFireAttacksLevel3",
          "Type": "AbilCmd",
          "AbilCmd": "FrontierDeepOneResearch,Research6",
          "Row": 0,
          "Column": 1
        },
        {
          "Face": "AugmentDragonScaleArmorLevel1",
          "Type": "AbilCmd",
          "AbilCmd": "FrontierDeepOneResearch,Research7",
          "Row": 1,
          "Column": 0
        },
        {
          "Face": "AugmentDragonScaleArmorLevel2",
          "Type": "AbilCmd",
          "AbilCmd": "FrontierDeepOneResearch,Research8",
          "Row": 1,
          "Column": 0
        },
        {
          "Face": "AugmentDragonScaleArmorLevel3",
          "Type": "AbilCmd",
          "AbilCmd": "FrontierDeepOneResearch,Research9",
          "Row": 1,
          "Column": 0
        },
        {
          "Face": "AugmentDragonPlateArmorLevel1",
          "Type": "AbilCmd",
          "AbilCmd": "FrontierDeepOneResearch,Research10",
          "Row": 1,
          "Column": 1
        },
        {
          "Face": "AugmentDragonPlateArmorLevel2",
          "Type": "AbilCmd",
          "AbilCmd": "FrontierDeepOneResearch,Research11",
          "Row": 1,
          "Column": 1
        },
        {
          "Face": "AugmentDragonPlateArmorLevel3",
          "Type": "AbilCmd",
          "AbilCmd": "FrontierDeepOneResearch,Research12",
          "Row": 1,
          "Column": 1
        },
        {
          "Face": "FrontierDeepOneAbundance",
          "Type": "AbilCmd",
          "AbilCmd": "FrontierDeepOneResearch,Research13",
          "Row": 2,
          "Column": 0
        },
        {
          "Face": "FrontierDeepOneDragonLineage",
          "Type": "AbilCmd",
          "AbilCmd": "FrontierDeepOneResearch,Research14",
          "Row": 2,
          "Column": 1
        }
      ]
    }
  ],
  "Sight": 8,
  "Footprint": "Footprint2x2Contour",
  "PlacementFootprint": "Footprint2x2",
  "ScoreMake": 150,
  "ScoreKill": 150,
  "GlossaryPriority": 42,
  "CostResource": {
    "Minerals": 100,
    "Vespene": 0
  },
  "Icon": "wireframe-zerg-primalproductiona",
  "LifeArmorIcon": "btn-upgrade-zerg-groundcarapace-level0",
  "ShieldArmorIcon": "btn-upgrade-protoss-shieldslevel0",
  "SubgroupPriority": 6,
  "Id": "AugmentationPitFrontier",
  "Behaviors": [
    {
      "Link": "DragonLineage",
      "Id": "DragonLineage",
      "Name": "Dragon Lineage"
    }
  ],
  "Upgrades": [
    {
      "Link": "DragonPlateArmors",
      "Id": "DragonPlateArmors",
      "Name": "Dragon Plate Armors"
    },
    {
      "Link": "DragonPlateArmorLevel1",
      "Id": "DragonPlateArmorLevel1",
      "Icon": "btn-upgrade-zerg-groundcarapace-level1",
      "Name": "Dragon Plate Armor Level 1"
    },
    {
      "Link": "DragonPlateArmorLevel2",
      "Id": "DragonPlateArmorLevel2",
      "Icon": "btn-upgrade-zerg-groundcarapace-level2",
      "Name": "Dragon Plate Armor Level 2"
    },
    {
      "Link": "DragonPlateArmorLevel3",
      "Id": "DragonPlateArmorLevel3",
      "Icon": "btn-upgrade-zerg-groundcarapace-level3",
      "Name": "Dragon Plate Armor Level 3"
    }
  ],
  "Abilities": [
    {
      "Link": "BuildInProgress",
      "Id": "BuildInProgress",
      "Name": "Build in Progress"
    },
    {
      "Link": "que5PassiveCancelToSelection",
      "Id": "que5PassiveCancelToSelection",
      "Name": "Queue (5) Passive (Cancel to Selection)"
    },
    {
      "Link": "AugmentationPit",
      "Id": "AugmentationPit",
      "Name": "Augmentation Pit"
    },
    {
      "Link": "FrontierDeepOneResearch",
      "Id": "FrontierDeepOneResearch",
      "Name": "Frontier Deep One - Research"
    }
  ],
  "Requirements": [],
  "Production": [
    {
      "Id": "DragonMeleeAttacksLevel1",
      "Icon": "btn-upgrade-zerg-meleeattacks-level1",
      "Name": "Dragon Melee Attacks Level 1"
    },
    {
      "Id": "DragonMeleeAttacksLevel2",
      "Icon": "btn-upgrade-zerg-meleeattacks-level2",
      "Name": "Dragon Melee Attacks Level 2"
    },
    {
      "Id": "DragonMeleeAttacksLevel3",
      "Icon": "btn-upgrade-zerg-meleeattacks-level3",
      "Name": "Dragon Melee Attacks Level 3"
    },
    {
      "Id": "DragonFireAttacksLevel1",
      "Name": "Dragon Fire Attacks Level 1"
    },
    {
      "Id": "DragonFireAttacksLevel2",
      "Name": "Dragon Fire Attacks Level 2"
    },
    {
      "Id": "DragonFireAttacksLevel3",
      "Name": "Dragon Fire Attacks Level 3"
    },
    {
      "Id": "DragonScaleArmorLevel1",
      "Icon": "btn-upgrade-zerg-flyercarapace-level1",
      "Name": "Dragon Scale Armor Level 1"
    },
    {
      "Id": "DragonScaleArmorLevel2",
      "Icon": "btn-upgrade-zerg-flyercarapace-level2",
      "Name": "Dragon Scale Armor Level 2"
    },
    {
      "Id": "DragonScaleArmorLevel3",
      "Icon": "btn-upgrade-zerg-flyercarapace-level3",
      "Name": "Dragon Scale Armor Level 3"
    },
    {
      "Id": "DragonPlateArmorLevel1",
      "Icon": "btn-upgrade-zerg-groundcarapace-level1",
      "Name": "Dragon Plate Armor Level 1"
    },
    {
      "Id": "DragonPlateArmorLevel2",
      "Icon": "btn-upgrade-zerg-groundcarapace-level2",
      "Name": "Dragon Plate Armor Level 2"
    },
    {
      "Id": "DragonPlateArmorLevel3",
      "Icon": "btn-upgrade-zerg-groundcarapace-level3",
      "Name": "Dragon Plate Armor Level 3"
    },
    {
      "Id": "RazorbackAbundance",
      "Icon": "btn-ability-zerg-regenaura",
      "Name": "Razorback - Abundance"
    },
    {
      "Id": "DragonLineage",
      "Icon": "btn-unit-zerg-finalboss",
      "Name": "Dragon Lineage"
    }
  ],
  "Producers": [
    {
      "Id": "FrontierDeepOne",
      "Icon": "btn-unit-zerg-nyduscreeptower",
      "Description": "Propogates basic Dragon structures. Heals nearby biological units.<br/><br/><span style=\"color: #ffff8a\">Enables:</span><br/>- Razorbacks<br/>- Augmentation Pits<br/>- Sunken Guardians<br/>- Phlogiston Guardians",
      "Name": "Frontier Deep One"
    }
  ],
  "Commands": [
    {
      "Id": "Cancel",
      "Icon": "btn-command-cancel",
      "Tooltip": "Drops the current order without performing it, and allows you to select a different order.",
      "Name": "Cancel",
      "AbilCmd": "que5PassiveCancelToSelection,CancelLast"
    },
    {
      "Id": "CancelBuilding",
      "Icon": "btn-command-cancel",
      "Tooltip": "Cancels construction of this structure, destroying the structure and giving a partial refund.",
      "Name": "Cancel",
      "AbilCmd": "BuildInProgress,Cancel"
    },
    {
      "Id": "AugmentDragonMeleeAttacksLevel1",
      "Icon": "btn-upgrade-zerg-meleeattacks-level1",
      "Tooltip": "Upgrades all Dragon melee attacks and the ranged attacks of Hunters and Sunken Guardians.",
      "Name": "Augment Dragon Melee Attacks Level 1",
      "AbilCmd": "FrontierDeepOneResearch,Research1"
    },
    {
      "Id": "AugmentDragonMeleeAttacksLevel2",
      "Icon": "btn-upgrade-zerg-meleeattacks-level2",
      "Tooltip": "Further upgrades all Dragon melee attacks and the ranged attacks of Hunters and Sunken Guardians.",
      "Name": "Augment Dragon Melee Attacks Level 2",
      "AbilCmd": "FrontierDeepOneResearch,Research2"
    },
    {
      "Id": "AugmentDragonMeleeAttacksLevel3",
      "Icon": "btn-upgrade-zerg-meleeattacks-level3",
      "Tooltip": "Maximizes all Dragon melee attacks and the ranged attacks of Hunters and Sunken Guardians.",
      "Name": "Augment Dragon Melee Attacks Level 3",
      "AbilCmd": "FrontierDeepOneResearch,Research3"
    },
    {
      "Id": "AugmentDragonFireAttacksLevel1",
      "Tooltip": "Upgrades the ranged attacks of all fire breathing Dragon units.",
      "Name": "Augment Dragon Fire Attacks Level 1",
      "AbilCmd": "FrontierDeepOneResearch,Research4"
    },
    {
      "Id": "AugmentDragonFireAttacksLevel2",
      "Tooltip": "Further upgrades the ranged attacks of all fire breathing Dragon units.",
      "Name": "Augment Dragon Fire Attacks Level 2",
      "AbilCmd": "FrontierDeepOneResearch,Research5"
    },
    {
      "Id": "AugmentDragonFireAttacksLevel3",
      "Tooltip": "Maximizes the ranged attacks of all fire breathing Dragon units.",
      "Name": "Augment Dragon Fire Attacks Level 3",
      "AbilCmd": "FrontierDeepOneResearch,Research6"
    },
    {
      "Id": "AugmentDragonScaleArmorLevel1",
      "Icon": "btn-upgrade-zerg-flyercarapace-level1",
      "Tooltip": "Upgrades the armor of all light Dragon units.",
      "Name": "Augment Dragon Scale Armor Level 1",
      "AbilCmd": "FrontierDeepOneResearch,Research7"
    },
    {
      "Id": "AugmentDragonScaleArmorLevel2",
      "Icon": "btn-upgrade-zerg-flyercarapace-level2",
      "Tooltip": "Further upgrades the armor of all light Dragon units.",
      "Name": "Augment Dragon Scale Armor Level 2",
      "AbilCmd": "FrontierDeepOneResearch,Research8"
    },
    {
      "Id": "AugmentDragonScaleArmorLevel3",
      "Icon": "btn-upgrade-zerg-flyercarapace-level3",
      "Tooltip": "Maximizes the armor of all light Dragon units.",
      "Name": "Augment Dragon Scale Armor Level 3",
      "AbilCmd": "FrontierDeepOneResearch,Research9"
    },
    {
      "Id": "AugmentDragonPlateArmorLevel1",
      "Icon": "btn-upgrade-zerg-groundcarapace-level1",
      "Tooltip": "Upgrades the armor of all armored Dragon units and structures.",
      "Name": "Augment Dragon Plate Armor Level 1",
      "AbilCmd": "FrontierDeepOneResearch,Research10"
    },
    {
      "Id": "AugmentDragonPlateArmorLevel2",
      "Icon": "btn-upgrade-zerg-groundcarapace-level2",
      "Tooltip": "Further upgrades the armor of all armored Dragon units and structures.",
      "Name": "Augment Dragon Plate Armor Level 2",
      "AbilCmd": "FrontierDeepOneResearch,Research11"
    },
    {
      "Id": "AugmentDragonPlateArmorLevel3",
      "Icon": "btn-upgrade-zerg-groundcarapace-level3",
      "Tooltip": "Maximizes the armor of all armored Dragon units and structures.",
      "Name": "Augment Dragon Plate Armor Level 3",
      "AbilCmd": "FrontierDeepOneResearch,Research12"
    },
    {
      "Id": "FrontierDeepOneAbundance",
      "Icon": "btn-ability-zerg-regenaura",
      "Tooltip": "Increases Razorback supply provided by 4, movement speed by 0.5, and provides constant regeneration. Additionally allows Denizen of the Deep to convert resources.",
      "Name": "Augment Abundance",
      "AbilCmd": "FrontierDeepOneResearch,Research13"
    },
    {
      "Id": "FrontierDeepOneDragonLineage",
      "Icon": "btn-unit-zerg-finalboss",
      "Tooltip": "Provides all Dragon units with lesser regeneration out of combat, propogated Dragon structures moderate regeneration out of combat, and Dragon Deep Ones greater regeneration out of combat. Additionally provides 1 armor to propogated Dragon structures and 2 armor to Dragon Deep Ones.",
      "Name": "Augment Dragon Lineage",
      "AbilCmd": "FrontierDeepOneResearch,Research14"
    }
  ]
}