{
  "Name": "Auto-Turret",
  "Description": "Automated defensive turret. Times out after <b>14</b> seconds.<br/><br/><c val=\"#ColorAttackInfo\">Can attack ground and air units.</span>",
  "DeathRevealFilters": "Visible;Player,Ally,Neutral,Missile,Dead,Hidden",
  "DeathRevealRadius": 3,
  "DeathRevealDuration": 4,
  "DeathRevealType": "Snapshot",
  "Race": "Terr",
  "DefaultAcquireLevel": "Offensive",
  "Response": "Acquire",
  "ResourceState": "Unknown",
  "ResourceType": "Unknown",
  "LifeStart": 150,
  "LifeMax": 150,
  "LifeArmorName": "Terran Building Plating",
  "Mover": "Ground",
  "StationaryTurningRate": 719.4726,
  "TurningRate": 719.4726,
  "Radius": 1,
  "SeparationRadius": 0.75,
  "MinimapRadius": 0.75,
  "EditorCategories": {
    "ObjectType": "Structure",
    "ObjectFamily": "Melee"
  },
  "TacticalAIFilters": "-;Player,Ally,Neutral",
  "AIEvalFactor": 1,
  "Mass": 0.4,
  "FlagArray": [
    "Movable",
    "Unclickable",
    "Unhighlightable",
    "Untooltipable",
    "KillCredit",
    "ShowResources",
    "ClearRallyOnTargetLost",
    "PlayerRevivable",
    "CameraFollow",
    "UseLineOfSight",
    "NoScore",
    "NoPortraitTalk",
    "AILifetime",
    "AIDefense",
    "ArmorDisabledWhileConstructing"
  ],
  "EditorFlags": [
    "BlockStructures"
  ],
  "PushPriority": 10,
  "LeaderAlias": "AutoTurret",
  "HotkeyAlias": "AutoTurret",
  "SelectAlias": "AutoTurret",
  "SubgroupAlias": "AutoTurret",
  "OccludeHeight": 0.75,
  "TacticalAI": "AutoTurret",
  "AIEvaluateAlias": "AutoTurret",
  "ReviveType": "AutoTurret",
  "PawnItemReduction": 1,
  "Fidget": {
    "DelayMax": 30,
    "DelayMin": 10,
    "DistanceMax": 4,
    "DistanceMin": 1,
    "TurnAngle": 90,
    "TurningRate": 90,
    "ChanceArray": {
      "Idle": 100
    }
  },
  "ReviveInfoBase": {
    "Charge": {
      "Link": "AutoTurret/Revive",
      "Location": "Unit"
    },
    "Cooldown": {
      "Link": "AutoTurret/Revive",
      "Location": "Unit"
    }
  },
  "InnerRadiusSafetyMultiplier": 1,
  "ArmorType": "Unknown",
  "Mob": "Multiplayer",
  "FogVisibility": "Snapshot",
  "LifeArmor": 1,
  "CostResource": {
    "Minerals": 100
  },
  "RepairTime": 50,
  "AttackTargetPriority": 20,
  "Footprint": "FootprintAutoTurret",
  "PlacementFootprint": "FootprintAutoTurret",
  "SubgroupPriority": 2,
  "PlaneArray": [
    "Ground"
  ],
  "Collide": [
    "Burrow",
    "Ground",
    "Structure",
    "RoachBurrow",
    "ForceField",
    "Small",
    "Locust"
  ],
  "Sight": 7,
  "CardLayouts": [
    {
      "LayoutButtons": [
        {
          "Face": "Stop",
          "Type": "AbilCmd",
          "AbilCmd": "stop,Stop",
          "Row": 0,
          "Column": 1
        },
        {
          "Face": "AttackBuilding",
          "Type": "AbilCmd",
          "AbilCmd": "attack,Execute",
          "Row": 0,
          "Column": 4
        }
      ]
    }
  ],
  "Attributes": [
    "Armored",
    "Mechanical",
    "Structure"
  ],
  "GlossaryPriority": 346,
  "GlossaryCategory": "Unit/Category/TerranUnits",
  "HotkeyCategory": "",
  "KillDisplay": "Never",
  "RankDisplay": "Never",
  "GlossaryStrongArray": [
    "SCV",
    "Drone",
    "Probe"
  ],
  "GlossaryWeakArray": [
    "Marauder",
    "Hydralisk",
    "Immortal"
  ],
  "Icon": "btn-building-terran-autoturret",
  "LifeArmorIcon": "btn-upgrade-terran-buildingarmor",
  "ShieldArmorIcon": "btn-upgrade-protoss-shieldslevel0",
  "Id": "AutoTurret",
  "Weapons": [
    {
      "Link": "AutoTurret",
      "Turret": "AutoTurret",
      "Id": "AutoTurret",
      "Icon": "btn-upgrade-terran-hisecautotracking",
      "Name": "12mm Gauss Cannon",
      "Amount": 18,
      "Kind": "Ranged",
      "TargetFilters": "",
      "Range": 6,
      "Period": 0.8
    }
  ],
  "Behaviors": [
    {
      "Link": "TerranBuildingBurnDown",
      "Id": "TerranBuildingBurnDown"
    }
  ],
  "Upgrades": [
    {
      "Link": "TerranBuildingArmor",
      "Id": "TerranBuildingArmor",
      "Icon": "btn-upgrade-terran-buildingarmor",
      "Name": "Neosteel Armor"
    },
    {
      "Link": "HiSecAutoTracking",
      "Id": "HiSecAutoTracking",
      "Icon": "btn-upgrade-terran-hisecautotracking",
      "Name": "Hi-Sec Auto Tracking"
    },
    {
      "Link": "RavenDamageUpgrade",
      "Id": "RavenDamageUpgrade",
      "Icon": "btn-upgrade-terran-explosiveshrapnelshells",
      "Name": "Explosive Shrapnel Shells"
    }
  ],
  "Abilities": [
    {
      "Link": "BuildInProgress",
      "Id": "BuildInProgress",
      "Name": "Build in Progress"
    },
    {
      "Link": "stop",
      "Id": "stop",
      "Name": "Stop"
    },
    {
      "Link": "attack",
      "Id": "attack",
      "Name": "Attack"
    }
  ],
  "Requirements": [],
  "Production": [],
  "Producers": [],
  "Commands": [
    {
      "Id": "Stop",
      "Icon": "btn-command-stop",
      "Tooltip": "Orders selected units to cancel all orders and stop moving.",
      "Name": "Stop",
      "AbilCmd": "stop,Stop"
    },
    {
      "Id": "AttackBuilding",
      "Icon": "btn-command-attack",
      "Tooltip": "Targets and attacks the target unit until it is destroyed or moves out of range.",
      "Name": "Attack",
      "AbilCmd": "attack,Execute"
    }
  ]
}