{
  "Name": "Avenger",
  "Description": "Quick interceptor. Can use Vengeance Missile.<br/><br/><span style=\"color: #f078ff\">Energy user.</span><br/><span style=\"color: #FFFF80\">Can attack air units.</span>",
  "DeathRevealFilters": "Visible;Player,Ally,Neutral,Missile,Dead,Hidden",
  "DeathRevealRadius": 3,
  "DeathRevealDuration": 4,
  "DeathRevealType": "Snapshot",
  "Race": "Gen",
  "DefaultAcquireLevel": "Offensive",
  "Response": "Acquire",
  "ResourceState": "Unknown",
  "ResourceType": "Unknown",
  "LifeStart": 160,
  "LifeMax": 160,
  "LifeArmorName": "Mechanical Aircraft Plating",
  "Mover": "Fly",
  "StationaryTurningRate": 1440,
  "TurningRate": 1440,
  "Radius": 0.6875,
  "SeparationRadius": 0.75,
  "MinimapRadius": 0.75,
  "EditorCategories": {
    "ObjectType": "Unit",
    "ObjectFamily": "Melee"
  },
  "TacticalAIFilters": "-;Player,Ally,Neutral",
  "AIEvalFactor": 1,
  "Mass": 0.4,
  "FlagArray": [
    "Turnable",
    "Movable",
    "Unclickable",
    "Unhighlightable",
    "Untooltipable",
    "KillCredit",
    "ShowResources",
    "ClearRallyOnTargetLost",
    "PlayerRevivable",
    "CameraFollow",
    "PreventDestroy",
    "UseLineOfSight",
    "ArmySelect"
  ],
  "EditorFlags": [
    "BlockStructures"
  ],
  "PushPriority": 10,
  "LeaderAlias": "AvengerGenetron",
  "HotkeyAlias": "AvengerGenetron",
  "SelectAlias": "AvengerGenetron",
  "SubgroupAlias": "AvengerGenetron",
  "OccludeHeight": 0.75,
  "TacticalAI": "AvengerGenetron",
  "AIEvaluateAlias": "AvengerGenetron",
  "ReviveType": "AvengerGenetron",
  "PawnItemReduction": 1,
  "Fidget": {
    "DelayMax": 30,
    "DelayMin": 10,
    "DistanceMax": 4,
    "DistanceMin": 1,
    "TurnAngle": 90,
    "TurningRate": 90,
    "ChanceArray": {
      "Idle": 100
    }
  },
  "ReviveInfoBase": {
    "Charge": {
      "Link": "AvengerGenetron/Revive",
      "Location": "Unit"
    },
    "Cooldown": {
      "Link": "AvengerGenetron/Revive",
      "Location": "Unit"
    }
  },
  "InnerRadiusSafetyMultiplier": 1,
  "ArmorType": "Unknown",
  "Collide": [
    "Flying"
  ],
  "Attributes": [
    "Mechanical",
    "Armored"
  ],
  "LifeArmor": 1,
  "ScoreResult": "BuildOrder",
  "GlossaryAlias": "AvengerGenetron",
  "PlaneArray": [
    "Air"
  ],
  "Sight": 10,
  "AttackTargetPriority": 20,
  "GlossaryCategory": "Unit/Category/GenetronUnits",
  "HotkeyCategory": "Unit/Category/GenetronUnits",
  "ScoreMakeCostFactor": {
    "Minerals": 1,
    "Vespene": 1
  },
  "ScoreKillCostFactor": {
    "Minerals": 1,
    "Vespene": 1
  },
  "Speed": 3.375,
  "Acceleration": 3.5,
  "CostCategory": "Army",
  "CardLayouts": [
    {
      "LayoutButtons": [
        {
          "Face": "MovePatrol",
          "Type": "AbilCmd",
          "AbilCmd": "move,Patrol",
          "Row": 0,
          "Column": 3
        },
        {
          "Face": "MoveHoldPosition",
          "Type": "AbilCmd",
          "AbilCmd": "move,HoldPos",
          "Row": 0,
          "Column": 2
        },
        {
          "Face": "Attack",
          "Type": "AbilCmd",
          "AbilCmd": "attack,Execute",
          "Row": 0,
          "Column": 4
        },
        {
          "Face": "Stop",
          "Type": "AbilCmd",
          "AbilCmd": "stop,Stop",
          "Row": 0,
          "Column": 1
        },
        {
          "Face": "Move",
          "Type": "AbilCmd",
          "AbilCmd": "move,Move",
          "Row": 0,
          "Column": 0
        },
        {
          "Face": "VengeanceMissile",
          "Type": "AbilCmd",
          "AbilCmd": "VengeanceMissile,Execute",
          "Row": 2,
          "Column": 0
        },
        {
          "Face": "ConstructVengeanceMissile",
          "Type": "AbilCmd",
          "AbilCmd": "AvengerConstructVengeanceMissile,Specialize1",
          "Row": 1,
          "Column": 0
        },
        {
          "Face": "Cancel",
          "Type": "AbilCmd",
          "AbilCmd": "que1Passive,CancelLast",
          "Row": 2,
          "Column": 4
        }
      ]
    }
  ],
  "CargoSize": 0,
  "Height": 3.75,
  "VisionHeight": 4,
  "Food": -2,
  "CostResource": {
    "Minerals": 175,
    "Vespene": 100
  },
  "RepairTime": 28,
  "SubgroupPriority": 44,
  "GlossaryPriority": 13,
  "GlossaryStrongArray": [
    "Badger",
    "Phoenix",
    "Liberator",
    "Corruptor"
  ],
  "GlossaryWeakArray": [
    "Torrent",
    "VoidRay",
    "ThorAP",
    "Hydralisk"
  ],
  "EnergyStart": 25,
  "EnergyMax": 25,
  "Icon": "btn-unit-genetron-avenger",
  "LifeArmorIcon": "btn-upgrade-genetron-aircraftplating-level0",
  "ShieldArmorIcon": "btn-upgrade-protoss-shieldslevel0",
  "Id": "AvengerGenetron",
  "Weapons": [
    {
      "Link": "NemesisMissile",
      "Id": "NemesisMissile",
      "Icon": "btn-upgrade-genetron-rocketweapons-level0",
      "Name": "Nemesis Missiles",
      "Amount": 18,
      "Kind": "Ranged",
      "TargetFilters": "Air",
      "Range": 6,
      "Period": 1.12
    }
  ],
  "Behaviors": [
    {
      "Link": "GenetronUnitEnergyRegenx2",
      "Id": "GenetronUnitEnergyRegenx2"
    },
    {
      "Link": "AvengerVengeanceMissileAmmo",
      "Id": "AvengerVengeanceMissileAmmo"
    }
  ],
  "Upgrades": [
    {
      "Link": "GenetronAircraftPlating",
      "Id": "GenetronAircraftPlating",
      "Name": "Genetron Aircraft Plating"
    },
    {
      "Link": "GenetronAircraftWeapons",
      "Id": "GenetronAircraftWeapons",
      "Name": "Genetron Aircraft Weapons"
    },
    {
      "Link": "GenetronAircraftPlatingLevel1",
      "Id": "GenetronAircraftPlatingLevel1",
      "Icon": "btn-upgrade-genetron-aircraftplating-level1",
      "Name": "Genetron Aircraft Plating Level 1"
    },
    {
      "Link": "GenetronAircraftPlatingLevel2",
      "Id": "GenetronAircraftPlatingLevel2",
      "Icon": "btn-upgrade-genetron-aircraftplating-level2",
      "Name": "Genetron Aircraft Plating Level 2"
    },
    {
      "Link": "GenetronAircraftPlatingLevel3",
      "Id": "GenetronAircraftPlatingLevel3",
      "Icon": "btn-upgrade-genetron-aircraftplating-level3",
      "Name": "Genetron Aircraft Plating Level 3"
    },
    {
      "Link": "GenetronAircraftWeaponsLevel1",
      "Id": "GenetronAircraftWeaponsLevel1",
      "Icon": "btn-upgrade-genetron-rocketweapons-level1",
      "Name": "Genetron Aircraft Weapons Level 1"
    },
    {
      "Link": "GenetronAircraftWeaponsLevel2",
      "Id": "GenetronAircraftWeaponsLevel2",
      "Icon": "btn-upgrade-genetron-rocketweapons-level2",
      "Name": "Genetron Aircraft Weapons Level 2"
    },
    {
      "Link": "GenetronAircraftWeaponsLevel3",
      "Id": "GenetronAircraftWeaponsLevel3",
      "Icon": "btn-upgrade-genetron-rocketweapons-level3",
      "Name": "Genetron Aircraft Weapons Level 3"
    },
    {
      "Link": "VengeanceMissile",
      "Id": "VengeanceMissile",
      "Icon": "btn-ability-genetron-vengeancemissile",
      "Name": "Vengeance Missile"
    }
  ],
  "Abilities": [
    {
      "Link": "move",
      "Id": "move",
      "Name": "Move"
    },
    {
      "Link": "stop",
      "Id": "stop",
      "Name": "Stop"
    },
    {
      "Link": "attack",
      "Id": "attack",
      "Name": "Attack"
    },
    {
      "Link": "que1Passive",
      "Id": "que1Passive",
      "Name": "Queue (1) Passive"
    },
    {
      "Link": "AvengerConstructVengeanceMissile",
      "Id": "AvengerConstructVengeanceMissile",
      "Name": "Avenger - Construct Vengeance Missile"
    },
    {
      "Link": "VengeanceMissile",
      "Id": "VengeanceMissile",
      "Name": "Vengeance Missile"
    }
  ],
  "Requirements": [],
  "Production": [],
  "Producers": [
    {
      "Id": "AssemblyArray",
      "Icon": "btn-building-genetron-assemblyarray",
      "Description": "Aircraft production facility.<br/><br/><span style=\"color: #FFFF80\">Enables:</span><br/>- Avengers<br/>- Hornets",
      "Name": "Assembly Array"
    }
  ],
  "Commands": [
    {
      "Id": "MovePatrol",
      "Icon": "btn-command-patrol",
      "Tooltip": "Orders selected units to patrol between their current position and the target area. Units will attack enemies and move to engage nearby enemies.",
      "Name": "Patrol",
      "AbilCmd": "move,Patrol"
    },
    {
      "Id": "MoveHoldPosition",
      "Icon": "btn-command-holdposition",
      "Tooltip": "Orders selected units to stay where they are and attack enemies that are within range. Units will neither chase down enemies nor move to engage.",
      "Name": "Hold Position",
      "AbilCmd": "move,HoldPos"
    },
    {
      "Id": "Attack",
      "Icon": "btn-command-attack",
      "Tooltip": "Orders selected units to move to the target point, fighting nearby enemies along the way. Targeting a unit with the Attack command orders that it be attacked until it is destroyed.",
      "Name": "Attack",
      "AbilCmd": "attack,Execute"
    },
    {
      "Id": "Stop",
      "Icon": "btn-command-stop",
      "Tooltip": "Orders selected units to cancel all orders and stop moving.",
      "Name": "Stop",
      "AbilCmd": "stop,Stop"
    },
    {
      "Id": "Move",
      "Icon": "btn-command-move",
      "Tooltip": "Orders selected units to move to the target area or follow the target unit. Moving units will not engage enemies.",
      "Name": "Move",
      "AbilCmd": "move,Move"
    },
    {
      "Id": "VengeanceMissile",
      "Icon": "btn-ability-genetron-vengeancemissile",
      "Tooltip": "Fires a missile dealing 60 (+<b>20</b> vs Massive) damage to the target.",
      "Name": "Vengeance Missile",
      "AbilCmd": "VengeanceMissile,Execute"
    },
    {
      "Id": "ConstructVengeanceMissile",
      "Icon": "btn-ability-genetron-vengeancemissile",
      "Tooltip": "Arms the unit with a Vengeance Missile.",
      "Name": "Construct Vengeance Missile",
      "AbilCmd": "AvengerConstructVengeanceMissile,Specialize1"
    },
    {
      "Id": "Cancel",
      "Icon": "btn-command-cancel",
      "Tooltip": "Drops the current order without performing it, and allows you to select a different order.",
      "Name": "Cancel",
      "AbilCmd": "que1Passive,CancelLast"
    }
  ]
}