{
  "Name": "Badger",
  "Description": "Large gunship.<br/><br/><span style=\"color: #f078ff\">Energy user.</span><br/><span style=\"color: #FFFF80\">Can attack ground and air units simultaneously.</span>",
  "DeathRevealFilters": "Visible;Player,Ally,Neutral,Missile,Dead,Hidden",
  "DeathRevealRadius": 3,
  "DeathRevealDuration": 4,
  "DeathRevealType": "Snapshot",
  "Race": "Gen",
  "DefaultAcquireLevel": "Offensive",
  "Response": "Acquire",
  "ResourceState": "Unknown",
  "ResourceType": "Unknown",
  "LifeStart": 325,
  "LifeMax": 325,
  "LifeArmorName": "Mechanical Aircraft Plating",
  "Mover": "Fly",
  "StationaryTurningRate": 720,
  "TurningRate": 720,
  "Radius": 0.875,
  "SeparationRadius": 1,
  "MinimapRadius": 0.875,
  "EditorCategories": {
    "ObjectType": "Unit",
    "ObjectFamily": "Melee"
  },
  "TacticalAIFilters": "-;Player,Ally,Neutral",
  "AIEvalFactor": 1,
  "Mass": 0.4,
  "FlagArray": [
    "Turnable",
    "Movable",
    "Unclickable",
    "Unhighlightable",
    "Untooltipable",
    "KillCredit",
    "ShowResources",
    "ClearRallyOnTargetLost",
    "PlayerRevivable",
    "CameraFollow",
    "PreventDestroy",
    "UseLineOfSight",
    "ArmySelect"
  ],
  "EditorFlags": [
    "BlockStructures"
  ],
  "PushPriority": 10,
  "LeaderAlias": "Badger",
  "HotkeyAlias": "Badger",
  "SelectAlias": "Badger",
  "SubgroupAlias": "Badger",
  "OccludeHeight": 0.75,
  "TacticalAI": "Badger",
  "AIEvaluateAlias": "Badger",
  "ReviveType": "Badger",
  "PawnItemReduction": 1,
  "Fidget": {
    "DelayMax": 30,
    "DelayMin": 10,
    "DistanceMax": 4,
    "DistanceMin": 1,
    "TurnAngle": 90,
    "TurningRate": 90,
    "ChanceArray": {
      "Idle": 100
    }
  },
  "ReviveInfoBase": {
    "Charge": {
      "Link": "Badger/Revive",
      "Location": "Unit"
    },
    "Cooldown": {
      "Link": "Badger/Revive",
      "Location": "Unit"
    }
  },
  "InnerRadiusSafetyMultiplier": 1,
  "ArmorType": "Unknown",
  "Collide": [
    "Flying"
  ],
  "Attributes": [
    "Mechanical",
    "Armored",
    "Massive"
  ],
  "LifeArmor": 2,
  "ScoreResult": "BuildOrder",
  "GlossaryAlias": "Badger",
  "PlaneArray": [
    "Air"
  ],
  "Sight": 10,
  "AttackTargetPriority": 20,
  "GlossaryCategory": "Unit/Category/GenetronUnits",
  "HotkeyCategory": "Unit/Category/GenetronUnits",
  "ScoreMakeCostFactor": {
    "Minerals": 1,
    "Vespene": 1
  },
  "ScoreKillCostFactor": {
    "Minerals": 1,
    "Vespene": 1
  },
  "Speed": 2.5,
  "Acceleration": 2,
  "CostCategory": "Army",
  "CardLayouts": [
    {
      "LayoutButtons": [
        {
          "Face": "MovePatrol",
          "Type": "AbilCmd",
          "AbilCmd": "move,Patrol",
          "Row": 0,
          "Column": 3
        },
        {
          "Face": "MoveHoldPosition",
          "Type": "AbilCmd",
          "AbilCmd": "move,HoldPos",
          "Row": 0,
          "Column": 2
        },
        {
          "Face": "Attack",
          "Type": "AbilCmd",
          "AbilCmd": "attack,Execute",
          "Row": 0,
          "Column": 4
        },
        {
          "Face": "Stop",
          "Type": "AbilCmd",
          "AbilCmd": "stop,Stop",
          "Row": 0,
          "Column": 1
        },
        {
          "Face": "Move",
          "Type": "AbilCmd",
          "AbilCmd": "move,Move",
          "Row": 0,
          "Column": 0
        },
        {
          "Face": "MELESTargetingSystem",
          "Type": "Passive",
          "Row": 2,
          "Column": 0
        },
        {
          "Face": "AAMDefenseTurret",
          "Type": "Passive",
          "Requirements": "UseAAMDefenseTurret",
          "ShowInGlossary": 0,
          "Row": 2,
          "Column": 1
        }
      ]
    }
  ],
  "CargoSize": 0,
  "Height": 3.75,
  "VisionHeight": 4,
  "EnergyStart": 100,
  "EnergyMax": 100,
  "Food": -6,
  "CostResource": {
    "Minerals": 300,
    "Vespene": 200
  },
  "RepairTime": 56,
  "SubgroupPriority": 30,
  "GlossaryPriority": 17,
  "GlossaryStrongArray": [
    "Mole",
    "Tempest",
    "Hydralisk"
  ],
  "GlossaryWeakArray": [
    "Torrent",
    "VoidRay",
    "Battlecruiser",
    "Viper"
  ],
  "Icon": "btn-unit-genetron-badger",
  "LifeArmorIcon": "btn-upgrade-genetron-aircraftplating-level0",
  "ShieldArmorIcon": "btn-upgrade-protoss-shieldslevel0",
  "Id": "Badger",
  "Weapons": [
    {
      "Link": "HellraiserGuns",
      "Id": "HellraiserGuns",
      "Icon": "btn-upgrade-genetron-rocketweapons-level0",
      "Name": "Hellraiser Guns",
      "Amount": 12,
      "Kind": "Ranged",
      "TargetFilters": "Ground",
      "Range": 6,
      "Period": 0.3
    },
    {
      "Link": "LancerAutogun",
      "Turret": "BadgerAATurret",
      "Id": "LancerAutogun",
      "Icon": "btn-upgrade-genetron-rocketweapons-level0",
      "Name": "Lancer Autogun",
      "Amount": 15,
      "Kind": "Ranged",
      "TargetFilters": "Air",
      "Range": 6,
      "Period": 1.3
    },
    {
      "Link": "AAMLaser",
      "Turret": "BadgerPointDefenseTurret",
      "Id": "AAMLaser",
      "Icon": "btn-upgrade-genetron-auxillaryantimissiledefenseturret",
      "Name": "AAM Laser",
      "TargetFilters": "Missile",
      "Range": 7,
      "Period": 2
    }
  ],
  "Behaviors": [
    {
      "Link": "GenetronUnitEnergyRegenx2",
      "Id": "GenetronUnitEnergyRegenx2"
    }
  ],
  "Upgrades": [
    {
      "Link": "GenetronAircraftPlating",
      "Id": "GenetronAircraftPlating",
      "Name": "Genetron Aircraft Plating"
    },
    {
      "Link": "GenetronAircraftWeapons",
      "Id": "GenetronAircraftWeapons",
      "Name": "Genetron Aircraft Weapons"
    },
    {
      "Link": "GenetronAircraftPlatingLevel1",
      "Id": "GenetronAircraftPlatingLevel1",
      "Icon": "btn-upgrade-genetron-aircraftplating-level1",
      "Name": "Genetron Aircraft Plating Level 1"
    },
    {
      "Link": "GenetronAircraftPlatingLevel2",
      "Id": "GenetronAircraftPlatingLevel2",
      "Icon": "btn-upgrade-genetron-aircraftplating-level2",
      "Name": "Genetron Aircraft Plating Level 2"
    },
    {
      "Link": "GenetronAircraftPlatingLevel3",
      "Id": "GenetronAircraftPlatingLevel3",
      "Icon": "btn-upgrade-genetron-aircraftplating-level3",
      "Name": "Genetron Aircraft Plating Level 3"
    },
    {
      "Link": "GenetronAircraftWeaponsLevel1",
      "Id": "GenetronAircraftWeaponsLevel1",
      "Icon": "btn-upgrade-genetron-rocketweapons-level1",
      "Name": "Genetron Aircraft Weapons Level 1"
    },
    {
      "Link": "GenetronAircraftWeaponsLevel2",
      "Id": "GenetronAircraftWeaponsLevel2",
      "Icon": "btn-upgrade-genetron-rocketweapons-level2",
      "Name": "Genetron Aircraft Weapons Level 2"
    },
    {
      "Link": "GenetronAircraftWeaponsLevel3",
      "Id": "GenetronAircraftWeaponsLevel3",
      "Icon": "btn-upgrade-genetron-rocketweapons-level3",
      "Name": "Genetron Aircraft Weapons Level 3"
    },
    {
      "Link": "AAMDefenseTurret",
      "Id": "AAMDefenseTurret",
      "Icon": "btn-upgrade-genetron-auxillaryantimissiledefenseturret",
      "Name": "AAM Defense Turret"
    }
  ],
  "Abilities": [
    {
      "Link": "move",
      "Id": "move",
      "Name": "Move"
    },
    {
      "Link": "stop",
      "Id": "stop",
      "Name": "Stop"
    },
    {
      "Link": "attack",
      "Id": "attack",
      "Name": "Attack"
    }
  ],
  "Requirements": [],
  "Production": [],
  "Producers": [
    {
      "Id": "AssemblyArray",
      "Icon": "btn-building-genetron-assemblyarray",
      "Description": "Aircraft production facility.<br/><br/><span style=\"color: #FFFF80\">Enables:</span><br/>- Avengers<br/>- Hornets",
      "Name": "Assembly Array"
    }
  ],
  "Commands": [
    {
      "Id": "MovePatrol",
      "Icon": "btn-command-patrol",
      "Tooltip": "Orders selected units to patrol between their current position and the target area. Units will attack enemies and move to engage nearby enemies.",
      "Name": "Patrol",
      "AbilCmd": "move,Patrol"
    },
    {
      "Id": "MoveHoldPosition",
      "Icon": "btn-command-holdposition",
      "Tooltip": "Orders selected units to stay where they are and attack enemies that are within range. Units will neither chase down enemies nor move to engage.",
      "Name": "Hold Position",
      "AbilCmd": "move,HoldPos"
    },
    {
      "Id": "Attack",
      "Icon": "btn-command-attack",
      "Tooltip": "Orders selected units to move to the target point, fighting nearby enemies along the way. Targeting a unit with the Attack command orders that it be attacked until it is destroyed.",
      "Name": "Attack",
      "AbilCmd": "attack,Execute"
    },
    {
      "Id": "Stop",
      "Icon": "btn-command-stop",
      "Tooltip": "Orders selected units to cancel all orders and stop moving.",
      "Name": "Stop",
      "AbilCmd": "stop,Stop"
    },
    {
      "Id": "Move",
      "Icon": "btn-command-move",
      "Tooltip": "Orders selected units to move to the target area or follow the target unit. Moving units will not engage enemies.",
      "Name": "Move",
      "AbilCmd": "move,Move"
    }
  ]
}