{
  "Name": "Banshee",
  "Description": "Tactical-strike aircraft. Can be upgraded to use cloak.<br/><br/><c val=\"#ColorAttackInfo\">Can attack ground units.</span>",
  "DeathRevealFilters": "Visible;Player,Ally,Neutral,Missile,Dead,Hidden",
  "DeathRevealRadius": 3,
  "DeathRevealDuration": 4,
  "DeathRevealType": "Snapshot",
  "Race": "Terr",
  "DefaultAcquireLevel": "Offensive",
  "Response": "Acquire",
  "ResourceState": "Unknown",
  "ResourceType": "Unknown",
  "LifeStart": 140,
  "LifeMax": 140,
  "LifeArmorName": "Terran Ship Plating",
  "Mover": "Fly",
  "StationaryTurningRate": 1499.9414,
  "TurningRate": 1499.9414,
  "Radius": 0.75,
  "SeparationRadius": 0.75,
  "MinimapRadius": 0.75,
  "EditorCategories": {
    "ObjectType": "Unit",
    "ObjectFamily": "Melee"
  },
  "TacticalAIFilters": "-;Player,Ally,Neutral",
  "AIEvalFactor": 1,
  "Mass": 0.4,
  "FlagArray": [
    "Turnable",
    "Movable",
    "Unclickable",
    "Unhighlightable",
    "Untooltipable",
    "KillCredit",
    "ShowResources",
    "ClearRallyOnTargetLost",
    "PlayerRevivable",
    "CameraFollow",
    "PreventDestroy",
    "UseLineOfSight",
    "ArmySelect"
  ],
  "EditorFlags": [
    "BlockStructures"
  ],
  "PushPriority": 10,
  "LeaderAlias": "Banshee",
  "HotkeyAlias": "Banshee",
  "SelectAlias": "Banshee",
  "SubgroupAlias": "Banshee",
  "OccludeHeight": 0.75,
  "TacticalAI": "Banshee",
  "AIEvaluateAlias": "Banshee",
  "ReviveType": "Banshee",
  "PawnItemReduction": 1,
  "Fidget": {
    "DelayMax": 30,
    "DelayMin": 10,
    "DistanceMax": 4,
    "DistanceMin": 1,
    "TurnAngle": 90,
    "TurningRate": 90,
    "ChanceArray": {
      "Idle": 100
    }
  },
  "ReviveInfoBase": {
    "Charge": {
      "Link": "Banshee/Revive",
      "Location": "Unit"
    },
    "Cooldown": {
      "Link": "Banshee/Revive",
      "Location": "Unit"
    }
  },
  "InnerRadiusSafetyMultiplier": 1,
  "ArmorType": "Unknown",
  "Mob": "Multiplayer",
  "EnergyStart": 50,
  "EnergyMax": 200,
  "EnergyRegenRate": 0.5625,
  "Speed": 2.75,
  "Acceleration": 3.25,
  "Height": 3.75,
  "Food": -3,
  "CostCategory": "Army",
  "CostResource": {
    "Minerals": 150,
    "Vespene": 100
  },
  "RepairTime": 60,
  "AttackTargetPriority": 20,
  "DamageDealtXP": 1,
  "DamageTakenXP": 1,
  "KillXP": 50,
  "ScoreMake": 250,
  "ScoreKill": 250,
  "ScoreResult": "BuildOrder",
  "SubgroupPriority": 64,
  "PlaneArray": [
    "Air"
  ],
  "Collide": [
    "Flying"
  ],
  "VisionHeight": 4,
  "Sight": 10,
  "CardLayouts": [
    {
      "LayoutButtons": [
        {
          "Face": "Move",
          "Type": "AbilCmd",
          "AbilCmd": "move,Move",
          "Row": 0,
          "Column": 0
        },
        {
          "Face": "Stop",
          "Type": "AbilCmd",
          "AbilCmd": "stop,Stop",
          "Row": 0,
          "Column": 1
        },
        {
          "Face": "MoveHoldPosition",
          "Type": "AbilCmd",
          "AbilCmd": "move,HoldPos",
          "Row": 0,
          "Column": 2
        },
        {
          "Face": "Attack",
          "Type": "AbilCmd",
          "AbilCmd": "attack,Execute",
          "Row": 0,
          "Column": 4
        },
        {
          "Face": "MovePatrol",
          "Type": "AbilCmd",
          "AbilCmd": "move,Patrol",
          "Row": 0,
          "Column": 3
        },
        {
          "Face": "CloakOnBanshee",
          "Type": "AbilCmd",
          "AbilCmd": "BansheeCloak,On",
          "Row": 2,
          "Column": 0
        },
        {
          "Face": "CloakOff",
          "Type": "AbilCmd",
          "AbilCmd": "BansheeCloak,Off",
          "Row": 2,
          "Column": 1
        }
      ]
    }
  ],
  "Attributes": [
    "Light",
    "Mechanical"
  ],
  "GlossaryCategory": "Unit/Category/TerranUnits",
  "HotkeyCategory": "Unit/Category/TerranUnits",
  "GlossaryPriority": 210,
  "GlossaryWeakArray": [
    "VikingFighter",
    "Hydralisk",
    "Phoenix"
  ],
  "GlossaryStrongArray": [
    "SiegeTank",
    "Ravager",
    "Adept"
  ],
  "Icon": "btn-unit-terran-banshee",
  "LifeArmorIcon": "btn-upgrade-terran-shipplatinglevel0",
  "ShieldArmorIcon": "btn-upgrade-protoss-shieldslevel0",
  "Id": "Banshee",
  "Weapons": [
    {
      "Link": "BacklashRockets",
      "Id": "BacklashRockets",
      "Icon": "btn-upgrade-terran-shipweaponslevel0",
      "Name": "Backlash Rockets",
      "Amount": 12,
      "Kind": "Ranged",
      "DisplayAttackCount": 2,
      "TargetFilters": "Ground",
      "Range": 6,
      "Period": 1.25
    }
  ],
  "Upgrades": [
    {
      "Link": "TerranShipWeapons",
      "Id": "TerranShipWeapons",
      "Name": "Terran Ship Weapons"
    },
    {
      "Link": "TerranShipArmors",
      "Id": "TerranShipArmors",
      "Name": "Terran Ship Armors"
    },
    {
      "Link": "TerranShipWeaponsLevel1",
      "Id": "TerranShipWeaponsLevel1",
      "Icon": "btn-upgrade-terran-shipweaponslevel1",
      "Name": "Terran Ship Weapons Level 1"
    },
    {
      "Link": "TerranShipWeaponsLevel2",
      "Id": "TerranShipWeaponsLevel2",
      "Icon": "btn-upgrade-terran-shipweaponslevel2",
      "Name": "Terran Ship Weapons Level 2"
    },
    {
      "Link": "TerranShipWeaponsLevel3",
      "Id": "TerranShipWeaponsLevel3",
      "Icon": "btn-upgrade-terran-shipweaponslevel3",
      "Name": "Terran Ship Weapons Level 3"
    },
    {
      "Link": "TerranShipArmorsLevel1",
      "Id": "TerranShipArmorsLevel1",
      "Icon": "btn-upgrade-terran-shipplatinglevel1",
      "Name": "Terran Ship Plating Level 1"
    },
    {
      "Link": "TerranShipArmorsLevel2",
      "Id": "TerranShipArmorsLevel2",
      "Icon": "btn-upgrade-terran-shipplatinglevel2",
      "Name": "Terran Ship Plating Level 2"
    },
    {
      "Link": "TerranShipArmorsLevel3",
      "Id": "TerranShipArmorsLevel3",
      "Icon": "btn-upgrade-terran-shipplatinglevel3",
      "Name": "Terran Ship Plating Level 3"
    },
    {
      "Link": "BansheeCloak",
      "Id": "BansheeCloak",
      "Icon": "btn-ability-terran-cloak-color",
      "Name": "Cloaking Field"
    },
    {
      "Link": "TerranVehicleAndShipWeapons",
      "Id": "TerranVehicleAndShipWeapons",
      "Name": "Terran Vehicle And Ship Weapons"
    },
    {
      "Link": "TerranVehicleAndShipArmors",
      "Id": "TerranVehicleAndShipArmors",
      "Name": "Terran Vehicle And Ship Plating"
    },
    {
      "Link": "TerranVehicleAndShipWeaponsLevel1",
      "Id": "TerranVehicleAndShipWeaponsLevel1",
      "Icon": "btn-upgrade-terran-vehicleweaponslevel1",
      "Name": "Terran Vehicle And Ship Weapons Level 1"
    },
    {
      "Link": "TerranVehicleAndShipWeaponsLevel2",
      "Id": "TerranVehicleAndShipWeaponsLevel2",
      "Icon": "btn-upgrade-terran-vehicleweaponslevel2",
      "Name": "Terran Vehicle And Ship Weapons Level 2"
    },
    {
      "Link": "TerranVehicleAndShipWeaponsLevel3",
      "Id": "TerranVehicleAndShipWeaponsLevel3",
      "Icon": "btn-upgrade-terran-vehicleweaponslevel3",
      "Name": "Terran Vehicle And Ship Weapons Level 3"
    },
    {
      "Link": "TerranVehicleAndShipArmorsLevel1",
      "Id": "TerranVehicleAndShipArmorsLevel1",
      "Icon": "btn-upgrade-terran-vehicleplatinglevel1",
      "Name": "Terran Vehicle and Ship Plating Level 1"
    },
    {
      "Link": "TerranVehicleAndShipArmorsLevel2",
      "Id": "TerranVehicleAndShipArmorsLevel2",
      "Icon": "btn-upgrade-terran-vehicleplatinglevel2",
      "Name": "Terran Vehicle and Ship Plating Level 2"
    },
    {
      "Link": "TerranVehicleAndShipArmorsLevel3",
      "Id": "TerranVehicleAndShipArmorsLevel3",
      "Icon": "btn-upgrade-terran-vehicleplatinglevel3",
      "Name": "Terran Vehicle and Ship Plating Level 3"
    },
    {
      "Link": "BansheeSpeed",
      "Id": "BansheeSpeed",
      "Icon": "btn-upgrade-terran-hyperflightrotors",
      "Name": "Hyperflight Rotors"
    }
  ],
  "Abilities": [
    {
      "Link": "stop",
      "Id": "stop",
      "Name": "Stop"
    },
    {
      "Link": "attack",
      "Id": "attack",
      "Name": "Attack"
    },
    {
      "Link": "move",
      "Id": "move",
      "Name": "Move"
    },
    {
      "Link": "BansheeCloak",
      "Id": "BansheeCloak",
      "Name": "Cloaking Field"
    }
  ],
  "Requirements": [],
  "Production": [],
  "Producers": [
    {
      "Id": "Starport",
      "Icon": "btn-building-terran-starport",
      "Description": "Air-unit production facility. <br/><br/><span style=\"color: #ffff8a\">Enables:</span><br/>- Vikings<br/>- Medivacs<br/>- Liberators",
      "Name": "Starport"
    }
  ],
  "Commands": [
    {
      "Id": "Move",
      "Icon": "btn-command-move",
      "Tooltip": "Orders selected units to move to the target area or follow the target unit. Moving units will not engage enemies.",
      "Name": "Move",
      "AbilCmd": "move,Move"
    },
    {
      "Id": "Stop",
      "Icon": "btn-command-stop",
      "Tooltip": "Orders selected units to cancel all orders and stop moving.",
      "Name": "Stop",
      "AbilCmd": "stop,Stop"
    },
    {
      "Id": "MoveHoldPosition",
      "Icon": "btn-command-holdposition",
      "Tooltip": "Orders selected units to stay where they are and attack enemies that are within range. Units will neither chase down enemies nor move to engage.",
      "Name": "Hold Position",
      "AbilCmd": "move,HoldPos"
    },
    {
      "Id": "Attack",
      "Icon": "btn-command-attack",
      "Tooltip": "Orders selected units to move to the target point, fighting nearby enemies along the way. Targeting a unit with the Attack command orders that it be attacked until it is destroyed.",
      "Name": "Attack",
      "AbilCmd": "attack,Execute"
    },
    {
      "Id": "MovePatrol",
      "Icon": "btn-command-patrol",
      "Tooltip": "Orders selected units to patrol between their current position and the target area. Units will attack enemies and move to engage nearby enemies.",
      "Name": "Patrol",
      "AbilCmd": "move,Patrol"
    },
    {
      "Id": "CloakOnBanshee",
      "Icon": "btn-ability-terran-cloak-color",
      "Tooltip": "Cloaks the unit, preventing enemy units from seeing or attacking it. A cloaked unit will only be revealed by detectors or effects.<br/><br/><span style=\"color: #f078ff\">Drains <b>0.9</b> energy per second.</span>",
      "Name": "Cloak",
      "AbilCmd": "BansheeCloak,On"
    },
    {
      "Id": "CloakOff",
      "Icon": "btn-ability-terran-decloak-color",
      "Tooltip": "Decloaks the selected unit, making it visible to enemies.",
      "Name": "Decloak",
      "AbilCmd": "BansheeCloak,Off"
    }
  ]
}