{
  "Name": "Tech Lab",
  "Description": "Enables additional units and research options. A Tech Lab can fit onto any production structure.",
  "DeathRevealFilters": "Visible;Player,Ally,Neutral,Missile,Dead,Hidden",
  "DeathRevealRadius": 3,
  "DeathRevealDuration": 4,
  "DeathRevealType": "Snapshot",
  "Race": "Terr",
  "DefaultAcquireLevel": "Offensive",
  "Response": "Acquire",
  "ResourceState": "Unknown",
  "ResourceType": "Unknown",
  "LifeStart": 400,
  "LifeMax": 400,
  "LifeArmorName": "Terran Building Plating",
  "Mover": "Ground",
  "StationaryTurningRate": 719.4726,
  "TurningRate": 719.4726,
  "Radius": 1,
  "SeparationRadius": 1,
  "MinimapRadius": 1,
  "EditorCategories": {
    "ObjectType": "Structure",
    "ObjectFamily": "Melee"
  },
  "TacticalAIFilters": "-;Player,Ally,Neutral",
  "AIEvalFactor": 1,
  "Mass": 0.4,
  "FlagArray": [
    "Movable",
    "Unclickable",
    "Unhighlightable",
    "Untooltipable",
    "KillCredit",
    "ShowResources",
    "ClearRallyOnTargetLost",
    "PlayerRevivable",
    "CameraFollow",
    "PreventDefeat",
    "PreventDestroy",
    "PenaltyRevealed",
    "UseLineOfSight",
    "TownAlert",
    "NoPortraitTalk",
    "ArmorDisabledWhileConstructing"
  ],
  "EditorFlags": [
    "BlockStructures"
  ],
  "PushPriority": 10,
  "LeaderAlias": "BarracksTechLab",
  "HotkeyAlias": "TechLab",
  "SelectAlias": "TechLab",
  "SubgroupAlias": "BarracksTechLab",
  "OccludeHeight": 0.75,
  "TacticalAI": "TechLab",
  "AIEvaluateAlias": "TechLab",
  "ReviveType": "TechLab",
  "PawnItemReduction": 1,
  "Fidget": {
    "DelayMax": 30,
    "DelayMin": 10,
    "DistanceMax": 4,
    "DistanceMin": 1,
    "TurnAngle": 90,
    "TurningRate": 90,
    "ChanceArray": {
      "Idle": 100
    }
  },
  "ReviveInfoBase": {
    "Charge": {
      "Link": "TechLab/Revive",
      "Location": "Unit"
    },
    "Cooldown": {
      "Link": "TechLab/Revive",
      "Location": "Unit"
    }
  },
  "InnerRadiusSafetyMultiplier": 1,
  "ArmorType": "Unknown",
  "TechAliasArray": [
    "Alias_TechLab"
  ],
  "Facing": 315,
  "Mob": "None",
  "FogVisibility": "Snapshot",
  "LifeArmor": 1,
  "CostCategory": "Technology",
  "CostResource": {
    "Minerals": 50,
    "Vespene": 25
  },
  "RepairTime": 25,
  "AttackTargetPriority": 11,
  "Footprint": "Footprint2x2Contour",
  "PlacementFootprint": "Footprint3x3AddOn2x2",
  "AddOnOffsetX": 2.5,
  "AddOnOffsetY": -0.5,
  "ScoreMake": 75,
  "ScoreKill": 75,
  "ScoreResult": "BuildOrder",
  "SubgroupPriority": 2,
  "Attributes": [
    "Armored",
    "Mechanical",
    "Structure"
  ],
  "PlaneArray": [
    "Ground"
  ],
  "Collide": [
    "Burrow",
    "Ground",
    "Structure",
    "RoachBurrow",
    "ForceField",
    "Small",
    "Locust",
    "Phased"
  ],
  "Sight": 9,
  "CardLayouts": [
    {
      "LayoutButtons": [
        {
          "Face": "Cancel",
          "Type": "AbilCmd",
          "AbilCmd": "que5Addon,CancelLast",
          "Row": 2,
          "Column": 4
        },
        {
          "Face": "CancelBuilding",
          "Type": "AbilCmd",
          "AbilCmd": "BuildInProgress,Cancel",
          "Row": 2,
          "Column": 4
        },
        {
          "Face": "ResearchShieldWall",
          "Type": "AbilCmd",
          "AbilCmd": "BarracksTechLabResearch,Research2",
          "Row": 0,
          "Column": 0
        },
        {
          "Face": "Stimpack",
          "Type": "AbilCmd",
          "AbilCmd": "BarracksTechLabResearch,Research1",
          "Row": 0,
          "Column": 1
        },
        {
          "Face": "ResearchPunisherGrenades",
          "Type": "AbilCmd",
          "AbilCmd": "BarracksTechLabResearch,Research3",
          "Row": 0,
          "Column": 2
        }
      ]
    }
  ],
  "AddedOnArray": [
    {
      "UnitLink": "Barracks",
      "BehaviorLink": "BarracksTechLab",
      "ParentBehaviorLink": "AddonIsWorking"
    },
    {
      "UnitLink": "Factory",
      "BehaviorLink": "FactoryTechLab",
      "ParentBehaviorLink": "AddonIsWorking"
    },
    {
      "UnitLink": "Starport",
      "BehaviorLink": "StarportTechLab",
      "ParentBehaviorLink": "AddonIsWorking"
    }
  ],
  "GlossaryPriority": 337,
  "HotkeyCategory": "Unit/Category/TerranUnits",
  "Icon": "btn-building-terran-techlab",
  "LifeArmorIcon": "btn-upgrade-terran-buildingarmor",
  "ShieldArmorIcon": "btn-upgrade-protoss-shieldslevel0",
  "Id": "BarracksTechLab",
  "Behaviors": [
    {
      "Link": "TerranBuildingBurnDown",
      "Id": "TerranBuildingBurnDown"
    }
  ],
  "Upgrades": [
    {
      "Link": "TerranBuildingArmor",
      "Id": "TerranBuildingArmor",
      "Icon": "btn-upgrade-terran-buildingarmor",
      "Name": "Neosteel Armor"
    }
  ],
  "Abilities": [
    {
      "Link": "BuildInProgress",
      "Id": "BuildInProgress",
      "Name": "Build in Progress"
    },
    {
      "Link": "que5Addon",
      "Id": "que5Addon",
      "Name": "Queue"
    },
    {
      "Link": "TechLabMorph",
      "Id": "TechLabMorph",
      "Name": "Tech Lab Morph (Detached)"
    },
    {
      "Link": "FactoryTechLabMorph",
      "Id": "FactoryTechLabMorph",
      "Name": "Tech Lab Morph (Factory)"
    },
    {
      "Link": "StarportTechLabMorph",
      "Id": "StarportTechLabMorph",
      "Name": "Tech Lab Morph (Starport)"
    },
    {
      "Link": "BarracksTechLabResearch",
      "Id": "BarracksTechLabResearch",
      "Name": "Tech Lab Research (Barracks)"
    }
  ],
  "Requirements": [],
  "Production": [
    {
      "Id": "ShieldWall",
      "Icon": "btn-techupgrade-terran-combatshield-color",
      "Name": "Combat Shield"
    },
    {
      "Id": "Stimpack",
      "Icon": "btn-ability-terran-stimpack-color",
      "Name": "Stimpack"
    },
    {
      "Id": "PunisherGrenades",
      "Icon": "btn-ability-terran-punishergrenade-color",
      "Name": "Concussive Shells"
    }
  ],
  "Producers": [
    {
      "Id": "Barracks",
      "Icon": "btn-building-terran-barracks",
      "Description": "Infantry-production facility.<br/><br/><span style=\"color: #ffff8a\">Enables:</span><br/>- Marines<br/>- Reapers<br/>- Bunkers from SCVs<br/>- Orbital Commands from Command Centers",
      "Name": "Barracks"
    },
    {
      "Id": "BarracksFlying",
      "Icon": "btn-building-terran-barracks",
      "Description": "Barracks must land to start unit production.",
      "Name": "Barracks"
    }
  ],
  "Commands": [
    {
      "Id": "Cancel",
      "Icon": "btn-command-cancel",
      "Tooltip": "Drops the current order without performing it, and allows you to select a different order.",
      "Name": "Cancel",
      "AbilCmd": "que5Addon,CancelLast"
    },
    {
      "Id": "CancelBuilding",
      "Icon": "btn-command-cancel",
      "Tooltip": "Cancels construction of this structure, destroying the structure and giving a partial refund.",
      "Name": "Cancel",
      "AbilCmd": "BuildInProgress,Cancel"
    },
    {
      "Id": "ResearchShieldWall",
      "Icon": "btn-techupgrade-terran-combatshield-color",
      "Tooltip": "<span style=\"color: #ffff8a\">Marines</span> gain +10 life.",
      "Name": "Research Combat Shield",
      "AbilCmd": "BarracksTechLabResearch,Research2"
    },
    {
      "Id": "Stimpack",
      "Icon": "btn-ability-terran-stimpack-color",
      "Tooltip": "Enables <span style=\"color: #ffff8a\">Marines</span> and <span style=\"color: #ffff8a\">Marauders</span> to use the Stimpack ability. Stimpacks cause damage to a unit, but they increase its attack and movement speeds for a short time.",
      "Name": "Research Stimpack",
      "AbilCmd": "BarracksTechLabResearch,Research1"
    },
    {
      "Id": "ResearchPunisherGrenades",
      "Icon": "btn-ability-terran-punishergrenade-color",
      "Tooltip": "Upgrades the <span style=\"color: #ffff8a\">Marauder</span> weapons to slow down opponents.",
      "Name": "Research Concussive Shells",
      "AbilCmd": "BarracksTechLabResearch,Research3"
    }
  ]
}