{
  "Name": "Barracks",
  "Description": "Infantry-production facility.<br/><br/><span style=\"color: #ffff8a\">Enables:</span><br/>- Marines<br/>- Reapers<br/>- Bunkers from SCVs<br/>- Orbital Commands from Command Centers",
  "DeathRevealFilters": "Visible;Player,Ally,Neutral,Missile,Dead,Hidden",
  "DeathRevealRadius": 3,
  "DeathRevealDuration": 4,
  "DeathRevealType": "Snapshot",
  "Race": "Terr",
  "DefaultAcquireLevel": "Offensive",
  "Response": "Acquire",
  "ResourceState": "Unknown",
  "ResourceType": "Unknown",
  "LifeStart": 1000,
  "LifeMax": 1000,
  "LifeArmorName": "Terran Building Plating",
  "Mover": "Ground",
  "StationaryTurningRate": 719.4726,
  "TurningRate": 719.4726,
  "Radius": 1.75,
  "SeparationRadius": 1.75,
  "MinimapRadius": 1.75,
  "EditorCategories": {
    "ObjectType": "Structure",
    "ObjectFamily": "Melee"
  },
  "TacticalAIFilters": "-;Player,Ally,Neutral",
  "AIEvalFactor": 1,
  "Mass": 0.4,
  "FlagArray": [
    "Movable",
    "Unclickable",
    "Unhighlightable",
    "Untooltipable",
    "KillCredit",
    "ShowResources",
    "ClearRallyOnTargetLost",
    "PlayerRevivable",
    "CameraFollow",
    "PreventDefeat",
    "PreventDestroy",
    "PenaltyRevealed",
    "UseLineOfSight",
    "TownAlert",
    "NoPortraitTalk",
    "ArmorDisabledWhileConstructing"
  ],
  "EditorFlags": [
    "BlockStructures"
  ],
  "PushPriority": 10,
  "LeaderAlias": "Barracks",
  "HotkeyAlias": "Barracks",
  "SelectAlias": "Barracks",
  "SubgroupAlias": "Barracks",
  "OccludeHeight": 0.75,
  "TacticalAI": "Barracks",
  "AIEvaluateAlias": "Barracks",
  "ReviveType": "Barracks",
  "PawnItemReduction": 1,
  "Fidget": {
    "DelayMax": 30,
    "DelayMin": 10,
    "DistanceMax": 4,
    "DistanceMin": 1,
    "TurnAngle": 90,
    "TurningRate": 90,
    "ChanceArray": {
      "Idle": 100
    }
  },
  "ReviveInfoBase": {
    "Charge": {
      "Link": "Barracks/Revive",
      "Location": "Unit"
    },
    "Cooldown": {
      "Link": "Barracks/Revive",
      "Location": "Unit"
    }
  },
  "InnerRadiusSafetyMultiplier": 1,
  "ArmorType": "Unknown",
  "TechAliasArray": [
    "Alias_Barracks"
  ],
  "Facing": 315,
  "Mob": "Multiplayer",
  "FogVisibility": "Snapshot",
  "LifeArmor": 1,
  "CostCategory": "Technology",
  "CostResource": {
    "Minerals": 150
  },
  "RepairTime": 65,
  "AttackTargetPriority": 11,
  "Footprint": "Footprint3x3Contour",
  "PlacementFootprint": "Footprint3x3",
  "ScoreMake": 150,
  "ScoreKill": 150,
  "ScoreResult": "BuildOrder",
  "SubgroupPriority": 24,
  "Attributes": [
    "Armored",
    "Mechanical",
    "Structure"
  ],
  "PlaneArray": [
    "Ground"
  ],
  "Collide": [
    "Burrow",
    "Ground",
    "Structure",
    "RoachBurrow",
    "ForceField",
    "Small",
    "Locust",
    "Phased"
  ],
  "Sight": 9,
  "CardLayouts": [
    {
      "LayoutButtons": [
        {
          "Face": "Marine",
          "Type": "AbilCmd",
          "AbilCmd": "BarracksTrain,Train1",
          "Row": 0,
          "Column": 0
        },
        {
          "Face": "SelectBuilder",
          "Type": "SelectBuilder",
          "AbilCmd": "",
          "Row": 1,
          "Column": 3
        },
        {
          "Face": "Marauder",
          "Type": "AbilCmd",
          "AbilCmd": "BarracksTrain,Train4",
          "Row": 0,
          "Column": 2
        },
        {
          "Face": "Ghost",
          "Type": "AbilCmd",
          "AbilCmd": "BarracksTrain,Train3",
          "Row": 0,
          "Column": 3
        },
        {
          "Face": "Rally",
          "Type": "AbilCmd",
          "AbilCmd": "Rally,Rally1",
          "Row": 1,
          "Column": 4
        },
        {
          "Face": "Lift",
          "Type": "AbilCmd",
          "AbilCmd": "BarracksLiftOff,Execute",
          "Row": 2,
          "Column": 3
        },
        {
          "Face": "Halt",
          "Type": "AbilCmd",
          "AbilCmd": "BuildInProgress,Halt",
          "Row": 2,
          "Column": 3
        },
        {
          "Face": "Reactor",
          "Type": "AbilCmd",
          "AbilCmd": "BarracksAddOns,Build2",
          "Row": 2,
          "Column": 1
        },
        {
          "Face": "TechLabBarracks",
          "Type": "AbilCmd",
          "AbilCmd": "BarracksAddOns,Build1",
          "Row": 2,
          "Column": 0
        },
        {
          "Face": "Cancel",
          "Type": "AbilCmd",
          "AbilCmd": "que5,CancelLast",
          "Row": 2,
          "Column": 4
        },
        {
          "Face": "Cancel",
          "Type": "AbilCmd",
          "AbilCmd": "BarracksAddOns,Halt",
          "Row": 2,
          "Column": 4
        },
        {
          "Face": "CancelBuilding",
          "Type": "AbilCmd",
          "AbilCmd": "BuildInProgress,Cancel",
          "Row": 2,
          "Column": 4
        },
        {
          "Face": "Reaper",
          "Type": "AbilCmd",
          "Row": 0,
          "Column": 1,
          "AbilCmd": "BarracksTrain,Train2"
        }
      ]
    }
  ],
  "GlossaryPriority": 252,
  "HotkeyCategory": "Unit/Category/TerranUnits",
  "TechTreeProducedUnitArray": [
    "Marine",
    "Marauder",
    "Reaper",
    "Ghost"
  ],
  "Icon": "btn-building-terran-barracks",
  "LifeArmorIcon": "btn-upgrade-terran-buildingarmor",
  "ShieldArmorIcon": "btn-upgrade-protoss-shieldslevel0",
  "Id": "Barracks",
  "Behaviors": [
    {
      "Link": "TerranBuildingBurnDown",
      "Id": "TerranBuildingBurnDown"
    },
    {
      "Link": "ReactorQueue",
      "Id": "ReactorQueue"
    },
    {
      "Link": "TerranStructuresKnockbackBehavior",
      "Id": "TerranStructuresKnockbackBehavior"
    }
  ],
  "Upgrades": [
    {
      "Link": "TerranBuildingArmor",
      "Id": "TerranBuildingArmor",
      "Icon": "btn-upgrade-terran-buildingarmor",
      "Name": "Neosteel Armor"
    }
  ],
  "Abilities": [
    {
      "Link": "BuildInProgress",
      "Id": "BuildInProgress",
      "Name": "Build in Progress"
    },
    {
      "Link": "que5",
      "Id": "que5",
      "Name": "Queue (5)"
    },
    {
      "Link": "BarracksTrain",
      "Id": "BarracksTrain",
      "Name": "Train"
    },
    {
      "Link": "Rally",
      "Id": "Rally",
      "Name": "Rally"
    },
    {
      "Link": "BarracksAddOns",
      "Id": "BarracksAddOns",
      "Name": "AddOns"
    },
    {
      "Link": "BarracksLiftOff",
      "Id": "BarracksLiftOff",
      "Name": "Lift Off"
    }
  ],
  "Requirements": [],
  "Production": [
    {
      "Id": "Marine",
      "Icon": "btn-unit-terran-marine",
      "Description": "General-purpose infantry.<br/><br/><c val=\"#ColorAttackInfo\">Can attack ground and air units.</span>",
      "Name": "Marine"
    },
    {
      "Id": "Marauder",
      "Icon": "btn-unit-terran-marauder",
      "Description": "Heavy assault infantry.<br/><br/><c val=\"#ColorAttackInfo\">Can attack ground units.</span>",
      "Name": "Marauder"
    },
    {
      "Id": "Ghost",
      "Icon": "btn-unit-terran-ghost",
      "Description": "Sniper. Can use Steady Targeting, EMP Round, and be upgraded to use Cloak. Can call down Tactical Nukes built at the Ghost Academy.<br/><br/><c val=\"#ColorAttackInfo\">Can attack ground and air units.</span>",
      "Name": "Ghost"
    },
    {
      "Id": "BarracksReactor",
      "Icon": "btn-building-terran-reactor",
      "Description": "Allows 2 units to be created simultaneously.",
      "Name": "Reactor"
    },
    {
      "Id": "BarracksTechLab",
      "Icon": "btn-building-terran-techlab",
      "Description": "Enables additional units and research options. A Tech Lab can fit onto any production structure.",
      "Name": "Tech Lab"
    },
    {
      "Id": "Reaper",
      "Icon": "btn-unit-terran-reaper",
      "Description": "Raider. Can jump up and down cliffs. Regenerates life quickly while out of combat. Can use KD8 Charge.<br/><br/><c val=\"#ColorAttackInfo\">Can attack ground units.</span>",
      "Name": "Reaper"
    }
  ],
  "Producers": [
    {
      "Id": "SCV",
      "Icon": "btn-unit-terran-scv",
      "Description": "Basic worker unit. Can gather resources, build Terran structures, and repair.<br/><br/><c val=\"#ColorAttackInfo\">Can attack ground units.</span>",
      "Name": "SCV"
    }
  ],
  "Commands": [
    {
      "Id": "Marine",
      "Icon": "btn-unit-terran-marine",
      "Tooltip": "General-purpose infantry.<br/><br/><c val=\"#ColorAttackInfo\">Can attack ground and air units.</span>",
      "Name": "Train Marine",
      "AbilCmd": "BarracksTrain,Train1"
    },
    {
      "Id": "Marauder",
      "Icon": "btn-unit-terran-marauder",
      "Tooltip": "Heavy assault infantry.<br/><br/><c val=\"#ColorAttackInfo\">Can attack ground units.</span>",
      "Name": "Train Marauder",
      "AbilCmd": "BarracksTrain,Train4"
    },
    {
      "Id": "Ghost",
      "Icon": "btn-unit-terran-ghost",
      "Tooltip": "Sniper. Can use Steady Targeting, EMP Round, and be upgraded to use Cloak. Can call down Tactical Nukes built at the Ghost Academy.<br/><br/><c val=\"#ColorAttackInfo\">Can attack ground and air units.</span>",
      "Name": "Train Ghost",
      "AbilCmd": "BarracksTrain,Train3"
    },
    {
      "Id": "Rally",
      "Icon": "btn-ability-terran-setrallypoint",
      "Tooltip": "Sends constructed units to the designated point. Workers rallied to resources will begin gathering automatically.",
      "Name": "Set Rally Point",
      "AbilCmd": "Rally,Rally1"
    },
    {
      "Id": "Lift",
      "Icon": "btn-ability-terran-liftoff",
      "Tooltip": "Transforms structure into a slow air unit for redeployment. May not produce units, research upgrades, or use abilities until it has landed.",
      "Name": "Lift Off",
      "AbilCmd": "BarracksLiftOff,Execute"
    },
    {
      "Id": "Halt",
      "Icon": "btn-command-stop",
      "Tooltip": "Halts construction of this structure. The partial construction will remain.",
      "Name": "Halt",
      "AbilCmd": "BuildInProgress,Halt"
    },
    {
      "Id": "Reactor",
      "Icon": "btn-building-terran-reactor",
      "Tooltip": "Allows 2 units to be created simultaneously.",
      "Name": "Build Reactor",
      "AbilCmd": "BarracksAddOns,Build2"
    },
    {
      "Id": "TechLabBarracks",
      "Icon": "btn-building-terran-techlab",
      "Tooltip": "Infantry-research structure. A Tech Lab can fit onto any production structure.<br/><br/><span style=\"color: #ffff8a\">Enables:</span><br/>- Marauders<br/>- Ghosts with Ghost Academy",
      "Name": "Build Tech Lab",
      "AbilCmd": "BarracksAddOns,Build1"
    },
    {
      "Id": "Cancel",
      "Icon": "btn-command-cancel",
      "Tooltip": "Drops the current order without performing it, and allows you to select a different order.",
      "Name": "Cancel",
      "AbilCmd": "que5,CancelLast"
    },
    {
      "Id": "Cancel",
      "Icon": "btn-command-cancel",
      "Tooltip": "Drops the current order without performing it, and allows you to select a different order.",
      "Name": "Cancel",
      "AbilCmd": "BarracksAddOns,Halt"
    },
    {
      "Id": "CancelBuilding",
      "Icon": "btn-command-cancel",
      "Tooltip": "Cancels construction of this structure, destroying the structure and giving a partial refund.",
      "Name": "Cancel",
      "AbilCmd": "BuildInProgress,Cancel"
    },
    {
      "Id": "Reaper",
      "Icon": "btn-unit-terran-reaper",
      "Tooltip": "Raider. Can jump up and down cliffs. Regenerates life quickly while out of combat. Can use KD8 Charge.<br/><br/><c val=\"#ColorAttackInfo\">Can attack ground units.</span>",
      "Name": "Train Reaper",
      "AbilCmd": "BarracksTrain,Train2"
    }
  ]
}