{
  "Name": "Battlecruiser",
  "Description": "Powerful warship. Can use Yamato Cannon and Tactical Jump.<br/><br/><c val=\"#ColorAttackInfo\">Can attack ground and air units.</span>",
  "DeathRevealFilters": "Visible;Player,Ally,Neutral,Missile,Dead,Hidden",
  "DeathRevealRadius": 3,
  "DeathRevealDuration": 4,
  "DeathRevealType": "Snapshot",
  "Race": "Terr",
  "DefaultAcquireLevel": "Offensive",
  "Response": "Acquire",
  "ResourceState": "Unknown",
  "ResourceType": "Unknown",
  "LifeStart": 550,
  "LifeMax": 550,
  "LifeArmorName": "Terran Ship Plating",
  "Mover": "Fly",
  "StationaryTurningRate": 720,
  "TurningRate": 720,
  "Radius": 1.25,
  "SeparationRadius": 1.25,
  "MinimapRadius": 1.25,
  "EditorCategories": {
    "ObjectType": "Unit",
    "ObjectFamily": "Melee"
  },
  "TacticalAIFilters": "-;Player,Ally,Neutral",
  "AIEvalFactor": 0.9,
  "Mass": 0.6,
  "FlagArray": [
    "Turnable",
    "Movable",
    "Unclickable",
    "Unhighlightable",
    "Untooltipable",
    "KillCredit",
    "ShowResources",
    "ClearRallyOnTargetLost",
    "PlayerRevivable",
    "CameraFollow",
    "PreventDestroy",
    "UseLineOfSight",
    "ArmySelect"
  ],
  "EditorFlags": [
    "BlockStructures"
  ],
  "PushPriority": 10,
  "LeaderAlias": "Battlecruiser",
  "HotkeyAlias": "Battlecruiser",
  "SelectAlias": "Battlecruiser",
  "SubgroupAlias": "Battlecruiser",
  "OccludeHeight": 0.75,
  "TacticalAI": "Battlecruiser",
  "AIEvaluateAlias": "Battlecruiser",
  "ReviveType": "Battlecruiser",
  "PawnItemReduction": 1,
  "Fidget": {
    "DelayMax": 30,
    "DelayMin": 10,
    "DistanceMax": 4,
    "DistanceMin": 1,
    "TurnAngle": 90,
    "TurningRate": 90,
    "ChanceArray": {
      "Idle": 100
    }
  },
  "ReviveInfoBase": {
    "Charge": {
      "Link": "Battlecruiser/Revive",
      "Location": "Unit"
    },
    "Cooldown": {
      "Link": "Battlecruiser/Revive",
      "Location": "Unit"
    }
  },
  "InnerRadiusSafetyMultiplier": 1,
  "ArmorType": "Unknown",
  "TechAliasArray": [
    "Alias_BattlecruiserClass"
  ],
  "Mob": "Multiplayer",
  "LifeArmor": 3,
  "EnergyStart": 0,
  "EnergyMax": 0,
  "EnergyRegenRate": 0,
  "Speed": 1.875,
  "Acceleration": 1,
  "Height": 3.75,
  "Food": -6,
  "CostCategory": "Army",
  "CostResource": {
    "Minerals": 400,
    "Vespene": 300
  },
  "RepairTime": 90,
  "AttackTargetPriority": 20,
  "DamageDealtXP": 1,
  "DamageTakenXP": 1,
  "KillXP": 140,
  "ScoreMake": 700,
  "ScoreKill": 700,
  "ScoreResult": "BuildOrder",
  "SubgroupPriority": 80,
  "PlaneArray": [
    "Air"
  ],
  "Collide": [
    "Flying"
  ],
  "VisionHeight": 4,
  "Sight": 12,
  "CardLayouts": [
    {
      "LayoutButtons": [
        {
          "Face": "Move",
          "Type": "AbilCmd",
          "AbilCmd": "BattlecruiserMove,Move",
          "Row": 0,
          "Column": 0
        },
        {
          "Face": "Stop",
          "Type": "AbilCmd",
          "AbilCmd": "BattlecruiserStop,Stop",
          "Row": 0,
          "Column": 1
        },
        {
          "Face": "MoveHoldPosition",
          "Type": "AbilCmd",
          "AbilCmd": "BattlecruiserMove,HoldPos",
          "Row": 0,
          "Column": 2
        },
        {
          "Face": "MovePatrol",
          "Type": "AbilCmd",
          "AbilCmd": "BattlecruiserMove,Patrol",
          "Row": 0,
          "Column": 3
        },
        {
          "Face": "Attack",
          "Type": "AbilCmd",
          "AbilCmd": "BattlecruiserAttack,Execute",
          "Row": 0,
          "Column": 4
        },
        {
          "Face": "YamatoGun",
          "Type": "AbilCmd",
          "AbilCmd": "Yamato,Execute",
          "Row": 2,
          "Column": 0
        },
        {
          "Face": "Hyperjump",
          "Type": "AbilCmd",
          "AbilCmd": "Hyperjump,Execute",
          "Row": 2,
          "Column": 1
        }
      ]
    }
  ],
  "Attributes": [
    "Armored",
    "Mechanical",
    "Massive"
  ],
  "TacticalAIThink": "AIThinkBattleCruiser",
  "GlossaryCategory": "Unit/Category/TerranUnits",
  "HotkeyCategory": "Unit/Category/TerranUnits",
  "GlossaryPriority": 210,
  "GlossaryStrongArray": [
    "Liberator",
    "Mutalisk",
    "Carrier"
  ],
  "GlossaryWeakArray": [
    "VikingFighter",
    "Corruptor",
    "VoidRay"
  ],
  "EquipmentArray": [
    {
      "Effect": "ATSLaserBatteryU",
      "Icon": "Assets\\Textures\\btn-upgrade-terran-shipweaponslevel0.dds",
      "Weapon": "ATSLaserBattery"
    },
    {
      "Effect": "ATALaserBatteryU",
      "Icon": "Assets\\Textures\\btn-upgrade-terran-shipweaponslevel0.dds",
      "Weapon": "ATALaserBattery"
    }
  ],
  "Icon": "btn-unit-terran-battlecruiser",
  "LifeArmorIcon": "btn-upgrade-terran-shipplatinglevel0",
  "ShieldArmorIcon": "btn-upgrade-protoss-shieldslevel0",
  "Id": "Battlecruiser",
  "Weapons": [
    {
      "Link": "BattlecruiserWeaponSwitch",
      "Turret": "Battlecruiser",
      "Id": "BattlecruiserWeaponSwitch",
      "Icon": "btn-upgrade-terran-shipweaponslevel0",
      "Name": "BattlecruiserWeaponSwitch",
      "Amount": 8,
      "Kind": "Ranged",
      "TargetFilters": "",
      "Range": 6,
      "Period": 0.225
    }
  ],
  "Behaviors": [],
  "Upgrades": [
    {
      "Link": "TerranShipWeapons",
      "Id": "TerranShipWeapons",
      "Name": "Terran Ship Weapons"
    },
    {
      "Link": "TerranShipArmors",
      "Id": "TerranShipArmors",
      "Name": "Terran Ship Armors"
    },
    {
      "Link": "BattlecruiserEnableSpecializations",
      "Id": "BattlecruiserEnableSpecializations",
      "Icon": "btn-ability-terran-yamatogun-color",
      "Name": "Weapon Refit"
    },
    {
      "Link": "BattlecruiserBehemothReactor",
      "Id": "BattlecruiserBehemothReactor",
      "Icon": "btn-upgrade-terran-behemothreactor",
      "Name": "Behemoth Reactor"
    },
    {
      "Link": "TerranShipWeaponsLevel1",
      "Id": "TerranShipWeaponsLevel1",
      "Icon": "btn-upgrade-terran-shipweaponslevel1",
      "Name": "Terran Ship Weapons Level 1"
    },
    {
      "Link": "TerranShipWeaponsLevel2",
      "Id": "TerranShipWeaponsLevel2",
      "Icon": "btn-upgrade-terran-shipweaponslevel2",
      "Name": "Terran Ship Weapons Level 2"
    },
    {
      "Link": "TerranShipWeaponsLevel3",
      "Id": "TerranShipWeaponsLevel3",
      "Icon": "btn-upgrade-terran-shipweaponslevel3",
      "Name": "Terran Ship Weapons Level 3"
    },
    {
      "Link": "TerranShipArmorsLevel1",
      "Id": "TerranShipArmorsLevel1",
      "Icon": "btn-upgrade-terran-shipplatinglevel1",
      "Name": "Terran Ship Plating Level 1"
    },
    {
      "Link": "TerranShipArmorsLevel2",
      "Id": "TerranShipArmorsLevel2",
      "Icon": "btn-upgrade-terran-shipplatinglevel2",
      "Name": "Terran Ship Plating Level 2"
    },
    {
      "Link": "TerranShipArmorsLevel3",
      "Id": "TerranShipArmorsLevel3",
      "Icon": "btn-upgrade-terran-shipplatinglevel3",
      "Name": "Terran Ship Plating Level 3"
    },
    {
      "Link": "TerranVehicleAndShipWeapons",
      "Id": "TerranVehicleAndShipWeapons",
      "Name": "Terran Vehicle And Ship Weapons"
    },
    {
      "Link": "TerranVehicleAndShipArmors",
      "Id": "TerranVehicleAndShipArmors",
      "Name": "Terran Vehicle And Ship Plating"
    },
    {
      "Link": "TerranVehicleAndShipWeaponsLevel1",
      "Id": "TerranVehicleAndShipWeaponsLevel1",
      "Icon": "btn-upgrade-terran-vehicleweaponslevel1",
      "Name": "Terran Vehicle And Ship Weapons Level 1"
    },
    {
      "Link": "TerranVehicleAndShipWeaponsLevel2",
      "Id": "TerranVehicleAndShipWeaponsLevel2",
      "Icon": "btn-upgrade-terran-vehicleweaponslevel2",
      "Name": "Terran Vehicle And Ship Weapons Level 2"
    },
    {
      "Link": "TerranVehicleAndShipWeaponsLevel3",
      "Id": "TerranVehicleAndShipWeaponsLevel3",
      "Icon": "btn-upgrade-terran-vehicleweaponslevel3",
      "Name": "Terran Vehicle And Ship Weapons Level 3"
    },
    {
      "Link": "TerranVehicleAndShipArmorsLevel1",
      "Id": "TerranVehicleAndShipArmorsLevel1",
      "Icon": "btn-upgrade-terran-vehicleplatinglevel1",
      "Name": "Terran Vehicle and Ship Plating Level 1"
    },
    {
      "Link": "TerranVehicleAndShipArmorsLevel2",
      "Id": "TerranVehicleAndShipArmorsLevel2",
      "Icon": "btn-upgrade-terran-vehicleplatinglevel2",
      "Name": "Terran Vehicle and Ship Plating Level 2"
    },
    {
      "Link": "TerranVehicleAndShipArmorsLevel3",
      "Id": "TerranVehicleAndShipArmorsLevel3",
      "Icon": "btn-upgrade-terran-vehicleplatinglevel3",
      "Name": "Terran Vehicle and Ship Plating Level 3"
    },
    {
      "Link": "AAMBarrage3",
      "Id": "AAMBarrage3",
      "Icon": "btn-upgrade-terran-nova-bansheemissilestrik"
    }
  ],
  "Abilities": [
    {
      "Link": "BattlecruiserStop",
      "Id": "BattlecruiserStop",
      "Name": "Battlecruiser Stop"
    },
    {
      "Link": "BattlecruiserAttack",
      "Id": "BattlecruiserAttack",
      "Name": "Battlecruiser Attack"
    },
    {
      "Link": "BattlecruiserMove",
      "Id": "BattlecruiserMove",
      "Name": "Battlecruiser Move"
    },
    {
      "Link": "Yamato",
      "Id": "Yamato",
      "Name": "Yamato Gun"
    },
    {
      "Link": "que1",
      "Id": "que1",
      "Name": "Queue (1)"
    },
    {
      "Link": "Hyperjump",
      "Id": "Hyperjump",
      "Name": "Tactical Jump"
    }
  ],
  "Requirements": [],
  "Production": [],
  "Producers": [
    {
      "Id": "Starport",
      "Icon": "btn-building-terran-starport",
      "Description": "Air-unit production facility. <br/><br/><span style=\"color: #ffff8a\">Enables:</span><br/>- Vikings<br/>- Medivacs<br/>- Liberators",
      "Name": "Starport"
    }
  ],
  "Commands": [
    {
      "Id": "Move",
      "Icon": "btn-command-move",
      "Tooltip": "Orders selected units to move to the target area or follow the target unit. Moving units will not engage enemies.",
      "Name": "Move",
      "AbilCmd": "BattlecruiserMove,Move"
    },
    {
      "Id": "Stop",
      "Icon": "btn-command-stop",
      "Tooltip": "Orders selected units to cancel all orders and stop moving.",
      "Name": "Stop",
      "AbilCmd": "BattlecruiserStop,Stop"
    },
    {
      "Id": "MoveHoldPosition",
      "Icon": "btn-command-holdposition",
      "Tooltip": "Orders selected units to stay where they are and attack enemies that are within range. Units will neither chase down enemies nor move to engage.",
      "Name": "Hold Position",
      "AbilCmd": "BattlecruiserMove,HoldPos"
    },
    {
      "Id": "MovePatrol",
      "Icon": "btn-command-patrol",
      "Tooltip": "Orders selected units to patrol between their current position and the target area. Units will attack enemies and move to engage nearby enemies.",
      "Name": "Patrol",
      "AbilCmd": "BattlecruiserMove,Patrol"
    },
    {
      "Id": "Attack",
      "Icon": "btn-command-attack",
      "Tooltip": "Orders selected units to move to the target point, fighting nearby enemies along the way. Targeting a unit with the Attack command orders that it be attacked until it is destroyed.",
      "Name": "Attack",
      "AbilCmd": "BattlecruiserAttack,Execute"
    },
    {
      "Id": "YamatoGun",
      "Icon": "btn-ability-terran-yamatogun-color",
      "Tooltip": "Blasts a target with a devastating plasma cannon, causing <b>240</b> damage.",
      "Name": "Yamato Cannon",
      "AbilCmd": "Yamato,Execute"
    },
    {
      "Id": "Hyperjump",
      "Icon": "btn-ability-terran-warpjump",
      "Tooltip": "After <b>6</b>, warps to the target location. Battlecruiser is invulnerable while warping.<br/><br/><c val=\"#ColorAttackInfo\">Does not require vision.</span>",
      "Name": "Tactical Jump",
      "AbilCmd": "Hyperjump,Execute"
    }
  ]
}