{
  "Name": "Behemoth",
  "DeathRevealFilters": "Visible;Player,Ally,Neutral,Missile,Dead,Hidden",
  "DeathRevealRadius": 3,
  "DeathRevealDuration": 4,
  "DeathRevealType": "Snapshot",
  "Race": "UPL",
  "DefaultAcquireLevel": "Offensive",
  "Response": "Acquire",
  "ResourceState": "Unknown",
  "ResourceType": "Unknown",
  "LifeStart": 600,
  "LifeMax": 600,
  "LifeArmorName": "UED Adaptive Staballoy Plating",
  "Mover": "Fly",
  "StationaryTurningRate": 720,
  "TurningRate": 720,
  "Radius": 1,
  "SeparationRadius": 1,
  "MinimapRadius": 1,
  "EditorCategories": {
    "ObjectType": "Unit",
    "ObjectFamily": "Melee"
  },
  "TacticalAIFilters": "-;Player,Ally,Neutral",
  "AIEvalFactor": 1,
  "Mass": 0.6,
  "FlagArray": [
    "PreventDefeat",
    "PreventDestroy",
    "UseLineOfSight",
    "AIThreatGround",
    "AIThreatAir",
    "ArmySelect"
  ],
  "PushPriority": 10,
  "LeaderAlias": "Behemoth",
  "HotkeyAlias": "Behemoth",
  "SelectAlias": "Behemoth",
  "SubgroupAlias": "Behemoth",
  "OccludeHeight": 0.75,
  "TacticalAI": "Behemoth",
  "AIEvaluateAlias": "Behemoth",
  "ReviveType": "Behemoth",
  "PawnItemReduction": 1,
  "Fidget": {
    "DelayMax": 30,
    "DelayMin": 10,
    "DistanceMax": 4,
    "DistanceMin": 1,
    "TurnAngle": 90,
    "TurningRate": 90,
    "ChanceArray": {
      "Idle": 100
    }
  },
  "ReviveInfoBase": {
    "Charge": {
      "Link": "Behemoth/Revive",
      "Location": "Unit"
    },
    "Cooldown": {
      "Link": "Behemoth/Revive",
      "Location": "Unit"
    }
  },
  "InnerRadiusSafetyMultiplier": 1,
  "ArmorType": "Unknown",
  "Mob": "Multiplayer",
  "PlaneArray": [
    "Air"
  ],
  "Collide": [
    "Flying"
  ],
  "Attributes": [
    "Armored",
    "Mechanical",
    "Massive"
  ],
  "LifeArmor": 4,
  "EnergyStart": 100,
  "EnergyMax": 100,
  "ShieldArmorName": "Protoss Plasma Shields",
  "Speed": 1,
  "Acceleration": 0.125,
  "LateralAcceleration": 16.0625,
  "Sight": 12,
  "Height": 3.75,
  "VisionHeight": 4,
  "Food": -6,
  "CostCategory": "Army",
  "CostResource": {
    "Minerals": 400,
    "Vespene": 300
  },
  "RepairTime": 120,
  "AttackTargetPriority": 20,
  "DamageDealtXP": 1,
  "DamageTakenXP": 1,
  "KillXP": 160,
  "CardLayouts": [
    {
      "LayoutButtons": [
        {
          "Face": "Move",
          "Type": "AbilCmd",
          "AbilCmd": "move,Move",
          "Row": 0,
          "Column": 0
        },
        {
          "Face": "Stop",
          "Type": "AbilCmd",
          "AbilCmd": "stop,Stop",
          "Row": 0,
          "Column": 1
        },
        {
          "Face": "MoveHoldPosition",
          "Type": "AbilCmd",
          "AbilCmd": "move,HoldPos",
          "Row": 0,
          "Column": 2
        },
        {
          "Face": "Attack",
          "Type": "AbilCmd",
          "AbilCmd": "attack,Execute",
          "Row": 0,
          "Column": 4
        },
        {
          "Face": "MovePatrol",
          "Type": "AbilCmd",
          "AbilCmd": "move,Patrol",
          "Row": 0,
          "Column": 3
        },
        {
          "Face": "Cancel",
          "Type": "AbilCmd",
          "AbilCmd": "HangarQueue5,CancelLast",
          "Row": 2,
          "Column": 4
        }
      ]
    }
  ],
  "ScoreMake": 700,
  "ScoreKill": 700,
  "ScoreResult": "BuildOrder",
  "SubgroupPriority": 51,
  "EquipmentArray": [
    {
      "Weapon": "InterceptorLaunchDummy"
    }
  ],
  "HotkeyCategory": "Unit/Category/UEDUnits",
  "RankDisplay": "Never",
  "Icon": "btn-building-hornerhan-assaultgalleon",
  "ShieldArmorIcon": "btn-upgrade-protoss-shieldslevel0",
  "Id": "Behemoth",
  "Weapons": [
    {
      "Link": "GMBombs",
      "Id": "GMBombs",
      "Icon": "btn-unit-collection-purifier-bomber",
      "Name": "GMBombs",
      "Amount": {
        "value": 40
      },
      "Kind": "Ranged",
      "DisplayAttackCount": 2,
      "TargetFilters": "Ground",
      "Range": 2,
      "Period": 3
    },
    {
      "Link": "NovaDefenseLaser2",
      "Id": "NovaDefenseLaser2",
      "Icon": "btn-upgrade-terran-shipweaponslevel0",
      "Name": "[PH] Anti-Missile System2",
      "TargetFilters": "Missile",
      "Range": 8,
      "Period": 1
    }
  ],
  "Upgrades": [],
  "Abilities": [
    {
      "Link": "stop",
      "Id": "stop",
      "Name": "Stop"
    },
    {
      "Link": "attack",
      "Id": "attack",
      "Name": "Attack"
    },
    {
      "Link": "move",
      "Id": "move",
      "Name": "Move"
    },
    {
      "Link": "CarrierHangar",
      "Id": "CarrierHangar",
      "Name": "Hangar"
    }
  ],
  "Requirements": [],
  "Production": [],
  "Producers": [],
  "Commands": [
    {
      "Id": "Move",
      "Icon": "btn-command-move",
      "Tooltip": "Orders selected units to move to the target area or follow the target unit. Moving units will not engage enemies.",
      "Name": "Move",
      "AbilCmd": "move,Move"
    },
    {
      "Id": "Stop",
      "Icon": "btn-command-stop",
      "Tooltip": "Orders selected units to cancel all orders and stop moving.",
      "Name": "Stop",
      "AbilCmd": "stop,Stop"
    },
    {
      "Id": "MoveHoldPosition",
      "Icon": "btn-command-holdposition",
      "Tooltip": "Orders selected units to stay where they are and attack enemies that are within range. Units will neither chase down enemies nor move to engage.",
      "Name": "Hold Position",
      "AbilCmd": "move,HoldPos"
    },
    {
      "Id": "Attack",
      "Icon": "btn-command-attack",
      "Tooltip": "Orders selected units to move to the target point, fighting nearby enemies along the way. Targeting a unit with the Attack command orders that it be attacked until it is destroyed.",
      "Name": "Attack",
      "AbilCmd": "attack,Execute"
    },
    {
      "Id": "MovePatrol",
      "Icon": "btn-command-patrol",
      "Tooltip": "Orders selected units to patrol between their current position and the target area. Units will attack enemies and move to engage nearby enemies.",
      "Name": "Patrol",
      "AbilCmd": "move,Patrol"
    },
    {
      "Id": "Cancel",
      "Icon": "btn-command-cancel",
      "Tooltip": "Drops the current order without performing it, and allows you to select a different order.",
      "Name": "Cancel",
      "AbilCmd": "HangarQueue5,CancelLast"
    }
  ]
}