{
  "Name": "Biomass Cavern",
  "Description": "Contains upgrades for various Xayid units.<br/><br/><span style=\"color: #FFFF80\">Enables:</span><br/>- Massalisks from the Biomass Hatchery",
  "DeathRevealFilters": "Visible;Player,Ally,Neutral,Missile,Dead,Hidden",
  "DeathRevealRadius": 3,
  "DeathRevealDuration": 4,
  "DeathRevealType": "Snapshot",
  "Race": "Xayi",
  "DefaultAcquireLevel": "Offensive",
  "Response": "Acquire",
  "ResourceState": "Unknown",
  "ResourceType": "Unknown",
  "LifeStart": 1000,
  "LifeMax": 1000,
  "LifeArmorName": "Xayid Structure Armor",
  "Mover": "Ground",
  "StationaryTurningRate": 720,
  "TurningRate": 720,
  "Radius": 1.25,
  "SeparationRadius": 0.5,
  "MinimapRadius": 1.5,
  "EditorCategories": {
    "ObjectType": "Structure",
    "ObjectFamily": "Melee"
  },
  "TacticalAIFilters": "-;Player,Ally,Neutral",
  "AIEvalFactor": 1,
  "Mass": 0.4,
  "FlagArray": [
    "Unclickable",
    "Unhighlightable",
    "Untooltipable",
    "KillCredit",
    "ShowResources",
    "ClearRallyOnTargetLost",
    "PlayerRevivable",
    "CameraFollow",
    "PreventDefeat",
    "PreventDestroy",
    "PenaltyRevealed",
    "UseLineOfSight",
    "TownAlert",
    "NoPortraitTalk",
    "ArmorDisabledWhileConstructing"
  ],
  "EditorFlags": [
    "BlockStructures"
  ],
  "PushPriority": 10,
  "LeaderAlias": "BiomassCavern",
  "HotkeyAlias": "BiomassCavern",
  "SelectAlias": "BiomassCavern",
  "SubgroupAlias": "BiomassCavern",
  "OccludeHeight": 0.75,
  "TacticalAI": "BiomassCavern",
  "AIEvaluateAlias": "BiomassCavern",
  "ReviveType": "BiomassCavern",
  "PawnItemReduction": 1,
  "Fidget": {
    "DelayMax": 30,
    "DelayMin": 10,
    "DistanceMax": 4,
    "DistanceMin": 1,
    "TurnAngle": 90,
    "TurningRate": 90,
    "ChanceArray": {
      "Idle": 100
    }
  },
  "ReviveInfoBase": {
    "Charge": {
      "Link": "BiomassCavern/Revive",
      "Location": "Unit"
    },
    "Cooldown": {
      "Link": "BiomassCavern/Revive",
      "Location": "Unit"
    }
  },
  "InnerRadiusSafetyMultiplier": 1,
  "ArmorType": "Unknown",
  "FogVisibility": "Snapshot",
  "PlaneArray": [
    "Ground"
  ],
  "Collide": [
    "Burrow",
    "Ground",
    "Structure",
    "RoachBurrow",
    "ForceField"
  ],
  "Attributes": [
    "Armored",
    "Biological",
    "Structure"
  ],
  "LifeArmor": 1,
  "LifeRegenDelay": 3,
  "LifeRegenRate": 0.5,
  "Sight": 10,
  "CostCategory": "Technology",
  "ScoreResult": "BuildOrder",
  "HotkeyCategory": "Unit/Category/XayidUnits",
  "Facing": 329.9963,
  "CostResource": {
    "Minerals": 200,
    "Vespene": 200
  },
  "CardLayouts": [
    {
      "LayoutButtons": [
        {
          "Face": "MutateBattleFrenzy",
          "Type": "AbilCmd",
          "AbilCmd": "BiomassCavernResearch,Research1",
          "Row": 0,
          "Column": 0
        },
        {
          "Face": "MutateResidualAcid",
          "Type": "AbilCmd",
          "AbilCmd": "BiomassCavernResearch,Research3",
          "Row": 0,
          "Column": 1
        },
        {
          "Face": "MutateProlongedSpores",
          "Type": "AbilCmd",
          "AbilCmd": "BiomassCavernResearch,Research2",
          "Row": 0,
          "Column": 2
        },
        {
          "Face": "Cancel",
          "Type": "AbilCmd",
          "AbilCmd": "que5,CancelLast",
          "Row": 2,
          "Column": 4
        },
        {
          "Face": "CancelBuilding",
          "Type": "AbilCmd",
          "AbilCmd": "BuildInProgress,Cancel",
          "Row": 2,
          "Column": 4
        }
      ]
    }
  ],
  "Footprint": "Footprint3x3Xayid",
  "PlacementFootprint": "Footprint3x3Xayid",
  "TechTreeUnlockedUnitArray": [
    "Massalisk"
  ],
  "ScoreMake": 400,
  "ScoreKill": 400,
  "TechAliasArray": [
    "Alias_BiomassHatchery"
  ],
  "SubgroupPriority": 34,
  "GlossaryPriority": 23,
  "AttackTargetPriority": 20,
  "Icon": "btn-building-xayid-biomasscavern",
  "LifeArmorIcon": "btn-upgrade-zerg-buildingarmor",
  "ShieldArmorIcon": "btn-upgrade-protoss-shieldslevel0",
  "Id": "BiomassCavern",
  "Upgrades": [],
  "Abilities": [
    {
      "Link": "BuildInProgress",
      "Id": "BuildInProgress",
      "Name": "Build in Progress"
    },
    {
      "Link": "que5",
      "Id": "que5",
      "Name": "Queue (5)"
    },
    {
      "Link": "BiomassCavernResearch",
      "Id": "BiomassCavernResearch",
      "Name": "Biomass Cavern Research"
    }
  ],
  "Requirements": [
    {
      "Id": "BiomassHatchery",
      "Icon": "btn-building-xayid-biomasshatchery",
      "Description": "Creates larva, which can mutate into various Xayid beasts.<br/><br/><span style=\"color: #FFFF80\">Enables:</span><br/>- Revilers<br/>- Ferrions<br/> - Prowlers<br/>- Spitters",
      "Name": "Biomass Hatchery"
    }
  ],
  "Production": [
    {
      "Id": "BattleFrenzy",
      "Icon": "btn-upgrade-xayid-battlefrenzy",
      "Name": "Battle Frenzy"
    },
    {
      "Id": "ResidualAcid",
      "Icon": "btn-upgrade-xayid-residualacid",
      "Name": "Residual Acid"
    },
    {
      "Id": "ProlongedSpores",
      "Icon": "btn-upgrade-xayid-protractivespores",
      "Name": "Prolonged Spores"
    }
  ],
  "Producers": [
    {
      "Id": "Scavenger",
      "Icon": "btn-unit-xayid-scavenger",
      "Description": "Basic builder and worker unit.<br/><br/><span style=\"color: #FFFF80\">Can attack ground units.</span>",
      "Name": "Scavenger"
    }
  ],
  "Commands": [
    {
      "Id": "MutateBattleFrenzy",
      "Icon": "btn-upgrade-xayid-battlefrenzy",
      "Tooltip": "Causes the <span style=\"color: #FFFF80\">Revilers</span> attacks to fire 6% faster per attack, stacking up to 30%. Lasts <b>6</b> seconds. Continued attacks will renew the duration.",
      "Name": "Mutate Battle Frenzy",
      "AbilCmd": "BiomassCavernResearch,Research1"
    },
    {
      "Id": "MutateResidualAcid",
      "Icon": "btn-upgrade-xayid-residualacid",
      "Tooltip": "Causes the <span style=\"color: #FFFF80\">Prowlers Acid Nests</span> to leave behind a puddle of acid when they die, damaging and slowing enemies in an area. Lasts <b>20</b> seconds.",
      "Name": "Mutate Residual Acid",
      "AbilCmd": "BiomassCavernResearch,Research3"
    },
    {
      "Id": "MutateProlongedSpores",
      "Icon": "btn-upgrade-xayid-protractivespores",
      "Tooltip": "Increases <span style=\"color: #FFFF80\">Spitters</span> weapon range by 3.",
      "Name": "Mutate Prolonged Spores",
      "AbilCmd": "BiomassCavernResearch,Research2"
    },
    {
      "Id": "Cancel",
      "Icon": "btn-command-cancel",
      "Tooltip": "Drops the current order without performing it, and allows you to select a different order.",
      "Name": "Cancel",
      "AbilCmd": "que5,CancelLast"
    },
    {
      "Id": "CancelBuilding",
      "Icon": "btn-command-cancel",
      "Tooltip": "Cancels construction of this structure, destroying the structure and giving a partial refund.",
      "Name": "Cancel",
      "AbilCmd": "BuildInProgress,Cancel"
    }
  ]
}