{
  "Name": "Blaze",
  "Description": "Melee anti-light specialist. Can use Speed Cloak.<br/><span style=\"color: #FFFF80\"><br/>Can attack ground units.</span>",
  "DeathRevealFilters": "Visible;Player,Ally,Neutral,Missile,Dead,Hidden",
  "DeathRevealRadius": 3,
  "DeathRevealDuration": 4,
  "DeathRevealType": "Snapshot",
  "Race": "Gen",
  "DefaultAcquireLevel": "Offensive",
  "Response": "Acquire",
  "ResourceState": "Unknown",
  "ResourceType": "Unknown",
  "LifeStart": 80,
  "LifeMax": 80,
  "LifeArmorName": "Ground Mechanical Plating",
  "Mover": "Ground",
  "StationaryTurningRate": 990,
  "TurningRate": 990,
  "Radius": 0.5,
  "SeparationRadius": 0.5,
  "MinimapRadius": 0.5,
  "EditorCategories": {
    "ObjectType": "Unit",
    "ObjectFamily": "Melee"
  },
  "TacticalAIFilters": "-;Player,Ally,Neutral",
  "AIEvalFactor": 1,
  "Mass": 0.4,
  "FlagArray": [
    "Turnable",
    "Movable",
    "Unclickable",
    "Unhighlightable",
    "Untooltipable",
    "KillCredit",
    "ShowResources",
    "ClearRallyOnTargetLost",
    "PlayerRevivable",
    "CameraFollow",
    "PreventDestroy",
    "UseLineOfSight",
    "ArmySelect"
  ],
  "EditorFlags": [
    "BlockStructures"
  ],
  "PushPriority": 10,
  "LeaderAlias": "Blaze",
  "HotkeyAlias": "Blaze",
  "SelectAlias": "Blaze",
  "SubgroupAlias": "Blaze",
  "OccludeHeight": 0.75,
  "TacticalAI": "Blaze",
  "AIEvaluateAlias": "Blaze",
  "ReviveType": "Blaze",
  "PawnItemReduction": 1,
  "Fidget": {
    "DelayMax": 30,
    "DelayMin": 10,
    "DistanceMax": 4,
    "DistanceMin": 1,
    "TurnAngle": 90,
    "TurningRate": 90,
    "ChanceArray": {
      "Idle": 100
    }
  },
  "ReviveInfoBase": {
    "Charge": {
      "Link": "Blaze/Revive",
      "Location": "Unit"
    },
    "Cooldown": {
      "Link": "Blaze/Revive",
      "Location": "Unit"
    }
  },
  "InnerRadiusSafetyMultiplier": 1,
  "ArmorType": "Unknown",
  "Collide": [
    "Ground",
    "ForceField"
  ],
  "Attributes": [
    "Mechanical",
    "Light"
  ],
  "LifeArmor": 0,
  "ScoreResult": "BuildOrder",
  "GlossaryAlias": "Blaze",
  "PlaneArray": [
    "Ground"
  ],
  "Sight": 9,
  "AttackTargetPriority": 20,
  "GlossaryCategory": "",
  "HotkeyCategory": "",
  "ScoreMakeCostFactor": {
    "Minerals": 1,
    "Vespene": 1
  },
  "ScoreKillCostFactor": {
    "Minerals": 1,
    "Vespene": 1
  },
  "Speed": 2.8125,
  "Acceleration": 1000,
  "CostCategory": "Army",
  "CardLayouts": [
    {
      "LayoutButtons": [
        {
          "Face": "MovePatrol",
          "Type": "AbilCmd",
          "AbilCmd": "move,Patrol",
          "Row": 0,
          "Column": 3
        },
        {
          "Face": "MoveHoldPosition",
          "Type": "AbilCmd",
          "AbilCmd": "move,HoldPos",
          "Row": 0,
          "Column": 2
        },
        {
          "Face": "Attack",
          "Type": "AbilCmd",
          "AbilCmd": "attack,Execute",
          "Row": 0,
          "Column": 4
        },
        {
          "Face": "Stop",
          "Type": "AbilCmd",
          "AbilCmd": "stop,Stop",
          "Row": 0,
          "Column": 1
        },
        {
          "Face": "Move",
          "Type": "AbilCmd",
          "AbilCmd": "move,Move",
          "Row": 0,
          "Column": 0
        },
        {
          "Face": "SpeedCloak",
          "Type": "AbilCmd",
          "AbilCmd": "SpeedCloak,Execute",
          "Row": 2,
          "Column": 0
        },
        {
          "Face": "FirewallShield",
          "Type": "Passive",
          "Requirements": "UseFirewallShield",
          "ShowInGlossary": 0,
          "Row": 2,
          "Column": 1
        },
        {
          "Face": "RefittedNozzles",
          "Type": "Passive",
          "Requirements": "UseRefittedNozzles",
          "ShowInGlossary": 0,
          "Row": 2,
          "Column": 2
        }
      ]
    }
  ],
  "CargoSize": 2,
  "ShieldsStart": 40,
  "ShieldsMax": 40,
  "ShieldArmor": 2,
  "ShieldRegenDelay": 10,
  "ShieldRegenRate": 1,
  "ShieldArmorName": "Blaze Shields",
  "ShieldArmorLevel": 2,
  "Food": -2,
  "CostResource": {
    "Minerals": 100,
    "Vespene": 25
  },
  "RepairTime": 33.6,
  "InnerRadius": 0.4375,
  "SubgroupPriority": 44,
  "GlossaryPriority": 5,
  "GlossaryStrongArray": [
    "Equalizer",
    "Zealot",
    "Marine",
    "Zergling"
  ],
  "GlossaryWeakArray": [
    "Inciter",
    "Colossus",
    "Marauder",
    "Roach"
  ],
  "Icon": "btn-unit-genetron-blaze",
  "LifeArmorIcon": "btn-upgrade-genetron-groundmechplating-level0",
  "ShieldArmorIcon": "btn-ability-genetron-blazeshield",
  "Id": "Blaze",
  "Weapons": [
    {
      "Link": "IBF7Flamethrower",
      "Id": "IBF7Flamethrower",
      "Icon": "btn-upgrade-genetron-lightmechweapons-level0",
      "Name": "IBF-7 Flamethrower",
      "Amount": 10,
      "AttributeBonus": {
        "Light": 6
      },
      "Kind": "Splash",
      "TargetFilters": "Ground",
      "Range": 1.5,
      "Period": 1.7
    }
  ],
  "Upgrades": [
    {
      "Link": "GenetronGroundPlating",
      "Id": "GenetronGroundPlating",
      "Name": "Genetron Ground Plating"
    },
    {
      "Link": "GenetronLightWeapons",
      "Id": "GenetronLightWeapons",
      "Name": "Genetron Light Weapons"
    },
    {
      "Link": "GenetronGroundPlatingLevel1",
      "Id": "GenetronGroundPlatingLevel1",
      "Icon": "btn-upgrade-genetron-groundmechplating-level1",
      "Name": "Genetron Ground Plating Level 1"
    },
    {
      "Link": "GenetronGroundPlatingLevel2",
      "Id": "GenetronGroundPlatingLevel2",
      "Icon": "btn-upgrade-genetron-groundmechplating-level2",
      "Name": "Genetron Ground Plating Level 2"
    },
    {
      "Link": "GenetronGroundPlatingLevel3",
      "Id": "GenetronGroundPlatingLevel3",
      "Icon": "btn-upgrade-genetron-groundmechplating-level3",
      "Name": "Genetron Ground Plating Level 3"
    },
    {
      "Link": "GenetronLightWeaponsLevel1",
      "Id": "GenetronLightWeaponsLevel1",
      "Icon": "btn-upgrade-genetron-lightmechweapons-level1",
      "Name": "Genetron Light Weapons Level 1"
    },
    {
      "Link": "GenetronLightWeaponsLevel2",
      "Id": "GenetronLightWeaponsLevel2",
      "Icon": "btn-upgrade-genetron-lightmechweapons-level2",
      "Name": "Genetron Light Weapons Level 2"
    },
    {
      "Link": "GenetronLightWeaponsLevel3",
      "Id": "GenetronLightWeaponsLevel3",
      "Icon": "btn-upgrade-genetron-lightmechweapons-level3",
      "Name": "Genetron Light Weapons Level 3"
    },
    {
      "Link": "FirewallShield",
      "Id": "FirewallShield",
      "Icon": "btn-upgrade-genetron-firewallshield",
      "Name": "Firewall Shield"
    },
    {
      "Link": "BlazeFirewallRevert",
      "Id": "BlazeFirewallRevert",
      "Icon": "btn-upgrade-genetron-firewallshield",
      "Name": "Blaze Firewall Revert"
    },
    {
      "Link": "RefittedNozzles",
      "Id": "RefittedNozzles",
      "Icon": "btn-upgrade-genetron-refittednozzles",
      "Name": "Refitted Nozzles"
    }
  ],
  "Abilities": [
    {
      "Link": "move",
      "Id": "move",
      "Name": "Move"
    },
    {
      "Link": "stop",
      "Id": "stop",
      "Name": "Stop"
    },
    {
      "Link": "attack",
      "Id": "attack",
      "Name": "Attack"
    },
    {
      "Link": "SpeedCloak",
      "Id": "SpeedCloak",
      "Name": "Speed Cloak"
    }
  ],
  "Requirements": [],
  "Production": [],
  "Producers": [],
  "Commands": [
    {
      "Id": "MovePatrol",
      "Icon": "btn-command-patrol",
      "Tooltip": "Orders selected units to patrol between their current position and the target area. Units will attack enemies and move to engage nearby enemies.",
      "Name": "Patrol",
      "AbilCmd": "move,Patrol"
    },
    {
      "Id": "MoveHoldPosition",
      "Icon": "btn-command-holdposition",
      "Tooltip": "Orders selected units to stay where they are and attack enemies that are within range. Units will neither chase down enemies nor move to engage.",
      "Name": "Hold Position",
      "AbilCmd": "move,HoldPos"
    },
    {
      "Id": "Attack",
      "Icon": "btn-command-attack",
      "Tooltip": "Orders selected units to move to the target point, fighting nearby enemies along the way. Targeting a unit with the Attack command orders that it be attacked until it is destroyed.",
      "Name": "Attack",
      "AbilCmd": "attack,Execute"
    },
    {
      "Id": "Stop",
      "Icon": "btn-command-stop",
      "Tooltip": "Orders selected units to cancel all orders and stop moving.",
      "Name": "Stop",
      "AbilCmd": "stop,Stop"
    },
    {
      "Id": "Move",
      "Icon": "btn-command-move",
      "Tooltip": "Orders selected units to move to the target area or follow the target unit. Moving units will not engage enemies.",
      "Name": "Move",
      "AbilCmd": "move,Move"
    },
    {
      "Id": "SpeedCloak",
      "Icon": "btn-ability-genetron-blazespeedcloak",
      "Tooltip": "Cloaks, and increases movement speed by 40% for <b>2.0</b> seconds.",
      "Name": "Speed Cloak",
      "AbilCmd": "SpeedCloak,Execute"
    }
  ]
}