{
  "Name": "Blitzer",
  "Description": "General purpose combat unit. Can use Supercharge and Overdrive.<br/><br/><span style=\"color: #f078ff\">Energy user.</span></n><span style=\"color: #FFFF80\">Can attack ground and air units.</span>",
  "DeathRevealFilters": "Visible;Player,Ally,Neutral,Missile,Dead,Hidden",
  "DeathRevealRadius": 3,
  "DeathRevealDuration": 4,
  "DeathRevealType": "Snapshot",
  "Race": "Gen",
  "DefaultAcquireLevel": "Offensive",
  "Response": "Acquire",
  "ResourceState": "Unknown",
  "ResourceType": "Unknown",
  "LifeStart": 140,
  "LifeMax": 140,
  "LifeArmorName": "Ground Mechanical Plating",
  "Mover": "Ground",
  "StationaryTurningRate": 990,
  "TurningRate": 990,
  "Radius": 0.5625,
  "SeparationRadius": 0.5,
  "MinimapRadius": 0.6875,
  "EditorCategories": {
    "ObjectType": "Unit",
    "ObjectFamily": "Melee"
  },
  "TacticalAIFilters": "-;Player,Ally,Neutral",
  "AIEvalFactor": 1,
  "Mass": 0.4,
  "FlagArray": [
    "Turnable",
    "Movable",
    "Unclickable",
    "Unhighlightable",
    "Untooltipable",
    "KillCredit",
    "ShowResources",
    "ClearRallyOnTargetLost",
    "PlayerRevivable",
    "CameraFollow",
    "PreventDestroy",
    "UseLineOfSight",
    "ArmySelect"
  ],
  "EditorFlags": [
    "BlockStructures"
  ],
  "PushPriority": 10,
  "LeaderAlias": "Blitzer",
  "HotkeyAlias": "Blitzer",
  "SelectAlias": "Blitzer",
  "SubgroupAlias": "Blitzer",
  "OccludeHeight": 0.75,
  "TacticalAI": "Blitzer",
  "AIEvaluateAlias": "Blitzer",
  "ReviveType": "Blitzer",
  "PawnItemReduction": 1,
  "Fidget": {
    "DelayMax": 30,
    "DelayMin": 10,
    "DistanceMax": 4,
    "DistanceMin": 1,
    "TurnAngle": 90,
    "TurningRate": 90,
    "ChanceArray": {
      "Idle": 100
    }
  },
  "ReviveInfoBase": {
    "Charge": {
      "Link": "Blitzer/Revive",
      "Location": "Unit"
    },
    "Cooldown": {
      "Link": "Blitzer/Revive",
      "Location": "Unit"
    }
  },
  "InnerRadiusSafetyMultiplier": 1,
  "ArmorType": "Unknown",
  "Collide": [
    "Ground",
    "ForceField"
  ],
  "Attributes": [
    "Mechanical",
    "Armored"
  ],
  "LifeArmor": 1,
  "ScoreResult": "BuildOrder",
  "GlossaryAlias": "Blitzer",
  "PlaneArray": [
    "Ground"
  ],
  "Sight": 10,
  "AttackTargetPriority": 20,
  "GlossaryCategory": "Unit/Category/GenetronUnits",
  "HotkeyCategory": "Unit/Category/GenetronUnits",
  "ScoreMakeCostFactor": {
    "Minerals": 1,
    "Vespene": 1
  },
  "ScoreKillCostFactor": {
    "Minerals": 1,
    "Vespene": 1
  },
  "Speed": 2.75,
  "Acceleration": 1000,
  "CostCategory": "Army",
  "CardLayouts": [
    {
      "LayoutButtons": [
        {
          "Face": "MovePatrol",
          "Type": "AbilCmd",
          "AbilCmd": "move,Patrol",
          "Row": 0,
          "Column": 3
        },
        {
          "Face": "MoveHoldPosition",
          "Type": "AbilCmd",
          "AbilCmd": "move,HoldPos",
          "Row": 0,
          "Column": 2
        },
        {
          "Face": "Attack",
          "Type": "AbilCmd",
          "AbilCmd": "attack,Execute",
          "Row": 0,
          "Column": 4
        },
        {
          "Face": "Stop",
          "Type": "AbilCmd",
          "AbilCmd": "stop,Stop",
          "Row": 0,
          "Column": 1
        },
        {
          "Face": "Move",
          "Type": "AbilCmd",
          "AbilCmd": "move,Move",
          "Row": 0,
          "Column": 0
        },
        {
          "Face": "BlitzerSupercharge",
          "Type": "AbilCmd",
          "AbilCmd": "SuperCharge,Execute",
          "Row": 2,
          "Column": 0
        },
        {
          "Face": "BlitzerSupercharged",
          "Type": "Passive",
          "Behavior": "SuperChargeCannon",
          "ShowInGlossary": 0,
          "Row": 2,
          "Column": 0
        },
        {
          "Face": "BlitzerOverdrive",
          "Type": "AbilCmd",
          "AbilCmd": "BlitzerOverdrive,Execute",
          "Row": 2,
          "Column": 1
        }
      ]
    }
  ],
  "CargoSize": 2,
  "Food": -2,
  "CostResource": {
    "Minerals": 100,
    "Vespene": 25
  },
  "RepairTime": 33.6,
  "InnerRadius": 0.5,
  "SubgroupPriority": 43,
  "GlossaryPriority": 3,
  "GlossaryStrongArray": [
    "Blaze",
    "Adept",
    "Hellion",
    "Baneling"
  ],
  "GlossaryWeakArray": [
    "Equalizer",
    "Immortal",
    "Marauder",
    "Zergling"
  ],
  "EnergyStart": 10,
  "EnergyMax": 10,
  "Icon": "btn-unit-genetron-blitzer",
  "LifeArmorIcon": "btn-upgrade-genetron-groundmechplating-level0",
  "ShieldArmorIcon": "btn-upgrade-protoss-shieldslevel0",
  "Id": "Blitzer",
  "Weapons": [
    {
      "Link": "ChargeCannon",
      "Turret": "Blitzer",
      "Id": "ChargeCannon",
      "Icon": "btn-upgrade-genetron-lightmechweapons-level0",
      "Name": "Charge Cannon",
      "Amount": 13,
      "Kind": "Ranged",
      "TargetFilters": "",
      "Range": 5,
      "Period": 1.96
    }
  ],
  "Behaviors": [
    {
      "Link": "GenetronUnitEnergyRegen",
      "Id": "GenetronUnitEnergyRegen"
    }
  ],
  "Upgrades": [
    {
      "Link": "GenetronGroundPlating",
      "Id": "GenetronGroundPlating",
      "Name": "Genetron Ground Plating"
    },
    {
      "Link": "GenetronLightWeapons",
      "Id": "GenetronLightWeapons",
      "Name": "Genetron Light Weapons"
    },
    {
      "Link": "BlitzerBoreanReactor",
      "Id": "BlitzerBoreanReactor",
      "Icon": "btn-upgrade-genetron-boreanreactor",
      "Name": "Borean Reactor"
    },
    {
      "Link": "GenetronGroundPlatingLevel1",
      "Id": "GenetronGroundPlatingLevel1",
      "Icon": "btn-upgrade-genetron-groundmechplating-level1",
      "Name": "Genetron Ground Plating Level 1"
    },
    {
      "Link": "GenetronGroundPlatingLevel2",
      "Id": "GenetronGroundPlatingLevel2",
      "Icon": "btn-upgrade-genetron-groundmechplating-level2",
      "Name": "Genetron Ground Plating Level 2"
    },
    {
      "Link": "GenetronGroundPlatingLevel3",
      "Id": "GenetronGroundPlatingLevel3",
      "Icon": "btn-upgrade-genetron-groundmechplating-level3",
      "Name": "Genetron Ground Plating Level 3"
    },
    {
      "Link": "GenetronLightWeaponsLevel1",
      "Id": "GenetronLightWeaponsLevel1",
      "Icon": "btn-upgrade-genetron-lightmechweapons-level1",
      "Name": "Genetron Light Weapons Level 1"
    },
    {
      "Link": "GenetronLightWeaponsLevel2",
      "Id": "GenetronLightWeaponsLevel2",
      "Icon": "btn-upgrade-genetron-lightmechweapons-level2",
      "Name": "Genetron Light Weapons Level 2"
    },
    {
      "Link": "GenetronLightWeaponsLevel3",
      "Id": "GenetronLightWeaponsLevel3",
      "Icon": "btn-upgrade-genetron-lightmechweapons-level3",
      "Name": "Genetron Light Weapons Level 3"
    },
    {
      "Link": "ReinforcedPlating",
      "Id": "ReinforcedPlating",
      "Icon": "btn-upgrade-genetron-reinforcedplating",
      "Name": "Reinforced Plating"
    }
  ],
  "Abilities": [
    {
      "Link": "attack",
      "Id": "attack",
      "Name": "Attack"
    },
    {
      "Link": "move",
      "Id": "move",
      "Name": "Move"
    },
    {
      "Link": "stop",
      "Id": "stop",
      "Name": "Stop"
    },
    {
      "Link": "SuperCharge",
      "Id": "SuperCharge",
      "Name": "Super Charge"
    },
    {
      "Link": "BlitzerOverdrive",
      "Id": "BlitzerOverdrive",
      "Name": "Blitzer - Overdrive"
    }
  ],
  "Requirements": [],
  "Production": [],
  "Producers": [
    {
      "Id": "Manufacturer",
      "Icon": "btn-building-genetron-manufacturer",
      "Description": "Produces light-weight machines.<br/><br/><span style=\"color: #FFFF80\">Enables:</span><br/>- Spitfires",
      "Name": "Manufacturer"
    }
  ],
  "Commands": [
    {
      "Id": "MovePatrol",
      "Icon": "btn-command-patrol",
      "Tooltip": "Orders selected units to patrol between their current position and the target area. Units will attack enemies and move to engage nearby enemies.",
      "Name": "Patrol",
      "AbilCmd": "move,Patrol"
    },
    {
      "Id": "MoveHoldPosition",
      "Icon": "btn-command-holdposition",
      "Tooltip": "Orders selected units to stay where they are and attack enemies that are within range. Units will neither chase down enemies nor move to engage.",
      "Name": "Hold Position",
      "AbilCmd": "move,HoldPos"
    },
    {
      "Id": "Attack",
      "Icon": "btn-command-attack",
      "Tooltip": "Orders selected units to move to the target point, fighting nearby enemies along the way. Targeting a unit with the Attack command orders that it be attacked until it is destroyed.",
      "Name": "Attack",
      "AbilCmd": "attack,Execute"
    },
    {
      "Id": "Stop",
      "Icon": "btn-command-stop",
      "Tooltip": "Orders selected units to cancel all orders and stop moving.",
      "Name": "Stop",
      "AbilCmd": "stop,Stop"
    },
    {
      "Id": "Move",
      "Icon": "btn-command-move",
      "Tooltip": "Orders selected units to move to the target area or follow the target unit. Moving units will not engage enemies.",
      "Name": "Move",
      "AbilCmd": "move,Move"
    },
    {
      "Id": "BlitzerSupercharge",
      "Icon": "btn-ability-genetron-cannonreset",
      "Tooltip": "Causes the caster's next attack to deal <b>200</b>% damage. Weapon range is extended by <b>2</b> while charged. The charge lasts for <b>5</b> seconds.",
      "Name": "Supercharge",
      "AbilCmd": "SuperCharge,Execute"
    },
    {
      "Id": "BlitzerOverdrive",
      "Icon": "btn-ability-stetmann-stetelliteoverloadspeed",
      "Tooltip": "Increases movement speed by <b>-98</b>% for <b>6</b> seconds.",
      "Name": "Overdrive",
      "AbilCmd": "BlitzerOverdrive,Execute"
    }
  ]
}