{
  "Name": "Brood Lord",
  "Description": "Flying heavy-assault unit. Shoots Broodlings at its target. A Broodling is a small creature that can attack ground units.<br/><br/><c val=\"#ColorAttackInfo\">Can attack ground units.</span>",
  "DeathRevealFilters": "Visible;Player,Ally,Neutral,Missile,Dead,Hidden",
  "DeathRevealRadius": 3,
  "DeathRevealDuration": 4,
  "DeathRevealType": "Snapshot",
  "Race": "Zerg",
  "DefaultAcquireLevel": "Offensive",
  "Response": "Acquire",
  "ResourceState": "Unknown",
  "ResourceType": "Unknown",
  "LifeStart": 225,
  "LifeMax": 225,
  "LifeArmorName": "Zerg Flyer Carapace",
  "Mover": "Fly",
  "StationaryTurningRate": 720,
  "TurningRate": 720,
  "Radius": 1,
  "SeparationRadius": 1,
  "MinimapRadius": 1,
  "EditorCategories": {
    "ObjectType": "Unit",
    "ObjectFamily": "Melee"
  },
  "TacticalAIFilters": "-;Player,Ally,Neutral",
  "AIEvalFactor": 1.5,
  "Mass": 0.6,
  "FlagArray": [
    "Turnable",
    "Movable",
    "Unclickable",
    "Unhighlightable",
    "Untooltipable",
    "KillCredit",
    "ShowResources",
    "ClearRallyOnTargetLost",
    "PlayerRevivable",
    "CameraFollow",
    "PreventDestroy",
    "UseLineOfSight",
    "AIThreatGround",
    "ArmySelect"
  ],
  "EditorFlags": [
    "BlockStructures"
  ],
  "PushPriority": 10,
  "LeaderAlias": "BroodLord",
  "HotkeyAlias": "BroodLord",
  "SelectAlias": "BroodLord",
  "SubgroupAlias": "BroodLord",
  "OccludeHeight": 0.75,
  "TacticalAI": "BroodLord",
  "AIEvaluateAlias": "BroodLord",
  "ReviveType": "BroodLord",
  "PawnItemReduction": 1,
  "Fidget": {
    "DelayMax": 30,
    "DelayMin": 10,
    "DistanceMax": 4,
    "DistanceMin": 1,
    "TurnAngle": 90,
    "TurningRate": 90,
    "ChanceArray": {
      "Idle": 100
    }
  },
  "ReviveInfoBase": {
    "Charge": {
      "Link": "BroodLord/Revive",
      "Location": "Unit"
    },
    "Cooldown": {
      "Link": "BroodLord/Revive",
      "Location": "Unit"
    }
  },
  "InnerRadiusSafetyMultiplier": 1,
  "ArmorType": "Unknown",
  "Mob": "Multiplayer",
  "LifeArmor": 1,
  "LifeRegenRate": 0.2734,
  "Speed": 1.4062,
  "Acceleration": 1.0625,
  "Height": 3.75,
  "Food": -4,
  "AttackTargetPriority": 20,
  "DamageDealtXP": 1,
  "DamageTakenXP": 1,
  "KillXP": 70,
  "SubgroupPriority": 78,
  "PlaneArray": [
    "Air"
  ],
  "Collide": [
    "Flying"
  ],
  "VisionHeight": 4,
  "Sight": 12,
  "CardLayouts": [
    {
      "LayoutButtons": [
        {
          "Face": "Move",
          "Type": "AbilCmd",
          "AbilCmd": "move,Move",
          "Row": 0,
          "Column": 0
        },
        {
          "Face": "Stop",
          "Type": "AbilCmd",
          "AbilCmd": "stop,Stop",
          "Row": 0,
          "Column": 1
        },
        {
          "Face": "MoveHoldPosition",
          "Type": "AbilCmd",
          "AbilCmd": "move,HoldPos",
          "Row": 0,
          "Column": 2
        },
        {
          "Face": "Attack",
          "Type": "AbilCmd",
          "AbilCmd": "attack,Execute",
          "Row": 0,
          "Column": 4
        },
        {
          "Face": "MovePatrol",
          "Type": "AbilCmd",
          "AbilCmd": "move,Patrol",
          "Row": 0,
          "Column": 3
        },
        {
          "Face": "SwarmSeeds",
          "Type": "Passive",
          "Row": 2,
          "Column": 0
        }
      ]
    }
  ],
  "Attributes": [
    "Armored",
    "Biological",
    "Massive"
  ],
  "GlossaryCategory": "Unit/Category/ZergUnits",
  "HotkeyCategory": "Unit/Category/ZergUnits",
  "GlossaryPriority": 190,
  "CostCategory": "Army",
  "CostResource": {
    "Minerals": 300,
    "Vespene": 250
  },
  "ScoreMake": 550,
  "ScoreKill": 550,
  "ScoreResult": "BuildOrder",
  "GlossaryStrongArray": [
    "SiegeTank",
    "Ultralisk",
    "HighTemplar"
  ],
  "GlossaryWeakArray": [
    "VikingFighter",
    "Corruptor",
    "Tempest"
  ],
  "Icon": "btn-unit-zerg-mantalisk",
  "LifeArmorIcon": "btn-upgrade-zerg-flyercarapace-level0",
  "ShieldArmorIcon": "btn-upgrade-protoss-shieldslevel0",
  "Id": "BroodLord",
  "Weapons": [
    {
      "Link": "BroodlingStrike",
      "Id": "BroodlingStrike",
      "Icon": "btn-upgrade-zerg-airattacks-level0",
      "Name": "Broodling Strike",
      "Amount": 20,
      "Kind": "Ranged",
      "TargetFilters": "Ground",
      "Range": 10,
      "Period": 2.5
    }
  ],
  "Behaviors": [],
  "Upgrades": [
    {
      "Link": "ZergFlyerArmors",
      "Id": "ZergFlyerArmors",
      "Name": "Zerg Flyer Armors"
    },
    {
      "Link": "ZergFlyerWeapons",
      "Id": "ZergFlyerWeapons",
      "Name": "Zerg Flyer Weapons"
    },
    {
      "Link": "ZergFlyerArmorsLevel1",
      "Id": "ZergFlyerArmorsLevel1",
      "Icon": "btn-upgrade-zerg-flyercarapace-level1",
      "Name": "Zerg Flyer Carapace Level 1"
    },
    {
      "Link": "ZergFlyerArmorsLevel2",
      "Id": "ZergFlyerArmorsLevel2",
      "Icon": "btn-upgrade-zerg-flyercarapace-level2",
      "Name": "Zerg Flyer Carapace Level 2"
    },
    {
      "Link": "ZergFlyerArmorsLevel3",
      "Id": "ZergFlyerArmorsLevel3",
      "Icon": "btn-upgrade-zerg-flyercarapace-level3",
      "Name": "Zerg Flyer Carapace Level 3"
    },
    {
      "Link": "ZergFlyerWeaponsLevel1",
      "Id": "ZergFlyerWeaponsLevel1",
      "Icon": "btn-upgrade-zerg-airattacks-level1",
      "Name": "Zerg Flyer Attacks Level 1"
    },
    {
      "Link": "ZergFlyerWeaponsLevel2",
      "Id": "ZergFlyerWeaponsLevel2",
      "Icon": "btn-upgrade-zerg-airattacks-level2",
      "Name": "Zerg Flyer Attacks Level 2"
    },
    {
      "Link": "ZergFlyerWeaponsLevel3",
      "Id": "ZergFlyerWeaponsLevel3",
      "Icon": "btn-upgrade-zerg-airattacks-level3",
      "Name": "Zerg Flyer Attacks Level 3"
    }
  ],
  "Abilities": [
    {
      "Link": "stop",
      "Id": "stop",
      "Name": "Stop"
    },
    {
      "Link": "attack",
      "Id": "attack",
      "Name": "Attack"
    },
    {
      "Link": "move",
      "Id": "move",
      "Name": "Move"
    },
    {
      "Link": "BroodLordHangar",
      "Id": "BroodLordHangar",
      "Name": "Brood Lord Hangar"
    },
    {
      "Link": "BroodLordQueue2",
      "Id": "BroodLordQueue2",
      "Name": "Brood Lord Queue2"
    }
  ],
  "Requirements": [],
  "Production": [],
  "Producers": [],
  "Commands": [
    {
      "Id": "Move",
      "Icon": "btn-command-move",
      "Tooltip": "Orders selected units to move to the target area or follow the target unit. Moving units will not engage enemies.",
      "Name": "Move",
      "AbilCmd": "move,Move"
    },
    {
      "Id": "Stop",
      "Icon": "btn-command-stop",
      "Tooltip": "Orders selected units to cancel all orders and stop moving.",
      "Name": "Stop",
      "AbilCmd": "stop,Stop"
    },
    {
      "Id": "MoveHoldPosition",
      "Icon": "btn-command-holdposition",
      "Tooltip": "Orders selected units to stay where they are and attack enemies that are within range. Units will neither chase down enemies nor move to engage.",
      "Name": "Hold Position",
      "AbilCmd": "move,HoldPos"
    },
    {
      "Id": "Attack",
      "Icon": "btn-command-attack",
      "Tooltip": "Orders selected units to move to the target point, fighting nearby enemies along the way. Targeting a unit with the Attack command orders that it be attacked until it is destroyed.",
      "Name": "Attack",
      "AbilCmd": "attack,Execute"
    },
    {
      "Id": "MovePatrol",
      "Icon": "btn-command-patrol",
      "Tooltip": "Orders selected units to patrol between their current position and the target area. Units will attack enemies and move to engage nearby enemies.",
      "Name": "Patrol",
      "AbilCmd": "move,Patrol"
    }
  ]
}