{
  "Name": "Broodling",
  "Description": "Fast melee creature that will last for a short duration.<br/><br/><span style=\"color: #ffff8a\">Can attack ground units.</span>",
  "DeathRevealFilters": "Visible;Player,Ally,Neutral,Missile,Dead,Hidden",
  "DeathRevealRadius": 3,
  "DeathRevealDuration": 4,
  "DeathRevealType": "Snapshot",
  "Race": "Zerg",
  "DefaultAcquireLevel": "Offensive",
  "Response": "Acquire",
  "ResourceState": "Unknown",
  "ResourceType": "Unknown",
  "LifeStart": 30,
  "LifeMax": 30,
  "LifeArmorName": "Zerg Ground Carapace",
  "Mover": "Ground",
  "StationaryTurningRate": 720,
  "TurningRate": 720,
  "Radius": 0.375,
  "SeparationRadius": 0.375,
  "MinimapRadius": 0.375,
  "EditorCategories": {
    "ObjectType": "Other",
    "ObjectFamily": "Melee"
  },
  "TacticalAIFilters": "-;Player,Ally,Neutral",
  "AIEvalFactor": 0,
  "Mass": 0.4,
  "FlagArray": [
    "NoScore",
    "AILifetime"
  ],
  "PushPriority": 10,
  "LeaderAlias": "",
  "HotkeyAlias": "",
  "SelectAlias": "Broodling",
  "SubgroupAlias": "BroodlingDefault",
  "OccludeHeight": 0.75,
  "TacticalAI": "Broodling",
  "AIEvaluateAlias": "Broodling",
  "ReviveType": "BroodlingDefault",
  "PawnItemReduction": 1,
  "Fidget": {
    "DelayMax": 30,
    "DelayMin": 10,
    "DistanceMax": 4,
    "DistanceMin": 1,
    "TurnAngle": 90,
    "TurningRate": 90,
    "ChanceArray": {
      "Idle": 100
    }
  },
  "ReviveInfoBase": {
    "Charge": {
      "Link": "BroodlingDefault/Revive",
      "Location": "Unit"
    },
    "Cooldown": {
      "Link": "BroodlingDefault/Revive",
      "Location": "Unit"
    }
  },
  "InnerRadiusSafetyMultiplier": 1,
  "ArmorType": "Unknown",
  "Attributes": [
    "Light",
    "Biological"
  ],
  "LifeRegenRate": 0.2734,
  "Sight": 7,
  "AttackTargetPriority": 20,
  "DamageDealtXP": 1,
  "DamageTakenXP": 1,
  "KillXP": 5,
  "InnerRadius": 0.375,
  "SubgroupPriority": 14,
  "Id": "BroodlingDefault",
  "Upgrades": [],
  "Requirements": [],
  "Production": [],
  "Producers": [],
  "Commands": []
}