{
  "Name": "Bunker",
  "Description": "Defensive structure. <br/>Infantry fights from inside. <br/><br/><c val=\"#ColorAttackInfo\">Bonus: +1 range to units inside.</span>",
  "DeathRevealFilters": "Visible;Player,Ally,Neutral,Missile,Dead,Hidden",
  "DeathRevealRadius": 3,
  "DeathRevealDuration": 4,
  "DeathRevealType": "Snapshot",
  "Race": "Terr",
  "DefaultAcquireLevel": "Offensive",
  "Response": "Acquire",
  "ResourceState": "Unknown",
  "ResourceType": "Unknown",
  "LifeStart": 400,
  "LifeMax": 400,
  "LifeArmorName": "Terran Building Plating",
  "Mover": "Ground",
  "StationaryTurningRate": 720,
  "TurningRate": 720,
  "Radius": 1.25,
  "SeparationRadius": 1.25,
  "MinimapRadius": 1.75,
  "EditorCategories": {
    "ObjectType": "Structure",
    "ObjectFamily": "Melee"
  },
  "TacticalAIFilters": "-;Player,Ally,Neutral",
  "AIEvalFactor": 1.1,
  "Mass": 0.4,
  "FlagArray": [
    "Movable",
    "Unclickable",
    "Unhighlightable",
    "Untooltipable",
    "KillCredit",
    "ShowResources",
    "ClearRallyOnTargetLost",
    "PlayerRevivable",
    "CameraFollow",
    "PreventDefeat",
    "PreventDestroy",
    "PenaltyRevealed",
    "UseLineOfSight",
    "TownAlert",
    "NoPortraitTalk",
    "AIDefense",
    "ArmorDisabledWhileConstructing"
  ],
  "EditorFlags": [
    "BlockStructures"
  ],
  "PushPriority": 10,
  "LeaderAlias": "Bunker",
  "HotkeyAlias": "Bunker",
  "SelectAlias": "Bunker",
  "SubgroupAlias": "Bunker",
  "OccludeHeight": 0.75,
  "TacticalAI": "Bunker",
  "AIEvaluateAlias": "Bunker",
  "ReviveType": "Bunker",
  "PawnItemReduction": 1,
  "Fidget": {
    "DelayMax": 30,
    "DelayMin": 10,
    "DistanceMax": 4,
    "DistanceMin": 1,
    "TurnAngle": 90,
    "TurningRate": 90,
    "ChanceArray": {
      "Idle": 100
    }
  },
  "ReviveInfoBase": {
    "Charge": {
      "Link": "Bunker/Revive",
      "Location": "Unit"
    },
    "Cooldown": {
      "Link": "Bunker/Revive",
      "Location": "Unit"
    }
  },
  "InnerRadiusSafetyMultiplier": 1,
  "ArmorType": "Unknown",
  "Facing": 315,
  "Mob": "Multiplayer",
  "FogVisibility": "Snapshot",
  "LifeArmor": 1,
  "CostCategory": "Technology",
  "CostResource": {
    "Minerals": 100
  },
  "RepairTime": 40,
  "AttackTargetPriority": 19,
  "Footprint": "Footprint3x3Contour",
  "PlacementFootprint": "Footprint3x3",
  "ScoreMake": 100,
  "ScoreKill": 100,
  "ScoreResult": "BuildOrder",
  "SubgroupPriority": 12,
  "Attributes": [
    "Armored",
    "Mechanical",
    "Structure"
  ],
  "PlaneArray": [
    "Ground"
  ],
  "Collide": [
    "Burrow",
    "Ground",
    "Structure",
    "RoachBurrow",
    "ForceField",
    "Small",
    "Locust",
    "Phased"
  ],
  "Sight": 10,
  "TacticalAIThink": "AIThinkBunker",
  "CardLayouts": [
    {
      "LayoutButtons": [
        {
          "Face": "AttackRedirect",
          "Type": "AbilCmd",
          "AbilCmd": "AttackRedirect,Execute",
          "Row": 0,
          "Column": 4
        },
        {
          "Face": "Stop",
          "Type": "AbilCmd",
          "AbilCmd": "StopRedirect,Execute",
          "Row": 0,
          "Column": 1
        },
        {
          "Face": "StimRedirect",
          "Type": "AbilCmd",
          "AbilCmd": "StimpackRedirect,Execute",
          "Row": 2,
          "Column": 0
        },
        {
          "Face": "StimRedirect",
          "Type": "AbilCmd",
          "AbilCmd": "StimpackMarauderRedirect,Execute",
          "Row": 2,
          "Column": 0
        },
        {
          "Face": "SetBunkerRallyPoint",
          "Type": "AbilCmd",
          "AbilCmd": "Rally,Rally1",
          "Row": 1,
          "Column": 4
        },
        {
          "Face": "BunkerLoad",
          "Type": "AbilCmd",
          "AbilCmd": "BunkerTransport,Load",
          "Row": 2,
          "Column": 1
        },
        {
          "Face": "BunkerUnloadAll",
          "Type": "AbilCmd",
          "AbilCmd": "BunkerTransport,UnloadAll",
          "Row": 2,
          "Column": 2
        },
        {
          "Face": "Salvage",
          "Type": "AbilCmd",
          "AbilCmd": "SalvageShared,On",
          "Row": 2,
          "Column": 3
        },
        {
          "Face": "Halt",
          "Type": "AbilCmd",
          "AbilCmd": "BuildInProgress,Halt",
          "Row": 2,
          "Column": 3
        },
        {
          "Face": "CancelBuilding",
          "Type": "AbilCmd",
          "AbilCmd": "BuildInProgress,Cancel",
          "Row": 2,
          "Column": 4
        },
        {
          "Face": "Cancel",
          "Type": "AbilCmd",
          "AbilCmd": "SalvageShared,Off",
          "Row": 2,
          "Column": 4
        },
        {
          "Face": "SelectBuilder",
          "Type": "SelectBuilder",
          "Row": 1,
          "Column": 3
        }
      ]
    }
  ],
  "GlossaryPriority": 300,
  "GlossaryCategory": "Unit/Category/TerranUnits",
  "HotkeyCategory": "Unit/Category/TerranUnits",
  "GlossaryStrongArray": [
    "Marine",
    "Zergling",
    "Zealot"
  ],
  "GlossaryWeakArray": [
    "SiegeTank",
    "Baneling",
    "Immortal"
  ],
  "Icon": "btn-building-terran-bunker",
  "LifeArmorIcon": "btn-upgrade-terran-buildingarmor",
  "ShieldArmorIcon": "btn-upgrade-protoss-shieldslevel0",
  "Id": "Bunker",
  "Behaviors": [
    {
      "Link": "TerranBuildingBurnDown",
      "Id": "TerranBuildingBurnDown"
    }
  ],
  "Upgrades": [
    {
      "Link": "TerranBuildingArmor",
      "Id": "TerranBuildingArmor",
      "Icon": "btn-upgrade-terran-buildingarmor",
      "Name": "Neosteel Armor"
    },
    {
      "Link": "NeosteelFrame",
      "Id": "NeosteelFrame",
      "Icon": "btn-upgrade-terran-neosteelframe",
      "Name": "Neosteel Frame"
    }
  ],
  "Abilities": [
    {
      "Link": "BuildInProgress",
      "Id": "BuildInProgress",
      "Name": "Build in Progress"
    },
    {
      "Link": "BunkerTransport",
      "Id": "BunkerTransport",
      "Name": "Load-Unload (Bunker)"
    },
    {
      "Link": "SalvageShared",
      "Id": "SalvageShared",
      "Name": "Salvage"
    },
    {
      "Link": "SalvageBunkerRefund",
      "Id": "SalvageBunkerRefund",
      "Name": "Bunker"
    },
    {
      "Link": "Rally",
      "Id": "Rally",
      "Name": "Rally"
    },
    {
      "Link": "StimpackRedirect",
      "Id": "StimpackRedirect",
      "Name": "Stimpack Redirect"
    },
    {
      "Link": "StimpackMarauderRedirect",
      "Id": "StimpackMarauderRedirect",
      "Name": "Stimpack Marauder Redirect"
    },
    {
      "Link": "StopRedirect",
      "Id": "StopRedirect",
      "Name": "Stop Redirect"
    },
    {
      "Link": "AttackRedirect",
      "Id": "AttackRedirect",
      "Name": "Attack Redirect"
    }
  ],
  "Requirements": [],
  "Production": [],
  "Producers": [
    {
      "Id": "SCV",
      "Icon": "btn-unit-terran-scv",
      "Description": "Basic worker unit. Can gather resources, build Terran structures, and repair.<br/><br/><c val=\"#ColorAttackInfo\">Can attack ground units.</span>",
      "Name": "SCV"
    }
  ],
  "Commands": [
    {
      "Id": "AttackRedirect",
      "Icon": "btn-command-attack",
      "Tooltip": "Targets and attacks the target unit until it is destroyed or moves out of range.",
      "Name": "Attack",
      "AbilCmd": "AttackRedirect,Execute"
    },
    {
      "Id": "Stop",
      "Icon": "btn-command-stop",
      "Tooltip": "Orders selected units to cancel all orders and stop moving.",
      "Name": "Stop",
      "AbilCmd": "StopRedirect,Execute"
    },
    {
      "Id": "StimRedirect",
      "Icon": "btn-ability-terran-stimpack-color",
      "Tooltip": "Orders Marines and Marauders inside of the Bunker to use Stimpacks. They will take damage and have increased attack speed as normal.",
      "Name": "Use Stimpack",
      "AbilCmd": "StimpackRedirect,Execute"
    },
    {
      "Id": "StimRedirect",
      "Icon": "btn-ability-terran-stimpack-color",
      "Tooltip": "Orders Marines and Marauders inside of the Bunker to use Stimpacks. They will take damage and have increased attack speed as normal.",
      "Name": "Use Stimpack",
      "AbilCmd": "StimpackMarauderRedirect,Execute"
    },
    {
      "Id": "SetBunkerRallyPoint",
      "Icon": "btn-ability-terran-setrallypoint",
      "Tooltip": "Sends unloaded infantry units to designated point.",
      "Name": "Set Bunker Rally Point",
      "AbilCmd": "Rally,Rally1"
    },
    {
      "Id": "BunkerLoad",
      "Icon": "btn-ability-terran-load",
      "Tooltip": "Loads infantry into Bunker.",
      "Name": "Load",
      "AbilCmd": "BunkerTransport,Load"
    },
    {
      "Id": "BunkerUnloadAll",
      "Icon": "btn-ability-terran-unloadall",
      "Tooltip": "Unloads all units.",
      "Name": "Unload All",
      "AbilCmd": "BunkerTransport,UnloadAll"
    },
    {
      "Id": "Salvage",
      "Icon": "btn-ability-terran-salvage",
      "Tooltip": "Salvages the structure, removing it and returning 75% of its mineral and gas value. Salvage takes <b>5</b> to finish. Warning: once Salvage is triggered, it cannot be canceled.",
      "Name": "Salvage",
      "AbilCmd": "SalvageShared,On"
    },
    {
      "Id": "Halt",
      "Icon": "btn-command-stop",
      "Tooltip": "Halts construction of this structure. The partial construction will remain.",
      "Name": "Halt",
      "AbilCmd": "BuildInProgress,Halt"
    },
    {
      "Id": "CancelBuilding",
      "Icon": "btn-command-cancel",
      "Tooltip": "Cancels construction of this structure, destroying the structure and giving a partial refund.",
      "Name": "Cancel",
      "AbilCmd": "BuildInProgress,Cancel"
    },
    {
      "Id": "Cancel",
      "Icon": "btn-command-cancel",
      "Tooltip": "Drops the current order without performing it, and allows you to select a different order.",
      "Name": "Cancel",
      "AbilCmd": "SalvageShared,Off"
    }
  ]
}