{
  "Name": "Bypass Armor Drone",
  "Description": "Focuses a beam on enemy units and reduces their armor by 3.<br/>Times out after <b>15</b> seconds.",
  "DeathRevealFilters": "Visible;Player,Ally,Neutral,Missile,Dead,Hidden",
  "DeathRevealRadius": 2,
  "DeathRevealDuration": 4,
  "DeathRevealType": "Snapshot",
  "Race": "Terr",
  "DefaultAcquireLevel": "Offensive",
  "Response": "Acquire",
  "ResourceState": "Unknown",
  "ResourceType": "Unknown",
  "LifeStart": 80,
  "LifeMax": 80,
  "LifeArmorName": "Terran Building Plating",
  "Mover": "Fly",
  "StationaryTurningRate": 720,
  "TurningRate": 720,
  "Radius": 0.625,
  "SeparationRadius": 0.6,
  "MinimapRadius": 0.6,
  "EditorCategories": {
    "ObjectType": "Unit",
    "ObjectFamily": "Melee"
  },
  "TacticalAIFilters": "-;Player,Ally,Neutral",
  "AIEvalFactor": 1,
  "Mass": 0.4,
  "FlagArray": [
    "UseLineOfSight",
    "NoScore",
    "NoPortraitTalk"
  ],
  "PushPriority": 10,
  "LeaderAlias": "BypassArmorDrone",
  "HotkeyAlias": "BypassArmorDrone",
  "SelectAlias": "BypassArmorDrone",
  "SubgroupAlias": "BypassArmorDrone",
  "OccludeHeight": 0.75,
  "TacticalAI": "BypassArmorDrone",
  "AIEvaluateAlias": "BypassArmorDrone",
  "ReviveType": "BypassArmorDrone",
  "PawnItemReduction": 1,
  "Fidget": {
    "DelayMax": 30,
    "DelayMin": 10,
    "DistanceMax": 4,
    "DistanceMin": 1,
    "TurnAngle": 90,
    "TurningRate": 90,
    "ChanceArray": {
      "Idle": 100
    }
  },
  "ReviveInfoBase": {
    "Charge": {
      "Link": "BypassArmorDrone/Revive",
      "Location": "Unit"
    },
    "Cooldown": {
      "Link": "BypassArmorDrone/Revive",
      "Location": "Unit"
    }
  },
  "InnerRadiusSafetyMultiplier": 1,
  "ArmorType": "Unknown",
  "Mob": "Multiplayer",
  "PlaneArray": [
    "Air"
  ],
  "Collide": [
    "Flying"
  ],
  "Attributes": [
    "Light",
    "Mechanical",
    "Structure"
  ],
  "Sight": 7,
  "Height": 3,
  "VisionHeight": 4,
  "RepairTime": 33.3332,
  "AttackTargetPriority": 20,
  "CardLayouts": [
    {
      "LayoutButtons": [
        {
          "Face": "Move",
          "Type": "AbilCmd",
          "AbilCmd": "move,Move",
          "Row": 0,
          "Column": 0
        },
        {
          "Face": "Stop",
          "Type": "AbilCmd",
          "AbilCmd": "stop,Stop",
          "Row": 0,
          "Column": 1
        },
        {
          "Face": "Attack",
          "Type": "AbilCmd",
          "AbilCmd": "attack,Execute",
          "Row": 0,
          "Column": 4
        }
      ]
    }
  ],
  "SubgroupPriority": 6,
  "KillDisplay": "Never",
  "RankDisplay": "Never",
  "Speed": 5,
  "Acceleration": 1000,
  "Icon": "btn-unit-terran-targetingdrone",
  "LifeArmorIcon": "btn-upgrade-terran-buildingarmor",
  "ShieldArmorIcon": "btn-upgrade-protoss-shieldslevel0",
  "Id": "BypassArmorDrone",
  "Weapons": [
    {
      "Link": "BypassArmorDroneWeapon",
      "Turret": "FreeRotate",
      "Id": "BypassArmorDroneWeapon",
      "Icon": "btn-missing-kaeo",
      "Name": "Bypass Armor Drone Weapon",
      "TargetFilters": "",
      "Range": 6,
      "Period": 0.25
    }
  ],
  "Behaviors": [
    {
      "Link": "TerranBuildingBurnDown",
      "Id": "TerranBuildingBurnDown"
    },
    {
      "Link": "BypassArmorDroneTimedLife",
      "Id": "BypassArmorDroneTimedLife"
    },
    {
      "Link": "BypassArmorDroneInitialUnselectable",
      "Id": "BypassArmorDroneInitialUnselectable"
    }
  ],
  "Upgrades": [
    {
      "Link": "TerranBuildingArmor",
      "Id": "TerranBuildingArmor",
      "Icon": "btn-upgrade-terran-buildingarmor",
      "Name": "Neosteel Armor"
    }
  ],
  "Abilities": [
    {
      "Link": "stop",
      "Id": "stop",
      "Name": "Stop"
    },
    {
      "Link": "move",
      "Id": "move",
      "Name": "Move"
    },
    {
      "Link": "attack",
      "Id": "attack",
      "Name": "Attack"
    }
  ],
  "Requirements": [],
  "Production": [],
  "Producers": [],
  "Commands": [
    {
      "Id": "Move",
      "Icon": "btn-command-move",
      "Tooltip": "Orders selected units to move to the target area or follow the target unit. Moving units will not engage enemies.",
      "Name": "Move",
      "AbilCmd": "move,Move"
    },
    {
      "Id": "Stop",
      "Icon": "btn-command-stop",
      "Tooltip": "Orders selected units to cancel all orders and stop moving.",
      "Name": "Stop",
      "AbilCmd": "stop,Stop"
    },
    {
      "Id": "Attack",
      "Icon": "btn-command-attack",
      "Tooltip": "Orders selected units to move to the target point, fighting nearby enemies along the way. Targeting a unit with the Attack command orders that it be attacked until it is destroyed.",
      "Name": "Attack",
      "AbilCmd": "attack,Execute"
    }
  ]
}