{
  "Name": "Carrier",
  "Description": "Capital ship. Can build and launch Interceptors to make attacks.<br/><br/><span style=\"color: #ffff8a\">Can attack ground and air units.</span>",
  "DeathRevealFilters": "Visible;Player,Ally,Neutral,Missile,Dead,Hidden",
  "DeathRevealRadius": 3,
  "DeathRevealDuration": 4,
  "DeathRevealType": "Snapshot",
  "Race": "Prot",
  "DefaultAcquireLevel": "Offensive",
  "Response": "Acquire",
  "ResourceState": "Unknown",
  "ResourceType": "Unknown",
  "LifeStart": 300,
  "LifeMax": 300,
  "LifeArmorName": "Protoss Plating",
  "Mover": "Fly",
  "StationaryTurningRate": 720,
  "TurningRate": 720,
  "Radius": 1.25,
  "SeparationRadius": 1.25,
  "MinimapRadius": 1.25,
  "EditorCategories": {
    "ObjectType": "Unit",
    "ObjectFamily": "Melee"
  },
  "TacticalAIFilters": "-;Player,Ally,Neutral",
  "AIEvalFactor": 1,
  "Mass": 0.6,
  "FlagArray": [
    "Turnable",
    "Movable",
    "Unclickable",
    "Unhighlightable",
    "Untooltipable",
    "KillCredit",
    "ShowResources",
    "ClearRallyOnTargetLost",
    "PlayerRevivable",
    "CameraFollow",
    "PreventDestroy",
    "UseLineOfSight",
    "AIThreatGround",
    "AIThreatAir",
    "ArmySelect"
  ],
  "EditorFlags": [
    "BlockStructures"
  ],
  "PushPriority": 10,
  "LeaderAlias": "Carrier",
  "HotkeyAlias": "Carrier",
  "SelectAlias": "Carrier",
  "SubgroupAlias": "Carrier",
  "OccludeHeight": 0.75,
  "TacticalAI": "Carrier",
  "AIEvaluateAlias": "Carrier",
  "ReviveType": "Carrier",
  "PawnItemReduction": 1,
  "Fidget": {
    "DelayMax": 30,
    "DelayMin": 10,
    "DistanceMax": 4,
    "DistanceMin": 1,
    "TurnAngle": 90,
    "TurningRate": 90,
    "ChanceArray": {
      "Idle": 100
    }
  },
  "ReviveInfoBase": {
    "Charge": {
      "Link": "Carrier/Revive",
      "Location": "Unit"
    },
    "Cooldown": {
      "Link": "Carrier/Revive",
      "Location": "Unit"
    }
  },
  "InnerRadiusSafetyMultiplier": 1,
  "ArmorType": "Unknown",
  "Mob": "Multiplayer",
  "LifeArmor": 2,
  "ShieldsStart": 150,
  "ShieldsMax": 150,
  "ShieldRegenRate": 2,
  "ShieldArmorName": "Protoss Plasma Shields",
  "Speed": 1.875,
  "Acceleration": 1.0625,
  "LateralAcceleration": 46.0625,
  "Height": 3.75,
  "Food": -6,
  "AttackTargetPriority": 20,
  "DamageDealtXP": 1,
  "DamageTakenXP": 1,
  "KillXP": 120,
  "ScoreMake": 600,
  "ScoreKill": 600,
  "ScoreResult": "BuildOrder",
  "SubgroupPriority": 51,
  "PlaneArray": [
    "Air"
  ],
  "Collide": [
    "Flying"
  ],
  "VisionHeight": 4,
  "Sight": 12,
  "EquipmentArray": [
    {
      "Weapon": "InterceptorsDummy"
    }
  ],
  "CardLayouts": [
    {
      "LayoutButtons": [
        {
          "Face": "Move",
          "Type": "AbilCmd",
          "AbilCmd": "move,Move",
          "Row": 0,
          "Column": 0
        },
        {
          "Face": "Stop",
          "Type": "AbilCmd",
          "AbilCmd": "stop,Stop",
          "Row": 0,
          "Column": 1
        },
        {
          "Face": "MoveHoldPosition",
          "Type": "AbilCmd",
          "AbilCmd": "move,HoldPos",
          "Row": 0,
          "Column": 2
        },
        {
          "Face": "Attack",
          "Type": "AbilCmd",
          "AbilCmd": "attack,Execute",
          "Row": 0,
          "Column": 4
        },
        {
          "Face": "MovePatrol",
          "Type": "AbilCmd",
          "AbilCmd": "move,Patrol",
          "Row": 0,
          "Column": 3
        },
        {
          "Face": "Interceptor",
          "Type": "AbilCmd",
          "AbilCmd": "CarrierHangar,Ammo1",
          "Row": 2,
          "Column": 0
        },
        {
          "Face": "Cancel",
          "Type": "AbilCmd",
          "AbilCmd": "HangarQueue5,CancelLast",
          "Row": 2,
          "Column": 4
        }
      ]
    }
  ],
  "Attributes": [
    "Armored",
    "Mechanical",
    "Massive"
  ],
  "GlossaryCategory": "Unit/Category/ProtossUnits",
  "HotkeyCategory": "Unit/Category/ProtossUnits",
  "GlossaryPriority": 170,
  "CostCategory": "Army",
  "CostResource": {
    "Minerals": 350,
    "Vespene": 250
  },
  "GlossaryWeakArray": [
    "VikingFighter",
    "Corruptor",
    "Tempest"
  ],
  "ShieldRegenDelay": 10,
  "GlossaryStrongArray": [
    "SiegeTank",
    "Mutalisk",
    "Phoenix"
  ],
  "RepairTime": 120,
  "TacticalAIThink": "AIThinkCarrier",
  "Icon": "btn-unit-protoss-carrier",
  "LifeArmorIcon": "btn-upgrade-protoss-airarmorlevel0",
  "ShieldArmorIcon": "btn-upgrade-protoss-shieldslevel0",
  "Id": "Carrier",
  "Weapons": [
    {
      "Link": "InterceptorLaunch",
      "Id": "InterceptorLaunch",
      "Icon": "btn-unit-protoss-interceptor",
      "Name": "Interceptor Launch",
      "TargetFilters": "",
      "Range": 8,
      "Period": 0.5
    }
  ],
  "Behaviors": [],
  "Upgrades": [
    {
      "Link": "ProtossShields",
      "Id": "ProtossShields",
      "Name": "Protoss Shields"
    },
    {
      "Link": "ProtossAirArmors",
      "Id": "ProtossAirArmors",
      "Name": "Protoss Air Armors"
    },
    {
      "Link": "CarrierLaunchSpeedUpgrade",
      "Id": "CarrierLaunchSpeedUpgrade",
      "Icon": "btn-upgrade-protoss-gravitoncatapult",
      "Name": "Graviton Catapult"
    },
    {
      "Link": "ProtossShieldsLevel1",
      "Id": "ProtossShieldsLevel1",
      "Icon": "btn-upgrade-protoss-shieldslevel1",
      "Name": "Protoss Shields Level 1"
    },
    {
      "Link": "ProtossShieldsLevel2",
      "Id": "ProtossShieldsLevel2",
      "Icon": "btn-upgrade-protoss-shieldslevel2",
      "Name": "Protoss Shields Level 2"
    },
    {
      "Link": "ProtossShieldsLevel3",
      "Id": "ProtossShieldsLevel3",
      "Icon": "btn-upgrade-protoss-shieldslevel3",
      "Name": "Protoss Shields Level 3"
    },
    {
      "Link": "ProtossAirArmorsLevel1",
      "Id": "ProtossAirArmorsLevel1",
      "Icon": "btn-upgrade-protoss-airarmorlevel1",
      "Name": "Protoss Air Armor Level 1"
    },
    {
      "Link": "ProtossAirArmorsLevel2",
      "Id": "ProtossAirArmorsLevel2",
      "Icon": "btn-upgrade-protoss-airarmorlevel2",
      "Name": "Protoss Air Armor Level 2"
    },
    {
      "Link": "ProtossAirArmorsLevel3",
      "Id": "ProtossAirArmorsLevel3",
      "Icon": "btn-upgrade-protoss-airarmorlevel3",
      "Name": "Protoss Air Armor Level 3"
    },
    {
      "Link": "CarrierCarrierCapacity",
      "Id": "CarrierCarrierCapacity",
      "Icon": "btn-unit-protoss-interceptor",
      "Name": "Carrier Capacity"
    },
    {
      "Link": "CarrierLeashRangeUpgrade",
      "Id": "CarrierLeashRangeUpgrade",
      "Icon": "btn-unit-protoss-interceptor",
      "Name": "Carrier Leash Range Upgrade"
    }
  ],
  "Abilities": [
    {
      "Link": "stop",
      "Id": "stop",
      "Name": "Stop"
    },
    {
      "Link": "attack",
      "Id": "attack",
      "Name": "Attack"
    },
    {
      "Link": "move",
      "Id": "move",
      "Name": "Move"
    },
    {
      "Link": "CarrierHangar",
      "Id": "CarrierHangar",
      "Name": "Hangar"
    },
    {
      "Link": "HangarQueue5",
      "Id": "HangarQueue5",
      "Name": "Queue (5) (Hangar)"
    },
    {
      "Link": "Warpable",
      "Id": "Warpable",
      "Name": "Warpable"
    }
  ],
  "Requirements": [
    {
      "Id": "FleetBeacon",
      "Icon": "btn-building-protoss-fleetbeacon",
      "Description": "Contains upgrades for Phoenixes and Void Rays.<br/><br/><span style=\"color: #ffff8a\">Enables:</span><br/>- Tempests at the Stargate</n>- Carriers at the Stargate<br/>- Mothership from the Nexus",
      "Name": "Fleet Beacon"
    }
  ],
  "Production": [
    {
      "Id": "Interceptor",
      "Icon": "btn-unit-protoss-interceptor",
      "Description": "Combat drones that automatically strafe their Carrier's target. Carriers may not attack without Interceptors.<br/><br/><c val=\"#ColorAttackInfo\">Can attack ground and air units.</span>",
      "Name": "Interceptor"
    }
  ],
  "Producers": [
    {
      "Id": "Stargate",
      "Icon": "btn-building-protoss-stargate",
      "Description": "Warps in Protoss air units.<br/><br/><span style=\"color: #ffff8a\">Enables:</span><br/>- Phoenixes<br/>- Void Rays<br/>- Oracles",
      "Name": "Stargate"
    }
  ],
  "Commands": [
    {
      "Id": "Move",
      "Icon": "btn-command-move",
      "Tooltip": "Orders selected units to move to the target area or follow the target unit. Moving units will not engage enemies.",
      "Name": "Move",
      "AbilCmd": "move,Move"
    },
    {
      "Id": "Stop",
      "Icon": "btn-command-stop",
      "Tooltip": "Orders selected units to cancel all orders and stop moving.",
      "Name": "Stop",
      "AbilCmd": "stop,Stop"
    },
    {
      "Id": "MoveHoldPosition",
      "Icon": "btn-command-holdposition",
      "Tooltip": "Orders selected units to stay where they are and attack enemies that are within range. Units will neither chase down enemies nor move to engage.",
      "Name": "Hold Position",
      "AbilCmd": "move,HoldPos"
    },
    {
      "Id": "Attack",
      "Icon": "btn-command-attack",
      "Tooltip": "Orders selected units to move to the target point, fighting nearby enemies along the way. Targeting a unit with the Attack command orders that it be attacked until it is destroyed.",
      "Name": "Attack",
      "AbilCmd": "attack,Execute"
    },
    {
      "Id": "MovePatrol",
      "Icon": "btn-command-patrol",
      "Tooltip": "Orders selected units to patrol between their current position and the target area. Units will attack enemies and move to engage nearby enemies.",
      "Name": "Patrol",
      "AbilCmd": "move,Patrol"
    },
    {
      "Id": "Interceptor",
      "Icon": "btn-unit-protoss-interceptor",
      "Tooltip": "Builds Interceptors that automatically attack the Carrier's target. Carriers may not attack without Interceptors.<br/><br/><c val=\"#ColorAttackInfo\">Can attack ground and air units.</span>",
      "Name": "Build Interceptor",
      "AbilCmd": "CarrierHangar,Ammo1"
    },
    {
      "Id": "Cancel",
      "Icon": "btn-command-cancel",
      "Tooltip": "Drops the current order without performing it, and allows you to select a different order.",
      "Name": "Cancel",
      "AbilCmd": "HangarQueue5,CancelLast"
    }
  ]
}