{
  "Name": "CARR",
  "Description": "Combat and Reconnaisance Robot<br/><br/><c val=\"#ColorAttackInfo\">Can attack ground and air units</span>",
  "DeathRevealFilters": "Visible;Player,Ally,Neutral,Missile,Dead,Hidden",
  "DeathRevealRadius": 3,
  "DeathRevealDuration": 4,
  "DeathRevealType": "Snapshot",
  "Race": "UPL",
  "DefaultAcquireLevel": "Offensive",
  "Response": "Acquire",
  "ResourceState": "Unknown",
  "ResourceType": "Unknown",
  "LifeStart": 275,
  "LifeMax": 275,
  "LifeArmorName": "UPL Vehicle Plating",
  "Mover": "Ground",
  "StationaryTurningRate": 999.8437,
  "TurningRate": 999.8437,
  "Radius": 0.4375,
  "SeparationRadius": 0.5,
  "MinimapRadius": 0.5,
  "EditorCategories": {
    "ObjectType": "Hero",
    "ObjectFamily": "Melee"
  },
  "TacticalAIFilters": "-;Player,Ally,Neutral",
  "AIEvalFactor": 1,
  "Mass": 0.4,
  "FlagArray": [
    "Turnable",
    "Movable",
    "Unclickable",
    "Unhighlightable",
    "Untooltipable",
    "KillCredit",
    "ShowResources",
    "ClearRallyOnTargetLost",
    "PlayerRevivable",
    "CameraFollow",
    "PreventDestroy",
    "UseLineOfSight",
    "ArmySelect"
  ],
  "EditorFlags": [
    "BlockStructures"
  ],
  "PushPriority": 10,
  "LeaderAlias": "CARR",
  "HotkeyAlias": "CARR",
  "SelectAlias": "CARR",
  "SubgroupAlias": "CARR",
  "OccludeHeight": 0.75,
  "TacticalAI": "CARR",
  "AIEvaluateAlias": "CARR",
  "ReviveType": "CARR",
  "PawnItemReduction": 1,
  "Fidget": {
    "DelayMax": 30,
    "DelayMin": 10,
    "DistanceMax": 4,
    "DistanceMin": 1,
    "TurnAngle": 90,
    "TurningRate": 90,
    "ChanceArray": {
      "Idle": 70,
      "Anim": 20,
      "Turn": 10
    }
  },
  "ReviveInfoBase": {
    "Charge": {
      "Link": "CARR/Revive",
      "Location": "Unit"
    },
    "Cooldown": {
      "Link": "CARR/Revive",
      "Location": "Unit"
    }
  },
  "InnerRadiusSafetyMultiplier": 1,
  "ArmorType": "Unknown",
  "Mob": "Campaign",
  "PlaneArray": [
    "Ground"
  ],
  "Collide": [
    "Ground",
    "ForceField"
  ],
  "Speed": 2.5,
  "Acceleration": 1000,
  "LateralAcceleration": 46.0625,
  "Sight": 9,
  "Food": -2,
  "CostCategory": "Army",
  "RepairTime": 25,
  "AttackTargetPriority": 20,
  "DamageDealtXP": 1,
  "DamageTakenXP": 1,
  "KillXP": 20,
  "CardLayouts": [
    {
      "LayoutButtons": [
        {
          "Face": "Move",
          "Type": "AbilCmd",
          "AbilCmd": "move,Move",
          "Row": 0,
          "Column": 0
        },
        {
          "Face": "Stop",
          "Type": "AbilCmd",
          "AbilCmd": "stop,Stop",
          "Row": 0,
          "Column": 1
        },
        {
          "Face": "MoveHoldPosition",
          "Type": "AbilCmd",
          "AbilCmd": "move,HoldPos",
          "Row": 0,
          "Column": 2
        },
        {
          "Face": "MovePatrol",
          "Type": "AbilCmd",
          "AbilCmd": "move,Patrol",
          "Row": 0,
          "Column": 3
        },
        {
          "Face": "Attack",
          "Type": "AbilCmd",
          "AbilCmd": "attack,Execute",
          "Row": 0,
          "Column": 4
        },
        {
          "Face": "CARRGrenadeLauncher",
          "Type": "AbilCmd",
          "AbilCmd": "CARRGrenadeLauncher,Execute",
          "Row": 2,
          "Column": 0
        },
        {
          "Face": "CARRIllumination",
          "Type": "AbilCmd",
          "AbilCmd": "CARRIllumination,Execute",
          "Row": 2,
          "Column": 1
        },
        {
          "Face": "CARRTracker",
          "Type": "Passive",
          "Behavior": "CARRTracker",
          "Requirements": "HaveCARRTracker",
          "Row": 1,
          "Column": 1
        },
        {
          "Face": "CARRNaniteRegeneration",
          "Type": "Passive",
          "Row": 1,
          "Column": 0
        }
      ]
    }
  ],
  "InnerRadius": 0.5,
  "CargoSize": 2,
  "ScoreMake": 100,
  "ScoreKill": 100,
  "ScoreResult": "BuildOrder",
  "SubgroupPriority": 91,
  "GlossaryCategory": "Unit/Category/0UPLHeroes",
  "HotkeyCategory": "Unit/Category/UPLStory",
  "TauntDuration": {
    "Cheer": 5,
    "Dance": 5
  },
  "Attributes": [
    "Heroic",
    "Armored",
    "Mechanical"
  ],
  "AlliedPushPriority": 20,
  "LifeArmor": 3,
  "CostResource": {
    "Minerals": 350,
    "Vespene": 150
  },
  "GlossaryPriority": 5,
  "LifeRegenRate": 0.668,
  "Icon": "btn-unit-upl-carr",
  "LifeArmorIcon": "btn-upgrades-upl-vehicleplating-lvl0",
  "ShieldArmorIcon": "btn-upgrade-protoss-shieldslevel0",
  "Id": "CARR",
  "Weapons": [
    {
      "Link": "CARRGround",
      "Id": "CARRGround",
      "Icon": "btn-upgrades-upl-vehicleweapons-lvl0",
      "Name": "20mm Pulse Cannon",
      "Amount": 20,
      "AttributeBonus": {
        "Biological": 10
      },
      "Kind": "Ranged",
      "TargetFilters": "Ground",
      "Range": 5,
      "Period": 1.2
    },
    {
      "Link": "CARRAir",
      "Id": "CARRAir",
      "Icon": "btn-techupgrade-terran-missilepods",
      "Name": "AA Rockets",
      "Amount": 24,
      "Kind": "Ranged",
      "TargetFilters": "Air",
      "Range": 5,
      "Period": 1.2
    }
  ],
  "Behaviors": [
    {
      "Link": "CARRTracker",
      "Id": "CARRTracker"
    }
  ],
  "Upgrades": [
    {
      "Link": "UPLVehicleArmor",
      "Id": "UPLVehicleArmor",
      "Name": "UPL Vehicle Plating"
    },
    {
      "Link": "UPLVehicleWeapons",
      "Id": "UPLVehicleWeapons",
      "Name": "UPL Vehicle Weapons"
    },
    {
      "Link": "UPLVehiclePlatingLevel1",
      "Id": "UPLVehiclePlatingLevel1",
      "Icon": "btn-upgrades-upl-vehicleplating-lvl1",
      "Name": "UPL Vehicle Plating Level 1"
    },
    {
      "Link": "UPLVehiclePlatingLevel2",
      "Id": "UPLVehiclePlatingLevel2",
      "Icon": "btn-upgrades-upl-vehicleplating-lvl2",
      "Name": "UPL Vehicle Plating Level 2"
    },
    {
      "Link": "UPLVehiclePlatingLevel3",
      "Id": "UPLVehiclePlatingLevel3",
      "Icon": "btn-upgrades-upl-vehicleplating-lvl3",
      "Name": "UPL Vehicle Plating Level 3"
    },
    {
      "Link": "UPLVehicleWeaponsLevel1",
      "Id": "UPLVehicleWeaponsLevel1",
      "Icon": "btn-upgrades-upl-vehicleweapons-lvl1",
      "Name": "UPL Vehicle Weapons Level 1"
    },
    {
      "Link": "UPLVehicleWeaponsLevel2",
      "Id": "UPLVehicleWeaponsLevel2",
      "Icon": "btn-upgrades-upl-vehicleweapons-lvl2",
      "Name": "UPL Vehicle Weapons Level 2"
    },
    {
      "Link": "UPLVehicleWeaponsLevel3",
      "Id": "UPLVehicleWeaponsLevel3",
      "Icon": "btn-upgrades-upl-vehicleweapons-lvl3",
      "Name": "UPL Vehicle Weapons Level 3"
    }
  ],
  "Abilities": [
    {
      "Link": "stop",
      "Id": "stop",
      "Name": "Stop"
    },
    {
      "Link": "attack",
      "Id": "attack",
      "Name": "Attack"
    },
    {
      "Link": "move",
      "Id": "move",
      "Name": "Move"
    },
    {
      "Link": "CARRGrenadeLauncher",
      "Id": "CARRGrenadeLauncher",
      "Name": "Grenade Launcher"
    },
    {
      "Link": "CARRIllumination",
      "Id": "CARRIllumination",
      "Name": "Illumination"
    }
  ],
  "Requirements": [],
  "Production": [],
  "Producers": [
    {
      "Id": "UPLHeadquarters",
      "Icon": "btn-building-upl-uplheadquarters",
      "Description": "Primary structure. Used to receive gathered resources. <br/><br/><span style=\"color: #ffff8a\">Enables:</span><br/>- <b>Mining Drone</b><br/>- <b>CARR</b>",
      "Name": "Headquarters"
    }
  ],
  "Commands": [
    {
      "Id": "Move",
      "Icon": "btn-command-move",
      "Tooltip": "Orders selected units to move to the target area or follow the target unit. Moving units will not engage enemies.",
      "Name": "Move",
      "AbilCmd": "move,Move"
    },
    {
      "Id": "Stop",
      "Icon": "btn-command-stop",
      "Tooltip": "Orders selected units to cancel all orders and stop moving.",
      "Name": "Stop",
      "AbilCmd": "stop,Stop"
    },
    {
      "Id": "MoveHoldPosition",
      "Icon": "btn-command-holdposition",
      "Tooltip": "Orders selected units to stay where they are and attack enemies that are within range. Units will neither chase down enemies nor move to engage.",
      "Name": "Hold Position",
      "AbilCmd": "move,HoldPos"
    },
    {
      "Id": "MovePatrol",
      "Icon": "btn-command-patrol",
      "Tooltip": "Orders selected units to patrol between their current position and the target area. Units will attack enemies and move to engage nearby enemies.",
      "Name": "Patrol",
      "AbilCmd": "move,Patrol"
    },
    {
      "Id": "Attack",
      "Icon": "btn-command-attack",
      "Tooltip": "Orders selected units to move to the target point, fighting nearby enemies along the way. Targeting a unit with the Attack command orders that it be attacked until it is destroyed.",
      "Name": "Attack",
      "AbilCmd": "attack,Execute"
    },
    {
      "Id": "CARRGrenadeLauncher",
      "Icon": "btn-ability-upl-grenadelauncher",
      "Tooltip": "Deals <span style=\"color: #80FFFF\"><b>30</b> damage</span> <span style=\"color: #80FFFF\">60 vs armored</span>  in a <b>2</b> radius<br/><br/><c val=\"#ColorAttackInfo\">Can Target Ground units.</span>",
      "Name": "Grenade Launcher",
      "AbilCmd": "CARRGrenadeLauncher,Execute"
    },
    {
      "Id": "CARRIllumination",
      "Icon": "btn-ability-upl-flare",
      "Tooltip": "Reveals an area of the map. Lasts <b>30</b>.<br/><br/><span style=\"color: #ffff8a\">Needs vision of target area. The first round should always be fired close to CARR.</span>",
      "Name": "Magnesium Nitrate Flare",
      "AbilCmd": "CARRIllumination,Execute"
    }
  ]
}