{
  "Name": "Casnolisk Den",
  "Description": "Contains upgrades for various Xayid units.<br/><br/><span style=\"color: #FFFF80\">Enables:</span><br/>- Casnolisks from the Xayid Den",
  "DeathRevealFilters": "Visible;Player,Ally,Neutral,Missile,Dead,Hidden",
  "DeathRevealRadius": 3,
  "DeathRevealDuration": 4,
  "DeathRevealType": "Snapshot",
  "Race": "Xayi",
  "DefaultAcquireLevel": "Offensive",
  "Response": "Acquire",
  "ResourceState": "Unknown",
  "ResourceType": "Unknown",
  "LifeStart": 850,
  "LifeMax": 850,
  "LifeArmorName": "Xayid Structure Armor",
  "Mover": "Ground",
  "StationaryTurningRate": 720,
  "TurningRate": 720,
  "Radius": 1.25,
  "SeparationRadius": 0.5,
  "MinimapRadius": 1.5,
  "EditorCategories": {
    "ObjectType": "Structure",
    "ObjectFamily": "Melee"
  },
  "TacticalAIFilters": "-;Player,Ally,Neutral",
  "AIEvalFactor": 1,
  "Mass": 0.4,
  "FlagArray": [
    "Unclickable",
    "Unhighlightable",
    "Untooltipable",
    "KillCredit",
    "ShowResources",
    "ClearRallyOnTargetLost",
    "PlayerRevivable",
    "CameraFollow",
    "PreventDefeat",
    "PreventDestroy",
    "PenaltyRevealed",
    "UseLineOfSight",
    "TownAlert",
    "NoPortraitTalk",
    "ArmorDisabledWhileConstructing"
  ],
  "EditorFlags": [
    "BlockStructures"
  ],
  "PushPriority": 10,
  "LeaderAlias": "CasnoliskDen",
  "HotkeyAlias": "CasnoliskDen",
  "SelectAlias": "CasnoliskDen",
  "SubgroupAlias": "CasnoliskDen",
  "OccludeHeight": 0.75,
  "TacticalAI": "CasnoliskDen",
  "AIEvaluateAlias": "CasnoliskDen",
  "ReviveType": "CasnoliskDen",
  "PawnItemReduction": 1,
  "Fidget": {
    "DelayMax": 30,
    "DelayMin": 10,
    "DistanceMax": 4,
    "DistanceMin": 1,
    "TurnAngle": 90,
    "TurningRate": 90,
    "ChanceArray": {
      "Idle": 100
    }
  },
  "ReviveInfoBase": {
    "Charge": {
      "Link": "CasnoliskDen/Revive",
      "Location": "Unit"
    },
    "Cooldown": {
      "Link": "CasnoliskDen/Revive",
      "Location": "Unit"
    }
  },
  "InnerRadiusSafetyMultiplier": 1,
  "ArmorType": "Unknown",
  "FogVisibility": "Snapshot",
  "PlaneArray": [
    "Ground"
  ],
  "Collide": [
    "Burrow",
    "Ground",
    "Structure",
    "RoachBurrow",
    "ForceField"
  ],
  "Attributes": [
    "Armored",
    "Biological",
    "Structure"
  ],
  "LifeArmor": 1,
  "LifeRegenDelay": 3,
  "LifeRegenRate": 0.5,
  "Sight": 10,
  "CostCategory": "Technology",
  "ScoreResult": "BuildOrder",
  "HotkeyCategory": "Unit/Category/XayidUnits",
  "CostResource": {
    "Minerals": 150,
    "Vespene": 100
  },
  "CardLayouts": [
    {
      "LayoutButtons": [
        {
          "Face": "Cancel",
          "Type": "AbilCmd",
          "AbilCmd": "que5,CancelLast",
          "Row": 2,
          "Column": 4
        },
        {
          "Face": "CancelBuilding",
          "Type": "AbilCmd",
          "AbilCmd": "BuildInProgress,Cancel",
          "Row": 2,
          "Column": 4
        },
        {
          "Face": "MutateOcularAcuity",
          "Type": "AbilCmd",
          "AbilCmd": "CasnoliskDenResearch,Research4",
          "Row": 0,
          "Column": 1
        },
        {
          "Face": "MutateScorpaliskMetabolics",
          "Type": "AbilCmd",
          "AbilCmd": "CasnoliskDenResearch,Research2",
          "Row": 0,
          "Column": 2
        },
        {
          "Face": "MutateCalcifiedHusk",
          "Type": "AbilCmd",
          "AbilCmd": "CasnoliskDenResearch,Research5",
          "Row": 1,
          "Column": 0
        },
        {
          "Face": "MutateBileDucts",
          "Type": "AbilCmd",
          "AbilCmd": "CasnoliskDenResearch,Research6",
          "Row": 1,
          "Column": 1
        },
        {
          "Face": "MutatePersistentSpores",
          "Type": "AbilCmd",
          "AbilCmd": "CasnoliskDenResearch,Research3",
          "Row": 0,
          "Column": 3
        },
        {
          "Face": "MutateDexterousJoints",
          "Type": "AbilCmd",
          "AbilCmd": "CasnoliskDenResearch,Research7",
          "Row": 0,
          "Column": 0
        }
      ]
    }
  ],
  "Footprint": "Footprint3x3Xayid",
  "PlacementFootprint": "Footprint3x3Xayid",
  "TechTreeUnlockedUnitArray": [
    "Casnolisk",
    "Eroder"
  ],
  "ScoreMake": 250,
  "ScoreKill": 250,
  "SubgroupPriority": 35,
  "GlossaryPriority": 21,
  "AttackTargetPriority": 20,
  "Icon": "btn-building-xayid-casnoliskden",
  "LifeArmorIcon": "btn-upgrade-zerg-buildingarmor",
  "ShieldArmorIcon": "btn-upgrade-protoss-shieldslevel0",
  "Id": "CasnoliskDen",
  "Upgrades": [],
  "Abilities": [
    {
      "Link": "BuildInProgress",
      "Id": "BuildInProgress",
      "Name": "Build in Progress"
    },
    {
      "Link": "que5",
      "Id": "que5",
      "Name": "Queue (5)"
    },
    {
      "Link": "CasnoliskDenResearch",
      "Id": "CasnoliskDenResearch",
      "Name": "Casnolisk Den Research"
    }
  ],
  "Requirements": [
    {
      "Id": "MutagenChamber",
      "Icon": "btn-building-xayid-mutagenchambernew",
      "Description": "Contains upgrades for Xayid ground units.<br/><br/><span style=\"color: #FFFF80\">Enables:</span><br/>- Roamers from the Xayid Den<br/>- Scorpalisks from the Xayid Den<br/>- Mendlings from the Xayid Den",
      "Name": "Mutagen Chamber"
    }
  ],
  "Production": [
    {
      "Id": "OcularAcuity",
      "Icon": "btn-upgrade-xayid-ocularacuity",
      "Name": "Ocular Acuity"
    },
    {
      "Id": "ScorpaliskMetabolics",
      "Icon": "btn-upgrade-xayid-scorpaliskmetabolics",
      "Name": "Scorpalisk Metabolics"
    },
    {
      "Id": "CalcifiedHusk",
      "Icon": "btn-upgrade-xayid-calcifiedhusk",
      "Name": "Calcified Husk"
    },
    {
      "Id": "BileDucts",
      "Icon": "btn-upgrade-zerg-bileducts",
      "Name": "Bile Ducts"
    },
    {
      "Id": "PersistentSpores",
      "Icon": "btn-ability-xayid-coveringspray",
      "Name": "Persistent Spores"
    },
    {
      "Id": "DexterousJoints",
      "Icon": "btn-upgrade-xayid-dexterousjoints",
      "Name": "Dexterous Joints"
    }
  ],
  "Producers": [
    {
      "Id": "Scavenger",
      "Icon": "btn-unit-xayid-scavenger",
      "Description": "Basic builder and worker unit.<br/><br/><span style=\"color: #FFFF80\">Can attack ground units.</span>",
      "Name": "Scavenger"
    }
  ],
  "Commands": [
    {
      "Id": "Cancel",
      "Icon": "btn-command-cancel",
      "Tooltip": "Drops the current order without performing it, and allows you to select a different order.",
      "Name": "Cancel",
      "AbilCmd": "que5,CancelLast"
    },
    {
      "Id": "CancelBuilding",
      "Icon": "btn-command-cancel",
      "Tooltip": "Cancels construction of this structure, destroying the structure and giving a partial refund.",
      "Name": "Cancel",
      "AbilCmd": "BuildInProgress,Cancel"
    },
    {
      "Id": "MutateOcularAcuity",
      "Icon": "btn-upgrade-xayid-ocularacuity",
      "Tooltip": "Increases <span style=\"color: #FFFF80\">Xayidlings</span> weapon range by 1 and attack damage by 1.",
      "Name": "Mutate Ocular Acuity",
      "AbilCmd": "CasnoliskDenResearch,Research4"
    },
    {
      "Id": "MutateScorpaliskMetabolics",
      "Icon": "btn-upgrade-xayid-scorpaliskmetabolics",
      "Tooltip": "Increases the movement speed of <span style=\"color: #FFFF80\">Scorpalisks</span> by 30%.",
      "Name": "Mutate Scorpalisk Metabolics",
      "AbilCmd": "CasnoliskDenResearch,Research2"
    },
    {
      "Id": "MutateCalcifiedHusk",
      "Icon": "btn-upgrade-xayid-calcifiedhusk",
      "Tooltip": "Increases the <span style=\"color: #FFFF80\">Roamers</span> maximum health by 20.",
      "Name": "Mutate Calcified Husk",
      "AbilCmd": "CasnoliskDenResearch,Research5"
    },
    {
      "Id": "MutateBileDucts",
      "Icon": "btn-upgrade-zerg-bileducts",
      "Tooltip": "Improves <span style=\"color: #FFFF80\">Roamer</span> attack speed by 25%, and weapon range by 2.",
      "Name": "Mutate Bile Ducts",
      "AbilCmd": "CasnoliskDenResearch,Research6"
    },
    {
      "Id": "MutatePersistentSpores",
      "Icon": "btn-ability-xayid-coveringspray",
      "Tooltip": "Increases the duration of the <span style=\"color: #FFFF80\">Mendling</span> Covering Spray to <b>56</b> seconds.",
      "Name": "Mutate Persistent Spores",
      "AbilCmd": "CasnoliskDenResearch,Research3"
    },
    {
      "Id": "MutateDexterousJoints",
      "Icon": "btn-upgrade-xayid-dexterousjoints",
      "Tooltip": "Decreases <span style=\"color: #FFFF80\">Xayidlings</span> Dash ability cooldown by 5 seconds.",
      "Name": "Mutate Dexterous Joints",
      "AbilCmd": "CasnoliskDenResearch,Research7"
    }
  ]
}