{
  "Name": "Casnolisk",
  "Description": "Armored spell caster. Can use Stagnating Bile and Explosive Glob.",
  "DeathRevealFilters": "Visible;Player,Ally,Neutral,Missile,Dead,Hidden",
  "DeathRevealRadius": 3,
  "DeathRevealDuration": 4,
  "DeathRevealType": "Snapshot",
  "Race": "Xayi",
  "DefaultAcquireLevel": "Offensive",
  "Response": "Acquire",
  "ResourceState": "Unknown",
  "ResourceType": "Unknown",
  "LifeStart": 135,
  "LifeMax": 135,
  "LifeArmorName": "Xayid Ground Carapace",
  "Mover": "Ground",
  "StationaryTurningRate": 720,
  "TurningRate": 720,
  "Radius": 0.6875,
  "SeparationRadius": 0.6875,
  "MinimapRadius": 0.6875,
  "EditorCategories": {
    "ObjectType": "Unit",
    "ObjectFamily": "Melee"
  },
  "TacticalAIFilters": "-;Player,Ally,Neutral",
  "AIEvalFactor": 1,
  "Mass": 0.4,
  "FlagArray": [
    "Turnable",
    "Movable",
    "Unclickable",
    "Unhighlightable",
    "Untooltipable",
    "KillCredit",
    "ShowResources",
    "ClearRallyOnTargetLost",
    "PlayerRevivable",
    "CameraFollow",
    "PreventDestroy",
    "UseLineOfSight",
    "ArmySelect",
    "AlwaysThreatens",
    "AISplash",
    "AIHighPrioTarget",
    "AICaster",
    "AISupport",
    "AIPressForwardDisabled"
  ],
  "EditorFlags": [
    "BlockStructures"
  ],
  "PushPriority": 10,
  "LeaderAlias": "Casnolisk",
  "HotkeyAlias": "Casnolisk",
  "SelectAlias": "Casnolisk",
  "SubgroupAlias": "Casnolisk",
  "OccludeHeight": 0.75,
  "TacticalAI": "Casnolisk",
  "AIEvaluateAlias": "Casnolisk",
  "ReviveType": "Casnolisk",
  "PawnItemReduction": 1,
  "Fidget": {
    "DelayMax": 30,
    "DelayMin": 10,
    "DistanceMax": 4,
    "DistanceMin": 1,
    "TurnAngle": 90,
    "TurningRate": 90,
    "ChanceArray": {
      "Idle": 100
    }
  },
  "ReviveInfoBase": {
    "Charge": {
      "Link": "Casnolisk/Revive",
      "Location": "Unit"
    },
    "Cooldown": {
      "Link": "Casnolisk/Revive",
      "Location": "Unit"
    }
  },
  "InnerRadiusSafetyMultiplier": 1,
  "ArmorType": "Unknown",
  "Acceleration": 1000,
  "Attributes": [
    "Biological",
    "Armored",
    "Psionic"
  ],
  "AttackTargetPriority": 20,
  "CardLayouts": [
    {
      "LayoutButtons": [
        {
          "Face": "Move",
          "Type": "AbilCmd",
          "AbilCmd": "move,Move",
          "Row": 0,
          "Column": 0
        },
        {
          "Face": "Stop",
          "Type": "AbilCmd",
          "AbilCmd": "stop,Stop",
          "Row": 0,
          "Column": 1
        },
        {
          "Face": "MoveHoldPosition",
          "Type": "AbilCmd",
          "AbilCmd": "move,HoldPos",
          "Row": 0,
          "Column": 2
        },
        {
          "Face": "MovePatrol",
          "Type": "AbilCmd",
          "AbilCmd": "move,Patrol",
          "Row": 0,
          "Column": 3
        },
        {
          "Face": "Attack",
          "Type": "AbilCmd",
          "AbilCmd": "attack,Execute",
          "Row": 0,
          "Column": 4
        },
        {
          "Face": "AcquireMove",
          "Type": "AbilCmd",
          "AbilCmd": "move,AcquireMove",
          "Row": 0,
          "Column": 4
        },
        {
          "Face": "StagnatingBile",
          "Type": "AbilCmd",
          "AbilCmd": "StagnatingBile,Execute",
          "Row": 2,
          "Column": 0
        },
        {
          "Face": "ExplosiveGlob",
          "Type": "AbilCmd",
          "AbilCmd": "ExplosiveGlob,Execute",
          "Row": 2,
          "Column": 1
        }
      ]
    }
  ],
  "PlaneArray": [
    "Ground"
  ],
  "Collide": [
    "Ground",
    "ForceField"
  ],
  "LifeRegenDelay": 3,
  "LifeRegenRate": 0.5,
  "Sight": 9,
  "CostCategory": "Army",
  "ScoreResult": "BuildOrder",
  "GlossaryCategory": "Unit/Category/XayidUnits",
  "HotkeyCategory": "Unit/Category/XayidUnits",
  "ScoreKillCostFactor": {
    "Minerals": 1,
    "Vespene": 1
  },
  "ScoreMakeCostFactor": {
    "Minerals": 1,
    "Vespene": 1
  },
  "LifeArmor": 1,
  "EnergyStart": 50,
  "EnergyMax": 200,
  "EnergyRegenRate": 0.5625,
  "Speed": 2.5,
  "Food": -3,
  "CostResource": {
    "Minerals": 100,
    "Vespene": 150
  },
  "InnerRadius": 0.5,
  "CargoSize": 4,
  "SubgroupPriority": 80,
  "GlossaryPriority": 7,
  "KillDisplay": "Always",
  "GlossaryAlias": "Casnolisk",
  "Icon": "btn-unit-xayid-casnolisk",
  "LifeArmorIcon": "btn-upgrade-xayid-organiccarapace-level0",
  "ShieldArmorIcon": "btn-upgrade-protoss-shieldslevel0",
  "Id": "Casnolisk",
  "Upgrades": [
    {
      "Link": "XayidGroundCarapace",
      "Id": "XayidGroundCarapace",
      "Name": "Xayid Ground Carapace"
    },
    {
      "Link": "XayidGroundCarapaceLevel1",
      "Id": "XayidGroundCarapaceLevel1",
      "Icon": "btn-upgrade-xayid-organiccarapace-level1",
      "Name": "Xayid Ground Carapace Level 1"
    },
    {
      "Link": "XayidGroundCarapaceLevel2",
      "Id": "XayidGroundCarapaceLevel2",
      "Icon": "btn-upgrade-xayid-organiccarapace-level2",
      "Name": "Xayid Ground Carapace Level 2"
    },
    {
      "Link": "XayidGroundCarapaceLevel3",
      "Id": "XayidGroundCarapaceLevel3",
      "Icon": "btn-upgrade-xayid-organiccarapace-level3",
      "Name": "Xayid Ground Carapace Level 3"
    }
  ],
  "Abilities": [
    {
      "Link": "move",
      "Id": "move",
      "Name": "Move"
    },
    {
      "Link": "stop",
      "Id": "stop",
      "Name": "Stop"
    },
    {
      "Link": "CoveringSpray",
      "Id": "CoveringSpray",
      "Name": "Covering Spray"
    },
    {
      "Link": "ExplosiveGlob",
      "Id": "ExplosiveGlob",
      "Name": "Explosive Glob"
    },
    {
      "Link": "StagnatingBile",
      "Id": "StagnatingBile",
      "Name": "Stagnating Bile"
    }
  ],
  "Requirements": [
    {
      "Id": "CasnoliskDen",
      "Icon": "btn-building-xayid-casnoliskden",
      "Description": "Contains upgrades for various Xayid units.<br/><br/><span style=\"color: #FFFF80\">Enables:</span><br/>- Casnolisks from the Xayid Den",
      "Name": "Casnolisk Den"
    }
  ],
  "Production": [],
  "Producers": [
    {
      "Id": "Worm",
      "Icon": "btn-unit-zerg-larvalqueen",
      "Description": "Can mutate into various Xayid ground units.",
      "Name": "Worm"
    }
  ],
  "Commands": [
    {
      "Id": "Move",
      "Icon": "btn-command-move",
      "Tooltip": "Orders selected units to move to the target area or follow the target unit. Moving units will not engage enemies.",
      "Name": "Move",
      "AbilCmd": "move,Move"
    },
    {
      "Id": "Stop",
      "Icon": "btn-command-stop",
      "Tooltip": "Orders selected units to cancel all orders and stop moving.",
      "Name": "Stop",
      "AbilCmd": "stop,Stop"
    },
    {
      "Id": "MoveHoldPosition",
      "Icon": "btn-command-holdposition",
      "Tooltip": "Orders selected units to stay where they are and attack enemies that are within range. Units will neither chase down enemies nor move to engage.",
      "Name": "Hold Position",
      "AbilCmd": "move,HoldPos"
    },
    {
      "Id": "MovePatrol",
      "Icon": "btn-command-patrol",
      "Tooltip": "Orders selected units to patrol between their current position and the target area. Units will attack enemies and move to engage nearby enemies.",
      "Name": "Patrol",
      "AbilCmd": "move,Patrol"
    },
    {
      "Id": "Attack",
      "Icon": "btn-command-attack",
      "Tooltip": "Orders selected units to move to the target point, fighting nearby enemies along the way. Targeting a unit with the Attack command orders that it be attacked until it is destroyed.",
      "Name": "Attack",
      "AbilCmd": "attack,Execute"
    },
    {
      "Id": "AcquireMove",
      "Icon": "btn-command-attack",
      "Tooltip": "Orders selected units to move to the target area or follow the target unit. Scan-moving units will not engage enemies.",
      "Name": "Scan Move",
      "AbilCmd": "move,AcquireMove"
    },
    {
      "Id": "StagnatingBile",
      "Icon": "btn-ability-xayid-stagnatingbile",
      "Tooltip": "Lobs bile at a point, stunning units in it's impact area for <b>7</b> seconds.",
      "Name": "Stagnating Bile",
      "AbilCmd": "StagnatingBile,Execute"
    },
    {
      "Id": "ExplosiveGlob",
      "Icon": "btn-ability-xayid-explosiveglob",
      "Tooltip": "Rolls out a glob containing explosive acids. Deals 60 damage on impact in an area, while also knocking back affected units.",
      "Name": "Explosive Glob",
      "AbilCmd": "ExplosiveGlob,Execute"
    }
  ]
}