{
  "Name": "Catalyst Pit",
  "Description": "Contains various upgrades for Xayid fliers.<br/><br/><span style=\"color: #FFFF80\">Enables:</span><br/>- Exterminators from the Avian Nest<br/>- Xayithoans from the Avian Nest",
  "DeathRevealFilters": "Visible;Player,Ally,Neutral,Missile,Dead,Hidden",
  "DeathRevealRadius": 3,
  "DeathRevealDuration": 4,
  "DeathRevealType": "Snapshot",
  "Race": "Xayi",
  "DefaultAcquireLevel": "Offensive",
  "Response": "Acquire",
  "ResourceState": "Unknown",
  "ResourceType": "Unknown",
  "LifeStart": 1000,
  "LifeMax": 1000,
  "LifeArmorName": "Xayid Structure Armor",
  "Mover": "Ground",
  "StationaryTurningRate": 720,
  "TurningRate": 720,
  "Radius": 1.25,
  "SeparationRadius": 0.5,
  "MinimapRadius": 1.5,
  "EditorCategories": {
    "ObjectType": "Structure",
    "ObjectFamily": "Melee"
  },
  "TacticalAIFilters": "-;Player,Ally,Neutral",
  "AIEvalFactor": 1,
  "Mass": 0.4,
  "FlagArray": [
    "Unclickable",
    "Unhighlightable",
    "Untooltipable",
    "KillCredit",
    "ShowResources",
    "ClearRallyOnTargetLost",
    "PlayerRevivable",
    "CameraFollow",
    "PreventDefeat",
    "PreventDestroy",
    "PenaltyRevealed",
    "UseLineOfSight",
    "TownAlert",
    "NoPortraitTalk",
    "ArmorDisabledWhileConstructing"
  ],
  "EditorFlags": [
    "BlockStructures"
  ],
  "PushPriority": 10,
  "LeaderAlias": "CatalystPit",
  "HotkeyAlias": "CatalystPit",
  "SelectAlias": "CatalystPit",
  "SubgroupAlias": "CatalystPit",
  "OccludeHeight": 0.75,
  "TacticalAI": "CatalystPit",
  "AIEvaluateAlias": "CatalystPit",
  "ReviveType": "CatalystPit",
  "PawnItemReduction": 1,
  "Fidget": {
    "DelayMax": 30,
    "DelayMin": 10,
    "DistanceMax": 4,
    "DistanceMin": 1,
    "TurnAngle": 90,
    "TurningRate": 90,
    "ChanceArray": {
      "Idle": 100
    }
  },
  "ReviveInfoBase": {
    "Charge": {
      "Link": "CatalystPit/Revive",
      "Location": "Unit"
    },
    "Cooldown": {
      "Link": "CatalystPit/Revive",
      "Location": "Unit"
    }
  },
  "InnerRadiusSafetyMultiplier": 1,
  "ArmorType": "Unknown",
  "FogVisibility": "Snapshot",
  "PlaneArray": [
    "Ground"
  ],
  "Collide": [
    "Burrow",
    "Ground",
    "Structure",
    "RoachBurrow",
    "ForceField"
  ],
  "Attributes": [
    "Armored",
    "Biological",
    "Structure"
  ],
  "LifeArmor": 1,
  "LifeRegenDelay": 3,
  "LifeRegenRate": 0.5,
  "Sight": 10,
  "CostCategory": "Technology",
  "ScoreResult": "BuildOrder",
  "HotkeyCategory": "Unit/Category/XayidUnits",
  "Facing": 45,
  "CostResource": {
    "Minerals": 100,
    "Vespene": 100
  },
  "CardLayouts": [
    {
      "LayoutButtons": [
        {
          "Face": "Cancel",
          "Type": "AbilCmd",
          "AbilCmd": "que5,CancelLast",
          "Row": 2,
          "Column": 4
        },
        {
          "Face": "CancelBuilding",
          "Type": "AbilCmd",
          "AbilCmd": "BuildInProgress,Cancel",
          "Row": 2,
          "Column": 4
        },
        {
          "Face": "MutateFlyerAttacks",
          "Type": "AbilCmd",
          "AbilCmd": "CatalystPitResearch,Research1",
          "Row": 0,
          "Column": 0
        },
        {
          "Face": "MutateFlyerAttacksLevel2",
          "Type": "AbilCmd",
          "AbilCmd": "CatalystPitResearch,Research2",
          "Row": 0,
          "Column": 0
        },
        {
          "Face": "MutateFlyerAttacksLevel3",
          "Type": "AbilCmd",
          "AbilCmd": "CatalystPitResearch,Research3",
          "Row": 0,
          "Column": 0
        },
        {
          "Face": "MutateFlyerCarapace",
          "Type": "AbilCmd",
          "AbilCmd": "CatalystPitResearch,Research4",
          "Row": 0,
          "Column": 1
        },
        {
          "Face": "MutateFlyerCarapaceLevel2",
          "Type": "AbilCmd",
          "AbilCmd": "CatalystPitResearch,Research5",
          "Row": 0,
          "Column": 1
        },
        {
          "Face": "MutateFlyerCarapaceLevel3",
          "Type": "AbilCmd",
          "AbilCmd": "CatalystPitResearch,Research6",
          "Row": 0,
          "Column": 1
        }
      ]
    }
  ],
  "Footprint": "Footprint3x3Xayid",
  "PlacementFootprint": "Footprint3x3Xayid",
  "ScoreMake": 200,
  "ScoreKill": 200,
  "TechTreeUnlockedUnitArray": [
    "Exterminator",
    "Xayithoan"
  ],
  "SubgroupPriority": 33,
  "GlossaryPriority": 25,
  "Icon": "btn-building-xayid-catalystpit",
  "LifeArmorIcon": "btn-upgrade-zerg-buildingarmor",
  "ShieldArmorIcon": "btn-upgrade-protoss-shieldslevel0",
  "Id": "CatalystPit",
  "Upgrades": [],
  "Abilities": [
    {
      "Link": "BuildInProgress",
      "Id": "BuildInProgress",
      "Name": "Build in Progress"
    },
    {
      "Link": "que5",
      "Id": "que5",
      "Name": "Queue (5)"
    },
    {
      "Link": "CatalystPitResearch",
      "Id": "CatalystPitResearch",
      "Name": "Catalyst Pit Research"
    }
  ],
  "Requirements": [
    {
      "Id": "AvianNest",
      "Icon": "btn-building-xayid-aviannest",
      "Description": "Creates Wasps, which are mutated into Xayid flyers.<br/><br/><span style=\"color: #FFFF80\">Enables:</span><br/>- Raptors<br/>- Assailants",
      "Name": "Avian Nest"
    }
  ],
  "Production": [
    {
      "Id": "XayidFlyerAttacksLevel1",
      "Icon": "btn-upgrade-xayid-airweaponslevel1",
      "Name": "Xayid Flyer Attacks Level 1"
    },
    {
      "Id": "XayidFlyerAttacksLevel2",
      "Icon": "btn-upgrade-xayid-airweaponslevel2",
      "Name": "Xayid Flyer Attacks Level 2"
    },
    {
      "Id": "XayidFlyerAttacksLevel3",
      "Icon": "btn-upgrade-xayid-airweaponslevel3",
      "Name": "Xayid Flyer Attacks Level 3"
    },
    {
      "Id": "XayidFlyerCarapaceLevel1",
      "Icon": "btn-upgrade-xayid-airarmorlevel1",
      "Name": "Xayid Flyer Carapace Level 1"
    },
    {
      "Id": "XayidFlyerCarapaceLevel2",
      "Icon": "btn-upgrade-xayid-airarmorlevel2",
      "Name": "Xayid Flyer Carapace Level 2"
    },
    {
      "Id": "XayidFlyerCarapaceLevel3",
      "Icon": "btn-upgrade-xayid-airarmorlevel3",
      "Name": "Xayid Flyer Carapace Level 3"
    }
  ],
  "Producers": [
    {
      "Id": "Scavenger",
      "Icon": "btn-unit-xayid-scavenger",
      "Description": "Basic builder and worker unit.<br/><br/><span style=\"color: #FFFF80\">Can attack ground units.</span>",
      "Name": "Scavenger"
    }
  ],
  "Commands": [
    {
      "Id": "Cancel",
      "Icon": "btn-command-cancel",
      "Tooltip": "Drops the current order without performing it, and allows you to select a different order.",
      "Name": "Cancel",
      "AbilCmd": "que5,CancelLast"
    },
    {
      "Id": "CancelBuilding",
      "Icon": "btn-command-cancel",
      "Tooltip": "Cancels construction of this structure, destroying the structure and giving a partial refund.",
      "Name": "Cancel",
      "AbilCmd": "BuildInProgress,Cancel"
    },
    {
      "Id": "MutateFlyerAttacks",
      "Icon": "btn-upgrade-xayid-airweaponslevel1",
      "Tooltip": "Upgrades the attacks of all Xayid air units.",
      "Name": "Mutate Flyer Attacks Level 1",
      "AbilCmd": "CatalystPitResearch,Research1"
    },
    {
      "Id": "MutateFlyerAttacksLevel2",
      "Icon": "btn-upgrade-xayid-airweaponslevel2",
      "Tooltip": "Further upgrades the attacks of all Xayid air units.",
      "Name": "Mutate Flyer Attacks Level 2",
      "AbilCmd": "CatalystPitResearch,Research2"
    },
    {
      "Id": "MutateFlyerAttacksLevel3",
      "Icon": "btn-upgrade-xayid-airweaponslevel3",
      "Tooltip": "Maximizes the attacks of all Xayid air units.",
      "Name": "Mutate Flyer Attacks Level 3",
      "AbilCmd": "CatalystPitResearch,Research3"
    },
    {
      "Id": "MutateFlyerCarapace",
      "Icon": "btn-upgrade-xayid-airarmorlevel1",
      "Tooltip": "Upgrades the armor of all Xayid air units.",
      "Name": "Mutate Flyer Carapace Level 1",
      "AbilCmd": "CatalystPitResearch,Research4"
    },
    {
      "Id": "MutateFlyerCarapaceLevel2",
      "Icon": "btn-upgrade-xayid-airarmorlevel2",
      "Tooltip": "Further upgrades the armor of all Xayid air units.",
      "Name": "Mutate Flyer Carapace Level 2",
      "AbilCmd": "CatalystPitResearch,Research5"
    },
    {
      "Id": "MutateFlyerCarapaceLevel3",
      "Icon": "btn-upgrade-xayid-airarmorlevel3",
      "Tooltip": "Maximizes the armor of all Xayid air units.",
      "Name": "Mutate Flyer Carapace Level 3",
      "AbilCmd": "CatalystPitResearch,Research6"
    }
  ]
}