{
  "DeathRevealFilters": "Visible;Player,Ally,Neutral,Missile,Dead,Hidden",
  "DeathRevealRadius": 3,
  "DeathRevealDuration": 4,
  "DeathRevealType": "Snapshot",
  "Race": "Gen",
  "DefaultAcquireLevel": "Offensive",
  "Response": "Acquire",
  "ResourceState": "Unknown",
  "ResourceType": "Unknown",
  "LifeStart": 1,
  "LifeMax": 1,
  "LifeArmorName": "None",
  "Mover": "Ground",
  "StationaryTurningRate": 720,
  "TurningRate": 720,
  "Radius": 0.5,
  "SeparationRadius": 0.5,
  "MinimapRadius": 0.5,
  "EditorCategories": {
    "ObjectType": "Other",
    "ObjectFamily": "Melee"
  },
  "TacticalAIFilters": "-;Player,Ally,Neutral",
  "AIEvalFactor": 1,
  "Mass": 0.4,
  "FlagArray": [
    "PreventDestroy",
    "UseLineOfSight"
  ],
  "PushPriority": 10,
  "LeaderAlias": "CBaseGenetron",
  "HotkeyAlias": "CBaseGenetron",
  "SelectAlias": "CBaseGenetron",
  "SubgroupAlias": "CBaseGenetron",
  "OccludeHeight": 0.75,
  "TacticalAI": "CBaseGenetron",
  "AIEvaluateAlias": "CBaseGenetron",
  "ReviveType": "CBaseGenetron",
  "PawnItemReduction": 1,
  "Fidget": {
    "DelayMax": 30,
    "DelayMin": 10,
    "DistanceMax": 4,
    "DistanceMin": 1,
    "TurnAngle": 90,
    "TurningRate": 90,
    "ChanceArray": {
      "Idle": 100
    }
  },
  "ReviveInfoBase": {
    "Charge": {
      "Link": "CBaseGenetron/Revive",
      "Location": "Unit"
    },
    "Cooldown": {
      "Link": "CBaseGenetron/Revive",
      "Location": "Unit"
    }
  },
  "InnerRadiusSafetyMultiplier": 1,
  "ArmorType": "Unknown",
  "Collide": [
    "Ground",
    "ForceField"
  ],
  "Attributes": [
    "Mechanical"
  ],
  "LifeArmor": 1,
  "ScoreResult": "BuildOrder",
  "GlossaryAlias": "CBaseGenetron",
  "PlaneArray": [
    "Ground"
  ],
  "Sight": 9,
  "AttackTargetPriority": 11,
  "GlossaryCategory": "Unit/Category/GenetronUnits",
  "HotkeyCategory": "Unit/Category/GenetronUnits",
  "ScoreMakeCostFactor": {
    "Minerals": 1,
    "Vespene": 1
  },
  "ScoreKillCostFactor": {
    "Minerals": 1,
    "Vespene": 1
  },
  "Id": "CBaseGenetron",
  "Upgrades": [],
  "Requirements": [],
  "Production": [],
  "Producers": [],
  "Commands": []
}