{
  "Name": "Changeling",
  "Description": "Powerful melee warrior.<br/><br/><span style=\"color: #ffff8a\">Can attack ground units.</span>",
  "DeathRevealFilters": "Visible;Player,Ally,Neutral,Missile,Dead,Hidden",
  "DeathRevealRadius": 3,
  "DeathRevealDuration": 4,
  "DeathRevealType": "Snapshot",
  "Race": "Zerg",
  "DefaultAcquireLevel": "Offensive",
  "Response": "Acquire",
  "ResourceState": "Unknown",
  "ResourceType": "Unknown",
  "LifeStart": 100,
  "LifeMax": 100,
  "LifeArmorName": "Protoss Armor",
  "Mover": "Ground",
  "StationaryTurningRate": 999.8437,
  "TurningRate": 999.8437,
  "Radius": 0.5,
  "SeparationRadius": 0.375,
  "MinimapRadius": 0.375,
  "TacticalAIFilters": "-;Player,Ally,Neutral",
  "AIEvalFactor": 1,
  "Mass": 0.4,
  "FlagArray": [
    "NoScore",
    "AILifetime",
    "AIChangeling"
  ],
  "PushPriority": 10,
  "LeaderAlias": "Changeling",
  "HotkeyAlias": "Changeling",
  "SelectAlias": "Changeling",
  "SubgroupAlias": "Changeling",
  "OccludeHeight": 0.75,
  "TacticalAI": "Zealot",
  "AIEvaluateAlias": "Zealot",
  "ReviveType": "Zealot",
  "PawnItemReduction": 1,
  "Fidget": {
    "DelayMax": 30,
    "DelayMin": 10,
    "DistanceMax": 4,
    "DistanceMin": 1,
    "TurnAngle": 90,
    "TurningRate": 90,
    "ChanceArray": {
      "Idle": 70,
      "Anim": 20,
      "Turn": 10
    }
  },
  "ReviveInfoBase": {
    "Charge": {
      "Link": "Zealot/Revive",
      "Location": "Unit"
    },
    "Cooldown": {
      "Link": "Zealot/Revive",
      "Location": "Unit"
    }
  },
  "InnerRadiusSafetyMultiplier": 1,
  "ArmorType": "Unknown",
  "Mob": "Multiplayer",
  "LifeArmor": 1,
  "ShieldsStart": 50,
  "ShieldsMax": 50,
  "ShieldRegenRate": 0.5,
  "ShieldArmorName": "Protoss Plasma Shields",
  "Speed": 2.25,
  "Acceleration": 1000,
  "LateralAcceleration": 46.0625,
  "Food": 0,
  "AttackTargetPriority": 20,
  "DamageDealtXP": 1,
  "DamageTakenXP": 1,
  "KillXP": 20,
  "InnerRadius": 0.375,
  "CargoSize": 0,
  "ScoreMake": 0,
  "ScoreKill": 0,
  "ScoreResult": "BuildOrder",
  "SubgroupPriority": 64,
  "Collide": [
    "Locust"
  ],
  "Sight": 9,
  "CardLayouts": [
    {
      "LayoutButtons": [
        {
          "Face": "Move",
          "Type": "AbilCmd",
          "AbilCmd": "move,Move",
          "Row": 0,
          "Column": 0
        },
        {
          "Face": "Stop",
          "Type": "AbilCmd",
          "AbilCmd": "stop,Stop",
          "Row": 0,
          "Column": 1
        },
        {
          "Face": "MoveHoldPosition",
          "Type": "AbilCmd",
          "AbilCmd": "move,HoldPos",
          "Row": 0,
          "Column": 2
        },
        {
          "Face": "Attack",
          "Type": "AbilCmd",
          "AbilCmd": "attack,Execute",
          "Row": 0,
          "Column": 4
        },
        {
          "Face": "AcquireMove",
          "Type": "AbilCmd",
          "AbilCmd": "move,AcquireMove",
          "Row": 0,
          "Column": 4
        },
        {
          "Face": "MovePatrol",
          "Type": "AbilCmd",
          "AbilCmd": "move,Patrol",
          "Row": 0,
          "Column": 3
        }
      ]
    }
  ],
  "GlossaryCategory": "",
  "HotkeyCategory": "",
  "GlossaryPriority": 0,
  "CostCategory": "Army",
  "CostResource": {
    "Minerals": 0
  },
  "GlossaryStrongArray": [
    "Zergling"
  ],
  "GlossaryWeakArray": [
    "Roach"
  ],
  "ShieldRegenDelay": 0,
  "TauntDuration": {
    "Cheer": 5,
    "Dance": 5
  },
  "Icon": "btn-unit-protoss-zealot",
  "LifeArmorIcon": "btn-upgrade-protoss-groundarmorlevel0",
  "ShieldArmorIcon": "btn-upgrade-protoss-shieldslevel0",
  "TacticalAIThink": "AIThinkChangelingZealot",
  "Id": "ChangelingZealot",
  "Weapons": [
    {
      "Link": "PsiBlades",
      "Id": "PsiBlades",
      "Icon": "btn-upgrade-protoss-groundweaponslevel0",
      "Name": "Psi Blades",
      "Amount": {
        "value": 8
      },
      "Kind": "Melee",
      "DisplayAttackCount": 2,
      "TargetFilters": "Ground",
      "Range": 0.1,
      "Period": 1.2
    }
  ],
  "Behaviors": [
    {
      "Link": "ChangelingDisable",
      "Id": "ChangelingDisable"
    }
  ],
  "Upgrades": [],
  "Abilities": [
    {
      "Link": "stop",
      "Id": "stop",
      "Name": "Stop"
    },
    {
      "Link": "move",
      "Id": "move",
      "Name": "Move"
    },
    {
      "Link": "Warpable",
      "Id": "Warpable",
      "Name": "Warpable"
    },
    {
      "Link": "Charge",
      "Id": "Charge",
      "Name": "Charge"
    }
  ],
  "Requirements": [],
  "Production": [],
  "Producers": [],
  "Commands": [
    {
      "Id": "Move",
      "Icon": "btn-command-move",
      "Tooltip": "Orders selected units to move to the target area or follow the target unit. Moving units will not engage enemies.",
      "Name": "Move",
      "AbilCmd": "move,Move"
    },
    {
      "Id": "Stop",
      "Icon": "btn-command-stop",
      "Tooltip": "Orders selected units to cancel all orders and stop moving.",
      "Name": "Stop",
      "AbilCmd": "stop,Stop"
    },
    {
      "Id": "MoveHoldPosition",
      "Icon": "btn-command-holdposition",
      "Tooltip": "Orders selected units to stay where they are and attack enemies that are within range. Units will neither chase down enemies nor move to engage.",
      "Name": "Hold Position",
      "AbilCmd": "move,HoldPos"
    },
    {
      "Id": "Attack",
      "Icon": "btn-command-attack",
      "Tooltip": "Orders selected units to move to the target point, fighting nearby enemies along the way. Targeting a unit with the Attack command orders that it be attacked until it is destroyed.",
      "Name": "Attack",
      "AbilCmd": "attack,Execute"
    },
    {
      "Id": "AcquireMove",
      "Icon": "btn-command-attack",
      "Tooltip": "Orders selected units to move to the target area or follow the target unit. Scan-moving units will not engage enemies.",
      "Name": "Scan Move",
      "AbilCmd": "move,AcquireMove"
    },
    {
      "Id": "MovePatrol",
      "Icon": "btn-command-patrol",
      "Tooltip": "Orders selected units to patrol between their current position and the target area. Units will attack enemies and move to engage nearby enemies.",
      "Name": "Patrol",
      "AbilCmd": "move,Patrol"
    }
  ]
}