{
  "Name": "Changeling",
  "Description": "Fast melee creature. Can morph into a Baneling.<br/><br/><span style=\"color: #FFFF8A\">Can attack ground units.</span>",
  "DeathRevealFilters": "Visible;Player,Ally,Neutral,Missile,Dead,Hidden",
  "DeathRevealRadius": 3,
  "DeathRevealDuration": 4,
  "DeathRevealType": "Snapshot",
  "Race": "Zerg",
  "DefaultAcquireLevel": "Offensive",
  "Response": "Acquire",
  "ResourceState": "Unknown",
  "ResourceType": "Unknown",
  "LifeStart": 35,
  "LifeMax": 35,
  "LifeArmorName": "Zerg Ground Carapace",
  "Mover": "Ground",
  "StationaryTurningRate": 999.8437,
  "TurningRate": 999.8437,
  "Radius": 0.375,
  "SeparationRadius": 0.375,
  "MinimapRadius": 0.375,
  "TacticalAIFilters": "-;Player,Ally,Neutral",
  "AIEvalFactor": 1,
  "Mass": 0.4,
  "FlagArray": [
    "NoScore",
    "AILifetime",
    "AIChangeling"
  ],
  "PushPriority": 10,
  "LeaderAlias": "Changeling",
  "HotkeyAlias": "Changeling",
  "SelectAlias": "Changeling",
  "SubgroupAlias": "Changeling",
  "OccludeHeight": 0.75,
  "TacticalAI": "Zergling",
  "AIEvaluateAlias": "Zergling",
  "ReviveType": "Zergling",
  "PawnItemReduction": 1,
  "Fidget": {
    "DelayMax": 30,
    "DelayMin": 10,
    "DistanceMax": 4,
    "DistanceMin": 1,
    "TurnAngle": 90,
    "TurningRate": 90,
    "ChanceArray": {
      "Idle": 33,
      "Anim": 33,
      "Turn": 33
    }
  },
  "ReviveInfoBase": {
    "Charge": {
      "Link": "Zergling/Revive",
      "Location": "Unit"
    },
    "Cooldown": {
      "Link": "Zergling/Revive",
      "Location": "Unit"
    }
  },
  "InnerRadiusSafetyMultiplier": 1,
  "ArmorType": "Unknown",
  "Mob": "Multiplayer",
  "LifeRegenRate": 0.2734,
  "Speed": 2.9531,
  "SpeedMultiplierCreep": 1.3,
  "Acceleration": 1000,
  "LateralAcceleration": 46.0625,
  "Food": 0,
  "AttackTargetPriority": 20,
  "DamageDealtXP": 1,
  "DamageTakenXP": 1,
  "KillXP": 5,
  "CargoSize": 0,
  "ScoreMake": 0,
  "ScoreKill": 0,
  "ScoreResult": "BuildOrder",
  "SubgroupPriority": 64,
  "Collide": [
    "Locust"
  ],
  "Sight": 8,
  "CardLayouts": [
    {
      "LayoutButtons": [
        {
          "Face": "Move",
          "Type": "AbilCmd",
          "AbilCmd": "move,Move",
          "Row": 0,
          "Column": 0
        },
        {
          "Face": "Stop",
          "Type": "AbilCmd",
          "AbilCmd": "stop,Stop",
          "Row": 0,
          "Column": 1
        },
        {
          "Face": "MoveHoldPosition",
          "Type": "AbilCmd",
          "AbilCmd": "move,HoldPos",
          "Row": 0,
          "Column": 2
        },
        {
          "Face": "Attack",
          "Type": "AbilCmd",
          "AbilCmd": "attack,Execute",
          "Row": 0,
          "Column": 4
        },
        {
          "Face": "AcquireMove",
          "Type": "AbilCmd",
          "AbilCmd": "move,AcquireMove",
          "Row": 0,
          "Column": 4
        },
        {
          "Face": "MovePatrol",
          "Type": "AbilCmd",
          "AbilCmd": "move,Patrol",
          "Row": 0,
          "Column": 3
        },
        {
          "Face": "BurrowDown",
          "Type": "AbilCmd",
          "AbilCmd": "BurrowDroneDown,Execute",
          "Row": 2,
          "Column": 3
        },
        {
          "Face": "BurrowDown",
          "Type": "AbilCmd",
          "AbilCmd": "BurrowZerglingDown,Execute",
          "Row": 2,
          "Column": 3
        },
        {
          "Face": "BurrowDown",
          "Type": "AbilCmd",
          "AbilCmd": "BurrowBanelingDown,Execute",
          "Row": 2,
          "Column": 3
        },
        {
          "Face": "BurrowDown",
          "Type": "AbilCmd",
          "AbilCmd": "BurrowRoachDown,Execute",
          "Row": 2,
          "Column": 3
        },
        {
          "Face": "BurrowDown",
          "Type": "AbilCmd",
          "AbilCmd": "BurrowHydraliskDown,Execute",
          "Row": 2,
          "Column": 3
        },
        {
          "Face": "BurrowDown",
          "Type": "AbilCmd",
          "AbilCmd": "BurrowRavagerDown,Execute",
          "Row": 2,
          "Column": 3
        },
        {
          "Face": "BurrowDown",
          "Type": "AbilCmd",
          "AbilCmd": "MorphToSwarmHostBurrowedMP,Execute",
          "Row": 2,
          "Column": 3
        },
        {
          "Face": "BurrowDown",
          "Type": "AbilCmd",
          "AbilCmd": "BurrowQueenDown,Execute",
          "Row": 2,
          "Column": 3
        },
        {
          "Face": "BurrowDown",
          "Type": "AbilCmd",
          "AbilCmd": "BurrowInfestorTerranDown,Execute",
          "Row": 2,
          "Column": 3
        },
        {
          "Face": "BurrowDown",
          "Type": "AbilCmd",
          "AbilCmd": "BurrowInfestorDown,Execute",
          "Row": 2,
          "Column": 3
        },
        {
          "Face": "BurrowDown",
          "Type": "AbilCmd",
          "AbilCmd": "BurrowUltraliskDown,Execute",
          "Row": 2,
          "Column": 3
        },
        {
          "Face": "BurrowUp",
          "Type": "AbilCmd",
          "AbilCmd": "BurrowDroneUp,Execute",
          "Row": 2,
          "Column": 4
        },
        {
          "Face": "BurrowUp",
          "Type": "AbilCmd",
          "AbilCmd": "BurrowZerglingUp,Execute",
          "Row": 2,
          "Column": 4
        },
        {
          "Face": "BurrowUp",
          "Type": "AbilCmd",
          "AbilCmd": "BurrowBanelingUp,Execute",
          "Row": 2,
          "Column": 4
        },
        {
          "Face": "BurrowUp",
          "Type": "AbilCmd",
          "AbilCmd": "BurrowRoachUp,Execute",
          "Row": 2,
          "Column": 4
        },
        {
          "Face": "BurrowUp",
          "Type": "AbilCmd",
          "AbilCmd": "BurrowHydraliskUp,Execute",
          "Row": 2,
          "Column": 4
        },
        {
          "Face": "BurrowUp",
          "Type": "AbilCmd",
          "AbilCmd": "BurrowRavagerUp,Execute",
          "Row": 2,
          "Column": 4
        },
        {
          "Face": "BurrowUp",
          "Type": "AbilCmd",
          "AbilCmd": "MorphToSwarmHostMP,Execute",
          "Row": 2,
          "Column": 4
        },
        {
          "Face": "BurrowUp",
          "Type": "AbilCmd",
          "AbilCmd": "BurrowQueenUp,Execute",
          "Row": 2,
          "Column": 4
        },
        {
          "Face": "BurrowUp",
          "Type": "AbilCmd",
          "AbilCmd": "BurrowInfestorTerranUp,Execute",
          "Row": 2,
          "Column": 4
        },
        {
          "Face": "BurrowUp",
          "Type": "AbilCmd",
          "AbilCmd": "BurrowInfestorUp,Execute",
          "Row": 2,
          "Column": 4
        },
        {
          "Face": "BurrowUp",
          "Type": "AbilCmd",
          "AbilCmd": "BurrowUltraliskUp,Execute",
          "Row": 2,
          "Column": 4
        }
      ]
    }
  ],
  "GlossaryCategory": "",
  "HotkeyCategory": "",
  "GlossaryPriority": 0,
  "CostCategory": "Army",
  "CostResource": {
    "Minerals": 0
  },
  "GlossaryStrongArray": [
    "Hydralisk"
  ],
  "GlossaryWeakArray": [
    "Baneling"
  ],
  "KillDisplay": "Default",
  "RankDisplay": "Default",
  "TauntDuration": {
    "Cheer": 5,
    "Dance": 5
  },
  "Icon": "btn-unit-zerg-zergling",
  "LifeArmorIcon": "btn-upgrade-zerg-groundcarapace-level0",
  "ShieldArmorIcon": "btn-upgrade-protoss-shieldslevel0",
  "InnerRadius": 0.375,
  "TacticalAIThink": "AIThinkChangelingZergling",
  "Id": "ChangelingZerglingWings",
  "Weapons": [
    {
      "Link": "Claws",
      "Id": "Claws",
      "Icon": "btn-upgrade-zerg-meleeattacks-level0",
      "Name": "Claws",
      "Amount": {
        "value": 5
      },
      "Kind": "Melee",
      "TargetFilters": "Ground",
      "Range": 0.1,
      "Period": 0.696
    }
  ],
  "Behaviors": [
    {
      "Link": "ChangelingDisable",
      "Id": "ChangelingDisable"
    }
  ],
  "Upgrades": [],
  "Abilities": [
    {
      "Link": "stop",
      "Id": "stop",
      "Name": "Stop"
    },
    {
      "Link": "move",
      "Id": "move",
      "Name": "Move"
    },
    {
      "Link": "que1",
      "Id": "que1",
      "Name": "Queue (1)"
    },
    {
      "Link": "MorphZerglingToBaneling",
      "Id": "MorphZerglingToBaneling",
      "Name": "Morph (Zergling -> Baneling)"
    }
  ],
  "Requirements": [],
  "Production": [],
  "Producers": [],
  "Commands": [
    {
      "Id": "Move",
      "Icon": "btn-command-move",
      "Tooltip": "Orders selected units to move to the target area or follow the target unit. Moving units will not engage enemies.",
      "Name": "Move",
      "AbilCmd": "move,Move"
    },
    {
      "Id": "Stop",
      "Icon": "btn-command-stop",
      "Tooltip": "Orders selected units to cancel all orders and stop moving.",
      "Name": "Stop",
      "AbilCmd": "stop,Stop"
    },
    {
      "Id": "MoveHoldPosition",
      "Icon": "btn-command-holdposition",
      "Tooltip": "Orders selected units to stay where they are and attack enemies that are within range. Units will neither chase down enemies nor move to engage.",
      "Name": "Hold Position",
      "AbilCmd": "move,HoldPos"
    },
    {
      "Id": "Attack",
      "Icon": "btn-command-attack",
      "Tooltip": "Orders selected units to move to the target point, fighting nearby enemies along the way. Targeting a unit with the Attack command orders that it be attacked until it is destroyed.",
      "Name": "Attack",
      "AbilCmd": "attack,Execute"
    },
    {
      "Id": "AcquireMove",
      "Icon": "btn-command-attack",
      "Tooltip": "Orders selected units to move to the target area or follow the target unit. Scan-moving units will not engage enemies.",
      "Name": "Scan Move",
      "AbilCmd": "move,AcquireMove"
    },
    {
      "Id": "MovePatrol",
      "Icon": "btn-command-patrol",
      "Tooltip": "Orders selected units to patrol between their current position and the target area. Units will attack enemies and move to engage nearby enemies.",
      "Name": "Patrol",
      "AbilCmd": "move,Patrol"
    },
    {
      "Id": "BurrowDown",
      "Icon": "btn-ability-zerg-burrow-color",
      "Tooltip": "Buries the unit underground. Burrowed units are unable to move or attack, but they cannot be seen without detection.",
      "Name": "Burrow",
      "AbilCmd": "BurrowDroneDown,Execute"
    },
    {
      "Id": "BurrowDown",
      "Icon": "btn-ability-zerg-burrow-color",
      "Tooltip": "Buries the unit underground. Burrowed units are unable to move or attack, but they cannot be seen without detection.",
      "Name": "Burrow",
      "AbilCmd": "BurrowZerglingDown,Execute"
    },
    {
      "Id": "BurrowDown",
      "Icon": "btn-ability-zerg-burrow-color",
      "Tooltip": "Buries the unit underground. Burrowed units are unable to move or attack, but they cannot be seen without detection.",
      "Name": "Burrow",
      "AbilCmd": "BurrowBanelingDown,Execute"
    },
    {
      "Id": "BurrowDown",
      "Icon": "btn-ability-zerg-burrow-color",
      "Tooltip": "Buries the unit underground. Burrowed units are unable to move or attack, but they cannot be seen without detection.",
      "Name": "Burrow",
      "AbilCmd": "BurrowRoachDown,Execute"
    },
    {
      "Id": "BurrowDown",
      "Icon": "btn-ability-zerg-burrow-color",
      "Tooltip": "Buries the unit underground. Burrowed units are unable to move or attack, but they cannot be seen without detection.",
      "Name": "Burrow",
      "AbilCmd": "BurrowHydraliskDown,Execute"
    },
    {
      "Id": "BurrowDown",
      "Icon": "btn-ability-zerg-burrow-color",
      "Tooltip": "Buries the unit underground. Burrowed units are unable to move or attack, but they cannot be seen without detection.",
      "Name": "Burrow",
      "AbilCmd": "BurrowRavagerDown,Execute"
    },
    {
      "Id": "BurrowDown",
      "Icon": "btn-ability-zerg-burrow-color",
      "Tooltip": "Buries the unit underground. Burrowed units are unable to move or attack, but they cannot be seen without detection.",
      "Name": "Burrow",
      "AbilCmd": "MorphToSwarmHostBurrowedMP,Execute"
    },
    {
      "Id": "BurrowDown",
      "Icon": "btn-ability-zerg-burrow-color",
      "Tooltip": "Buries the unit underground. Burrowed units are unable to move or attack, but they cannot be seen without detection.",
      "Name": "Burrow",
      "AbilCmd": "BurrowQueenDown,Execute"
    },
    {
      "Id": "BurrowDown",
      "Icon": "btn-ability-zerg-burrow-color",
      "Tooltip": "Buries the unit underground. Burrowed units are unable to move or attack, but they cannot be seen without detection.",
      "Name": "Burrow",
      "AbilCmd": "BurrowInfestorTerranDown,Execute"
    },
    {
      "Id": "BurrowDown",
      "Icon": "btn-ability-zerg-burrow-color",
      "Tooltip": "Buries the unit underground. Burrowed units are unable to move or attack, but they cannot be seen without detection.",
      "Name": "Burrow",
      "AbilCmd": "BurrowInfestorDown,Execute"
    },
    {
      "Id": "BurrowDown",
      "Icon": "btn-ability-zerg-burrow-color",
      "Tooltip": "Buries the unit underground. Burrowed units are unable to move or attack, but they cannot be seen without detection.",
      "Name": "Burrow",
      "AbilCmd": "BurrowUltraliskDown,Execute"
    },
    {
      "Id": "BurrowUp",
      "Icon": "btn-ability-zerg-upburrow-color",
      "Tooltip": "Returns the unit to the surface.",
      "Name": "Unburrow",
      "AbilCmd": "BurrowDroneUp,Execute"
    },
    {
      "Id": "BurrowUp",
      "Icon": "btn-ability-zerg-upburrow-color",
      "Tooltip": "Returns the unit to the surface.",
      "Name": "Unburrow",
      "AbilCmd": "BurrowZerglingUp,Execute"
    },
    {
      "Id": "BurrowUp",
      "Icon": "btn-ability-zerg-upburrow-color",
      "Tooltip": "Returns the unit to the surface.",
      "Name": "Unburrow",
      "AbilCmd": "BurrowBanelingUp,Execute"
    },
    {
      "Id": "BurrowUp",
      "Icon": "btn-ability-zerg-upburrow-color",
      "Tooltip": "Returns the unit to the surface.",
      "Name": "Unburrow",
      "AbilCmd": "BurrowRoachUp,Execute"
    },
    {
      "Id": "BurrowUp",
      "Icon": "btn-ability-zerg-upburrow-color",
      "Tooltip": "Returns the unit to the surface.",
      "Name": "Unburrow",
      "AbilCmd": "BurrowHydraliskUp,Execute"
    },
    {
      "Id": "BurrowUp",
      "Icon": "btn-ability-zerg-upburrow-color",
      "Tooltip": "Returns the unit to the surface.",
      "Name": "Unburrow",
      "AbilCmd": "BurrowRavagerUp,Execute"
    },
    {
      "Id": "BurrowUp",
      "Icon": "btn-ability-zerg-upburrow-color",
      "Tooltip": "Returns the unit to the surface.",
      "Name": "Unburrow",
      "AbilCmd": "MorphToSwarmHostMP,Execute"
    },
    {
      "Id": "BurrowUp",
      "Icon": "btn-ability-zerg-upburrow-color",
      "Tooltip": "Returns the unit to the surface.",
      "Name": "Unburrow",
      "AbilCmd": "BurrowQueenUp,Execute"
    },
    {
      "Id": "BurrowUp",
      "Icon": "btn-ability-zerg-upburrow-color",
      "Tooltip": "Returns the unit to the surface.",
      "Name": "Unburrow",
      "AbilCmd": "BurrowInfestorTerranUp,Execute"
    },
    {
      "Id": "BurrowUp",
      "Icon": "btn-ability-zerg-upburrow-color",
      "Tooltip": "Returns the unit to the surface.",
      "Name": "Unburrow",
      "AbilCmd": "BurrowInfestorUp,Execute"
    },
    {
      "Id": "BurrowUp",
      "Icon": "btn-ability-zerg-upburrow-color",
      "Tooltip": "Returns the unit to the surface.",
      "Name": "Unburrow",
      "AbilCmd": "BurrowUltraliskUp,Execute"
    }
  ]
}