{
  "Name": "Changeling",
  "Description": "Light ranged warrior.<br/><br/><span style=\"color: #FFFF80\">Can attack ground and air units.</span>",
  "DeathRevealFilters": "Visible;Player,Ally,Neutral,Missile,Dead,Hidden",
  "DeathRevealRadius": 3,
  "DeathRevealDuration": 4,
  "DeathRevealType": "Snapshot",
  "Race": "Zerg",
  "DefaultAcquireLevel": "Offensive",
  "Response": "Acquire",
  "ResourceState": "Unknown",
  "ResourceType": "Unknown",
  "LifeStart": 35,
  "LifeMax": 35,
  "LifeArmorName": "Keiron Biological Armor",
  "Mover": "Ground",
  "StationaryTurningRate": 720,
  "TurningRate": 720,
  "Radius": 0.375,
  "SeparationRadius": 0.5,
  "MinimapRadius": 0.375,
  "TacticalAIFilters": "-;Player,Ally,Neutral",
  "AIEvalFactor": 1,
  "Mass": 0.4,
  "FlagArray": [
    "NoScore",
    "AILifetime",
    "AIChangeling"
  ],
  "PushPriority": 10,
  "LeaderAlias": "Changeling",
  "HotkeyAlias": "Changeling",
  "SelectAlias": "Changeling",
  "SubgroupAlias": "Changeling",
  "OccludeHeight": 0.75,
  "TacticalAI": "Volt",
  "AIEvaluateAlias": "Volt",
  "ReviveType": "Volt",
  "PawnItemReduction": 1,
  "Fidget": {
    "DelayMax": 30,
    "DelayMin": 10,
    "DistanceMax": 4,
    "DistanceMin": 1,
    "TurnAngle": 90,
    "TurningRate": 90,
    "ChanceArray": {
      "Idle": 100
    }
  },
  "ReviveInfoBase": {
    "Charge": {
      "Link": "Volt/Revive",
      "Location": "Unit"
    },
    "Cooldown": {
      "Link": "Volt/Revive",
      "Location": "Unit"
    }
  },
  "InnerRadiusSafetyMultiplier": 1,
  "ArmorType": "Unknown",
  "LifeRegenRate": 0.1718,
  "ShieldRegenDelay": 4,
  "ShieldRegenRate": 1.25,
  "Acceleration": 1000,
  "Sight": 9,
  "CostCategory": "Army",
  "AttackTargetPriority": 20,
  "CardLayouts": [
    {
      "LayoutButtons": [
        {
          "Face": "Move",
          "Type": "AbilCmd",
          "AbilCmd": "move,Move",
          "Row": 0,
          "Column": 0
        },
        {
          "Face": "Stop",
          "Type": "AbilCmd",
          "AbilCmd": "stop,Stop",
          "Row": 0,
          "Column": 1
        },
        {
          "Face": "MoveHoldPosition",
          "Type": "AbilCmd",
          "AbilCmd": "move,HoldPos",
          "Row": 0,
          "Column": 2
        },
        {
          "Face": "Attack",
          "Type": "AbilCmd",
          "AbilCmd": "attack,Execute",
          "Row": 0,
          "Column": 4
        },
        {
          "Face": "AcquireMove",
          "Type": "AbilCmd",
          "AbilCmd": "move,AcquireMove",
          "Row": 0,
          "Column": 4
        },
        {
          "Face": "MovePatrol",
          "Type": "AbilCmd",
          "AbilCmd": "move,Patrol",
          "Row": 0,
          "Column": 3
        },
        {
          "Face": "Unfuse",
          "Type": "AbilCmd",
          "AbilCmd": "FuseUnfuse,Execute",
          "Row": 1,
          "Column": 4
        }
      ]
    }
  ],
  "ScoreMakeCostFactor": {
    "Minerals": 0,
    "Vespene": 0
  },
  "ScoreKillCostFactor": {
    "Minerals": 0,
    "Vespene": 0
  },
  "ScoreResult": "BuildOrder",
  "GlossaryCategory": "",
  "GlossaryAlias": "",
  "HotkeyCategory": "",
  "ShieldArmorName": "Keiron Dispersion Shields",
  "ShieldsStart": 20,
  "ShieldsMax": 20,
  "Speed": 2.5,
  "Food": -1,
  "CostResource": {
    "Minerals": 0
  },
  "EffectArray": {
    "Create": ""
  },
  "CargoSize": 0,
  "GlossaryPriority": 0,
  "SubgroupPriority": 4,
  "Icon": "btn-unit-keiron-volt",
  "LifeArmorIcon": "btn-upgrade-keiron-biologicalarmorlevel0",
  "ShieldArmorIcon": "btn-upgrade-keiron-shields-level0",
  "Mob": "Multiplayer",
  "Id": "ChangelingVolt",
  "Weapons": [
    {
      "Link": "ElectronBolt",
      "Id": "ElectronBolt",
      "Icon": "btn-upgrade-keiron-biologicalweaponslevel0",
      "Name": "Electron Bolt",
      "Amount": {
        "value": 8
      },
      "Kind": "Ranged",
      "TargetFilters": "",
      "Range": 5,
      "Period": 1.68
    }
  ],
  "Behaviors": [
    {
      "Link": "ChangelingDisable",
      "Id": "ChangelingDisable"
    }
  ],
  "Upgrades": [],
  "Abilities": [
    {
      "Link": "stop",
      "Id": "stop",
      "Name": "Stop"
    },
    {
      "Link": "move",
      "Id": "move",
      "Name": "Move"
    },
    {
      "Link": "ProgressRally",
      "Id": "ProgressRally",
      "Name": "Progress Rally"
    },
    {
      "Link": "FuseUnfuse",
      "Id": "FuseUnfuse",
      "Name": "Unfuse"
    }
  ],
  "Requirements": [],
  "Production": [],
  "Producers": [],
  "Commands": [
    {
      "Id": "Move",
      "Icon": "btn-command-move",
      "Tooltip": "Orders selected units to move to the target area or follow the target unit. Moving units will not engage enemies.",
      "Name": "Move",
      "AbilCmd": "move,Move"
    },
    {
      "Id": "Stop",
      "Icon": "btn-command-stop",
      "Tooltip": "Orders selected units to cancel all orders and stop moving.",
      "Name": "Stop",
      "AbilCmd": "stop,Stop"
    },
    {
      "Id": "MoveHoldPosition",
      "Icon": "btn-command-holdposition",
      "Tooltip": "Orders selected units to stay where they are and attack enemies that are within range. Units will neither chase down enemies nor move to engage.",
      "Name": "Hold Position",
      "AbilCmd": "move,HoldPos"
    },
    {
      "Id": "Attack",
      "Icon": "btn-command-attack",
      "Tooltip": "Orders selected units to move to the target point, fighting nearby enemies along the way. Targeting a unit with the Attack command orders that it be attacked until it is destroyed.",
      "Name": "Attack",
      "AbilCmd": "attack,Execute"
    },
    {
      "Id": "AcquireMove",
      "Icon": "btn-command-attack",
      "Tooltip": "Orders selected units to move to the target area or follow the target unit. Scan-moving units will not engage enemies.",
      "Name": "Scan Move",
      "AbilCmd": "move,AcquireMove"
    },
    {
      "Id": "MovePatrol",
      "Icon": "btn-command-patrol",
      "Tooltip": "Orders selected units to patrol between their current position and the target area. Units will attack enemies and move to engage nearby enemies.",
      "Name": "Patrol",
      "AbilCmd": "move,Patrol"
    },
    {
      "Id": "Unfuse",
      "Icon": "btn-ability-zerg-dehaka-levelup",
      "Tooltip": "Releases the Fuse inhabiting this unit, losing the associated bonus.",
      "Name": "Unfuse",
      "AbilCmd": "FuseUnfuse,Execute"
    }
  ]
}