{
  "Name": "Changeling",
  "Description": "Highly-trained Directorate infantry.<br/><br/><c val=\"#ColorAttackInfo\">Can attack ground and air units.</span>",
  "DeathRevealFilters": "Visible;Player,Ally,Neutral,Missile,Dead,Hidden",
  "DeathRevealRadius": 3,
  "DeathRevealDuration": 4,
  "DeathRevealType": "Snapshot",
  "Race": "Zerg",
  "DefaultAcquireLevel": "Offensive",
  "Response": "Acquire",
  "ResourceState": "Unknown",
  "ResourceType": "Unknown",
  "LifeStart": 45,
  "LifeMax": 45,
  "LifeArmorName": "UED Adaptive Staballoy Plating",
  "Mover": "Ground",
  "StationaryTurningRate": 999.8437,
  "TurningRate": 999.8437,
  "Radius": 0.375,
  "SeparationRadius": 0.375,
  "MinimapRadius": 0.375,
  "EditorCategories": {
    "ObjectType": "Unit",
    "ObjectFamily": "Melee"
  },
  "TacticalAIFilters": "-;Player,Ally,Neutral",
  "AIEvalFactor": 1,
  "Mass": 0.4,
  "FlagArray": [
    "PreventDestroy",
    "UseLineOfSight",
    "NoScore",
    "AILifetime",
    "AIChangeling"
  ],
  "PushPriority": 10,
  "LeaderAlias": "Changeling",
  "HotkeyAlias": "Changeling",
  "SelectAlias": "Changeling",
  "SubgroupAlias": "Changeling",
  "OccludeHeight": 0.75,
  "TacticalAI": "Marine",
  "AIEvaluateAlias": "Marine",
  "ReviveType": "Marine",
  "PawnItemReduction": 1,
  "Fidget": {
    "DelayMax": 30,
    "DelayMin": 10,
    "DistanceMax": 4,
    "DistanceMin": 1,
    "TurnAngle": 90,
    "TurningRate": 90,
    "ChanceArray": {
      "Idle": 33,
      "Anim": 33,
      "Turn": 33
    }
  },
  "ReviveInfoBase": {
    "Charge": {
      "Link": "Marine/Revive",
      "Location": "Unit"
    },
    "Cooldown": {
      "Link": "Marine/Revive",
      "Location": "Unit"
    }
  },
  "InnerRadiusSafetyMultiplier": 1,
  "ArmorType": "Unknown",
  "Mob": "Multiplayer",
  "PlaneArray": [
    "Ground"
  ],
  "Collide": [
    "Ground",
    "ForceField",
    "Locust",
    "Small"
  ],
  "Attributes": [
    "Light",
    "Biological"
  ],
  "Speed": 2.25,
  "Acceleration": 1000,
  "LateralAcceleration": 46.0625,
  "Sight": 9,
  "CostCategory": "Army",
  "RepairTime": 20,
  "AttackTargetPriority": 20,
  "DamageDealtXP": 1,
  "DamageTakenXP": 1,
  "KillXP": 10,
  "CardLayouts": [
    {
      "LayoutButtons": [
        {
          "Face": "Move",
          "Type": "AbilCmd",
          "AbilCmd": "move,Move",
          "Row": 0,
          "Column": 0
        },
        {
          "Face": "Stop",
          "Type": "AbilCmd",
          "AbilCmd": "stop,Stop",
          "Row": 0,
          "Column": 1
        },
        {
          "Face": "MoveHoldPosition",
          "Type": "AbilCmd",
          "AbilCmd": "move,HoldPos",
          "Row": 0,
          "Column": 2
        },
        {
          "Face": "Attack",
          "Type": "AbilCmd",
          "AbilCmd": "attack,Execute",
          "Row": 0,
          "Column": 4
        },
        {
          "Face": "AcquireMove",
          "Type": "AbilCmd",
          "AbilCmd": "move,AcquireMove",
          "Row": 0,
          "Column": 4
        },
        {
          "Face": "MovePatrol",
          "Type": "AbilCmd",
          "AbilCmd": "move,Patrol",
          "Row": 0,
          "Column": 3
        }
      ]
    }
  ],
  "InnerRadius": 0.375,
  "ScoreResult": "BuildOrder",
  "SubgroupPriority": 64,
  "TacticalAIThink": "AIThinkChangelingMarine",
  "TauntDuration": {
    "Cheer": 5,
    "Dance": 5
  },
  "Icon": "btn-ued_striketrooper",
  "ShieldArmorIcon": "btn-upgrade-protoss-shieldslevel0",
  "Id": "ChangelingStrikeTrooper",
  "Weapons": [
    {
      "Link": "StrikeTrooperRifle",
      "Id": "StrikeTrooperRifle",
      "Name": "C-141 AC Assault Rifle",
      "Amount": {
        "value": 7
      },
      "Kind": "Ranged",
      "TargetFilters": "",
      "Range": 5,
      "Period": 0.9
    }
  ],
  "Behaviors": [
    {
      "Link": "ChangelingDisable",
      "Id": "ChangelingDisable"
    }
  ],
  "Upgrades": [],
  "Abilities": [
    {
      "Link": "stop",
      "Id": "stop",
      "Name": "Stop"
    },
    {
      "Link": "move",
      "Id": "move",
      "Name": "Move"
    }
  ],
  "Requirements": [],
  "Production": [],
  "Producers": [],
  "Commands": [
    {
      "Id": "Move",
      "Icon": "btn-command-move",
      "Tooltip": "Orders selected units to move to the target area or follow the target unit. Moving units will not engage enemies.",
      "Name": "Move",
      "AbilCmd": "move,Move"
    },
    {
      "Id": "Stop",
      "Icon": "btn-command-stop",
      "Tooltip": "Orders selected units to cancel all orders and stop moving.",
      "Name": "Stop",
      "AbilCmd": "stop,Stop"
    },
    {
      "Id": "MoveHoldPosition",
      "Icon": "btn-command-holdposition",
      "Tooltip": "Orders selected units to stay where they are and attack enemies that are within range. Units will neither chase down enemies nor move to engage.",
      "Name": "Hold Position",
      "AbilCmd": "move,HoldPos"
    },
    {
      "Id": "Attack",
      "Icon": "btn-command-attack",
      "Tooltip": "Orders selected units to move to the target point, fighting nearby enemies along the way. Targeting a unit with the Attack command orders that it be attacked until it is destroyed.",
      "Name": "Attack",
      "AbilCmd": "attack,Execute"
    },
    {
      "Id": "AcquireMove",
      "Icon": "btn-command-attack",
      "Tooltip": "Orders selected units to move to the target area or follow the target unit. Scan-moving units will not engage enemies.",
      "Name": "Scan Move",
      "AbilCmd": "move,AcquireMove"
    },
    {
      "Id": "MovePatrol",
      "Icon": "btn-command-patrol",
      "Tooltip": "Orders selected units to patrol between their current position and the target area. Units will attack enemies and move to engage nearby enemies.",
      "Name": "Patrol",
      "AbilCmd": "move,Patrol"
    }
  ]
}