{
  "Name": "Changeling",
  "Description": "Changelings cannot attack. When a Changeling first encounters an enemy unit, it will match that unit's color and change into a Zealot, Marine, or Zergling, depending on the enemy race. Dies after <b>150</b>.",
  "DeathRevealFilters": "Visible;Player,Ally,Neutral,Missile,Dead,Hidden",
  "DeathRevealRadius": 3,
  "DeathRevealDuration": 4,
  "DeathRevealType": "Snapshot",
  "Race": "Zerg",
  "DefaultAcquireLevel": "Offensive",
  "Response": "Acquire",
  "ResourceState": "Unknown",
  "ResourceType": "Unknown",
  "LifeStart": 5,
  "LifeMax": 5,
  "LifeArmorName": "Zerg Ground Carapace",
  "Mover": "Ground",
  "StationaryTurningRate": 999.8437,
  "TurningRate": 999.8437,
  "Radius": 0.375,
  "SeparationRadius": 0.375,
  "MinimapRadius": 0.375,
  "EditorCategories": {
    "ObjectType": "Unit",
    "ObjectFamily": "Melee"
  },
  "TacticalAIFilters": "-;Player,Ally,Neutral",
  "AIEvalFactor": 1,
  "Mass": 0.4,
  "FlagArray": [
    "Turnable",
    "Movable",
    "Unclickable",
    "Unhighlightable",
    "Untooltipable",
    "KillCredit",
    "ShowResources",
    "ClearRallyOnTargetLost",
    "PlayerRevivable",
    "CameraFollow",
    "UseLineOfSight",
    "NoScore",
    "AILifetime",
    "AIChangeling"
  ],
  "EditorFlags": [
    "BlockStructures"
  ],
  "PushPriority": 10,
  "LeaderAlias": "Changeling",
  "HotkeyAlias": "Changeling",
  "SelectAlias": "Changeling",
  "SubgroupAlias": "Changeling",
  "OccludeHeight": 0.75,
  "TacticalAI": "Changeling",
  "AIEvaluateAlias": "Changeling",
  "ReviveType": "Changeling",
  "PawnItemReduction": 1,
  "Fidget": {
    "DelayMax": 30,
    "DelayMin": 10,
    "DistanceMax": 4,
    "DistanceMin": 1,
    "TurnAngle": 90,
    "TurningRate": 90,
    "ChanceArray": {
      "Idle": 33,
      "Anim": 33,
      "Turn": 33
    }
  },
  "ReviveInfoBase": {
    "Charge": {
      "Link": "Changeling/Revive",
      "Location": "Unit"
    },
    "Cooldown": {
      "Link": "Changeling/Revive",
      "Location": "Unit"
    }
  },
  "InnerRadiusSafetyMultiplier": 1,
  "ArmorType": "Unknown",
  "Mob": "Multiplayer",
  "LifeRegenRate": 0.2734,
  "Speed": 2.25,
  "Acceleration": 1000,
  "LateralAcceleration": 46.0625,
  "AttackTargetPriority": 20,
  "DamageDealtXP": 1,
  "DamageTakenXP": 1,
  "KillXP": 5,
  "InnerRadius": 0.375,
  "ScoreResult": "BuildOrder",
  "SubgroupPriority": 64,
  "PlaneArray": [
    "Ground"
  ],
  "Collide": [
    "Ground",
    "ForceField",
    "Small",
    "Locust"
  ],
  "Sight": 8,
  "CardLayouts": [
    {
      "LayoutButtons": [
        {
          "Face": "Move",
          "Type": "AbilCmd",
          "AbilCmd": "move,Move",
          "Row": 0,
          "Column": 0
        },
        {
          "Face": "Stop",
          "Type": "AbilCmd",
          "AbilCmd": "stop,Stop",
          "Row": 0,
          "Column": 1
        },
        {
          "Face": "MoveHoldPosition",
          "Type": "AbilCmd",
          "AbilCmd": "move,HoldPos",
          "Row": 0,
          "Column": 2
        },
        {
          "Face": "MovePatrol",
          "Type": "AbilCmd",
          "AbilCmd": "move,Patrol",
          "Row": 0,
          "Column": 3
        },
        {
          "Face": "Attack",
          "Type": "AbilCmd",
          "AbilCmd": "attack,Execute",
          "Row": 0,
          "Column": 4
        },
        {
          "Face": "AcquireMove",
          "Type": "AbilCmd",
          "AbilCmd": "move,AcquireMove",
          "Row": 0,
          "Column": 4
        },
        {
          "Face": "Disguise",
          "Type": "Passive",
          "Row": 2,
          "Column": 0
        }
      ]
    }
  ],
  "Attributes": [
    "Light",
    "Biological"
  ],
  "GlossaryCategory": "Unit/Category/ZergUnits",
  "HotkeyCategory": "Unit/Category/ZergUnits",
  "GlossaryPriority": 218,
  "Icon": "btn-unit-zerg-changeling",
  "LifeArmorIcon": "btn-upgrade-zerg-groundcarapace-level0",
  "ShieldArmorIcon": "btn-upgrade-protoss-shieldslevel0",
  "Id": "Changeling",
  "Behaviors": [
    {
      "Link": "ChangelingDisguiseEx3",
      "Id": "ChangelingDisguiseEx3"
    }
  ],
  "Upgrades": [],
  "Abilities": [
    {
      "Link": "stop",
      "Id": "stop",
      "Name": "Stop"
    },
    {
      "Link": "move",
      "Id": "move",
      "Name": "Move"
    },
    {
      "Link": "DisguiseAsFlamespitter",
      "Id": "DisguiseAsFlamespitter",
      "Name": "Disguise As Flamespitter"
    }
  ],
  "Requirements": [],
  "Production": [],
  "Producers": [],
  "Commands": [
    {
      "Id": "Move",
      "Icon": "btn-command-move",
      "Tooltip": "Orders selected units to move to the target area or follow the target unit. Moving units will not engage enemies.",
      "Name": "Move",
      "AbilCmd": "move,Move"
    },
    {
      "Id": "Stop",
      "Icon": "btn-command-stop",
      "Tooltip": "Orders selected units to cancel all orders and stop moving.",
      "Name": "Stop",
      "AbilCmd": "stop,Stop"
    },
    {
      "Id": "MoveHoldPosition",
      "Icon": "btn-command-holdposition",
      "Tooltip": "Orders selected units to stay where they are and attack enemies that are within range. Units will neither chase down enemies nor move to engage.",
      "Name": "Hold Position",
      "AbilCmd": "move,HoldPos"
    },
    {
      "Id": "MovePatrol",
      "Icon": "btn-command-patrol",
      "Tooltip": "Orders selected units to patrol between their current position and the target area. Units will attack enemies and move to engage nearby enemies.",
      "Name": "Patrol",
      "AbilCmd": "move,Patrol"
    },
    {
      "Id": "Attack",
      "Icon": "btn-command-attack",
      "Tooltip": "Orders selected units to move to the target point, fighting nearby enemies along the way. Targeting a unit with the Attack command orders that it be attacked until it is destroyed.",
      "Name": "Attack",
      "AbilCmd": "attack,Execute"
    },
    {
      "Id": "AcquireMove",
      "Icon": "btn-command-attack",
      "Tooltip": "Orders selected units to move to the target area or follow the target unit. Scan-moving units will not engage enemies.",
      "Name": "Scan Move",
      "AbilCmd": "move,AcquireMove"
    }
  ]
}