{
  "Name": "Cloak Charge",
  "Description": "Consumes energy after it is placed. Self-destructs when its energy reserves are consumed.",
  "DeathRevealFilters": "Visible;Player,Ally,Neutral,Missile,Dead,Hidden",
  "DeathRevealRadius": 2,
  "DeathRevealDuration": 4,
  "DeathRevealType": "Snapshot",
  "Race": "Gen",
  "DefaultAcquireLevel": "Offensive",
  "Response": "Acquire",
  "ResourceState": "Unknown",
  "ResourceType": "Unknown",
  "LifeStart": 1,
  "LifeMax": 1,
  "LifeArmorName": "None",
  "Mover": "Ground",
  "StationaryTurningRate": 720,
  "TurningRate": 720,
  "Radius": 0.25,
  "SeparationRadius": 0.25,
  "MinimapRadius": 0.5,
  "EditorCategories": {
    "ObjectType": "Other",
    "ObjectFamily": "Melee"
  },
  "TacticalAIFilters": "-;Player,Ally,Neutral",
  "AIEvalFactor": 1,
  "Mass": 0.4,
  "FlagArray": [
    "Unselectable",
    "UseLineOfSight",
    "Invulnerable"
  ],
  "PushPriority": 10,
  "LeaderAlias": "CloakCharge",
  "HotkeyAlias": "CloakCharge",
  "SelectAlias": "CloakCharge",
  "SubgroupAlias": "CloakCharge",
  "OccludeHeight": 0.75,
  "TacticalAI": "CloakCharge",
  "AIEvaluateAlias": "CloakCharge",
  "ReviveType": "CloakCharge",
  "PawnItemReduction": 1,
  "Fidget": {
    "DelayMax": 30,
    "DelayMin": 10,
    "DistanceMax": 4,
    "DistanceMin": 1,
    "TurnAngle": 90,
    "TurningRate": 90,
    "ChanceArray": {
      "Idle": 100
    }
  },
  "ReviveInfoBase": {
    "Charge": {
      "Link": "CloakCharge/Revive",
      "Location": "Unit"
    },
    "Cooldown": {
      "Link": "CloakCharge/Revive",
      "Location": "Unit"
    }
  },
  "InnerRadiusSafetyMultiplier": 1,
  "ArmorType": "Unknown",
  "Collide": [
    "Burrow3"
  ],
  "EnergyStart": 200,
  "EnergyMax": 200,
  "EnergyRegenRate": -10,
  "Sight": 4,
  "CostCategory": "Army",
  "CargoSize": 1,
  "PlaneArray": [
    "Ground"
  ],
  "Icon": "btn-missing-kaeo",
  "ShieldArmorIcon": "btn-upgrade-protoss-shieldslevel0",
  "Id": "CloakCharge",
  "Behaviors": [
    {
      "Link": "CloakChargeGenerator",
      "Id": "CloakChargeGenerator"
    }
  ],
  "Upgrades": [],
  "Requirements": [],
  "Production": [],
  "Producers": [],
  "Commands": []
}