{
  "Name": "Coagulater",
  "Description": "Propogated over a Vespene Geyser to allow harvesting of vespene gas.",
  "DeathRevealFilters": "Visible;Player,Ally,Neutral,Missile,Dead,Hidden",
  "DeathRevealRadius": 3,
  "DeathRevealDuration": 4,
  "DeathRevealType": "Snapshot",
  "Race": "Dragon",
  "DefaultAcquireLevel": "Offensive",
  "Response": "Acquire",
  "ResourceState": "Harvestable",
  "ResourceType": "Vespene",
  "LifeStart": 750,
  "LifeMax": 750,
  "Mover": "Ground",
  "StationaryTurningRate": 720,
  "TurningRate": 720,
  "Radius": 1.5,
  "SeparationRadius": 1.5,
  "MinimapRadius": 1.5,
  "EditorCategories": {
    "ObjectType": "Structure",
    "ObjectFamily": "Melee"
  },
  "TacticalAIFilters": "-;Player,Ally,Neutral",
  "AIEvalFactor": 1,
  "Mass": 0.4,
  "FlagArray": [
    "Unclickable",
    "Unhighlightable",
    "Untooltipable",
    "KillCredit",
    "ShowResources",
    "ClearRallyOnTargetLost",
    "PlayerRevivable",
    "CameraFollow",
    "PreventDestroy",
    "PreventDefeat",
    "PenaltyRevealed",
    "UseLineOfSight",
    "TownAlert",
    "NoPortraitTalk",
    "ArmorDisabledWhileConstructing"
  ],
  "EditorFlags": [
    "BlockStructures"
  ],
  "PushPriority": 10,
  "LeaderAlias": "Coagulater",
  "HotkeyAlias": "Coagulater",
  "SelectAlias": "Coagulater",
  "SubgroupAlias": "Coagulater",
  "OccludeHeight": 0.75,
  "TacticalAI": "Coagulater",
  "AIEvaluateAlias": "Coagulater",
  "ReviveType": "Coagulater",
  "PawnItemReduction": 1,
  "Fidget": {
    "DelayMax": 30,
    "DelayMin": 10,
    "DistanceMax": 4,
    "DistanceMin": 1,
    "TurnAngle": 90,
    "TurningRate": 90,
    "ChanceArray": {
      "Idle": 100
    }
  },
  "ReviveInfoBase": {
    "Charge": {
      "Link": "Coagulater/Revive",
      "Location": "Unit"
    },
    "Cooldown": {
      "Link": "Coagulater/Revive",
      "Location": "Unit"
    }
  },
  "InnerRadiusSafetyMultiplier": 1,
  "ArmorType": "Unknown",
  "PlaneArray": [
    "Ground"
  ],
  "Attributes": [
    "Biological",
    "Armored",
    "Structure"
  ],
  "DamageDealtXP": 1,
  "DamageTakenXP": 1,
  "ScoreResult": "BuildOrder",
  "Mob": "Multiplayer",
  "Collide": [
    "Burrow",
    "Ground",
    "Structure",
    "RoachBurrow",
    "ForceField",
    "Locust",
    "Phased"
  ],
  "LifeArmor": 1,
  "CostCategory": "Economy",
  "AttackTargetPriority": 11,
  "FogVisibility": "Snapshot",
  "HotkeyCategory": "Unit/Category/DragonUnits",
  "CardLayouts": [
    {
      "LayoutButtons": [
        {
          "Face": "Cancel",
          "Type": "AbilCmd",
          "AbilCmd": "que5PassiveCancelToSelection,CancelLast",
          "Row": 2,
          "Column": 4
        },
        {
          "Face": "CancelBuilding",
          "Type": "AbilCmd",
          "AbilCmd": "BuildInProgress,Cancel",
          "Row": 2,
          "Column": 4
        }
      ]
    }
  ],
  "Facing": 315,
  "Sight": 9,
  "CostResource": {
    "Minerals": 75
  },
  "Footprint": "FootprintGeyserRoundedBuilt",
  "PlacementFootprint": "Footprint3x3CappedGeyser",
  "BuiltOn": [
    "VespeneGeyser",
    "SpacePlatformGeyser",
    "RichVespeneGeyser",
    "ProtossVespeneGeyser",
    "PurifierVespeneGeyser",
    "ShakurasVespeneGeyser"
  ],
  "BuildOnAs": [
    "CoagulaterRich"
  ],
  "ScoreMake": 75,
  "ScoreKill": 75,
  "GlossaryPriority": 20,
  "Icon": "btn-building-zerg-lurkerden",
  "LifeArmorIcon": "btn-upgrade-zerg-groundcarapace-level0",
  "ShieldArmorIcon": "btn-upgrade-protoss-shieldslevel0",
  "Id": "Coagulater",
  "Behaviors": [
    {
      "Link": "DragonLineage",
      "Id": "DragonLineage",
      "Name": "Dragon Lineage"
    },
    {
      "Link": "HarvestableVespeneGeyserGasZerg",
      "Id": "HarvestableVespeneGeyserGasZerg"
    }
  ],
  "Upgrades": [
    {
      "Link": "DragonPlateArmors",
      "Id": "DragonPlateArmors",
      "Name": "Dragon Plate Armors"
    },
    {
      "Link": "DragonPlateArmorLevel1",
      "Id": "DragonPlateArmorLevel1",
      "Icon": "btn-upgrade-zerg-groundcarapace-level1",
      "Name": "Dragon Plate Armor Level 1"
    },
    {
      "Link": "DragonPlateArmorLevel2",
      "Id": "DragonPlateArmorLevel2",
      "Icon": "btn-upgrade-zerg-groundcarapace-level2",
      "Name": "Dragon Plate Armor Level 2"
    },
    {
      "Link": "DragonPlateArmorLevel3",
      "Id": "DragonPlateArmorLevel3",
      "Icon": "btn-upgrade-zerg-groundcarapace-level3",
      "Name": "Dragon Plate Armor Level 3"
    }
  ],
  "Abilities": [
    {
      "Link": "BuildInProgress",
      "Id": "BuildInProgress",
      "Name": "Build in Progress"
    },
    {
      "Link": "AugmentationPit",
      "Id": "AugmentationPit",
      "Name": "Augmentation Pit"
    }
  ],
  "Requirements": [],
  "Production": [],
  "Producers": [
    {
      "Id": "DenizenoftheDeep",
      "Icon": "btn-building-zerg-primalhive",
      "Description": "Primary structure. Used to receive gathered resources. Propogates economic Dragon structures.<br/><br/><span style=\"color: #ffff8a\">Enables:</span><br/>- Plodders<br/>- Razorbacks<br/>- Coagulaters",
      "Name": "Denizen of the Deep"
    },
    {
      "Id": "DenizenoftheDeepNoFootprint",
      "Icon": "btn-building-zerg-primalhive",
      "Description": "Primary structure. Used to receive gathered resources. Propogates economic Dragon structures.<br/><br/><span style=\"color: #ffff8a\">Enables:</span><br/>- Plodders<br/>- Razorbacks<br/>- Coagulaters",
      "Name": "Denizen of the Deep"
    }
  ],
  "Commands": [
    {
      "Id": "Cancel",
      "Icon": "btn-command-cancel",
      "Tooltip": "Drops the current order without performing it, and allows you to select a different order.",
      "Name": "Cancel",
      "AbilCmd": "que5PassiveCancelToSelection,CancelLast"
    },
    {
      "Id": "CancelBuilding",
      "Icon": "btn-command-cancel",
      "Tooltip": "Cancels construction of this structure, destroying the structure and giving a partial refund.",
      "Name": "Cancel",
      "AbilCmd": "BuildInProgress,Cancel"
    }
  ]
}