{
  "Name": "Rich Coagulater",
  "Description": "Propogated over a Vespene Geyser to allow harvesting of vespene gas.",
  "DeathRevealFilters": "Visible;Player,Ally,Neutral,Missile,Dead,Hidden",
  "DeathRevealRadius": 3,
  "DeathRevealDuration": 4,
  "DeathRevealType": "Snapshot",
  "Race": "Dragon",
  "DefaultAcquireLevel": "Offensive",
  "Response": "Acquire",
  "ResourceState": "Harvestable",
  "ResourceType": "Vespene",
  "LifeStart": 750,
  "LifeMax": 750,
  "Mover": "Ground",
  "StationaryTurningRate": 720,
  "TurningRate": 720,
  "Radius": 1.5,
  "SeparationRadius": 1.5,
  "MinimapRadius": 1.5,
  "TacticalAIFilters": "-;Player,Ally,Neutral",
  "AIEvalFactor": 1,
  "Mass": 0.4,
  "FlagArray": [],
  "PushPriority": 10,
  "LeaderAlias": "CoagulaterRich",
  "HotkeyAlias": "CoagulaterRich",
  "SelectAlias": "CoagulaterRich",
  "SubgroupAlias": "CoagulaterRich",
  "OccludeHeight": 0.75,
  "TacticalAI": "CoagulaterRich",
  "AIEvaluateAlias": "CoagulaterRich",
  "ReviveType": "CoagulaterRich",
  "PawnItemReduction": 1,
  "Fidget": {
    "DelayMax": 30,
    "DelayMin": 10,
    "DistanceMax": 4,
    "DistanceMin": 1,
    "TurnAngle": 90,
    "TurningRate": 90,
    "ChanceArray": {
      "Idle": 100
    }
  },
  "ReviveInfoBase": {
    "Charge": {
      "Link": "CoagulaterRich/Revive",
      "Location": "Unit"
    },
    "Cooldown": {
      "Link": "CoagulaterRich/Revive",
      "Location": "Unit"
    }
  },
  "InnerRadiusSafetyMultiplier": 1,
  "ArmorType": "Unknown",
  "DamageDealtXP": 1,
  "DamageTakenXP": 1,
  "ScoreResult": "BuildOrder",
  "Mob": "Multiplayer",
  "LifeArmor": 1,
  "CostCategory": "Economy",
  "AttackTargetPriority": 11,
  "FogVisibility": "Snapshot",
  "HotkeyCategory": "",
  "CardLayouts": [
    {
      "LayoutButtons": [
        {
          "Face": "Cancel",
          "Type": "AbilCmd",
          "AbilCmd": "que5PassiveCancelToSelection,CancelLast",
          "Row": 2,
          "Column": 4
        },
        {
          "Face": "CancelBuilding",
          "Type": "AbilCmd",
          "AbilCmd": "BuildInProgress,Cancel",
          "Row": 2,
          "Column": 4
        }
      ]
    }
  ],
  "Facing": 315,
  "Sight": 9,
  "CostResource": {
    "Minerals": 75
  },
  "Footprint": "FootprintGeyserRoundedBuilt",
  "PlacementFootprint": "Footprint3x3CappedGeyser",
  "BuiltOn": [
    "RichVespeneGeyser"
  ],
  "ScoreMake": 75,
  "ScoreKill": 75,
  "Icon": "btn-building-zerg-lurkerden",
  "LifeArmorIcon": "btn-upgrade-zerg-groundcarapace-level0",
  "ShieldArmorIcon": "btn-upgrade-protoss-shieldslevel0",
  "Id": "CoagulaterRich",
  "Behaviors": [
    {
      "Link": "DragonLineage",
      "Id": "DragonLineage",
      "Name": "Dragon Lineage"
    },
    {
      "Link": "HarvestableRichVespeneGeyserGasZerg",
      "Id": "HarvestableRichVespeneGeyserGasZerg"
    }
  ],
  "Upgrades": [],
  "Abilities": [
    {
      "Link": "BuildInProgress",
      "Id": "BuildInProgress",
      "Name": "Build in Progress"
    },
    {
      "Link": "AugmentationPit",
      "Id": "AugmentationPit",
      "Name": "Augmentation Pit"
    }
  ],
  "Requirements": [],
  "Production": [],
  "Producers": [],
  "Commands": [
    {
      "Id": "Cancel",
      "Icon": "btn-command-cancel",
      "Tooltip": "Drops the current order without performing it, and allows you to select a different order.",
      "Name": "Cancel",
      "AbilCmd": "que5PassiveCancelToSelection,CancelLast"
    },
    {
      "Id": "CancelBuilding",
      "Icon": "btn-command-cancel",
      "Tooltip": "Cancels construction of this structure, destroying the structure and giving a partial refund.",
      "Name": "Cancel",
      "AbilCmd": "BuildInProgress,Cancel"
    }
  ]
}