{
  "Name": "Colossus",
  "Description": "Battle strider with a powerful area attack. Can step up and down cliffs. Can be targeted by anti-air weapons.<br/><br/><span style=\"color: #ffff8a\">Can attack ground units.</span>",
  "DeathRevealFilters": "Visible;Player,Ally,Neutral,Missile,Dead,Hidden",
  "DeathRevealRadius": 3,
  "DeathRevealDuration": 4,
  "DeathRevealType": "Snapshot",
  "Race": "Prot",
  "DefaultAcquireLevel": "Offensive",
  "Response": "Acquire",
  "ResourceState": "Unknown",
  "ResourceType": "Unknown",
  "LifeStart": 200,
  "LifeMax": 200,
  "LifeArmorName": "Protoss Armor",
  "Mover": "Colossus",
  "StationaryTurningRate": 720,
  "TurningRate": 720,
  "Radius": 1,
  "SeparationRadius": 0.75,
  "MinimapRadius": 1,
  "EditorCategories": {
    "ObjectType": "Unit",
    "ObjectFamily": "Melee"
  },
  "TacticalAIFilters": "-;Player,Ally,Neutral",
  "AIEvalFactor": 1,
  "Mass": 0.4,
  "FlagArray": [
    "Movable",
    "Unclickable",
    "Unhighlightable",
    "Untooltipable",
    "KillCredit",
    "ShowResources",
    "ClearRallyOnTargetLost",
    "PlayerRevivable",
    "CameraFollow",
    "PreventDestroy",
    "UseLineOfSight",
    "AISplash",
    "ArmySelect"
  ],
  "EditorFlags": [
    "BlockStructures"
  ],
  "PushPriority": 10,
  "LeaderAlias": "Colossus",
  "HotkeyAlias": "Colossus",
  "SelectAlias": "Colossus",
  "SubgroupAlias": "Colossus",
  "OccludeHeight": 0.75,
  "TacticalAI": "Colossus",
  "AIEvaluateAlias": "Colossus",
  "ReviveType": "Colossus",
  "PawnItemReduction": 1,
  "Fidget": {
    "DelayMax": 30,
    "DelayMin": 10,
    "DistanceMax": 4,
    "DistanceMin": 1,
    "TurnAngle": 90,
    "TurningRate": 90,
    "ChanceArray": {
      "Idle": 100
    }
  },
  "ReviveInfoBase": {
    "Charge": {
      "Link": "Colossus/Revive",
      "Location": "Unit"
    },
    "Cooldown": {
      "Link": "Colossus/Revive",
      "Location": "Unit"
    }
  },
  "InnerRadiusSafetyMultiplier": 1,
  "ArmorType": "Unknown",
  "Mob": "Multiplayer",
  "LifeArmor": 1,
  "ShieldsStart": 150,
  "ShieldsMax": 150,
  "ShieldRegenRate": 2,
  "ShieldArmorName": "Protoss Plasma Shields",
  "Speed": 2.25,
  "Acceleration": 1000,
  "LateralAcceleration": 46.0625,
  "Food": -6,
  "AttackTargetPriority": 20,
  "DamageDealtXP": 1,
  "DamageTakenXP": 1,
  "KillXP": 160,
  "CargoSize": 8,
  "InnerRadius": 0.5625,
  "ScoreMake": 500,
  "ScoreKill": 500,
  "ScoreResult": "BuildOrder",
  "SubgroupPriority": 48,
  "PlaneArray": [
    "Ground",
    "Air"
  ],
  "Collide": [
    "Colossus",
    "Structure",
    "Flying"
  ],
  "VisionHeight": 4,
  "Sight": 10,
  "CardLayouts": [
    {
      "LayoutButtons": [
        {
          "Face": "Move",
          "Type": "AbilCmd",
          "AbilCmd": "move,Move",
          "Row": 0,
          "Column": 0
        },
        {
          "Face": "Stop",
          "Type": "AbilCmd",
          "AbilCmd": "stop,Stop",
          "Row": 0,
          "Column": 1
        },
        {
          "Face": "MoveHoldPosition",
          "Type": "AbilCmd",
          "AbilCmd": "move,HoldPos",
          "Row": 0,
          "Column": 2
        },
        {
          "Face": "Attack",
          "Type": "AbilCmd",
          "AbilCmd": "attack,Execute",
          "Row": 0,
          "Column": 4
        },
        {
          "Face": "MovePatrol",
          "Type": "AbilCmd",
          "AbilCmd": "move,Patrol",
          "Row": 0,
          "Column": 3
        },
        {
          "Face": "CliffWalk",
          "Type": "Passive",
          "Row": 2,
          "Column": 0
        }
      ]
    }
  ],
  "Attributes": [
    "Armored",
    "Mechanical",
    "Massive"
  ],
  "GlossaryCategory": "Unit/Category/ProtossUnits",
  "HotkeyCategory": "Unit/Category/ProtossUnits",
  "GlossaryPriority": 130,
  "CostCategory": "Army",
  "CostResource": {
    "Minerals": 300,
    "Vespene": 200
  },
  "GlossaryStrongArray": [
    "Marine",
    "Zergling",
    "Zealot"
  ],
  "GlossaryWeakArray": [
    "VikingFighter",
    "Corruptor",
    "Tempest"
  ],
  "ShieldRegenDelay": 10,
  "RepairTime": 75,
  "Icon": "btn-unit-protoss-colossus",
  "LifeArmorIcon": "btn-upgrade-protoss-groundarmorlevel0",
  "ShieldArmorIcon": "btn-upgrade-protoss-shieldslevel0",
  "Id": "Colossus",
  "Weapons": [
    {
      "Link": "ThermalLances",
      "Turret": "Colossus",
      "Id": "ThermalLances",
      "Icon": "btn-upgrade-protoss-groundweaponslevel0",
      "Name": "Thermal Lance",
      "Amount": 10,
      "AttributeBonus": {
        "Light": 5
      },
      "Kind": "Ranged",
      "DisplayAttackCount": 2,
      "TargetFilters": "Ground",
      "Range": 7,
      "Period": 1.5
    }
  ],
  "Behaviors": [],
  "Upgrades": [
    {
      "Link": "ProtossGroundArmors",
      "Id": "ProtossGroundArmors",
      "Name": "Protoss Ground Armors"
    },
    {
      "Link": "ProtossGroundWeapons",
      "Id": "ProtossGroundWeapons",
      "Name": "Protoss Ground Weapons"
    },
    {
      "Link": "ProtossShields",
      "Id": "ProtossShields",
      "Name": "Protoss Shields"
    },
    {
      "Link": "ExtendedThermalLance",
      "Id": "ExtendedThermalLance",
      "Icon": "btn-upgrade-protoss-extendedthermallance",
      "Name": "Extended Thermal Lance"
    },
    {
      "Link": "ProtossGroundArmorsLevel1",
      "Id": "ProtossGroundArmorsLevel1",
      "Icon": "btn-upgrade-protoss-groundarmorlevel1",
      "Name": "Protoss Ground Armor Level 1"
    },
    {
      "Link": "ProtossGroundArmorsLevel2",
      "Id": "ProtossGroundArmorsLevel2",
      "Icon": "btn-upgrade-protoss-groundarmorlevel2",
      "Name": "Protoss Ground Armor Level 2"
    },
    {
      "Link": "ProtossGroundArmorsLevel3",
      "Id": "ProtossGroundArmorsLevel3",
      "Icon": "btn-upgrade-protoss-groundarmorlevel3",
      "Name": "Protoss Ground Armor Level 3"
    },
    {
      "Link": "ProtossGroundWeaponsLevel1",
      "Id": "ProtossGroundWeaponsLevel1",
      "Icon": "btn-upgrade-protoss-groundweaponslevel1",
      "Name": "Protoss Ground Weapons Level 1"
    },
    {
      "Link": "ProtossGroundWeaponsLevel2",
      "Id": "ProtossGroundWeaponsLevel2",
      "Icon": "btn-upgrade-protoss-groundweaponslevel2",
      "Name": "Protoss Ground Weapons Level 2"
    },
    {
      "Link": "ProtossGroundWeaponsLevel3",
      "Id": "ProtossGroundWeaponsLevel3",
      "Icon": "btn-upgrade-protoss-groundweaponslevel3",
      "Name": "Protoss Ground Weapons Level 3"
    },
    {
      "Link": "ProtossShieldsLevel1",
      "Id": "ProtossShieldsLevel1",
      "Icon": "btn-upgrade-protoss-shieldslevel1",
      "Name": "Protoss Shields Level 1"
    },
    {
      "Link": "ProtossShieldsLevel2",
      "Id": "ProtossShieldsLevel2",
      "Icon": "btn-upgrade-protoss-shieldslevel2",
      "Name": "Protoss Shields Level 2"
    },
    {
      "Link": "ProtossShieldsLevel3",
      "Id": "ProtossShieldsLevel3",
      "Icon": "btn-upgrade-protoss-shieldslevel3",
      "Name": "Protoss Shields Level 3"
    },
    {
      "Link": "RewardDanceColossus",
      "Id": "RewardDanceColossus",
      "Icon": "btn-unit-protoss-colossus",
      "Name": "Reward Dance - Colossus"
    },
    {
      "Link": "ColossusSkin",
      "Id": "ColossusSkin",
      "Icon": "btn-unit-protoss-colossus",
      "Name": "Colossus"
    },
    {
      "Link": "ColossusTal",
      "Id": "ColossusTal",
      "Icon": "btn-unit-protoss-colossus",
      "Name": "Colossus"
    }
  ],
  "Abilities": [
    {
      "Link": "stop",
      "Id": "stop",
      "Name": "Stop"
    },
    {
      "Link": "attack",
      "Id": "attack",
      "Name": "Attack"
    },
    {
      "Link": "move",
      "Id": "move",
      "Name": "Move"
    }
  ],
  "Requirements": [
    {
      "Id": "RoboticsBay",
      "Icon": "btn-building-protoss-roboticssupportbay",
      "Description": "Contains upgrades for the Observer, Warp Prism, and Colossus.<br/><br/><span style=\"color: #ffff8a\">Enables:</span><br/>- Colossi at the Robotics Facility<br/>- Disruptors at the Robotics Facility",
      "Name": "Robotics Bay"
    }
  ],
  "Production": [],
  "Producers": [
    {
      "Id": "RoboticsFacility",
      "Icon": "btn-building-protoss-roboticsfacility",
      "Description": "Warps in Protoss robotic units.<br/><br/><span style=\"color: #ffff8a\">Enables:</span><br/>- Observers<br/>- Warp Prisms<br/>- Immortals",
      "Name": "Robotics Facility"
    }
  ],
  "Commands": [
    {
      "Id": "Move",
      "Icon": "btn-command-move",
      "Tooltip": "Orders selected units to move to the target area or follow the target unit. Moving units will not engage enemies.",
      "Name": "Move",
      "AbilCmd": "move,Move"
    },
    {
      "Id": "Stop",
      "Icon": "btn-command-stop",
      "Tooltip": "Orders selected units to cancel all orders and stop moving.",
      "Name": "Stop",
      "AbilCmd": "stop,Stop"
    },
    {
      "Id": "MoveHoldPosition",
      "Icon": "btn-command-holdposition",
      "Tooltip": "Orders selected units to stay where they are and attack enemies that are within range. Units will neither chase down enemies nor move to engage.",
      "Name": "Hold Position",
      "AbilCmd": "move,HoldPos"
    },
    {
      "Id": "Attack",
      "Icon": "btn-command-attack",
      "Tooltip": "Orders selected units to move to the target point, fighting nearby enemies along the way. Targeting a unit with the Attack command orders that it be attacked until it is destroyed.",
      "Name": "Attack",
      "AbilCmd": "attack,Execute"
    },
    {
      "Id": "MovePatrol",
      "Icon": "btn-command-patrol",
      "Tooltip": "Orders selected units to patrol between their current position and the target area. Units will attack enemies and move to engage nearby enemies.",
      "Name": "Patrol",
      "AbilCmd": "move,Patrol"
    }
  ]
}