{
  "Name": "Command Center",
  "Description": "Primary structure. Used to receive gathered resources. Can use the Lift Off ability and can upgrade into an Orbital Command or a Planetary Fortress.<br/><br/><span style=\"color: #ffff8a\">Enables:</span><br/>- SCVs",
  "DeathRevealFilters": "Visible;Player,Ally,Neutral,Missile,Dead,Hidden",
  "DeathRevealRadius": 3,
  "DeathRevealDuration": 4,
  "DeathRevealType": "Snapshot",
  "Race": "Terr",
  "DefaultAcquireLevel": "Offensive",
  "Response": "Acquire",
  "ResourceState": "Unknown",
  "ResourceType": "Unknown",
  "LifeStart": 1500,
  "LifeMax": 1500,
  "LifeArmorName": "Terran Building Plating",
  "Mover": "Ground",
  "StationaryTurningRate": 719.4726,
  "TurningRate": 719.4726,
  "Radius": 2.5,
  "SeparationRadius": 2.5,
  "MinimapRadius": 2.5,
  "EditorCategories": {
    "ObjectType": "Structure",
    "ObjectFamily": "Melee"
  },
  "TacticalAIFilters": "-;Player,Ally,Neutral",
  "AIEvalFactor": 1,
  "Mass": 0.4,
  "FlagArray": [
    "Movable",
    "Unclickable",
    "Unhighlightable",
    "Untooltipable",
    "KillCredit",
    "ShowResources",
    "ClearRallyOnTargetLost",
    "PlayerRevivable",
    "CameraFollow",
    "PreventReveal",
    "PreventDefeat",
    "PreventDestroy",
    "UseLineOfSight",
    "TownAlert",
    "NoPortraitTalk",
    "TownCamera",
    "ArmorDisabledWhileConstructing"
  ],
  "EditorFlags": [
    "BlockStructures"
  ],
  "PushPriority": 10,
  "LeaderAlias": "CommandCenter",
  "HotkeyAlias": "CommandCenter",
  "SelectAlias": "CommandCenter",
  "SubgroupAlias": "CommandCenter",
  "OccludeHeight": 0.75,
  "TacticalAI": "CommandCenter",
  "AIEvaluateAlias": "CommandCenter",
  "ReviveType": "CommandCenter",
  "PawnItemReduction": 1,
  "Fidget": {
    "DelayMax": 30,
    "DelayMin": 10,
    "DistanceMax": 4,
    "DistanceMin": 1,
    "TurnAngle": 90,
    "TurningRate": 90,
    "ChanceArray": {
      "Idle": 100
    }
  },
  "ReviveInfoBase": {
    "Charge": {
      "Link": "CommandCenter/Revive",
      "Location": "Unit"
    },
    "Cooldown": {
      "Link": "CommandCenter/Revive",
      "Location": "Unit"
    }
  },
  "InnerRadiusSafetyMultiplier": 1,
  "ArmorType": "Unknown",
  "TechAliasArray": [
    "Alias_CommandCenter"
  ],
  "Facing": 315,
  "Mob": "Multiplayer",
  "FogVisibility": "Snapshot",
  "LifeArmor": 1,
  "Food": 15,
  "CostCategory": "Economy",
  "CostResource": {
    "Minerals": 400
  },
  "RepairTime": 100,
  "AttackTargetPriority": 11,
  "Footprint": "Footprint5x5Contour",
  "PlacementFootprint": "Footprint5x5DropOff",
  "ScoreMake": 400,
  "ScoreKill": 400,
  "ScoreResult": "BuildOrder",
  "SubgroupPriority": 32,
  "ResourceDropOff": {
    "Minerals": 1,
    "Vespene": 1,
    "Terrazine": 1,
    "Custom": 1
  },
  "Attributes": [
    "Armored",
    "Mechanical",
    "Structure"
  ],
  "PlaneArray": [
    "Ground"
  ],
  "Collide": [
    "Burrow",
    "Ground",
    "Structure",
    "RoachBurrow",
    "ForceField",
    "Small",
    "Locust",
    "Phased"
  ],
  "Sight": 11,
  "TacticalAIThink": "AIThinkCommandCenter",
  "CardLayouts": [
    {
      "LayoutButtons": [
        {
          "Face": "SCV",
          "Type": "AbilCmd",
          "AbilCmd": "CommandCenterTrain,Train1",
          "Row": 0,
          "Column": 0
        },
        {
          "Face": "OrbitalCommand",
          "Type": "AbilCmd",
          "AbilCmd": "UpgradeToOrbital,Execute",
          "Row": 0,
          "Column": 3
        },
        {
          "Face": "UpgradeToPlanetaryFortress",
          "Type": "AbilCmd",
          "AbilCmd": "UpgradeToPlanetaryFortress,Execute",
          "Row": 0,
          "Column": 4
        },
        {
          "Face": "Rally",
          "Type": "AbilCmd",
          "AbilCmd": "RallyCommand,Rally1",
          "Row": 1,
          "Column": 4
        },
        {
          "Face": "CommandCenterLoad",
          "Type": "AbilCmd",
          "AbilCmd": "CommandCenterTransport,LoadAll",
          "Row": 2,
          "Column": 0
        },
        {
          "Face": "CommandCenterUnloadAll",
          "Type": "AbilCmd",
          "AbilCmd": "CommandCenterTransport,UnloadAll",
          "Row": 2,
          "Column": 1
        },
        {
          "Face": "Lift",
          "Type": "AbilCmd",
          "AbilCmd": "CommandCenterLiftOff,Execute",
          "Row": 2,
          "Column": 3
        },
        {
          "Face": "Halt",
          "Type": "AbilCmd",
          "AbilCmd": "BuildInProgress,Halt",
          "Row": 2,
          "Column": 3
        },
        {
          "Face": "Cancel",
          "Type": "AbilCmd",
          "AbilCmd": "que5CancelToSelection,CancelLast",
          "Row": 2,
          "Column": 4
        },
        {
          "Face": "CancelUpgradeMorph",
          "Type": "AbilCmd",
          "AbilCmd": "UpgradeToPlanetaryFortress,Cancel",
          "Row": 2,
          "Column": 4
        },
        {
          "Face": "CancelUpgradeMorph",
          "Type": "AbilCmd",
          "AbilCmd": "UpgradeToOrbital,Cancel",
          "Row": 2,
          "Column": 4
        },
        {
          "Face": "CancelBuilding",
          "Type": "AbilCmd",
          "AbilCmd": "BuildInProgress,Cancel",
          "Row": 2,
          "Column": 4
        },
        {
          "Face": "SelectBuilder",
          "Type": "SelectBuilder",
          "AbilCmd": "CommandCenterTrain,Train1",
          "Row": 1,
          "Column": 3
        }
      ]
    }
  ],
  "GlossaryPriority": 30,
  "HotkeyCategory": "Unit/Category/TerranUnits",
  "TechTreeProducedUnitArray": [
    "SCV",
    "PlanetaryFortress",
    "OrbitalCommand"
  ],
  "EffectArray": {
    "Create": "CCCreateSet",
    "Birth": "CCBirthSet"
  },
  "Icon": "btn-building-terran-commandcenter",
  "LifeArmorIcon": "btn-upgrade-terran-buildingarmor",
  "ShieldArmorIcon": "btn-upgrade-protoss-shieldslevel0",
  "Id": "CommandCenter",
  "Behaviors": [
    {
      "Link": "TerranBuildingBurnDown",
      "Id": "TerranBuildingBurnDown"
    },
    {
      "Link": "CommandCenterKnockbackBehavior",
      "Id": "CommandCenterKnockbackBehavior"
    }
  ],
  "Upgrades": [
    {
      "Link": "SnowVisualMP",
      "Id": "SnowVisualMP"
    },
    {
      "Link": "TerranBuildingArmor",
      "Id": "TerranBuildingArmor",
      "Icon": "btn-upgrade-terran-buildingarmor",
      "Name": "Neosteel Armor"
    },
    {
      "Link": "NeosteelFrame",
      "Id": "NeosteelFrame",
      "Icon": "btn-upgrade-terran-neosteelframe",
      "Name": "Neosteel Frame"
    }
  ],
  "Abilities": [
    {
      "Link": "BuildInProgress",
      "Id": "BuildInProgress",
      "Name": "Build in Progress"
    },
    {
      "Link": "que5CancelToSelection",
      "Id": "que5CancelToSelection",
      "Name": "Queue (5) (Cancel To Selection)"
    },
    {
      "Link": "CommandCenterTrain",
      "Id": "CommandCenterTrain",
      "Name": "Train (Command Center)"
    },
    {
      "Link": "RallyCommand",
      "Id": "RallyCommand",
      "Name": "Command Center - Rally"
    },
    {
      "Link": "CommandCenterTransport",
      "Id": "CommandCenterTransport",
      "Name": "Load-Unload (Command Center)"
    },
    {
      "Link": "CommandCenterLiftOff",
      "Id": "CommandCenterLiftOff",
      "Name": "Lift Off (Command Center)"
    },
    {
      "Link": "UpgradeToPlanetaryFortress",
      "Id": "UpgradeToPlanetaryFortress",
      "Name": "Morph Building (COCE -> Planetary Fortress)"
    },
    {
      "Link": "UpgradeToOrbital",
      "Id": "UpgradeToOrbital",
      "Name": "Morph Building (COCE -> Orbital Command)"
    }
  ],
  "Requirements": [],
  "Production": [
    {
      "Id": "SCV",
      "Icon": "btn-unit-terran-scv",
      "Description": "Basic worker unit. Can gather resources, build Terran structures, and repair.<br/><br/><c val=\"#ColorAttackInfo\">Can attack ground units.</span>",
      "Name": "SCV"
    },
    {
      "Id": "SCV",
      "Icon": "btn-unit-terran-scv",
      "Description": "Basic worker unit. Can gather resources, build Terran structures, and repair.<br/><br/><c val=\"#ColorAttackInfo\">Can attack ground units.</span>",
      "Name": "SCV"
    }
  ],
  "Producers": [
    {
      "Id": "SCV",
      "Icon": "btn-unit-terran-scv",
      "Description": "Basic worker unit. Can gather resources, build Terran structures, and repair.<br/><br/><c val=\"#ColorAttackInfo\">Can attack ground units.</span>",
      "Name": "SCV"
    }
  ],
  "Commands": [
    {
      "Id": "SCV",
      "Icon": "btn-unit-terran-scv",
      "Tooltip": "Basic worker unit. Can gather resources, build Terran structures, and repair.<br/><br/><c val=\"#ColorAttackInfo\">Can attack ground units.</span>",
      "Name": "Train SCV",
      "AbilCmd": "CommandCenterTrain,Train1"
    },
    {
      "Id": "OrbitalCommand",
      "Icon": "btn-building-terran-surveillancestation",
      "Tooltip": "Upgrades Command Center to an Orbital Command, unlocking Scanner Sweep, Calldown: MULE, and Calldown: Extra Supplies. Cannot load SCVs.",
      "Name": "Upgrade to Orbital Command",
      "AbilCmd": "UpgradeToOrbital,Execute"
    },
    {
      "Id": "UpgradeToPlanetaryFortress",
      "Icon": "btn-building-terran-planetaryfortress",
      "Tooltip": "Upgrades Command Center to a Planetary Fortress, greatly increasing its armor and arming it with a powerful defensive turret. Cannot lift off.<br/><br/><span style=\"color: #ffff8a\">Can attack ground units.</span>",
      "Name": "Upgrade to Planetary Fortress",
      "AbilCmd": "UpgradeToPlanetaryFortress,Execute"
    },
    {
      "Id": "Rally",
      "Icon": "btn-ability-terran-setrallypoint",
      "Tooltip": "Sends constructed units to the designated point. Workers rallied to resources will begin gathering automatically.",
      "Name": "Set Rally Point",
      "AbilCmd": "RallyCommand,Rally1"
    },
    {
      "Id": "CommandCenterLoad",
      "Icon": "btn-ability-terran-load",
      "Tooltip": "Loads nearby SCVs into Command Center.",
      "Name": "Load",
      "AbilCmd": "CommandCenterTransport,LoadAll"
    },
    {
      "Id": "CommandCenterUnloadAll",
      "Icon": "btn-ability-terran-unloadall",
      "Tooltip": "Unloads all units.",
      "Name": "Unload All",
      "AbilCmd": "CommandCenterTransport,UnloadAll"
    },
    {
      "Id": "Lift",
      "Icon": "btn-ability-terran-liftoff",
      "Tooltip": "Transforms structure into a slow air unit for redeployment. May not produce units, research upgrades, or use abilities until it has landed.",
      "Name": "Lift Off",
      "AbilCmd": "CommandCenterLiftOff,Execute"
    },
    {
      "Id": "Halt",
      "Icon": "btn-command-stop",
      "Tooltip": "Halts construction of this structure. The partial construction will remain.",
      "Name": "Halt",
      "AbilCmd": "BuildInProgress,Halt"
    },
    {
      "Id": "Cancel",
      "Icon": "btn-command-cancel",
      "Tooltip": "Drops the current order without performing it, and allows you to select a different order.",
      "Name": "Cancel",
      "AbilCmd": "que5CancelToSelection,CancelLast"
    },
    {
      "Id": "CancelUpgradeMorph",
      "Icon": "btn-command-cancel",
      "Tooltip": "Cancels the upgrade order, returning the structure to its original state.",
      "Name": "Cancel",
      "AbilCmd": "UpgradeToPlanetaryFortress,Cancel"
    },
    {
      "Id": "CancelUpgradeMorph",
      "Icon": "btn-command-cancel",
      "Tooltip": "Cancels the upgrade order, returning the structure to its original state.",
      "Name": "Cancel",
      "AbilCmd": "UpgradeToOrbital,Cancel"
    },
    {
      "Id": "CancelBuilding",
      "Icon": "btn-command-cancel",
      "Tooltip": "Cancels construction of this structure, destroying the structure and giving a partial refund.",
      "Name": "Cancel",
      "AbilCmd": "BuildInProgress,Cancel"
    },
    {
      "Id": "SelectBuilder",
      "Icon": "btn-upgrade-terran-weaponrefit",
      "Tooltip": "Selects the unit constructing this structure.",
      "Name": "Select Builder",
      "AbilCmd": "CommandCenterTrain,Train1"
    }
  ]
}