{
  "Name": "Condor",
  "Description": "Reinforced Aerial Transport",
  "DeathRevealFilters": "Visible;Player,Ally,Neutral,Missile,Dead,Hidden",
  "DeathRevealRadius": 4,
  "DeathRevealDuration": 4,
  "DeathRevealType": "Snapshot",
  "Race": "UPL",
  "DefaultAcquireLevel": "Offensive",
  "Response": "Acquire",
  "ResourceState": "Unknown",
  "ResourceType": "Unknown",
  "LifeStart": 350,
  "LifeMax": 350,
  "LifeArmorName": "UPL Ship Plating",
  "Mover": "Fly",
  "StationaryTurningRate": 249.961,
  "TurningRate": 249.961,
  "Radius": 1.25,
  "SeparationRadius": 1.25,
  "MinimapRadius": 1,
  "EditorCategories": {
    "ObjectType": "Unit",
    "ObjectFamily": "Melee"
  },
  "TacticalAIFilters": "-;Player,Ally,Neutral",
  "AIEvalFactor": 0.2,
  "Mass": 0.4,
  "FlagArray": [
    "Turnable",
    "Movable",
    "Unclickable",
    "Unhighlightable",
    "Untooltipable",
    "KillCredit",
    "ShowResources",
    "ClearRallyOnTargetLost",
    "PlayerRevivable",
    "CameraFollow",
    "PreventDestroy",
    "UseLineOfSight",
    "AlwaysThreatens",
    "AIThreatGround",
    "AIThreatAir",
    "AISupport",
    "ArmySelect"
  ],
  "EditorFlags": [
    "BlockStructures"
  ],
  "PushPriority": 10,
  "LeaderAlias": "Condor",
  "HotkeyAlias": "Condor",
  "SelectAlias": "Condor",
  "SubgroupAlias": "Condor",
  "OccludeHeight": 0.75,
  "TacticalAI": "Condor",
  "AIEvaluateAlias": "Condor",
  "ReviveType": "Condor",
  "PawnItemReduction": 1,
  "Fidget": {
    "DelayMax": 30,
    "DelayMin": 10,
    "DistanceMax": 4,
    "DistanceMin": 1,
    "TurnAngle": 90,
    "TurningRate": 90,
    "ChanceArray": {
      "Idle": 100
    }
  },
  "ReviveInfoBase": {
    "Charge": {
      "Link": "Condor/Revive",
      "Location": "Unit"
    },
    "Cooldown": {
      "Link": "Condor/Revive",
      "Location": "Unit"
    }
  },
  "InnerRadiusSafetyMultiplier": 1,
  "ArmorType": "Unknown",
  "Mob": "Multiplayer",
  "PlaneArray": [
    "Air"
  ],
  "Collide": [
    "Flying"
  ],
  "Attributes": [
    "Armored",
    "Mechanical",
    "Massive"
  ],
  "LifeArmor": 2,
  "Speed": 2.25,
  "Acceleration": 1.8125,
  "Sight": 13.5,
  "VisionHeight": 4,
  "Food": -4,
  "CostCategory": "Army",
  "CostResource": {
    "Minerals": 200,
    "Vespene": 50
  },
  "RepairTime": 41.6667,
  "AttackTargetPriority": 19,
  "DamageDealtXP": 1,
  "DamageTakenXP": 1,
  "KillXP": 50,
  "CardLayouts": [
    {
      "LayoutButtons": [
        {
          "Face": "Move",
          "Type": "AbilCmd",
          "AbilCmd": "move,Move",
          "Row": 0,
          "Column": 0
        },
        {
          "Face": "Stop",
          "Type": "AbilCmd",
          "AbilCmd": "stop,Stop",
          "Row": 0,
          "Column": 1
        },
        {
          "Face": "MoveHoldPosition",
          "Type": "AbilCmd",
          "AbilCmd": "move,HoldPos",
          "Row": 0,
          "Column": 2
        },
        {
          "Face": "MovePatrol",
          "Type": "AbilCmd",
          "AbilCmd": "move,Patrol",
          "Row": 0,
          "Column": 3
        },
        {
          "Face": "CondorLift",
          "Type": "AbilCmd",
          "AbilCmd": "CondorFly,Execute",
          "Row": 2,
          "Column": 1
        },
        {
          "Face": "Attack",
          "Type": "AbilCmd",
          "AbilCmd": "attack,Execute",
          "Row": 0,
          "Column": 4
        },
        {
          "Face": "AcquireMove",
          "Type": "AbilCmd",
          "AbilCmd": "move,AcquireMove",
          "Row": 0,
          "Column": 4
        },
        {
          "Face": "CondorLoad",
          "Type": "AbilCmd",
          "AbilCmd": "CondorTransport,Load",
          "Row": 2,
          "Column": 2
        },
        {
          "Face": "CondorLand",
          "Type": "AbilCmd",
          "AbilCmd": "CondorLand,Execute",
          "Row": 2,
          "Column": 0
        },
        {
          "Face": "CondorUnloadAll",
          "Type": "AbilCmd",
          "AbilCmd": "CondorTransport,UnloadAll",
          "Row": 2,
          "Column": 3
        },
        {
          "Face": "CondorEnhancedCargo",
          "Type": "Passive",
          "Requirements": "UseCondorCargo",
          "ShowInGlossary": 0,
          "Row": 1,
          "Column": 0
        },
        {
          "Face": "CondorFrancineFuelInjection",
          "Type": "Passive",
          "Requirements": "UseFrancineFuelInjection",
          "ShowInGlossary": 0,
          "Row": 1,
          "Column": 1
        },
        {
          "Face": "CondorCloak",
          "Type": "Passive",
          "Requirements": "HaveRaptorCloakAbilUpgrade",
          "Row": 1,
          "Column": 2
        }
      ]
    }
  ],
  "InnerRadius": 1.25,
  "ScoreMake": 250,
  "ScoreKill": 325,
  "ScoreResult": "BuildOrder",
  "SubgroupPriority": 16,
  "GlossaryCategory": "Unit/Category/0UPLUnits",
  "GlossaryPriority": 53,
  "HotkeyCategory": "Unit/Category/UPLUnits",
  "Height": 4,
  "TechAliasArray": [
    "Alias_Condor"
  ],
  "KillDisplay": "Never",
  "EffectArray": {
    "Death": "TransportDeathIterate"
  },
  "AlliedPushPriority": 15,
  "ScoreLost": 250,
  "Icon": "btn-unit-upl-condortransport",
  "LifeArmorIcon": "btn-upgrades-upl-vehicleplating-lvl0",
  "ShieldArmorIcon": "btn-upgrade-protoss-shieldslevel0",
  "Id": "Condor",
  "Behaviors": [
    {
      "Link": "CondorFlying",
      "Id": "CondorFlying"
    }
  ],
  "Upgrades": [
    {
      "Link": "UPLShipArmor",
      "Id": "UPLShipArmor",
      "Name": "UPL Ship Armor"
    },
    {
      "Link": "UPLVehicleArmor",
      "Id": "UPLVehicleArmor",
      "Name": "UPL Vehicle Plating"
    },
    {
      "Link": "UPLVehicleWeapons",
      "Id": "UPLVehicleWeapons",
      "Name": "UPL Vehicle Weapons"
    },
    {
      "Link": "UPLShipPlatingLevel1",
      "Id": "UPLShipPlatingLevel1",
      "Icon": "btn-upgrade-terran-shipplatinglevel1",
      "Name": "UPL Ship Plating Level 1"
    },
    {
      "Link": "UPLShipPlatingLevel2",
      "Id": "UPLShipPlatingLevel2",
      "Icon": "btn-upgrade-terran-shipplatinglevel2",
      "Name": "UPL Ship Plating Level 2"
    },
    {
      "Link": "UPLShipPlatingLevel3",
      "Id": "UPLShipPlatingLevel3",
      "Icon": "btn-upgrade-terran-shipplatinglevel3",
      "Name": "UPL Ship Plating Level 3"
    },
    {
      "Link": "UPLVehiclePlatingLevel1",
      "Id": "UPLVehiclePlatingLevel1",
      "Icon": "btn-upgrades-upl-vehicleplating-lvl1",
      "Name": "UPL Vehicle Plating Level 1"
    },
    {
      "Link": "UPLVehiclePlatingLevel2",
      "Id": "UPLVehiclePlatingLevel2",
      "Icon": "btn-upgrades-upl-vehicleplating-lvl2",
      "Name": "UPL Vehicle Plating Level 2"
    },
    {
      "Link": "UPLVehiclePlatingLevel3",
      "Id": "UPLVehiclePlatingLevel3",
      "Icon": "btn-upgrades-upl-vehicleplating-lvl3",
      "Name": "UPL Vehicle Plating Level 3"
    },
    {
      "Link": "UPLVehicleWeaponsLevel1",
      "Id": "UPLVehicleWeaponsLevel1",
      "Icon": "btn-upgrades-upl-vehicleweapons-lvl1",
      "Name": "UPL Vehicle Weapons Level 1"
    },
    {
      "Link": "UPLVehicleWeaponsLevel2",
      "Id": "UPLVehicleWeaponsLevel2",
      "Icon": "btn-upgrades-upl-vehicleweapons-lvl2",
      "Name": "UPL Vehicle Weapons Level 2"
    },
    {
      "Link": "UPLVehicleWeaponsLevel3",
      "Id": "UPLVehicleWeaponsLevel3",
      "Icon": "btn-upgrades-upl-vehicleweapons-lvl3",
      "Name": "UPL Vehicle Weapons Level 3"
    },
    {
      "Link": "CondorEnhancedCargo",
      "Id": "CondorEnhancedCargo",
      "Icon": "btn-ability-upl-enlargecargobay",
      "Name": "Expanded Cargo Hold"
    },
    {
      "Link": "FrancineFuelInjection",
      "Id": "FrancineFuelInjection",
      "Icon": "btn-ability-upl-advancedenergyprocessing",
      "Name": "Francine Fuel Injection"
    }
  ],
  "Abilities": [
    {
      "Link": "stop",
      "Id": "stop",
      "Name": "Stop"
    },
    {
      "Link": "move",
      "Id": "move",
      "Name": "Move"
    },
    {
      "Link": "attack",
      "Id": "attack",
      "Name": "Attack"
    },
    {
      "Link": "CondorTransport",
      "Id": "CondorTransport",
      "Name": "Condor Transport"
    },
    {
      "Link": "CondorLand",
      "Id": "CondorLand",
      "Name": "Condor Land"
    },
    {
      "Link": "CondorLandCinematic",
      "Id": "CondorLandCinematic",
      "Name": "Condor Land Cinematic"
    },
    {
      "Link": "CondorLandCinematicInstantMorph",
      "Id": "CondorLandCinematicInstantMorph",
      "Name": "Condor Land Cinematic Instant Morph"
    }
  ],
  "Requirements": [],
  "Production": [],
  "Producers": [
    {
      "Id": "UPLAirstrip",
      "Icon": "btn-building-upl-uplairstrip",
      "Description": "Aircraft production facility.<br/><br/><span style=\"color: #ffff8a\">Enables:</span><br/>-  <b>Raptor Jet</b><br/>-  <b>Osprey</b><br/>-  <b>Condor</b>",
      "Name": "Airstrip"
    }
  ],
  "Commands": [
    {
      "Id": "Move",
      "Icon": "btn-command-move",
      "Tooltip": "Orders selected units to move to the target area or follow the target unit. Moving units will not engage enemies.",
      "Name": "Move",
      "AbilCmd": "move,Move"
    },
    {
      "Id": "Stop",
      "Icon": "btn-command-stop",
      "Tooltip": "Orders selected units to cancel all orders and stop moving.",
      "Name": "Stop",
      "AbilCmd": "stop,Stop"
    },
    {
      "Id": "MoveHoldPosition",
      "Icon": "btn-command-holdposition",
      "Tooltip": "Orders selected units to stay where they are and attack enemies that are within range. Units will neither chase down enemies nor move to engage.",
      "Name": "Hold Position",
      "AbilCmd": "move,HoldPos"
    },
    {
      "Id": "MovePatrol",
      "Icon": "btn-command-patrol",
      "Tooltip": "Orders selected units to patrol between their current position and the target area. Units will attack enemies and move to engage nearby enemies.",
      "Name": "Patrol",
      "AbilCmd": "move,Patrol"
    },
    {
      "Id": "CondorLift",
      "Icon": "btn-ability-terran-liftoff",
      "Tooltip": "Condor takes off.  Condor cannot load or unload while airborne.",
      "Name": "Lift Off",
      "AbilCmd": "CondorFly,Execute"
    },
    {
      "Id": "Attack",
      "Icon": "btn-command-attack",
      "Tooltip": "Orders selected units to move to the target point, fighting nearby enemies along the way. Targeting a unit with the Attack command orders that it be attacked until it is destroyed.",
      "Name": "Attack",
      "AbilCmd": "attack,Execute"
    },
    {
      "Id": "AcquireMove",
      "Icon": "btn-command-attack",
      "Tooltip": "Orders selected units to move to the target area or follow the target unit. Scan-moving units will not engage enemies.",
      "Name": "Scan Move",
      "AbilCmd": "move,AcquireMove"
    },
    {
      "Id": "CondorLoad",
      "Icon": "btn-ability-terran-load",
      "Tooltip": "Loads units into the Condors hold.",
      "Name": "Load Forces",
      "AbilCmd": "CondorTransport,Load"
    },
    {
      "Id": "CondorLand",
      "Icon": "btn-ability-terran-land",
      "Tooltip": "Condor lands.  Requires unobstructed area.  Condor can only load or unload while landed.",
      "Name": "Land",
      "AbilCmd": "CondorLand,Execute"
    },
    {
      "Id": "CondorUnloadAll",
      "Icon": "btn-ability-terran-unloadall",
      "Tooltip": "Unloads all units from the Condor's hold.",
      "Name": "Deploy Forces",
      "AbilCmd": "CondorTransport,UnloadAll"
    }
  ]
}