{
  "DeathRevealFilters": "Visible;Player,Ally,Neutral,Missile,Dead,Hidden",
  "DeathRevealRadius": 3,
  "DeathRevealDuration": 4,
  "DeathRevealType": "Snapshot",
  "Race": "Terr",
  "DefaultAcquireLevel": "Offensive",
  "Response": "Acquire",
  "ResourceState": "Unknown",
  "ResourceType": "Unknown",
  "LifeStart": 500000,
  "LifeMax": 500000,
  "LifeArmorName": "None",
  "Mover": "Ground",
  "StationaryTurningRate": 720,
  "TurningRate": 720,
  "Radius": 1.75,
  "SeparationRadius": 1.75,
  "MinimapRadius": 1.75,
  "EditorCategories": {
    "ObjectType": "Structure",
    "ObjectFamily": "Campaign"
  },
  "TacticalAIFilters": "-;Player,Ally,Neutral",
  "AIEvalFactor": 1,
  "Mass": 0.4,
  "FlagArray": [
    "PenaltyRevealed",
    "UseLineOfSight",
    "TownAlert",
    "Invulnerable",
    "NoPortraitTalk"
  ],
  "PushPriority": 10,
  "LeaderAlias": "CoopGlobalCaster",
  "HotkeyAlias": "CoopGlobalCaster",
  "SelectAlias": "CoopGlobalCaster",
  "SubgroupAlias": "CoopGlobalCaster",
  "OccludeHeight": 0.75,
  "TacticalAI": "CoopGlobalCaster",
  "AIEvaluateAlias": "CoopGlobalCaster",
  "ReviveType": "CoopGlobalCaster",
  "PawnItemReduction": 1,
  "Fidget": {
    "DelayMax": 30,
    "DelayMin": 10,
    "DistanceMax": 4,
    "DistanceMin": 1,
    "TurnAngle": 90,
    "TurningRate": 90,
    "ChanceArray": {
      "Idle": 100
    }
  },
  "ReviveInfoBase": {
    "Charge": {
      "Link": "CoopGlobalCaster/Revive",
      "Location": "Unit"
    },
    "Cooldown": {
      "Link": "CoopGlobalCaster/Revive",
      "Location": "Unit"
    }
  },
  "InnerRadiusSafetyMultiplier": 1,
  "ArmorType": "Unknown",
  "Mob": "Campaign",
  "FogVisibility": "Snapshot",
  "PlaneArray": [
    "Ground"
  ],
  "Collide": [
    "Burrow",
    "Ground",
    "Structure",
    "RoachBurrow",
    "ForceField",
    "Small"
  ],
  "Attributes": [
    "Armored",
    "Structure"
  ],
  "LifeArmor": 1,
  "ShieldsStart": 500000,
  "ShieldsMax": 500000,
  "ShieldRegenRate": 500000,
  "Sight": 0.5,
  "CostResource": {
    "Minerals": 150
  },
  "AttackTargetPriority": 11,
  "Footprint": "Footprint3x3Contour",
  "PlacementFootprint": "Footprint3x3",
  "SubgroupPriority": 2,
  "ShieldArmorName": "Protoss Plasma Shields",
  "LifeRegenRate": 100000,
  "Id": "CoopGlobalCaster",
  "Upgrades": [],
  "Abilities": [
    {
      "Link": "stop",
      "Id": "stop",
      "Name": "Stop"
    },
    {
      "Link": "BuildInProgress",
      "Id": "BuildInProgress",
      "Name": "Build in Progress"
    }
  ],
  "Requirements": [],
  "Production": [],
  "Producers": [],
  "Commands": []
}