{
  "Name": "Corruptor",
  "Description": "Anti-air flyer. Can use Caustic Spray. Can morph into a Brood Lord.<br/><br/><c val=\"#ColorAttackInfo\">Can attack air units.</span>",
  "DeathRevealFilters": "Visible;Player,Ally,Neutral,Missile,Dead,Hidden",
  "DeathRevealRadius": 3,
  "DeathRevealDuration": 4,
  "DeathRevealType": "Snapshot",
  "Race": "Zerg",
  "DefaultAcquireLevel": "Offensive",
  "Response": "Acquire",
  "ResourceState": "Unknown",
  "ResourceType": "Unknown",
  "LifeStart": 200,
  "LifeMax": 200,
  "LifeArmorName": "Zerg Flyer Carapace",
  "Mover": "Fly",
  "StationaryTurningRate": 999.8437,
  "TurningRate": 999.8437,
  "Radius": 0.625,
  "SeparationRadius": 0.625,
  "MinimapRadius": 0.625,
  "EditorCategories": {
    "ObjectType": "Unit",
    "ObjectFamily": "Melee"
  },
  "TacticalAIFilters": "-;Player,Ally,Neutral",
  "AIEvalFactor": 0.7,
  "Mass": 0.6,
  "FlagArray": [
    "Turnable",
    "Movable",
    "Unclickable",
    "Unhighlightable",
    "Untooltipable",
    "KillCredit",
    "ShowResources",
    "ClearRallyOnTargetLost",
    "PlayerRevivable",
    "CameraFollow",
    "PreventDestroy",
    "UseLineOfSight",
    "ArmySelect"
  ],
  "EditorFlags": [
    "BlockStructures"
  ],
  "PushPriority": 10,
  "LeaderAlias": "Corruptor",
  "HotkeyAlias": "Corruptor",
  "SelectAlias": "Corruptor",
  "SubgroupAlias": "Corruptor",
  "OccludeHeight": 0.75,
  "TacticalAI": "Corruptor",
  "AIEvaluateAlias": "Corruptor",
  "ReviveType": "Corruptor",
  "PawnItemReduction": 1,
  "Fidget": {
    "DelayMax": 30,
    "DelayMin": 10,
    "DistanceMax": 4,
    "DistanceMin": 1,
    "TurnAngle": 90,
    "TurningRate": 90,
    "ChanceArray": {
      "Idle": 100
    }
  },
  "ReviveInfoBase": {
    "Charge": {
      "Link": "Corruptor/Revive",
      "Location": "Unit"
    },
    "Cooldown": {
      "Link": "Corruptor/Revive",
      "Location": "Unit"
    }
  },
  "InnerRadiusSafetyMultiplier": 1,
  "ArmorType": "Unknown",
  "Mob": "Multiplayer",
  "LifeRegenRate": 0.2734,
  "Speed": 3.375,
  "Acceleration": 3,
  "Height": 3.75,
  "Food": -2,
  "AttackTargetPriority": 20,
  "DamageDealtXP": 1,
  "DamageTakenXP": 1,
  "KillXP": 70,
  "SubgroupPriority": 84,
  "PlaneArray": [
    "Air"
  ],
  "Collide": [
    "Flying"
  ],
  "VisionHeight": 4,
  "Sight": 10,
  "CardLayouts": [
    {
      "LayoutButtons": [
        {
          "Face": "Move",
          "Type": "AbilCmd",
          "AbilCmd": "move,Move",
          "Row": 0,
          "Column": 0
        },
        {
          "Face": "Stop",
          "Type": "AbilCmd",
          "AbilCmd": "stop,Stop",
          "Row": 0,
          "Column": 1
        },
        {
          "Face": "MoveHoldPosition",
          "Type": "AbilCmd",
          "AbilCmd": "move,HoldPos",
          "Row": 0,
          "Column": 2
        },
        {
          "Face": "Attack",
          "Type": "AbilCmd",
          "AbilCmd": "attack,Execute",
          "Row": 0,
          "Column": 4
        },
        {
          "Face": "MovePatrol",
          "Type": "AbilCmd",
          "AbilCmd": "move,Patrol",
          "Row": 0,
          "Column": 3
        },
        {
          "Face": "BroodLord",
          "Type": "AbilCmd",
          "AbilCmd": "MorphToBroodLord,Execute",
          "Row": 2,
          "Column": 1
        },
        {
          "Face": "CausticSpray",
          "Type": "AbilCmd",
          "AbilCmd": "CausticSpray,Execute",
          "Row": 2,
          "Column": 0
        },
        {
          "Face": "Cancel",
          "Type": "AbilCmd",
          "AbilCmd": "Corruption,Cancel",
          "Row": 2,
          "Column": 4
        }
      ]
    }
  ],
  "Attributes": [
    "Armored",
    "Biological"
  ],
  "GlossaryCategory": "Unit/Category/ZergUnits",
  "HotkeyCategory": "Unit/Category/ZergUnits",
  "GlossaryPriority": 140,
  "CostCategory": "Army",
  "CostResource": {
    "Minerals": 150,
    "Vespene": 100
  },
  "GlossaryStrongArray": [
    "Battlecruiser",
    "BroodLord",
    "Tempest"
  ],
  "TacticalAIThink": "AIThinkCorruptor",
  "LifeArmor": 2,
  "ScoreResult": "BuildOrder",
  "EnergyStart": 0,
  "EnergyMax": 0,
  "EnergyRegenRate": 0,
  "GlossaryWeakArray": [
    "Thor",
    "Hydralisk",
    "VoidRay"
  ],
  "ScoreMake": 250,
  "ScoreKill": 250,
  "Icon": "btn-unit-zerg-corruptor",
  "LifeArmorIcon": "btn-upgrade-zerg-flyercarapace-level0",
  "ShieldArmorIcon": "btn-upgrade-protoss-shieldslevel0",
  "Id": "Corruptor",
  "Weapons": [
    {
      "Link": "ParasiteSpore",
      "Id": "ParasiteSpore",
      "Icon": "btn-upgrade-zerg-airattacks-level0",
      "Name": "Parasite Spore",
      "Amount": 14,
      "AttributeBonus": {
        "Massive": 6
      },
      "Kind": "Ranged",
      "TargetFilters": "Air",
      "Range": 6,
      "Period": 1.9
    }
  ],
  "Upgrades": [
    {
      "Link": "ZergFlyerArmors",
      "Id": "ZergFlyerArmors",
      "Name": "Zerg Flyer Armors"
    },
    {
      "Link": "ZergFlyerWeapons",
      "Id": "ZergFlyerWeapons",
      "Name": "Zerg Flyer Weapons"
    },
    {
      "Link": "ZergFlyerArmorsLevel1",
      "Id": "ZergFlyerArmorsLevel1",
      "Icon": "btn-upgrade-zerg-flyercarapace-level1",
      "Name": "Zerg Flyer Carapace Level 1"
    },
    {
      "Link": "ZergFlyerArmorsLevel2",
      "Id": "ZergFlyerArmorsLevel2",
      "Icon": "btn-upgrade-zerg-flyercarapace-level2",
      "Name": "Zerg Flyer Carapace Level 2"
    },
    {
      "Link": "ZergFlyerArmorsLevel3",
      "Id": "ZergFlyerArmorsLevel3",
      "Icon": "btn-upgrade-zerg-flyercarapace-level3",
      "Name": "Zerg Flyer Carapace Level 3"
    },
    {
      "Link": "ZergFlyerWeaponsLevel1",
      "Id": "ZergFlyerWeaponsLevel1",
      "Icon": "btn-upgrade-zerg-airattacks-level1",
      "Name": "Zerg Flyer Attacks Level 1"
    },
    {
      "Link": "ZergFlyerWeaponsLevel2",
      "Id": "ZergFlyerWeaponsLevel2",
      "Icon": "btn-upgrade-zerg-airattacks-level2",
      "Name": "Zerg Flyer Attacks Level 2"
    },
    {
      "Link": "ZergFlyerWeaponsLevel3",
      "Id": "ZergFlyerWeaponsLevel3",
      "Icon": "btn-upgrade-zerg-airattacks-level3",
      "Name": "Zerg Flyer Attacks Level 3"
    }
  ],
  "Abilities": [
    {
      "Link": "CausticSpray",
      "Id": "CausticSpray",
      "Name": "Caustic Spray"
    },
    {
      "Link": "MorphToBroodLord",
      "Id": "MorphToBroodLord",
      "Name": "Morph (Corruptor - > Brood Lord)"
    },
    {
      "Link": "stop",
      "Id": "stop",
      "Name": "Stop"
    },
    {
      "Link": "attack",
      "Id": "attack",
      "Name": "Attack"
    },
    {
      "Link": "move",
      "Id": "move",
      "Name": "Move"
    }
  ],
  "Requirements": [],
  "Production": [],
  "Producers": [
    {
      "Id": "Larva",
      "Icon": "btn-unit-zerg-larva",
      "Description": "Morphs into Zerg units.",
      "Name": "Larva"
    }
  ],
  "Commands": [
    {
      "Id": "Move",
      "Icon": "btn-command-move",
      "Tooltip": "Orders selected units to move to the target area or follow the target unit. Moving units will not engage enemies.",
      "Name": "Move",
      "AbilCmd": "move,Move"
    },
    {
      "Id": "Stop",
      "Icon": "btn-command-stop",
      "Tooltip": "Orders selected units to cancel all orders and stop moving.",
      "Name": "Stop",
      "AbilCmd": "stop,Stop"
    },
    {
      "Id": "MoveHoldPosition",
      "Icon": "btn-command-holdposition",
      "Tooltip": "Orders selected units to stay where they are and attack enemies that are within range. Units will neither chase down enemies nor move to engage.",
      "Name": "Hold Position",
      "AbilCmd": "move,HoldPos"
    },
    {
      "Id": "Attack",
      "Icon": "btn-command-attack",
      "Tooltip": "Orders selected units to move to the target point, fighting nearby enemies along the way. Targeting a unit with the Attack command orders that it be attacked until it is destroyed.",
      "Name": "Attack",
      "AbilCmd": "attack,Execute"
    },
    {
      "Id": "MovePatrol",
      "Icon": "btn-command-patrol",
      "Tooltip": "Orders selected units to patrol between their current position and the target area. Units will attack enemies and move to engage nearby enemies.",
      "Name": "Patrol",
      "AbilCmd": "move,Patrol"
    },
    {
      "Id": "BroodLord",
      "Icon": "btn-unit-zerg-broodlord",
      "Tooltip": "Flying heavy-assault unit. Shoots Broodlings at its target. A Broodling is a small creature that can attack ground units.<br/><br/><c val=\"#ColorAttackInfo\">Can attack ground units.</span>",
      "Name": "Morph to Brood Lord",
      "AbilCmd": "MorphToBroodLord,Execute"
    },
    {
      "Id": "CausticSpray",
      "Icon": "btn-ability-zerg-causticspray",
      "Tooltip": "Emits a stream of acid that deals <b>5.0</b> damage per second for <b>6.0</b> seconds, then increases to <b>25.0</b> damage per second.<br/><br/><span style=\"color: #ffff8a\">Channeled ability.</span><c val=\"#ColorAttackInfo\"> Can only target enemy structures.</span>",
      "Name": "Caustic Spray",
      "AbilCmd": "CausticSpray,Execute"
    },
    {
      "Id": "Cancel",
      "Icon": "btn-command-cancel",
      "Tooltip": "Drops the current order without performing it, and allows you to select a different order.",
      "Name": "Cancel",
      "AbilCmd": "Corruption,Cancel"
    }
  ]
}