{
  "Name": "Corsair",
  "DeathRevealFilters": "Visible;Player,Ally,Neutral,Missile,Dead,Hidden",
  "DeathRevealRadius": 3,
  "DeathRevealDuration": 4,
  "DeathRevealType": "Snapshot",
  "Race": "Prot",
  "DefaultAcquireLevel": "Offensive",
  "Response": "Acquire",
  "ResourceState": "Unknown",
  "ResourceType": "Unknown",
  "LifeStart": 120,
  "LifeMax": 120,
  "LifeArmorName": "Protoss Plating",
  "Mover": "Fly",
  "StationaryTurningRate": 1499.9414,
  "TurningRate": 1499.9414,
  "Radius": 0.75,
  "SeparationRadius": 0.75,
  "MinimapRadius": 0.75,
  "EditorCategories": {
    "ObjectType": "Unit",
    "ObjectFamily": "Melee"
  },
  "TacticalAIFilters": "-;Player,Ally,Neutral",
  "AIEvalFactor": 1,
  "Mass": 0.4,
  "FlagArray": [
    "UseLineOfSight",
    "ArmySelect"
  ],
  "PushPriority": 10,
  "LeaderAlias": "CorsairMP",
  "HotkeyAlias": "CorsairMP",
  "SelectAlias": "CorsairMP",
  "SubgroupAlias": "CorsairMP",
  "OccludeHeight": 0.75,
  "TacticalAI": "CorsairMP",
  "AIEvaluateAlias": "CorsairMP",
  "ReviveType": "CorsairMP",
  "PawnItemReduction": 1,
  "Fidget": {
    "DelayMax": 30,
    "DelayMin": 10,
    "DistanceMax": 4,
    "DistanceMin": 1,
    "TurnAngle": 90,
    "TurningRate": 90,
    "ChanceArray": {
      "Idle": 100
    }
  },
  "ReviveInfoBase": {
    "Charge": {
      "Link": "CorsairMP/Revive",
      "Location": "Unit"
    },
    "Cooldown": {
      "Link": "CorsairMP/Revive",
      "Location": "Unit"
    }
  },
  "InnerRadiusSafetyMultiplier": 1,
  "ArmorType": "Unknown",
  "PlaneArray": [
    "Air"
  ],
  "Collide": [
    "Flying"
  ],
  "Attributes": [
    "Light",
    "Mechanical"
  ],
  "LifeArmor": 1,
  "ShieldsStart": 60,
  "ShieldsMax": 60,
  "ShieldRegenDelay": 10,
  "ShieldRegenRate": 2,
  "ShieldArmorName": "Protoss Plasma Shields",
  "Speed": 2.8125,
  "Acceleration": 3.25,
  "Sight": 9,
  "Height": 3.75,
  "VisionHeight": 4,
  "Food": -2,
  "CostCategory": "Army",
  "CostResource": {
    "Minerals": 150,
    "Vespene": 100
  },
  "AttackTargetPriority": 20,
  "DamageDealtXP": 1,
  "DamageTakenXP": 1,
  "KillXP": 80,
  "CardLayouts": [
    {
      "LayoutButtons": [
        {
          "Face": "Move",
          "Type": "AbilCmd",
          "AbilCmd": "move,Move",
          "Row": 0,
          "Column": 0
        },
        {
          "Face": "Stop",
          "Type": "AbilCmd",
          "AbilCmd": "stop,Stop",
          "Row": 0,
          "Column": 1
        },
        {
          "Face": "MoveHoldPosition",
          "Type": "AbilCmd",
          "AbilCmd": "move,HoldPos",
          "Row": 0,
          "Column": 2
        },
        {
          "Face": "Attack",
          "Type": "AbilCmd",
          "AbilCmd": "attack,Execute",
          "Row": 0,
          "Column": 4
        },
        {
          "Face": "MovePatrol",
          "Type": "AbilCmd",
          "AbilCmd": "move,Patrol",
          "Row": 0,
          "Column": 3
        },
        {
          "Face": "CorsairMPDisruptionWeb",
          "Type": "AbilCmd",
          "AbilCmd": "CorsairMPDisruptionWeb,Execute",
          "Row": 2,
          "Column": 0
        }
      ]
    }
  ],
  "SubgroupPriority": 19,
  "GlossaryStrongArray": [
    "MissileTurret",
    "Mutalisk",
    "Banshee"
  ],
  "GlossaryWeakArray": [
    "Battlecruiser",
    "VikingFighter",
    "Corruptor"
  ],
  "Icon": "btn-unit-protoss-corsair",
  "LifeArmorIcon": "btn-upgrade-protoss-airarmorlevel0",
  "ShieldArmorIcon": "btn-upgrade-protoss-shieldslevel0",
  "Id": "CorsairMP",
  "Weapons": [
    {
      "Link": "NeutronFlare",
      "Id": "NeutronFlare",
      "Icon": "btn-upgrade-protoss-airweaponslevel0",
      "Name": "Neutron Flare",
      "Amount": {
        "value": 5
      },
      "Kind": "Splash",
      "TargetFilters": "Air",
      "Range": 5,
      "Period": 0.4724
    }
  ],
  "Upgrades": [],
  "Abilities": [
    {
      "Link": "stop",
      "Id": "stop",
      "Name": "Stop"
    },
    {
      "Link": "attack",
      "Id": "attack",
      "Name": "Attack"
    },
    {
      "Link": "move",
      "Id": "move",
      "Name": "Move"
    },
    {
      "Link": "Warpable",
      "Id": "Warpable",
      "Name": "Warpable"
    },
    {
      "Link": "CorsairMPDisruptionWeb",
      "Id": "CorsairMPDisruptionWeb",
      "Name": "CorsairMP Disruption Web"
    }
  ],
  "Requirements": [],
  "Production": [],
  "Producers": [],
  "Commands": [
    {
      "Id": "Move",
      "Icon": "btn-command-move",
      "Tooltip": "Orders selected units to move to the target area or follow the target unit. Moving units will not engage enemies.",
      "Name": "Move",
      "AbilCmd": "move,Move"
    },
    {
      "Id": "Stop",
      "Icon": "btn-command-stop",
      "Tooltip": "Orders selected units to cancel all orders and stop moving.",
      "Name": "Stop",
      "AbilCmd": "stop,Stop"
    },
    {
      "Id": "MoveHoldPosition",
      "Icon": "btn-command-holdposition",
      "Tooltip": "Orders selected units to stay where they are and attack enemies that are within range. Units will neither chase down enemies nor move to engage.",
      "Name": "Hold Position",
      "AbilCmd": "move,HoldPos"
    },
    {
      "Id": "Attack",
      "Icon": "btn-command-attack",
      "Tooltip": "Orders selected units to move to the target point, fighting nearby enemies along the way. Targeting a unit with the Attack command orders that it be attacked until it is destroyed.",
      "Name": "Attack",
      "AbilCmd": "attack,Execute"
    },
    {
      "Id": "MovePatrol",
      "Icon": "btn-command-patrol",
      "Tooltip": "Orders selected units to patrol between their current position and the target area. Units will attack enemies and move to engage nearby enemies.",
      "Name": "Patrol",
      "AbilCmd": "move,Patrol"
    },
    {
      "Id": "CorsairMPDisruptionWeb",
      "Icon": "btn-ability-protoss-disruptionweb",
      "Name": "Disruption Web",
      "AbilCmd": "CorsairMPDisruptionWeb,Execute"
    }
  ]
}