{
  "Name": "Courier",
  "Description": "Stealth transport. Can use Cloak.<br/><br/><span style=\"color: #f078ff\">Energy user.</span>",
  "DeathRevealFilters": "Visible;Player,Ally,Neutral,Missile,Dead,Hidden",
  "DeathRevealRadius": 3,
  "DeathRevealDuration": 4,
  "DeathRevealType": "Snapshot",
  "Race": "Gen",
  "DefaultAcquireLevel": "Offensive",
  "Response": "Acquire",
  "ResourceState": "Unknown",
  "ResourceType": "Unknown",
  "LifeStart": 175,
  "LifeMax": 175,
  "LifeArmorName": "Mechanical Aircraft Plating",
  "Mover": "Fly",
  "StationaryTurningRate": 990,
  "TurningRate": 990,
  "Radius": 0.6875,
  "SeparationRadius": 0.6875,
  "MinimapRadius": 0.6875,
  "EditorCategories": {
    "ObjectType": "Unit",
    "ObjectFamily": "Melee"
  },
  "TacticalAIFilters": "-;Player,Ally,Neutral",
  "AIEvalFactor": 1,
  "Mass": 0.4,
  "FlagArray": [
    "Turnable",
    "Movable",
    "Unclickable",
    "Unhighlightable",
    "Untooltipable",
    "KillCredit",
    "ShowResources",
    "ClearRallyOnTargetLost",
    "PlayerRevivable",
    "CameraFollow",
    "PreventDestroy",
    "UseLineOfSight",
    "ArmySelect",
    "AISupport"
  ],
  "EditorFlags": [
    "BlockStructures"
  ],
  "PushPriority": 10,
  "LeaderAlias": "Courier",
  "HotkeyAlias": "Courier",
  "SelectAlias": "Courier",
  "SubgroupAlias": "Courier",
  "OccludeHeight": 0.75,
  "TacticalAI": "Courier",
  "AIEvaluateAlias": "Courier",
  "ReviveType": "Courier",
  "PawnItemReduction": 1,
  "Fidget": {
    "DelayMax": 30,
    "DelayMin": 10,
    "DistanceMax": 4,
    "DistanceMin": 1,
    "TurnAngle": 90,
    "TurningRate": 90,
    "ChanceArray": {
      "Idle": 100
    }
  },
  "ReviveInfoBase": {
    "Charge": {
      "Link": "Courier/Revive",
      "Location": "Unit"
    },
    "Cooldown": {
      "Link": "Courier/Revive",
      "Location": "Unit"
    }
  },
  "InnerRadiusSafetyMultiplier": 1,
  "ArmorType": "Unknown",
  "Collide": [
    "Flying"
  ],
  "Attributes": [
    "Mechanical",
    "Armored"
  ],
  "LifeArmor": 1,
  "ScoreResult": "BuildOrder",
  "GlossaryAlias": "Courier",
  "PlaneArray": [
    "Air"
  ],
  "Sight": 10,
  "AttackTargetPriority": 20,
  "GlossaryCategory": "Unit/Category/GenetronUnits",
  "HotkeyCategory": "Unit/Category/GenetronUnits",
  "ScoreMakeCostFactor": {
    "Minerals": 1,
    "Vespene": 1
  },
  "ScoreKillCostFactor": {
    "Minerals": 1,
    "Vespene": 1
  },
  "Speed": 3.25,
  "Acceleration": 1,
  "CostCategory": "Army",
  "CardLayouts": [
    {
      "LayoutButtons": [
        {
          "Face": "MovePatrol",
          "Type": "AbilCmd",
          "AbilCmd": "move,Patrol",
          "Row": 0,
          "Column": 3
        },
        {
          "Face": "MoveHoldPosition",
          "Type": "AbilCmd",
          "AbilCmd": "move,HoldPos",
          "Row": 0,
          "Column": 2
        },
        {
          "Face": "Attack",
          "Type": "AbilCmd",
          "AbilCmd": "attack,Execute",
          "Row": 0,
          "Column": 4
        },
        {
          "Face": "Stop",
          "Type": "AbilCmd",
          "AbilCmd": "stop,Stop",
          "Row": 0,
          "Column": 1
        },
        {
          "Face": "Move",
          "Type": "AbilCmd",
          "AbilCmd": "move,Move",
          "Row": 0,
          "Column": 0
        },
        {
          "Face": "AcquireMove",
          "Type": "AbilCmd",
          "AbilCmd": "move,AcquireMove",
          "Row": 0,
          "Column": 4
        },
        {
          "Face": "CourierLoad",
          "Type": "AbilCmd",
          "AbilCmd": "CourierTransport,Load",
          "Row": 2,
          "Column": 2
        },
        {
          "Face": "CourierUnloadAll",
          "Type": "AbilCmd",
          "AbilCmd": "CourierTransport,UnloadAt",
          "Row": 2,
          "Column": 3
        },
        {
          "Face": "CloakOnCourier",
          "Type": "AbilCmd",
          "AbilCmd": "CourierCloak,On",
          "Row": 2,
          "Column": 0
        },
        {
          "Face": "CloakOffCourier",
          "Type": "AbilCmd",
          "AbilCmd": "CourierCloak,Off",
          "ShowInGlossary": 0,
          "Row": 2,
          "Column": 1
        }
      ]
    }
  ],
  "CargoSize": 0,
  "Height": 3.75,
  "VisionHeight": 4,
  "EnergyStart": 200,
  "EnergyMax": 200,
  "Deceleration": 1.5,
  "LateralAcceleration": 2,
  "Food": -3,
  "CostResource": {
    "Minerals": 150,
    "Vespene": 50
  },
  "RepairTime": 35,
  "SubgroupPriority": 44,
  "GlossaryPriority": 14,
  "Mob": "Multiplayer",
  "Icon": "btn-unit-genetron-courier",
  "LifeArmorIcon": "btn-upgrade-genetron-aircraftplating-level0",
  "ShieldArmorIcon": "btn-upgrade-protoss-shieldslevel0",
  "Id": "Courier",
  "Behaviors": [
    {
      "Link": "GenetronUnitEnergyRegen",
      "Id": "GenetronUnitEnergyRegen"
    }
  ],
  "Upgrades": [
    {
      "Link": "GenetronAircraftPlating",
      "Id": "GenetronAircraftPlating",
      "Name": "Genetron Aircraft Plating"
    },
    {
      "Link": "GenetronAircraftPlatingLevel1",
      "Id": "GenetronAircraftPlatingLevel1",
      "Icon": "btn-upgrade-genetron-aircraftplating-level1",
      "Name": "Genetron Aircraft Plating Level 1"
    },
    {
      "Link": "GenetronAircraftPlatingLevel2",
      "Id": "GenetronAircraftPlatingLevel2",
      "Icon": "btn-upgrade-genetron-aircraftplating-level2",
      "Name": "Genetron Aircraft Plating Level 2"
    },
    {
      "Link": "GenetronAircraftPlatingLevel3",
      "Id": "GenetronAircraftPlatingLevel3",
      "Icon": "btn-upgrade-genetron-aircraftplating-level3",
      "Name": "Genetron Aircraft Plating Level 3"
    },
    {
      "Link": "StealthSystems",
      "Id": "StealthSystems",
      "Icon": "btn-ability-hornerhan-wraith-permanentcloak",
      "Name": "Stealth Systems"
    }
  ],
  "Abilities": [
    {
      "Link": "move",
      "Id": "move",
      "Name": "Move"
    },
    {
      "Link": "stop",
      "Id": "stop",
      "Name": "Stop"
    },
    {
      "Link": "CourierTransport",
      "Id": "CourierTransport",
      "Name": "Load-Unload (Courier)"
    },
    {
      "Link": "CourierCloak",
      "Id": "CourierCloak",
      "Name": "Cloaking Field"
    }
  ],
  "Requirements": [],
  "Production": [],
  "Producers": [
    {
      "Id": "AssemblyArray",
      "Icon": "btn-building-genetron-assemblyarray",
      "Description": "Aircraft production facility.<br/><br/><span style=\"color: #FFFF80\">Enables:</span><br/>- Avengers<br/>- Hornets",
      "Name": "Assembly Array"
    }
  ],
  "Commands": [
    {
      "Id": "MovePatrol",
      "Icon": "btn-command-patrol",
      "Tooltip": "Orders selected units to patrol between their current position and the target area. Units will attack enemies and move to engage nearby enemies.",
      "Name": "Patrol",
      "AbilCmd": "move,Patrol"
    },
    {
      "Id": "MoveHoldPosition",
      "Icon": "btn-command-holdposition",
      "Tooltip": "Orders selected units to stay where they are and attack enemies that are within range. Units will neither chase down enemies nor move to engage.",
      "Name": "Hold Position",
      "AbilCmd": "move,HoldPos"
    },
    {
      "Id": "Attack",
      "Icon": "btn-command-attack",
      "Tooltip": "Orders selected units to move to the target point, fighting nearby enemies along the way. Targeting a unit with the Attack command orders that it be attacked until it is destroyed.",
      "Name": "Attack",
      "AbilCmd": "attack,Execute"
    },
    {
      "Id": "Stop",
      "Icon": "btn-command-stop",
      "Tooltip": "Orders selected units to cancel all orders and stop moving.",
      "Name": "Stop",
      "AbilCmd": "stop,Stop"
    },
    {
      "Id": "Move",
      "Icon": "btn-command-move",
      "Tooltip": "Orders selected units to move to the target area or follow the target unit. Moving units will not engage enemies.",
      "Name": "Move",
      "AbilCmd": "move,Move"
    },
    {
      "Id": "AcquireMove",
      "Icon": "btn-command-attack",
      "Tooltip": "Orders selected units to move to the target area or follow the target unit. Scan-moving units will not engage enemies.",
      "Name": "Scan Move",
      "AbilCmd": "move,AcquireMove"
    },
    {
      "Id": "CourierLoad",
      "Icon": "btn-ability-terran-load",
      "Tooltip": "Loads units into the Courier's hold.",
      "Name": "Load (Courier)",
      "AbilCmd": "CourierTransport,Load"
    },
    {
      "Id": "CourierUnloadAll",
      "Icon": "btn-ability-terran-unloadall",
      "Tooltip": "Unloads all units.",
      "Name": "Unload All (Courier)",
      "AbilCmd": "CourierTransport,UnloadAt"
    },
    {
      "Id": "CloakOnCourier",
      "Icon": "btn-ability-hornerhan-wraith-permanentcloak",
      "Tooltip": "Cloaks the unit, preventing enemy units from seeing or attacking it. A cloaked unit will only be revealed by detectors or effects.<br/><br/><span style=\"color: #f078ff\">Drains <b>0.9</b> energy per second.</span>",
      "Name": "Cloak",
      "AbilCmd": "CourierCloak,On"
    },
    {
      "Id": "CloakOffCourier",
      "Icon": "btn-ability-genetron-courierdecloak",
      "Tooltip": "Decloaks the selected unit, making it visible to enemies.",
      "Name": "Decloak (Courier)",
      "AbilCmd": "CourierCloak,Off"
    }
  ]
}