{
  "Name": "Crimson Eye",
  "Description": "Low-altitude scouting drone.<br/><br/><span style=\"color: #FFE303\">There is a detection function</span>",
  "DeathRevealFilters": "Visible;Player,Ally,Neutral,Missile,Dead,Hidden",
  "DeathRevealRadius": 3,
  "DeathRevealDuration": 4,
  "DeathRevealType": "Snapshot",
  "Race": "UED",
  "DefaultAcquireLevel": "Offensive",
  "Response": "Acquire",
  "ResourceState": "Unknown",
  "ResourceType": "Unknown",
  "LifeStart": 90,
  "LifeMax": 90,
  "LifeArmorName": "UED Adaptive Staballoy Plating",
  "Mover": "Fly",
  "StationaryTurningRate": 720,
  "TurningRate": 720,
  "Radius": 0.5,
  "SeparationRadius": 0.5,
  "MinimapRadius": 0.5,
  "EditorCategories": {
    "ObjectType": "Unit",
    "ObjectFamily": "Melee"
  },
  "TacticalAIFilters": "-;Player,Ally,Neutral",
  "AIEvalFactor": 0,
  "Mass": 0.4,
  "FlagArray": [
    "Turnable",
    "Movable",
    "Unclickable",
    "Unhighlightable",
    "Untooltipable",
    "KillCredit",
    "ShowResources",
    "ClearRallyOnTargetLost",
    "PlayerRevivable",
    "CameraFollow",
    "PreventDestroy",
    "UseLineOfSight",
    "AISupport",
    "ArmySelect"
  ],
  "EditorFlags": [
    "BlockStructures"
  ],
  "PushPriority": 10,
  "LeaderAlias": "CrimsonEye",
  "HotkeyAlias": "CrimsonEye",
  "SelectAlias": "CrimsonEye",
  "SubgroupAlias": "CrimsonEye",
  "OccludeHeight": 0.75,
  "TacticalAI": "CrimsonEye",
  "AIEvaluateAlias": "CrimsonEye",
  "ReviveType": "CrimsonEye",
  "PawnItemReduction": 1,
  "Fidget": {
    "DelayMax": 30,
    "DelayMin": 10,
    "DistanceMax": 4,
    "DistanceMin": 1,
    "TurnAngle": 90,
    "TurningRate": 90,
    "ChanceArray": {
      "Idle": 100
    }
  },
  "ReviveInfoBase": {
    "Charge": {
      "Link": "CrimsonEye/Revive",
      "Location": "Unit"
    },
    "Cooldown": {
      "Link": "CrimsonEye/Revive",
      "Location": "Unit"
    }
  },
  "InnerRadiusSafetyMultiplier": 1,
  "ArmorType": "Unknown",
  "Mob": "Multiplayer",
  "PlaneArray": [
    "Air"
  ],
  "Collide": [
    "Flying"
  ],
  "Attributes": [
    "Light",
    "Mechanical"
  ],
  "ShieldArmorName": "Protoss Plasma Shields",
  "Speed": 2.668,
  "Acceleration": 2.125,
  "Sight": 11,
  "Height": 3.75,
  "VisionHeight": 4,
  "Food": -2,
  "CostCategory": "Army",
  "CostResource": {
    "Minerals": 75,
    "Vespene": 75
  },
  "RepairTime": 40,
  "AttackTargetPriority": 20,
  "DamageDealtXP": 1,
  "DamageTakenXP": 1,
  "KillXP": 20,
  "CardLayouts": [
    {
      "LayoutButtons": [
        {
          "Face": "Move",
          "Type": "AbilCmd",
          "AbilCmd": "moveUED,Move",
          "Row": 0,
          "Column": 0
        },
        {
          "Face": "Stop",
          "Type": "AbilCmd",
          "AbilCmd": "stop,Stop",
          "Row": 0,
          "Column": 1
        },
        {
          "Face": "MoveHoldPosition",
          "Type": "AbilCmd",
          "AbilCmd": "moveUED,HoldPos",
          "Row": 0,
          "Column": 2
        },
        {
          "Face": "MovePatrol",
          "Type": "AbilCmd",
          "AbilCmd": "moveUED,Patrol",
          "Row": 0,
          "Column": 3
        },
        {
          "Face": "Attack",
          "Type": "AbilCmd",
          "AbilCmd": "attackUED,Execute",
          "Row": 0,
          "Column": 4
        },
        {
          "Face": "AcquireMove",
          "Type": "AbilCmd",
          "AbilCmd": "move,AcquireMove",
          "Row": 0,
          "Column": 4
        },
        {
          "Face": "CrimsonEyeRepair",
          "Type": "AbilCmd",
          "AbilCmd": "CrimsonEyeRepair,Execute",
          "Row": 2,
          "Column": 0
        },
        {
          "Face": "RadarField",
          "Type": "Passive",
          "Requirements": "TrebovanieCrimsonEyeStarRadarVkl",
          "Row": 2,
          "Column": 4
        },
        {
          "Face": "ButtonRadarCrimsonYea",
          "Type": "AbilCmd",
          "AbilCmd": "AbilitiDetection,Execute",
          "Row": 2,
          "Column": 1
        },
        {
          "Face": "EngineSurcharge",
          "Type": "Passive",
          "AbilCmd": "EngineSurchargeProtocols,Execute",
          "Requirements": "TrebovanieDopBattary",
          "Row": 2,
          "Column": 2
        }
      ]
    }
  ],
  "ScoreMake": 100,
  "ScoreKill": 100,
  "ScoreResult": "BuildOrder",
  "SubgroupPriority": 79,
  "GlossaryCategory": "Unit/Category/UEDUnits",
  "GlossaryPriority": 110,
  "GlossaryStrongArray": [
    "Banshee",
    "LurkerMP",
    "DarkTemplar"
  ],
  "GlossaryWeakArray": [
    "MissileTurret",
    "SporeCrawler",
    "PhotonCannon"
  ],
  "HotkeyCategory": "Unit/Category/UEDUnits",
  "EnergyStart": 25,
  "EnergyMax": 75,
  "EnergyRegenRate": 0.5625,
  "Icon": "btn-ued-crimsoneye",
  "ShieldArmorIcon": "btn-upgrade-protoss-shieldslevel0",
  "Id": "CrimsonEye",
  "Upgrades": [
    {
      "Link": "UpgradeEnergeCrimsonEye",
      "Id": "UpgradeEnergeCrimsonEye",
      "Icon": "btn-upgrade-tychus-ghost-persuader",
      "Name": "Additional battery"
    },
    {
      "Link": "DroneRepairModule",
      "Id": "DroneRepairModule",
      "Icon": "ui_tipicon_campaign_space01-repair",
      "Name": "Drone Repair Module"
    },
    {
      "Link": "UEDArmorLevel1",
      "Id": "UEDArmorLevel1",
      "Name": "Beathanium Defensive Programming, level 1"
    },
    {
      "Link": "UEDArmorLevel2",
      "Id": "UEDArmorLevel2",
      "Name": "Beathanium Defensive Programming, level 2"
    },
    {
      "Link": "UEDArmorLevel3",
      "Id": "UEDArmorLevel3",
      "Name": "Beathanium Defensive Programming, level 3"
    },
    {
      "Link": "UEDVehicalsLevel2",
      "Id": "UEDVehicalsLevel2",
      "Name": "Heavy Weaponry Targeting Adjustment, level 2"
    },
    {
      "Link": "UEDVehicalsLevel3",
      "Id": "UEDVehicalsLevel3",
      "Name": "Heavy Weaponry Targeting Adjustment, level 3"
    }
  ],
  "Abilities": [
    {
      "Link": "stop",
      "Id": "stop",
      "Name": "Stop"
    },
    {
      "Link": "moveUED",
      "Id": "moveUED",
      "Name": "Move UED"
    },
    {
      "Link": "CrimsonEyeRepair",
      "Id": "CrimsonEyeRepair",
      "Name": "Repair"
    },
    {
      "Link": "AbilitiDetection",
      "Id": "AbilitiDetection"
    }
  ],
  "Requirements": [],
  "Production": [],
  "Producers": [
    {
      "Id": "TeleportationNode",
      "Icon": "btn-ued-teleportation-node",
      "Description": "Universal production structure for the Directorate army, capable of deploying any combat units.<br/><br/><span style=\"color: #ffff8a\">Enables:</span><br/>- Garmrs<br/>- Strike Troopers<br/>- Enrichment Towers",
      "Name": "Teleportation Node"
    }
  ],
  "Commands": [
    {
      "Id": "Move",
      "Icon": "btn-command-move",
      "Tooltip": "Orders selected units to move to the target area or follow the target unit. Moving units will not engage enemies.",
      "Name": "Move",
      "AbilCmd": "moveUED,Move"
    },
    {
      "Id": "Stop",
      "Icon": "btn-command-stop",
      "Tooltip": "Orders selected units to cancel all orders and stop moving.",
      "Name": "Stop",
      "AbilCmd": "stop,Stop"
    },
    {
      "Id": "MoveHoldPosition",
      "Icon": "btn-command-holdposition",
      "Tooltip": "Orders selected units to stay where they are and attack enemies that are within range. Units will neither chase down enemies nor move to engage.",
      "Name": "Hold Position",
      "AbilCmd": "moveUED,HoldPos"
    },
    {
      "Id": "MovePatrol",
      "Icon": "btn-command-patrol",
      "Tooltip": "Orders selected units to patrol between their current position and the target area. Units will attack enemies and move to engage nearby enemies.",
      "Name": "Patrol",
      "AbilCmd": "moveUED,Patrol"
    },
    {
      "Id": "Attack",
      "Icon": "btn-command-attack",
      "Tooltip": "Orders selected units to move to the target point, fighting nearby enemies along the way. Targeting a unit with the Attack command orders that it be attacked until it is destroyed.",
      "Name": "Attack",
      "AbilCmd": "attackUED,Execute"
    },
    {
      "Id": "AcquireMove",
      "Icon": "btn-command-attack",
      "Tooltip": "Orders selected units to move to the target area or follow the target unit. Scan-moving units will not engage enemies.",
      "Name": "Scan Move",
      "AbilCmd": "move,AcquireMove"
    },
    {
      "Id": "CrimsonEyeRepair",
      "Icon": "ui_tipicon_campaign_space01-repair",
      "Tooltip": "Restores a friendly mechanical unit.<br/><br/><span style=\"color: #f078ff\">Regenerates <b>6</b> health units per second. Spends at the same time <b>3</b> units of energy.</span>",
      "Name": "Repair",
      "AbilCmd": "CrimsonEyeRepair,Execute"
    },
    {
      "Id": "ButtonRadarCrimsonYea",
      "Icon": "btn-upgrade-tychus-detection",
      "Name": "Radar",
      "AbilCmd": "AbilitiDetection,Execute"
    },
    {
      "Id": "EngineSurcharge",
      "Icon": "btn-upgrade-tychus-ghost-persuader",
      "Tooltip": "Increases the initial and maximum amount of energy by 25 units.",
      "Name": "Additional battery",
      "AbilCmd": "EngineSurchargeProtocols,Execute"
    }
  ]
}