{
  "DeathRevealFilters": "Visible;Player,Ally,Neutral,Missile,Dead,Hidden",
  "DeathRevealRadius": 3,
  "DeathRevealDuration": 4,
  "DeathRevealType": "Snapshot",
  "Race": "Gen",
  "DefaultAcquireLevel": "Offensive",
  "Response": "Acquire",
  "ResourceState": "Unknown",
  "ResourceType": "Unknown",
  "LifeStart": 1,
  "LifeMax": 1,
  "LifeArmorName": "Mechanical Structure Armor",
  "Mover": "Ground",
  "StationaryTurningRate": 720,
  "TurningRate": 720,
  "Radius": 1.5,
  "SeparationRadius": 0.5,
  "MinimapRadius": 1.5,
  "EditorCategories": {
    "ObjectType": "Structure",
    "ObjectFamily": "Melee"
  },
  "TacticalAIFilters": "-;Player,Ally,Neutral",
  "AIEvalFactor": 1,
  "Mass": 0.4,
  "FlagArray": [
    "PreventDefeat",
    "PenaltyRevealed",
    "TownAlert",
    "NoPortraitTalk",
    "ArmorDisabledWhileConstructing"
  ],
  "PushPriority": 10,
  "LeaderAlias": "CStructureGenetron",
  "HotkeyAlias": "CStructureGenetron",
  "SelectAlias": "CStructureGenetron",
  "SubgroupAlias": "CStructureGenetron",
  "OccludeHeight": 0.75,
  "TacticalAI": "CStructureGenetron",
  "AIEvaluateAlias": "CStructureGenetron",
  "ReviveType": "CStructureGenetron",
  "PawnItemReduction": 1,
  "Fidget": {
    "DelayMax": 30,
    "DelayMin": 10,
    "DistanceMax": 4,
    "DistanceMin": 1,
    "TurnAngle": 90,
    "TurningRate": 90,
    "ChanceArray": {
      "Idle": 100
    }
  },
  "ReviveInfoBase": {
    "Charge": {
      "Link": "CStructureGenetron/Revive",
      "Location": "Unit"
    },
    "Cooldown": {
      "Link": "CStructureGenetron/Revive",
      "Location": "Unit"
    }
  },
  "InnerRadiusSafetyMultiplier": 1,
  "ArmorType": "Unknown",
  "Collide": [
    "Burrow",
    "Structure",
    "RoachBurrow",
    "Small"
  ],
  "Attributes": [
    "Armored",
    "Structure"
  ],
  "LifeArmor": 1,
  "ScoreResult": "BuildOrder",
  "GlossaryAlias": "",
  "Sight": 9,
  "AttackTargetPriority": 11,
  "GlossaryCategory": "",
  "HotkeyCategory": "Unit/Category/GenetronUnits",
  "ScoreMakeCostFactor": {
    "Minerals": 1,
    "Vespene": 1
  },
  "ScoreKillCostFactor": {
    "Minerals": 1,
    "Vespene": 1
  },
  "Facing": 45,
  "FogVisibility": "Snapshot",
  "CostCategory": "Technology",
  "CardLayouts": [
    {
      "LayoutButtons": [
        {
          "Face": "CancelBuilding",
          "Type": "AbilCmd",
          "AbilCmd": "BuildInProgress,Cancel",
          "Row": 2,
          "Column": 4
        }
      ]
    }
  ],
  "Footprint": "Footprint3x3Contour",
  "PlacementFootprint": "Footprint3x3Contour",
  "Id": "CStructureGenetron",
  "Behaviors": [
    {
      "Link": "LockdownMode",
      "Id": "LockdownMode",
      "Tooltip": "Under lockdown due to severe damage. Takes reduced damage, and cannot fully function. Must be repaired in order to resume a regular state.",
      "Name": "Lockdown Mode"
    }
  ],
  "Upgrades": [],
  "Abilities": [
    {
      "Link": "BuildInProgress",
      "Id": "BuildInProgress",
      "Name": "Build in Progress"
    }
  ],
  "Requirements": [],
  "Production": [],
  "Producers": [],
  "Commands": [
    {
      "Id": "CancelBuilding",
      "Icon": "btn-command-cancel",
      "Tooltip": "Cancels construction of this structure, destroying the structure and giving a partial refund.",
      "Name": "Cancel",
      "AbilCmd": "BuildInProgress,Cancel"
    }
  ]
}