{
  "Name": "Cybernetics Core",
  "Description": "Contains weapon and armor upgrades for Protoss air units and the Warp Gate upgrade.<br/><br/><span style=\"color: #ffff8a\">Enables:</span><br/>- Sentries at the Gateway<br/>- Stalkers at the Gateway<br/>- Adepts at the Gateway<br/>- Shield Batteries from Probes",
  "DeathRevealFilters": "Visible;Player,Ally,Neutral,Missile,Dead,Hidden",
  "DeathRevealRadius": 3,
  "DeathRevealDuration": 4,
  "DeathRevealType": "Snapshot",
  "Race": "Prot",
  "DefaultAcquireLevel": "Offensive",
  "Response": "Acquire",
  "ResourceState": "Unknown",
  "ResourceType": "Unknown",
  "LifeStart": 550,
  "LifeMax": 550,
  "LifeArmorName": "Protoss Armor",
  "Mover": "Ground",
  "StationaryTurningRate": 719.4726,
  "TurningRate": 719.4726,
  "Radius": 1.5,
  "SeparationRadius": 1.5,
  "MinimapRadius": 1.5,
  "EditorCategories": {
    "ObjectType": "Structure",
    "ObjectFamily": "Melee"
  },
  "TacticalAIFilters": "-;Player,Ally,Neutral",
  "AIEvalFactor": 1,
  "Mass": 0.4,
  "FlagArray": [
    "Movable",
    "Unclickable",
    "Unhighlightable",
    "Untooltipable",
    "KillCredit",
    "ShowResources",
    "ClearRallyOnTargetLost",
    "PlayerRevivable",
    "CameraFollow",
    "PreventDefeat",
    "PreventDestroy",
    "PenaltyRevealed",
    "UseLineOfSight",
    "TownAlert",
    "NoPortraitTalk",
    "ArmorDisabledWhileConstructing"
  ],
  "EditorFlags": [
    "BlockStructures"
  ],
  "PushPriority": 10,
  "LeaderAlias": "CyberneticsCore",
  "HotkeyAlias": "CyberneticsCore",
  "SelectAlias": "CyberneticsCore",
  "SubgroupAlias": "CyberneticsCore",
  "OccludeHeight": 0.75,
  "TacticalAI": "CyberneticsCore",
  "AIEvaluateAlias": "CyberneticsCore",
  "ReviveType": "CyberneticsCore",
  "PawnItemReduction": 1,
  "Fidget": {
    "DelayMax": 30,
    "DelayMin": 10,
    "DistanceMax": 4,
    "DistanceMin": 1,
    "TurnAngle": 90,
    "TurningRate": 90,
    "ChanceArray": {
      "Idle": 100
    }
  },
  "ReviveInfoBase": {
    "Charge": {
      "Link": "CyberneticsCore/Revive",
      "Location": "Unit"
    },
    "Cooldown": {
      "Link": "CyberneticsCore/Revive",
      "Location": "Unit"
    }
  },
  "InnerRadiusSafetyMultiplier": 1,
  "ArmorType": "Unknown",
  "Facing": 315,
  "Mob": "Multiplayer",
  "FogVisibility": "Snapshot",
  "LifeArmor": 1,
  "ShieldsStart": 550,
  "ShieldsMax": 550,
  "ShieldRegenRate": 2,
  "ShieldArmorName": "Protoss Plasma Shields",
  "AttackTargetPriority": 11,
  "Footprint": "Footprint3x3Contour",
  "PlacementFootprint": "Footprint3x3",
  "ScoreMake": 150,
  "ScoreKill": 150,
  "ScoreResult": "BuildOrder",
  "SubgroupPriority": 16,
  "Attributes": [
    "Armored",
    "Structure"
  ],
  "PlaneArray": [
    "Ground"
  ],
  "Collide": [
    "Burrow",
    "Ground",
    "Structure",
    "RoachBurrow",
    "ForceField",
    "Small",
    "Locust",
    "Phased"
  ],
  "Sight": 9,
  "CardLayouts": [
    {
      "LayoutButtons": [
        {
          "Face": "ProtossAirWeaponsLevel1",
          "Type": "AbilCmd",
          "AbilCmd": "CyberneticsCoreResearch,Research1",
          "Row": 0,
          "Column": 0
        },
        {
          "Face": "ProtossAirWeaponsLevel2",
          "Type": "AbilCmd",
          "AbilCmd": "CyberneticsCoreResearch,Research2",
          "Row": 0,
          "Column": 0
        },
        {
          "Face": "ProtossAirWeaponsLevel3",
          "Type": "AbilCmd",
          "AbilCmd": "CyberneticsCoreResearch,Research3",
          "Row": 0,
          "Column": 0
        },
        {
          "Face": "ProtossAirArmorLevel1",
          "Type": "AbilCmd",
          "AbilCmd": "CyberneticsCoreResearch,Research4",
          "Row": 0,
          "Column": 1
        },
        {
          "Face": "ProtossAirArmorLevel2",
          "Type": "AbilCmd",
          "AbilCmd": "CyberneticsCoreResearch,Research5",
          "Row": 0,
          "Column": 1
        },
        {
          "Face": "ProtossAirArmorLevel3",
          "Type": "AbilCmd",
          "AbilCmd": "CyberneticsCoreResearch,Research6",
          "Row": 0,
          "Column": 1
        },
        {
          "Face": "Cancel",
          "Type": "AbilCmd",
          "AbilCmd": "que5,CancelLast",
          "Row": 2,
          "Column": 4
        },
        {
          "Face": "CancelBuilding",
          "Type": "AbilCmd",
          "AbilCmd": "BuildInProgress,Cancel",
          "Row": 2,
          "Column": 4
        },
        {
          "Face": "ResearchWarpGate",
          "Type": "AbilCmd",
          "AbilCmd": "CyberneticsCoreResearch,Research7",
          "Row": 2,
          "Column": 0
        }
      ]
    }
  ],
  "GlossaryPriority": 29,
  "HotkeyCategory": "Unit/Category/ProtossUnits",
  "CostCategory": "Technology",
  "CostResource": {
    "Minerals": 150
  },
  "TechTreeUnlockedUnitArray": [
    "Stalker",
    "Sentry",
    "Adept"
  ],
  "ShieldRegenDelay": 10,
  "Icon": "btn-building-protoss-cyberneticscore",
  "LifeArmorIcon": "btn-armor-protoss-buildingplating",
  "ShieldArmorIcon": "btn-upgrade-protoss-shieldslevel0",
  "Id": "CyberneticsCore",
  "Behaviors": [
    {
      "Link": "PowerUserQueue",
      "Id": "PowerUserQueue"
    }
  ],
  "Upgrades": [
    {
      "Link": "ProtossShields",
      "Id": "ProtossShields",
      "Name": "Protoss Shields"
    },
    {
      "Link": "ProtossShieldsLevel1",
      "Id": "ProtossShieldsLevel1",
      "Icon": "btn-upgrade-protoss-shieldslevel1",
      "Name": "Protoss Shields Level 1"
    },
    {
      "Link": "ProtossShieldsLevel2",
      "Id": "ProtossShieldsLevel2",
      "Icon": "btn-upgrade-protoss-shieldslevel2",
      "Name": "Protoss Shields Level 2"
    },
    {
      "Link": "ProtossShieldsLevel3",
      "Id": "ProtossShieldsLevel3",
      "Icon": "btn-upgrade-protoss-shieldslevel3",
      "Name": "Protoss Shields Level 3"
    }
  ],
  "Abilities": [
    {
      "Link": "BuildInProgress",
      "Id": "BuildInProgress",
      "Name": "Build in Progress"
    },
    {
      "Link": "que5",
      "Id": "que5",
      "Name": "Queue (5)"
    },
    {
      "Link": "CyberneticsCoreResearch",
      "Id": "CyberneticsCoreResearch",
      "Name": "Research"
    }
  ],
  "Requirements": [],
  "Production": [
    {
      "Id": "ProtossAirWeaponsLevel1",
      "Icon": "btn-upgrade-protoss-airweaponslevel1",
      "Name": "Protoss Air Weapons Level 1"
    },
    {
      "Id": "ProtossAirWeaponsLevel2",
      "Icon": "btn-upgrade-protoss-airweaponslevel2",
      "Name": "Protoss Air Weapons Level 2"
    },
    {
      "Id": "ProtossAirWeaponsLevel3",
      "Icon": "btn-upgrade-protoss-airweaponslevel3",
      "Name": "Protoss Air Weapons Level 3"
    },
    {
      "Id": "ProtossAirArmorsLevel1",
      "Icon": "btn-upgrade-protoss-airarmorlevel1",
      "Name": "Protoss Air Armor Level 1"
    },
    {
      "Id": "ProtossAirArmorsLevel2",
      "Icon": "btn-upgrade-protoss-airarmorlevel2",
      "Name": "Protoss Air Armor Level 2"
    },
    {
      "Id": "ProtossAirArmorsLevel3",
      "Icon": "btn-upgrade-protoss-airarmorlevel3",
      "Name": "Protoss Air Armor Level 3"
    },
    {
      "Id": "WarpGateResearch",
      "Icon": "btn-building-protoss-warpgate",
      "Name": "Warp Gate"
    }
  ],
  "Producers": [
    {
      "Id": "Probe",
      "Icon": "btn-unit-protoss-probe",
      "Description": "Basic worker unit. Can gather resources and warp in Protoss structures.<br/><br/><span style=\"color: #ffff8a\">Can attack ground units.</span>",
      "Name": "Probe"
    }
  ],
  "Commands": [
    {
      "Id": "ProtossAirWeaponsLevel1",
      "Icon": "btn-upgrade-protoss-airweaponslevel1",
      "Tooltip": "Upgrades the damage dealt by Protoss air units.",
      "Name": "Upgrade Air Weapons Level 1",
      "AbilCmd": "CyberneticsCoreResearch,Research1"
    },
    {
      "Id": "ProtossAirWeaponsLevel2",
      "Icon": "btn-upgrade-protoss-airweaponslevel2",
      "Tooltip": "Further upgrades the damage dealt by Protoss air units.",
      "Name": "Upgrade Air Weapons Level 2",
      "AbilCmd": "CyberneticsCoreResearch,Research2"
    },
    {
      "Id": "ProtossAirWeaponsLevel3",
      "Icon": "btn-upgrade-protoss-airweaponslevel3",
      "Tooltip": "Maximizes the damage dealt by Protoss air units.",
      "Name": "Upgrade Air Weapons Level 3",
      "AbilCmd": "CyberneticsCoreResearch,Research3"
    },
    {
      "Id": "ProtossAirArmorLevel1",
      "Icon": "btn-upgrade-protoss-airarmorlevel1",
      "Tooltip": "Upgrades the armor of Protoss air units.",
      "Name": "Upgrade Air Armor Level 1",
      "AbilCmd": "CyberneticsCoreResearch,Research4"
    },
    {
      "Id": "ProtossAirArmorLevel2",
      "Icon": "btn-upgrade-protoss-airarmorlevel2",
      "Tooltip": "Further upgrades the armor of Protoss air units.",
      "Name": "Upgrade Air Armor Level 2",
      "AbilCmd": "CyberneticsCoreResearch,Research5"
    },
    {
      "Id": "ProtossAirArmorLevel3",
      "Icon": "btn-upgrade-protoss-airarmorlevel3",
      "Tooltip": "Maximizes the armor of Protoss air units.",
      "Name": "Upgrade Air Armor Level 3",
      "AbilCmd": "CyberneticsCoreResearch,Research6"
    },
    {
      "Id": "Cancel",
      "Icon": "btn-command-cancel",
      "Tooltip": "Drops the current order without performing it, and allows you to select a different order.",
      "Name": "Cancel",
      "AbilCmd": "que5,CancelLast"
    },
    {
      "Id": "CancelBuilding",
      "Icon": "btn-command-cancel",
      "Tooltip": "Cancels construction of this structure, destroying the structure and giving a partial refund.",
      "Name": "Cancel",
      "AbilCmd": "BuildInProgress,Cancel"
    },
    {
      "Id": "ResearchWarpGate",
      "Icon": "btn-building-protoss-warpgate",
      "Tooltip": "Enables <span style=\"color: #ffff8a\">Gateways</span> to upgrade to Warp Gates.",
      "Name": "Research Warp Gate",
      "AbilCmd": "CyberneticsCoreResearch,Research7"
    }
  ]
}