{
  "Name": "Cyclone",
  "Description": "Mobile assault vehicle. Can use Lock On to quickly fire while moving.<br/><br/><c val=\"#ColorAttackInfo\">Can attack ground and air units.</span>",
  "DeathRevealFilters": "Visible;Player,Ally,Neutral,Missile,Dead,Hidden",
  "DeathRevealRadius": 3,
  "DeathRevealDuration": 4,
  "DeathRevealType": "Snapshot",
  "Race": "Terr",
  "DefaultAcquireLevel": "Offensive",
  "Response": "Acquire",
  "ResourceState": "Unknown",
  "ResourceType": "Unknown",
  "LifeStart": 120,
  "LifeMax": 120,
  "LifeArmorName": "Terran Vehicle Plating",
  "Mover": "Ground",
  "StationaryTurningRate": 720,
  "TurningRate": 360,
  "Radius": 0.75,
  "SeparationRadius": 0.5,
  "MinimapRadius": 0.75,
  "EditorCategories": {
    "ObjectType": "Unit",
    "ObjectFamily": "Melee"
  },
  "TacticalAIFilters": "-;Player,Ally,Neutral",
  "AIEvalFactor": 1.5,
  "Mass": 0.4,
  "FlagArray": [
    "Turnable",
    "Movable",
    "Unclickable",
    "Unhighlightable",
    "Untooltipable",
    "KillCredit",
    "ShowResources",
    "ClearRallyOnTargetLost",
    "PlayerRevivable",
    "CameraFollow",
    "PreventDestroy",
    "UseLineOfSight",
    "AIPressForwardDisabled",
    "ArmySelect"
  ],
  "EditorFlags": [
    "BlockStructures"
  ],
  "PushPriority": 10,
  "LeaderAlias": "Cyclone",
  "HotkeyAlias": "Cyclone",
  "SelectAlias": "Cyclone",
  "SubgroupAlias": "Cyclone",
  "OccludeHeight": 0.75,
  "TacticalAI": "SiegeTank",
  "AIEvaluateAlias": "Cyclone",
  "ReviveType": "Cyclone",
  "PawnItemReduction": 1,
  "Fidget": {
    "DelayMax": 30,
    "DelayMin": 10,
    "DistanceMax": 4,
    "DistanceMin": 1,
    "TurnAngle": 90,
    "TurningRate": 90,
    "ChanceArray": {
      "Idle": 33,
      "Anim": 33
    }
  },
  "ReviveInfoBase": {
    "Charge": {
      "Link": "Cyclone/Revive",
      "Location": "Unit"
    },
    "Cooldown": {
      "Link": "Cyclone/Revive",
      "Location": "Unit"
    }
  },
  "InnerRadiusSafetyMultiplier": 1,
  "ArmorType": "Unknown",
  "Mob": "Multiplayer",
  "PlaneArray": [
    "Ground"
  ],
  "Collide": [
    "Ground",
    "ForceField",
    "Locust",
    "Small"
  ],
  "Attributes": [
    "Armored",
    "Mechanical"
  ],
  "LifeArmor": 1,
  "Speed": 3.375,
  "Acceleration": 1000,
  "LateralAcceleration": 64,
  "Sight": 11,
  "Food": -3,
  "CostCategory": "Army",
  "CostResource": {
    "Minerals": 150,
    "Vespene": 100
  },
  "RepairTime": 45,
  "AttackTargetPriority": 20,
  "DamageDealtXP": 1,
  "DamageTakenXP": 1,
  "KillXP": 50,
  "CardLayouts": [
    {
      "LayoutButtons": [
        {
          "Face": "Move",
          "Type": "AbilCmd",
          "AbilCmd": "move,Move",
          "Row": 0,
          "Column": 0
        },
        {
          "Face": "Stop",
          "Type": "AbilCmd",
          "AbilCmd": "stop,Stop",
          "Row": 0,
          "Column": 1
        },
        {
          "Face": "MoveHoldPosition",
          "Type": "AbilCmd",
          "AbilCmd": "move,HoldPos",
          "Row": 0,
          "Column": 2
        },
        {
          "Face": "Attack",
          "Type": "AbilCmd",
          "AbilCmd": "attack,Execute",
          "Row": 0,
          "Column": 4
        },
        {
          "Face": "MovePatrol",
          "Type": "AbilCmd",
          "AbilCmd": "move,Patrol",
          "Row": 0,
          "Column": 3
        },
        {
          "Face": "LockOn",
          "Type": "AbilCmd",
          "AbilCmd": "LockOn,Execute",
          "Row": 2,
          "Column": 0
        },
        {
          "Face": "LockOnCancel",
          "Type": "AbilCmd",
          "AbilCmd": "LockOnCancel,Execute",
          "Row": 2,
          "Column": 4
        },
        {
          "Face": "CycloneLockOnDamageUpgrade",
          "Type": "Passive",
          "Requirements": "HaveCycloneLockOnDamageUpgrade",
          "Row": 1,
          "Column": 0
        }
      ]
    }
  ],
  "InnerRadius": 0.5,
  "CargoSize": 4,
  "ScoreMake": 250,
  "ScoreKill": 250,
  "ScoreResult": "BuildOrder",
  "SubgroupPriority": 71,
  "AIKiteRange": 10,
  "GlossaryCategory": "Unit/Category/TerranUnits",
  "GlossaryPriority": 136,
  "GlossaryStrongArray": [
    "Marauder",
    "Roach",
    "Adept"
  ],
  "GlossaryWeakArray": [
    "SiegeTank",
    "Zergling",
    "Immortal"
  ],
  "HotkeyCategory": "Unit/Category/TerranUnits",
  "TacticalAIThink": "AIThinkCyclone",
  "Icon": "btn-unit-terran-cyclone",
  "LifeArmorIcon": "btn-upgrade-terran-vehicleplatinglevel0",
  "ShieldArmorIcon": "btn-upgrade-protoss-shieldslevel0",
  "Id": "Cyclone",
  "Weapons": [
    {
      "Link": "TyphoonMissilePod",
      "Turret": "CycloneWeaponTurret",
      "Id": "TyphoonMissilePod",
      "Icon": "btn-upgrade-terran-vehicleweaponslevel0",
      "Name": "Typhoon Missile Pod",
      "Amount": 18,
      "Kind": "Ranged",
      "TargetFilters": "",
      "Range": 5,
      "Period": 1
    }
  ],
  "Upgrades": [
    {
      "Link": "CycloneLockOnRangeUpgrade",
      "Id": "CycloneLockOnRangeUpgrade",
      "Icon": "btn-upgrade-terran-durablematerials",
      "Name": "Targeting Optics"
    },
    {
      "Link": "CycloneAirUpgrade",
      "Id": "CycloneAirUpgrade",
      "Icon": "btn-ability-terran-surfacetoairtargeting",
      "Name": "Surface-To-Air Targeting"
    },
    {
      "Link": "CycloneLockOnDamageUpgrade",
      "Id": "CycloneLockOnDamageUpgrade",
      "Icon": "btn-upgrade-terran-magfieldaccelerator",
      "Name": "Mag-Field Accelerator"
    },
    {
      "Link": "MagFieldLaunchers",
      "Id": "MagFieldLaunchers",
      "Icon": "btn-upgrade-terran-cyclonerangeupgrade",
      "Name": "Mag-Field Launchers"
    },
    {
      "Link": "ArmorPiercingRockets",
      "Id": "ArmorPiercingRockets",
      "Icon": "btn-ability-terran-ignorearmor",
      "Name": "Armor Piercing Rockets"
    },
    {
      "Link": "CycloneRapidFireLaunchers",
      "Id": "CycloneRapidFireLaunchers",
      "Icon": "btn-upgrade-raynor-ripwavemissiles",
      "Name": "Rapid Fire Launchers"
    }
  ],
  "Abilities": [
    {
      "Link": "attack",
      "Id": "attack",
      "Name": "Attack"
    },
    {
      "Link": "stop",
      "Id": "stop",
      "Name": "Stop"
    },
    {
      "Link": "move",
      "Id": "move",
      "Name": "Move"
    },
    {
      "Link": "LockOnCancel",
      "Id": "LockOnCancel",
      "Name": "Lock On Cancel"
    },
    {
      "Link": "LockOn",
      "Id": "LockOn",
      "Name": "Lock On"
    }
  ],
  "Requirements": [],
  "Production": [],
  "Producers": [
    {
      "Id": "Factory",
      "Icon": "btn-building-terran-factory",
      "Description": "Vehicle-production facility. <br/><br/><span style=\"color: #ffff8a\">Enables:</span><br/>- Hellions<br/>- Widow Mines<br/>- Cyclones",
      "Name": "Factory"
    }
  ],
  "Commands": [
    {
      "Id": "Move",
      "Icon": "btn-command-move",
      "Tooltip": "Orders selected units to move to the target area or follow the target unit. Moving units will not engage enemies.",
      "Name": "Move",
      "AbilCmd": "move,Move"
    },
    {
      "Id": "Stop",
      "Icon": "btn-command-stop",
      "Tooltip": "Orders selected units to cancel all orders and stop moving.",
      "Name": "Stop",
      "AbilCmd": "stop,Stop"
    },
    {
      "Id": "MoveHoldPosition",
      "Icon": "btn-command-holdposition",
      "Tooltip": "Orders selected units to stay where they are and attack enemies that are within range. Units will neither chase down enemies nor move to engage.",
      "Name": "Hold Position",
      "AbilCmd": "move,HoldPos"
    },
    {
      "Id": "Attack",
      "Icon": "btn-command-attack",
      "Tooltip": "Orders selected units to move to the target point, fighting nearby enemies along the way. Targeting a unit with the Attack command orders that it be attacked until it is destroyed.",
      "Name": "Attack",
      "AbilCmd": "attack,Execute"
    },
    {
      "Id": "MovePatrol",
      "Icon": "btn-command-patrol",
      "Tooltip": "Orders selected units to patrol between their current position and the target area. Units will attack enemies and move to engage nearby enemies.",
      "Name": "Patrol",
      "AbilCmd": "move,Patrol"
    },
    {
      "Id": "LockOn",
      "Icon": "btn-ability-terran-lockon",
      "Tooltip": "Locks the Cyclone's weapons on the target unit, dealing <b>400</b> damage over <b>20</b> seconds to ground and flying targets. Can move while firing. Cancels if target moves out of range.",
      "Name": "Lock On",
      "AbilCmd": "LockOn,Execute"
    },
    {
      "Id": "LockOnCancel",
      "Icon": "btn-command-cancel",
      "Tooltip": "Cancels the current Lock On, and allows you to select a new target.",
      "Name": "Cancel",
      "AbilCmd": "LockOnCancel,Execute"
    }
  ]
}