{
  "Name": "Dark Templar",
  "Description": "Deadly warrior-assassin. Cloak renders the unit invisible to enemies without detection. Can transform into an Archon.<br/><br/><span style=\"color: #ffff8a\">Can attack ground units.</span>",
  "DeathRevealFilters": "Visible;Player,Ally,Neutral,Missile,Dead,Hidden",
  "DeathRevealRadius": 3,
  "DeathRevealDuration": 4,
  "DeathRevealType": "Snapshot",
  "Race": "Prot",
  "DefaultAcquireLevel": "Offensive",
  "Response": "Acquire",
  "ResourceState": "Unknown",
  "ResourceType": "Unknown",
  "LifeStart": 40,
  "LifeMax": 40,
  "LifeArmorName": "Protoss Armor",
  "Mover": "Ground",
  "StationaryTurningRate": 999.8437,
  "TurningRate": 999.8437,
  "Radius": 0.375,
  "SeparationRadius": 0.375,
  "MinimapRadius": 0.375,
  "EditorCategories": {
    "ObjectType": "Unit",
    "ObjectFamily": "Melee"
  },
  "TacticalAIFilters": "-;Player,Ally,Neutral",
  "AIEvalFactor": 1,
  "Mass": 0.4,
  "FlagArray": [
    "Turnable",
    "Movable",
    "Unclickable",
    "Unhighlightable",
    "Untooltipable",
    "KillCredit",
    "ShowResources",
    "ClearRallyOnTargetLost",
    "PlayerRevivable",
    "CameraFollow",
    "PreventDestroy",
    "UseLineOfSight",
    "Cloaked",
    "ArmySelect"
  ],
  "EditorFlags": [
    "BlockStructures"
  ],
  "PushPriority": 10,
  "LeaderAlias": "DarkTemplar",
  "HotkeyAlias": "DarkTemplar",
  "SelectAlias": "DarkTemplar",
  "SubgroupAlias": "DarkTemplar",
  "OccludeHeight": 0.75,
  "TacticalAI": "DarkTemplar",
  "AIEvaluateAlias": "DarkTemplar",
  "ReviveType": "DarkTemplar",
  "PawnItemReduction": 1,
  "Fidget": {
    "DelayMax": 30,
    "DelayMin": 10,
    "DistanceMax": 4,
    "DistanceMin": 1,
    "TurnAngle": 90,
    "TurningRate": 90,
    "ChanceArray": {
      "Idle": 100
    }
  },
  "ReviveInfoBase": {
    "Charge": {
      "Link": "DarkTemplar/Revive",
      "Location": "Unit"
    },
    "Cooldown": {
      "Link": "DarkTemplar/Revive",
      "Location": "Unit"
    }
  },
  "InnerRadiusSafetyMultiplier": 1,
  "ArmorType": "Unknown",
  "Mob": "Multiplayer",
  "LifeArmor": 1,
  "ShieldsStart": 80,
  "ShieldsMax": 80,
  "ShieldRegenRate": 2,
  "ShieldArmorName": "Protoss Plasma Shields",
  "Speed": 2.8125,
  "Acceleration": 1000,
  "LateralAcceleration": 46.0625,
  "Food": -2,
  "AttackTargetPriority": 20,
  "DamageDealtXP": 1,
  "DamageTakenXP": 1,
  "KillXP": 45,
  "InnerRadius": 0.375,
  "CargoSize": 2,
  "ScoreMake": 250,
  "ScoreKill": 250,
  "ScoreResult": "BuildOrder",
  "SubgroupPriority": 56,
  "PlaneArray": [
    "Ground"
  ],
  "Collide": [
    "Ground",
    "ForceField",
    "Small",
    "Locust"
  ],
  "Sight": 8,
  "CardLayouts": [
    {
      "LayoutButtons": [
        {
          "Face": "Move",
          "Type": "AbilCmd",
          "AbilCmd": "move,Move",
          "Row": 0,
          "Column": 0
        },
        {
          "Face": "Stop",
          "Type": "AbilCmd",
          "AbilCmd": "stop,Stop",
          "Row": 0,
          "Column": 1
        },
        {
          "Face": "MoveHoldPosition",
          "Type": "AbilCmd",
          "AbilCmd": "move,HoldPos",
          "Row": 0,
          "Column": 2
        },
        {
          "Face": "Attack",
          "Type": "AbilCmd",
          "AbilCmd": "attack,Execute",
          "Row": 0,
          "Column": 4
        },
        {
          "Face": "MovePatrol",
          "Type": "AbilCmd",
          "AbilCmd": "move,Patrol",
          "Row": 0,
          "Column": 3
        },
        {
          "Face": "Rally",
          "Type": "AbilCmd",
          "AbilCmd": "ProgressRally,Rally1",
          "Row": 2,
          "Column": 4
        },
        {
          "Face": "AWrp",
          "Type": "AbilCmd",
          "AbilCmd": "ArchonWarp,SelectedUnits",
          "Row": 2,
          "Column": 3
        },
        {
          "Face": "PermanentlyCloaked",
          "Type": "Passive",
          "Row": 2,
          "Column": 0
        },
        {
          "Face": "DarkTemplarBlink",
          "Type": "AbilCmd",
          "AbilCmd": "DarkTemplarBlink,Execute",
          "Row": 2,
          "Column": 1
        }
      ]
    }
  ],
  "Attributes": [
    "Light",
    "Biological",
    "Psionic"
  ],
  "GlossaryCategory": "Unit/Category/ProtossUnits",
  "HotkeyCategory": "Unit/Category/ProtossUnits",
  "GlossaryPriority": 70,
  "CostCategory": "Army",
  "CostResource": {
    "Minerals": 125,
    "Vespene": 125
  },
  "ShieldRegenDelay": 10,
  "GlossaryStrongArray": [
    "SCV",
    "Drone",
    "Probe"
  ],
  "GlossaryWeakArray": [
    "Raven",
    "Overseer",
    "Observer"
  ],
  "Icon": "btn-unit-protoss-darktemplar",
  "LifeArmorIcon": "btn-upgrade-protoss-groundarmorlevel0",
  "ShieldArmorIcon": "btn-upgrade-protoss-shieldslevel0",
  "Id": "DarkTemplar",
  "Weapons": [
    {
      "Link": "WarpBlades",
      "Id": "WarpBlades",
      "Icon": "btn-upgrade-protoss-groundweaponslevel0",
      "Name": "Warp Blades",
      "Amount": 45,
      "Kind": "Melee",
      "TargetFilters": "Ground",
      "Range": 0.1,
      "Period": 1.694
    }
  ],
  "Upgrades": [
    {
      "Link": "ProtossGroundArmors",
      "Id": "ProtossGroundArmors",
      "Name": "Protoss Ground Armors"
    },
    {
      "Link": "ProtossGroundWeapons",
      "Id": "ProtossGroundWeapons",
      "Name": "Protoss Ground Weapons"
    },
    {
      "Link": "ProtossShields",
      "Id": "ProtossShields",
      "Name": "Protoss Shields"
    },
    {
      "Link": "ProtossGroundArmorsLevel1",
      "Id": "ProtossGroundArmorsLevel1",
      "Icon": "btn-upgrade-protoss-groundarmorlevel1",
      "Name": "Protoss Ground Armor Level 1"
    },
    {
      "Link": "ProtossGroundArmorsLevel2",
      "Id": "ProtossGroundArmorsLevel2",
      "Icon": "btn-upgrade-protoss-groundarmorlevel2",
      "Name": "Protoss Ground Armor Level 2"
    },
    {
      "Link": "ProtossGroundArmorsLevel3",
      "Id": "ProtossGroundArmorsLevel3",
      "Icon": "btn-upgrade-protoss-groundarmorlevel3",
      "Name": "Protoss Ground Armor Level 3"
    },
    {
      "Link": "ProtossGroundWeaponsLevel1",
      "Id": "ProtossGroundWeaponsLevel1",
      "Icon": "btn-upgrade-protoss-groundweaponslevel1",
      "Name": "Protoss Ground Weapons Level 1"
    },
    {
      "Link": "ProtossGroundWeaponsLevel2",
      "Id": "ProtossGroundWeaponsLevel2",
      "Icon": "btn-upgrade-protoss-groundweaponslevel2",
      "Name": "Protoss Ground Weapons Level 2"
    },
    {
      "Link": "ProtossGroundWeaponsLevel3",
      "Id": "ProtossGroundWeaponsLevel3",
      "Icon": "btn-upgrade-protoss-groundweaponslevel3",
      "Name": "Protoss Ground Weapons Level 3"
    },
    {
      "Link": "ProtossShieldsLevel1",
      "Id": "ProtossShieldsLevel1",
      "Icon": "btn-upgrade-protoss-shieldslevel1",
      "Name": "Protoss Shields Level 1"
    },
    {
      "Link": "ProtossShieldsLevel2",
      "Id": "ProtossShieldsLevel2",
      "Icon": "btn-upgrade-protoss-shieldslevel2",
      "Name": "Protoss Shields Level 2"
    },
    {
      "Link": "ProtossShieldsLevel3",
      "Id": "ProtossShieldsLevel3",
      "Icon": "btn-upgrade-protoss-shieldslevel3",
      "Name": "Protoss Shields Level 3"
    },
    {
      "Link": "DarkTemplarBlinkUpgrade",
      "Id": "DarkTemplarBlinkUpgrade",
      "Icon": "btn-ability-protoss-stealth-blink",
      "Name": "Shadow Stride"
    }
  ],
  "Abilities": [
    {
      "Link": "stop",
      "Id": "stop",
      "Name": "Stop"
    },
    {
      "Link": "attack",
      "Id": "attack",
      "Name": "Attack"
    },
    {
      "Link": "move",
      "Id": "move",
      "Name": "Move"
    },
    {
      "Link": "Warpable",
      "Id": "Warpable",
      "Name": "Warpable"
    },
    {
      "Link": "ArchonWarp",
      "Id": "ArchonWarp",
      "Name": "Archon Merge"
    },
    {
      "Link": "ProgressRally",
      "Id": "ProgressRally",
      "Name": "Progress Rally"
    },
    {
      "Link": "DarkTemplarBlink",
      "Id": "DarkTemplarBlink",
      "Name": "Dark Templar Blink"
    }
  ],
  "Requirements": [
    {
      "Id": "DarkShrine",
      "Icon": "btn-building-protoss-darkshrine",
      "Description": "Contains an upgrade for Dark Templar.<br/><br/><span style=\"color: #ffff8a\">Enables:</span><br/>- Dark Templar at the Gateway<br/>- Archon Merge from Dark Templar",
      "Name": "Dark Shrine"
    }
  ],
  "Production": [],
  "Producers": [
    {
      "Id": "Gateway",
      "Icon": "btn-building-protoss-gateway",
      "Description": "Warps in Protoss ground units.<br/><br/><span style=\"color: #ffff8a\">Enables:</span><br/>- Zealots",
      "Name": "Gateway"
    },
    {
      "Id": "WarpGate",
      "Icon": "btn-building-protoss-warpgate",
      "Description": "Enables warp in of Protoss ground units.",
      "Name": "Warp Gate"
    }
  ],
  "Commands": [
    {
      "Id": "Move",
      "Icon": "btn-command-move",
      "Tooltip": "Orders selected units to move to the target area or follow the target unit. Moving units will not engage enemies.",
      "Name": "Move",
      "AbilCmd": "move,Move"
    },
    {
      "Id": "Stop",
      "Icon": "btn-command-stop",
      "Tooltip": "Orders selected units to cancel all orders and stop moving.",
      "Name": "Stop",
      "AbilCmd": "stop,Stop"
    },
    {
      "Id": "MoveHoldPosition",
      "Icon": "btn-command-holdposition",
      "Tooltip": "Orders selected units to stay where they are and attack enemies that are within range. Units will neither chase down enemies nor move to engage.",
      "Name": "Hold Position",
      "AbilCmd": "move,HoldPos"
    },
    {
      "Id": "Attack",
      "Icon": "btn-command-attack",
      "Tooltip": "Orders selected units to move to the target point, fighting nearby enemies along the way. Targeting a unit with the Attack command orders that it be attacked until it is destroyed.",
      "Name": "Attack",
      "AbilCmd": "attack,Execute"
    },
    {
      "Id": "MovePatrol",
      "Icon": "btn-command-patrol",
      "Tooltip": "Orders selected units to patrol between their current position and the target area. Units will attack enemies and move to engage nearby enemies.",
      "Name": "Patrol",
      "AbilCmd": "move,Patrol"
    },
    {
      "Id": "Rally",
      "Icon": "btn-ability-terran-setrallypoint",
      "Tooltip": "Sends constructed units to the designated point. Workers rallied to resources will begin gathering automatically.",
      "Name": "Set Rally Point",
      "AbilCmd": "ProgressRally,Rally1"
    },
    {
      "Id": "AWrp",
      "Icon": "btn-unit-protoss-archon",
      "Tooltip": "Sacrifices 2 Templar to create an Archon.<br/><br/><span style=\"color: #ffff8a\">Can attack ground and air units.</span>",
      "Name": "Archon Merge",
      "AbilCmd": "ArchonWarp,SelectedUnits"
    },
    {
      "Id": "DarkTemplarBlink",
      "Icon": "btn-ability-protoss-stealth-blink",
      "Tooltip": "Teleports the Dark Templar to a nearby target location. Ability can only be used once every <b>20</b> seconds.",
      "Name": "Shadow Stride",
      "AbilCmd": "DarkTemplarBlink,Execute"
    }
  ]
}