{
  "Name": "Dark Shrine",
  "Description": "Contains an upgrade for Dark Templar.<br/><br/><span style=\"color: #ffff8a\">Enables:</span><br/>- Dark Templar at the Gateway<br/>- Archon Merge from Dark Templar",
  "DeathRevealFilters": "Visible;Player,Ally,Neutral,Missile,Dead,Hidden",
  "DeathRevealRadius": 3,
  "DeathRevealDuration": 4,
  "DeathRevealType": "Snapshot",
  "Race": "Prot",
  "DefaultAcquireLevel": "Offensive",
  "Response": "Acquire",
  "ResourceState": "Unknown",
  "ResourceType": "Unknown",
  "LifeStart": 500,
  "LifeMax": 500,
  "LifeArmorName": "Protoss Armor",
  "Mover": "Ground",
  "StationaryTurningRate": 719.4726,
  "TurningRate": 719.4726,
  "Radius": 1.5,
  "SeparationRadius": 1.5,
  "MinimapRadius": 1.25,
  "EditorCategories": {
    "ObjectType": "Structure",
    "ObjectFamily": "Melee"
  },
  "TacticalAIFilters": "-;Player,Ally,Neutral",
  "AIEvalFactor": 1,
  "Mass": 0.4,
  "FlagArray": [
    "Movable",
    "Unclickable",
    "Unhighlightable",
    "Untooltipable",
    "KillCredit",
    "ShowResources",
    "ClearRallyOnTargetLost",
    "PlayerRevivable",
    "CameraFollow",
    "PreventDefeat",
    "PreventDestroy",
    "PenaltyRevealed",
    "UseLineOfSight",
    "TownAlert",
    "NoPortraitTalk",
    "ArmorDisabledWhileConstructing"
  ],
  "EditorFlags": [
    "BlockStructures"
  ],
  "PushPriority": 10,
  "LeaderAlias": "DarkShrine",
  "HotkeyAlias": "DarkShrine",
  "SelectAlias": "DarkShrine",
  "SubgroupAlias": "DarkShrine",
  "OccludeHeight": 0.75,
  "TacticalAI": "DarkShrine",
  "AIEvaluateAlias": "DarkShrine",
  "ReviveType": "DarkShrine",
  "PawnItemReduction": 1,
  "Fidget": {
    "DelayMax": 30,
    "DelayMin": 10,
    "DistanceMax": 4,
    "DistanceMin": 1,
    "TurnAngle": 90,
    "TurningRate": 90,
    "ChanceArray": {
      "Idle": 100
    }
  },
  "ReviveInfoBase": {
    "Charge": {
      "Link": "DarkShrine/Revive",
      "Location": "Unit"
    },
    "Cooldown": {
      "Link": "DarkShrine/Revive",
      "Location": "Unit"
    }
  },
  "InnerRadiusSafetyMultiplier": 1,
  "ArmorType": "Unknown",
  "Mob": "Multiplayer",
  "FogVisibility": "Snapshot",
  "LifeArmor": 1,
  "ShieldsStart": 500,
  "ShieldsMax": 500,
  "ShieldRegenRate": 2,
  "ShieldArmorName": "Protoss Plasma Shields",
  "AttackTargetPriority": 11,
  "Footprint": "Footprint2x2Contour",
  "PlacementFootprint": "Footprint2x2",
  "ScoreMake": 300,
  "ScoreKill": 300,
  "ScoreResult": "BuildOrder",
  "SubgroupPriority": 8,
  "Attributes": [
    "Armored",
    "Structure"
  ],
  "PlaneArray": [
    "Ground"
  ],
  "Collide": [
    "Burrow",
    "Ground",
    "Structure",
    "RoachBurrow",
    "ForceField",
    "Small",
    "Locust",
    "Phased"
  ],
  "Sight": 9,
  "CardLayouts": [
    {
      "LayoutButtons": [
        {
          "Face": "Cancel",
          "Type": "AbilCmd",
          "AbilCmd": "que5,CancelLast",
          "Row": 2,
          "Column": 4
        },
        {
          "Face": "CancelBuilding",
          "Type": "AbilCmd",
          "AbilCmd": "BuildInProgress,Cancel",
          "Row": 2,
          "Column": 4
        },
        {
          "Face": "ResearchDarkTemplarBlink",
          "Type": "AbilCmd",
          "AbilCmd": "DarkShrineResearch,Research1",
          "Row": 0,
          "Column": 0
        }
      ]
    }
  ],
  "GlossaryPriority": 221,
  "HotkeyCategory": "Unit/Category/ProtossUnits",
  "CostCategory": "Technology",
  "CostResource": {
    "Minerals": 150,
    "Vespene": 150
  },
  "TechTreeUnlockedUnitArray": [
    "DarkTemplar",
    "Archon"
  ],
  "ShieldRegenDelay": 10,
  "KillDisplay": "Never",
  "Icon": "btn-building-protoss-darkshrine",
  "LifeArmorIcon": "btn-armor-protoss-buildingplating",
  "ShieldArmorIcon": "btn-upgrade-protoss-shieldslevel0",
  "Id": "DarkShrine",
  "Behaviors": [
    {
      "Link": "PowerUserQueue",
      "Id": "PowerUserQueue"
    }
  ],
  "Upgrades": [
    {
      "Link": "ProtossShields",
      "Id": "ProtossShields",
      "Name": "Protoss Shields"
    },
    {
      "Link": "ProtossShieldsLevel1",
      "Id": "ProtossShieldsLevel1",
      "Icon": "btn-upgrade-protoss-shieldslevel1",
      "Name": "Protoss Shields Level 1"
    },
    {
      "Link": "ProtossShieldsLevel2",
      "Id": "ProtossShieldsLevel2",
      "Icon": "btn-upgrade-protoss-shieldslevel2",
      "Name": "Protoss Shields Level 2"
    },
    {
      "Link": "ProtossShieldsLevel3",
      "Id": "ProtossShieldsLevel3",
      "Icon": "btn-upgrade-protoss-shieldslevel3",
      "Name": "Protoss Shields Level 3"
    },
    {
      "Link": "CinematicMode",
      "Id": "CinematicMode",
      "Name": "Cinematic Mode"
    }
  ],
  "Abilities": [
    {
      "Link": "BuildInProgress",
      "Id": "BuildInProgress",
      "Name": "Build in Progress"
    },
    {
      "Link": "attackProtossBuilding",
      "Id": "attackProtossBuilding",
      "Name": "attack Protoss Building"
    },
    {
      "Link": "stopProtossBuilding",
      "Id": "stopProtossBuilding",
      "Name": "stop Protoss Building"
    },
    {
      "Link": "DarkShrineResearch",
      "Id": "DarkShrineResearch",
      "Name": "Dark Shrine Research"
    },
    {
      "Link": "que5",
      "Id": "que5",
      "Name": "Queue (5)"
    }
  ],
  "Requirements": [
    {
      "Id": "TwilightCouncil",
      "Icon": "btn-building-protoss-twilightcouncil",
      "Description": "Contains upgrades for Zealots, Stalkers, and Adepts.",
      "Name": "Twilight Council"
    }
  ],
  "Production": [
    {
      "Id": "DarkTemplarBlinkUpgrade",
      "Icon": "btn-ability-protoss-stealth-blink",
      "Name": "Shadow Stride"
    }
  ],
  "Producers": [
    {
      "Id": "Probe",
      "Icon": "btn-unit-protoss-probe",
      "Description": "Basic worker unit. Can gather resources and warp in Protoss structures.<br/><br/><span style=\"color: #ffff8a\">Can attack ground units.</span>",
      "Name": "Probe"
    }
  ],
  "Commands": [
    {
      "Id": "Cancel",
      "Icon": "btn-command-cancel",
      "Tooltip": "Drops the current order without performing it, and allows you to select a different order.",
      "Name": "Cancel",
      "AbilCmd": "que5,CancelLast"
    },
    {
      "Id": "CancelBuilding",
      "Icon": "btn-command-cancel",
      "Tooltip": "Cancels construction of this structure, destroying the structure and giving a partial refund.",
      "Name": "Cancel",
      "AbilCmd": "BuildInProgress,Cancel"
    },
    {
      "Id": "ResearchDarkTemplarBlink",
      "Icon": "btn-ability-protoss-stealth-blink",
      "Tooltip": "Allows <span style=\"color: #ffff8a\">Dark Templars</span> to teleport to a nearby target location.",
      "Name": "Research Shadow Stride",
      "AbilCmd": "DarkShrineResearch,Research1"
    }
  ]
}