{
  "DeathRevealFilters": "Visible;Player,Ally,Neutral,Missile,Dead,Hidden",
  "DeathRevealRadius": 3,
  "DeathRevealDuration": 4,
  "DeathRevealType": "Snapshot",
  "Race": "NHbr",
  "DefaultAcquireLevel": "Offensive",
  "Response": "Acquire",
  "ResourceState": "Unknown",
  "ResourceType": "Unknown",
  "LifeStart": 1,
  "LifeMax": 1,
  "LifeArmorName": "Hybrid Armor",
  "Mover": "Ground",
  "StationaryTurningRate": 999.8437,
  "TurningRate": 999.8437,
  "Radius": 0.5,
  "SeparationRadius": 0.5,
  "MinimapRadius": 0.5,
  "EditorCategories": {
    "ObjectType": "Unit",
    "ObjectFamily": "Melee"
  },
  "TacticalAIFilters": "-;Player,Ally,Neutral",
  "AIEvalFactor": 1,
  "Mass": 0.4,
  "FlagArray": [
    "PreventDestroy",
    "UseLineOfSight",
    "ArmySelect"
  ],
  "PushPriority": 10,
  "LeaderAlias": "DefaultSettingsNHbrGroundUnit",
  "HotkeyAlias": "DefaultSettingsNHbrGroundUnit",
  "SelectAlias": "DefaultSettingsNHbrGroundUnit",
  "SubgroupAlias": "DefaultSettingsNHbrGroundUnit",
  "OccludeHeight": 0.75,
  "TacticalAI": "DefaultSettingsNHbrGroundUnit",
  "AIEvaluateAlias": "DefaultSettingsNHbrGroundUnit",
  "ReviveType": "DefaultSettingsNHbrGroundUnit",
  "PawnItemReduction": 1,
  "Fidget": {
    "DelayMax": 30,
    "DelayMin": 10,
    "DistanceMax": 4,
    "DistanceMin": 1,
    "TurnAngle": 90,
    "TurningRate": 90,
    "ChanceArray": {
      "Idle": 70,
      "Anim": 20,
      "Turn": 10
    }
  },
  "ReviveInfoBase": {
    "Charge": {
      "Link": "DefaultSettingsNHbrGroundUnit/Revive",
      "Location": "Unit"
    },
    "Cooldown": {
      "Link": "DefaultSettingsNHbrGroundUnit/Revive",
      "Location": "Unit"
    }
  },
  "InnerRadiusSafetyMultiplier": 1,
  "ArmorType": "Unknown",
  "DataCollection": "DefaultSettingsNHbrGroundUnit",
  "ShieldArmorName": "Hybrid Protection",
  "Acceleration": 1000,
  "LateralAcceleration": 46.0625,
  "DamageDealtXP": 1,
  "DamageTakenXP": 1,
  "KillXP": 20,
  "LifeArmor": 1,
  "ShieldArmor": 1,
  "CardLayouts": [
    {
      "LayoutButtons": [
        {
          "Face": "Move",
          "Type": "AbilCmd",
          "AbilCmd": "move,Move",
          "Row": 0,
          "Column": 0
        },
        {
          "Face": "Stop",
          "Type": "AbilCmd",
          "AbilCmd": "stop,Stop",
          "Row": 0,
          "Column": 1
        },
        {
          "Face": "MoveHoldPosition",
          "Type": "AbilCmd",
          "AbilCmd": "move,HoldPos",
          "Row": 0,
          "Column": 2
        },
        {
          "Face": "Attack",
          "Type": "AbilCmd",
          "AbilCmd": "attack,Execute",
          "Row": 0,
          "Column": 4
        },
        {
          "Face": "MovePatrol",
          "Type": "AbilCmd",
          "AbilCmd": "move,Patrol",
          "Row": 0,
          "Column": 3
        }
      ]
    }
  ],
  "GlossaryCategory": "Unit/Category/NHbrUnits",
  "TauntDuration": {
    "Cheer": 5,
    "Dance": 5
  },
  "Mob": "Multiplayer",
  "AttackTargetPriority": 20,
  "PlaneArray": [
    "Ground"
  ],
  "Collide": [
    "Ground",
    "Locust",
    "Small"
  ],
  "HotkeyCategory": "Unit/Category/NHbrUnits",
  "KillDisplay": "Always",
  "RankDisplay": "Always",
  "ScoreResult": "BuildOrder",
  "ShieldArmorTip": "Unit/ShieldArmorTooltip/NHbrShields",
  "LifeRegenDelay": 10,
  "ShieldRegenDelay": 10,
  "Id": "DefaultSettingsNHbrGroundUnit",
  "Behaviors": [
    {
      "Link": "NHbrProtection@SpellArmor",
      "Id": "NHbrProtection@SpellArmor"
    },
    {
      "Link": "NHbrNetwork@PowerUser",
      "Id": "NHbrNetwork@PowerUser",
      "Name": "Power User"
    }
  ],
  "Upgrades": [],
  "Abilities": [
    {
      "Link": "stop",
      "Id": "stop",
      "Name": "Stop"
    },
    {
      "Link": "attack",
      "Id": "attack",
      "Name": "Attack"
    },
    {
      "Link": "move",
      "Id": "move",
      "Name": "Move"
    }
  ],
  "Requirements": [],
  "Production": [],
  "Producers": [],
  "Commands": [
    {
      "Id": "Move",
      "Icon": "btn-command-move",
      "Tooltip": "Orders selected units to move to the target area or follow the target unit. Moving units will not engage enemies.",
      "Name": "Move",
      "AbilCmd": "move,Move"
    },
    {
      "Id": "Stop",
      "Icon": "btn-command-stop",
      "Tooltip": "Orders selected units to cancel all orders and stop moving.",
      "Name": "Stop",
      "AbilCmd": "stop,Stop"
    },
    {
      "Id": "MoveHoldPosition",
      "Icon": "btn-command-holdposition",
      "Tooltip": "Orders selected units to stay where they are and attack enemies that are within range. Units will neither chase down enemies nor move to engage.",
      "Name": "Hold Position",
      "AbilCmd": "move,HoldPos"
    },
    {
      "Id": "Attack",
      "Icon": "btn-command-attack",
      "Tooltip": "Orders selected units to move to the target point, fighting nearby enemies along the way. Targeting a unit with the Attack command orders that it be attacked until it is destroyed.",
      "Name": "Attack",
      "AbilCmd": "attack,Execute"
    },
    {
      "Id": "MovePatrol",
      "Icon": "btn-command-patrol",
      "Tooltip": "Orders selected units to patrol between their current position and the target area. Units will attack enemies and move to engage nearby enemies.",
      "Name": "Patrol",
      "AbilCmd": "move,Patrol"
    }
  ]
}