{
  "DeathRevealFilters": "Visible;Player,Ally,Neutral,Missile,Dead,Hidden",
  "DeathRevealRadius": 2,
  "DeathRevealDuration": 4,
  "DeathRevealType": "Snapshot",
  "Race": "Keir",
  "DefaultAcquireLevel": "Offensive",
  "Response": "Acquire",
  "ResourceState": "Unknown",
  "ResourceType": "Unknown",
  "LifeStart": 1,
  "LifeMax": 1,
  "LifeArmorName": "Keiron Structure Armor",
  "Mover": "Fly",
  "StationaryTurningRate": 720,
  "TurningRate": 720,
  "Radius": 1.5,
  "SeparationRadius": 1.5,
  "MinimapRadius": 1.5,
  "TacticalAIFilters": "-;Player,Ally,Neutral",
  "AIEvalFactor": 1,
  "Mass": 0.4,
  "PushPriority": 10,
  "LeaderAlias": "DefaultSettingsKeironBuildingFlyer",
  "HotkeyAlias": "DefaultSettingsKeironBuildingFlyer",
  "SelectAlias": "DefaultSettingsKeironBuildingFlyer",
  "SubgroupAlias": "DefaultSettingsKeironBuildingFlyer",
  "OccludeHeight": 0.75,
  "TacticalAI": "DefaultSettingsKeironBuildingFlyer",
  "AIEvaluateAlias": "DefaultSettingsKeironBuildingFlyer",
  "ReviveType": "DefaultSettingsKeironBuildingFlyer",
  "PawnItemReduction": 1,
  "Fidget": {
    "DelayMax": 30,
    "DelayMin": 10,
    "DistanceMax": 4,
    "DistanceMin": 1,
    "TurnAngle": 90,
    "TurningRate": 90,
    "ChanceArray": {
      "Idle": 100
    }
  },
  "ReviveInfoBase": {
    "Charge": {
      "Link": "DefaultSettingsKeironBuildingFlyer/Revive",
      "Location": "Unit"
    },
    "Cooldown": {
      "Link": "DefaultSettingsKeironBuildingFlyer/Revive",
      "Location": "Unit"
    }
  },
  "InnerRadiusSafetyMultiplier": 1,
  "ArmorType": "Unknown",
  "FogVisibility": "Snapshot",
  "PlaneArray": [
    "Air"
  ],
  "Collide": [
    "Flying"
  ],
  "LifeArmor": 1,
  "Sight": 10,
  "CostCategory": "Technology",
  "ScoreResult": "BuildOrder",
  "HotkeyCategory": "Unit/Category/KeironUnits",
  "LifeRegenRate": 0.25,
  "Food": 6,
  "Footprint": "Footprint4x4AirContour",
  "PlacementFootprint": "Footprint4x4Air",
  "ShieldArmorName": "Keiron Dispersion Shields",
  "ShieldRegenDelay": 4,
  "ShieldRegenRate": 1.25,
  "CardLayouts": [
    {
      "LayoutButtons": [
        {
          "Face": "SelectBuilder",
          "Type": "SelectBuilder",
          "Row": 1,
          "Column": 3
        }
      ]
    }
  ],
  "Height": 4,
  "VisionHeight": 4,
  "Id": "DefaultSettingsKeironBuildingFlyer",
  "Upgrades": [],
  "Abilities": [
    {
      "Link": "BuildInProgress",
      "Id": "BuildInProgress",
      "Name": "Build in Progress"
    },
    {
      "Link": "que5",
      "Id": "que5",
      "Name": "Queue (5)"
    },
    {
      "Link": "ReliquaryResearch",
      "Id": "ReliquaryResearch",
      "Name": "Reliquary Research"
    },
    {
      "Link": "KeironCitadelMaterialize",
      "Id": "KeironCitadelMaterialize",
      "Name": "Keiron - Citadel Materialize"
    }
  ],
  "Requirements": [],
  "Production": [],
  "Producers": [],
  "Commands": []
}