{
  "Name": "Defiler",
  "DeathRevealFilters": "Visible;Player,Ally,Neutral,Missile,Dead,Hidden",
  "DeathRevealRadius": 3,
  "DeathRevealDuration": 4,
  "DeathRevealType": "Snapshot",
  "Race": "Zerg",
  "DefaultAcquireLevel": "Offensive",
  "Response": "Acquire",
  "ResourceState": "Unknown",
  "ResourceType": "Unknown",
  "LifeStart": 80,
  "LifeMax": 80,
  "LifeArmorName": "Zerg Ground Carapace",
  "Mover": "Ground",
  "StationaryTurningRate": 999.8437,
  "TurningRate": 720,
  "Radius": 0.75,
  "SeparationRadius": 0.5,
  "MinimapRadius": 0.75,
  "EditorCategories": {
    "ObjectType": "Unit",
    "ObjectFamily": "Melee"
  },
  "TacticalAIFilters": "-;Player,Ally,Neutral",
  "AIEvalFactor": 1.8,
  "Mass": 0.4,
  "FlagArray": [
    "PreventDestroy",
    "UseLineOfSight",
    "Cloaked",
    "Buried",
    "AlwaysThreatens",
    "AIThreatGround",
    "AIThreatAir",
    "AISplash",
    "AIHighPrioTarget",
    "AICaster",
    "AIPressForwardDisabled",
    "ArmySelect"
  ],
  "PushPriority": 10,
  "LeaderAlias": "DefilerMPBurrowed",
  "HotkeyAlias": "DefilerMPBurrowed",
  "SelectAlias": "DefilerMPBurrowed",
  "SubgroupAlias": "DefilerMPBurrowed",
  "OccludeHeight": 0.75,
  "TacticalAI": "DefilerMPBurrowed",
  "AIEvaluateAlias": "DefilerMPBurrowed",
  "ReviveType": "DefilerMPBurrowed",
  "PawnItemReduction": 1,
  "Fidget": {
    "DelayMax": 30,
    "DelayMin": 10,
    "DistanceMax": 4,
    "DistanceMin": 1,
    "TurnAngle": 90,
    "TurningRate": 90,
    "ChanceArray": {
      "Idle": 100
    }
  },
  "ReviveInfoBase": {
    "Charge": {
      "Link": "DefilerMPBurrowed/Revive",
      "Location": "Unit"
    },
    "Cooldown": {
      "Link": "DefilerMPBurrowed/Revive",
      "Location": "Unit"
    }
  },
  "InnerRadiusSafetyMultiplier": 1,
  "ArmorType": "Unknown",
  "Mob": "Multiplayer",
  "PlaneArray": [
    "Ground"
  ],
  "Collide": [
    "Burrow"
  ],
  "Attributes": [
    "Biological",
    "Psionic"
  ],
  "LifeArmor": 1,
  "LifeRegenRate": 0.2734,
  "EnergyStart": 50,
  "EnergyMax": 200,
  "EnergyRegenRate": 0.5625,
  "SpeedMultiplierCreep": 1.3,
  "Sight": 5,
  "Food": -2,
  "CostCategory": "Army",
  "CostResource": {
    "Minerals": 50,
    "Vespene": 150
  },
  "AttackTargetPriority": 20,
  "KillXP": 40,
  "CardLayouts": [
    {
      "LayoutButtons": [
        {
          "Face": "Attack",
          "Type": "AbilCmd",
          "AbilCmd": "attack,Execute",
          "Row": 0,
          "Column": 4
        },
        {
          "Face": "AcquireMove",
          "Type": "AbilCmd",
          "AbilCmd": "move,AcquireMove",
          "Row": 0,
          "Column": 4
        },
        {
          "Face": "BurrowUp",
          "Type": "AbilCmd",
          "AbilCmd": "DefilerMPUnburrow,Execute",
          "Row": 2,
          "Column": 4
        }
      ]
    }
  ],
  "InnerRadius": 0.5,
  "CargoSize": 2,
  "ScoreMake": 200,
  "ScoreKill": 200,
  "ScoreResult": "BuildOrder",
  "SubgroupPriority": 19,
  "KillDisplay": "Always",
  "Icon": "btn-unit-zerg-defilerex3",
  "LifeArmorIcon": "btn-upgrade-zerg-groundcarapace-level0",
  "ShieldArmorIcon": "btn-upgrade-protoss-shieldslevel0",
  "Id": "DefilerMPBurrowed",
  "Upgrades": [],
  "Abilities": [
    {
      "Link": "DefilerMPUnburrow",
      "Id": "DefilerMPUnburrow",
      "Name": "Unburrow"
    }
  ],
  "Requirements": [],
  "Production": [],
  "Producers": [],
  "Commands": [
    {
      "Id": "Attack",
      "Icon": "btn-command-attack",
      "Tooltip": "Orders selected units to move to the target point, fighting nearby enemies along the way. Targeting a unit with the Attack command orders that it be attacked until it is destroyed.",
      "Name": "Attack",
      "AbilCmd": "attack,Execute"
    },
    {
      "Id": "AcquireMove",
      "Icon": "btn-command-attack",
      "Tooltip": "Orders selected units to move to the target area or follow the target unit. Scan-moving units will not engage enemies.",
      "Name": "Scan Move",
      "AbilCmd": "move,AcquireMove"
    },
    {
      "Id": "BurrowUp",
      "Icon": "btn-ability-zerg-upburrow-color",
      "Tooltip": "Returns the unit to the surface.",
      "Name": "Unburrow",
      "AbilCmd": "DefilerMPUnburrow,Execute"
    }
  ]
}