{
  "Name": "Defiler",
  "DeathRevealFilters": "Visible;Player,Ally,Neutral,Missile,Dead,Hidden",
  "DeathRevealRadius": 3,
  "DeathRevealDuration": 4,
  "DeathRevealType": "Snapshot",
  "Race": "Zerg",
  "DefaultAcquireLevel": "Offensive",
  "Response": "Acquire",
  "ResourceState": "Unknown",
  "ResourceType": "Unknown",
  "LifeStart": 80,
  "LifeMax": 80,
  "LifeArmorName": "Zerg Ground Carapace",
  "Mover": "Ground",
  "StationaryTurningRate": 999.8437,
  "TurningRate": 999.8437,
  "Radius": 0.75,
  "SeparationRadius": 0.5,
  "MinimapRadius": 0.75,
  "EditorCategories": {
    "ObjectType": "Unit",
    "ObjectFamily": "Melee"
  },
  "TacticalAIFilters": "-;Player,Ally,Neutral",
  "AIEvalFactor": 1.8,
  "Mass": 0.4,
  "FlagArray": [
    "PreventDestroy",
    "UseLineOfSight",
    "AlwaysThreatens",
    "AIThreatGround",
    "AIThreatAir",
    "AISplash",
    "AIHighPrioTarget",
    "AICaster",
    "AIPressForwardDisabled",
    "ArmySelect"
  ],
  "PushPriority": 10,
  "LeaderAlias": "DefilerMP",
  "HotkeyAlias": "DefilerMP",
  "SelectAlias": "DefilerMP",
  "SubgroupAlias": "DefilerMP",
  "OccludeHeight": 0.75,
  "TacticalAI": "DefilerMP",
  "AIEvaluateAlias": "DefilerMP",
  "ReviveType": "DefilerMP",
  "PawnItemReduction": 1,
  "Fidget": {
    "DelayMax": 30,
    "DelayMin": 10,
    "DistanceMax": 4,
    "DistanceMin": 1,
    "TurnAngle": 90,
    "TurningRate": 90,
    "ChanceArray": {
      "Idle": 100
    }
  },
  "ReviveInfoBase": {
    "Charge": {
      "Link": "DefilerMP/Revive",
      "Location": "Unit"
    },
    "Cooldown": {
      "Link": "DefilerMP/Revive",
      "Location": "Unit"
    }
  },
  "InnerRadiusSafetyMultiplier": 1,
  "ArmorType": "Unknown",
  "Mob": "Multiplayer",
  "PlaneArray": [
    "Ground"
  ],
  "Collide": [
    "Ground",
    "ForceField",
    "Small"
  ],
  "Attributes": [
    "Biological",
    "Psionic"
  ],
  "LifeRegenRate": 0.2734,
  "EnergyStart": 50,
  "EnergyMax": 200,
  "EnergyRegenRate": 0.5625,
  "Speed": 2.25,
  "SpeedMultiplierCreep": 1.3,
  "Sight": 10,
  "Food": -2,
  "CostCategory": "Army",
  "CostResource": {
    "Minerals": 50,
    "Vespene": 150
  },
  "AttackTargetPriority": 20,
  "KillXP": 40,
  "CardLayouts": [
    {
      "LayoutButtons": [
        {
          "Face": "Move",
          "Type": "AbilCmd",
          "AbilCmd": "move,Move",
          "Row": 0,
          "Column": 0
        },
        {
          "Face": "Stop",
          "Type": "AbilCmd",
          "AbilCmd": "stop,Stop",
          "Row": 0,
          "Column": 1
        },
        {
          "Face": "MoveHoldPosition",
          "Type": "AbilCmd",
          "AbilCmd": "move,HoldPos",
          "Row": 0,
          "Column": 2
        },
        {
          "Face": "MovePatrol",
          "Type": "AbilCmd",
          "AbilCmd": "move,Patrol",
          "Row": 0,
          "Column": 3
        },
        {
          "Face": "Attack",
          "Type": "AbilCmd",
          "AbilCmd": "attack,Execute",
          "Row": 0,
          "Column": 4
        },
        {
          "Face": "AcquireMove",
          "Type": "AbilCmd",
          "AbilCmd": "move,AcquireMove",
          "Row": 0,
          "Column": 4
        },
        {
          "Face": "DefilerMPConsume",
          "Type": "AbilCmd",
          "AbilCmd": "DefilerMPConsume,Execute",
          "Row": 2,
          "Column": 0
        },
        {
          "Face": "DefilerMPDarkSwarm",
          "Type": "AbilCmd",
          "AbilCmd": "DefilerMPDarkSwarm,Execute",
          "Row": 2,
          "Column": 1
        },
        {
          "Face": "DefilerMPPlague",
          "Type": "AbilCmd",
          "AbilCmd": "DefilerMPPlague,Execute",
          "Row": 2,
          "Column": 2
        },
        {
          "Face": "BurrowDown",
          "Type": "AbilCmd",
          "AbilCmd": "DefilerMPBurrow,Execute",
          "Row": 2,
          "Column": 4
        }
      ]
    }
  ],
  "InnerRadius": 0.5,
  "CargoSize": 2,
  "ScoreMake": 200,
  "ScoreKill": 200,
  "ScoreResult": "BuildOrder",
  "SubgroupPriority": 19,
  "KillDisplay": "Always",
  "LifeArmor": 1,
  "Acceleration": 1000,
  "Icon": "btn-unit-zerg-defilerex3",
  "LifeArmorIcon": "btn-upgrade-zerg-groundcarapace-level0",
  "ShieldArmorIcon": "btn-upgrade-protoss-shieldslevel0",
  "Id": "DefilerMP",
  "Upgrades": [],
  "Abilities": [
    {
      "Link": "stop",
      "Id": "stop",
      "Name": "Stop"
    },
    {
      "Link": "move",
      "Id": "move",
      "Name": "Move"
    },
    {
      "Link": "DefilerMPConsume",
      "Id": "DefilerMPConsume",
      "Name": "Consume"
    },
    {
      "Link": "DefilerMPDarkSwarm",
      "Id": "DefilerMPDarkSwarm",
      "Name": "Dark Swarm"
    },
    {
      "Link": "DefilerMPPlague",
      "Id": "DefilerMPPlague",
      "Name": "Plague"
    },
    {
      "Link": "DefilerMPBurrow",
      "Id": "DefilerMPBurrow",
      "Name": "Burrow"
    }
  ],
  "Requirements": [],
  "Production": [],
  "Producers": [],
  "Commands": [
    {
      "Id": "Move",
      "Icon": "btn-command-move",
      "Tooltip": "Orders selected units to move to the target area or follow the target unit. Moving units will not engage enemies.",
      "Name": "Move",
      "AbilCmd": "move,Move"
    },
    {
      "Id": "Stop",
      "Icon": "btn-command-stop",
      "Tooltip": "Orders selected units to cancel all orders and stop moving.",
      "Name": "Stop",
      "AbilCmd": "stop,Stop"
    },
    {
      "Id": "MoveHoldPosition",
      "Icon": "btn-command-holdposition",
      "Tooltip": "Orders selected units to stay where they are and attack enemies that are within range. Units will neither chase down enemies nor move to engage.",
      "Name": "Hold Position",
      "AbilCmd": "move,HoldPos"
    },
    {
      "Id": "MovePatrol",
      "Icon": "btn-command-patrol",
      "Tooltip": "Orders selected units to patrol between their current position and the target area. Units will attack enemies and move to engage nearby enemies.",
      "Name": "Patrol",
      "AbilCmd": "move,Patrol"
    },
    {
      "Id": "Attack",
      "Icon": "btn-command-attack",
      "Tooltip": "Orders selected units to move to the target point, fighting nearby enemies along the way. Targeting a unit with the Attack command orders that it be attacked until it is destroyed.",
      "Name": "Attack",
      "AbilCmd": "attack,Execute"
    },
    {
      "Id": "AcquireMove",
      "Icon": "btn-command-attack",
      "Tooltip": "Orders selected units to move to the target area or follow the target unit. Scan-moving units will not engage enemies.",
      "Name": "Scan Move",
      "AbilCmd": "move,AcquireMove"
    },
    {
      "Id": "DefilerMPConsume",
      "Icon": "btn-ability-zerg-consume",
      "Name": "Consume",
      "AbilCmd": "DefilerMPConsume,Execute"
    },
    {
      "Id": "DefilerMPDarkSwarm",
      "Icon": "btn-ability-zerg-darkswarm",
      "Name": "Dark Swarm",
      "AbilCmd": "DefilerMPDarkSwarm,Execute"
    },
    {
      "Id": "DefilerMPPlague",
      "Icon": "btn-ability-zerg-defilerplague",
      "Tooltip": "Infects all enemy units and buildings in the target area, inflicting <b>300</b> damage over <b>40</b> seconds. Cannot reduce units or buildings below 1 life. Ignores shields. Reveals infected cloaked units.",
      "Name": "Plague",
      "AbilCmd": "DefilerMPPlague,Execute"
    },
    {
      "Id": "BurrowDown",
      "Icon": "btn-ability-zerg-burrow-color",
      "Tooltip": "Buries the unit underground. Burrowed units are unable to move or attack, but they cannot be seen without detection.",
      "Name": "Burrow",
      "AbilCmd": "DefilerMPBurrow,Execute"
    }
  ]
}