{
  "Name": "Denizen of the Deep",
  "Description": "Primary structure. Used to receive gathered resources. Propogates economic Dragon structures.<br/><br/><span style=\"color: #ffff8a\">Enables:</span><br/>- Plodders<br/>- Razorbacks<br/>- Coagulaters",
  "DeathRevealFilters": "Visible;Player,Ally,Neutral,Missile,Dead,Hidden",
  "DeathRevealRadius": 3,
  "DeathRevealDuration": 4,
  "DeathRevealType": "Snapshot",
  "Race": "Dragon",
  "DefaultAcquireLevel": "Offensive",
  "Response": "Acquire",
  "ResourceState": "Unknown",
  "ResourceType": "Unknown",
  "LifeStart": 2000,
  "LifeMax": 2000,
  "Mover": "Ground",
  "StationaryTurningRate": 180,
  "TurningRate": 180,
  "Radius": 2.5,
  "SeparationRadius": 2.5,
  "MinimapRadius": 2.5,
  "EditorCategories": {
    "ObjectType": "Structure",
    "ObjectFamily": "Melee"
  },
  "TacticalAIFilters": "-;Player,Ally,Neutral",
  "AIEvalFactor": 1,
  "Mass": 0.4,
  "FlagArray": [
    "Turnable",
    "Unclickable",
    "Unhighlightable",
    "Untooltipable",
    "KillCredit",
    "ShowResources",
    "ClearRallyOnTargetLost",
    "PlayerRevivable",
    "CameraFollow",
    "PreventDestroy",
    "PreventDefeat",
    "PenaltyRevealed",
    "UseLineOfSight",
    "TownAlert",
    "NoPortraitTalk",
    "ArmorDisabledWhileConstructing",
    "PreventReveal",
    "TownCamera"
  ],
  "EditorFlags": [
    "BlockStructures"
  ],
  "PushPriority": 10,
  "LeaderAlias": "DenizenoftheDeep",
  "HotkeyAlias": "DenizenoftheDeep",
  "SelectAlias": "DenizenoftheDeep",
  "SubgroupAlias": "DenizenoftheDeep",
  "OccludeHeight": 0.75,
  "TacticalAI": "DenizenoftheDeep",
  "AIEvaluateAlias": "DenizenoftheDeep",
  "ReviveType": "DenizenoftheDeep",
  "PawnItemReduction": 1,
  "Fidget": {
    "DelayMax": 30,
    "DelayMin": 10,
    "DistanceMax": 4,
    "DistanceMin": 1,
    "TurnAngle": 90,
    "TurningRate": 90,
    "ChanceArray": {
      "Idle": 100
    }
  },
  "ReviveInfoBase": {
    "Charge": {
      "Link": "DenizenoftheDeep/Revive",
      "Location": "Unit"
    },
    "Cooldown": {
      "Link": "DenizenoftheDeep/Revive",
      "Location": "Unit"
    }
  },
  "InnerRadiusSafetyMultiplier": 1,
  "ArmorType": "Unknown",
  "PlaneArray": [
    "Ground"
  ],
  "Attributes": [
    "Biological",
    "Armored",
    "Structure"
  ],
  "DamageDealtXP": 1,
  "DamageTakenXP": 1,
  "ScoreResult": "BuildOrder",
  "Mob": "Multiplayer",
  "Collide": [
    "Burrow",
    "Ground",
    "Structure",
    "RoachBurrow",
    "ForceField",
    "Locust",
    "Phased"
  ],
  "LifeArmor": 1,
  "CostCategory": "Economy",
  "AttackTargetPriority": 11,
  "FogVisibility": "Snapshot",
  "HotkeyCategory": "Unit/Category/DragonUnits",
  "CardLayouts": [
    {
      "LayoutButtons": [
        {
          "Face": "Cancel",
          "Type": "AbilCmd",
          "AbilCmd": "que5PassiveCancelToSelection,CancelLast",
          "Row": 2,
          "Column": 4
        },
        {
          "Face": "CancelBuilding",
          "Type": "AbilCmd",
          "AbilCmd": "BuildInProgress,Cancel",
          "Row": 2,
          "Column": 4
        },
        {
          "Face": "Stop",
          "Type": "AbilCmd",
          "AbilCmd": "stop,Stop",
          "Row": 2,
          "Column": 3
        },
        {
          "Face": "Rally",
          "Type": "AbilCmd",
          "AbilCmd": "DenizenoftheDeepRally,Rally1",
          "Row": 1,
          "Column": 4
        },
        {
          "Face": "Rally",
          "Type": "AbilCmd",
          "AbilCmd": "Rally,Rally1",
          "Row": 1,
          "Column": 4
        },
        {
          "Face": "Cancel",
          "Type": "AbilCmd",
          "AbilCmd": "DenizenoftheDeepBuild,Halt",
          "Row": 2,
          "Column": 4
        },
        {
          "Face": "Plodder",
          "Type": "AbilCmd",
          "AbilCmd": "DenizenoftheDeepTrain,Train1",
          "Row": 0,
          "Column": 0
        },
        {
          "Face": "Razorback",
          "Type": "AbilCmd",
          "AbilCmd": "DenizenoftheDeepBuild,Build1",
          "Row": 2,
          "Column": 0
        },
        {
          "Face": "Coagulater",
          "Type": "AbilCmd",
          "AbilCmd": "DenizenoftheDeepBuild,Build2",
          "Row": 2,
          "Column": 1
        },
        {
          "Face": "DenizenoftheDeepCrystalize",
          "Type": "AbilCmd",
          "AbilCmd": "DenizenoftheDeepCrystalize,Execute",
          "Row": 1,
          "Column": 0
        },
        {
          "Face": "DenizenoftheDeepLiquify",
          "Type": "AbilCmd",
          "AbilCmd": "DenizenoftheDeepLiquify,Execute",
          "Row": 1,
          "Column": 1
        }
      ]
    }
  ],
  "Facing": 90,
  "ResourceDropOff": {
    "Minerals": 1,
    "Vespene": 1,
    "Terrazine": 1,
    "Custom": 1
  },
  "Sight": 11,
  "Food": 8,
  "CostResource": {
    "Minerals": 400
  },
  "Footprint": "Footprint5x5Contour",
  "PlacementFootprint": "Footprint5x5DropOff",
  "ScoreMake": 400,
  "ScoreKill": 400,
  "SubgroupPriority": 2,
  "GlossaryPriority": 10,
  "TechTreeProducedUnitArray": [
    "Plodder",
    "Razorback"
  ],
  "Icon": "btn-building-zerg-primalhive",
  "LifeArmorIcon": "btn-upgrade-zerg-groundcarapace-level0",
  "ShieldArmorIcon": "btn-upgrade-protoss-shieldslevel0",
  "Id": "DenizenoftheDeep",
  "Behaviors": [
    {
      "Link": "DragonLineageGreater",
      "Id": "DragonLineageGreater",
      "Name": "Dragon Lineage"
    }
  ],
  "Upgrades": [
    {
      "Link": "DragonPlateArmors",
      "Id": "DragonPlateArmors",
      "Name": "Dragon Plate Armors"
    },
    {
      "Link": "DragonPlateArmorLevel1",
      "Id": "DragonPlateArmorLevel1",
      "Icon": "btn-upgrade-zerg-groundcarapace-level1",
      "Name": "Dragon Plate Armor Level 1"
    },
    {
      "Link": "DragonPlateArmorLevel2",
      "Id": "DragonPlateArmorLevel2",
      "Icon": "btn-upgrade-zerg-groundcarapace-level2",
      "Name": "Dragon Plate Armor Level 2"
    },
    {
      "Link": "DragonPlateArmorLevel3",
      "Id": "DragonPlateArmorLevel3",
      "Icon": "btn-upgrade-zerg-groundcarapace-level3",
      "Name": "Dragon Plate Armor Level 3"
    }
  ],
  "Abilities": [
    {
      "Link": "BuildInProgress",
      "Id": "BuildInProgress",
      "Name": "Build in Progress"
    },
    {
      "Link": "DragonTrain",
      "Id": "DragonTrain",
      "Name": "Dragon - Train"
    },
    {
      "Link": "que5PassiveCancelToSelection",
      "Id": "que5PassiveCancelToSelection",
      "Name": "Queue (5) Passive (Cancel to Selection)"
    },
    {
      "Link": "DenizenoftheDeepRally",
      "Id": "DenizenoftheDeepRally",
      "Name": "Denizen of the Deep - Rally"
    },
    {
      "Link": "stop",
      "Id": "stop",
      "Name": "Stop"
    },
    {
      "Link": "DenizenoftheDeepBuild",
      "Id": "DenizenoftheDeepBuild",
      "Name": "Denizen of the Deep - Build"
    },
    {
      "Link": "DenizenoftheDeepTrain",
      "Id": "DenizenoftheDeepTrain",
      "Name": "Denizen of the Deep - Train"
    },
    {
      "Link": "DenizenoftheDeep",
      "Id": "DenizenoftheDeep",
      "Name": "Denizen of the Deep"
    },
    {
      "Link": "DenizenoftheDeepCrystalize",
      "Id": "DenizenoftheDeepCrystalize",
      "Name": "Denizen of the Deep - Crystalize"
    },
    {
      "Link": "DenizenoftheDeepLiquify",
      "Id": "DenizenoftheDeepLiquify",
      "Name": "Denizen of the Deep - Liquify"
    }
  ],
  "Requirements": [],
  "Production": [
    {
      "Id": "Plodder",
      "Icon": "btn-critter-crabeetle",
      "Description": "Basic worker unit. Can harvest minerals and vespene gas. Can excavate structures.<br/><br/><c val=\"#ColorAttackInfo\">Can attack ground units.</span><br/><br/><span style=\"color: #00FF00\">Ascended:<br/>+10 Life<br/>+1 Armor<br/>+3 Minerals Gathered<br/>+2 Vespene Gathered</span>",
      "Name": "Plodder"
    },
    {
      "Id": "Razorback",
      "Icon": "btn-unit-zerg-quillgore",
      "Description": "Provides supply.<br/>Supply allows you to create more units.",
      "Name": "Razorback"
    },
    {
      "Id": "Coagulater",
      "Icon": "btn-building-zerg-lurkerden",
      "Description": "Propogated over a Vespene Geyser to allow harvesting of vespene gas.",
      "Name": "Coagulater"
    }
  ],
  "Producers": [
    {
      "Id": "Plodder",
      "Icon": "btn-critter-crabeetle",
      "Description": "Basic worker unit. Can harvest minerals and vespene gas. Can excavate structures.<br/><br/><c val=\"#ColorAttackInfo\">Can attack ground units.</span><br/><br/><span style=\"color: #00FF00\">Ascended:<br/>+10 Life<br/>+1 Armor<br/>+3 Minerals Gathered<br/>+2 Vespene Gathered</span>",
      "Name": "Plodder"
    },
    {
      "Id": "AscendedPlodder",
      "Icon": "btn-critter-crabeetle",
      "Description": "Basic worker unit. Can harvest minerals and vespene gas. Can excavate structures.<br/><br/><c val=\"#ColorAttackInfo\">Can attack ground units.</span><br/><br/><span style=\"color: #00FF00\">Ascended:<br/>+10 Life<br/>+1 Armor<br/>+3 Minerals Gathered<br/>+2 Vespene Gathered</span>",
      "Name": "Ascended Plodder"
    }
  ],
  "Commands": [
    {
      "Id": "Cancel",
      "Icon": "btn-command-cancel",
      "Tooltip": "Drops the current order without performing it, and allows you to select a different order.",
      "Name": "Cancel",
      "AbilCmd": "que5PassiveCancelToSelection,CancelLast"
    },
    {
      "Id": "CancelBuilding",
      "Icon": "btn-command-cancel",
      "Tooltip": "Cancels construction of this structure, destroying the structure and giving a partial refund.",
      "Name": "Cancel",
      "AbilCmd": "BuildInProgress,Cancel"
    },
    {
      "Id": "Stop",
      "Icon": "btn-command-stop",
      "Tooltip": "Orders selected units to cancel all orders and stop moving.",
      "Name": "Stop",
      "AbilCmd": "stop,Stop"
    },
    {
      "Id": "Rally",
      "Icon": "btn-ability-terran-setrallypoint",
      "Tooltip": "Sends constructed units to the designated point. Workers rallied to resources will begin gathering automatically.",
      "Name": "Set Rally Point",
      "AbilCmd": "DenizenoftheDeepRally,Rally1"
    },
    {
      "Id": "Rally",
      "Icon": "btn-ability-terran-setrallypoint",
      "Tooltip": "Sends constructed units to the designated point. Workers rallied to resources will begin gathering automatically.",
      "Name": "Set Rally Point",
      "AbilCmd": "Rally,Rally1"
    },
    {
      "Id": "Cancel",
      "Icon": "btn-command-cancel",
      "Tooltip": "Drops the current order without performing it, and allows you to select a different order.",
      "Name": "Cancel",
      "AbilCmd": "DenizenoftheDeepBuild,Halt"
    },
    {
      "Id": "Plodder",
      "Icon": "btn-critter-crabeetle",
      "Tooltip": "Basic worker unit. Can harvest minerals and vespene gas. Can excavate structures.<br/><br/><c val=\"#ColorAttackInfo\">Can attack ground units.</span><br/><br/><span style=\"color: #00FF00\">Ascended:<br/>+10 Life<br/>+1 Armor<br/>+3 Minerals Gathered<br/>+2 Vespene Gathered</span>",
      "Name": "Spawn Plodder",
      "AbilCmd": "DenizenoftheDeepTrain,Train1"
    },
    {
      "Id": "Razorback",
      "Icon": "btn-unit-zerg-quillgore",
      "Tooltip": "Provides supply.<br/>Supply allows you to create more units.",
      "Name": "Propogate Razorback",
      "AbilCmd": "DenizenoftheDeepBuild,Build1"
    },
    {
      "Id": "Coagulater",
      "Icon": "btn-building-zerg-lurkerden",
      "Tooltip": "Propogated over a Vespene Geyser to allow harvesting of vespene gas.",
      "Name": "Propogate Coagulater",
      "AbilCmd": "DenizenoftheDeepBuild,Build2"
    },
    {
      "Id": "DenizenoftheDeepCrystalize",
      "Icon": "btn-doodad-minerals",
      "Tooltip": "Converts 80 vespene gas into 192 minerals each minute.",
      "Name": "Crystalize",
      "AbilCmd": "DenizenoftheDeepCrystalize,Execute"
    },
    {
      "Id": "DenizenoftheDeepLiquify",
      "Icon": "btn-doodad-vespenegeyser",
      "Tooltip": "Converts 192 minerals into 80 vespene gas each minute.",
      "Name": "Liquify",
      "AbilCmd": "DenizenoftheDeepLiquify,Execute"
    }
  ]
}