{
  "Name": "Devourer Cocoon ",
  "DeathRevealFilters": "Visible;Player,Ally,Neutral,Missile,Dead,Hidden",
  "DeathRevealRadius": 3,
  "DeathRevealDuration": 4,
  "DeathRevealType": "Snapshot",
  "Race": "Zerg",
  "DefaultAcquireLevel": "Offensive",
  "Response": "Acquire",
  "ResourceState": "Unknown",
  "ResourceType": "Unknown",
  "LifeStart": 200,
  "LifeMax": 200,
  "LifeArmorName": "Zerg Flyer Carapace",
  "Mover": "Fly",
  "StationaryTurningRate": 719.4726,
  "TurningRate": 719.4726,
  "Radius": 0.625,
  "SeparationRadius": 0.625,
  "MinimapRadius": 0.625,
  "EditorCategories": {
    "ObjectType": "Unit",
    "ObjectFamily": "Melee"
  },
  "TacticalAIFilters": "-;Player,Ally,Neutral",
  "AIEvalFactor": 1,
  "Mass": 0.4,
  "FlagArray": [
    "PreventDestroy",
    "UseLineOfSight",
    "NoScore"
  ],
  "PushPriority": 10,
  "LeaderAlias": "DevourerCocoonMP",
  "HotkeyAlias": "",
  "SelectAlias": "DevourerCocoonMP",
  "SubgroupAlias": "DevourerCocoonMP",
  "OccludeHeight": 0.75,
  "TacticalAI": "DevourerCocoonMP",
  "AIEvaluateAlias": "DevourerCocoonMP",
  "ReviveType": "DevourerCocoonMP",
  "PawnItemReduction": 1,
  "Fidget": {
    "DelayMax": 30,
    "DelayMin": 10,
    "DistanceMax": 4,
    "DistanceMin": 1,
    "TurnAngle": 90,
    "TurningRate": 90,
    "ChanceArray": {
      "Idle": 100
    }
  },
  "ReviveInfoBase": {
    "Charge": {
      "Link": "DevourerCocoonMP/Revive",
      "Location": "Unit"
    },
    "Cooldown": {
      "Link": "DevourerCocoonMP/Revive",
      "Location": "Unit"
    }
  },
  "InnerRadiusSafetyMultiplier": 1,
  "ArmorType": "Unknown",
  "PlaneArray": [
    "Air"
  ],
  "Collide": [
    "Flying"
  ],
  "Attributes": [
    "Biological",
    "Massive"
  ],
  "LifeArmor": 2,
  "LifeRegenRate": 0.2734,
  "Speed": 1.4062,
  "Sight": 5,
  "Height": 3.75,
  "VisionHeight": 4,
  "Food": -2,
  "CostResource": {
    "Minerals": 150,
    "Vespene": 200
  },
  "AttackTargetPriority": 10,
  "DamageDealtXP": 1,
  "DamageTakenXP": 1,
  "KillXP": 30,
  "CardLayouts": [
    {
      "LayoutButtons": [
        {
          "Face": "Move",
          "Type": "AbilCmd",
          "AbilCmd": "move,Move",
          "Row": 0,
          "Column": 0
        },
        {
          "Face": "Stop",
          "Type": "AbilCmd",
          "AbilCmd": "stop,Stop",
          "Row": 0,
          "Column": 1
        },
        {
          "Face": "MoveHoldPosition",
          "Type": "AbilCmd",
          "AbilCmd": "move,HoldPos",
          "Row": 0,
          "Column": 2
        },
        {
          "Face": "MovePatrol",
          "Type": "AbilCmd",
          "AbilCmd": "move,Patrol",
          "Row": 0,
          "Column": 3
        },
        {
          "Face": "Attack",
          "Type": "AbilCmd",
          "AbilCmd": "attack,Execute",
          "Row": 0,
          "Column": 4
        },
        {
          "Face": "CancelCocoonMorph",
          "Type": "AbilCmd",
          "AbilCmd": "MorphToDevourerMP,Cancel",
          "Row": 2,
          "Column": 4
        }
      ]
    }
  ],
  "ScoreKill": 550,
  "SubgroupPriority": 1,
  "Icon": "wireframe-zerg-broodlordegg",
  "LifeArmorIcon": "btn-upgrade-zerg-flyercarapace-level0",
  "ShieldArmorIcon": "btn-upgrade-protoss-shieldslevel0",
  "Id": "DevourerCocoonMP",
  "Upgrades": [],
  "Abilities": [
    {
      "Link": "MorphToDevourerMP",
      "Id": "MorphToDevourerMP",
      "Name": "Morph To Devourer "
    },
    {
      "Link": "move",
      "Id": "move",
      "Name": "Move"
    }
  ],
  "Requirements": [],
  "Production": [],
  "Producers": [],
  "Commands": [
    {
      "Id": "Move",
      "Icon": "btn-command-move",
      "Tooltip": "Orders selected units to move to the target area or follow the target unit. Moving units will not engage enemies.",
      "Name": "Move",
      "AbilCmd": "move,Move"
    },
    {
      "Id": "Stop",
      "Icon": "btn-command-stop",
      "Tooltip": "Orders selected units to cancel all orders and stop moving.",
      "Name": "Stop",
      "AbilCmd": "stop,Stop"
    },
    {
      "Id": "MoveHoldPosition",
      "Icon": "btn-command-holdposition",
      "Tooltip": "Orders selected units to stay where they are and attack enemies that are within range. Units will neither chase down enemies nor move to engage.",
      "Name": "Hold Position",
      "AbilCmd": "move,HoldPos"
    },
    {
      "Id": "MovePatrol",
      "Icon": "btn-command-patrol",
      "Tooltip": "Orders selected units to patrol between their current position and the target area. Units will attack enemies and move to engage nearby enemies.",
      "Name": "Patrol",
      "AbilCmd": "move,Patrol"
    },
    {
      "Id": "Attack",
      "Icon": "btn-command-attack",
      "Tooltip": "Orders selected units to move to the target point, fighting nearby enemies along the way. Targeting a unit with the Attack command orders that it be attacked until it is destroyed.",
      "Name": "Attack",
      "AbilCmd": "attack,Execute"
    },
    {
      "Id": "CancelCocoonMorph",
      "Icon": "btn-command-cancel",
      "Tooltip": "Cancels the morph order.",
      "Name": "Cancel",
      "AbilCmd": "MorphToDevourerMP,Cancel"
    }
  ]
}