{
  "Name": "Disruptor",
  "Description": "Robotic disruption unit. Can use Purification Nova to deal heavy area damage.",
  "DeathRevealFilters": "Visible;Player,Ally,Neutral,Missile,Dead,Hidden",
  "DeathRevealRadius": 3,
  "DeathRevealDuration": 4,
  "DeathRevealType": "Snapshot",
  "Race": "Prot",
  "DefaultAcquireLevel": "Offensive",
  "Response": "Acquire",
  "ResourceState": "Unknown",
  "ResourceType": "Unknown",
  "LifeStart": 100,
  "LifeMax": 100,
  "LifeArmorName": "Protoss Armor",
  "Mover": "Ground",
  "StationaryTurningRate": 999.8437,
  "TurningRate": 999.8437,
  "Radius": 0.5,
  "SeparationRadius": 0.375,
  "MinimapRadius": 0.375,
  "EditorCategories": {
    "ObjectType": "Unit",
    "ObjectFamily": "Melee"
  },
  "TacticalAIFilters": "-;Player,Ally,Neutral",
  "AIEvalFactor": 1,
  "Mass": 0.4,
  "FlagArray": [
    "Movable",
    "Unclickable",
    "Unhighlightable",
    "Untooltipable",
    "KillCredit",
    "ShowResources",
    "ClearRallyOnTargetLost",
    "PlayerRevivable",
    "CameraFollow",
    "PreventDestroy",
    "UseLineOfSight",
    "AlwaysThreatens",
    "ArmySelect"
  ],
  "EditorFlags": [
    "BlockStructures"
  ],
  "PushPriority": 10,
  "LeaderAlias": "Disruptor",
  "HotkeyAlias": "Disruptor",
  "SelectAlias": "Disruptor",
  "SubgroupAlias": "Disruptor",
  "OccludeHeight": 0.75,
  "TacticalAI": "Disruptor",
  "AIEvaluateAlias": "Disruptor",
  "ReviveType": "Disruptor",
  "PawnItemReduction": 1,
  "Fidget": {
    "DelayMax": 30,
    "DelayMin": 10,
    "DistanceMax": 4,
    "DistanceMin": 1,
    "TurnAngle": 90,
    "TurningRate": 90,
    "ChanceArray": {
      "Idle": 70,
      "Anim": 20,
      "Turn": 10
    }
  },
  "ReviveInfoBase": {
    "Charge": {
      "Link": "Disruptor/Revive",
      "Location": "Unit"
    },
    "Cooldown": {
      "Link": "Disruptor/Revive",
      "Location": "Unit"
    }
  },
  "InnerRadiusSafetyMultiplier": 1,
  "ArmorType": "Unknown",
  "Mob": "Multiplayer",
  "PlaneArray": [
    "Ground"
  ],
  "Collide": [
    "Ground",
    "ForceField",
    "Small",
    "Locust"
  ],
  "Attributes": [
    "Mechanical",
    "Armored"
  ],
  "LifeArmor": 1,
  "ShieldsStart": 100,
  "ShieldsMax": 100,
  "ShieldRegenDelay": 10,
  "ShieldRegenRate": 2,
  "ShieldArmorName": "Protoss Plasma Shields",
  "Speed": 2.25,
  "Acceleration": 1000,
  "LateralAcceleration": 46.0625,
  "Sight": 9,
  "Food": -3,
  "CostCategory": "Army",
  "CostResource": {
    "Minerals": 150,
    "Vespene": 150
  },
  "AttackTargetPriority": 20,
  "DamageDealtXP": 1,
  "DamageTakenXP": 1,
  "KillXP": 20,
  "CardLayouts": [
    {
      "LayoutButtons": [
        {
          "Face": "Move",
          "Type": "AbilCmd",
          "AbilCmd": "move,Move",
          "Row": 0,
          "Column": 0
        },
        {
          "Face": "Stop",
          "Type": "AbilCmd",
          "AbilCmd": "stop,Stop",
          "Row": 0,
          "Column": 1
        },
        {
          "Face": "MoveHoldPosition",
          "Type": "AbilCmd",
          "AbilCmd": "move,HoldPos",
          "Row": 0,
          "Column": 2
        },
        {
          "Face": "Attack",
          "Type": "AbilCmd",
          "AbilCmd": "attack,Execute",
          "Row": 0,
          "Column": 4
        },
        {
          "Face": "AcquireMove",
          "Type": "AbilCmd",
          "AbilCmd": "move,AcquireMove",
          "Row": 0,
          "Column": 4
        },
        {
          "Face": "MovePatrol",
          "Type": "AbilCmd",
          "AbilCmd": "move,Patrol",
          "Row": 0,
          "Column": 3
        },
        {
          "Face": "Rally",
          "Type": "AbilCmd",
          "AbilCmd": "ProgressRally,Rally1",
          "Row": 2,
          "Column": 4
        },
        {
          "Face": "PurificationNovaTargeted",
          "Type": "AbilCmd",
          "AbilCmd": "PurificationNovaTargeted,Execute",
          "Row": 2,
          "Column": 0
        }
      ]
    }
  ],
  "InnerRadius": 0.5,
  "CargoSize": 4,
  "ScoreMake": 300,
  "ScoreKill": 300,
  "ScoreResult": "BuildOrder",
  "SubgroupPriority": 72,
  "GlossaryCategory": "Unit/Category/ProtossUnits",
  "GlossaryPriority": 135,
  "GlossaryStrongArray": [
    "Marauder",
    "Hydralisk",
    "Stalker"
  ],
  "GlossaryWeakArray": [
    "Thor",
    "Ultralisk",
    "Tempest"
  ],
  "HotkeyCategory": "Unit/Category/ProtossUnits",
  "KillDisplay": "Always",
  "TacticalAIThink": "AIThinkDisruptor",
  "RankDisplay": "Always",
  "Icon": "btn-unit-protoss-disruptor",
  "LifeArmorIcon": "btn-upgrade-protoss-groundarmorlevel0",
  "ShieldArmorIcon": "btn-upgrade-protoss-shieldslevel0",
  "Id": "Disruptor",
  "Upgrades": [
    {
      "Link": "ProtossGroundArmorsLevel1",
      "Id": "ProtossGroundArmorsLevel1",
      "Icon": "btn-upgrade-protoss-groundarmorlevel1",
      "Name": "Protoss Ground Armor Level 1"
    },
    {
      "Link": "ProtossGroundArmorsLevel2",
      "Id": "ProtossGroundArmorsLevel2",
      "Icon": "btn-upgrade-protoss-groundarmorlevel2",
      "Name": "Protoss Ground Armor Level 2"
    },
    {
      "Link": "ProtossGroundArmorsLevel3",
      "Id": "ProtossGroundArmorsLevel3",
      "Icon": "btn-upgrade-protoss-groundarmorlevel3",
      "Name": "Protoss Ground Armor Level 3"
    },
    {
      "Link": "ProtossShieldsLevel1",
      "Id": "ProtossShieldsLevel1",
      "Icon": "btn-upgrade-protoss-shieldslevel1",
      "Name": "Protoss Shields Level 1"
    },
    {
      "Link": "ProtossShieldsLevel2",
      "Id": "ProtossShieldsLevel2",
      "Icon": "btn-upgrade-protoss-shieldslevel2",
      "Name": "Protoss Shields Level 2"
    },
    {
      "Link": "ProtossShieldsLevel3",
      "Id": "ProtossShieldsLevel3",
      "Icon": "btn-upgrade-protoss-shieldslevel3",
      "Name": "Protoss Shields Level 3"
    }
  ],
  "Abilities": [
    {
      "Link": "stop",
      "Id": "stop",
      "Name": "Stop"
    },
    {
      "Link": "move",
      "Id": "move",
      "Name": "Move"
    },
    {
      "Link": "Warpable",
      "Id": "Warpable",
      "Name": "Warpable"
    },
    {
      "Link": "PurificationNovaTargeted",
      "Id": "PurificationNovaTargeted",
      "Name": "Purification Nova"
    }
  ],
  "Requirements": [
    {
      "Id": "RoboticsBay",
      "Icon": "btn-building-protoss-roboticssupportbay",
      "Description": "Contains upgrades for the Observer, Warp Prism, and Colossus.<br/><br/><span style=\"color: #ffff8a\">Enables:</span><br/>- Colossi at the Robotics Facility<br/>- Disruptors at the Robotics Facility",
      "Name": "Robotics Bay"
    }
  ],
  "Production": [],
  "Producers": [
    {
      "Id": "RoboticsFacility",
      "Icon": "btn-building-protoss-roboticsfacility",
      "Description": "Warps in Protoss robotic units.<br/><br/><span style=\"color: #ffff8a\">Enables:</span><br/>- Observers<br/>- Warp Prisms<br/>- Immortals",
      "Name": "Robotics Facility"
    }
  ],
  "Commands": [
    {
      "Id": "Move",
      "Icon": "btn-command-move",
      "Tooltip": "Orders selected units to move to the target area or follow the target unit. Moving units will not engage enemies.",
      "Name": "Move",
      "AbilCmd": "move,Move"
    },
    {
      "Id": "Stop",
      "Icon": "btn-command-stop",
      "Tooltip": "Orders selected units to cancel all orders and stop moving.",
      "Name": "Stop",
      "AbilCmd": "stop,Stop"
    },
    {
      "Id": "MoveHoldPosition",
      "Icon": "btn-command-holdposition",
      "Tooltip": "Orders selected units to stay where they are and attack enemies that are within range. Units will neither chase down enemies nor move to engage.",
      "Name": "Hold Position",
      "AbilCmd": "move,HoldPos"
    },
    {
      "Id": "Attack",
      "Icon": "btn-command-attack",
      "Tooltip": "Orders selected units to move to the target point, fighting nearby enemies along the way. Targeting a unit with the Attack command orders that it be attacked until it is destroyed.",
      "Name": "Attack",
      "AbilCmd": "attack,Execute"
    },
    {
      "Id": "AcquireMove",
      "Icon": "btn-command-attack",
      "Tooltip": "Orders selected units to move to the target area or follow the target unit. Scan-moving units will not engage enemies.",
      "Name": "Scan Move",
      "AbilCmd": "move,AcquireMove"
    },
    {
      "Id": "MovePatrol",
      "Icon": "btn-command-patrol",
      "Tooltip": "Orders selected units to patrol between their current position and the target area. Units will attack enemies and move to engage nearby enemies.",
      "Name": "Patrol",
      "AbilCmd": "move,Patrol"
    },
    {
      "Id": "Rally",
      "Icon": "btn-ability-terran-setrallypoint",
      "Tooltip": "Sends constructed units to the designated point. Workers rallied to resources will begin gathering automatically.",
      "Name": "Set Rally Point",
      "AbilCmd": "ProgressRally,Rally1"
    },
    {
      "Id": "PurificationNovaTargeted",
      "Icon": "btn-ability-protoss-purificationnova",
      "Tooltip": "Shoots out a ball of energy that lasts <b>3</b> seconds and emits a powerful nova dealing <b>145</b> splash damage and an additional <b>55</b> shield damage to nearby ground units and structures. The Disruptor is immobile while this is active.",
      "Name": "Purification Nova",
      "AbilCmd": "PurificationNovaTargeted,Execute"
    }
  ]
}