{
  "Name": "Dragon (Deep One)",
  "DeathRevealFilters": "Visible;Player,Ally,Neutral,Missile,Dead,Hidden",
  "DeathRevealRadius": 3,
  "DeathRevealDuration": 4,
  "DeathRevealType": "Snapshot",
  "Race": "Dragon",
  "DefaultAcquireLevel": "Offensive",
  "Response": "Acquire",
  "ResourceState": "Unknown",
  "ResourceType": "Unknown",
  "LifeStart": 1,
  "LifeMax": 1,
  "Mover": "Ground",
  "StationaryTurningRate": 180,
  "TurningRate": 180,
  "Radius": 1.5,
  "SeparationRadius": 1.5,
  "MinimapRadius": 1.5,
  "EditorCategories": {
    "ObjectType": "Structure",
    "ObjectFamily": "Melee"
  },
  "TacticalAIFilters": "-;Player,Ally,Neutral",
  "AIEvalFactor": 1,
  "Mass": 0.4,
  "FlagArray": [
    "Turnable",
    "Unclickable",
    "Unhighlightable",
    "Untooltipable",
    "KillCredit",
    "ShowResources",
    "ClearRallyOnTargetLost",
    "PlayerRevivable",
    "CameraFollow",
    "PreventDestroy",
    "PreventDefeat",
    "PenaltyRevealed",
    "UseLineOfSight",
    "TownAlert",
    "NoPortraitTalk",
    "ArmorDisabledWhileConstructing"
  ],
  "EditorFlags": [
    "BlockStructures"
  ],
  "PushPriority": 10,
  "LeaderAlias": "DragonDeepOne",
  "HotkeyAlias": "DragonDeepOne",
  "SelectAlias": "DragonDeepOne",
  "SubgroupAlias": "DragonDeepOne",
  "OccludeHeight": 0.75,
  "TacticalAI": "DragonDeepOne",
  "AIEvaluateAlias": "DragonDeepOne",
  "ReviveType": "DragonDeepOne",
  "PawnItemReduction": 1,
  "Fidget": {
    "DelayMax": 30,
    "DelayMin": 10,
    "DistanceMax": 4,
    "DistanceMin": 1,
    "TurnAngle": 90,
    "TurningRate": 90,
    "ChanceArray": {
      "Idle": 100
    }
  },
  "ReviveInfoBase": {
    "Charge": {
      "Link": "DragonDeepOne/Revive",
      "Location": "Unit"
    },
    "Cooldown": {
      "Link": "DragonDeepOne/Revive",
      "Location": "Unit"
    }
  },
  "InnerRadiusSafetyMultiplier": 1,
  "ArmorType": "Unknown",
  "PlaneArray": [
    "Ground"
  ],
  "Attributes": [
    "Biological",
    "Armored",
    "Structure"
  ],
  "DamageDealtXP": 1,
  "DamageTakenXP": 1,
  "ScoreResult": "BuildOrder",
  "Mob": "Multiplayer",
  "Collide": [
    "Burrow",
    "Ground",
    "Structure",
    "RoachBurrow",
    "ForceField",
    "Locust",
    "Phased"
  ],
  "LifeArmor": 1,
  "CostCategory": "Technology",
  "AttackTargetPriority": 11,
  "FogVisibility": "Snapshot",
  "HotkeyCategory": "Unit/Category/DragonUnits",
  "CardLayouts": [
    {
      "LayoutButtons": [
        {
          "Face": "Cancel",
          "Type": "AbilCmd",
          "AbilCmd": "que5PassiveCancelToSelection,CancelLast",
          "Row": 2,
          "Column": 4
        },
        {
          "Face": "CancelBuilding",
          "Type": "AbilCmd",
          "AbilCmd": "BuildInProgress,Cancel",
          "Row": 2,
          "Column": 4
        },
        {
          "Face": "Stop",
          "Type": "AbilCmd",
          "AbilCmd": "stop,Stop",
          "Row": 2,
          "Column": 3
        },
        {
          "Face": "Halt",
          "Type": "AbilCmd",
          "AbilCmd": "BuildInProgress,Halt",
          "Row": 2,
          "Column": 3
        },
        {
          "Face": "Rally",
          "Type": "AbilCmd",
          "AbilCmd": "Rally,Rally1",
          "Row": 1,
          "Column": 4
        }
      ]
    }
  ],
  "GlossaryPriority": 10,
  "Id": "DragonDeepOne",
  "Behaviors": [
    {
      "Link": "DragonLineageGreater",
      "Id": "DragonLineageGreater",
      "Name": "Dragon Lineage"
    }
  ],
  "Upgrades": [],
  "Abilities": [
    {
      "Link": "BuildInProgress",
      "Id": "BuildInProgress",
      "Name": "Build in Progress"
    },
    {
      "Link": "DragonTrain",
      "Id": "DragonTrain",
      "Name": "Dragon - Train"
    },
    {
      "Link": "que5PassiveCancelToSelection",
      "Id": "que5PassiveCancelToSelection",
      "Name": "Queue (5) Passive (Cancel to Selection)"
    },
    {
      "Link": "Rally",
      "Id": "Rally",
      "Name": "Rally"
    },
    {
      "Link": "stop",
      "Id": "stop",
      "Name": "Stop"
    },
    {
      "Link": "DragonDeepOneBuild"
    },
    {
      "Link": "DragonDeepOneTrain"
    },
    {
      "Link": "DragonDeepOne"
    }
  ],
  "Requirements": [],
  "Production": [],
  "Producers": [],
  "Commands": [
    {
      "Id": "Cancel",
      "Icon": "btn-command-cancel",
      "Tooltip": "Drops the current order without performing it, and allows you to select a different order.",
      "Name": "Cancel",
      "AbilCmd": "que5PassiveCancelToSelection,CancelLast"
    },
    {
      "Id": "CancelBuilding",
      "Icon": "btn-command-cancel",
      "Tooltip": "Cancels construction of this structure, destroying the structure and giving a partial refund.",
      "Name": "Cancel",
      "AbilCmd": "BuildInProgress,Cancel"
    },
    {
      "Id": "Stop",
      "Icon": "btn-command-stop",
      "Tooltip": "Orders selected units to cancel all orders and stop moving.",
      "Name": "Stop",
      "AbilCmd": "stop,Stop"
    },
    {
      "Id": "Halt",
      "Icon": "btn-command-stop",
      "Tooltip": "Halts construction of this structure. The partial construction will remain.",
      "Name": "Halt",
      "AbilCmd": "BuildInProgress,Halt"
    },
    {
      "Id": "Rally",
      "Icon": "btn-ability-terran-setrallypoint",
      "Tooltip": "Sends constructed units to the designated point. Workers rallied to resources will begin gathering automatically.",
      "Name": "Set Rally Point",
      "AbilCmd": "Rally,Rally1"
    }
  ]
}