{
  "Name": "Drakkar APC",
  "Description": "Infantry armored personnel carrier, from the inside you can attack only ground targets and from a maximum distance of 5. When the Drakkar is destroyed, the soldiers inside do not die and safely leave the car.<br/><br/><span style=\"color: #FFFF8A\">Can attack ground targets.</span>",
  "DeathRevealFilters": "Visible;Player,Ally,Neutral,Missile,Dead,Hidden",
  "DeathRevealRadius": 3,
  "DeathRevealDuration": 4,
  "DeathRevealType": "Snapshot",
  "Race": "UED",
  "DefaultAcquireLevel": "Offensive",
  "Response": "Acquire",
  "ResourceState": "Unknown",
  "ResourceType": "Unknown",
  "LifeStart": 125,
  "LifeMax": 125,
  "LifeArmorName": "UED Adaptive Staballoy Plating",
  "Mover": "Ground",
  "StationaryTurningRate": 1499.9414,
  "TurningRate": 720,
  "Radius": 0.8125,
  "SeparationRadius": 1,
  "MinimapRadius": 0.625,
  "EditorCategories": {
    "ObjectType": "Unit",
    "ObjectFamily": "Melee"
  },
  "TacticalAIFilters": "-;Player,Ally,Neutral",
  "AIEvalFactor": 1,
  "Mass": 0.4,
  "FlagArray": [
    "Turnable",
    "Movable",
    "Unclickable",
    "Unhighlightable",
    "Untooltipable",
    "KillCredit",
    "ShowResources",
    "ClearRallyOnTargetLost",
    "PlayerRevivable",
    "CameraFollow",
    "PreventDestroy",
    "UseLineOfSight",
    "AISplash",
    "ArmySelect"
  ],
  "EditorFlags": [
    "BlockStructures"
  ],
  "PushPriority": 10,
  "LeaderAlias": "DrakkarAPC",
  "HotkeyAlias": "DrakkarAPC",
  "SelectAlias": "DrakkarAPC",
  "SubgroupAlias": "DrakkarAPC",
  "OccludeHeight": 0.75,
  "TacticalAI": "DrakkarAPC",
  "AIEvaluateAlias": "DrakkarAPC",
  "ReviveType": "DrakkarAPC",
  "PawnItemReduction": 1,
  "Fidget": {
    "DelayMax": 30,
    "DelayMin": 10,
    "DistanceMax": 4,
    "DistanceMin": 1,
    "TurnAngle": 90,
    "TurningRate": 90,
    "ChanceArray": {
      "Idle": 100
    }
  },
  "ReviveInfoBase": {
    "Charge": {
      "Link": "DrakkarAPC/Revive",
      "Location": "Unit"
    },
    "Cooldown": {
      "Link": "DrakkarAPC/Revive",
      "Location": "Unit"
    }
  },
  "InnerRadiusSafetyMultiplier": 1,
  "ArmorType": "Unknown",
  "Mob": "Multiplayer",
  "PlaneArray": [
    "Ground"
  ],
  "Collide": [
    "Ground",
    "ForceField",
    "Locust",
    "Small"
  ],
  "Attributes": [
    "Mechanical"
  ],
  "LifeArmor": 1,
  "LifeArmorTip": "Unit/LifeArmorName/UEDArmor",
  "Speed": 3.1718,
  "Acceleration": 6,
  "LateralAcceleration": 46,
  "Sight": 10,
  "Food": -2,
  "CostCategory": "Army",
  "CostResource": {
    "Minerals": 125
  },
  "RepairTime": 30,
  "AttackTargetPriority": 20,
  "DamageDealtXP": 1,
  "DamageTakenXP": 1,
  "KillXP": 30,
  "CardLayouts": [
    {
      "LayoutButtons": [
        {
          "Face": "Move",
          "Type": "AbilCmd",
          "AbilCmd": "moveUED,Move",
          "Row": 0,
          "Column": 0
        },
        {
          "Face": "Stop",
          "Type": "AbilCmd",
          "AbilCmd": "stop,Stop",
          "Row": 0,
          "Column": 1
        },
        {
          "Face": "MoveHoldPosition",
          "Type": "AbilCmd",
          "AbilCmd": "moveUED,HoldPos",
          "Row": 0,
          "Column": 2
        },
        {
          "Face": "Attack",
          "Type": "AbilCmd",
          "AbilCmd": "attackUED,Execute",
          "Row": 0,
          "Column": 4
        },
        {
          "Face": "MovePatrol",
          "Type": "AbilCmd",
          "AbilCmd": "moveUED,Patrol",
          "Row": 0,
          "Column": 3
        },
        {
          "Face": "DrakkaAPCrLoad",
          "Type": "AbilCmd",
          "AbilCmd": "MedivacTransport3,Load",
          "Row": 2,
          "Column": 2
        },
        {
          "Face": "DrakkarUnloadAll",
          "Type": "AbilCmd",
          "AbilCmd": "MedivacTransport3,UnloadAt",
          "Row": 2,
          "Column": 3
        },
        {
          "Face": "OnwardComrades",
          "Type": "AbilCmd",
          "AbilCmd": "GoAttackRedirect,Execute",
          "Row": 2,
          "Column": 0
        },
        {
          "Face": "ButtonUpgraideDrakkarUnit",
          "Type": "Passive",
          "Requirements": "UseUpgraideDrakkar",
          "Row": 1,
          "Column": 4
        }
      ]
    }
  ],
  "InnerRadius": 0.5,
  "CargoSize": 4,
  "ScoreMake": 100,
  "ScoreKill": 100,
  "ScoreResult": "BuildOrder",
  "SubgroupPriority": 81,
  "TacticalAIThink": "AIThinkHellion",
  "TechAliasArray": [
    "Alias_Hellion",
    "Alias_Hellion"
  ],
  "GlossaryCategory": "Unit/Category/UEDUnits",
  "GlossaryPriority": 80,
  "GlossaryStrongArray": [
    "SCV",
    "Zergling",
    "Probe"
  ],
  "GlossaryWeakArray": [
    "Cyclone",
    "Roach",
    "Stalker"
  ],
  "HotkeyCategory": "Unit/Category/UEDUnits",
  "Deceleration": 6,
  "Icon": "btn-unit-ued-militarizedtransport",
  "ShieldArmorIcon": "btn-upgrade-protoss-shieldslevel0",
  "Id": "DrakkarAPC",
  "Weapons": [
    {
      "Link": "DrakkarMachineGun",
      "Turret": "DrakkarAPC",
      "Id": "DrakkarMachineGun",
      "Name": "Mounted P15 machine gun",
      "Amount": 10,
      "AttributeBonus": {
        "Light": 8
      },
      "Kind": "Ranged",
      "TargetFilters": "Ground",
      "Range": 5,
      "Period": 1.8
    }
  ],
  "Upgrades": [
    {
      "Link": "UpgraideDrakkar",
      "Id": "UpgraideDrakkar",
      "Icon": "btn-ability-mengsk-battlecruiser-decksights",
      "Name": "Internal stabilizer"
    },
    {
      "Link": "UEDArmorLevel1",
      "Id": "UEDArmorLevel1",
      "Name": "Beathanium Defensive Programming, level 1"
    },
    {
      "Link": "UEDArmorLevel2",
      "Id": "UEDArmorLevel2",
      "Name": "Beathanium Defensive Programming, level 2"
    },
    {
      "Link": "UEDArmorLevel3",
      "Id": "UEDArmorLevel3",
      "Name": "Beathanium Defensive Programming, level 3"
    },
    {
      "Link": "UEDVehicalsLevel2",
      "Id": "UEDVehicalsLevel2",
      "Name": "Heavy Weaponry Targeting Adjustment, level 2"
    },
    {
      "Link": "UEDVehicalsLevel3",
      "Id": "UEDVehicalsLevel3",
      "Name": "Heavy Weaponry Targeting Adjustment, level 3"
    },
    {
      "Link": "UEDVehicalsLevel1",
      "Id": "UEDVehicalsLevel1",
      "Name": "Heavy Weaponry Targeting Adjustment, level 1"
    }
  ],
  "Abilities": [
    {
      "Link": "stop",
      "Id": "stop",
      "Name": "Stop"
    },
    {
      "Link": "moveUED",
      "Id": "moveUED",
      "Name": "Move UED"
    },
    {
      "Link": "MedivacTransport3",
      "Id": "MedivacTransport3",
      "Name": "Load-Unload (APC)"
    },
    {
      "Link": "attackUED",
      "Id": "attackUED",
      "Name": "Attack UED"
    },
    {
      "Link": "AttackRedirectUED",
      "Id": "AttackRedirectUED"
    },
    {
      "Link": "GoAttackRedirect",
      "Id": "GoAttackRedirect"
    }
  ],
  "Requirements": [
    {
      "Id": "TacticsAcademy",
      "Icon": "btn-structure-ued-sciencefacility",
      "Description": "Infantry support structure. Provides equipment authorizations and unlocks research projects that enhance all infantry units.<br/><br/><span style=\"color: #ffff8a\">Enables:</span><br/>- Taranises<br/>- Lazaruses<br/>- Drakkar APCs<br/>- Defense Towers",
      "Name": "Tactics Academy"
    }
  ],
  "Production": [],
  "Producers": [
    {
      "Id": "TeleportationNode",
      "Icon": "btn-ued-teleportation-node",
      "Description": "Universal production structure for the Directorate army, capable of deploying any combat units.<br/><br/><span style=\"color: #ffff8a\">Enables:</span><br/>- Garmrs<br/>- Strike Troopers<br/>- Enrichment Towers",
      "Name": "Teleportation Node"
    }
  ],
  "Commands": [
    {
      "Id": "Move",
      "Icon": "btn-command-move",
      "Tooltip": "Orders selected units to move to the target area or follow the target unit. Moving units will not engage enemies.",
      "Name": "Move",
      "AbilCmd": "moveUED,Move"
    },
    {
      "Id": "Stop",
      "Icon": "btn-command-stop",
      "Tooltip": "Orders selected units to cancel all orders and stop moving.",
      "Name": "Stop",
      "AbilCmd": "stop,Stop"
    },
    {
      "Id": "MoveHoldPosition",
      "Icon": "btn-command-holdposition",
      "Tooltip": "Orders selected units to stay where they are and attack enemies that are within range. Units will neither chase down enemies nor move to engage.",
      "Name": "Hold Position",
      "AbilCmd": "moveUED,HoldPos"
    },
    {
      "Id": "Attack",
      "Icon": "btn-command-attack",
      "Tooltip": "Orders selected units to move to the target point, fighting nearby enemies along the way. Targeting a unit with the Attack command orders that it be attacked until it is destroyed.",
      "Name": "Attack",
      "AbilCmd": "attackUED,Execute"
    },
    {
      "Id": "MovePatrol",
      "Icon": "btn-command-patrol",
      "Tooltip": "Orders selected units to patrol between their current position and the target area. Units will attack enemies and move to engage nearby enemies.",
      "Name": "Patrol",
      "AbilCmd": "moveUED,Patrol"
    },
    {
      "Id": "DrakkaAPCrLoad",
      "Icon": "btn-ability-terran-load",
      "Tooltip": "Loads units into the APC's hold.",
      "Name": "Load",
      "AbilCmd": "MedivacTransport3,Load"
    },
    {
      "Id": "DrakkarUnloadAll",
      "Icon": "btn-ability-terran-unloadall",
      "Tooltip": "Unloads all units.",
      "Name": "Unload All",
      "AbilCmd": "MedivacTransport3,UnloadAt"
    },
    {
      "Id": "OnwardComrades",
      "Icon": "btn-ability-mengsk-commandcenter-drafttroopers",
      "Tooltip": "Inspire nearby units to fight by temporarily increasing their speed and attack power and movement.",
      "Name": "Onward, Comrades!",
      "AbilCmd": "GoAttackRedirect,Execute"
    }
  ]
}