{
  "Name": "Drone",
  "Description": "Basic worker unit. Can harvest minerals and vespene gas. Can mutate into structures.<br/><br/><c val=\"#ColorAttackInfo\">Can attack ground units.</span>",
  "DeathRevealFilters": "Visible;Player,Ally,Neutral,Missile,Dead,Hidden",
  "DeathRevealRadius": 3,
  "DeathRevealDuration": 4,
  "DeathRevealType": "Snapshot",
  "Race": "Zerg",
  "DefaultAcquireLevel": "Offensive",
  "Response": "Acquire",
  "ResourceState": "Unknown",
  "ResourceType": "Unknown",
  "LifeStart": 40,
  "LifeMax": 40,
  "LifeArmorName": "Zerg Ground Carapace",
  "Mover": "Burrowed",
  "StationaryTurningRate": 720,
  "TurningRate": 720,
  "Radius": 0.375,
  "SeparationRadius": 0,
  "MinimapRadius": 0.375,
  "EditorCategories": {
    "ObjectType": "Unit",
    "ObjectFamily": "Melee"
  },
  "TacticalAIFilters": "-;Player,Ally,Neutral",
  "AIEvalFactor": 1,
  "Mass": 0.4,
  "FlagArray": [
    "Worker",
    "PreventDestroy",
    "UseLineOfSight",
    "Cloaked",
    "Buried",
    "AIThreatGround"
  ],
  "PushPriority": 10,
  "LeaderAlias": "Drone",
  "HotkeyAlias": "Drone",
  "SelectAlias": "Drone",
  "SubgroupAlias": "Drone",
  "OccludeHeight": 0.75,
  "TacticalAI": "DroneBurrowed",
  "AIEvaluateAlias": "Drone",
  "ReviveType": "DroneBurrowed",
  "PawnItemReduction": 1,
  "Fidget": {
    "DelayMax": 30,
    "DelayMin": 10,
    "DistanceMax": 4,
    "DistanceMin": 1,
    "TurnAngle": 90,
    "TurningRate": 90,
    "ChanceArray": {
      "Idle": 100
    }
  },
  "ReviveInfoBase": {
    "Charge": {
      "Link": "DroneBurrowed/Revive",
      "Location": "Unit"
    },
    "Cooldown": {
      "Link": "DroneBurrowed/Revive",
      "Location": "Unit"
    }
  },
  "InnerRadiusSafetyMultiplier": 1,
  "ArmorType": "Unknown",
  "Mob": "Multiplayer",
  "LifeRegenRate": 0.2734,
  "Food": -1,
  "AttackTargetPriority": 20,
  "AIOverideTargetPriority": 10,
  "DamageDealtXP": 1,
  "DamageTakenXP": 1,
  "KillXP": 10,
  "InnerRadius": 0.375,
  "ScoreKill": 50,
  "SubgroupPriority": 60,
  "PlaneArray": [
    "Ground"
  ],
  "Sight": 4,
  "CardLayouts": [
    {
      "LayoutButtons": [
        {
          "Face": "AttackWorker",
          "Type": "AbilCmd",
          "AbilCmd": "attack,Execute",
          "Row": 0,
          "Column": 4
        },
        {
          "Face": "BurrowUp",
          "Type": "AbilCmd",
          "AbilCmd": "BurrowDroneUp,Execute",
          "Row": 2,
          "Column": 4
        },
        {
          "Face": "BurrowDown",
          "Type": "AbilCmd",
          "AbilCmd": "BurrowDroneDown,Execute",
          "Row": 2,
          "Column": 3
        },
        {
          "Face": "BurrowDown",
          "Type": "AbilCmd",
          "AbilCmd": "BurrowZerglingDown,Execute",
          "Row": 2,
          "Column": 3
        },
        {
          "Face": "BurrowDown",
          "Type": "AbilCmd",
          "AbilCmd": "BurrowBanelingDown,Execute",
          "Row": 2,
          "Column": 3
        },
        {
          "Face": "BurrowDown",
          "Type": "AbilCmd",
          "AbilCmd": "BurrowRoachDown,Execute",
          "Row": 2,
          "Column": 3
        },
        {
          "Face": "BurrowDown",
          "Type": "AbilCmd",
          "AbilCmd": "BurrowHydraliskDown,Execute",
          "Row": 2,
          "Column": 3
        },
        {
          "Face": "BurrowDown",
          "Type": "AbilCmd",
          "AbilCmd": "BurrowRavagerDown,Execute",
          "Row": 2,
          "Column": 3
        },
        {
          "Face": "BurrowDown",
          "Type": "AbilCmd",
          "AbilCmd": "MorphToSwarmHostBurrowedMP,Execute",
          "Row": 2,
          "Column": 3
        },
        {
          "Face": "BurrowDown",
          "Type": "AbilCmd",
          "AbilCmd": "BurrowQueenDown,Execute",
          "Row": 2,
          "Column": 3
        },
        {
          "Face": "BurrowDown",
          "Type": "AbilCmd",
          "AbilCmd": "BurrowInfestorTerranDown,Execute",
          "Row": 2,
          "Column": 3
        },
        {
          "Face": "BurrowDown",
          "Type": "AbilCmd",
          "AbilCmd": "BurrowInfestorDown,Execute",
          "Row": 2,
          "Column": 3
        },
        {
          "Face": "BurrowDown",
          "Type": "AbilCmd",
          "AbilCmd": "BurrowUltraliskDown,Execute",
          "Row": 2,
          "Column": 3
        },
        {
          "Face": "BurrowUp",
          "Type": "AbilCmd",
          "AbilCmd": "BurrowDroneUp,Execute",
          "Row": 2,
          "Column": 4
        },
        {
          "Face": "BurrowUp",
          "Type": "AbilCmd",
          "AbilCmd": "BurrowZerglingUp,Execute",
          "Row": 2,
          "Column": 4
        },
        {
          "Face": "BurrowUp",
          "Type": "AbilCmd",
          "AbilCmd": "BurrowBanelingUp,Execute",
          "Row": 2,
          "Column": 4
        },
        {
          "Face": "BurrowUp",
          "Type": "AbilCmd",
          "AbilCmd": "BurrowRoachUp,Execute",
          "Row": 2,
          "Column": 4
        },
        {
          "Face": "BurrowUp",
          "Type": "AbilCmd",
          "AbilCmd": "BurrowHydraliskUp,Execute",
          "Row": 2,
          "Column": 4
        },
        {
          "Face": "BurrowUp",
          "Type": "AbilCmd",
          "AbilCmd": "BurrowRavagerUp,Execute",
          "Row": 2,
          "Column": 4
        },
        {
          "Face": "BurrowUp",
          "Type": "AbilCmd",
          "AbilCmd": "MorphToSwarmHostMP,Execute",
          "Row": 2,
          "Column": 4
        },
        {
          "Face": "BurrowUp",
          "Type": "AbilCmd",
          "AbilCmd": "BurrowQueenUp,Execute",
          "Row": 2,
          "Column": 4
        },
        {
          "Face": "BurrowUp",
          "Type": "AbilCmd",
          "AbilCmd": "BurrowInfestorTerranUp,Execute",
          "Row": 2,
          "Column": 4
        },
        {
          "Face": "BurrowUp",
          "Type": "AbilCmd",
          "AbilCmd": "BurrowInfestorUp,Execute",
          "Row": 2,
          "Column": 4
        },
        {
          "Face": "BurrowUp",
          "Type": "AbilCmd",
          "AbilCmd": "BurrowUltraliskUp,Execute",
          "Row": 2,
          "Column": 4
        }
      ]
    }
  ],
  "Attributes": [
    "Light",
    "Biological"
  ],
  "Collide": [
    "Burrow"
  ],
  "CostCategory": "Economy",
  "CostResource": {
    "Minerals": 50
  },
  "KillDisplay": "Always",
  "RankDisplay": "Always",
  "Icon": "btn-unit-zerg-drone",
  "LifeArmorIcon": "btn-upgrade-zerg-groundcarapace-level0",
  "ShieldArmorIcon": "btn-upgrade-protoss-shieldslevel0",
  "Id": "DroneBurrowed",
  "Upgrades": [
    {
      "Link": "ZergGroundArmors",
      "Id": "ZergGroundArmors",
      "Name": "Zerg Ground Armors"
    },
    {
      "Link": "ZergGroundArmorsLevel1",
      "Id": "ZergGroundArmorsLevel1",
      "Icon": "btn-upgrade-zerg-groundcarapace-level1",
      "Name": "Zerg Ground Carapace Level 1"
    },
    {
      "Link": "ZergGroundArmorsLevel2",
      "Id": "ZergGroundArmorsLevel2",
      "Icon": "btn-upgrade-zerg-groundcarapace-level2",
      "Name": "Zerg Ground Carapace Level 2"
    },
    {
      "Link": "ZergGroundArmorsLevel3",
      "Id": "ZergGroundArmorsLevel3",
      "Icon": "btn-upgrade-zerg-groundcarapace-level3",
      "Name": "Zerg Ground Carapace Level 3"
    },
    {
      "Link": "Burrow",
      "Id": "Burrow",
      "Icon": "btn-ability-zerg-burrow-color",
      "Name": "Burrow"
    }
  ],
  "Abilities": [
    {
      "Link": "BurrowDroneUp",
      "Id": "BurrowDroneUp",
      "Name": "Unburrow (Drone)"
    }
  ],
  "Requirements": [],
  "Production": [],
  "Producers": [],
  "Commands": [
    {
      "Id": "AttackWorker",
      "Icon": "btn-command-attack",
      "Tooltip": "Orders selected units to move to the target point, fighting nearby enemies along the way. Targeting a unit with the Attack command orders that it be attacked until it is destroyed.",
      "Name": "Attack",
      "AbilCmd": "attack,Execute"
    },
    {
      "Id": "BurrowUp",
      "Icon": "btn-ability-zerg-upburrow-color",
      "Tooltip": "Returns the unit to the surface.",
      "Name": "Unburrow",
      "AbilCmd": "BurrowDroneUp,Execute"
    },
    {
      "Id": "BurrowDown",
      "Icon": "btn-ability-zerg-burrow-color",
      "Tooltip": "Buries the unit underground. Burrowed units are unable to move or attack, but they cannot be seen without detection.",
      "Name": "Burrow",
      "AbilCmd": "BurrowDroneDown,Execute"
    },
    {
      "Id": "BurrowDown",
      "Icon": "btn-ability-zerg-burrow-color",
      "Tooltip": "Buries the unit underground. Burrowed units are unable to move or attack, but they cannot be seen without detection.",
      "Name": "Burrow",
      "AbilCmd": "BurrowZerglingDown,Execute"
    },
    {
      "Id": "BurrowDown",
      "Icon": "btn-ability-zerg-burrow-color",
      "Tooltip": "Buries the unit underground. Burrowed units are unable to move or attack, but they cannot be seen without detection.",
      "Name": "Burrow",
      "AbilCmd": "BurrowBanelingDown,Execute"
    },
    {
      "Id": "BurrowDown",
      "Icon": "btn-ability-zerg-burrow-color",
      "Tooltip": "Buries the unit underground. Burrowed units are unable to move or attack, but they cannot be seen without detection.",
      "Name": "Burrow",
      "AbilCmd": "BurrowRoachDown,Execute"
    },
    {
      "Id": "BurrowDown",
      "Icon": "btn-ability-zerg-burrow-color",
      "Tooltip": "Buries the unit underground. Burrowed units are unable to move or attack, but they cannot be seen without detection.",
      "Name": "Burrow",
      "AbilCmd": "BurrowHydraliskDown,Execute"
    },
    {
      "Id": "BurrowDown",
      "Icon": "btn-ability-zerg-burrow-color",
      "Tooltip": "Buries the unit underground. Burrowed units are unable to move or attack, but they cannot be seen without detection.",
      "Name": "Burrow",
      "AbilCmd": "BurrowRavagerDown,Execute"
    },
    {
      "Id": "BurrowDown",
      "Icon": "btn-ability-zerg-burrow-color",
      "Tooltip": "Buries the unit underground. Burrowed units are unable to move or attack, but they cannot be seen without detection.",
      "Name": "Burrow",
      "AbilCmd": "MorphToSwarmHostBurrowedMP,Execute"
    },
    {
      "Id": "BurrowDown",
      "Icon": "btn-ability-zerg-burrow-color",
      "Tooltip": "Buries the unit underground. Burrowed units are unable to move or attack, but they cannot be seen without detection.",
      "Name": "Burrow",
      "AbilCmd": "BurrowQueenDown,Execute"
    },
    {
      "Id": "BurrowDown",
      "Icon": "btn-ability-zerg-burrow-color",
      "Tooltip": "Buries the unit underground. Burrowed units are unable to move or attack, but they cannot be seen without detection.",
      "Name": "Burrow",
      "AbilCmd": "BurrowInfestorTerranDown,Execute"
    },
    {
      "Id": "BurrowDown",
      "Icon": "btn-ability-zerg-burrow-color",
      "Tooltip": "Buries the unit underground. Burrowed units are unable to move or attack, but they cannot be seen without detection.",
      "Name": "Burrow",
      "AbilCmd": "BurrowInfestorDown,Execute"
    },
    {
      "Id": "BurrowDown",
      "Icon": "btn-ability-zerg-burrow-color",
      "Tooltip": "Buries the unit underground. Burrowed units are unable to move or attack, but they cannot be seen without detection.",
      "Name": "Burrow",
      "AbilCmd": "BurrowUltraliskDown,Execute"
    },
    {
      "Id": "BurrowUp",
      "Icon": "btn-ability-zerg-upburrow-color",
      "Tooltip": "Returns the unit to the surface.",
      "Name": "Unburrow",
      "AbilCmd": "BurrowDroneUp,Execute"
    },
    {
      "Id": "BurrowUp",
      "Icon": "btn-ability-zerg-upburrow-color",
      "Tooltip": "Returns the unit to the surface.",
      "Name": "Unburrow",
      "AbilCmd": "BurrowZerglingUp,Execute"
    },
    {
      "Id": "BurrowUp",
      "Icon": "btn-ability-zerg-upburrow-color",
      "Tooltip": "Returns the unit to the surface.",
      "Name": "Unburrow",
      "AbilCmd": "BurrowBanelingUp,Execute"
    },
    {
      "Id": "BurrowUp",
      "Icon": "btn-ability-zerg-upburrow-color",
      "Tooltip": "Returns the unit to the surface.",
      "Name": "Unburrow",
      "AbilCmd": "BurrowRoachUp,Execute"
    },
    {
      "Id": "BurrowUp",
      "Icon": "btn-ability-zerg-upburrow-color",
      "Tooltip": "Returns the unit to the surface.",
      "Name": "Unburrow",
      "AbilCmd": "BurrowHydraliskUp,Execute"
    },
    {
      "Id": "BurrowUp",
      "Icon": "btn-ability-zerg-upburrow-color",
      "Tooltip": "Returns the unit to the surface.",
      "Name": "Unburrow",
      "AbilCmd": "BurrowRavagerUp,Execute"
    },
    {
      "Id": "BurrowUp",
      "Icon": "btn-ability-zerg-upburrow-color",
      "Tooltip": "Returns the unit to the surface.",
      "Name": "Unburrow",
      "AbilCmd": "MorphToSwarmHostMP,Execute"
    },
    {
      "Id": "BurrowUp",
      "Icon": "btn-ability-zerg-upburrow-color",
      "Tooltip": "Returns the unit to the surface.",
      "Name": "Unburrow",
      "AbilCmd": "BurrowQueenUp,Execute"
    },
    {
      "Id": "BurrowUp",
      "Icon": "btn-ability-zerg-upburrow-color",
      "Tooltip": "Returns the unit to the surface.",
      "Name": "Unburrow",
      "AbilCmd": "BurrowInfestorTerranUp,Execute"
    },
    {
      "Id": "BurrowUp",
      "Icon": "btn-ability-zerg-upburrow-color",
      "Tooltip": "Returns the unit to the surface.",
      "Name": "Unburrow",
      "AbilCmd": "BurrowInfestorUp,Execute"
    },
    {
      "Id": "BurrowUp",
      "Icon": "btn-ability-zerg-upburrow-color",
      "Tooltip": "Returns the unit to the surface.",
      "Name": "Unburrow",
      "AbilCmd": "BurrowUltraliskUp,Execute"
    }
  ]
}