{
  "Name": "Echo",
  "Description": "Melee air fighter. Can use Discord Mode and Reverb.<br/><br/><span style=\"color: #FFFF80\">Can attack air units.</span>",
  "DeathRevealFilters": "Visible;Player,Ally,Neutral,Missile,Dead,Hidden",
  "DeathRevealRadius": 3,
  "DeathRevealDuration": 4,
  "DeathRevealType": "Snapshot",
  "Race": "Keir",
  "DefaultAcquireLevel": "Offensive",
  "Response": "Acquire",
  "ResourceState": "Unknown",
  "ResourceType": "Unknown",
  "LifeStart": 100,
  "LifeMax": 100,
  "LifeArmorName": "Keiron Biological Armor",
  "Mover": "Fly",
  "StationaryTurningRate": 720,
  "TurningRate": 720,
  "Radius": 0.5,
  "SeparationRadius": 0.5,
  "MinimapRadius": 0.5,
  "TacticalAIFilters": "-;Player,Ally,Neutral",
  "AIEvalFactor": 1,
  "Mass": 0.4,
  "PushPriority": 10,
  "LeaderAlias": "Echo",
  "HotkeyAlias": "Echo",
  "SelectAlias": "Echo",
  "SubgroupAlias": "Echo",
  "OccludeHeight": 0.75,
  "TacticalAI": "Echo",
  "AIEvaluateAlias": "Echo",
  "ReviveType": "Echo",
  "PawnItemReduction": 1,
  "Fidget": {
    "DelayMax": 30,
    "DelayMin": 10,
    "DistanceMax": 4,
    "DistanceMin": 1,
    "TurnAngle": 90,
    "TurningRate": 90,
    "ChanceArray": {
      "Idle": 100
    }
  },
  "ReviveInfoBase": {
    "Charge": {
      "Link": "Echo/Revive",
      "Location": "Unit"
    },
    "Cooldown": {
      "Link": "Echo/Revive",
      "Location": "Unit"
    }
  },
  "InnerRadiusSafetyMultiplier": 1,
  "ArmorType": "Unknown",
  "LifeRegenRate": 0.1718,
  "ShieldRegenDelay": 4,
  "ShieldRegenRate": 2.5,
  "Acceleration": 4,
  "Sight": 12,
  "CostCategory": "Army",
  "AttackTargetPriority": 20,
  "CardLayouts": [
    {
      "LayoutButtons": [
        {
          "Face": "Stop",
          "Type": "AbilCmd",
          "AbilCmd": "stop,Stop",
          "Row": 0,
          "Column": 1
        },
        {
          "Face": "SonicImage",
          "Type": "AbilCmd",
          "AbilCmd": "SonicImage,255",
          "Row": 2,
          "Column": 0
        },
        {
          "Face": "Reverb",
          "Type": "AbilCmd",
          "AbilCmd": "ReverbRB,Execute",
          "Row": 2,
          "Column": 1
        },
        {
          "Face": "FighterModeEcho",
          "Type": "AbilCmd",
          "AbilCmd": "EchoFighterMode,Execute",
          "Row": 2,
          "Column": 3
        },
        {
          "Face": "MothershipCoreAttack",
          "Type": "AbilCmd",
          "AbilCmd": "attack,Execute",
          "Row": 0,
          "Column": 4
        },
        {
          "Face": "Unfuse",
          "Type": "AbilCmd",
          "AbilCmd": "FuseUnfuse,Execute",
          "Row": 1,
          "Column": 4
        },
        {
          "Face": "DiscordMode",
          "Type": "AbilCmd",
          "AbilCmd": "EchoDiscordMode,Execute",
          "Row": 2,
          "Column": 2
        },
        {
          "Face": "Unfuse",
          "Type": "AbilCmd",
          "AbilCmd": "FuseUnfuse,Execute",
          "Row": 1,
          "Column": 4
        }
      ]
    }
  ],
  "ScoreMakeCostFactor": {
    "Minerals": 1,
    "Vespene": 1
  },
  "ScoreKillCostFactor": {
    "Minerals": 1,
    "Vespene": 1
  },
  "ScoreResult": "BuildOrder",
  "GlossaryCategory": "",
  "GlossaryAlias": "Echo",
  "HotkeyCategory": "Unit/Category/KeironUnits",
  "ShieldArmorName": "Keiron Dispersion Shields",
  "Height": 3.75,
  "VisionHeight": 4,
  "LifeArmor": 1,
  "ShieldsStart": 140,
  "ShieldsMax": 140,
  "Speed": 0,
  "LateralAcceleration": 46,
  "Food": -2,
  "CostResource": {
    "Minerals": 125,
    "Vespene": 75
  },
  "EffectArray": {
    "Create": ""
  },
  "GlossaryPriority": 0,
  "SubgroupPriority": 26,
  "TechAliasArray": [
    "Alias_Echo"
  ],
  "Icon": "btn-unit-keiron-echo",
  "LifeArmorIcon": "btn-upgrade-keiron-biologicalarmorlevel0",
  "ShieldArmorIcon": "btn-upgrade-keiron-shields-level0",
  "KillDisplay": "Always",
  "RankDisplay": "Always",
  "Id": "EchoDM",
  "Weapons": [
    {
      "Link": "ReverberatorFlare",
      "Id": "ReverberatorFlare",
      "Icon": "btn-upgrade-keiron-biologicalweaponslevel0",
      "Name": "Reverberator Flare",
      "Amount": {
        "value": 10
      },
      "Kind": "Melee",
      "TargetFilters": "Air",
      "Range": 3,
      "Period": 1.008
    }
  ],
  "Behaviors": [
    {
      "Link": "DiscordZoneRadius",
      "Id": "DiscordZoneRadius"
    }
  ],
  "Upgrades": [
    {
      "Link": "KeironBioArmor",
      "Id": "KeironBioArmor",
      "Name": "Keiron Bio Armor"
    },
    {
      "Link": "KeironBioWeapons",
      "Id": "KeironBioWeapons",
      "Name": "Keiron Bio Weapons"
    },
    {
      "Link": "KeironShields",
      "Id": "KeironShields",
      "Name": "Keiron Shields"
    },
    {
      "Link": "KeironBioArmorLevel1",
      "Id": "KeironBioArmorLevel1",
      "Icon": "btn-upgrade-keiron-biologicalarmorlevel1",
      "Name": "Keiron Biological Armor Level 1"
    },
    {
      "Link": "KeironBioArmorLevel2",
      "Id": "KeironBioArmorLevel2",
      "Icon": "btn-upgrade-keiron-biologicalarmorlevel2",
      "Name": "Keiron Biological Armor Level 2"
    },
    {
      "Link": "KeironBioArmorLevel3",
      "Id": "KeironBioArmorLevel3",
      "Icon": "btn-upgrade-keiron-biologicalarmorlevel3",
      "Name": "Keiron Biological Armor Level 3"
    },
    {
      "Link": "KeironBioWeaponsLevel1",
      "Id": "KeironBioWeaponsLevel1",
      "Icon": "btn-upgrade-keiron-biologicalweaponslevel1",
      "Name": "Keiron Biological Weapons Level 1"
    },
    {
      "Link": "KeironBioWeaponsLevel2",
      "Id": "KeironBioWeaponsLevel2",
      "Icon": "btn-upgrade-keiron-biologicalweaponslevel2",
      "Name": "Keiron Biological Weapons Level 2"
    },
    {
      "Link": "KeironBioWeaponsLevel3",
      "Id": "KeironBioWeaponsLevel3",
      "Icon": "btn-upgrade-keiron-biologicalweaponslevel3",
      "Name": "Keiron Biological Weapons Level 3"
    },
    {
      "Link": "KeironShieldsLevel1",
      "Id": "KeironShieldsLevel1",
      "Icon": "btn-upgrade-keiron-shields-level1",
      "Name": "Keiron Shields Level 1"
    },
    {
      "Link": "KeironShieldsLevel2",
      "Id": "KeironShieldsLevel2",
      "Icon": "btn-upgrade-keiron-shields-level2",
      "Name": "Keiron Shields Level 2"
    },
    {
      "Link": "KeironShieldsLevel3",
      "Id": "KeironShieldsLevel3",
      "Icon": "btn-upgrade-keiron-shields-level3",
      "Name": "Keiron Shields Level 3"
    },
    {
      "Link": "DissonanceProjector",
      "Id": "DissonanceProjector",
      "Icon": "btn-upgrade-keiron-dissonanceprojector",
      "Name": "Dissonance Projector"
    }
  ],
  "Abilities": [
    {
      "Link": "stop",
      "Id": "stop",
      "Name": "Stop"
    },
    {
      "Link": "FuseUnfuse",
      "Id": "FuseUnfuse",
      "Name": "Unfuse"
    },
    {
      "Link": "SonicImage",
      "Id": "SonicImage",
      "Name": "Sonic Image"
    },
    {
      "Link": "ReverbRB",
      "Id": "ReverbRB",
      "Name": "Reverb Teleport"
    },
    {
      "Link": "EchoFighterMode",
      "Id": "EchoFighterMode",
      "Name": "Fighter Mode"
    },
    {
      "Link": "SonicImage",
      "Id": "SonicImage",
      "Name": "Sonic Image"
    },
    {
      "Link": "EchoDiscordMode",
      "Id": "EchoDiscordMode",
      "Name": "Discord Mode"
    }
  ],
  "Requirements": [],
  "Production": [],
  "Producers": [],
  "Commands": [
    {
      "Id": "Stop",
      "Icon": "btn-command-stop",
      "Tooltip": "Orders selected units to cancel all orders and stop moving.",
      "Name": "Stop",
      "AbilCmd": "stop,Stop"
    },
    {
      "Id": "SonicImage",
      "Icon": "btn-ability-zeratul-sentry-eclipseprotocol",
      "Tooltip": "Places a sonic image, which the Echo can teleport back to if it remains close by.",
      "Name": "Sonic Image",
      "AbilCmd": "SonicImage,255"
    },
    {
      "Id": "Reverb",
      "Icon": "btn-ability-zeratul-warpprism-transferlink",
      "Tooltip": "Teleports the Echo back to its Sonic Image.",
      "Name": "Reverb",
      "AbilCmd": "ReverbRB,Execute"
    },
    {
      "Id": "FighterModeEcho",
      "Icon": "btn-unit-keiron-echo",
      "Tooltip": "The Echo resumes its usual form, allowing it to move and attack.",
      "Name": "Fighter Mode",
      "AbilCmd": "EchoFighterMode,Execute"
    },
    {
      "Id": "MothershipCoreAttack",
      "Icon": "btn-command-attack",
      "Tooltip": "Orders selected units to move to the target point, fighting nearby enemies along the way. Targeting a unit with the Attack command orders that it be attacked until it is destroyed.",
      "Name": "Attack",
      "AbilCmd": "attack,Execute"
    },
    {
      "Id": "Unfuse",
      "Icon": "btn-ability-zerg-dehaka-levelup",
      "Tooltip": "Releases the Fuse inhabiting this unit, losing the associated bonus.",
      "Name": "Unfuse",
      "AbilCmd": "FuseUnfuse,Execute"
    },
    {
      "Id": "DiscordMode",
      "Icon": "btn-unit-keiron-echo-discord",
      "Tooltip": "The Echo becomes stationary, slowing enemy movement and production while revealing cloaked units in an area.",
      "Name": "Discord Mode",
      "AbilCmd": "EchoDiscordMode,Execute"
    },
    {
      "Id": "Unfuse",
      "Icon": "btn-ability-zerg-dehaka-levelup",
      "Tooltip": "Releases the Fuse inhabiting this unit, losing the associated bonus.",
      "Name": "Unfuse",
      "AbilCmd": "FuseUnfuse,Execute"
    }
  ]
}