{
  "Name": "Echo",
  "Description": "Melee air fighter. Can use Discord Mode and Reverb.<br/><br/><span style=\"color: #FFFF80\">Can attack air units.</span>",
  "DeathRevealFilters": "Visible;Player,Ally,Neutral,Missile,Dead,Hidden",
  "DeathRevealRadius": 3,
  "DeathRevealDuration": 4,
  "DeathRevealType": "Snapshot",
  "Race": "Keir",
  "DefaultAcquireLevel": "Offensive",
  "Response": "Acquire",
  "ResourceState": "Unknown",
  "ResourceType": "Unknown",
  "LifeStart": 100,
  "LifeMax": 100,
  "LifeArmorName": "Keiron Biological Armor",
  "Mover": "Fly",
  "StationaryTurningRate": 1080,
  "TurningRate": 1080,
  "Radius": 0.5,
  "SeparationRadius": 0.5,
  "MinimapRadius": 0.5,
  "EditorCategories": {
    "ObjectType": "Unit",
    "ObjectFamily": "Melee"
  },
  "TacticalAIFilters": "-;Player,Ally,Neutral",
  "AIEvalFactor": 1,
  "Mass": 0.4,
  "FlagArray": [
    "Turnable",
    "Movable",
    "Unclickable",
    "Unhighlightable",
    "Untooltipable",
    "KillCredit",
    "ShowResources",
    "ClearRallyOnTargetLost",
    "PlayerRevivable",
    "CameraFollow",
    "PreventDestroy",
    "UseLineOfSight",
    "ArmySelect"
  ],
  "EditorFlags": [
    "BlockStructures"
  ],
  "PushPriority": 10,
  "LeaderAlias": "Echo",
  "HotkeyAlias": "Echo",
  "SelectAlias": "Echo",
  "SubgroupAlias": "Echo",
  "OccludeHeight": 0.75,
  "TacticalAI": "Echo",
  "AIEvaluateAlias": "Echo",
  "ReviveType": "Echo",
  "PawnItemReduction": 1,
  "Fidget": {
    "DelayMax": 30,
    "DelayMin": 10,
    "DistanceMax": 4,
    "DistanceMin": 1,
    "TurnAngle": 90,
    "TurningRate": 90,
    "ChanceArray": {
      "Idle": 100
    }
  },
  "ReviveInfoBase": {
    "Charge": {
      "Link": "Echo/Revive",
      "Location": "Unit"
    },
    "Cooldown": {
      "Link": "Echo/Revive",
      "Location": "Unit"
    }
  },
  "InnerRadiusSafetyMultiplier": 1,
  "ArmorType": "Unknown",
  "PlaneArray": [
    "Air"
  ],
  "Collide": [
    "Flying"
  ],
  "LifeRegenRate": 0.1718,
  "ShieldRegenDelay": 4,
  "ShieldRegenRate": 1.25,
  "Acceleration": 5,
  "Sight": 10,
  "CostCategory": "Army",
  "AttackTargetPriority": 20,
  "CardLayouts": [
    {
      "LayoutButtons": [
        {
          "Face": "Move",
          "Type": "AbilCmd",
          "AbilCmd": "move,Move",
          "Row": 0,
          "Column": 0
        },
        {
          "Face": "Stop",
          "Type": "AbilCmd",
          "AbilCmd": "stop,Stop",
          "Row": 0,
          "Column": 1
        },
        {
          "Face": "MoveHoldPosition",
          "Type": "AbilCmd",
          "AbilCmd": "move,HoldPos",
          "Row": 0,
          "Column": 2
        },
        {
          "Face": "MovePatrol",
          "Type": "AbilCmd",
          "AbilCmd": "move,Patrol",
          "Row": 0,
          "Column": 3
        },
        {
          "Face": "Attack",
          "Type": "AbilCmd",
          "AbilCmd": "attack,Execute",
          "Row": 0,
          "Column": 4
        },
        {
          "Face": "SonicImage",
          "Type": "AbilCmd",
          "AbilCmd": "SonicImage,Execute",
          "Row": 2,
          "Column": 0
        },
        {
          "Face": "Reverb",
          "Type": "AbilCmd",
          "AbilCmd": "ReverbRB,Execute",
          "Row": 2,
          "Column": 1
        },
        {
          "Face": "DiscordMode",
          "Type": "AbilCmd",
          "AbilCmd": "EchoDiscordMode,Execute",
          "Row": 2,
          "Column": 2
        },
        {
          "Face": "Rally",
          "Type": "AbilCmd",
          "AbilCmd": "ProgressRally,Rally1",
          "Row": 2,
          "Column": 4
        },
        {
          "Face": "Unfuse",
          "Type": "AbilCmd",
          "AbilCmd": "FuseUnfuse,Execute",
          "Row": 1,
          "Column": 4
        }
      ]
    }
  ],
  "ScoreMakeCostFactor": {
    "Minerals": 1,
    "Vespene": 1
  },
  "ScoreKillCostFactor": {
    "Minerals": 1,
    "Vespene": 1
  },
  "ScoreResult": "BuildOrder",
  "GlossaryCategory": "Unit/Category/KeironUnits",
  "GlossaryAlias": "Echo",
  "HotkeyCategory": "Unit/Category/KeironUnits",
  "ShieldArmorName": "Keiron Dispersion Shields",
  "Height": 3.75,
  "VisionHeight": 4,
  "Attributes": [
    "Light",
    "Biological",
    "Mechanical"
  ],
  "LifeArmor": 1,
  "ShieldsStart": 70,
  "ShieldsMax": 70,
  "Speed": 4.5,
  "LateralAcceleration": 46,
  "Food": -2,
  "CostResource": {
    "Minerals": 125,
    "Vespene": 75
  },
  "EffectArray": {
    "Create": "AstralConduitEchoDelay"
  },
  "GlossaryPriority": 30,
  "SubgroupPriority": 26,
  "TechAliasArray": [
    "Alias_Echo"
  ],
  "Icon": "btn-unit-keiron-echo",
  "LifeArmorIcon": "btn-upgrade-keiron-biologicalarmorlevel0",
  "ShieldArmorIcon": "btn-upgrade-keiron-shields-level0",
  "Id": "Echo",
  "Weapons": [
    {
      "Link": "ReverberatorFlare",
      "Id": "ReverberatorFlare",
      "Icon": "btn-upgrade-keiron-biologicalweaponslevel0",
      "Name": "Reverberator Flare",
      "Amount": 10,
      "Kind": "Melee",
      "TargetFilters": "Air",
      "Range": 3,
      "Period": 1.008
    }
  ],
  "Upgrades": [
    {
      "Link": "KeironBioArmor",
      "Id": "KeironBioArmor",
      "Name": "Keiron Bio Armor"
    },
    {
      "Link": "KeironBioWeapons",
      "Id": "KeironBioWeapons",
      "Name": "Keiron Bio Weapons"
    },
    {
      "Link": "KeironShields",
      "Id": "KeironShields",
      "Name": "Keiron Shields"
    },
    {
      "Link": "KeironBioArmorLevel1",
      "Id": "KeironBioArmorLevel1",
      "Icon": "btn-upgrade-keiron-biologicalarmorlevel1",
      "Name": "Keiron Biological Armor Level 1"
    },
    {
      "Link": "KeironBioArmorLevel2",
      "Id": "KeironBioArmorLevel2",
      "Icon": "btn-upgrade-keiron-biologicalarmorlevel2",
      "Name": "Keiron Biological Armor Level 2"
    },
    {
      "Link": "KeironBioArmorLevel3",
      "Id": "KeironBioArmorLevel3",
      "Icon": "btn-upgrade-keiron-biologicalarmorlevel3",
      "Name": "Keiron Biological Armor Level 3"
    },
    {
      "Link": "KeironBioWeaponsLevel1",
      "Id": "KeironBioWeaponsLevel1",
      "Icon": "btn-upgrade-keiron-biologicalweaponslevel1",
      "Name": "Keiron Biological Weapons Level 1"
    },
    {
      "Link": "KeironBioWeaponsLevel2",
      "Id": "KeironBioWeaponsLevel2",
      "Icon": "btn-upgrade-keiron-biologicalweaponslevel2",
      "Name": "Keiron Biological Weapons Level 2"
    },
    {
      "Link": "KeironBioWeaponsLevel3",
      "Id": "KeironBioWeaponsLevel3",
      "Icon": "btn-upgrade-keiron-biologicalweaponslevel3",
      "Name": "Keiron Biological Weapons Level 3"
    },
    {
      "Link": "KeironShieldsLevel1",
      "Id": "KeironShieldsLevel1",
      "Icon": "btn-upgrade-keiron-shields-level1",
      "Name": "Keiron Shields Level 1"
    },
    {
      "Link": "KeironShieldsLevel2",
      "Id": "KeironShieldsLevel2",
      "Icon": "btn-upgrade-keiron-shields-level2",
      "Name": "Keiron Shields Level 2"
    },
    {
      "Link": "KeironShieldsLevel3",
      "Id": "KeironShieldsLevel3",
      "Icon": "btn-upgrade-keiron-shields-level3",
      "Name": "Keiron Shields Level 3"
    },
    {
      "Link": "DissonanceProjector",
      "Id": "DissonanceProjector",
      "Icon": "btn-upgrade-keiron-dissonanceprojector",
      "Name": "Dissonance Projector"
    }
  ],
  "Abilities": [
    {
      "Link": "move",
      "Id": "move",
      "Name": "Move"
    },
    {
      "Link": "stop",
      "Id": "stop",
      "Name": "Stop"
    },
    {
      "Link": "attack",
      "Id": "attack",
      "Name": "Attack"
    },
    {
      "Link": "ProgressRally",
      "Id": "ProgressRally",
      "Name": "Progress Rally"
    },
    {
      "Link": "KeironWarpable",
      "Id": "KeironWarpable",
      "Name": "Keiron Warpable"
    },
    {
      "Link": "FuseUnfuse",
      "Id": "FuseUnfuse",
      "Name": "Unfuse"
    },
    {
      "Link": "SonicImage",
      "Id": "SonicImage",
      "Name": "Sonic Image"
    },
    {
      "Link": "ReverbRB",
      "Id": "ReverbRB",
      "Name": "Reverb Teleport"
    },
    {
      "Link": "EchoDiscordMode",
      "Id": "EchoDiscordMode",
      "Name": "Discord Mode"
    }
  ],
  "Requirements": [],
  "Production": [],
  "Producers": [
    {
      "Id": "Citadel",
      "Icon": "btn-building-keiron-citadel",
      "Description": "Primary structure. Used to create all Keiron units and receive gathered resources. Can be upgraded to use Energize.",
      "Name": "Citadel"
    },
    {
      "Id": "CitadelCharged",
      "Icon": "btn-building-keiron-citadel",
      "Description": "Primary structure. Used to create all Keiron units and receive gathered resources. Can use Energize.",
      "Name": "Citadel"
    }
  ],
  "Commands": [
    {
      "Id": "Move",
      "Icon": "btn-command-move",
      "Tooltip": "Orders selected units to move to the target area or follow the target unit. Moving units will not engage enemies.",
      "Name": "Move",
      "AbilCmd": "move,Move"
    },
    {
      "Id": "Stop",
      "Icon": "btn-command-stop",
      "Tooltip": "Orders selected units to cancel all orders and stop moving.",
      "Name": "Stop",
      "AbilCmd": "stop,Stop"
    },
    {
      "Id": "MoveHoldPosition",
      "Icon": "btn-command-holdposition",
      "Tooltip": "Orders selected units to stay where they are and attack enemies that are within range. Units will neither chase down enemies nor move to engage.",
      "Name": "Hold Position",
      "AbilCmd": "move,HoldPos"
    },
    {
      "Id": "MovePatrol",
      "Icon": "btn-command-patrol",
      "Tooltip": "Orders selected units to patrol between their current position and the target area. Units will attack enemies and move to engage nearby enemies.",
      "Name": "Patrol",
      "AbilCmd": "move,Patrol"
    },
    {
      "Id": "Attack",
      "Icon": "btn-command-attack",
      "Tooltip": "Orders selected units to move to the target point, fighting nearby enemies along the way. Targeting a unit with the Attack command orders that it be attacked until it is destroyed.",
      "Name": "Attack",
      "AbilCmd": "attack,Execute"
    },
    {
      "Id": "SonicImage",
      "Icon": "btn-ability-zeratul-sentry-eclipseprotocol",
      "Tooltip": "Places a sonic image, which the Echo can teleport back to if it remains close by.",
      "Name": "Sonic Image",
      "AbilCmd": "SonicImage,Execute"
    },
    {
      "Id": "Reverb",
      "Icon": "btn-ability-zeratul-warpprism-transferlink",
      "Tooltip": "Teleports the Echo back to its Sonic Image.",
      "Name": "Reverb",
      "AbilCmd": "ReverbRB,Execute"
    },
    {
      "Id": "DiscordMode",
      "Icon": "btn-unit-keiron-echo-discord",
      "Tooltip": "The Echo becomes stationary, slowing enemy movement and production while revealing cloaked units in an area.",
      "Name": "Discord Mode",
      "AbilCmd": "EchoDiscordMode,Execute"
    },
    {
      "Id": "Rally",
      "Icon": "btn-ability-terran-setrallypoint",
      "Tooltip": "Sends constructed units to the designated point. Workers rallied to resources will begin gathering automatically.",
      "Name": "Set Rally Point",
      "AbilCmd": "ProgressRally,Rally1"
    },
    {
      "Id": "Unfuse",
      "Icon": "btn-ability-zerg-dehaka-levelup",
      "Tooltip": "Releases the Fuse inhabiting this unit, losing the associated bonus.",
      "Name": "Unfuse",
      "AbilCmd": "FuseUnfuse,Execute"
    }
  ]
}