{
  "Name": "Edifice",
  "Description": "Basic tech facility.<br/><br/><span style=\"color: #FFFF80\">Enables:</span><br/>  - Pariah from the Citadel<br/>  - Volts from the Citadel<br/>  - Oculi from the Converter",
  "DeathRevealFilters": "Visible;Player,Ally,Neutral,Missile,Dead,Hidden",
  "DeathRevealRadius": 2,
  "DeathRevealDuration": 4,
  "DeathRevealType": "Snapshot",
  "Race": "Keir",
  "DefaultAcquireLevel": "Offensive",
  "Response": "Acquire",
  "ResourceState": "Unknown",
  "ResourceType": "Unknown",
  "LifeStart": 700,
  "LifeMax": 700,
  "LifeArmorName": "Keiron Structure Armor",
  "Mover": "Ground",
  "StationaryTurningRate": 720,
  "TurningRate": 720,
  "Radius": 1.5,
  "SeparationRadius": 1.5,
  "MinimapRadius": 1.5,
  "EditorCategories": {
    "ObjectType": "Structure",
    "ObjectFamily": "Melee"
  },
  "TacticalAIFilters": "-;Player,Ally,Neutral",
  "AIEvalFactor": 1,
  "Mass": 0.4,
  "FlagArray": [
    "Unclickable",
    "Unhighlightable",
    "Untooltipable",
    "KillCredit",
    "ShowResources",
    "ClearRallyOnTargetLost",
    "PlayerRevivable",
    "CameraFollow",
    "PreventDefeat",
    "PreventDestroy",
    "PenaltyRevealed",
    "UseLineOfSight",
    "TownAlert",
    "NoPortraitTalk",
    "ArmorDisabledWhileConstructing"
  ],
  "EditorFlags": [
    "BlockStructures"
  ],
  "PushPriority": 10,
  "LeaderAlias": "Edifice",
  "HotkeyAlias": "Edifice",
  "SelectAlias": "Edifice",
  "SubgroupAlias": "Edifice",
  "OccludeHeight": 0.75,
  "TacticalAI": "Edifice",
  "AIEvaluateAlias": "Edifice",
  "ReviveType": "Edifice",
  "PawnItemReduction": 1,
  "Fidget": {
    "DelayMax": 30,
    "DelayMin": 10,
    "DistanceMax": 4,
    "DistanceMin": 1,
    "TurnAngle": 90,
    "TurningRate": 90,
    "ChanceArray": {
      "Idle": 100
    }
  },
  "ReviveInfoBase": {
    "Charge": {
      "Link": "Edifice/Revive",
      "Location": "Unit"
    },
    "Cooldown": {
      "Link": "Edifice/Revive",
      "Location": "Unit"
    }
  },
  "InnerRadiusSafetyMultiplier": 1,
  "ArmorType": "Unknown",
  "FogVisibility": "Snapshot",
  "PlaneArray": [
    "Ground"
  ],
  "Collide": [
    "Burrow",
    "Ground",
    "Structure",
    "RoachBurrow",
    "ForceField"
  ],
  "Attributes": [
    "Armored",
    "Structure"
  ],
  "LifeArmor": 1,
  "Sight": 10,
  "CostCategory": "Technology",
  "ScoreResult": "BuildOrder",
  "HotkeyCategory": "Unit/Category/KeironUnits",
  "LifeRegenRate": 0.25,
  "Food": 6,
  "Footprint": "Footprint3x3Contour",
  "PlacementFootprint": "Footprint3x3",
  "ShieldArmorName": "Keiron Dispersion Shields",
  "ShieldRegenDelay": 4,
  "ShieldRegenRate": 1.25,
  "CardLayouts": [
    {
      "LayoutButtons": [
        {
          "Face": "KeironCharges",
          "Type": "Passive",
          "Row": 2,
          "Column": 0
        },
        {
          "Face": "DevelopExaltedShields",
          "Type": "AbilCmd",
          "AbilCmd": "EdificeResearch,Research1",
          "Row": 0,
          "Column": 1
        },
        {
          "Face": "DevelopLatentCharge",
          "Type": "AbilCmd",
          "AbilCmd": "EdificeResearch,Research2",
          "Row": 0,
          "Column": 2
        },
        {
          "Face": "DevelopModifiedGait",
          "Type": "AbilCmd",
          "AbilCmd": "EdificeResearch,Research3",
          "Row": 0,
          "Column": 0
        },
        {
          "Face": "SelectBuilderKeiron",
          "Type": "SelectBuilder",
          "Row": 1,
          "Column": 3
        },
        {
          "Face": "CancelBuilding",
          "Type": "AbilCmd",
          "AbilCmd": "BuildInProgress,Cancel",
          "Row": 2,
          "Column": 4
        },
        {
          "Face": "Cancel",
          "Type": "AbilCmd",
          "AbilCmd": "que5,CancelLast",
          "Row": 2,
          "Column": 4
        }
      ]
    }
  ],
  "Facing": 45,
  "ShieldsStart": 350,
  "ShieldsMax": 350,
  "CostResource": {
    "Minerals": 200
  },
  "EffectArray": {
    "Death": "EdificeParVolDeathCP"
  },
  "GlossaryPriority": 55,
  "ScoreMake": 200,
  "ScoreKill": 200,
  "TechTreeUnlockedUnitArray": [
    "Pariah",
    "Volt"
  ],
  "Icon": "btn-building-keiron-edifice",
  "LifeArmorIcon": "btn-upgrade-keiron-structurearmor",
  "ShieldArmorIcon": "btn-upgrade-keiron-shields-level0",
  "Id": "Edifice",
  "Behaviors": [
    {
      "Link": "KeironChargeDummyCreation",
      "Id": "KeironChargeDummyCreation"
    }
  ],
  "Upgrades": [
    {
      "Link": "KeironShields",
      "Id": "KeironShields",
      "Name": "Keiron Shields"
    },
    {
      "Link": "KeironShieldsLevel1",
      "Id": "KeironShieldsLevel1",
      "Icon": "btn-upgrade-keiron-shields-level1",
      "Name": "Keiron Shields Level 1"
    },
    {
      "Link": "KeironShieldsLevel2",
      "Id": "KeironShieldsLevel2",
      "Icon": "btn-upgrade-keiron-shields-level2",
      "Name": "Keiron Shields Level 2"
    },
    {
      "Link": "KeironShieldsLevel3",
      "Id": "KeironShieldsLevel3",
      "Icon": "btn-upgrade-keiron-shields-level3",
      "Name": "Keiron Shields Level 3"
    }
  ],
  "Abilities": [
    {
      "Link": "BuildInProgress",
      "Id": "BuildInProgress",
      "Name": "Build in Progress"
    },
    {
      "Link": "que5",
      "Id": "que5",
      "Name": "Queue (5)"
    },
    {
      "Link": "EdificeResearch",
      "Id": "EdificeResearch",
      "Name": "Edifice Research"
    },
    {
      "Link": "KeironCitadelMaterialize",
      "Id": "KeironCitadelMaterialize",
      "Name": "Keiron - Citadel Materialize"
    }
  ],
  "Requirements": [],
  "Production": [
    {
      "Id": "ExaltedShield",
      "Icon": "btn-ability-stetmann-banelingmanashield",
      "Name": "Exalted Shield"
    },
    {
      "Id": "LatentCharge",
      "Icon": "btn-upgrade-keiron-latentcharge",
      "Name": "Latent Charge"
    },
    {
      "Id": "ModifiedGait",
      "Icon": "btn-upgrade-keiron-modifiedgait",
      "Name": "Modified Gait"
    }
  ],
  "Producers": [
    {
      "Id": "Converter",
      "Icon": "btn-unit-keiron-converter",
      "Description": "Basic worker unit. Can gather resources and shape Keiron structures.<br/><br/><span style=\"color: #ffff8a\">Can attack ground units.</span>",
      "Name": "Converter"
    }
  ],
  "Commands": [
    {
      "Id": "DevelopExaltedShields",
      "Icon": "btn-ability-stetmann-banelingmanashield",
      "Tooltip": "<span style=\"color: #FFFF80\">Pariah</span> gain +10 shields.",
      "Name": "Develop Exalted Shields",
      "AbilCmd": "EdificeResearch,Research1"
    },
    {
      "Id": "DevelopLatentCharge",
      "Icon": "btn-upgrade-keiron-latentcharge",
      "Tooltip": "Enables the <span style=\"color: #FFFF80\">Volt's</span> weapon to bounce to 1 additional target and deal <b>2</b> spell damage.",
      "Name": "Develop Latent Charge",
      "AbilCmd": "EdificeResearch,Research2"
    },
    {
      "Id": "DevelopModifiedGait",
      "Icon": "btn-upgrade-keiron-modifiedgait",
      "Tooltip": "Increases the movement speed of <span style=\"color: #FFFF80\">Volt</span> and <span style=\"color: #FFFF80\">Pariah</span>.",
      "Name": "Develop Modified Gait",
      "AbilCmd": "EdificeResearch,Research3"
    },
    {
      "Id": "CancelBuilding",
      "Icon": "btn-command-cancel",
      "Tooltip": "Cancels construction of this structure, destroying the structure and giving a partial refund.",
      "Name": "Cancel",
      "AbilCmd": "BuildInProgress,Cancel"
    },
    {
      "Id": "Cancel",
      "Icon": "btn-command-cancel",
      "Tooltip": "Drops the current order without performing it, and allows you to select a different order.",
      "Name": "Cancel",
      "AbilCmd": "que5,CancelLast"
    }
  ]
}