{
  "Name": "Hut",
  "Description": "A modest civilian residence.",
  "DeathRevealFilters": "Visible;Player,Ally,Neutral,Missile,Dead,Hidden",
  "DeathRevealRadius": 3,
  "DeathRevealDuration": 0,
  "DeathRevealType": "Snapshot",
  "Race": "Terr",
  "DefaultAcquireLevel": "Offensive",
  "Response": "Nothing",
  "ResourceState": "Unknown",
  "ResourceType": "Unknown",
  "LifeStart": 200,
  "LifeMax": 200,
  "LifeArmorName": "Terran Building Plating",
  "Mover": "Ground",
  "StationaryTurningRate": 720,
  "TurningRate": 720,
  "Radius": 1,
  "SeparationRadius": 1,
  "MinimapRadius": 1,
  "EditorCategories": {
    "ObjectType": "Structure",
    "ObjectFamily": "Campaign"
  },
  "TacticalAIFilters": "-;Player,Ally,Neutral",
  "AIEvalFactor": 1,
  "Mass": 0.4,
  "FlagArray": [
    "CreateVisible",
    "PenaltyRevealed",
    "UseLineOfSight",
    "TownAlert",
    "NoPortraitTalk",
    "ArmorDisabledWhileConstructing"
  ],
  "PushPriority": 10,
  "LeaderAlias": "Elsecaro_Colonist_Hut",
  "HotkeyAlias": "Elsecaro_Colonist_Hut",
  "SelectAlias": "Elsecaro_Colonist_Hut",
  "SubgroupAlias": "Elsecaro_Colonist_Hut",
  "OccludeHeight": 0.75,
  "TacticalAI": "Elsecaro_Colonist_Hut",
  "AIEvaluateAlias": "Elsecaro_Colonist_Hut",
  "ReviveType": "Elsecaro_Colonist_Hut",
  "PawnItemReduction": 1,
  "Fidget": {
    "DelayMax": 30,
    "DelayMin": 10,
    "DistanceMax": 4,
    "DistanceMin": 1,
    "TurnAngle": 90,
    "TurningRate": 90,
    "ChanceArray": {
      "Idle": 100
    }
  },
  "ReviveInfoBase": {
    "Charge": {
      "Link": "Elsecaro_Colonist_Hut/Revive",
      "Location": "Unit"
    },
    "Cooldown": {
      "Link": "Elsecaro_Colonist_Hut/Revive",
      "Location": "Unit"
    }
  },
  "InnerRadiusSafetyMultiplier": 1,
  "ArmorType": "Unknown",
  "LifeArmor": 1,
  "Footprint": "Footprint3x3",
  "PlacementFootprint": "Footprint2x2",
  "Attributes": [
    "Armored",
    "Mechanical",
    "Structure"
  ],
  "PlaneArray": [
    "Ground"
  ],
  "Collide": [
    "Burrow",
    "Ground",
    "Structure",
    "Small"
  ],
  "Sight": 10,
  "FogVisibility": "Snapshot",
  "RepairTime": 50,
  "CostResource": {
    "Minerals": 100
  },
  "CardLayouts": [
    {
      "LayoutButtons": [
        {
          "Face": "HutLoad",
          "Type": "AbilCmd",
          "AbilCmd": "HutTransport,Load",
          "Row": 2,
          "Column": 0
        },
        {
          "Face": "HutUnloadAll",
          "Type": "AbilCmd",
          "AbilCmd": "HutTransport,UnloadAll",
          "Row": 2,
          "Column": 1
        },
        {
          "Face": "Rally",
          "Type": "AbilCmd",
          "AbilCmd": "Rally,Rally1",
          "Row": 2,
          "Column": 4
        }
      ]
    }
  ],
  "SubgroupPriority": 21,
  "Icon": "btn-missing-kaeo",
  "LifeArmorIcon": "btn-upgrade-terran-buildingarmor",
  "ShieldArmorIcon": "btn-upgrade-protoss-shieldslevel0",
  "Id": "Elsecaro_Colonist_Hut",
  "Upgrades": [],
  "Abilities": [
    {
      "Link": "HutTransport"
    },
    {
      "Link": "Rally",
      "Id": "Rally",
      "Name": "Rally"
    }
  ],
  "Requirements": [],
  "Production": [],
  "Producers": [],
  "Commands": [
    {
      "AbilCmd": "HutTransport,Load"
    },
    {
      "AbilCmd": "HutTransport,UnloadAll"
    },
    {
      "Id": "Rally",
      "Icon": "btn-ability-terran-setrallypoint",
      "Tooltip": "Sends constructed units to the designated point. Workers rallied to resources will begin gathering automatically.",
      "Name": "Set Rally Point",
      "AbilCmd": "Rally,Rally1"
    }
  ]
}