{
  "Name": "Elytron",
  "Description": "Combat escorts that automatically attack their Myriad's target.<br/><br/><c val=\"#ColorAttackInfo\">Can attack ground units.</span>",
  "DeathRevealFilters": "Visible;Player,Ally,Neutral,Missile,Dead,Hidden",
  "DeathRevealRadius": 3,
  "DeathRevealDuration": 4,
  "DeathRevealType": "Snapshot",
  "Race": "Keir",
  "DefaultAcquireLevel": "Offensive",
  "Response": "Acquire",
  "ResourceState": "Unknown",
  "ResourceType": "Unknown",
  "LifeStart": 40,
  "LifeMax": 40,
  "LifeArmorName": "Keiron Mechanical Armor",
  "Mover": "Elytron",
  "StationaryTurningRate": 1080,
  "TurningRate": 1080,
  "Radius": 0.375,
  "SeparationRadius": 0.4,
  "MinimapRadius": 0.375,
  "EditorCategories": {
    "ObjectType": "Unit",
    "ObjectFamily": "Melee"
  },
  "TacticalAIFilters": "-;Player,Ally,Neutral",
  "AIEvalFactor": 1,
  "Mass": 0.4,
  "FlagArray": [
    "Turnable",
    "Movable",
    "Unclickable",
    "Unhighlightable",
    "Untooltipable",
    "KillCredit",
    "ShowResources",
    "ClearRallyOnTargetLost",
    "PlayerRevivable",
    "CameraFollow",
    "PreventDestroy",
    "UseLineOfSight",
    "Uncommandable"
  ],
  "EditorFlags": [
    "BlockStructures"
  ],
  "PushPriority": 20,
  "LeaderAlias": "Elytron",
  "HotkeyAlias": "Elytron",
  "SelectAlias": "Elytron",
  "SubgroupAlias": "Elytron",
  "OccludeHeight": 0.75,
  "TacticalAI": "Elytron",
  "AIEvaluateAlias": "Elytron",
  "ReviveType": "Elytron",
  "PawnItemReduction": 1,
  "Fidget": {
    "DelayMax": 30,
    "DelayMin": 10,
    "DistanceMax": 4,
    "DistanceMin": 1,
    "TurnAngle": 90,
    "TurningRate": 90,
    "ChanceArray": {
      "Idle": 100
    }
  },
  "ReviveInfoBase": {
    "Charge": {
      "Link": "Elytron/Revive",
      "Location": "Unit"
    },
    "Cooldown": {
      "Link": "Elytron/Revive",
      "Location": "Unit"
    }
  },
  "InnerRadiusSafetyMultiplier": 1,
  "ArmorType": "Unknown",
  "PlaneArray": [
    "Ground"
  ],
  "Collide": [
    "Structure"
  ],
  "LifeRegenRate": 0.1718,
  "ShieldRegenDelay": 4,
  "ShieldRegenRate": 1.25,
  "Acceleration": 6,
  "Sight": 9,
  "CostCategory": "Army",
  "AttackTargetPriority": 20,
  "CardLayouts": [
    {
      "LayoutButtons": [
        {
          "Face": "Move",
          "Type": "AbilCmd",
          "AbilCmd": "move,Move",
          "Row": 0,
          "Column": 0
        },
        {
          "Face": "Stop",
          "Type": "AbilCmd",
          "AbilCmd": "stop,Stop",
          "Row": 0,
          "Column": 1
        },
        {
          "Face": "MoveHoldPosition",
          "Type": "AbilCmd",
          "AbilCmd": "move,HoldPos",
          "Row": 0,
          "Column": 2
        },
        {
          "Face": "MovePatrol",
          "Type": "AbilCmd",
          "AbilCmd": "move,Patrol",
          "Row": 0,
          "Column": 3
        },
        {
          "Face": "Attack",
          "Type": "AbilCmd",
          "AbilCmd": "ElytronAttack,Execute",
          "Row": 0,
          "Column": 4
        }
      ]
    }
  ],
  "ScoreMakeCostFactor": {
    "Minerals": 1,
    "Vespene": 1
  },
  "ScoreKillCostFactor": {
    "Minerals": 1,
    "Vespene": 1
  },
  "ScoreResult": "BuildOrder",
  "GlossaryCategory": "Unit/Category/KeironUnits",
  "GlossaryAlias": "Elytron",
  "HotkeyCategory": "Unit/Category/KeironUnits",
  "ShieldArmorName": "Keiron Dispersion Shields",
  "ShieldsStart": 70,
  "ShieldsMax": 70,
  "Speed": 2.75,
  "Height": 1,
  "CostResource": {
    "Minerals": 25,
    "Vespene": 25
  },
  "GlossaryPriority": 24,
  "Attributes": [
    "Light",
    "Mechanical"
  ],
  "SubgroupPriority": 4,
  "Icon": "btn-unit-keiron-elytron",
  "LifeArmorIcon": "btn-upgrade-keiron-mechanicalarmorlevel0",
  "ShieldArmorIcon": "btn-upgrade-keiron-shields-level0",
  "Id": "Elytron",
  "Weapons": [
    {
      "Link": "TitanBlast",
      "Id": "TitanBlast",
      "Icon": "btn-upgrade-keiron-mechanicalweaponslevel0",
      "Name": "Titan Blast",
      "Amount": 15,
      "AttributeBonus": {
        "Light": 7
      },
      "Kind": "Ranged",
      "TargetFilters": "Ground",
      "Range": 3,
      "Period": 1.68
    }
  ],
  "Upgrades": [
    {
      "Link": "KeironMechArmor",
      "Id": "KeironMechArmor",
      "Name": "Keiron Mech Armor"
    },
    {
      "Link": "KeironMechWeapons",
      "Id": "KeironMechWeapons",
      "Name": "Keiron Mech Weapons"
    },
    {
      "Link": "KeironShields",
      "Id": "KeironShields",
      "Name": "Keiron Shields"
    },
    {
      "Link": "KeironMechArmorLevel1",
      "Id": "KeironMechArmorLevel1",
      "Icon": "btn-upgrade-keiron-mechanicalarmorlevel1",
      "Name": "Keiron Mechanical Armor Level 1"
    },
    {
      "Link": "KeironMechArmorLevel2",
      "Id": "KeironMechArmorLevel2",
      "Icon": "btn-upgrade-keiron-mechanicalarmorlevel2",
      "Name": "Keiron Mechanical Armor Level 2"
    },
    {
      "Link": "KeironMechArmorLevel3",
      "Id": "KeironMechArmorLevel3",
      "Icon": "btn-upgrade-keiron-mechanicalarmorlevel3",
      "Name": "Keiron Mechanical Armor Level 3"
    },
    {
      "Link": "KeironMechWeaponsLevel1",
      "Id": "KeironMechWeaponsLevel1",
      "Icon": "btn-upgrade-keiron-mechanicalweaponslevel1",
      "Name": "Keiron Mechanical Weapons Level 1"
    },
    {
      "Link": "KeironMechWeaponsLevel2",
      "Id": "KeironMechWeaponsLevel2",
      "Icon": "btn-upgrade-keiron-mechanicalweaponslevel2",
      "Name": "Keiron Mechanical Weapons Level 2"
    },
    {
      "Link": "KeironMechWeaponsLevel3",
      "Id": "KeironMechWeaponsLevel3",
      "Icon": "btn-upgrade-keiron-mechanicalweaponslevel3",
      "Name": "Keiron Mechanical Weapons Level 3"
    },
    {
      "Link": "KeironShieldsLevel1",
      "Id": "KeironShieldsLevel1",
      "Icon": "btn-upgrade-keiron-shields-level1",
      "Name": "Keiron Shields Level 1"
    },
    {
      "Link": "KeironShieldsLevel2",
      "Id": "KeironShieldsLevel2",
      "Icon": "btn-upgrade-keiron-shields-level2",
      "Name": "Keiron Shields Level 2"
    },
    {
      "Link": "KeironShieldsLevel3",
      "Id": "KeironShieldsLevel3",
      "Icon": "btn-upgrade-keiron-shields-level3",
      "Name": "Keiron Shields Level 3"
    },
    {
      "Link": "AnisopteraWings",
      "Id": "AnisopteraWings",
      "Icon": "btn-upgrade-keiron-anisopterawings",
      "Name": "Anisoptera Wings"
    }
  ],
  "Abilities": [
    {
      "Link": "move",
      "Id": "move",
      "Name": "Move"
    },
    {
      "Link": "stop",
      "Id": "stop",
      "Name": "Stop"
    },
    {
      "Link": "ElytronAttack",
      "Id": "ElytronAttack",
      "Name": "Elytron Attack"
    }
  ],
  "Requirements": [],
  "Production": [],
  "Producers": [
    {
      "Id": "Myriad",
      "Icon": "btn-unit-keiron-myriad",
      "Description": "Siege unit. Can produce and attack with Elytra.<br/><br/><span style=\"color: #FFFF80\">Can attack ground units.</span>",
      "Name": "Myriad"
    }
  ],
  "Commands": [
    {
      "Id": "Move",
      "Icon": "btn-command-move",
      "Tooltip": "Orders selected units to move to the target area or follow the target unit. Moving units will not engage enemies.",
      "Name": "Move",
      "AbilCmd": "move,Move"
    },
    {
      "Id": "Stop",
      "Icon": "btn-command-stop",
      "Tooltip": "Orders selected units to cancel all orders and stop moving.",
      "Name": "Stop",
      "AbilCmd": "stop,Stop"
    },
    {
      "Id": "MoveHoldPosition",
      "Icon": "btn-command-holdposition",
      "Tooltip": "Orders selected units to stay where they are and attack enemies that are within range. Units will neither chase down enemies nor move to engage.",
      "Name": "Hold Position",
      "AbilCmd": "move,HoldPos"
    },
    {
      "Id": "MovePatrol",
      "Icon": "btn-command-patrol",
      "Tooltip": "Orders selected units to patrol between their current position and the target area. Units will attack enemies and move to engage nearby enemies.",
      "Name": "Patrol",
      "AbilCmd": "move,Patrol"
    },
    {
      "Id": "Attack",
      "Icon": "btn-command-attack",
      "Tooltip": "Orders selected units to move to the target point, fighting nearby enemies along the way. Targeting a unit with the Attack command orders that it be attacked until it is destroyed.",
      "Name": "Attack",
      "AbilCmd": "ElytronAttack,Execute"
    }
  ]
}