{
  "Name": "Engineering Bay",
  "Description": "Contains upgrades for Terran infantry and structures. <br/><br/><span style=\"color: #ffff8a\">Enables:</span><br/>- Missile Turrets from SCVs<br/>- Sensor Towers from SCVs<br/>- Planetary Fortresses from Command Centers",
  "DeathRevealFilters": "Visible;Player,Ally,Neutral,Missile,Dead,Hidden",
  "DeathRevealRadius": 3,
  "DeathRevealDuration": 4,
  "DeathRevealType": "Snapshot",
  "Race": "Terr",
  "DefaultAcquireLevel": "Offensive",
  "Response": "Acquire",
  "ResourceState": "Unknown",
  "ResourceType": "Unknown",
  "LifeStart": 850,
  "LifeMax": 850,
  "LifeArmorName": "Terran Building Plating",
  "Mover": "Ground",
  "StationaryTurningRate": 719.4726,
  "TurningRate": 719.4726,
  "Radius": 1.25,
  "SeparationRadius": 1.25,
  "MinimapRadius": 1.75,
  "EditorCategories": {
    "ObjectType": "Structure",
    "ObjectFamily": "Melee"
  },
  "TacticalAIFilters": "-;Player,Ally,Neutral",
  "AIEvalFactor": 1,
  "Mass": 0.4,
  "FlagArray": [
    "Movable",
    "Unclickable",
    "Unhighlightable",
    "Untooltipable",
    "KillCredit",
    "ShowResources",
    "ClearRallyOnTargetLost",
    "PlayerRevivable",
    "CameraFollow",
    "PreventDefeat",
    "PreventDestroy",
    "PenaltyRevealed",
    "UseLineOfSight",
    "TownAlert",
    "NoPortraitTalk",
    "ArmorDisabledWhileConstructing"
  ],
  "EditorFlags": [
    "BlockStructures"
  ],
  "PushPriority": 10,
  "LeaderAlias": "EngineeringBay",
  "HotkeyAlias": "EngineeringBay",
  "SelectAlias": "EngineeringBay",
  "SubgroupAlias": "EngineeringBay",
  "OccludeHeight": 0.75,
  "TacticalAI": "EngineeringBay",
  "AIEvaluateAlias": "EngineeringBay",
  "ReviveType": "EngineeringBay",
  "PawnItemReduction": 1,
  "Fidget": {
    "DelayMax": 30,
    "DelayMin": 10,
    "DistanceMax": 4,
    "DistanceMin": 1,
    "TurnAngle": 90,
    "TurningRate": 90,
    "ChanceArray": {
      "Idle": 100
    }
  },
  "ReviveInfoBase": {
    "Charge": {
      "Link": "EngineeringBay/Revive",
      "Location": "Unit"
    },
    "Cooldown": {
      "Link": "EngineeringBay/Revive",
      "Location": "Unit"
    }
  },
  "InnerRadiusSafetyMultiplier": 1,
  "ArmorType": "Unknown",
  "Facing": 315,
  "Mob": "Multiplayer",
  "FogVisibility": "Snapshot",
  "LifeArmor": 1,
  "CostCategory": "Technology",
  "CostResource": {
    "Minerals": 125
  },
  "RepairTime": 35,
  "AttackTargetPriority": 11,
  "Footprint": "Footprint3x3Contour",
  "PlacementFootprint": "Footprint3x3",
  "ScoreMake": 125,
  "ScoreKill": 125,
  "ScoreResult": "BuildOrder",
  "SubgroupPriority": 18,
  "Attributes": [
    "Armored",
    "Mechanical",
    "Structure"
  ],
  "PlaneArray": [
    "Ground"
  ],
  "Collide": [
    "Burrow",
    "Ground",
    "Structure",
    "RoachBurrow",
    "ForceField",
    "Small",
    "Locust",
    "Phased"
  ],
  "Sight": 9,
  "CardLayouts": [
    {
      "LayoutButtons": [
        {
          "Face": "TerranInfantryWeaponsLevel1",
          "Type": "AbilCmd",
          "AbilCmd": "EngineeringBayResearch,Research3",
          "Row": 0,
          "Column": 0
        },
        {
          "Face": "TerranInfantryWeaponsLevel2",
          "Type": "AbilCmd",
          "AbilCmd": "EngineeringBayResearch,Research4",
          "Row": 0,
          "Column": 0
        },
        {
          "Face": "TerranInfantryWeaponsLevel3",
          "Type": "AbilCmd",
          "AbilCmd": "EngineeringBayResearch,Research5",
          "Row": 0,
          "Column": 0
        },
        {
          "Face": "Cancel",
          "Type": "AbilCmd",
          "AbilCmd": "que5,CancelLast",
          "Row": 2,
          "Column": 4
        },
        {
          "Face": "CancelBuilding",
          "Type": "AbilCmd",
          "AbilCmd": "BuildInProgress,Cancel",
          "Row": 2,
          "Column": 4
        },
        {
          "Face": "Halt",
          "Type": "AbilCmd",
          "AbilCmd": "BuildInProgress,Halt",
          "Row": 2,
          "Column": 3
        },
        {
          "Face": "UpgradeBuildingArmorLevel1",
          "Type": "AbilCmd",
          "AbilCmd": "EngineeringBayResearch,Research2",
          "Row": 1,
          "Column": 1
        },
        {
          "Face": "ResearchHiSecAutoTracking",
          "Type": "AbilCmd",
          "AbilCmd": "EngineeringBayResearch,Research1",
          "Row": 1,
          "Column": 0
        },
        {
          "Face": "TerranInfantryArmorLevel1",
          "Type": "AbilCmd",
          "AbilCmd": "EngineeringBayResearch,Research7",
          "Row": 0,
          "Column": 1
        },
        {
          "Face": "TerranInfantryArmorLevel2",
          "Type": "AbilCmd",
          "AbilCmd": "EngineeringBayResearch,Research8",
          "Row": 0,
          "Column": 1
        },
        {
          "Face": "TerranInfantryArmorLevel3",
          "Type": "AbilCmd",
          "AbilCmd": "EngineeringBayResearch,Research9",
          "Row": 0,
          "Column": 1
        },
        {
          "Face": "SelectBuilder",
          "Type": "SelectBuilder",
          "AbilCmd": "",
          "Row": 1,
          "Column": 3
        }
      ]
    }
  ],
  "GlossaryPriority": 256,
  "HotkeyCategory": "Unit/Category/TerranUnits",
  "Icon": "btn-building-terran-engineeringbay",
  "LifeArmorIcon": "btn-upgrade-terran-buildingarmor",
  "ShieldArmorIcon": "btn-upgrade-protoss-shieldslevel0",
  "Id": "EngineeringBay",
  "Behaviors": [
    {
      "Link": "TerranBuildingBurnDown",
      "Id": "TerranBuildingBurnDown"
    }
  ],
  "Upgrades": [
    {
      "Link": "TerranBuildingArmor",
      "Id": "TerranBuildingArmor",
      "Icon": "btn-upgrade-terran-buildingarmor",
      "Name": "Neosteel Armor"
    }
  ],
  "Abilities": [
    {
      "Link": "BuildInProgress",
      "Id": "BuildInProgress",
      "Name": "Build in Progress"
    },
    {
      "Link": "que5",
      "Id": "que5",
      "Name": "Queue (5)"
    },
    {
      "Link": "EngineeringBayResearch",
      "Id": "EngineeringBayResearch",
      "Name": "Research (Engineering Bay)"
    }
  ],
  "Requirements": [],
  "Production": [
    {
      "Id": "TerranInfantryWeaponsLevel1",
      "Icon": "btn-upgrade-terran-infantryweaponslevel1",
      "Name": "Terran Infantry Weapons Level 1"
    },
    {
      "Id": "TerranInfantryWeaponsLevel2",
      "Icon": "btn-upgrade-terran-infantryweaponslevel2",
      "Name": "Terran Infantry Weapons Level 2"
    },
    {
      "Id": "TerranInfantryWeaponsLevel3",
      "Icon": "btn-upgrade-terran-infantryweaponslevel3",
      "Name": "Terran Infantry Weapons Level 3"
    },
    {
      "Id": "TerranBuildingArmor",
      "Icon": "btn-upgrade-terran-buildingarmor",
      "Name": "Neosteel Armor"
    },
    {
      "Id": "HiSecAutoTracking",
      "Icon": "btn-upgrade-terran-hisecautotracking",
      "Name": "Hi-Sec Auto Tracking"
    },
    {
      "Id": "TerranInfantryArmorsLevel1",
      "Icon": "btn-upgrade-terran-infantryarmorlevel1",
      "Name": "Terran Infantry Armor Level 1"
    },
    {
      "Id": "TerranInfantryArmorsLevel2",
      "Icon": "btn-upgrade-terran-infantryarmorlevel2",
      "Name": "Terran Infantry Armor Level 2"
    },
    {
      "Id": "TerranInfantryArmorsLevel3",
      "Icon": "btn-upgrade-terran-infantryarmorlevel3",
      "Name": "Terran Infantry Armor Level 3"
    }
  ],
  "Producers": [
    {
      "Id": "SCV",
      "Icon": "btn-unit-terran-scv",
      "Description": "Basic worker unit. Can gather resources, build Terran structures, and repair.<br/><br/><c val=\"#ColorAttackInfo\">Can attack ground units.</span>",
      "Name": "SCV"
    }
  ],
  "Commands": [
    {
      "Id": "TerranInfantryWeaponsLevel1",
      "Icon": "btn-upgrade-terran-infantryweaponslevel1",
      "Tooltip": "Upgrades the damage dealt by infantry units.",
      "Name": "Upgrade Infantry Weapons Level 1",
      "AbilCmd": "EngineeringBayResearch,Research3"
    },
    {
      "Id": "TerranInfantryWeaponsLevel2",
      "Icon": "btn-upgrade-terran-infantryweaponslevel2",
      "Tooltip": "Further upgrades the damage dealt by infantry units.",
      "Name": "Upgrade Infantry Weapons Level 2",
      "AbilCmd": "EngineeringBayResearch,Research4"
    },
    {
      "Id": "TerranInfantryWeaponsLevel3",
      "Icon": "btn-upgrade-terran-infantryweaponslevel3",
      "Tooltip": "Maximizes the damage dealt by infantry units.",
      "Name": "Upgrade Infantry Weapons Level 3",
      "AbilCmd": "EngineeringBayResearch,Research5"
    },
    {
      "Id": "Cancel",
      "Icon": "btn-command-cancel",
      "Tooltip": "Drops the current order without performing it, and allows you to select a different order.",
      "Name": "Cancel",
      "AbilCmd": "que5,CancelLast"
    },
    {
      "Id": "CancelBuilding",
      "Icon": "btn-command-cancel",
      "Tooltip": "Cancels construction of this structure, destroying the structure and giving a partial refund.",
      "Name": "Cancel",
      "AbilCmd": "BuildInProgress,Cancel"
    },
    {
      "Id": "Halt",
      "Icon": "btn-command-stop",
      "Tooltip": "Halts construction of this structure. The partial construction will remain.",
      "Name": "Halt",
      "AbilCmd": "BuildInProgress,Halt"
    },
    {
      "Id": "UpgradeBuildingArmorLevel1",
      "Icon": "btn-upgrade-terran-buildingarmor",
      "Tooltip": "Upgrades the armor of <span style=\"color: #ffff8a\">structures</span> by 2. Increases the cargo space of <span style=\"color: #ffff8a\">Bunkers</span> by 2. Also provides extra cargo space for <span style=\"color: #ffff8a\">Command Centers</span> and <span style=\"color: #ffff8a\">Planetary Fortresses</span>.",
      "Name": "Upgrade Neosteel Armor",
      "AbilCmd": "EngineeringBayResearch,Research2"
    },
    {
      "Id": "ResearchHiSecAutoTracking",
      "Icon": "btn-upgrade-terran-hisecautotracking",
      "Tooltip": "Adds +1 range to <span style=\"color: #ffff8a\">Missile Turrets</span>, <span style=\"color: #ffff8a\">Auto-Turrets</span>, and <span style=\"color: #ffff8a\">Planetary Fortresses</span>.",
      "Name": "Research Hi-Sec Auto Tracking",
      "AbilCmd": "EngineeringBayResearch,Research1"
    },
    {
      "Id": "TerranInfantryArmorLevel1",
      "Icon": "btn-upgrade-terran-infantryarmorlevel1",
      "Tooltip": "Upgrades the armor of infantry units.",
      "Name": "Upgrade Infantry Armor Level 1",
      "AbilCmd": "EngineeringBayResearch,Research7"
    },
    {
      "Id": "TerranInfantryArmorLevel2",
      "Icon": "btn-upgrade-terran-infantryarmorlevel2",
      "Tooltip": "Further upgrades the armor of infantry units.",
      "Name": "Upgrade Infantry Armor Level 2",
      "AbilCmd": "EngineeringBayResearch,Research8"
    },
    {
      "Id": "TerranInfantryArmorLevel3",
      "Icon": "btn-upgrade-terran-infantryarmorlevel3",
      "Tooltip": "Maximizes the armor of infantry units.",
      "Name": "Upgrade Infantry Armor Level 3",
      "AbilCmd": "EngineeringBayResearch,Research9"
    }
  ]
}