{
  "Name": "Equalizer",
  "Description": "Anti-armor craft.<br/><br/><span style=\"color: #FFFF80\">Can attack ground units.</span>",
  "DeathRevealFilters": "Visible;Player,Ally,Neutral,Missile,Dead,Hidden",
  "DeathRevealRadius": 3,
  "DeathRevealDuration": 4,
  "DeathRevealType": "Snapshot",
  "Race": "Gen",
  "DefaultAcquireLevel": "Offensive",
  "Response": "Acquire",
  "ResourceState": "Unknown",
  "ResourceType": "Unknown",
  "LifeStart": 120,
  "LifeMax": 120,
  "LifeArmorName": "Ground Mechanical Plating",
  "Mover": "Ground",
  "StationaryTurningRate": 990,
  "TurningRate": 990,
  "Radius": 0.625,
  "SeparationRadius": 0.5,
  "MinimapRadius": 0.625,
  "EditorCategories": {
    "ObjectType": "Unit",
    "ObjectFamily": "Melee"
  },
  "TacticalAIFilters": "-;Player,Ally,Neutral",
  "AIEvalFactor": 1,
  "Mass": 0.4,
  "FlagArray": [
    "Turnable",
    "Movable",
    "Unclickable",
    "Unhighlightable",
    "Untooltipable",
    "KillCredit",
    "ShowResources",
    "ClearRallyOnTargetLost",
    "PlayerRevivable",
    "CameraFollow",
    "PreventDestroy",
    "UseLineOfSight",
    "ArmySelect"
  ],
  "EditorFlags": [
    "BlockStructures"
  ],
  "PushPriority": 10,
  "LeaderAlias": "Equalizer",
  "HotkeyAlias": "Equalizer",
  "SelectAlias": "Equalizer",
  "SubgroupAlias": "Equalizer",
  "OccludeHeight": 0.75,
  "TacticalAI": "Equalizer",
  "AIEvaluateAlias": "Equalizer",
  "ReviveType": "Equalizer",
  "PawnItemReduction": 1,
  "Fidget": {
    "DelayMax": 30,
    "DelayMin": 10,
    "DistanceMax": 4,
    "DistanceMin": 1,
    "TurnAngle": 90,
    "TurningRate": 90,
    "ChanceArray": {
      "Idle": 100
    }
  },
  "ReviveInfoBase": {
    "Charge": {
      "Link": "Equalizer/Revive",
      "Location": "Unit"
    },
    "Cooldown": {
      "Link": "Equalizer/Revive",
      "Location": "Unit"
    }
  },
  "InnerRadiusSafetyMultiplier": 1,
  "ArmorType": "Unknown",
  "Collide": [
    "Ground",
    "ForceField"
  ],
  "Attributes": [
    "Mechanical",
    "Light"
  ],
  "LifeArmor": 0,
  "ScoreResult": "BuildOrder",
  "GlossaryAlias": "Equalizer",
  "PlaneArray": [
    "Ground"
  ],
  "Sight": 9,
  "AttackTargetPriority": 20,
  "GlossaryCategory": "Unit/Category/GenetronUnits",
  "HotkeyCategory": "Unit/Category/GenetronUnits",
  "ScoreMakeCostFactor": {
    "Minerals": 1,
    "Vespene": 1
  },
  "ScoreKillCostFactor": {
    "Minerals": 1,
    "Vespene": 1
  },
  "Speed": 3.375,
  "Acceleration": 1000,
  "CostCategory": "Army",
  "CardLayouts": [
    {
      "LayoutButtons": [
        {
          "Face": "MovePatrol",
          "Type": "AbilCmd",
          "AbilCmd": "move,Patrol",
          "Row": 0,
          "Column": 3
        },
        {
          "Face": "MoveHoldPosition",
          "Type": "AbilCmd",
          "AbilCmd": "move,HoldPos",
          "Row": 0,
          "Column": 2
        },
        {
          "Face": "Attack",
          "Type": "AbilCmd",
          "AbilCmd": "attack,Execute",
          "Row": 0,
          "Column": 4
        },
        {
          "Face": "Stop",
          "Type": "AbilCmd",
          "AbilCmd": "stop,Stop",
          "Row": 0,
          "Column": 1
        },
        {
          "Face": "Move",
          "Type": "AbilCmd",
          "AbilCmd": "move,Move",
          "Row": 0,
          "Column": 0
        }
      ]
    }
  ],
  "CargoSize": 2,
  "Food": -2,
  "CostResource": {
    "Minerals": 100,
    "Vespene": 75
  },
  "RepairTime": 44.8,
  "InnerRadius": 0.5,
  "SubgroupPriority": 31,
  "GlossaryPriority": 5,
  "GlossaryStrongArray": [
    "Blitzer",
    "Stalker",
    "Marauder",
    "Roach"
  ],
  "GlossaryWeakArray": [
    "Spitfire",
    "Zealot",
    "Marine",
    "Zergling"
  ],
  "Icon": "btn-unit-genetron-equalizer-v2",
  "LifeArmorIcon": "btn-upgrade-genetron-groundmechplating-level0",
  "ShieldArmorIcon": "btn-upgrade-protoss-shieldslevel0",
  "Id": "Equalizer",
  "Weapons": [
    {
      "Link": "StratumMissilePod",
      "Id": "StratumMissilePod",
      "Icon": "btn-upgrade-genetron-lightmechweapons-level0",
      "Name": "Stratum Missile Pod",
      "Amount": 30,
      "AttributeBonus": {
        "Armored": 30
      },
      "Kind": "Ranged",
      "TargetFilters": "Ground",
      "Range": 6,
      "Period": 2.8
    }
  ],
  "Upgrades": [
    {
      "Link": "GenetronGroundPlating",
      "Id": "GenetronGroundPlating",
      "Name": "Genetron Ground Plating"
    },
    {
      "Link": "GenetronLightWeapons",
      "Id": "GenetronLightWeapons",
      "Name": "Genetron Light Weapons"
    },
    {
      "Link": "GenetronGroundPlatingLevel1",
      "Id": "GenetronGroundPlatingLevel1",
      "Icon": "btn-upgrade-genetron-groundmechplating-level1",
      "Name": "Genetron Ground Plating Level 1"
    },
    {
      "Link": "GenetronGroundPlatingLevel2",
      "Id": "GenetronGroundPlatingLevel2",
      "Icon": "btn-upgrade-genetron-groundmechplating-level2",
      "Name": "Genetron Ground Plating Level 2"
    },
    {
      "Link": "GenetronGroundPlatingLevel3",
      "Id": "GenetronGroundPlatingLevel3",
      "Icon": "btn-upgrade-genetron-groundmechplating-level3",
      "Name": "Genetron Ground Plating Level 3"
    },
    {
      "Link": "GenetronLightWeaponsLevel1",
      "Id": "GenetronLightWeaponsLevel1",
      "Icon": "btn-upgrade-genetron-lightmechweapons-level1",
      "Name": "Genetron Light Weapons Level 1"
    },
    {
      "Link": "GenetronLightWeaponsLevel2",
      "Id": "GenetronLightWeaponsLevel2",
      "Icon": "btn-upgrade-genetron-lightmechweapons-level2",
      "Name": "Genetron Light Weapons Level 2"
    },
    {
      "Link": "GenetronLightWeaponsLevel3",
      "Id": "GenetronLightWeaponsLevel3",
      "Icon": "btn-upgrade-genetron-lightmechweapons-level3",
      "Name": "Genetron Light Weapons Level 3"
    },
    {
      "Link": "ReinforcedPlating",
      "Id": "ReinforcedPlating",
      "Icon": "btn-upgrade-genetron-reinforcedplating",
      "Name": "Reinforced Plating"
    }
  ],
  "Abilities": [
    {
      "Link": "attack",
      "Id": "attack",
      "Name": "Attack"
    },
    {
      "Link": "move",
      "Id": "move",
      "Name": "Move"
    },
    {
      "Link": "stop",
      "Id": "stop",
      "Name": "Stop"
    }
  ],
  "Requirements": [],
  "Production": [],
  "Producers": [
    {
      "Id": "Manufacturer",
      "Icon": "btn-building-genetron-manufacturer",
      "Description": "Produces light-weight machines.<br/><br/><span style=\"color: #FFFF80\">Enables:</span><br/>- Spitfires",
      "Name": "Manufacturer"
    }
  ],
  "Commands": [
    {
      "Id": "MovePatrol",
      "Icon": "btn-command-patrol",
      "Tooltip": "Orders selected units to patrol between their current position and the target area. Units will attack enemies and move to engage nearby enemies.",
      "Name": "Patrol",
      "AbilCmd": "move,Patrol"
    },
    {
      "Id": "MoveHoldPosition",
      "Icon": "btn-command-holdposition",
      "Tooltip": "Orders selected units to stay where they are and attack enemies that are within range. Units will neither chase down enemies nor move to engage.",
      "Name": "Hold Position",
      "AbilCmd": "move,HoldPos"
    },
    {
      "Id": "Attack",
      "Icon": "btn-command-attack",
      "Tooltip": "Orders selected units to move to the target point, fighting nearby enemies along the way. Targeting a unit with the Attack command orders that it be attacked until it is destroyed.",
      "Name": "Attack",
      "AbilCmd": "attack,Execute"
    },
    {
      "Id": "Stop",
      "Icon": "btn-command-stop",
      "Tooltip": "Orders selected units to cancel all orders and stop moving.",
      "Name": "Stop",
      "AbilCmd": "stop,Stop"
    },
    {
      "Id": "Move",
      "Icon": "btn-command-move",
      "Tooltip": "Orders selected units to move to the target area or follow the target unit. Moving units will not engage enemies.",
      "Name": "Move",
      "AbilCmd": "move,Move"
    }
  ]
}