{
  "Name": "Eroder",
  "Description": "Long ranged anti-armor beast.<br/><br/><span style=\"color: #FFFF80\">Can target ground units.</span>",
  "DeathRevealFilters": "Visible;Player,Ally,Neutral,Missile,Dead,Hidden",
  "DeathRevealRadius": 3,
  "DeathRevealDuration": 4,
  "DeathRevealType": "Snapshot",
  "Race": "Xayi",
  "DefaultAcquireLevel": "Offensive",
  "Response": "Acquire",
  "ResourceState": "Unknown",
  "ResourceType": "Unknown",
  "LifeStart": 200,
  "LifeMax": 200,
  "LifeArmorName": "Xayid Ground Carapace",
  "Mover": "Ground",
  "StationaryTurningRate": 630,
  "TurningRate": 630,
  "Radius": 0.625,
  "SeparationRadius": 0.5,
  "MinimapRadius": 0.625,
  "EditorCategories": {
    "ObjectType": "Unit",
    "ObjectFamily": "Melee"
  },
  "TacticalAIFilters": "-;Player,Ally,Neutral",
  "AIEvalFactor": 1,
  "Mass": 0.4,
  "FlagArray": [
    "Turnable",
    "Movable",
    "Unclickable",
    "Unhighlightable",
    "Untooltipable",
    "KillCredit",
    "ShowResources",
    "ClearRallyOnTargetLost",
    "PlayerRevivable",
    "CameraFollow",
    "PreventDestroy",
    "UseLineOfSight",
    "ArmySelect"
  ],
  "EditorFlags": [
    "BlockStructures"
  ],
  "PushPriority": 10,
  "LeaderAlias": "Eroder",
  "HotkeyAlias": "Eroder",
  "SelectAlias": "Eroder",
  "SubgroupAlias": "Eroder",
  "OccludeHeight": 0.75,
  "TacticalAI": "Eroder",
  "AIEvaluateAlias": "Eroder",
  "ReviveType": "Eroder",
  "PawnItemReduction": 1,
  "Fidget": {
    "DelayMax": 30,
    "DelayMin": 10,
    "DistanceMax": 4,
    "DistanceMin": 1,
    "TurnAngle": 90,
    "TurningRate": 90,
    "ChanceArray": {
      "Idle": 100
    }
  },
  "ReviveInfoBase": {
    "Charge": {
      "Link": "Eroder/Revive",
      "Location": "Unit"
    },
    "Cooldown": {
      "Link": "Eroder/Revive",
      "Location": "Unit"
    }
  },
  "InnerRadiusSafetyMultiplier": 1,
  "ArmorType": "Unknown",
  "Acceleration": 1000,
  "Attributes": [
    "Biological"
  ],
  "AttackTargetPriority": 20,
  "CardLayouts": [
    {
      "LayoutButtons": [
        {
          "Face": "Move",
          "Type": "AbilCmd",
          "AbilCmd": "move,Move",
          "Row": 0,
          "Column": 0
        },
        {
          "Face": "Stop",
          "Type": "AbilCmd",
          "AbilCmd": "stop,Stop",
          "Row": 0,
          "Column": 1
        },
        {
          "Face": "MoveHoldPosition",
          "Type": "AbilCmd",
          "AbilCmd": "move,HoldPos",
          "Row": 0,
          "Column": 2
        },
        {
          "Face": "MovePatrol",
          "Type": "AbilCmd",
          "AbilCmd": "move,Patrol",
          "Row": 0,
          "Column": 3
        },
        {
          "Face": "Attack",
          "Type": "AbilCmd",
          "AbilCmd": "attack,Execute",
          "Row": 0,
          "Column": 4
        },
        {
          "Face": "EnervatingSpores",
          "Type": "Passive",
          "Row": 2,
          "Column": 0
        }
      ]
    }
  ],
  "PlaneArray": [
    "Ground"
  ],
  "Collide": [
    "Ground",
    "ForceField"
  ],
  "LifeRegenDelay": 3,
  "LifeRegenRate": 0.5,
  "Sight": 9,
  "CostCategory": "Army",
  "ScoreResult": "BuildOrder",
  "GlossaryCategory": "Unit/Category/XayidUnits",
  "HotkeyCategory": "Unit/Category/XayidUnits",
  "ScoreKillCostFactor": {
    "Minerals": 1,
    "Vespene": 1
  },
  "ScoreMakeCostFactor": {
    "Minerals": 1,
    "Vespene": 1
  },
  "LifeArmor": 1,
  "Speed": 2.25,
  "CostResource": {
    "Minerals": 100,
    "Vespene": 100
  },
  "InnerRadius": 0.5,
  "GlossaryPriority": 7,
  "CargoSize": 2,
  "Food": -2,
  "SubgroupPriority": 69,
  "GlossaryAlias": "Eroder",
  "Icon": "btn-unit-xayid-eroder",
  "LifeArmorIcon": "btn-upgrade-xayid-organiccarapace-level0",
  "ShieldArmorIcon": "btn-upgrade-protoss-shieldslevel0",
  "Id": "Eroder",
  "Weapons": [
    {
      "Link": "EnervatorSpores",
      "Id": "EnervatorSpores",
      "Icon": "btn-upgrade-xayid-missileweaponslevel0",
      "Name": "Enervator Spores",
      "Amount": 25,
      "AttributeBonus": {
        "Light": -10
      },
      "Kind": "Ranged",
      "TargetFilters": "Ground",
      "Range": 8,
      "Period": 1.96
    }
  ],
  "Upgrades": [
    {
      "Link": "XayidGroundAttacks",
      "Id": "XayidGroundAttacks",
      "Name": "Xayid Ground Attacks"
    },
    {
      "Link": "XayidGroundCarapace",
      "Id": "XayidGroundCarapace",
      "Name": "Xayid Ground Carapace"
    },
    {
      "Link": "XayidGroundAttacksLevel1",
      "Id": "XayidGroundAttacksLevel1",
      "Icon": "btn-upgrade-zerg-hotsgroovedspines",
      "Name": "Xayid Ground Attacks Level 1"
    },
    {
      "Link": "XayidGroundAttacksLevel2",
      "Id": "XayidGroundAttacksLevel2",
      "Icon": "btn-upgrade-xayid-missileweaponslevel2",
      "Name": "Xayid Ground Attacks Level 2"
    },
    {
      "Link": "XayidGroundAttacksLevel3",
      "Id": "XayidGroundAttacksLevel3",
      "Icon": "btn-upgrade-xayid-missileweaponslevel3",
      "Name": "Xayid Ground Attacks Level 3"
    },
    {
      "Link": "XayidGroundCarapaceLevel1",
      "Id": "XayidGroundCarapaceLevel1",
      "Icon": "btn-upgrade-xayid-organiccarapace-level1",
      "Name": "Xayid Ground Carapace Level 1"
    },
    {
      "Link": "XayidGroundCarapaceLevel2",
      "Id": "XayidGroundCarapaceLevel2",
      "Icon": "btn-upgrade-xayid-organiccarapace-level2",
      "Name": "Xayid Ground Carapace Level 2"
    },
    {
      "Link": "XayidGroundCarapaceLevel3",
      "Id": "XayidGroundCarapaceLevel3",
      "Icon": "btn-upgrade-xayid-organiccarapace-level3",
      "Name": "Xayid Ground Carapace Level 3"
    }
  ],
  "Abilities": [
    {
      "Link": "move",
      "Id": "move",
      "Name": "Move"
    },
    {
      "Link": "stop",
      "Id": "stop",
      "Name": "Stop"
    },
    {
      "Link": "attack",
      "Id": "attack",
      "Name": "Attack"
    }
  ],
  "Requirements": [
    {
      "Id": "CasnoliskDen",
      "Icon": "btn-building-xayid-casnoliskden",
      "Description": "Contains upgrades for various Xayid units.<br/><br/><span style=\"color: #FFFF80\">Enables:</span><br/>- Casnolisks from the Xayid Den",
      "Name": "Casnolisk Den"
    }
  ],
  "Production": [],
  "Producers": [
    {
      "Id": "Worm",
      "Icon": "btn-unit-zerg-larvalqueen",
      "Description": "Can mutate into various Xayid ground units.",
      "Name": "Worm"
    }
  ],
  "Commands": [
    {
      "Id": "Move",
      "Icon": "btn-command-move",
      "Tooltip": "Orders selected units to move to the target area or follow the target unit. Moving units will not engage enemies.",
      "Name": "Move",
      "AbilCmd": "move,Move"
    },
    {
      "Id": "Stop",
      "Icon": "btn-command-stop",
      "Tooltip": "Orders selected units to cancel all orders and stop moving.",
      "Name": "Stop",
      "AbilCmd": "stop,Stop"
    },
    {
      "Id": "MoveHoldPosition",
      "Icon": "btn-command-holdposition",
      "Tooltip": "Orders selected units to stay where they are and attack enemies that are within range. Units will neither chase down enemies nor move to engage.",
      "Name": "Hold Position",
      "AbilCmd": "move,HoldPos"
    },
    {
      "Id": "MovePatrol",
      "Icon": "btn-command-patrol",
      "Tooltip": "Orders selected units to patrol between their current position and the target area. Units will attack enemies and move to engage nearby enemies.",
      "Name": "Patrol",
      "AbilCmd": "move,Patrol"
    },
    {
      "Id": "Attack",
      "Icon": "btn-command-attack",
      "Tooltip": "Orders selected units to move to the target point, fighting nearby enemies along the way. Targeting a unit with the Attack command orders that it be attacked until it is destroyed.",
      "Name": "Attack",
      "AbilCmd": "attack,Execute"
    }
  ]
}