{
  "Name": "Evolution Chamber",
  "Description": "Contains upgrades for Zerg ground units. ",
  "DeathRevealFilters": "Visible;Player,Ally,Neutral,Missile,Dead,Hidden",
  "DeathRevealRadius": 3,
  "DeathRevealDuration": 4,
  "DeathRevealType": "Snapshot",
  "Race": "Zerg",
  "DefaultAcquireLevel": "Offensive",
  "Response": "Acquire",
  "ResourceState": "Unknown",
  "ResourceType": "Unknown",
  "LifeStart": 750,
  "LifeMax": 750,
  "LifeArmorName": "Zerg Building Armor",
  "Mover": "Ground",
  "StationaryTurningRate": 719.4726,
  "TurningRate": 719.4726,
  "Radius": 1.5,
  "SeparationRadius": 1.5,
  "MinimapRadius": 1.5,
  "EditorCategories": {
    "ObjectType": "Structure",
    "ObjectFamily": "Melee"
  },
  "TacticalAIFilters": "-;Player,Ally,Neutral",
  "AIEvalFactor": 1,
  "Mass": 0.4,
  "FlagArray": [
    "Movable",
    "Unclickable",
    "Unhighlightable",
    "Untooltipable",
    "KillCredit",
    "ShowResources",
    "ClearRallyOnTargetLost",
    "PlayerRevivable",
    "CameraFollow",
    "PreventDefeat",
    "PreventDestroy",
    "PenaltyRevealed",
    "UseLineOfSight",
    "TownAlert",
    "NoPortraitTalk",
    "ArmorDisabledWhileConstructing"
  ],
  "EditorFlags": [
    "BlockStructures"
  ],
  "PushPriority": 10,
  "LeaderAlias": "EvolutionChamber",
  "HotkeyAlias": "EvolutionChamber",
  "SelectAlias": "EvolutionChamber",
  "SubgroupAlias": "EvolutionChamber",
  "OccludeHeight": 0.75,
  "TacticalAI": "EvolutionChamber",
  "AIEvaluateAlias": "EvolutionChamber",
  "ReviveType": "EvolutionChamber",
  "PawnItemReduction": 1,
  "Fidget": {
    "DelayMax": 30,
    "DelayMin": 10,
    "DistanceMax": 4,
    "DistanceMin": 1,
    "TurnAngle": 90,
    "TurningRate": 90,
    "ChanceArray": {
      "Idle": 100
    }
  },
  "ReviveInfoBase": {
    "Charge": {
      "Link": "EvolutionChamber/Revive",
      "Location": "Unit"
    },
    "Cooldown": {
      "Link": "EvolutionChamber/Revive",
      "Location": "Unit"
    }
  },
  "InnerRadiusSafetyMultiplier": 1,
  "ArmorType": "Unknown",
  "Facing": 329.9963,
  "Mob": "Multiplayer",
  "FogVisibility": "Snapshot",
  "LifeArmor": 1,
  "LifeRegenRate": 0.2734,
  "AttackTargetPriority": 11,
  "Footprint": "Footprint3x3CreepContour",
  "PlacementFootprint": "Footprint3x3Creep",
  "ScoreMake": 75,
  "ScoreKill": 125,
  "ScoreResult": "BuildOrder",
  "SubgroupPriority": 26,
  "Attributes": [
    "Armored",
    "Biological",
    "Structure"
  ],
  "PlaneArray": [
    "Ground"
  ],
  "Collide": [
    "Burrow",
    "Ground",
    "Structure",
    "RoachBurrow",
    "ForceField",
    "Small",
    "Locust",
    "Phased"
  ],
  "Sight": 9,
  "CardLayouts": [
    {
      "LayoutButtons": [
        {
          "Face": "Cancel",
          "Type": "AbilCmd",
          "AbilCmd": "que5,CancelLast",
          "Row": 2,
          "Column": 4
        },
        {
          "Face": "CancelBuilding",
          "Type": "AbilCmd",
          "AbilCmd": "BuildInProgress,Cancel",
          "Row": 2,
          "Column": 4
        },
        {
          "Face": "zerggroundarmor1",
          "Type": "AbilCmd",
          "AbilCmd": "evolutionchamberresearch,Research4",
          "Row": 0,
          "Column": 2
        },
        {
          "Face": "zerggroundarmor2",
          "Type": "AbilCmd",
          "AbilCmd": "evolutionchamberresearch,Research5",
          "Row": 0,
          "Column": 2
        },
        {
          "Face": "zerggroundarmor3",
          "Type": "AbilCmd",
          "AbilCmd": "evolutionchamberresearch,Research6",
          "Row": 0,
          "Column": 2
        },
        {
          "Face": "zergmeleeweapons1",
          "Type": "AbilCmd",
          "AbilCmd": "evolutionchamberresearch,Research1",
          "Row": 0,
          "Column": 0
        },
        {
          "Face": "zergmeleeweapons2",
          "Type": "AbilCmd",
          "AbilCmd": "evolutionchamberresearch,Research2",
          "Row": 0,
          "Column": 0
        },
        {
          "Face": "zergmeleeweapons3",
          "Type": "AbilCmd",
          "AbilCmd": "evolutionchamberresearch,Research3",
          "Row": 0,
          "Column": 0
        },
        {
          "Face": "zergmissileweapons1",
          "Type": "AbilCmd",
          "AbilCmd": "evolutionchamberresearch,Research7",
          "Row": 0,
          "Column": 1
        },
        {
          "Face": "zergmissileweapons2",
          "Type": "AbilCmd",
          "AbilCmd": "evolutionchamberresearch,Research8",
          "Row": 0,
          "Column": 1
        },
        {
          "Face": "zergmissileweapons3",
          "Type": "AbilCmd",
          "AbilCmd": "evolutionchamberresearch,Research9",
          "Row": 0,
          "Column": 1
        }
      ]
    }
  ],
  "GlossaryPriority": 29,
  "HotkeyCategory": "Unit/Category/ZergUnits",
  "CostCategory": "Technology",
  "CostResource": {
    "Minerals": 125
  },
  "Icon": "btn-building-zerg-evolutionchamber",
  "LifeArmorIcon": "btn-armor-zerg-building",
  "ShieldArmorIcon": "btn-upgrade-protoss-shieldslevel0",
  "Id": "EvolutionChamber",
  "Behaviors": [
    {
      "Link": "OnCreep",
      "Id": "OnCreep"
    },
    {
      "Link": "ZergBuildingNotOnCreep",
      "Id": "ZergBuildingNotOnCreep"
    },
    {
      "Link": "ZergBuildingDies6",
      "Id": "ZergBuildingDies6"
    }
  ],
  "Upgrades": [],
  "Abilities": [
    {
      "Link": "BuildInProgress",
      "Id": "BuildInProgress",
      "Name": "Build in Progress"
    },
    {
      "Link": "que5",
      "Id": "que5",
      "Name": "Queue (5)"
    },
    {
      "Link": "evolutionchamberresearch",
      "Id": "evolutionchamberresearch",
      "Name": "Research (Evolution Chamber)"
    }
  ],
  "Requirements": [],
  "Production": [
    {
      "Id": "ZergGroundArmorsLevel1",
      "Icon": "btn-upgrade-zerg-groundcarapace-level1",
      "Name": "Zerg Ground Carapace Level 1"
    },
    {
      "Id": "ZergGroundArmorsLevel2",
      "Icon": "btn-upgrade-zerg-groundcarapace-level2",
      "Name": "Zerg Ground Carapace Level 2"
    },
    {
      "Id": "ZergGroundArmorsLevel3",
      "Icon": "btn-upgrade-zerg-groundcarapace-level3",
      "Name": "Zerg Ground Carapace Level 3"
    },
    {
      "Id": "ZergMeleeWeaponsLevel1",
      "Icon": "btn-upgrade-zerg-meleeattacks-level1",
      "Name": "Zerg Melee Attacks Level 1"
    },
    {
      "Id": "ZergMeleeWeaponsLevel2",
      "Icon": "btn-upgrade-zerg-meleeattacks-level2",
      "Name": "Zerg Melee Attacks Level 2"
    },
    {
      "Id": "ZergMeleeWeaponsLevel3",
      "Icon": "btn-upgrade-zerg-meleeattacks-level3",
      "Name": "Zerg Melee Attacks Level 3"
    },
    {
      "Id": "ZergMissileWeaponsLevel1",
      "Icon": "btn-upgrade-zerg-missileattacks-level1",
      "Name": "Zerg Missile Attacks Level 1"
    },
    {
      "Id": "ZergMissileWeaponsLevel2",
      "Icon": "btn-upgrade-zerg-missileattacks-level2",
      "Name": "Zerg Missile Attacks Level 2"
    },
    {
      "Id": "ZergMissileWeaponsLevel3",
      "Icon": "btn-upgrade-zerg-missileattacks-level3",
      "Name": "Zerg Missile Attacks Level 3"
    }
  ],
  "Producers": [
    {
      "Id": "Drone",
      "Icon": "btn-unit-zerg-drone",
      "Description": "Basic worker unit. Can harvest minerals and vespene gas. Can mutate into structures.<br/><br/><c val=\"#ColorAttackInfo\">Can attack ground units.</span>",
      "Name": "Drone"
    }
  ],
  "Commands": [
    {
      "Id": "Cancel",
      "Icon": "btn-command-cancel",
      "Tooltip": "Drops the current order without performing it, and allows you to select a different order.",
      "Name": "Cancel",
      "AbilCmd": "que5,CancelLast"
    },
    {
      "Id": "CancelBuilding",
      "Icon": "btn-command-cancel",
      "Tooltip": "Cancels construction of this structure, destroying the structure and giving a partial refund.",
      "Name": "Cancel",
      "AbilCmd": "BuildInProgress,Cancel"
    },
    {
      "Id": "zerggroundarmor1",
      "Icon": "btn-upgrade-zerg-groundcarapace-level1",
      "Tooltip": "Upgrades the armor of all Zerg ground units.",
      "Name": "Evolve Ground Carapace Level 1",
      "AbilCmd": "evolutionchamberresearch,Research4"
    },
    {
      "Id": "zerggroundarmor2",
      "Icon": "btn-upgrade-zerg-groundcarapace-level2",
      "Tooltip": "Further upgrades the armor of all Zerg ground units.",
      "Name": "Evolve Ground Carapace Level 2",
      "AbilCmd": "evolutionchamberresearch,Research5"
    },
    {
      "Id": "zerggroundarmor3",
      "Icon": "btn-upgrade-zerg-groundcarapace-level3",
      "Tooltip": "Maximizes the armor of all Zerg ground units.",
      "Name": "Evolve Ground Carapace Level 3",
      "AbilCmd": "evolutionchamberresearch,Research6"
    },
    {
      "Id": "zergmeleeweapons1",
      "Icon": "btn-upgrade-zerg-meleeattacks-level1",
      "Tooltip": "Upgrades all Zerg melee attacks.",
      "Name": "Evolve Melee Attacks Level 1",
      "AbilCmd": "evolutionchamberresearch,Research1"
    },
    {
      "Id": "zergmeleeweapons2",
      "Icon": "btn-upgrade-zerg-meleeattacks-level2",
      "Tooltip": "Further upgrades all Zerg melee attacks.",
      "Name": "Evolve Melee Attacks Level 2",
      "AbilCmd": "evolutionchamberresearch,Research2"
    },
    {
      "Id": "zergmeleeweapons3",
      "Icon": "btn-upgrade-zerg-meleeattacks-level3",
      "Tooltip": "Maximizes all Zerg melee attacks.",
      "Name": "Evolve Melee Attacks Level 3",
      "AbilCmd": "evolutionchamberresearch,Research3"
    },
    {
      "Id": "zergmissileweapons1",
      "Icon": "btn-upgrade-zerg-missileattacks-level1",
      "Tooltip": "Upgrades the attacks of all Zerg ground ranged units.",
      "Name": "Evolve Missile Attacks Level 1",
      "AbilCmd": "evolutionchamberresearch,Research7"
    },
    {
      "Id": "zergmissileweapons2",
      "Icon": "btn-upgrade-zerg-missileattacks-level2",
      "Tooltip": "Further upgrades the attacks of all Zerg ground ranged units.",
      "Name": "Evolve Missile Attacks Level 2",
      "AbilCmd": "evolutionchamberresearch,Research8"
    },
    {
      "Id": "zergmissileweapons3",
      "Icon": "btn-upgrade-zerg-missileattacks-level3",
      "Tooltip": "Maximizes the attacks of all Zerg ground ranged units.",
      "Name": "Evolve Missile Attacks Level 3",
      "AbilCmd": "evolutionchamberresearch,Research9"
    }
  ]
}