{
  "Name": "Fabricator",
  "Description": "Produces heavy machines.<br/><br/><span style=\"color: #FFFF80\">Enables:</span><br/>- Torrents<br/>- Moles",
  "DeathRevealFilters": "Visible;Player,Ally,Neutral,Missile,Dead,Hidden",
  "DeathRevealRadius": 3,
  "DeathRevealDuration": 4,
  "DeathRevealType": "Snapshot",
  "Race": "Gen",
  "DefaultAcquireLevel": "Offensive",
  "Response": "Acquire",
  "ResourceState": "Unknown",
  "ResourceType": "Unknown",
  "LifeStart": 1500,
  "LifeMax": 1500,
  "LifeArmorName": "Mechanical Structure Armor",
  "Mover": "Ground",
  "StationaryTurningRate": 720,
  "TurningRate": 720,
  "Radius": 1.875,
  "SeparationRadius": 0.5,
  "MinimapRadius": 2,
  "EditorCategories": {
    "ObjectType": "Structure",
    "ObjectFamily": "Melee"
  },
  "TacticalAIFilters": "-;Player,Ally,Neutral",
  "AIEvalFactor": 1,
  "Mass": 0.4,
  "FlagArray": [
    "Movable",
    "Unclickable",
    "Unhighlightable",
    "Untooltipable",
    "KillCredit",
    "ShowResources",
    "ClearRallyOnTargetLost",
    "PlayerRevivable",
    "CameraFollow",
    "PreventDestroy",
    "UseLineOfSight",
    "PreventDefeat",
    "PenaltyRevealed",
    "TownAlert",
    "NoPortraitTalk",
    "ArmorDisabledWhileConstructing"
  ],
  "EditorFlags": [
    "BlockStructures"
  ],
  "PushPriority": 10,
  "LeaderAlias": "Fabricator",
  "HotkeyAlias": "Fabricator",
  "SelectAlias": "Fabricator",
  "SubgroupAlias": "Fabricator",
  "OccludeHeight": 0.75,
  "TacticalAI": "Fabricator",
  "AIEvaluateAlias": "Fabricator",
  "ReviveType": "Fabricator",
  "PawnItemReduction": 1,
  "Fidget": {
    "DelayMax": 30,
    "DelayMin": 10,
    "DistanceMax": 4,
    "DistanceMin": 1,
    "TurnAngle": 90,
    "TurningRate": 90,
    "ChanceArray": {
      "Idle": 100
    }
  },
  "ReviveInfoBase": {
    "Charge": {
      "Link": "Fabricator/Revive",
      "Location": "Unit"
    },
    "Cooldown": {
      "Link": "Fabricator/Revive",
      "Location": "Unit"
    }
  },
  "InnerRadiusSafetyMultiplier": 1,
  "ArmorType": "Unknown",
  "Collide": [
    "Ground",
    "ForceField",
    "Burrow",
    "Structure",
    "RoachBurrow",
    "Small"
  ],
  "Attributes": [
    "Mechanical",
    "Armored",
    "Structure"
  ],
  "LifeArmor": 1,
  "ScoreResult": "BuildOrder",
  "GlossaryAlias": "",
  "PlaneArray": [
    "Ground"
  ],
  "Sight": 10,
  "AttackTargetPriority": 11,
  "GlossaryCategory": "",
  "HotkeyCategory": "Unit/Category/GenetronUnits",
  "ScoreMakeCostFactor": {
    "Minerals": 1,
    "Vespene": 1
  },
  "ScoreKillCostFactor": {
    "Minerals": 1,
    "Vespene": 1
  },
  "Facing": 45,
  "FogVisibility": "Snapshot",
  "CostCategory": "Technology",
  "CardLayouts": [
    {
      "LayoutButtons": [
        {
          "Face": "Cancel",
          "Type": "AbilCmd",
          "AbilCmd": "que5,CancelLast",
          "Row": 2,
          "Column": 4
        },
        {
          "Face": "CancelBuilding",
          "Type": "AbilCmd",
          "AbilCmd": "BuildInProgress,Cancel",
          "Row": 2,
          "Column": 4
        },
        {
          "Face": "Rally",
          "Type": "AbilCmd",
          "AbilCmd": "Rally,Rally1",
          "Row": 1,
          "Column": 4
        },
        {
          "Face": "Mole",
          "Type": "AbilCmd",
          "AbilCmd": "TrainHeavyweightMechs,Train2",
          "Row": 0,
          "Column": 1
        },
        {
          "Face": "Torrent",
          "Type": "AbilCmd",
          "AbilCmd": "TrainHeavyweightMechs,Train1",
          "Row": 0,
          "Column": 0
        },
        {
          "Face": "Tesla",
          "Type": "AbilCmd",
          "AbilCmd": "TrainHeavyweightMechs,Train3",
          "Row": 0,
          "Column": 3
        },
        {
          "Face": "GenetronPerformanceMode",
          "Type": "AbilCmd",
          "AbilCmd": "GenetronProductionModePerformance,Execute",
          "Row": 2,
          "Column": 0
        },
        {
          "Face": "GenetronPerformanceMode",
          "Type": "Passive",
          "Requirements": "ShowNotUnderConstruction",
          "Row": 2,
          "Column": 0
        },
        {
          "Face": "Inciter",
          "Type": "AbilCmd",
          "AbilCmd": "TrainHeavyweightMechs,Train4",
          "Row": 0,
          "Column": 2
        },
        {
          "Face": "GenetronStandardMode",
          "Type": "AbilCmd",
          "AbilCmd": "GenetronProductionModeStandard,Execute",
          "Row": 2,
          "Column": 1
        },
        {
          "Face": "GenetronStandardMode",
          "Type": "Passive",
          "Requirements": "ShowNotUnderConstruction",
          "Row": 2,
          "Column": 1
        },
        {
          "Face": "GenetronOverclockMode",
          "Type": "AbilCmd",
          "AbilCmd": "GenetronProductionModeOverclock,Execute",
          "Row": 2,
          "Column": 2
        },
        {
          "Face": "GenetronOverclockMode",
          "Type": "Passive",
          "Requirements": "ShowNotUnderConstruction",
          "Row": 2,
          "Column": 2
        },
        {
          "Face": "Virtus",
          "Type": "AbilCmd",
          "AbilCmd": "TrainHeavyweightMechs,Train5",
          "Row": 0,
          "Column": 4
        }
      ]
    }
  ],
  "Footprint": "Footprint4x4ContourReduced",
  "PlacementFootprint": "Footprint4x4Contour",
  "CostResource": {
    "Minerals": 200,
    "Vespene": 100
  },
  "RepairTime": 65,
  "SubgroupPriority": 9,
  "GlossaryPriority": 20,
  "TechTreeProducedUnitArray": [
    "Torrent",
    "Mole",
    "Inciter",
    "Tesla",
    "Virtus"
  ],
  "Icon": "btn-building-genetron-fabricator",
  "LifeArmorIcon": "btn-upgrade-genetron-mechstructurearmor",
  "ShieldArmorIcon": "btn-upgrade-protoss-shieldslevel0",
  "Id": "Fabricator",
  "Behaviors": [
    {
      "Link": "LockdownMode",
      "Id": "LockdownMode",
      "Tooltip": "Under lockdown due to severe damage. Takes reduced damage, and cannot fully function. Must be repaired in order to resume a regular state.",
      "Name": "Lockdown Mode"
    },
    {
      "Link": "GenetronProductionModePerformanceBuff",
      "Id": "GenetronProductionModePerformanceBuff"
    },
    {
      "Link": "FabricatorIsTraining",
      "Id": "FabricatorIsTraining"
    },
    {
      "Link": "UnderConstruction",
      "Id": "UnderConstruction"
    }
  ],
  "Upgrades": [],
  "Abilities": [
    {
      "Link": "BuildInProgress",
      "Id": "BuildInProgress",
      "Name": "Build in Progress"
    },
    {
      "Link": "que5",
      "Id": "que5",
      "Name": "Queue (5)"
    },
    {
      "Link": "Rally",
      "Id": "Rally",
      "Name": "Rally"
    },
    {
      "Link": "TrainHeavyweightMechs",
      "Id": "TrainHeavyweightMechs",
      "Name": "Train Heavyweight Mechs"
    },
    {
      "Link": "GenetronProductionModePerformance",
      "Id": "GenetronProductionModePerformance",
      "Name": "Genetron Production Mode (Performance)"
    },
    {
      "Link": "GenetronProductionModeStandard",
      "Id": "GenetronProductionModeStandard",
      "Name": "Genetron Production Mode (Standard)"
    },
    {
      "Link": "GenetronProductionModeOverclock",
      "Id": "GenetronProductionModeOverclock",
      "Name": "Genetron Production Mode (Overclock)"
    }
  ],
  "Requirements": [
    {
      "Id": "Manufacturer",
      "Icon": "btn-building-genetron-manufacturer",
      "Description": "Produces light-weight machines.<br/><br/><span style=\"color: #FFFF80\">Enables:</span><br/>- Spitfires",
      "Name": "Manufacturer"
    }
  ],
  "Production": [
    {
      "Id": "Mole",
      "Icon": "btn-unit-genetron-mole",
      "Description": "Deployable artillery cannon.<br/><br/><span style=\"color: #FFFF80\">Can attack ground units.</span>",
      "Name": "Mole"
    },
    {
      "Id": "Torrent",
      "Icon": "btn-unit-genetron-torrent",
      "Description": "Anti-air artillary.<br/><br/><span style=\"color: #FFFF80\">Can attack ground and air units.</span>",
      "Name": "Torrent"
    },
    {
      "Id": "Tesla",
      "Icon": "btn-unit-genetron-tesla",
      "Description": "Area control specialist. Can construct and launch specialized charges.",
      "Name": "Tesla"
    },
    {
      "Id": "Inciter",
      "Icon": "btn-unit-genetron-inciter",
      "Description": "Grenade attacker. Can jump up and down cliffs. Can use ELOR Protocol.<br/><br/><span style=\"color: #f078ff\">Energy user.</span><br/><span style=\"color: #FFFF80\">Can attack ground units.</span>",
      "Name": "Inciter"
    },
    {
      "Id": "Virtus",
      "Icon": "btn-unit-genetron-virtus",
      "Description": "Heavy tank. Weapons and movement disabled and gains armor after taking critical damage.<br/><br/><span style=\"color: #f078ff\">Energy user.</span><br/><span style=\"color: #FFFF80\">Can attack ground units.</span>",
      "Name": "Virtus"
    }
  ],
  "Producers": [
    {
      "Id": "ACR",
      "Icon": "btn-unit-genetron-acr",
      "Description": "Basic worker unit. Can gather resources, build Genetron structures, and repair.<br/><br/><c val=\"#ColorAttackInfo\">Can attack ground units.</span>",
      "Name": "ACR"
    }
  ],
  "Commands": [
    {
      "Id": "Cancel",
      "Icon": "btn-command-cancel",
      "Tooltip": "Drops the current order without performing it, and allows you to select a different order.",
      "Name": "Cancel",
      "AbilCmd": "que5,CancelLast"
    },
    {
      "Id": "CancelBuilding",
      "Icon": "btn-command-cancel",
      "Tooltip": "Cancels construction of this structure, destroying the structure and giving a partial refund.",
      "Name": "Cancel",
      "AbilCmd": "BuildInProgress,Cancel"
    },
    {
      "Id": "Rally",
      "Icon": "btn-ability-terran-setrallypoint",
      "Tooltip": "Sends constructed units to the designated point. Workers rallied to resources will begin gathering automatically.",
      "Name": "Set Rally Point",
      "AbilCmd": "Rally,Rally1"
    },
    {
      "Id": "Mole",
      "Icon": "btn-unit-genetron-mole",
      "Tooltip": "Deployable artillery cannon.<br/><br/><span style=\"color: #FFFF80\">Can attack ground units.</span>",
      "Name": "Fabricate Mole",
      "AbilCmd": "TrainHeavyweightMechs,Train2"
    },
    {
      "Id": "Torrent",
      "Icon": "btn-unit-genetron-torrent",
      "Tooltip": "Anti-air artillary.<br/><br/><span style=\"color: #FFFF80\">Can attack ground and air units.</span>",
      "Name": "Fabricate Torrent",
      "AbilCmd": "TrainHeavyweightMechs,Train1"
    },
    {
      "Id": "Tesla",
      "Icon": "btn-unit-genetron-tesla",
      "Tooltip": "Area control specialist. Can construct and launch specialized charges.",
      "Name": "Fabricate Tesla",
      "AbilCmd": "TrainHeavyweightMechs,Train3"
    },
    {
      "Id": "GenetronPerformanceMode",
      "Icon": "btn-ability-genetron-productionmode-performance",
      "Tooltip": "Production occurs at the base rate and requires no energy.<br/><br/><span style=\"color: #78ff78\">Production drains no energy.</span>",
      "Name": "Performance Mode",
      "AbilCmd": "GenetronProductionModePerformance,Execute"
    },
    {
      "Id": "Inciter",
      "Icon": "btn-unit-genetron-inciter",
      "Tooltip": "Grenade attacker. Can jump up and down cliffs. Can use ELOR Protocol.<br/><br/><span style=\"color: #f078ff\">Energy user.</span><br/><span style=\"color: #FFFF80\">Can attack ground units.</span>",
      "Name": "Fabricate Inciter",
      "AbilCmd": "TrainHeavyweightMechs,Train4"
    },
    {
      "Id": "GenetronStandardMode",
      "Icon": "btn-ability-genetron-productionmode-standard",
      "Tooltip": "Production occurs at a rate of <b>150</b>%, but if no energy is available, production will halt.<br/><br/><span style=\"color: #f078ff\">Production drains <b>0.71</b> energy per second.</span>",
      "Name": "Standard Mode",
      "AbilCmd": "GenetronProductionModeStandard,Execute"
    },
    {
      "Id": "GenetronOverclockMode",
      "Icon": "btn-ability-genetron-productionmode-overclock",
      "Tooltip": "Production occurs at a rate of <b>200</b>%, but if no energy is available, production will halt.<br/><br/><span style=\"color: #f078ff\">Production drains <b>1.43</b> energy per second.</span>",
      "Name": "Overclock Mode",
      "AbilCmd": "GenetronProductionModeOverclock,Execute"
    },
    {
      "Id": "Virtus",
      "Icon": "btn-unit-genetron-virtus",
      "Tooltip": "Heavy tank. Weapons and movement disabled and gains armor after taking critical damage.<br/><br/><span style=\"color: #f078ff\">Energy user.</span><br/><span style=\"color: #FFFF80\">Can attack ground units.</span>",
      "Name": "Fabricate Virtus",
      "AbilCmd": "TrainHeavyweightMechs,Train5"
    }
  ]
}