{
  "Name": "Factory",
  "Description": "Vehicle-production facility. <br/><br/><span style=\"color: #ffff8a\">Enables:</span><br/>- Hellions<br/>- Widow Mines<br/>- Cyclones",
  "DeathRevealFilters": "Visible;Player,Ally,Neutral,Missile,Dead,Hidden",
  "DeathRevealRadius": 3,
  "DeathRevealDuration": 4,
  "DeathRevealType": "Snapshot",
  "Race": "Terr",
  "DefaultAcquireLevel": "Offensive",
  "Response": "Acquire",
  "ResourceState": "Unknown",
  "ResourceType": "Unknown",
  "LifeStart": 1250,
  "LifeMax": 1250,
  "LifeArmorName": "Terran Building Plating",
  "Mover": "Ground",
  "StationaryTurningRate": 719.4726,
  "TurningRate": 719.4726,
  "Radius": 1.625,
  "SeparationRadius": 1.625,
  "MinimapRadius": 1.625,
  "EditorCategories": {
    "ObjectType": "Structure",
    "ObjectFamily": "Melee"
  },
  "TacticalAIFilters": "-;Player,Ally,Neutral",
  "AIEvalFactor": 1,
  "Mass": 0.4,
  "FlagArray": [
    "Movable",
    "Unclickable",
    "Unhighlightable",
    "Untooltipable",
    "KillCredit",
    "ShowResources",
    "ClearRallyOnTargetLost",
    "PlayerRevivable",
    "CameraFollow",
    "PreventDefeat",
    "PreventDestroy",
    "PenaltyRevealed",
    "UseLineOfSight",
    "TownAlert",
    "NoPortraitTalk",
    "ArmorDisabledWhileConstructing"
  ],
  "EditorFlags": [
    "BlockStructures"
  ],
  "PushPriority": 10,
  "LeaderAlias": "Factory",
  "HotkeyAlias": "Factory",
  "SelectAlias": "Factory",
  "SubgroupAlias": "Factory",
  "OccludeHeight": 0.75,
  "TacticalAI": "Factory",
  "AIEvaluateAlias": "Factory",
  "ReviveType": "Factory",
  "PawnItemReduction": 1,
  "Fidget": {
    "DelayMax": 30,
    "DelayMin": 10,
    "DistanceMax": 4,
    "DistanceMin": 1,
    "TurnAngle": 90,
    "TurningRate": 90,
    "ChanceArray": {
      "Idle": 100
    }
  },
  "ReviveInfoBase": {
    "Charge": {
      "Link": "Factory/Revive",
      "Location": "Unit"
    },
    "Cooldown": {
      "Link": "Factory/Revive",
      "Location": "Unit"
    }
  },
  "InnerRadiusSafetyMultiplier": 1,
  "ArmorType": "Unknown",
  "TechAliasArray": [
    "Alias_Factory"
  ],
  "Facing": 315,
  "Mob": "Multiplayer",
  "FogVisibility": "Snapshot",
  "LifeArmor": 1,
  "CostCategory": "Technology",
  "CostResource": {
    "Minerals": 150,
    "Vespene": 100
  },
  "RepairTime": 60,
  "AttackTargetPriority": 11,
  "Footprint": "Footprint3x3Contour",
  "PlacementFootprint": "Footprint3x3",
  "ScoreMake": 250,
  "ScoreKill": 250,
  "ScoreResult": "BuildOrder",
  "SubgroupPriority": 22,
  "Attributes": [
    "Armored",
    "Mechanical",
    "Structure"
  ],
  "PlaneArray": [
    "Ground"
  ],
  "Collide": [
    "Burrow",
    "Ground",
    "Structure",
    "RoachBurrow",
    "ForceField",
    "Small",
    "Locust",
    "Phased"
  ],
  "Sight": 9,
  "CardLayouts": [
    {
      "LayoutButtons": [
        {
          "Face": "Hellion",
          "Type": "AbilCmd",
          "AbilCmd": "FactoryTrain,Train6",
          "Row": 0,
          "Column": 0
        },
        {
          "Face": "SiegeTank",
          "Type": "AbilCmd",
          "AbilCmd": "FactoryTrain,Train2",
          "Row": 0,
          "Column": 3
        },
        {
          "Face": "",
          "Type": "Undefined",
          "AbilCmd": "",
          "Row": 0,
          "Column": 0
        },
        {
          "Face": "Rally",
          "Type": "AbilCmd",
          "AbilCmd": "Rally,Rally1",
          "Row": 1,
          "Column": 4
        },
        {
          "Face": "Lift",
          "Type": "AbilCmd",
          "AbilCmd": "FactoryLiftOff,Execute",
          "Row": 2,
          "Column": 3
        },
        {
          "Face": "Halt",
          "Type": "AbilCmd",
          "AbilCmd": "BuildInProgress,Halt",
          "Row": 2,
          "Column": 3
        },
        {
          "Face": "Reactor",
          "Type": "AbilCmd",
          "AbilCmd": "FactoryAddOns,Build2",
          "Row": 2,
          "Column": 1
        },
        {
          "Face": "TechLabFactory",
          "Type": "AbilCmd",
          "AbilCmd": "FactoryAddOns,Build1",
          "Row": 2,
          "Column": 0
        },
        {
          "Face": "Cancel",
          "Type": "AbilCmd",
          "AbilCmd": "que5,CancelLast",
          "Row": 2,
          "Column": 4
        },
        {
          "Face": "Cancel",
          "Type": "AbilCmd",
          "AbilCmd": "FactoryAddOns,Halt",
          "Row": 2,
          "Column": 4
        },
        {
          "Face": "CancelBuilding",
          "Type": "AbilCmd",
          "AbilCmd": "BuildInProgress,Cancel",
          "Row": 2,
          "Column": 4
        },
        {
          "Face": "SelectBuilder",
          "Type": "SelectBuilder",
          "Row": 1,
          "Column": 3
        },
        {
          "Face": "WidowMine",
          "Type": "AbilCmd",
          "AbilCmd": "FactoryTrain,Train25",
          "Row": 0,
          "Column": 1
        },
        {
          "Face": "BuildCyclone",
          "Type": "AbilCmd",
          "AbilCmd": "FactoryTrain,Train8",
          "Row": 0,
          "Column": 2
        },
        {
          "Face": "Thor",
          "Type": "AbilCmd",
          "AbilCmd": "FactoryTrain,Train5",
          "Row": 1,
          "Column": 1
        },
        {
          "Face": "HellionTank",
          "Type": "AbilCmd",
          "AbilCmd": "FactoryTrain,Train7",
          "Row": 1,
          "Column": 0
        }
      ]
    }
  ],
  "GlossaryPriority": 322,
  "HotkeyCategory": "Unit/Category/TerranUnits",
  "TechTreeProducedUnitArray": [
    "Hellion",
    "WidowMine",
    "SiegeTank",
    "Cyclone",
    "HellionTank",
    "Thor"
  ],
  "Icon": "btn-building-terran-factory",
  "LifeArmorIcon": "btn-upgrade-terran-buildingarmor",
  "ShieldArmorIcon": "btn-upgrade-protoss-shieldslevel0",
  "Id": "Factory",
  "Behaviors": [
    {
      "Link": "TerranBuildingBurnDown",
      "Id": "TerranBuildingBurnDown"
    },
    {
      "Link": "ReactorQueue",
      "Id": "ReactorQueue"
    },
    {
      "Link": "TerranStructuresKnockbackBehavior",
      "Id": "TerranStructuresKnockbackBehavior"
    }
  ],
  "Upgrades": [
    {
      "Link": "TerranBuildingArmor",
      "Id": "TerranBuildingArmor",
      "Icon": "btn-upgrade-terran-buildingarmor",
      "Name": "Neosteel Armor"
    }
  ],
  "Abilities": [
    {
      "Link": "BuildInProgress",
      "Id": "BuildInProgress",
      "Name": "Build in Progress"
    },
    {
      "Link": "que5",
      "Id": "que5",
      "Name": "Queue (5)"
    },
    {
      "Link": "FactoryTrain",
      "Id": "FactoryTrain",
      "Name": "Train (Factory)"
    },
    {
      "Link": "FactoryAddOns",
      "Id": "FactoryAddOns",
      "Name": "AddOns"
    },
    {
      "Link": "Rally",
      "Id": "Rally",
      "Name": "Rally"
    },
    {
      "Link": "FactoryLiftOff",
      "Id": "FactoryLiftOff",
      "Name": "Lift Off"
    }
  ],
  "Requirements": [],
  "Production": [
    {
      "Id": "Hellion",
      "Icon": "btn-unit-terran-hellion",
      "Description": "Fast scout. Has a flame attack that damages all enemy units in its line of fire. Can transform into a close range combat unit.<br/><br/><c val=\"#ColorAttackInfo\">Can attack ground units.</span>",
      "Name": "Hellion"
    },
    {
      "Id": "SiegeTank",
      "Icon": "btn-unit-terran-siegetank",
      "Description": "Heavy tank. Can switch into Siege Mode to provide long-range artillery support.<br/><br/><span style=\"color: #FFFF8A\">Can attack ground units.</span>",
      "Name": "Siege Tank"
    },
    {
      "Id": "FactoryReactor",
      "Icon": "btn-building-terran-reactor",
      "Description": "Allows 2 units to be created simultaneously.",
      "Name": "Reactor"
    },
    {
      "Id": "FactoryTechLab",
      "Icon": "btn-building-terran-techlab",
      "Description": "Enables additional units and research options. A Tech Lab can fit onto any production structure.",
      "Name": "Tech Lab"
    },
    {
      "Id": "WidowMine",
      "Icon": "btn-unit-terran-widowmine",
      "Description": "Robotic mine. Launches missiles at nearby enemy units while burrowed. Attacks deal splash damage in a small area around the target. Widow Mine is revealed when Sentinel Missile is on cooldown. <br/><br/><c val=\"#ColorAttackInfo\">Can attack ground and air units.</span>",
      "Name": "Widow Mine"
    },
    {
      "Id": "Cyclone",
      "Icon": "btn-unit-terran-cyclone",
      "Description": "Mobile assault vehicle. Can use Lock On to quickly fire while moving.<br/><br/><c val=\"#ColorAttackInfo\">Can attack ground and air units.</span>",
      "Name": "Cyclone"
    },
    {
      "Id": "Thor",
      "Icon": "btn-unit-terran-thor",
      "Description": "Heavy assault mech.<br/><br/><c val=\"#ColorAttackInfo\">Can attack ground and air units.</span>",
      "Name": "Thor"
    },
    {
      "Id": "HellionTank",
      "Icon": "btn-unit-terran-hellionbattlemode",
      "Description": "Close range combat unit. Deals damage in a small frontal cone. Can transform into a fast scout unit.<br/><br/><c val=\"#ColorAttackInfo\">Can attack ground units.</span>",
      "Name": "Hellbat"
    }
  ],
  "Producers": [
    {
      "Id": "SCV",
      "Icon": "btn-unit-terran-scv",
      "Description": "Basic worker unit. Can gather resources, build Terran structures, and repair.<br/><br/><c val=\"#ColorAttackInfo\">Can attack ground units.</span>",
      "Name": "SCV"
    }
  ],
  "Commands": [
    {
      "Id": "Hellion",
      "Icon": "btn-unit-terran-hellion",
      "Tooltip": "Fast scout. Has a flame attack that damages all enemy units in its line of fire. Can transform into a close range combat unit.<br/><br/><c val=\"#ColorAttackInfo\">Can attack ground units.</span>",
      "Name": "Build Hellion",
      "AbilCmd": "FactoryTrain,Train6"
    },
    {
      "Id": "SiegeTank",
      "Icon": "btn-unit-terran-siegetank",
      "Tooltip": "Heavy tank. Can switch into Siege Mode to provide long-range artillery support.<br/><br/><span style=\"color: #FFFF8A\">Can attack ground units.</span>",
      "Name": "Build Siege Tank",
      "AbilCmd": "FactoryTrain,Train2"
    },
    {
      "Id": "Rally",
      "Icon": "btn-ability-terran-setrallypoint",
      "Tooltip": "Sends constructed units to the designated point. Workers rallied to resources will begin gathering automatically.",
      "Name": "Set Rally Point",
      "AbilCmd": "Rally,Rally1"
    },
    {
      "Id": "Lift",
      "Icon": "btn-ability-terran-liftoff",
      "Tooltip": "Transforms structure into a slow air unit for redeployment. May not produce units, research upgrades, or use abilities until it has landed.",
      "Name": "Lift Off",
      "AbilCmd": "FactoryLiftOff,Execute"
    },
    {
      "Id": "Halt",
      "Icon": "btn-command-stop",
      "Tooltip": "Halts construction of this structure. The partial construction will remain.",
      "Name": "Halt",
      "AbilCmd": "BuildInProgress,Halt"
    },
    {
      "Id": "Reactor",
      "Icon": "btn-building-terran-reactor",
      "Tooltip": "Allows 2 units to be created simultaneously.",
      "Name": "Build Reactor",
      "AbilCmd": "FactoryAddOns,Build2"
    },
    {
      "Id": "TechLabFactory",
      "Icon": "btn-building-terran-techlab",
      "Tooltip": "Vehicle-research structure. A Tech Lab can fit onto any production structure.<br/><br/><span style=\"color: #ffff8a\">Enables:</span><br/>- Cyclones<br/>- Siege Tanks<br/>- Thor with Armory",
      "Name": "Build Tech Lab",
      "AbilCmd": "FactoryAddOns,Build1"
    },
    {
      "Id": "Cancel",
      "Icon": "btn-command-cancel",
      "Tooltip": "Drops the current order without performing it, and allows you to select a different order.",
      "Name": "Cancel",
      "AbilCmd": "que5,CancelLast"
    },
    {
      "Id": "Cancel",
      "Icon": "btn-command-cancel",
      "Tooltip": "Drops the current order without performing it, and allows you to select a different order.",
      "Name": "Cancel",
      "AbilCmd": "FactoryAddOns,Halt"
    },
    {
      "Id": "CancelBuilding",
      "Icon": "btn-command-cancel",
      "Tooltip": "Cancels construction of this structure, destroying the structure and giving a partial refund.",
      "Name": "Cancel",
      "AbilCmd": "BuildInProgress,Cancel"
    },
    {
      "Id": "WidowMine",
      "Icon": "btn-unit-terran-widowmine",
      "Tooltip": "Robotic mine. Launches missiles at nearby enemy units while burrowed. Attacks deal splash damage in a small area around the target. Widow Mine is revealed when Sentinel Missile is on cooldown. <br/><br/><c val=\"#ColorAttackInfo\">Can attack ground and air units.</span>",
      "Name": "Build Widow Mine",
      "AbilCmd": "FactoryTrain,Train25"
    },
    {
      "Id": "BuildCyclone",
      "Icon": "btn-unit-terran-cyclone",
      "Tooltip": "Mobile assault vehicle. Can use Lock On to quickly fire while moving.<br/><br/><c val=\"#ColorAttackInfo\">Can attack ground and air units.</span>",
      "Name": "Build Cyclone",
      "AbilCmd": "FactoryTrain,Train8"
    },
    {
      "Id": "Thor",
      "Icon": "btn-unit-terran-thor",
      "Tooltip": "Heavy assault mech.<br/><br/><c val=\"#ColorAttackInfo\">Can attack ground and air units.</span>",
      "Name": "Build Thor",
      "AbilCmd": "FactoryTrain,Train5"
    },
    {
      "Id": "HellionTank",
      "Icon": "btn-unit-terran-hellionbattlemode",
      "Tooltip": "Close range combat unit. Deals damage in a small frontal cone. Can transform into a fast scout unit.<br/><br/><c val=\"#ColorAttackInfo\">Can attack ground units.</span>",
      "Name": "Build Hellbat",
      "AbilCmd": "FactoryTrain,Train7"
    }
  ]
}