{
  "Name": "Reactor",
  "Description": "Allows 2 units to be created simultaneously.",
  "DeathRevealFilters": "Visible;Player,Ally,Neutral,Missile,Dead,Hidden",
  "DeathRevealRadius": 3,
  "DeathRevealDuration": 4,
  "DeathRevealType": "Snapshot",
  "Race": "Terr",
  "DefaultAcquireLevel": "Offensive",
  "Response": "Acquire",
  "ResourceState": "Unknown",
  "ResourceType": "Unknown",
  "LifeStart": 400,
  "LifeMax": 400,
  "LifeArmorName": "Terran Building Plating",
  "Mover": "Ground",
  "StationaryTurningRate": 719.4726,
  "TurningRate": 719.4726,
  "Radius": 1,
  "SeparationRadius": 1,
  "MinimapRadius": 1,
  "EditorCategories": {
    "ObjectType": "Structure",
    "ObjectFamily": "Melee"
  },
  "TacticalAIFilters": "-;Player,Ally,Neutral",
  "AIEvalFactor": 1,
  "Mass": 0.4,
  "FlagArray": [
    "PreventDefeat",
    "PreventDestroy",
    "UseLineOfSight",
    "TownAlert",
    "NoPortraitTalk",
    "ArmorDisabledWhileConstructing"
  ],
  "PushPriority": 10,
  "LeaderAlias": "FactoryReactor",
  "HotkeyAlias": "FactoryReactor",
  "SelectAlias": "Reactor",
  "SubgroupAlias": "Reactor",
  "OccludeHeight": 0.75,
  "TacticalAI": "Reactor",
  "AIEvaluateAlias": "Reactor",
  "ReviveType": "Reactor",
  "PawnItemReduction": 1,
  "Fidget": {
    "DelayMax": 30,
    "DelayMin": 10,
    "DistanceMax": 4,
    "DistanceMin": 1,
    "TurnAngle": 90,
    "TurningRate": 90,
    "ChanceArray": {
      "Idle": 100
    }
  },
  "ReviveInfoBase": {
    "Charge": {
      "Link": "FactoryReactor/Revive",
      "Location": "Unit"
    },
    "Cooldown": {
      "Link": "FactoryReactor/Revive",
      "Location": "Unit"
    }
  },
  "InnerRadiusSafetyMultiplier": 1,
  "ArmorType": "Unknown",
  "Facing": 315,
  "FogVisibility": "Snapshot",
  "PlaneArray": [
    "Ground"
  ],
  "Collide": [
    "Burrow",
    "Ground",
    "Structure",
    "RoachBurrow",
    "ForceField",
    "Small",
    "Locust"
  ],
  "Attributes": [
    "Armored",
    "Mechanical",
    "Structure"
  ],
  "LifeArmor": 1,
  "Sight": 9,
  "CostCategory": "Technology",
  "CostResource": {
    "Minerals": 50,
    "Vespene": 50
  },
  "RepairTime": 50,
  "AttackTargetPriority": 11,
  "CardLayouts": [
    {
      "LayoutButtons": [
        {
          "Face": "CancelBuilding",
          "Type": "AbilCmd",
          "AbilCmd": "BuildInProgress,Cancel",
          "Row": 2,
          "Column": 4
        }
      ]
    }
  ],
  "Footprint": "Footprint2x2Contour",
  "PlacementFootprint": "Footprint3x3AddOn2x2",
  "AddedOnArray": [
    {
      "UnitLink": "Barracks",
      "BehaviorLink": "BarracksReactor"
    },
    {
      "UnitLink": "Factory",
      "BehaviorLink": "FactoryReactor"
    },
    {
      "UnitLink": "Starport",
      "BehaviorLink": "StarportReactor"
    }
  ],
  "AddOnOffsetX": 2.5,
  "AddOnOffsetY": -0.5,
  "ScoreMake": 100,
  "ScoreKill": 100,
  "ScoreResult": "BuildOrder",
  "SubgroupPriority": 1,
  "TechAliasArray": [
    "Alias_Reactor"
  ],
  "Icon": "btn-building-terran-reactor",
  "LifeArmorIcon": "btn-upgrade-terran-buildingarmor",
  "ShieldArmorIcon": "btn-upgrade-protoss-shieldslevel0",
  "Id": "FactoryReactor",
  "Behaviors": [
    {
      "Link": "TerranBuildingBurnDown",
      "Id": "TerranBuildingBurnDown"
    }
  ],
  "Upgrades": [
    {
      "Link": "TerranBuildingArmor",
      "Id": "TerranBuildingArmor",
      "Icon": "btn-upgrade-terran-buildingarmor",
      "Name": "Neosteel Armor"
    }
  ],
  "Abilities": [
    {
      "Link": "BuildInProgress",
      "Id": "BuildInProgress",
      "Name": "Build in Progress"
    },
    {
      "Link": "BarracksReactorMorph",
      "Id": "BarracksReactorMorph",
      "Name": "Nuclear Reactor Morph (Barracks)"
    },
    {
      "Link": "StarportReactorMorph",
      "Id": "StarportReactorMorph",
      "Name": "Nuclear Reactor Morph (Starport)"
    },
    {
      "Link": "ReactorMorph",
      "Id": "ReactorMorph",
      "Name": "Nuclear Reactor Morph"
    }
  ],
  "Requirements": [],
  "Production": [],
  "Producers": [
    {
      "Id": "Factory",
      "Icon": "btn-building-terran-factory",
      "Description": "Vehicle-production facility. <br/><br/><span style=\"color: #ffff8a\">Enables:</span><br/>- Hellions<br/>- Widow Mines<br/>- Cyclones",
      "Name": "Factory"
    },
    {
      "Id": "FactoryFlying",
      "Icon": "btn-building-terran-factory",
      "Description": "Factory must land to start unit production.",
      "Name": "Factory"
    }
  ],
  "Commands": [
    {
      "Id": "CancelBuilding",
      "Icon": "btn-command-cancel",
      "Tooltip": "Cancels construction of this structure, destroying the structure and giving a partial refund.",
      "Name": "Cancel",
      "AbilCmd": "BuildInProgress,Cancel"
    }
  ]
}