{
  "Name": "Tech Lab",
  "Description": "Enables additional units and research options. A Tech Lab can fit onto any production structure.",
  "DeathRevealFilters": "Visible;Player,Ally,Neutral,Missile,Dead,Hidden",
  "DeathRevealRadius": 3,
  "DeathRevealDuration": 4,
  "DeathRevealType": "Snapshot",
  "Race": "Terr",
  "DefaultAcquireLevel": "Offensive",
  "Response": "Acquire",
  "ResourceState": "Unknown",
  "ResourceType": "Unknown",
  "LifeStart": 400,
  "LifeMax": 400,
  "LifeArmorName": "Terran Building Plating",
  "Mover": "Ground",
  "StationaryTurningRate": 719.4726,
  "TurningRate": 719.4726,
  "Radius": 1,
  "SeparationRadius": 1,
  "MinimapRadius": 1,
  "EditorCategories": {
    "ObjectType": "Structure",
    "ObjectFamily": "Melee"
  },
  "TacticalAIFilters": "-;Player,Ally,Neutral",
  "AIEvalFactor": 1,
  "Mass": 0.4,
  "FlagArray": [
    "Movable",
    "Unclickable",
    "Unhighlightable",
    "Untooltipable",
    "KillCredit",
    "ShowResources",
    "ClearRallyOnTargetLost",
    "PlayerRevivable",
    "CameraFollow",
    "PreventDefeat",
    "PreventDestroy",
    "PenaltyRevealed",
    "UseLineOfSight",
    "TownAlert",
    "NoPortraitTalk",
    "ArmorDisabledWhileConstructing"
  ],
  "EditorFlags": [
    "BlockStructures"
  ],
  "PushPriority": 10,
  "LeaderAlias": "FactoryTechLab",
  "HotkeyAlias": "TechLab",
  "SelectAlias": "TechLab",
  "SubgroupAlias": "FactoryTechLab",
  "OccludeHeight": 0.75,
  "TacticalAI": "TechLab",
  "AIEvaluateAlias": "TechLab",
  "ReviveType": "TechLab",
  "PawnItemReduction": 1,
  "Fidget": {
    "DelayMax": 30,
    "DelayMin": 10,
    "DistanceMax": 4,
    "DistanceMin": 1,
    "TurnAngle": 90,
    "TurningRate": 90,
    "ChanceArray": {
      "Idle": 100
    }
  },
  "ReviveInfoBase": {
    "Charge": {
      "Link": "TechLab/Revive",
      "Location": "Unit"
    },
    "Cooldown": {
      "Link": "TechLab/Revive",
      "Location": "Unit"
    }
  },
  "InnerRadiusSafetyMultiplier": 1,
  "ArmorType": "Unknown",
  "TechAliasArray": [
    "Alias_TechLab"
  ],
  "Facing": 315,
  "Mob": "None",
  "FogVisibility": "Snapshot",
  "LifeArmor": 1,
  "CostCategory": "Technology",
  "CostResource": {
    "Minerals": 50,
    "Vespene": 25
  },
  "RepairTime": 25,
  "AttackTargetPriority": 11,
  "Footprint": "Footprint2x2Contour",
  "PlacementFootprint": "Footprint3x3AddOn2x2",
  "AddOnOffsetX": 2.5,
  "AddOnOffsetY": -0.5,
  "ScoreMake": 75,
  "ScoreKill": 75,
  "ScoreResult": "BuildOrder",
  "SubgroupPriority": 2,
  "Attributes": [
    "Armored",
    "Mechanical",
    "Structure"
  ],
  "PlaneArray": [
    "Ground"
  ],
  "Collide": [
    "Burrow",
    "Ground",
    "Structure",
    "RoachBurrow",
    "ForceField",
    "Small",
    "Locust",
    "Phased"
  ],
  "Sight": 9,
  "CardLayouts": [
    {
      "LayoutButtons": [
        {
          "Face": "Cancel",
          "Type": "AbilCmd",
          "AbilCmd": "que5Addon,CancelLast",
          "Row": 2,
          "Column": 4
        },
        {
          "Face": "ResearchHighCapacityBarrels",
          "Type": "AbilCmd",
          "AbilCmd": "FactoryTechLabResearch,Research2",
          "Row": 0,
          "Column": 0
        },
        {
          "Face": "CancelBuilding",
          "Type": "AbilCmd",
          "AbilCmd": "BuildInProgress,Cancel",
          "Row": 2,
          "Column": 4
        },
        {
          "Face": "ResearchDrillClaws",
          "Type": "AbilCmd",
          "AbilCmd": "FactoryTechLabResearch,Research5",
          "Row": 0,
          "Column": 2
        },
        {
          "Face": "ResearchSmartServos",
          "Type": "AbilCmd",
          "AbilCmd": "FactoryTechLabResearch,Research7",
          "Row": 0,
          "Column": 3
        },
        {
          "Face": "CycloneResearchLockOnDamageUpgrade",
          "Type": "AbilCmd",
          "AbilCmd": "FactoryTechLabResearch,Research10",
          "Row": 0,
          "Column": 1
        }
      ]
    }
  ],
  "AddedOnArray": [
    {
      "UnitLink": "Barracks",
      "BehaviorLink": "BarracksTechLab",
      "ParentBehaviorLink": "AddonIsWorking"
    },
    {
      "UnitLink": "Factory",
      "BehaviorLink": "FactoryTechLab",
      "ParentBehaviorLink": "AddonIsWorking"
    },
    {
      "UnitLink": "Starport",
      "BehaviorLink": "StarportTechLab",
      "ParentBehaviorLink": "AddonIsWorking"
    }
  ],
  "GlossaryPriority": 337,
  "HotkeyCategory": "Unit/Category/TerranUnits",
  "Icon": "btn-building-terran-techlab",
  "LifeArmorIcon": "btn-upgrade-terran-buildingarmor",
  "ShieldArmorIcon": "btn-upgrade-protoss-shieldslevel0",
  "Id": "FactoryTechLab",
  "Behaviors": [
    {
      "Link": "TerranBuildingBurnDown",
      "Id": "TerranBuildingBurnDown"
    }
  ],
  "Upgrades": [
    {
      "Link": "TerranBuildingArmor",
      "Id": "TerranBuildingArmor",
      "Icon": "btn-upgrade-terran-buildingarmor",
      "Name": "Neosteel Armor"
    }
  ],
  "Abilities": [
    {
      "Link": "BuildInProgress",
      "Id": "BuildInProgress",
      "Name": "Build in Progress"
    },
    {
      "Link": "que5Addon",
      "Id": "que5Addon",
      "Name": "Queue"
    },
    {
      "Link": "BarracksTechLabMorph",
      "Id": "BarracksTechLabMorph",
      "Name": "Tech Lab Morph (Barracks)"
    },
    {
      "Link": "TechLabMorph",
      "Id": "TechLabMorph",
      "Name": "Tech Lab Morph (Detached)"
    },
    {
      "Link": "StarportTechLabMorph",
      "Id": "StarportTechLabMorph",
      "Name": "Tech Lab Morph (Starport)"
    },
    {
      "Link": "FactoryTechLabResearch",
      "Id": "FactoryTechLabResearch",
      "Name": "Tech Lab Research (Factory)"
    }
  ],
  "Requirements": [],
  "Production": [
    {
      "Id": "HighCapacityBarrels",
      "Icon": "btn-upgrade-terran-infernalpreigniter",
      "Name": "Infernal Pre-Igniter"
    },
    {
      "Id": "DrillClaws",
      "Icon": "btn-upgrade-terran-researchdrillingclaws",
      "Name": "Drilling Claws"
    },
    {
      "Id": "SmartServos",
      "Icon": "btn-upgrade-terran-transformationservos",
      "Name": "Smart Servos"
    },
    {
      "Id": "CycloneLockOnDamageUpgrade",
      "Icon": "btn-upgrade-terran-magfieldaccelerator",
      "Name": "Mag-Field Accelerator"
    }
  ],
  "Producers": [
    {
      "Id": "Factory",
      "Icon": "btn-building-terran-factory",
      "Description": "Vehicle-production facility. <br/><br/><span style=\"color: #ffff8a\">Enables:</span><br/>- Hellions<br/>- Widow Mines<br/>- Cyclones",
      "Name": "Factory"
    },
    {
      "Id": "FactoryFlying",
      "Icon": "btn-building-terran-factory",
      "Description": "Factory must land to start unit production.",
      "Name": "Factory"
    }
  ],
  "Commands": [
    {
      "Id": "Cancel",
      "Icon": "btn-command-cancel",
      "Tooltip": "Drops the current order without performing it, and allows you to select a different order.",
      "Name": "Cancel",
      "AbilCmd": "que5Addon,CancelLast"
    },
    {
      "Id": "ResearchHighCapacityBarrels",
      "Icon": "btn-upgrade-terran-infernalpreigniter",
      "Tooltip": "Improves the <span style=\"color: #ffff8a\">Hellion's</span> Infernal Flamethrower to deal +5 damage vs. light units and the <span style=\"color: #ffff8a\">Hellbat's</span> Napalm Spray to deal +12 damage vs. light units.",
      "Name": "Research Infernal Pre-Igniter",
      "AbilCmd": "FactoryTechLabResearch,Research2"
    },
    {
      "Id": "CancelBuilding",
      "Icon": "btn-command-cancel",
      "Tooltip": "Cancels construction of this structure, destroying the structure and giving a partial refund.",
      "Name": "Cancel",
      "AbilCmd": "BuildInProgress,Cancel"
    },
    {
      "Id": "ResearchDrillClaws",
      "Icon": "btn-upgrade-terran-researchdrillingclaws",
      "Tooltip": "Allows <span style=\"color: #ffff8a\">Widow Mines</span> to burrow and activate three times as fast.",
      "Name": "Research Drilling Claws",
      "AbilCmd": "FactoryTechLabResearch,Research5"
    },
    {
      "Id": "ResearchSmartServos",
      "Icon": "btn-upgrade-terran-transformationservos",
      "Tooltip": "Allows <span style=\"color: #ffff8a\">Hellions</span>, <span style=\"color: #ffff8a\">Hellbats</span>, <span style=\"color: #ffff8a\">Vikings</span>, and <span style=\"color: #ffff8a\">Thors</span> to transform quickly between combat modes.",
      "Name": "Research Smart Servos",
      "AbilCmd": "FactoryTechLabResearch,Research7"
    },
    {
      "Id": "CycloneResearchLockOnDamageUpgrade",
      "Icon": "btn-upgrade-terran-magfieldaccelerator",
      "Tooltip": "Increases <span style=\"color: #ffff8a\">Cyclone</span> Lock On damage. Deals 400 damage (+400 vs. Armored) over <b>20</b> seconds to ground and flying targets.",
      "Name": "Research Mag-Field Accelerator",
      "AbilCmd": "FactoryTechLabResearch,Research10"
    }
  ]
}