{
  "Name": "Feeding Pool",
  "Description": "<span style=\"color: #FFFF80\">Provides supply.</span><br/>Supply allows you to create more units.<br/>Boosts production of nearby structures and heals nearby damaged units.",
  "DeathRevealFilters": "Visible;Player,Ally,Neutral,Missile,Dead,Hidden",
  "DeathRevealRadius": 3,
  "DeathRevealDuration": 4,
  "DeathRevealType": "Snapshot",
  "Race": "Xayi",
  "DefaultAcquireLevel": "Offensive",
  "Response": "Acquire",
  "ResourceState": "Unknown",
  "ResourceType": "Unknown",
  "LifeStart": 450,
  "LifeMax": 450,
  "LifeArmorName": "Xayid Structure Armor",
  "Mover": "Ground",
  "StationaryTurningRate": 720,
  "TurningRate": 720,
  "Radius": 1,
  "SeparationRadius": 0.9375,
  "MinimapRadius": 1,
  "EditorCategories": {
    "ObjectType": "Structure",
    "ObjectFamily": "Melee"
  },
  "TacticalAIFilters": "-;Player,Ally,Neutral",
  "AIEvalFactor": 1,
  "Mass": 0.4,
  "FlagArray": [
    "Unclickable",
    "Unhighlightable",
    "Untooltipable",
    "KillCredit",
    "ShowResources",
    "ClearRallyOnTargetLost",
    "PlayerRevivable",
    "CameraFollow",
    "PreventDefeat",
    "PreventDestroy",
    "PenaltyRevealed",
    "UseLineOfSight",
    "TownAlert",
    "NoPortraitTalk",
    "ArmorDisabledWhileConstructing"
  ],
  "EditorFlags": [
    "BlockStructures"
  ],
  "PushPriority": 10,
  "LeaderAlias": "FeedingPool",
  "HotkeyAlias": "FeedingPool",
  "SelectAlias": "FeedingPool",
  "SubgroupAlias": "FeedingPool",
  "OccludeHeight": 0.75,
  "TacticalAI": "FeedingPool",
  "AIEvaluateAlias": "FeedingPool",
  "ReviveType": "FeedingPool",
  "PawnItemReduction": 1,
  "Fidget": {
    "DelayMax": 30,
    "DelayMin": 10,
    "DistanceMax": 4,
    "DistanceMin": 1,
    "TurnAngle": 90,
    "TurningRate": 90,
    "ChanceArray": {
      "Idle": 100
    }
  },
  "ReviveInfoBase": {
    "Charge": {
      "Link": "FeedingPool/Revive",
      "Location": "Unit"
    },
    "Cooldown": {
      "Link": "FeedingPool/Revive",
      "Location": "Unit"
    }
  },
  "InnerRadiusSafetyMultiplier": 1,
  "ArmorType": "Unknown",
  "FogVisibility": "Snapshot",
  "PlaneArray": [
    "Ground"
  ],
  "Collide": [
    "Burrow",
    "Ground",
    "Structure",
    "RoachBurrow",
    "ForceField"
  ],
  "Attributes": [
    "Armored",
    "Biological",
    "Structure"
  ],
  "LifeArmor": 1,
  "LifeRegenDelay": 3,
  "LifeRegenRate": 0.5,
  "Sight": 10,
  "CostCategory": "Technology",
  "ScoreResult": "BuildOrder",
  "HotkeyCategory": "Unit/Category/XayidUnits",
  "Food": 8,
  "CostResource": {
    "Minerals": 100
  },
  "CardLayouts": [
    {
      "LayoutButtons": [
        {
          "Face": "CancelBuilding",
          "Type": "AbilCmd",
          "AbilCmd": "BuildInProgress,Cancel",
          "Row": 2,
          "Column": 4
        },
        {
          "Face": "Supplimentation",
          "Type": "Passive",
          "Row": 2,
          "Column": 0
        }
      ]
    }
  ],
  "InnerRadius": 0.9375,
  "Footprint": "Footprint2x2Xayid",
  "PlacementFootprint": "Footprint2x2Xayid",
  "ScoreMake": 100,
  "ScoreKill": 100,
  "SubgroupPriority": 30,
  "GlossaryPriority": 3,
  "Icon": "btn-building-xayid-feedingpool",
  "LifeArmorIcon": "btn-upgrade-zerg-buildingarmor",
  "ShieldArmorIcon": "btn-upgrade-protoss-shieldslevel0",
  "Id": "FeedingPool",
  "Behaviors": [
    {
      "Link": "SupplimentationOutput",
      "Id": "SupplimentationOutput"
    },
    {
      "Link": "FeedingPoolPower",
      "Id": "FeedingPoolPower"
    }
  ],
  "Upgrades": [],
  "Abilities": [
    {
      "Link": "BuildInProgress",
      "Id": "BuildInProgress",
      "Name": "Build in Progress"
    },
    {
      "Link": "Rally",
      "Id": "Rally",
      "Name": "Rally"
    }
  ],
  "Requirements": [],
  "Production": [],
  "Producers": [
    {
      "Id": "Scavenger",
      "Icon": "btn-unit-xayid-scavenger",
      "Description": "Basic builder and worker unit.<br/><br/><span style=\"color: #FFFF80\">Can attack ground units.</span>",
      "Name": "Scavenger"
    }
  ],
  "Commands": [
    {
      "Id": "CancelBuilding",
      "Icon": "btn-command-cancel",
      "Tooltip": "Cancels construction of this structure, destroying the structure and giving a partial refund.",
      "Name": "Cancel",
      "AbilCmd": "BuildInProgress,Cancel"
    }
  ]
}