{
  "Name": "Ferrion",
  "Description": "Transport and detector flyer.<br/><br/><span style=\"color: #FFFF00\">Detector</span>",
  "DeathRevealFilters": "Visible;Player,Ally,Neutral,Missile,Dead,Hidden",
  "DeathRevealRadius": 3,
  "DeathRevealDuration": 4,
  "DeathRevealType": "Snapshot",
  "Race": "Xayi",
  "DefaultAcquireLevel": "Offensive",
  "Response": "Acquire",
  "ResourceState": "Unknown",
  "ResourceType": "Unknown",
  "LifeStart": 175,
  "LifeMax": 175,
  "LifeArmorName": "Xayid Flyer Carapace",
  "Mover": "Fly",
  "StationaryTurningRate": 990,
  "TurningRate": 990,
  "Radius": 0.625,
  "SeparationRadius": 0.625,
  "MinimapRadius": 0.625,
  "EditorCategories": {
    "ObjectType": "Unit",
    "ObjectFamily": "Melee"
  },
  "TacticalAIFilters": "-;Player,Ally,Neutral",
  "AIEvalFactor": 1,
  "Mass": 0.4,
  "FlagArray": [
    "Turnable",
    "Movable",
    "Unclickable",
    "Unhighlightable",
    "Untooltipable",
    "KillCredit",
    "ShowResources",
    "ClearRallyOnTargetLost",
    "PlayerRevivable",
    "CameraFollow",
    "PreventDestroy",
    "UseLineOfSight",
    "ArmySelect",
    "AISupport",
    "AIFleeDamageDisabled"
  ],
  "EditorFlags": [
    "BlockStructures"
  ],
  "PushPriority": 10,
  "LeaderAlias": "Ferrion",
  "HotkeyAlias": "Ferrion",
  "SelectAlias": "Ferrion",
  "SubgroupAlias": "Ferrion",
  "OccludeHeight": 0.75,
  "TacticalAI": "Ferrion",
  "AIEvaluateAlias": "Ferrion",
  "ReviveType": "Ferrion",
  "PawnItemReduction": 1,
  "Fidget": {
    "DelayMax": 30,
    "DelayMin": 10,
    "DistanceMax": 4,
    "DistanceMin": 1,
    "TurnAngle": 90,
    "TurningRate": 90,
    "ChanceArray": {
      "Idle": 100
    }
  },
  "ReviveInfoBase": {
    "Charge": {
      "Link": "Ferrion/Revive",
      "Location": "Unit"
    },
    "Cooldown": {
      "Link": "Ferrion/Revive",
      "Location": "Unit"
    }
  },
  "InnerRadiusSafetyMultiplier": 1,
  "ArmorType": "Unknown",
  "Acceleration": 3,
  "Attributes": [
    "Biological"
  ],
  "AttackTargetPriority": 20,
  "CardLayouts": [
    {
      "LayoutButtons": [
        {
          "Face": "Move",
          "Type": "AbilCmd",
          "AbilCmd": "move,Move",
          "Row": 0,
          "Column": 0
        },
        {
          "Face": "Stop",
          "Type": "AbilCmd",
          "AbilCmd": "stop,Stop",
          "Row": 0,
          "Column": 1
        },
        {
          "Face": "MoveHoldPosition",
          "Type": "AbilCmd",
          "AbilCmd": "move,HoldPos",
          "Row": 0,
          "Column": 2
        },
        {
          "Face": "MovePatrol",
          "Type": "AbilCmd",
          "AbilCmd": "move,Patrol",
          "Row": 0,
          "Column": 3
        },
        {
          "Face": "Attack",
          "Type": "AbilCmd",
          "AbilCmd": "attack,Execute",
          "Row": 0,
          "Column": 4
        },
        {
          "Face": "AcquireMove",
          "Type": "AbilCmd",
          "AbilCmd": "move,AcquireMove",
          "Row": 0,
          "Column": 4
        },
        {
          "Face": "LoadFerrion",
          "Type": "AbilCmd",
          "AbilCmd": "TransportFerrion,Load",
          "Row": 2,
          "Column": 2
        },
        {
          "Face": "Detector",
          "Type": "Passive",
          "Behavior": "Detector11",
          "Row": 1,
          "Column": 4
        },
        {
          "Face": "UnloadAllFerrion",
          "Type": "AbilCmd",
          "AbilCmd": "TransportFerrion,UnloadAt",
          "Row": 2,
          "Column": 3
        }
      ]
    }
  ],
  "PlaneArray": [
    "Air"
  ],
  "Collide": [
    "Flying"
  ],
  "LifeRegenDelay": 3,
  "LifeRegenRate": 0.5,
  "Sight": 10,
  "CostCategory": "Army",
  "ScoreResult": "BuildOrder",
  "GlossaryCategory": "Unit/Category/XayidUnits",
  "HotkeyCategory": "Unit/Category/XayidUnits",
  "ScoreKillCostFactor": {
    "Minerals": 1,
    "Vespene": 1
  },
  "ScoreMakeCostFactor": {
    "Minerals": 1,
    "Vespene": 1
  },
  "Height": 3.95,
  "VisionHeight": 4,
  "GlossaryAlias": "Ferrion",
  "Speed": 3.25,
  "LifeArmor": 1,
  "Food": -2,
  "CostResource": {
    "Minerals": 125,
    "Vespene": 75
  },
  "GlossaryPriority": 10,
  "SubgroupPriority": 78,
  "Deceleration": 6,
  "Icon": "btn-unit-xayid-ferrion",
  "LifeArmorIcon": "btn-upgrade-zerg-pneumatizedcarapace",
  "ShieldArmorIcon": "btn-upgrade-protoss-shieldslevel0",
  "Id": "Ferrion",
  "Behaviors": [
    {
      "Link": "Detector11",
      "Id": "Detector11",
      "Tooltip": "This unit can detect cloaked or burrowed units within its sight range.",
      "Name": "Detector"
    }
  ],
  "Upgrades": [
    {
      "Link": "XayidFlyerCarapace",
      "Id": "XayidFlyerCarapace",
      "Name": "Xayid Flyer Carapace"
    },
    {
      "Link": "XayidFlyerCarapaceLevel1",
      "Id": "XayidFlyerCarapaceLevel1",
      "Icon": "btn-upgrade-xayid-airarmorlevel1",
      "Name": "Xayid Flyer Carapace Level 1"
    },
    {
      "Link": "XayidFlyerCarapaceLevel2",
      "Id": "XayidFlyerCarapaceLevel2",
      "Icon": "btn-upgrade-xayid-airarmorlevel2",
      "Name": "Xayid Flyer Carapace Level 2"
    },
    {
      "Link": "XayidFlyerCarapaceLevel3",
      "Id": "XayidFlyerCarapaceLevel3",
      "Icon": "btn-upgrade-xayid-airarmorlevel3",
      "Name": "Xayid Flyer Carapace Level 3"
    }
  ],
  "Abilities": [
    {
      "Link": "move",
      "Id": "move",
      "Name": "Move"
    },
    {
      "Link": "stop",
      "Id": "stop",
      "Name": "Stop"
    },
    {
      "Link": "TransportFerrion",
      "Id": "TransportFerrion",
      "Name": "Transport"
    }
  ],
  "Requirements": [],
  "Production": [],
  "Producers": [
    {
      "Id": "Grub",
      "Icon": "btn-unit-xayidling-grub",
      "Description": "Can mutate into various Xayid units.",
      "Name": "Grub"
    }
  ],
  "Commands": [
    {
      "Id": "Move",
      "Icon": "btn-command-move",
      "Tooltip": "Orders selected units to move to the target area or follow the target unit. Moving units will not engage enemies.",
      "Name": "Move",
      "AbilCmd": "move,Move"
    },
    {
      "Id": "Stop",
      "Icon": "btn-command-stop",
      "Tooltip": "Orders selected units to cancel all orders and stop moving.",
      "Name": "Stop",
      "AbilCmd": "stop,Stop"
    },
    {
      "Id": "MoveHoldPosition",
      "Icon": "btn-command-holdposition",
      "Tooltip": "Orders selected units to stay where they are and attack enemies that are within range. Units will neither chase down enemies nor move to engage.",
      "Name": "Hold Position",
      "AbilCmd": "move,HoldPos"
    },
    {
      "Id": "MovePatrol",
      "Icon": "btn-command-patrol",
      "Tooltip": "Orders selected units to patrol between their current position and the target area. Units will attack enemies and move to engage nearby enemies.",
      "Name": "Patrol",
      "AbilCmd": "move,Patrol"
    },
    {
      "Id": "Attack",
      "Icon": "btn-command-attack",
      "Tooltip": "Orders selected units to move to the target point, fighting nearby enemies along the way. Targeting a unit with the Attack command orders that it be attacked until it is destroyed.",
      "Name": "Attack",
      "AbilCmd": "attack,Execute"
    },
    {
      "Id": "AcquireMove",
      "Icon": "btn-command-attack",
      "Tooltip": "Orders selected units to move to the target area or follow the target unit. Scan-moving units will not engage enemies.",
      "Name": "Scan Move",
      "AbilCmd": "move,AcquireMove"
    },
    {
      "Id": "LoadFerrion",
      "Icon": "btn-ability-terran-load",
      "Tooltip": "Loads units into the Ferrion's hold.",
      "Name": "Load",
      "AbilCmd": "TransportFerrion,Load"
    },
    {
      "Id": "UnloadAllFerrion",
      "Icon": "btn-ability-terran-unloadall",
      "Tooltip": "Unloads all units currently loaded into the Ferrion's hold.",
      "Name": "Unload All",
      "AbilCmd": "TransportFerrion,UnloadAt"
    }
  ]
}