{
  "Name": "Field Bureau",
  "Description": "An upgrade structure that supports Political Advisors.<br/><br/><span style=\"color: #ffff8a\">Enables:</span><br/>- Political Advisors",
  "DeathRevealFilters": "Visible;Player,Ally,Neutral,Missile,Dead,Hidden",
  "DeathRevealRadius": 3,
  "DeathRevealDuration": 4,
  "DeathRevealType": "Snapshot",
  "Race": "UED",
  "DefaultAcquireLevel": "Offensive",
  "Response": "Acquire",
  "ResourceState": "Unknown",
  "ResourceType": "Unknown",
  "LifeStart": 1000,
  "LifeMax": 1000,
  "LifeArmorName": "UED Adaptive Staballoy Plating",
  "Mover": "Ground",
  "StationaryTurningRate": 719.4726,
  "TurningRate": 719.4726,
  "Radius": 1,
  "SeparationRadius": 1,
  "MinimapRadius": 1.75,
  "EditorCategories": {
    "ObjectType": "Structure",
    "ObjectFamily": "Melee"
  },
  "TacticalAIFilters": "-;Player,Ally,Neutral",
  "AIEvalFactor": 1,
  "Mass": 0.4,
  "FlagArray": [
    "Movable",
    "Unclickable",
    "Unhighlightable",
    "Untooltipable",
    "KillCredit",
    "ShowResources",
    "ClearRallyOnTargetLost",
    "PlayerRevivable",
    "CameraFollow",
    "PreventDefeat",
    "PreventDestroy",
    "PenaltyRevealed",
    "UseLineOfSight",
    "TownAlert",
    "NoPortraitTalk",
    "ArmorDisabledWhileConstructing"
  ],
  "EditorFlags": [
    "BlockStructures"
  ],
  "PushPriority": 10,
  "LeaderAlias": "FieldBureau",
  "HotkeyAlias": "FieldBureau",
  "SelectAlias": "FieldBureau",
  "SubgroupAlias": "FieldBureau",
  "OccludeHeight": 0.75,
  "TacticalAI": "FieldBureau",
  "AIEvaluateAlias": "FieldBureau",
  "ReviveType": "FieldBureau",
  "PawnItemReduction": 1,
  "Fidget": {
    "DelayMax": 30,
    "DelayMin": 10,
    "DistanceMax": 4,
    "DistanceMin": 1,
    "TurnAngle": 90,
    "TurningRate": 90,
    "ChanceArray": {
      "Idle": 100
    }
  },
  "ReviveInfoBase": {
    "Charge": {
      "Link": "FieldBureau/Revive",
      "Location": "Unit"
    },
    "Cooldown": {
      "Link": "FieldBureau/Revive",
      "Location": "Unit"
    }
  },
  "InnerRadiusSafetyMultiplier": 1,
  "ArmorType": "Unknown",
  "Facing": 225,
  "Mob": "Multiplayer",
  "FogVisibility": "Snapshot",
  "PlaneArray": [
    "Ground"
  ],
  "Collide": [
    "Burrow",
    "Ground",
    "Structure",
    "RoachBurrow",
    "ForceField",
    "Locust",
    "Phased",
    "Small"
  ],
  "Attributes": [
    "Armored",
    "Mechanical",
    "Structure"
  ],
  "LifeArmor": 1,
  "Sight": 9,
  "CostCategory": "Technology",
  "CostResource": {
    "Minerals": 125,
    "Vespene": 50
  },
  "RepairTime": 35,
  "AttackTargetPriority": 11,
  "CardLayouts": [
    {
      "LayoutButtons": [
        {
          "Face": "Cancel",
          "Type": "AbilCmd",
          "AbilCmd": "que5,CancelLast",
          "Row": 2,
          "Column": 4
        },
        {
          "Face": "CancelBuilding",
          "Type": "AbilCmd",
          "AbilCmd": "BuildInProgress,Cancel",
          "Row": 2,
          "Column": 4
        },
        {
          "Face": "AuthorizeOpticalFlare",
          "Type": "AbilCmd",
          "AbilCmd": "EngineeringBayResearch2,Research3",
          "Row": 0,
          "Column": 0
        },
        {
          "Face": "AuthorizeStrikeGrenades",
          "Type": "AbilCmd",
          "AbilCmd": "EngineeringBayResearch2,Research1",
          "Row": 0,
          "Column": 1
        }
      ]
    }
  ],
  "Footprint": "Footprint4x4UED",
  "PlacementFootprint": "Footprint4x4",
  "ScoreMake": 125,
  "ScoreKill": 125,
  "ScoreResult": "BuildOrder",
  "SubgroupPriority": 18,
  "GlossaryPriority": 256,
  "HotkeyCategory": "Unit/Category/UEDUnits",
  "Icon": "btn-structure-ued-merccompound",
  "LifeArmorIcon": "btn-upgrade-stetmann-mechagroundplating-level1",
  "ShieldArmorIcon": "btn-upgrade-protoss-shieldslevel0",
  "Id": "FieldBureau",
  "Behaviors": [
    {
      "Link": "UEDConstructionVisionDebuff",
      "Id": "UEDConstructionVisionDebuff"
    }
  ],
  "Upgrades": [],
  "Abilities": [
    {
      "Link": "BuildInProgress",
      "Id": "BuildInProgress",
      "Name": "Build in Progress"
    },
    {
      "Link": "que5",
      "Id": "que5",
      "Name": "Queue (5)"
    },
    {
      "Link": "EngineeringBayResearch2",
      "Id": "EngineeringBayResearch2",
      "Name": "Research (Engineering Bay)"
    },
    {
      "Link": "TacticsAcademyResearch",
      "Id": "TacticsAcademyResearch",
      "Name": "Research (Tactics Academy)"
    }
  ],
  "Requirements": [
    {
      "Id": "TacticsAcademy",
      "Icon": "btn-structure-ued-sciencefacility",
      "Description": "Infantry support structure. Provides equipment authorizations and unlocks research projects that enhance all infantry units.<br/><br/><span style=\"color: #ffff8a\">Enables:</span><br/>- Taranises<br/>- Lazaruses<br/>- Drakkar APCs<br/>- Defense Towers",
      "Name": "Tactics Academy"
    }
  ],
  "Production": [
    {
      "Id": "UpgradeOpticalFlare",
      "Icon": "btn-upgrade-nova-btn-upgrade-nova-flashgrenade"
    },
    {
      "Id": "StrikeGrenade",
      "Icon": "btn-ability-tychus-tychus-shreddergrenade",
      "Name": "Strike Grenade"
    }
  ],
  "Producers": [
    {
      "Id": "BeaconUED",
      "Icon": "btn-unit-terran-nova-shredder",
      "Description": "UED engineering vehicle. Can be deployed at a specified site in order to calldown Operation Headquarters from orbit.",
      "Name": "UED Beacon"
    },
    {
      "Id": "OperationHeadquarters",
      "Icon": "btn-structure-ued-biodome",
      "Description": "Primary structure. Used to receive gathered resources. Capable of deploying all UED structures aside from additional Operation Headquarters.<br/><br/><span style=\"color: #ffff8a\">Enables:</span><br/>- Salvagers<br/>- Beacons",
      "Name": "Operation Headquarters"
    }
  ],
  "Commands": [
    {
      "Id": "Cancel",
      "Icon": "btn-command-cancel",
      "Tooltip": "Drops the current order without performing it, and allows you to select a different order.",
      "Name": "Cancel",
      "AbilCmd": "que5,CancelLast"
    },
    {
      "Id": "CancelBuilding",
      "Icon": "btn-command-cancel",
      "Tooltip": "Cancels construction of this structure, destroying the structure and giving a partial refund.",
      "Name": "Cancel",
      "AbilCmd": "BuildInProgress,Cancel"
    },
    {
      "Id": "AuthorizeOpticalFlare",
      "Icon": "btn-upgrade-nova-btn-upgrade-nova-flashgrenade",
      "Tooltip": "Increases the radius of the optical flare at <span style=\"color: #FFFF80\">Political Advisors </span> by 0.5.",
      "Name": "Authorize Optical Flare",
      "AbilCmd": "EngineeringBayResearch2,Research3"
    },
    {
      "Id": "AuthorizeStrikeGrenades",
      "Icon": "btn-ability-tychus-tychus-shreddergrenade",
      "Tooltip": "Allows the effect of slowing down the strike grenades <span style=\"color: #FFFF80\">Political Advisors </span> to be added up to 2 times.",
      "Name": "Authorize Strike Grenades",
      "AbilCmd": "EngineeringBayResearch2,Research1"
    }
  ]
}