{
  "Name": "Fixer",
  "Description": "Anti-light specialist. Can use Speed Cloak and Repair.<br/><span style=\"color: #FFFF80\"><br/>Can attack ground units.</span>",
  "DeathRevealFilters": "Visible;Player,Ally,Neutral,Missile,Dead,Hidden",
  "DeathRevealRadius": 3,
  "DeathRevealDuration": 4,
  "DeathRevealType": "Snapshot",
  "Race": "Gen",
  "DefaultAcquireLevel": "Offensive",
  "Response": "Acquire",
  "ResourceState": "Unknown",
  "ResourceType": "Unknown",
  "LifeStart": 125,
  "LifeMax": 125,
  "LifeArmorName": "Ground Mechanical Plating",
  "Mover": "Ground",
  "StationaryTurningRate": 990,
  "TurningRate": 990,
  "Radius": 0.5,
  "SeparationRadius": 0.5,
  "MinimapRadius": 0.5,
  "EditorCategories": {
    "ObjectType": "Unit",
    "ObjectFamily": "Melee"
  },
  "TacticalAIFilters": "-;Player,Ally,Neutral",
  "AIEvalFactor": 1,
  "Mass": 0.4,
  "FlagArray": [
    "Turnable",
    "Movable",
    "Unclickable",
    "Unhighlightable",
    "Untooltipable",
    "KillCredit",
    "ShowResources",
    "ClearRallyOnTargetLost",
    "PlayerRevivable",
    "CameraFollow",
    "PreventDestroy",
    "UseLineOfSight",
    "ArmySelect"
  ],
  "EditorFlags": [
    "BlockStructures"
  ],
  "PushPriority": 10,
  "LeaderAlias": "Fixer",
  "HotkeyAlias": "Fixer",
  "SelectAlias": "Fixer",
  "SubgroupAlias": "Fixer",
  "OccludeHeight": 0.75,
  "TacticalAI": "Blaze",
  "AIEvaluateAlias": "Fixer",
  "ReviveType": "Fixer",
  "PawnItemReduction": 1,
  "Fidget": {
    "DelayMax": 30,
    "DelayMin": 10,
    "DistanceMax": 4,
    "DistanceMin": 1,
    "TurnAngle": 90,
    "TurningRate": 90,
    "ChanceArray": {
      "Idle": 100
    }
  },
  "ReviveInfoBase": {
    "Charge": {
      "Link": "Fixer/Revive",
      "Location": "Unit"
    },
    "Cooldown": {
      "Link": "Fixer/Revive",
      "Location": "Unit"
    }
  },
  "InnerRadiusSafetyMultiplier": 1,
  "ArmorType": "Unknown",
  "Collide": [
    "Ground",
    "ForceField"
  ],
  "Attributes": [
    "Mechanical",
    "Light"
  ],
  "LifeArmor": 0,
  "ScoreResult": "BuildOrder",
  "GlossaryAlias": "Fixer",
  "PlaneArray": [
    "Ground"
  ],
  "Sight": 9,
  "AttackTargetPriority": 20,
  "GlossaryCategory": "Unit/Category/GenetronUnits",
  "HotkeyCategory": "Unit/Category/GenetronUnits",
  "ScoreMakeCostFactor": {
    "Minerals": 1,
    "Vespene": 1
  },
  "ScoreKillCostFactor": {
    "Minerals": 1,
    "Vespene": 1
  },
  "Speed": 2.75,
  "Acceleration": 1000,
  "CostCategory": "Army",
  "CardLayouts": [
    {
      "LayoutButtons": [
        {
          "Face": "MovePatrol",
          "Type": "AbilCmd",
          "AbilCmd": "move,Patrol",
          "Row": 0,
          "Column": 3
        },
        {
          "Face": "MoveHoldPosition",
          "Type": "AbilCmd",
          "AbilCmd": "move,HoldPos",
          "Row": 0,
          "Column": 2
        },
        {
          "Face": "Attack",
          "Type": "AbilCmd",
          "AbilCmd": "attack,Execute",
          "Row": 0,
          "Column": 4
        },
        {
          "Face": "Stop",
          "Type": "AbilCmd",
          "AbilCmd": "stop,Stop",
          "Row": 0,
          "Column": 1
        },
        {
          "Face": "Move",
          "Type": "AbilCmd",
          "AbilCmd": "move,Move",
          "Row": 0,
          "Column": 0
        },
        {
          "Face": "FixerSpeedCloak",
          "Type": "AbilCmd",
          "AbilCmd": "SpeedCloak,Execute",
          "Row": 2,
          "Column": 0
        },
        {
          "Face": "Repair",
          "Type": "AbilCmd",
          "AbilCmd": "FixerRepair,Execute",
          "Row": 2,
          "Column": 1
        },
        {
          "Face": "ReactiveArmor",
          "Type": "Passive",
          "Requirements": "FixerUseReactiveArmor",
          "ShowInGlossary": 0,
          "Row": 2,
          "Column": 2
        }
      ]
    }
  ],
  "CargoSize": 2,
  "Food": -2,
  "CostResource": {
    "Minerals": 100,
    "Vespene": 50
  },
  "RepairTime": 33.6,
  "InnerRadius": 0.4375,
  "SubgroupPriority": 44,
  "GlossaryPriority": 4,
  "GlossaryStrongArray": [
    "Equalizer",
    "Zealot",
    "Marine",
    "Zergling"
  ],
  "GlossaryWeakArray": [
    "Inciter",
    "Colossus",
    "Marauder",
    "Roach"
  ],
  "Icon": "btn-unit-genetron-fixer",
  "LifeArmorIcon": "btn-upgrade-genetron-groundmechplating-level0",
  "ShieldArmorIcon": "btn-upgrade-protoss-shieldslevel0",
  "Id": "Fixer",
  "Weapons": [
    {
      "Link": "FixerFlashGun",
      "Id": "FixerFlashGun",
      "Icon": "btn-upgrade-genetron-lightmechweapons-level0",
      "Name": "Flash Gun",
      "Amount": 16,
      "AttributeBonus": {
        "Light": 8
      },
      "Kind": "Ranged",
      "TargetFilters": "Ground",
      "Range": 3,
      "Period": 1.75
    }
  ],
  "Behaviors": [
    {
      "Link": "FixerReactiveArmor",
      "Id": "FixerReactiveArmor"
    }
  ],
  "Upgrades": [
    {
      "Link": "FixerFusionWelders",
      "Id": "FixerFusionWelders",
      "Icon": "btn-upgrade-genetron-fusionwelders",
      "Name": "Fusion Welders"
    },
    {
      "Link": "FixerReactiveArmor",
      "Id": "FixerReactiveArmor",
      "Icon": "btn-upgrade-genetron-reactivearmor",
      "Name": "Reactive Armor"
    }
  ],
  "Abilities": [
    {
      "Link": "move",
      "Id": "move",
      "Name": "Move"
    },
    {
      "Link": "stop",
      "Id": "stop",
      "Name": "Stop"
    },
    {
      "Link": "attack",
      "Id": "attack",
      "Name": "Attack"
    },
    {
      "Link": "SpeedCloak",
      "Id": "SpeedCloak",
      "Name": "Speed Cloak"
    },
    {
      "Link": "FixerRepair",
      "Id": "FixerRepair",
      "Name": "Repair"
    }
  ],
  "Requirements": [],
  "Production": [],
  "Producers": [
    {
      "Id": "Manufacturer",
      "Icon": "btn-building-genetron-manufacturer",
      "Description": "Produces light-weight machines.<br/><br/><span style=\"color: #FFFF80\">Enables:</span><br/>- Spitfires",
      "Name": "Manufacturer"
    }
  ],
  "Commands": [
    {
      "Id": "MovePatrol",
      "Icon": "btn-command-patrol",
      "Tooltip": "Orders selected units to patrol between their current position and the target area. Units will attack enemies and move to engage nearby enemies.",
      "Name": "Patrol",
      "AbilCmd": "move,Patrol"
    },
    {
      "Id": "MoveHoldPosition",
      "Icon": "btn-command-holdposition",
      "Tooltip": "Orders selected units to stay where they are and attack enemies that are within range. Units will neither chase down enemies nor move to engage.",
      "Name": "Hold Position",
      "AbilCmd": "move,HoldPos"
    },
    {
      "Id": "Attack",
      "Icon": "btn-command-attack",
      "Tooltip": "Orders selected units to move to the target point, fighting nearby enemies along the way. Targeting a unit with the Attack command orders that it be attacked until it is destroyed.",
      "Name": "Attack",
      "AbilCmd": "attack,Execute"
    },
    {
      "Id": "Stop",
      "Icon": "btn-command-stop",
      "Tooltip": "Orders selected units to cancel all orders and stop moving.",
      "Name": "Stop",
      "AbilCmd": "stop,Stop"
    },
    {
      "Id": "Move",
      "Icon": "btn-command-move",
      "Tooltip": "Orders selected units to move to the target area or follow the target unit. Moving units will not engage enemies.",
      "Name": "Move",
      "AbilCmd": "move,Move"
    },
    {
      "Id": "FixerSpeedCloak",
      "Icon": "btn-ability-genetron-blazeshield",
      "Tooltip": "Cloaks, and increases movement speed by 40% for <b>2.0</b> seconds.",
      "Name": "Speed Cloak",
      "AbilCmd": "SpeedCloak,Execute"
    },
    {
      "Id": "Repair",
      "Icon": "btn-ability-terran-repair",
      "Tooltip": "Restores life to mechanical units and structures at the cost of resources.",
      "Name": "Repair",
      "AbilCmd": "FixerRepair,Execute"
    }
  ]
}