{
  "Name": "Fleet Beacon",
  "Description": "Contains upgrades for Phoenixes and Void Rays.<br/><br/><span style=\"color: #ffff8a\">Enables:</span><br/>- Tempests at the Stargate</n>- Carriers at the Stargate<br/>- Mothership from the Nexus",
  "DeathRevealFilters": "Visible;Player,Ally,Neutral,Missile,Dead,Hidden",
  "DeathRevealRadius": 3,
  "DeathRevealDuration": 4,
  "DeathRevealType": "Snapshot",
  "Race": "Prot",
  "DefaultAcquireLevel": "Offensive",
  "Response": "Acquire",
  "ResourceState": "Unknown",
  "ResourceType": "Unknown",
  "LifeStart": 500,
  "LifeMax": 500,
  "LifeArmorName": "Protoss Armor",
  "Mover": "Ground",
  "StationaryTurningRate": 719.4726,
  "TurningRate": 719.4726,
  "Radius": 1.5,
  "SeparationRadius": 1.5,
  "MinimapRadius": 1.5,
  "EditorCategories": {
    "ObjectType": "Structure",
    "ObjectFamily": "Melee"
  },
  "TacticalAIFilters": "-;Player,Ally,Neutral",
  "AIEvalFactor": 1,
  "Mass": 0.4,
  "FlagArray": [
    "Movable",
    "Unclickable",
    "Unhighlightable",
    "Untooltipable",
    "KillCredit",
    "ShowResources",
    "ClearRallyOnTargetLost",
    "PlayerRevivable",
    "CameraFollow",
    "PreventDefeat",
    "PreventDestroy",
    "PenaltyRevealed",
    "UseLineOfSight",
    "TownAlert",
    "NoPortraitTalk",
    "ArmorDisabledWhileConstructing"
  ],
  "EditorFlags": [
    "BlockStructures"
  ],
  "PushPriority": 10,
  "LeaderAlias": "FleetBeacon",
  "HotkeyAlias": "FleetBeacon",
  "SelectAlias": "FleetBeacon",
  "SubgroupAlias": "FleetBeacon",
  "OccludeHeight": 0.75,
  "TacticalAI": "FleetBeacon",
  "AIEvaluateAlias": "FleetBeacon",
  "ReviveType": "FleetBeacon",
  "PawnItemReduction": 1,
  "Fidget": {
    "DelayMax": 30,
    "DelayMin": 10,
    "DistanceMax": 4,
    "DistanceMin": 1,
    "TurnAngle": 90,
    "TurningRate": 90,
    "ChanceArray": {
      "Idle": 100
    }
  },
  "ReviveInfoBase": {
    "Charge": {
      "Link": "FleetBeacon/Revive",
      "Location": "Unit"
    },
    "Cooldown": {
      "Link": "FleetBeacon/Revive",
      "Location": "Unit"
    }
  },
  "InnerRadiusSafetyMultiplier": 1,
  "ArmorType": "Unknown",
  "Facing": 315,
  "Mob": "Multiplayer",
  "FogVisibility": "Snapshot",
  "LifeArmor": 1,
  "ShieldsStart": 500,
  "ShieldsMax": 500,
  "ShieldRegenRate": 2,
  "ShieldArmorName": "Protoss Plasma Shields",
  "AttackTargetPriority": 11,
  "Footprint": "Footprint3x3Contour",
  "PlacementFootprint": "Footprint3x3",
  "ScoreMake": 500,
  "ScoreKill": 500,
  "ScoreResult": "BuildOrder",
  "SubgroupPriority": 14,
  "Attributes": [
    "Armored",
    "Structure"
  ],
  "PlaneArray": [
    "Ground"
  ],
  "Collide": [
    "Burrow",
    "Ground",
    "Structure",
    "RoachBurrow",
    "ForceField",
    "Small",
    "Locust",
    "Phased"
  ],
  "Sight": 9,
  "CardLayouts": [
    {
      "LayoutButtons": [
        {
          "Face": "Cancel",
          "Type": "AbilCmd",
          "AbilCmd": "que5,CancelLast",
          "Row": 2,
          "Column": 4
        },
        {
          "Face": "CancelBuilding",
          "Type": "AbilCmd",
          "AbilCmd": "BuildInProgress,Cancel",
          "Row": 2,
          "Column": 4
        },
        {
          "Face": "AnionPulseCrystals",
          "Type": "AbilCmd",
          "AbilCmd": "FleetBeaconResearch,Research3",
          "Row": 0,
          "Column": 0
        },
        {
          "Face": "ResearchVoidRaySpeedUpgrade",
          "Type": "AbilCmd",
          "AbilCmd": "FleetBeaconResearch,Research5",
          "Row": 0,
          "Column": 1
        },
        {
          "Face": "OracleEnergyUpgrade",
          "Type": "AbilCmd",
          "AbilCmd": "FleetBeaconResearch,Research5",
          "Row": 0,
          "Column": 1
        },
        {
          "Face": "TempestResearchGroundAttackUpgrade",
          "Type": "AbilCmd",
          "AbilCmd": "FleetBeaconResearch,Research6",
          "Row": 0,
          "Column": 2
        }
      ]
    }
  ],
  "GlossaryPriority": 217,
  "HotkeyCategory": "Unit/Category/ProtossUnits",
  "CostCategory": "Technology",
  "CostResource": {
    "Minerals": 300,
    "Vespene": 200
  },
  "TechTreeUnlockedUnitArray": [
    "Mothership",
    "Carrier",
    "Tempest"
  ],
  "ShieldRegenDelay": 10,
  "Icon": "btn-building-protoss-fleetbeacon",
  "LifeArmorIcon": "btn-armor-protoss-buildingplating",
  "ShieldArmorIcon": "btn-upgrade-protoss-shieldslevel0",
  "Id": "FleetBeacon",
  "Behaviors": [
    {
      "Link": "PowerUserQueue",
      "Id": "PowerUserQueue"
    }
  ],
  "Upgrades": [
    {
      "Link": "ProtossShields",
      "Id": "ProtossShields",
      "Name": "Protoss Shields"
    },
    {
      "Link": "ProtossShieldsLevel1",
      "Id": "ProtossShieldsLevel1",
      "Icon": "btn-upgrade-protoss-shieldslevel1",
      "Name": "Protoss Shields Level 1"
    },
    {
      "Link": "ProtossShieldsLevel2",
      "Id": "ProtossShieldsLevel2",
      "Icon": "btn-upgrade-protoss-shieldslevel2",
      "Name": "Protoss Shields Level 2"
    },
    {
      "Link": "ProtossShieldsLevel3",
      "Id": "ProtossShieldsLevel3",
      "Icon": "btn-upgrade-protoss-shieldslevel3",
      "Name": "Protoss Shields Level 3"
    },
    {
      "Link": "CinematicMode",
      "Id": "CinematicMode",
      "Name": "Cinematic Mode"
    }
  ],
  "Abilities": [
    {
      "Link": "BuildInProgress",
      "Id": "BuildInProgress",
      "Name": "Build in Progress"
    },
    {
      "Link": "que5",
      "Id": "que5",
      "Name": "Queue (5)"
    },
    {
      "Link": "FleetBeaconResearch",
      "Id": "FleetBeaconResearch",
      "Name": "Research"
    }
  ],
  "Requirements": [
    {
      "Id": "Stargate",
      "Icon": "btn-building-protoss-stargate",
      "Description": "Warps in Protoss air units.<br/><br/><span style=\"color: #ffff8a\">Enables:</span><br/>- Phoenixes<br/>- Void Rays<br/>- Oracles",
      "Name": "Stargate"
    }
  ],
  "Production": [
    {
      "Id": "PhoenixRangeUpgrade",
      "Icon": "btn-upgrade-protoss-phoenixrange",
      "Name": "Anion Pulse-Crystals"
    },
    {
      "Id": "VoidRaySpeedUpgrade",
      "Icon": "btn-upgrade-protoss-fluxvanes",
      "Name": "Flux Vanes"
    },
    {
      "Id": "VoidRaySpeedUpgrade",
      "Icon": "btn-upgrade-protoss-fluxvanes",
      "Name": "Flux Vanes"
    },
    {
      "Id": "TempestGroundAttackUpgrade",
      "Icon": "btn-ability-protoss-disruptionblast",
      "Name": "Tectonic Destabilizers"
    }
  ],
  "Producers": [
    {
      "Id": "Probe",
      "Icon": "btn-unit-protoss-probe",
      "Description": "Basic worker unit. Can gather resources and warp in Protoss structures.<br/><br/><span style=\"color: #ffff8a\">Can attack ground units.</span>",
      "Name": "Probe"
    }
  ],
  "Commands": [
    {
      "Id": "Cancel",
      "Icon": "btn-command-cancel",
      "Tooltip": "Drops the current order without performing it, and allows you to select a different order.",
      "Name": "Cancel",
      "AbilCmd": "que5,CancelLast"
    },
    {
      "Id": "CancelBuilding",
      "Icon": "btn-command-cancel",
      "Tooltip": "Cancels construction of this structure, destroying the structure and giving a partial refund.",
      "Name": "Cancel",
      "AbilCmd": "BuildInProgress,Cancel"
    },
    {
      "Id": "AnionPulseCrystals",
      "Icon": "btn-upgrade-protoss-phoenixrange",
      "Tooltip": "Increases <span style=\"color: #ffff8a\">Phoenix's</span> attack range by <b>2</b>.",
      "Name": "Research Anion Pulse-Crystals",
      "AbilCmd": "FleetBeaconResearch,Research3"
    },
    {
      "Id": "ResearchVoidRaySpeedUpgrade",
      "Icon": "btn-upgrade-protoss-fluxvanes",
      "Tooltip": "Increases the speed and acceleration of the <span style=\"color: #ffff8a\">Void Ray</span>.",
      "Name": "Research Flux Vanes",
      "AbilCmd": "FleetBeaconResearch,Research5"
    },
    {
      "Id": "OracleEnergyUpgrade",
      "Icon": "btn-upgrade-protoss-researchbosoniccore",
      "Tooltip": "Increases the starting energy of Oracles by 25.",
      "Name": "Research Bosonic Core",
      "AbilCmd": "FleetBeaconResearch,Research5"
    },
    {
      "Id": "TempestResearchGroundAttackUpgrade",
      "Icon": "btn-ability-protoss-disruptionblast",
      "Tooltip": "Improves the <span style=\"color: #ffff8a\">Tempest's</span> Resonance Coil to deal +<b>40</b> damage vs structures.",
      "Name": "Research Tectonic Destabilizers",
      "AbilCmd": "FleetBeaconResearch,Research6"
    }
  ]
}