{
  "Name": "Formulator",
  "Description": "Shaped over a Vespene Geyser to allow harvesting of vespene gas.",
  "DeathRevealFilters": "Visible;Player,Ally,Neutral,Missile,Dead,Hidden",
  "DeathRevealRadius": 3,
  "DeathRevealDuration": 4,
  "DeathRevealType": "Snapshot",
  "Race": "Keir",
  "DefaultAcquireLevel": "Offensive",
  "Response": "Acquire",
  "ResourceState": "Harvestable",
  "ResourceType": "Vespene",
  "LifeStart": 600,
  "LifeMax": 600,
  "LifeArmorName": "Protoss Armor",
  "Mover": "Ground",
  "StationaryTurningRate": 719.4726,
  "TurningRate": 719.4726,
  "Radius": 1.5,
  "SeparationRadius": 1.5,
  "MinimapRadius": 1.5,
  "EditorCategories": {
    "ObjectType": "Structure",
    "ObjectFamily": "Melee"
  },
  "TacticalAIFilters": "-;Player,Ally,Neutral",
  "AIEvalFactor": 1,
  "Mass": 0.4,
  "FlagArray": [
    "Movable",
    "Unclickable",
    "Unhighlightable",
    "Untooltipable",
    "KillCredit",
    "ShowResources",
    "ClearRallyOnTargetLost",
    "PlayerRevivable",
    "CameraFollow",
    "PreventDefeat",
    "PreventDestroy",
    "PenaltyRevealed",
    "UseLineOfSight",
    "TownAlert",
    "NoPortraitTalk",
    "ArmorDisabledWhileConstructing"
  ],
  "EditorFlags": [
    "BlockStructures"
  ],
  "PushPriority": 10,
  "LeaderAlias": "Formulator",
  "HotkeyAlias": "Formulator",
  "SelectAlias": "Formulator",
  "SubgroupAlias": "Formulator",
  "OccludeHeight": 0.75,
  "TacticalAI": "Formulator",
  "AIEvaluateAlias": "Formulator",
  "ReviveType": "Formulator",
  "PawnItemReduction": 1,
  "Fidget": {
    "DelayMax": 30,
    "DelayMin": 10,
    "DistanceMax": 4,
    "DistanceMin": 1,
    "TurnAngle": 90,
    "TurningRate": 90,
    "ChanceArray": {
      "Idle": 100
    }
  },
  "ReviveInfoBase": {
    "Charge": {
      "Link": "Formulator/Revive",
      "Location": "Unit"
    },
    "Cooldown": {
      "Link": "Formulator/Revive",
      "Location": "Unit"
    }
  },
  "InnerRadiusSafetyMultiplier": 1,
  "ArmorType": "Unknown",
  "FogVisibility": "Snapshot",
  "PlaneArray": [
    "Ground"
  ],
  "Collide": [
    "Burrow",
    "Ground",
    "Structure",
    "RoachBurrow",
    "ForceField",
    "Small"
  ],
  "Attributes": [
    "Armored",
    "Structure"
  ],
  "LifeArmor": 1,
  "Sight": 9,
  "CostCategory": "Economy",
  "ScoreResult": "BuildOrder",
  "HotkeyCategory": "Unit/Category/KeironUnits",
  "LifeRegenRate": 0.25,
  "Food": 0,
  "Footprint": "FootprintGeyserRoundedBuilt",
  "PlacementFootprint": "Footprint3x3CappedGeyser",
  "ShieldArmorName": "Keiron Dispersion Shields",
  "ShieldRegenDelay": 10,
  "ShieldRegenRate": 2,
  "CardLayouts": [
    {
      "LayoutButtons": [
        {
          "Face": "CancelBuilding",
          "Type": "AbilCmd",
          "Row": 2,
          "Column": 4,
          "AbilCmd": "BuildInProgress,Cancel"
        },
        {
          "Face": "SelectBuilderKeiron",
          "Type": "SelectBuilder",
          "Row": 1,
          "Column": 3
        }
      ]
    }
  ],
  "Mob": "Multiplayer",
  "ShieldsStart": 300,
  "ShieldsMax": 300,
  "CostResource": {
    "Minerals": 75
  },
  "AttackTargetPriority": 11,
  "BuiltOn": [
    "RichVespeneGeyser",
    "RichVespeneGeyser",
    "PurifierVespeneGeyser"
  ],
  "BuildOnAs": [],
  "ScoreMake": 75,
  "ScoreKill": 75,
  "SubgroupPriority": 1,
  "GlossaryPriority": 14,
  "Icon": "btn-building-keiron-formulator",
  "LifeArmorIcon": "btn-upgrade-keiron-structurearmor",
  "ShieldArmorIcon": "btn-upgrade-keiron-shields-level0",
  "Id": "FormulatorRich",
  "Behaviors": [
    {
      "Link": "HarvestableVespeneGeyserGasKeiron",
      "Id": "HarvestableVespeneGeyserGasKeiron"
    },
    {
      "Link": "HarvestableRichVespeneGeyserGasKeiron",
      "Id": "HarvestableRichVespeneGeyserGasKeiron"
    }
  ],
  "Upgrades": [
    {
      "Link": "KeironShields",
      "Id": "KeironShields",
      "Name": "Keiron Shields"
    },
    {
      "Link": "KeironShieldsLevel1",
      "Id": "KeironShieldsLevel1",
      "Icon": "btn-upgrade-keiron-shields-level1",
      "Name": "Keiron Shields Level 1"
    },
    {
      "Link": "KeironShieldsLevel2",
      "Id": "KeironShieldsLevel2",
      "Icon": "btn-upgrade-keiron-shields-level2",
      "Name": "Keiron Shields Level 2"
    },
    {
      "Link": "KeironShieldsLevel3",
      "Id": "KeironShieldsLevel3",
      "Icon": "btn-upgrade-keiron-shields-level3",
      "Name": "Keiron Shields Level 3"
    }
  ],
  "Abilities": [
    {
      "Link": "BuildInProgress",
      "Id": "BuildInProgress",
      "Name": "Build in Progress"
    },
    {
      "Link": "ReliquaryResearch",
      "Id": "ReliquaryResearch",
      "Name": "Reliquary Research"
    }
  ],
  "Requirements": [],
  "Production": [],
  "Producers": [],
  "Commands": [
    {
      "Id": "CancelBuilding",
      "Icon": "btn-command-cancel",
      "Tooltip": "Cancels construction of this structure, destroying the structure and giving a partial refund.",
      "Name": "Cancel",
      "AbilCmd": "BuildInProgress,Cancel"
    }
  ]
}