{
  "Name": "Fuse",
  "Description": "Support unit. Can use Fusion.",
  "DeathRevealFilters": "Visible;Player,Ally,Neutral,Missile,Dead,Hidden",
  "DeathRevealRadius": 3,
  "DeathRevealDuration": 4,
  "DeathRevealType": "Snapshot",
  "Race": "Keir",
  "DefaultAcquireLevel": "Offensive",
  "Response": "Acquire",
  "ResourceState": "Unknown",
  "ResourceType": "Unknown",
  "LifeStart": 75,
  "LifeMax": 75,
  "LifeArmorName": "Keiron Biological Armor",
  "Mover": "Fly",
  "StationaryTurningRate": 1350,
  "TurningRate": 1350,
  "Radius": 0.375,
  "SeparationRadius": 0.4375,
  "MinimapRadius": 0.375,
  "EditorCategories": {
    "ObjectType": "Unit",
    "ObjectFamily": "Melee"
  },
  "TacticalAIFilters": "-;Player,Ally,Neutral",
  "AIEvalFactor": 1,
  "Mass": 0.4,
  "FlagArray": [
    "Turnable",
    "Movable",
    "Unclickable",
    "Unhighlightable",
    "Untooltipable",
    "KillCredit",
    "ShowResources",
    "ClearRallyOnTargetLost",
    "PlayerRevivable",
    "CameraFollow",
    "PreventDestroy",
    "UseLineOfSight",
    "ArmySelect"
  ],
  "EditorFlags": [
    "BlockStructures"
  ],
  "PushPriority": 10,
  "LeaderAlias": "Fuse",
  "HotkeyAlias": "Fuse",
  "SelectAlias": "Fuse",
  "SubgroupAlias": "Fuse",
  "OccludeHeight": 0.75,
  "TacticalAI": "Fuse",
  "AIEvaluateAlias": "Fuse",
  "ReviveType": "Fuse",
  "PawnItemReduction": 1,
  "Fidget": {
    "DelayMax": 30,
    "DelayMin": 10,
    "DistanceMax": 4,
    "DistanceMin": 1,
    "TurnAngle": 90,
    "TurningRate": 90,
    "ChanceArray": {
      "Idle": 100
    }
  },
  "ReviveInfoBase": {
    "Charge": {
      "Link": "Fuse/Revive",
      "Location": "Unit"
    },
    "Cooldown": {
      "Link": "Fuse/Revive",
      "Location": "Unit"
    }
  },
  "InnerRadiusSafetyMultiplier": 1,
  "ArmorType": "Unknown",
  "PlaneArray": [
    "Air"
  ],
  "Collide": [
    "Flying"
  ],
  "LifeRegenRate": 0.1718,
  "ShieldRegenDelay": 4,
  "ShieldRegenRate": 5,
  "Acceleration": 4,
  "Sight": 10,
  "CostCategory": "Army",
  "AttackTargetPriority": 20,
  "CardLayouts": [
    {
      "LayoutButtons": [
        {
          "Face": "Move",
          "Type": "AbilCmd",
          "AbilCmd": "move,Move",
          "Row": 0,
          "Column": 0
        },
        {
          "Face": "Stop",
          "Type": "AbilCmd",
          "AbilCmd": "stop,Stop",
          "Row": 0,
          "Column": 1
        },
        {
          "Face": "MoveHoldPosition",
          "Type": "AbilCmd",
          "AbilCmd": "move,HoldPos",
          "Row": 0,
          "Column": 2
        },
        {
          "Face": "MovePatrol",
          "Type": "AbilCmd",
          "AbilCmd": "move,Patrol",
          "Row": 0,
          "Column": 3
        },
        {
          "Face": "Attack",
          "Type": "AbilCmd",
          "AbilCmd": "attack,Execute",
          "Row": 0,
          "Column": 4
        },
        {
          "Face": "AcquireMove",
          "Type": "AbilCmd",
          "AbilCmd": "move,AcquireMove",
          "Row": 0,
          "Column": 4
        },
        {
          "Face": "Rally",
          "Type": "AbilCmd",
          "AbilCmd": "ProgressRally,Rally1",
          "Row": 2,
          "Column": 4
        },
        {
          "Face": "Fusion",
          "Type": "AbilCmd",
          "AbilCmd": "FuseFusion,Execute",
          "Row": 2,
          "Column": 0
        }
      ]
    }
  ],
  "ScoreMakeCostFactor": {
    "Minerals": 1,
    "Vespene": 1
  },
  "ScoreKillCostFactor": {
    "Minerals": 1,
    "Vespene": 1
  },
  "ScoreResult": "BuildOrder",
  "GlossaryCategory": "Unit/Category/KeironUnits",
  "GlossaryAlias": "Fuse",
  "HotkeyCategory": "Unit/Category/KeironUnits",
  "ShieldArmorName": "Keiron Dispersion Shields",
  "Height": 3.75,
  "VisionHeight": 4,
  "Attributes": [
    "Light",
    "Biological"
  ],
  "ShieldsStart": 150,
  "ShieldsMax": 150,
  "Speed": 4,
  "Food": -2,
  "CostResource": {
    "Minerals": 75,
    "Vespene": 50
  },
  "EffectArray": {
    "Create": "AstralConduitEchoDelay"
  },
  "SubgroupPriority": 21,
  "GlossaryPriority": 31,
  "LateralAcceleration": 6,
  "RankDisplay": "Never",
  "Icon": "btn-unit-keiron-fuse",
  "LifeArmorIcon": "btn-upgrade-keiron-biologicalarmorlevel0",
  "ShieldArmorIcon": "btn-upgrade-keiron-shields-level0",
  "Id": "Fuse",
  "Upgrades": [
    {
      "Link": "KeironBioArmor",
      "Id": "KeironBioArmor",
      "Name": "Keiron Bio Armor"
    },
    {
      "Link": "KeironShields",
      "Id": "KeironShields",
      "Name": "Keiron Shields"
    },
    {
      "Link": "KeironBioArmorLevel1",
      "Id": "KeironBioArmorLevel1",
      "Icon": "btn-upgrade-keiron-biologicalarmorlevel1",
      "Name": "Keiron Biological Armor Level 1"
    },
    {
      "Link": "KeironBioArmorLevel2",
      "Id": "KeironBioArmorLevel2",
      "Icon": "btn-upgrade-keiron-biologicalarmorlevel2",
      "Name": "Keiron Biological Armor Level 2"
    },
    {
      "Link": "KeironBioArmorLevel3",
      "Id": "KeironBioArmorLevel3",
      "Icon": "btn-upgrade-keiron-biologicalarmorlevel3",
      "Name": "Keiron Biological Armor Level 3"
    },
    {
      "Link": "KeironShieldsLevel1",
      "Id": "KeironShieldsLevel1",
      "Icon": "btn-upgrade-keiron-shields-level1",
      "Name": "Keiron Shields Level 1"
    },
    {
      "Link": "KeironShieldsLevel2",
      "Id": "KeironShieldsLevel2",
      "Icon": "btn-upgrade-keiron-shields-level2",
      "Name": "Keiron Shields Level 2"
    },
    {
      "Link": "KeironShieldsLevel3",
      "Id": "KeironShieldsLevel3",
      "Icon": "btn-upgrade-keiron-shields-level3",
      "Name": "Keiron Shields Level 3"
    }
  ],
  "Abilities": [
    {
      "Link": "move",
      "Id": "move",
      "Name": "Move"
    },
    {
      "Link": "stop",
      "Id": "stop",
      "Name": "Stop"
    },
    {
      "Link": "ProgressRally",
      "Id": "ProgressRally",
      "Name": "Progress Rally"
    },
    {
      "Link": "KeironWarpable",
      "Id": "KeironWarpable",
      "Name": "Keiron Warpable"
    },
    {
      "Link": "FuseFusion",
      "Id": "FuseFusion",
      "Name": "Fusion"
    }
  ],
  "Requirements": [],
  "Production": [],
  "Producers": [
    {
      "Id": "Citadel",
      "Icon": "btn-building-keiron-citadel",
      "Description": "Primary structure. Used to create all Keiron units and receive gathered resources. Can be upgraded to use Energize.",
      "Name": "Citadel"
    },
    {
      "Id": "CitadelCharged",
      "Icon": "btn-building-keiron-citadel",
      "Description": "Primary structure. Used to create all Keiron units and receive gathered resources. Can use Energize.",
      "Name": "Citadel"
    }
  ],
  "Commands": [
    {
      "Id": "Move",
      "Icon": "btn-command-move",
      "Tooltip": "Orders selected units to move to the target area or follow the target unit. Moving units will not engage enemies.",
      "Name": "Move",
      "AbilCmd": "move,Move"
    },
    {
      "Id": "Stop",
      "Icon": "btn-command-stop",
      "Tooltip": "Orders selected units to cancel all orders and stop moving.",
      "Name": "Stop",
      "AbilCmd": "stop,Stop"
    },
    {
      "Id": "MoveHoldPosition",
      "Icon": "btn-command-holdposition",
      "Tooltip": "Orders selected units to stay where they are and attack enemies that are within range. Units will neither chase down enemies nor move to engage.",
      "Name": "Hold Position",
      "AbilCmd": "move,HoldPos"
    },
    {
      "Id": "MovePatrol",
      "Icon": "btn-command-patrol",
      "Tooltip": "Orders selected units to patrol between their current position and the target area. Units will attack enemies and move to engage nearby enemies.",
      "Name": "Patrol",
      "AbilCmd": "move,Patrol"
    },
    {
      "Id": "Attack",
      "Icon": "btn-command-attack",
      "Tooltip": "Orders selected units to move to the target point, fighting nearby enemies along the way. Targeting a unit with the Attack command orders that it be attacked until it is destroyed.",
      "Name": "Attack",
      "AbilCmd": "attack,Execute"
    },
    {
      "Id": "AcquireMove",
      "Icon": "btn-command-attack",
      "Tooltip": "Orders selected units to move to the target area or follow the target unit. Scan-moving units will not engage enemies.",
      "Name": "Scan Move",
      "AbilCmd": "move,AcquireMove"
    },
    {
      "Id": "Rally",
      "Icon": "btn-ability-terran-setrallypoint",
      "Tooltip": "Sends constructed units to the designated point. Workers rallied to resources will begin gathering automatically.",
      "Name": "Set Rally Point",
      "AbilCmd": "ProgressRally,Rally1"
    },
    {
      "Id": "Fusion",
      "Icon": "btn-ability-zerg-dehaka-levelup",
      "Tooltip": "Fuses the caster to the target unit, granting it an additional <b>150</b> maximum shields.",
      "Name": "Fusion",
      "AbilCmd": "FuseFusion,Execute"
    }
  ]
}