{
  "Name": "Garmr",
  "Description": "Genetically engineered monstrosity. Its fiery breath is effective against lightly-armored targets, and it can tunnel through the ground to cross vast distances quickly.<br/><br/><span style=\"color: #ffff8a\">Can attack ground units.</span>",
  "DeathRevealFilters": "Visible;Player,Ally,Neutral,Missile,Dead,Hidden",
  "DeathRevealRadius": 3,
  "DeathRevealDuration": 4,
  "DeathRevealType": "Snapshot",
  "Race": "UED",
  "DefaultAcquireLevel": "Offensive",
  "Response": "Acquire",
  "ResourceState": "Unknown",
  "ResourceType": "Unknown",
  "LifeStart": 45,
  "LifeMax": 45,
  "LifeArmorName": "UED Beathanium-Infused Carapace",
  "Mover": "Ground",
  "StationaryTurningRate": 999.8437,
  "TurningRate": 999.8437,
  "Radius": 0.325,
  "SeparationRadius": 0.5,
  "MinimapRadius": 0.5,
  "EditorCategories": {
    "ObjectType": "Unit",
    "ObjectFamily": "Melee"
  },
  "TacticalAIFilters": "-;Player,Ally,Neutral",
  "AIEvalFactor": 1,
  "Mass": 0.4,
  "FlagArray": [
    "Turnable",
    "Movable",
    "Unclickable",
    "Unhighlightable",
    "Untooltipable",
    "KillCredit",
    "ShowResources",
    "ClearRallyOnTargetLost",
    "PlayerRevivable",
    "CameraFollow",
    "PreventDestroy",
    "UseLineOfSight",
    "ArmySelect"
  ],
  "EditorFlags": [
    "BlockStructures"
  ],
  "PushPriority": 10,
  "LeaderAlias": "Garmr",
  "HotkeyAlias": "Garmr",
  "SelectAlias": "Garmr",
  "SubgroupAlias": "Garmr",
  "OccludeHeight": 0.75,
  "TacticalAI": "Roach",
  "AIEvaluateAlias": "Garmr",
  "ReviveType": "Garmr",
  "PawnItemReduction": 1,
  "Fidget": {
    "DelayMax": 30,
    "DelayMin": 10,
    "DistanceMax": 4,
    "DistanceMin": 1,
    "TurnAngle": 90,
    "TurningRate": 90,
    "ChanceArray": {
      "Idle": 33,
      "Anim": 33,
      "Turn": 33
    }
  },
  "ReviveInfoBase": {
    "Charge": {
      "Link": "Garmr/Revive",
      "Location": "Unit"
    },
    "Cooldown": {
      "Link": "Garmr/Revive",
      "Location": "Unit"
    }
  },
  "InnerRadiusSafetyMultiplier": 1,
  "ArmorType": "Unknown",
  "Mob": "Multiplayer",
  "PlaneArray": [
    "Ground"
  ],
  "Collide": [
    "Ground",
    "ForceField",
    "Locust",
    "Small"
  ],
  "Attributes": [
    "Light",
    "Biological"
  ],
  "Speed": 3.6015,
  "Acceleration": 1000,
  "LateralAcceleration": 46.0625,
  "Sight": 9,
  "Food": -1,
  "CostCategory": "Army",
  "CostResource": {
    "Minerals": 50
  },
  "AttackTargetPriority": 20,
  "DamageDealtXP": 1,
  "DamageTakenXP": 1,
  "KillXP": 15,
  "CardLayouts": [
    {
      "LayoutButtons": [
        {
          "Face": "Move",
          "Type": "AbilCmd",
          "AbilCmd": "moveUED,Move",
          "Row": 0,
          "Column": 0
        },
        {
          "Face": "Stop",
          "Type": "AbilCmd",
          "AbilCmd": "stop,Stop",
          "Row": 0,
          "Column": 1
        },
        {
          "Face": "MoveHoldPosition",
          "Type": "AbilCmd",
          "AbilCmd": "moveUED,HoldPos",
          "Row": 0,
          "Column": 2
        },
        {
          "Face": "Attack",
          "Type": "AbilCmd",
          "AbilCmd": "attackUED,Execute",
          "Row": 0,
          "Column": 4
        },
        {
          "Face": "MovePatrol",
          "Type": "AbilCmd",
          "AbilCmd": "moveUED,Patrol",
          "Row": 0,
          "Column": 3
        },
        {
          "Face": "BurrowChargeGarmr",
          "Type": "AbilCmd",
          "AbilCmd": "BurrowChargeRevD2,Execute",
          "ShowInGlossary": 0,
          "Row": 2,
          "Column": 0
        },
        {
          "Face": "IcarusCatalyst",
          "Type": "Passive",
          "Requirements": "UseIcarusCatalyst",
          "Row": 2,
          "Column": 1
        }
      ]
    }
  ],
  "InnerRadius": 0.325,
  "CargoSize": 1,
  "ScoreMake": 100,
  "ScoreKill": 100,
  "ScoreResult": "BuildOrder",
  "SubgroupPriority": 82,
  "GlossaryCategory": "Unit/Category/UEDUnits",
  "GlossaryPriority": 65,
  "GlossaryStrongArray": [
    "Hellion",
    "Zergling",
    "Adept"
  ],
  "GlossaryWeakArray": [
    "Marauder",
    "LurkerMP",
    "Immortal"
  ],
  "HotkeyCategory": "Unit/Category/UEDUnits",
  "KillDisplay": "Always",
  "RankDisplay": "Always",
  "Icon": "btn-ued-dog",
  "ShieldArmorIcon": "btn-upgrade-protoss-shieldslevel0",
  "Id": "Garmr",
  "Weapons": [
    {
      "Link": "CombustiveGob",
      "Id": "CombustiveGob",
      "Name": "Combustive Gob",
      "Amount": 6,
      "AttributeBonus": {
        "Light": 3
      },
      "Kind": "Ranged",
      "TargetFilters": "Ground",
      "Range": 0.1,
      "Period": 1.25
    }
  ],
  "Behaviors": [
    {
      "Link": "ExplodingBarrelLargeExplosion",
      "Id": "ExplodingBarrelLargeExplosion"
    }
  ],
  "Upgrades": [
    {
      "Link": "IcarusCatalyst",
      "Id": "IcarusCatalyst",
      "Icon": "btn-ability-mengsk-ghost-pyrokineticimmolation_orange",
      "Name": "Icarus Catalyst"
    },
    {
      "Link": "UEDArmorLevel1",
      "Id": "UEDArmorLevel1",
      "Name": "Beathanium Defensive Programming, level 1"
    },
    {
      "Link": "UEDArmorLevel2",
      "Id": "UEDArmorLevel2",
      "Name": "Beathanium Defensive Programming, level 2"
    },
    {
      "Link": "UEDArmorLevel3",
      "Id": "UEDArmorLevel3",
      "Name": "Beathanium Defensive Programming, level 3"
    },
    {
      "Link": "UEDWeaponsLevel1",
      "Id": "UEDWeaponsLevel1",
      "Name": "Light Weaponry Targeting Adjustment, level 1"
    },
    {
      "Link": "UEDWeaponsLevel2",
      "Id": "UEDWeaponsLevel2",
      "Name": "Light Weaponry Targeting Adjustment, level 2"
    },
    {
      "Link": "UEDWeaponsLevel3",
      "Id": "UEDWeaponsLevel3",
      "Name": "Light Weaponry Targeting Adjustment, level 3"
    }
  ],
  "Abilities": [
    {
      "Link": "stop",
      "Id": "stop",
      "Name": "Stop"
    },
    {
      "Link": "attackUED",
      "Id": "attackUED",
      "Name": "Attack UED"
    },
    {
      "Link": "moveUED",
      "Id": "moveUED",
      "Name": "Move UED"
    },
    {
      "Link": "BurrowChargeRevD2",
      "Id": "BurrowChargeRevD2",
      "Name": "Burrow Charge Garmr"
    }
  ],
  "Requirements": [],
  "Production": [],
  "Producers": [
    {
      "Id": "TeleportationNode",
      "Icon": "btn-ued-teleportation-node",
      "Description": "Universal production structure for the Directorate army, capable of deploying any combat units.<br/><br/><span style=\"color: #ffff8a\">Enables:</span><br/>- Garmrs<br/>- Strike Troopers<br/>- Enrichment Towers",
      "Name": "Teleportation Node"
    }
  ],
  "Commands": [
    {
      "Id": "Move",
      "Icon": "btn-command-move",
      "Tooltip": "Orders selected units to move to the target area or follow the target unit. Moving units will not engage enemies.",
      "Name": "Move",
      "AbilCmd": "moveUED,Move"
    },
    {
      "Id": "Stop",
      "Icon": "btn-command-stop",
      "Tooltip": "Orders selected units to cancel all orders and stop moving.",
      "Name": "Stop",
      "AbilCmd": "stop,Stop"
    },
    {
      "Id": "MoveHoldPosition",
      "Icon": "btn-command-holdposition",
      "Tooltip": "Orders selected units to stay where they are and attack enemies that are within range. Units will neither chase down enemies nor move to engage.",
      "Name": "Hold Position",
      "AbilCmd": "moveUED,HoldPos"
    },
    {
      "Id": "Attack",
      "Icon": "btn-command-attack",
      "Tooltip": "Orders selected units to move to the target point, fighting nearby enemies along the way. Targeting a unit with the Attack command orders that it be attacked until it is destroyed.",
      "Name": "Attack",
      "AbilCmd": "attackUED,Execute"
    },
    {
      "Id": "MovePatrol",
      "Icon": "btn-command-patrol",
      "Tooltip": "Orders selected units to patrol between their current position and the target area. Units will attack enemies and move to engage nearby enemies.",
      "Name": "Patrol",
      "AbilCmd": "moveUED,Patrol"
    },
    {
      "Id": "BurrowChargeGarmr",
      "Icon": "btn-upgrade-zerg-burrowcharge",
      "Tooltip": "Burrow and charge towards the target point. Upon unburrowing, all units in the vicinity are knocked back and dealt normal attack damage.",
      "Name": "Burrow Charge",
      "AbilCmd": "BurrowChargeRevD2,Execute"
    }
  ]
}