{
  "Name": "Gateway",
  "Description": "Warps in Protoss ground units.<br/><br/><span style=\"color: #ffff8a\">Enables:</span><br/>- Zealots",
  "DeathRevealFilters": "Visible;Player,Ally,Neutral,Missile,Dead,Hidden",
  "DeathRevealRadius": 3,
  "DeathRevealDuration": 4,
  "DeathRevealType": "Snapshot",
  "Race": "Prot",
  "DefaultAcquireLevel": "Offensive",
  "Response": "Acquire",
  "ResourceState": "Unknown",
  "ResourceType": "Unknown",
  "LifeStart": 500,
  "LifeMax": 500,
  "LifeArmorName": "Protoss Armor",
  "Mover": "Ground",
  "StationaryTurningRate": 719.4726,
  "TurningRate": 719.4726,
  "Radius": 1.75,
  "SeparationRadius": 1.75,
  "MinimapRadius": 1.75,
  "EditorCategories": {
    "ObjectType": "Structure",
    "ObjectFamily": "Melee"
  },
  "TacticalAIFilters": "-;Player,Ally,Neutral",
  "AIEvalFactor": 1,
  "Mass": 0.4,
  "FlagArray": [
    "Movable",
    "Unclickable",
    "Unhighlightable",
    "Untooltipable",
    "KillCredit",
    "ShowResources",
    "ClearRallyOnTargetLost",
    "PlayerRevivable",
    "CameraFollow",
    "PreventDefeat",
    "PreventDestroy",
    "PenaltyRevealed",
    "UseLineOfSight",
    "TownAlert",
    "NoPortraitTalk",
    "ArmorDisabledWhileConstructing"
  ],
  "EditorFlags": [
    "BlockStructures"
  ],
  "PushPriority": 10,
  "LeaderAlias": "Gateway",
  "HotkeyAlias": "Gateway",
  "SelectAlias": "Gateway",
  "SubgroupAlias": "Gateway",
  "OccludeHeight": 0.75,
  "TacticalAI": "Gateway",
  "AIEvaluateAlias": "Gateway",
  "ReviveType": "Gateway",
  "PawnItemReduction": 1,
  "Fidget": {
    "DelayMax": 30,
    "DelayMin": 10,
    "DistanceMax": 4,
    "DistanceMin": 1,
    "TurnAngle": 90,
    "TurningRate": 90,
    "ChanceArray": {
      "Idle": 100
    }
  },
  "ReviveInfoBase": {
    "Charge": {
      "Link": "Gateway/Revive",
      "Location": "Unit"
    },
    "Cooldown": {
      "Link": "Gateway/Revive",
      "Location": "Unit"
    }
  },
  "InnerRadiusSafetyMultiplier": 1,
  "ArmorType": "Unknown",
  "TechAliasArray": [
    "Alias_Gateway"
  ],
  "Facing": 315,
  "Mob": "Multiplayer",
  "FogVisibility": "Snapshot",
  "LifeArmor": 1,
  "ShieldsStart": 500,
  "ShieldsMax": 500,
  "ShieldRegenRate": 2,
  "ShieldArmorName": "Protoss Plasma Shields",
  "AttackTargetPriority": 11,
  "Footprint": "Footprint3x3Contour",
  "PlacementFootprint": "Footprint3x3",
  "ScoreMake": 150,
  "ScoreKill": 150,
  "ScoreResult": "BuildOrder",
  "SubgroupPriority": 24,
  "Attributes": [
    "Armored",
    "Structure"
  ],
  "PlaneArray": [
    "Ground"
  ],
  "Collide": [
    "Burrow",
    "Ground",
    "Structure",
    "RoachBurrow",
    "ForceField",
    "Small",
    "Locust",
    "Phased"
  ],
  "Sight": 9,
  "TacticalAIThink": "AIThinkGateway",
  "CardLayouts": [
    {
      "LayoutButtons": [
        {
          "Face": "Cancel",
          "Type": "AbilCmd",
          "AbilCmd": "que5,CancelLast",
          "Row": 2,
          "Column": 4
        },
        {
          "Face": "CancelBuilding",
          "Type": "AbilCmd",
          "AbilCmd": "BuildInProgress,Cancel",
          "Row": 2,
          "Column": 4
        },
        {
          "Face": "Cancel",
          "Type": "AbilCmd",
          "AbilCmd": "UpgradeToWarpGate,Cancel",
          "Row": 2,
          "Column": 4
        },
        {
          "Face": "Zealot",
          "Type": "AbilCmd",
          "AbilCmd": "GatewayTrain,Train1",
          "Row": 0,
          "Column": 0
        },
        {
          "Face": "Stalker",
          "Type": "AbilCmd",
          "AbilCmd": "GatewayTrain,Train2",
          "Row": 0,
          "Column": 2
        },
        {
          "Face": "HighTemplar",
          "Type": "AbilCmd",
          "AbilCmd": "GatewayTrain,Train4",
          "Row": 1,
          "Column": 0
        },
        {
          "Face": "DarkTemplar",
          "Type": "AbilCmd",
          "AbilCmd": "GatewayTrain,Train5",
          "Row": 1,
          "Column": 1
        },
        {
          "Face": "Rally",
          "Type": "AbilCmd",
          "AbilCmd": "Rally,Rally1",
          "Row": 1,
          "Column": 4
        },
        {
          "Face": "UpgradeToWarpGate",
          "Type": "AbilCmd",
          "AbilCmd": "UpgradeToWarpGate,Execute",
          "Row": 2,
          "Column": 0
        },
        {
          "Face": "Sentry",
          "Type": "AbilCmd",
          "AbilCmd": "GatewayTrain,Train6",
          "Row": 0,
          "Column": 1
        },
        {
          "Face": "WarpInAdept",
          "Type": "AbilCmd",
          "AbilCmd": "GatewayTrain,Train7",
          "Row": 0,
          "Column": 3
        }
      ]
    }
  ],
  "GlossaryPriority": 22,
  "HotkeyCategory": "Unit/Category/ProtossUnits",
  "CostCategory": "Technology",
  "CostResource": {
    "Minerals": 150
  },
  "TechTreeProducedUnitArray": [
    "WarpGate",
    "Zealot",
    "Sentry",
    "Stalker",
    "Adept",
    "HighTemplar",
    "DarkTemplar"
  ],
  "ShieldRegenDelay": 10,
  "Icon": "btn-building-protoss-gateway",
  "LifeArmorIcon": "btn-armor-protoss-buildingplating",
  "ShieldArmorIcon": "btn-upgrade-protoss-shieldslevel0",
  "Id": "Gateway",
  "Behaviors": [
    {
      "Link": "PowerUserQueue",
      "Id": "PowerUserQueue"
    },
    {
      "Link": "FastEnablerGatewayMorphingPowerSource",
      "Id": "FastEnablerGatewayMorphingPowerSource"
    },
    {
      "Link": "MorphingintoWarpGate",
      "Id": "MorphingintoWarpGate"
    }
  ],
  "Upgrades": [
    {
      "Link": "ProtossShields",
      "Id": "ProtossShields",
      "Name": "Protoss Shields"
    },
    {
      "Link": "ProtossShieldsLevel1",
      "Id": "ProtossShieldsLevel1",
      "Icon": "btn-upgrade-protoss-shieldslevel1",
      "Name": "Protoss Shields Level 1"
    },
    {
      "Link": "ProtossShieldsLevel2",
      "Id": "ProtossShieldsLevel2",
      "Icon": "btn-upgrade-protoss-shieldslevel2",
      "Name": "Protoss Shields Level 2"
    },
    {
      "Link": "ProtossShieldsLevel3",
      "Id": "ProtossShieldsLevel3",
      "Icon": "btn-upgrade-protoss-shieldslevel3",
      "Name": "Protoss Shields Level 3"
    },
    {
      "Link": "WarpGateResearch",
      "Id": "WarpGateResearch",
      "Icon": "btn-building-protoss-warpgate",
      "Name": "Warp Gate"
    },
    {
      "Link": "CinematicMode",
      "Id": "CinematicMode",
      "Name": "Cinematic Mode"
    }
  ],
  "Abilities": [
    {
      "Link": "BuildInProgress",
      "Id": "BuildInProgress",
      "Name": "Build in Progress"
    },
    {
      "Link": "que5",
      "Id": "que5",
      "Name": "Queue (5)"
    },
    {
      "Link": "GatewayTrain",
      "Id": "GatewayTrain",
      "Name": "Train (Gateway)"
    },
    {
      "Link": "Rally",
      "Id": "Rally",
      "Name": "Rally"
    },
    {
      "Link": "UpgradeToWarpGate",
      "Id": "UpgradeToWarpGate",
      "Name": "Morph Building (Gateway -> Warp Gate)"
    }
  ],
  "Requirements": [
    {
      "Id": "Nexus",
      "Icon": "btn-building-protoss-nexus",
      "Description": "Primary structure. Can receive gathered resources. Can use the Chrono Boost and Mass Recall abilities.<br/><br/><span style=\"color: #ffff8a\">Enables:</span><br/>- Probes<br/>- Mothership",
      "Name": "Nexus"
    }
  ],
  "Production": [
    {
      "Id": "Zealot",
      "Icon": "btn-unit-protoss-zealot",
      "Description": "Powerful melee warrior.<br/><br/><span style=\"color: #ffff8a\">Can attack ground units.</span>",
      "Name": "Zealot"
    },
    {
      "Id": "Stalker",
      "Icon": "btn-unit-protoss-stalker",
      "Description": "Ranged support strider.<br/><br/><span style=\"color: #ffff8a\">Can attack ground and air units.</span>",
      "Name": "Stalker"
    },
    {
      "Id": "HighTemplar",
      "Icon": "btn-unit-protoss-hightemplar",
      "Description": "Potent psionic master. Can use Feedback and be upgraded to use Psionic Storm. Can transform into an Archon.<br/><br/><span style=\"color: #ffff8a\">Can attack ground units.</span>",
      "Name": "High Templar"
    },
    {
      "Id": "DarkTemplar",
      "Icon": "btn-unit-protoss-darktemplar",
      "Description": "Deadly warrior-assassin. Cloak renders the unit invisible to enemies without detection. Can transform into an Archon.<br/><br/><span style=\"color: #ffff8a\">Can attack ground units.</span>",
      "Name": "Dark Templar"
    },
    {
      "Id": "Sentry",
      "Icon": "btn-unit-protoss-sentry",
      "Description": "Energy-manipulator unit. Can use Force Field, Guardian Shield, and Hallucination.<br/><br/><c val=\"#ColorAttackInfo\">Can attack ground and air units.</span>",
      "Name": "Sentry"
    },
    {
      "Id": "Adept",
      "Icon": "btn-unit-protoss-adept",
      "Description": "Ranged specialist. Can use Psionic Transfer.<br/><br/><c val=\"#ColorAttackInfo\">Can attack ground units.</span>",
      "Name": "Adept"
    }
  ],
  "Producers": [
    {
      "Id": "Probe",
      "Icon": "btn-unit-protoss-probe",
      "Description": "Basic worker unit. Can gather resources and warp in Protoss structures.<br/><br/><span style=\"color: #ffff8a\">Can attack ground units.</span>",
      "Name": "Probe"
    }
  ],
  "Commands": [
    {
      "Id": "Cancel",
      "Icon": "btn-command-cancel",
      "Tooltip": "Drops the current order without performing it, and allows you to select a different order.",
      "Name": "Cancel",
      "AbilCmd": "que5,CancelLast"
    },
    {
      "Id": "CancelBuilding",
      "Icon": "btn-command-cancel",
      "Tooltip": "Cancels construction of this structure, destroying the structure and giving a partial refund.",
      "Name": "Cancel",
      "AbilCmd": "BuildInProgress,Cancel"
    },
    {
      "Id": "Cancel",
      "Icon": "btn-command-cancel",
      "Tooltip": "Drops the current order without performing it, and allows you to select a different order.",
      "Name": "Cancel",
      "AbilCmd": "UpgradeToWarpGate,Cancel"
    },
    {
      "Id": "Zealot",
      "Icon": "btn-unit-protoss-zealot",
      "Tooltip": "Powerful melee warrior.<br/><br/><span style=\"color: #ffff8a\">Can attack ground units.</span>",
      "Name": "Warp In Zealot",
      "AbilCmd": "GatewayTrain,Train1"
    },
    {
      "Id": "Stalker",
      "Icon": "btn-unit-protoss-stalker",
      "Tooltip": "Ranged support strider.<br/><br/><span style=\"color: #ffff8a\">Can attack ground and air units.</span>",
      "Name": "Warp In Stalker",
      "AbilCmd": "GatewayTrain,Train2"
    },
    {
      "Id": "HighTemplar",
      "Icon": "btn-unit-protoss-hightemplar",
      "Tooltip": "Potent psionic master. Can use Feedback and be upgraded to use Psionic Storm. Can transform into an Archon.<br/><br/><span style=\"color: #ffff8a\">Can attack ground units.</span>",
      "Name": "Warp In High Templar",
      "AbilCmd": "GatewayTrain,Train4"
    },
    {
      "Id": "DarkTemplar",
      "Icon": "btn-unit-protoss-darktemplar",
      "Tooltip": "Deadly warrior-assassin. Cloak renders the unit invisible to enemies without detection. Can transform into an Archon.<br/><br/><span style=\"color: #ffff8a\">Can attack ground units.</span>",
      "Name": "Warp In Dark Templar",
      "AbilCmd": "GatewayTrain,Train5"
    },
    {
      "Id": "Rally",
      "Icon": "btn-ability-terran-setrallypoint",
      "Tooltip": "Sends constructed units to the designated point. Workers rallied to resources will begin gathering automatically.",
      "Name": "Set Rally Point",
      "AbilCmd": "Rally,Rally1"
    },
    {
      "Id": "UpgradeToWarpGate",
      "Icon": "btn-building-protoss-warpgate",
      "Tooltip": "Upgrades this Gateway to a Warp Gate, allowing it to warp in ground units to any location powered by a Pylon or Warp Prism.",
      "Name": "Transform to Warp Gate",
      "AbilCmd": "UpgradeToWarpGate,Execute"
    },
    {
      "Id": "Sentry",
      "Icon": "btn-unit-protoss-sentry",
      "Tooltip": "Energy-manipulator unit. Can use Force Field, Guardian Shield, and Hallucination.<br/><br/><c val=\"#ColorAttackInfo\">Can attack ground and air units.</span>",
      "Name": "Warp In Sentry",
      "AbilCmd": "GatewayTrain,Train6"
    },
    {
      "Id": "WarpInAdept",
      "Icon": "btn-unit-protoss-adept",
      "Tooltip": "Ranged specialist. Can use Psionic Transfer.<br/><br/><c val=\"#ColorAttackInfo\">Can attack ground units.</span>",
      "Name": "Warp In Adept",
      "AbilCmd": "GatewayTrain,Train7"
    }
  ]
}