{
  "Name": "Genesis Pit",
  "Description": "Spawns flying Dragon units. Inherits Augmentation Pit status from its parent.<br/><br/><span style=\"color: #ffff8a\">Enables:</span><br/>- Fleshreders<br/>- Aurora Conduits<br/>- Arkwyrms",
  "DeathRevealFilters": "Visible;Player,Ally,Neutral,Missile,Dead,Hidden",
  "DeathRevealRadius": 3,
  "DeathRevealDuration": 4,
  "DeathRevealType": "Snapshot",
  "Race": "Dragon",
  "DefaultAcquireLevel": "Offensive",
  "Response": "Acquire",
  "ResourceState": "Unknown",
  "ResourceType": "Unknown",
  "LifeStart": 600,
  "LifeMax": 600,
  "Mover": "Ground",
  "StationaryTurningRate": 720,
  "TurningRate": 720,
  "Radius": 1.5,
  "SeparationRadius": 1.5,
  "MinimapRadius": 1.5,
  "EditorCategories": {
    "ObjectType": "Structure",
    "ObjectFamily": "Melee"
  },
  "TacticalAIFilters": "-;Player,Ally,Neutral",
  "AIEvalFactor": 1,
  "Mass": 0.4,
  "FlagArray": [
    "Turnable",
    "Unclickable",
    "Unhighlightable",
    "Untooltipable",
    "KillCredit",
    "ShowResources",
    "ClearRallyOnTargetLost",
    "PlayerRevivable",
    "CameraFollow",
    "PreventDestroy",
    "PreventDefeat",
    "PenaltyRevealed",
    "UseLineOfSight",
    "TownAlert",
    "NoPortraitTalk",
    "ArmorDisabledWhileConstructing"
  ],
  "EditorFlags": [
    "BlockStructures"
  ],
  "PushPriority": 10,
  "LeaderAlias": "GenesisPitTowering",
  "HotkeyAlias": "GenesisPitTowering",
  "SelectAlias": "ToweringDeepOne",
  "SubgroupAlias": "ToweringDeepOne",
  "OccludeHeight": 0.75,
  "TacticalAI": "GenesisPitTowering",
  "AIEvaluateAlias": "GenesisPitTowering",
  "ReviveType": "GenesisPitTowering",
  "PawnItemReduction": 1,
  "Fidget": {
    "DelayMax": 30,
    "DelayMin": 10,
    "DistanceMax": 4,
    "DistanceMin": 1,
    "TurnAngle": 90,
    "TurningRate": 90,
    "ChanceArray": {
      "Idle": 100
    }
  },
  "ReviveInfoBase": {
    "Charge": {
      "Link": "GenesisPitTowering/Revive",
      "Location": "Unit"
    },
    "Cooldown": {
      "Link": "GenesisPitTowering/Revive",
      "Location": "Unit"
    }
  },
  "InnerRadiusSafetyMultiplier": 1,
  "ArmorType": "Unknown",
  "PlaneArray": [
    "Ground"
  ],
  "Attributes": [
    "Biological",
    "Armored",
    "Structure"
  ],
  "DamageDealtXP": 1,
  "DamageTakenXP": 1,
  "ScoreResult": "BuildOrder",
  "Mob": "Multiplayer",
  "Collide": [
    "Burrow",
    "Ground",
    "Structure",
    "RoachBurrow",
    "ForceField",
    "Locust",
    "Phased"
  ],
  "LifeArmor": 1,
  "CostCategory": "Technology",
  "AttackTargetPriority": 11,
  "FogVisibility": "Snapshot",
  "HotkeyCategory": "",
  "CardLayouts": [
    {
      "LayoutButtons": [
        {
          "Face": "Cancel",
          "Type": "AbilCmd",
          "AbilCmd": "que5PassiveCancelToSelection,CancelLast",
          "Row": 2,
          "Column": 4
        },
        {
          "Face": "CancelBuilding",
          "Type": "AbilCmd",
          "AbilCmd": "BuildInProgress,Cancel",
          "Row": 2,
          "Column": 4
        },
        {
          "Face": "Rally",
          "Type": "AbilCmd",
          "AbilCmd": "Rally,Rally1",
          "Row": 1,
          "Column": 4
        },
        {
          "Face": "Fleshrender",
          "Type": "AbilCmd",
          "AbilCmd": "ToweringDeepOneTrain,Train1",
          "Row": 0,
          "Column": 0
        },
        {
          "Face": "AuroraConduit",
          "Type": "AbilCmd",
          "AbilCmd": "ToweringDeepOneTrain,Train2",
          "Row": 0,
          "Column": 1
        },
        {
          "Face": "Arkwyrm",
          "Type": "AbilCmd",
          "AbilCmd": "ToweringDeepOneTrain,Train3",
          "Row": 0,
          "Column": 2
        },
        {
          "Face": "VolcanicHarbinger",
          "Type": "AbilCmd",
          "AbilCmd": "ToweringDeepOneTrain,Train4",
          "Row": 0,
          "Column": 3
        },
        {
          "Face": "GrimGlider",
          "Type": "AbilCmd",
          "AbilCmd": "ToweringDeepOneTrain,Train5",
          "Row": 0,
          "Column": 4
        }
      ]
    }
  ],
  "Facing": 90,
  "Sight": 8,
  "CostResource": {
    "Minerals": 75,
    "Vespene": 25
  },
  "Footprint": "Footprint3x3Contour",
  "PlacementFootprint": "Footprint3x3",
  "ScoreMake": 150,
  "ScoreKill": 150,
  "GlossaryPriority": 40,
  "Icon": "wireframe-zerg-broodlingnest",
  "LifeArmorIcon": "btn-upgrade-zerg-groundcarapace-level0",
  "ShieldArmorIcon": "btn-upgrade-protoss-shieldslevel0",
  "SubgroupPriority": 5,
  "Id": "GenesisPitTowering",
  "Behaviors": [
    {
      "Link": "DragonLineage",
      "Id": "DragonLineage",
      "Name": "Dragon Lineage"
    }
  ],
  "Upgrades": [
    {
      "Link": "DragonPlateArmors",
      "Id": "DragonPlateArmors",
      "Name": "Dragon Plate Armors"
    },
    {
      "Link": "DragonPlateArmorLevel1",
      "Id": "DragonPlateArmorLevel1",
      "Icon": "btn-upgrade-zerg-groundcarapace-level1",
      "Name": "Dragon Plate Armor Level 1"
    },
    {
      "Link": "DragonPlateArmorLevel2",
      "Id": "DragonPlateArmorLevel2",
      "Icon": "btn-upgrade-zerg-groundcarapace-level2",
      "Name": "Dragon Plate Armor Level 2"
    },
    {
      "Link": "DragonPlateArmorLevel3",
      "Id": "DragonPlateArmorLevel3",
      "Icon": "btn-upgrade-zerg-groundcarapace-level3",
      "Name": "Dragon Plate Armor Level 3"
    }
  ],
  "Abilities": [
    {
      "Link": "BuildInProgress",
      "Id": "BuildInProgress",
      "Name": "Build in Progress"
    },
    {
      "Link": "que5PassiveCancelToSelection",
      "Id": "que5PassiveCancelToSelection",
      "Name": "Queue (5) Passive (Cancel to Selection)"
    },
    {
      "Link": "Rally",
      "Id": "Rally",
      "Name": "Rally"
    },
    {
      "Link": "GenesisPit",
      "Id": "GenesisPit",
      "Name": "Genesis Pit"
    },
    {
      "Link": "GenesisPitTrain",
      "Id": "GenesisPitTrain",
      "Name": "Genesis Pit - Train"
    },
    {
      "Link": "ToweringDeepOneTrain",
      "Id": "ToweringDeepOneTrain",
      "Name": "Towering Deep One - Train"
    }
  ],
  "Requirements": [],
  "Production": [
    {
      "Id": "Fleshrender",
      "Icon": "btn-unit-zerg-scourge",
      "Description": "Fast flying melee unit.<br/><br/><c val=\"#ColorAttackInfo\">Can attack air units.</span><br/><br/><span style=\"color: #00FF00\">Ascended:<br/>+15 Life<br/>Infernal Effigy</span>",
      "Name": "Fleshrender"
    },
    {
      "Id": "AuroraConduit",
      "Icon": "btn-unit-zerg-mutalisk-broodlord",
      "Description": "Flying ranged support unit. Reduces enemy armor on attack.<br/><br/><c val=\"#ColorAttackInfo\">Can attack ground and air units.</span><br/><br/><span style=\"color: #00FF00\">Ascended:<br/>+30 Life<br/>+1 Range<br/>Nether Shock chain deals damage</span>",
      "Name": "Aurora Conduit"
    },
    {
      "Id": "Arkwyrm",
      "Icon": "btn-unit-zerg-leviathan",
      "Description": "Flying transport. Can load and unload units. Ranged unload.<br/><br/><span style=\"color: #00FF00\">Ascend:<br/>+75 Life<br/>+1 Armor<br/>+0.7 Speed</span>",
      "Name": "Arkwyrm"
    },
    {
      "Id": "VolcanicHarbinger",
      "Icon": "btn-lostvinking-swarmguardian",
      "Description": "Heavy siege flyer that charges up attacks.<br/><br/><c val=\"#ColorAttackInfo\">Can attack ground units.</span><br/><br/><span style=\"color: #00FF00\">Ascended:<br/>+45 Life<br/>+50% Attack Speed<br/>+1 Attack Range</span>",
      "Name": "Volcanic Harbinger"
    },
    {
      "Id": "GrimGlider",
      "Icon": "btn-critter-sporeray",
      "Description": "Massive flying unit. Can rise units slain nearby as temporary shades.<br/><br/><span style=\"color: #FFE303\">Detector</span><br/><br/><span style=\"color: #00FF00\">Ascended:<br/>+45 Life<br/>+200% Energy Regeneration<br/>+0.5 Speed</span>",
      "Name": "Grim Glider"
    }
  ],
  "Producers": [
    {
      "Id": "ToweringDeepOne",
      "Icon": "btn-unit-zerg-nydusdestroyer",
      "Description": "Spawns flying Dragon units.<br/><br/><span style=\"color: #ffff8a\">Enables:</span><br/>- Fleshrenders<br/>- Aurora Conduits<br/>- Arkwyrms",
      "Name": "Towering Deep One"
    },
    {
      "Id": "ToweringDeepOneNoFootprint",
      "Icon": "btn-unit-zerg-nydusdestroyer",
      "Description": "Spawns flying Dragon units.<br/><br/><span style=\"color: #ffff8a\">Enables:</span><br/>- Fleshrenders<br/>- Aurora Conduits<br/>- Arkwyrms",
      "Name": "Towering Deep One"
    }
  ],
  "Commands": [
    {
      "Id": "Cancel",
      "Icon": "btn-command-cancel",
      "Tooltip": "Drops the current order without performing it, and allows you to select a different order.",
      "Name": "Cancel",
      "AbilCmd": "que5PassiveCancelToSelection,CancelLast"
    },
    {
      "Id": "CancelBuilding",
      "Icon": "btn-command-cancel",
      "Tooltip": "Cancels construction of this structure, destroying the structure and giving a partial refund.",
      "Name": "Cancel",
      "AbilCmd": "BuildInProgress,Cancel"
    },
    {
      "Id": "Rally",
      "Icon": "btn-ability-terran-setrallypoint",
      "Tooltip": "Sends constructed units to the designated point. Workers rallied to resources will begin gathering automatically.",
      "Name": "Set Rally Point",
      "AbilCmd": "Rally,Rally1"
    },
    {
      "Id": "Fleshrender",
      "Icon": "btn-unit-zerg-scourge",
      "Tooltip": "Fast flying melee unit.<br/><br/><c val=\"#ColorAttackInfo\">Can attack air units.</span><br/><br/><span style=\"color: #00FF00\">Ascended:<br/>+15 Life<br/>Infernal Effigy</span>",
      "Name": "Spawn Fleshrender",
      "AbilCmd": "ToweringDeepOneTrain,Train1"
    },
    {
      "Id": "AuroraConduit",
      "Icon": "btn-unit-zerg-mutalisk-broodlord",
      "Tooltip": "Flying ranged support unit. Reduces enemy armor on attack.<br/><br/><c val=\"#ColorAttackInfo\">Can attack ground and air units.</span><br/><br/><span style=\"color: #00FF00\">Ascended:<br/>+30 Life<br/>+1 Range<br/>Nether Shock chain deals damage</span>",
      "Name": "Spawn Aurora Conduit",
      "AbilCmd": "ToweringDeepOneTrain,Train2"
    },
    {
      "Id": "Arkwyrm",
      "Icon": "btn-unit-zerg-leviathan",
      "Tooltip": "Flying transport. Can load and unload units. Ranged unload.<br/><br/><span style=\"color: #00FF00\">Ascend:<br/>+75 Life<br/>+1 Armor<br/>+0.7 Speed</span>",
      "Name": "Spawn Arkwyrm",
      "AbilCmd": "ToweringDeepOneTrain,Train3"
    },
    {
      "Id": "VolcanicHarbinger",
      "Icon": "btn-lostvinking-swarmguardian",
      "Tooltip": "Heavy siege flyer that charges up attacks.<br/><br/><c val=\"#ColorAttackInfo\">Can attack ground units.</span><br/><br/><span style=\"color: #00FF00\">Ascended:<br/>+45 Life<br/>+50% Attack Speed<br/>+1 Attack Range</span>",
      "Name": "Spawn Volcanic Harbinger",
      "AbilCmd": "ToweringDeepOneTrain,Train4"
    },
    {
      "Id": "GrimGlider",
      "Icon": "btn-critter-sporeray",
      "Tooltip": "Massive flying unit. Can rise units slain nearby as temporary shades.<br/><br/><span style=\"color: #FFE303\">Detector</span><br/><br/><span style=\"color: #00FF00\">Ascended:<br/>+45 Life<br/>+200% Energy Regeneration<br/>+0.5 Speed</span>",
      "Name": "Spawn Grim Glider",
      "AbilCmd": "ToweringDeepOneTrain,Train5"
    }
  ]
}