{
  "Name": "Genesis Pit",
  "Description": "Spawns greater Dragon units. Inherits Augmentation Pit status from its parent.<br/><br/><span style=\"color: #ffff8a\">Enables:</span><br/>- Berserkers<br/>- Skyrazers",
  "DeathRevealFilters": "Visible;Player,Ally,Neutral,Missile,Dead,Hidden",
  "DeathRevealRadius": 3,
  "DeathRevealDuration": 4,
  "DeathRevealType": "Snapshot",
  "Race": "Dragon",
  "DefaultAcquireLevel": "Offensive",
  "Response": "Acquire",
  "ResourceState": "Unknown",
  "ResourceType": "Unknown",
  "LifeStart": 600,
  "LifeMax": 600,
  "Mover": "Ground",
  "StationaryTurningRate": 720,
  "TurningRate": 720,
  "Radius": 1.5,
  "SeparationRadius": 1.5,
  "MinimapRadius": 1.5,
  "EditorCategories": {
    "ObjectType": "Structure",
    "ObjectFamily": "Melee"
  },
  "TacticalAIFilters": "-;Player,Ally,Neutral",
  "AIEvalFactor": 1,
  "Mass": 0.4,
  "FlagArray": [
    "Turnable",
    "Unclickable",
    "Unhighlightable",
    "Untooltipable",
    "KillCredit",
    "ShowResources",
    "ClearRallyOnTargetLost",
    "PlayerRevivable",
    "CameraFollow",
    "PreventDestroy",
    "PreventDefeat",
    "PenaltyRevealed",
    "UseLineOfSight",
    "TownAlert",
    "NoPortraitTalk",
    "ArmorDisabledWhileConstructing"
  ],
  "EditorFlags": [
    "BlockStructures"
  ],
  "PushPriority": 10,
  "LeaderAlias": "GenesisPitGreater",
  "HotkeyAlias": "GenesisPitGreater",
  "SelectAlias": "GreaterDeepOne",
  "SubgroupAlias": "GreaterDeepOne",
  "OccludeHeight": 0.75,
  "TacticalAI": "GenesisPitGreater",
  "AIEvaluateAlias": "GenesisPitGreater",
  "ReviveType": "GenesisPitGreater",
  "PawnItemReduction": 1,
  "Fidget": {
    "DelayMax": 30,
    "DelayMin": 10,
    "DistanceMax": 4,
    "DistanceMin": 1,
    "TurnAngle": 90,
    "TurningRate": 90,
    "ChanceArray": {
      "Idle": 100
    }
  },
  "ReviveInfoBase": {
    "Charge": {
      "Link": "GenesisPitGreater/Revive",
      "Location": "Unit"
    },
    "Cooldown": {
      "Link": "GenesisPitGreater/Revive",
      "Location": "Unit"
    }
  },
  "InnerRadiusSafetyMultiplier": 1,
  "ArmorType": "Unknown",
  "PlaneArray": [
    "Ground"
  ],
  "Attributes": [
    "Biological",
    "Armored",
    "Structure"
  ],
  "DamageDealtXP": 1,
  "DamageTakenXP": 1,
  "ScoreResult": "BuildOrder",
  "Mob": "Multiplayer",
  "Collide": [
    "Burrow",
    "Ground",
    "Structure",
    "RoachBurrow",
    "ForceField",
    "Locust",
    "Phased"
  ],
  "LifeArmor": 1,
  "CostCategory": "Technology",
  "AttackTargetPriority": 11,
  "FogVisibility": "Snapshot",
  "HotkeyCategory": "",
  "CardLayouts": [
    {
      "LayoutButtons": [
        {
          "Face": "Cancel",
          "Type": "AbilCmd",
          "AbilCmd": "que5PassiveCancelToSelection,CancelLast",
          "Row": 2,
          "Column": 4
        },
        {
          "Face": "CancelBuilding",
          "Type": "AbilCmd",
          "AbilCmd": "BuildInProgress,Cancel",
          "Row": 2,
          "Column": 4
        },
        {
          "Face": "Rally",
          "Type": "AbilCmd",
          "AbilCmd": "Rally,Rally1",
          "Row": 1,
          "Column": 4
        },
        {
          "Face": "Berserker",
          "Type": "AbilCmd",
          "AbilCmd": "GreaterDeepOneTrain,Train1",
          "Row": 0,
          "Column": 0
        },
        {
          "Face": "Skyrazer",
          "Type": "AbilCmd",
          "AbilCmd": "GreaterDeepOneTrain,Train2",
          "Row": 0,
          "Column": 1
        },
        {
          "Face": "HandofPower",
          "Type": "AbilCmd",
          "AbilCmd": "GreaterDeepOneTrain,Train3",
          "Row": 0,
          "Column": 2
        },
        {
          "Face": "BrimstoneDemolisher",
          "Type": "AbilCmd",
          "AbilCmd": "GreaterDeepOneTrain,Train4",
          "Row": 0,
          "Column": 3
        }
      ]
    }
  ],
  "Facing": 90,
  "Sight": 8,
  "CostResource": {
    "Minerals": 75,
    "Vespene": 25
  },
  "Footprint": "Footprint3x3Contour",
  "PlacementFootprint": "Footprint3x3",
  "ScoreMake": 150,
  "ScoreKill": 150,
  "GlossaryPriority": 40,
  "Icon": "wireframe-zerg-broodlingnest",
  "LifeArmorIcon": "btn-upgrade-zerg-groundcarapace-level0",
  "ShieldArmorIcon": "btn-upgrade-protoss-shieldslevel0",
  "SubgroupPriority": 4,
  "Id": "GenesisPitGreater",
  "Behaviors": [
    {
      "Link": "DragonLineage",
      "Id": "DragonLineage",
      "Name": "Dragon Lineage"
    }
  ],
  "Upgrades": [
    {
      "Link": "DragonPlateArmors",
      "Id": "DragonPlateArmors",
      "Name": "Dragon Plate Armors"
    },
    {
      "Link": "DragonPlateArmorLevel1",
      "Id": "DragonPlateArmorLevel1",
      "Icon": "btn-upgrade-zerg-groundcarapace-level1",
      "Name": "Dragon Plate Armor Level 1"
    },
    {
      "Link": "DragonPlateArmorLevel2",
      "Id": "DragonPlateArmorLevel2",
      "Icon": "btn-upgrade-zerg-groundcarapace-level2",
      "Name": "Dragon Plate Armor Level 2"
    },
    {
      "Link": "DragonPlateArmorLevel3",
      "Id": "DragonPlateArmorLevel3",
      "Icon": "btn-upgrade-zerg-groundcarapace-level3",
      "Name": "Dragon Plate Armor Level 3"
    }
  ],
  "Abilities": [
    {
      "Link": "BuildInProgress",
      "Id": "BuildInProgress",
      "Name": "Build in Progress"
    },
    {
      "Link": "que5PassiveCancelToSelection",
      "Id": "que5PassiveCancelToSelection",
      "Name": "Queue (5) Passive (Cancel to Selection)"
    },
    {
      "Link": "Rally",
      "Id": "Rally",
      "Name": "Rally"
    },
    {
      "Link": "GenesisPit",
      "Id": "GenesisPit",
      "Name": "Genesis Pit"
    },
    {
      "Link": "GenesisPitTrain",
      "Id": "GenesisPitTrain",
      "Name": "Genesis Pit - Train"
    },
    {
      "Link": "GreaterDeepOneTrain",
      "Id": "GreaterDeepOneTrain",
      "Name": "Greater Deep One - Train"
    }
  ],
  "Requirements": [],
  "Production": [
    {
      "Id": "Berserker",
      "Icon": "btn-unit-zerg-primalultralisk",
      "Description": "Durable melee unit.<br/><br/><c val=\"#ColorAttackInfo\">Can attack ground units.</span><br/><br/><span style=\"color: #00FF00\">Ascended:<br/>+90 Life<br/>+4 Damage<br/>Massive<br/>Not Light</span><br/>",
      "Name": "Berserker"
    },
    {
      "Id": "Skyrazer",
      "Icon": "btn-unit-zerg-tyrannozor",
      "Description": "Ranged unit. Projectiles may retarget. Powerful anti-air attack.<br/><br/><c val=\"#ColorAttackInfo\">Can attack ground and air units.</span><br/><br/><span style=\"color: #00FF00\">Ascended:<br/>+30 Life<br/>+1 Attack Projectile</span>",
      "Name": "Skyrazer"
    },
    {
      "Id": "HandofPower",
      "Icon": "btn-unit-zerg-impaler",
      "Description": "Caster unit. Can use Crushing Gravity and Portal. Can be upgraded to use Frenzy.<br/><br/><span style=\"color: #FFE303\">Detector</span><br/><br/><span style=\"color: #00FF00\">Ascended:<br/>+75 Life<br/>+100% Energy Regeneration</span>",
      "Name": "Hand of Power"
    },
    {
      "Id": "BrimstoneDemolisher",
      "Icon": "btn-unit-zerg-brakk",
      "Description": "Powerful massive unit. Deals heavy melee and ranged splash damage.<br/><br/><c val=\"#ColorAttackInfo\">Can attack ground units.</span><br/><br/><span style=\"color: #00FF00\">Ascended:<br/>+90 Life<br/>+100% Energy Regeneration<br/>Adaptive Armor</span>",
      "Name": "Brimstone Demolisher"
    }
  ],
  "Producers": [
    {
      "Id": "GreaterDeepOne",
      "Icon": "btn-unit-zerg-nydusdragon",
      "Description": "Spawns greater Dragon units.<br/><br/><span style=\"color: #ffff8a\">Enables:</span><br/>- Berserkers<br/>- Skyrazers",
      "Name": "Greater Deep One"
    },
    {
      "Id": "GreaterDeepOneNoFootprint",
      "Icon": "btn-unit-zerg-nydusdragon",
      "Description": "Spawns greater Dragon units.<br/><br/><span style=\"color: #ffff8a\">Enables:</span><br/>- Berserkers<br/>- Skyrazers",
      "Name": "Greater Deep One"
    }
  ],
  "Commands": [
    {
      "Id": "Cancel",
      "Icon": "btn-command-cancel",
      "Tooltip": "Drops the current order without performing it, and allows you to select a different order.",
      "Name": "Cancel",
      "AbilCmd": "que5PassiveCancelToSelection,CancelLast"
    },
    {
      "Id": "CancelBuilding",
      "Icon": "btn-command-cancel",
      "Tooltip": "Cancels construction of this structure, destroying the structure and giving a partial refund.",
      "Name": "Cancel",
      "AbilCmd": "BuildInProgress,Cancel"
    },
    {
      "Id": "Rally",
      "Icon": "btn-ability-terran-setrallypoint",
      "Tooltip": "Sends constructed units to the designated point. Workers rallied to resources will begin gathering automatically.",
      "Name": "Set Rally Point",
      "AbilCmd": "Rally,Rally1"
    },
    {
      "Id": "Berserker",
      "Icon": "btn-unit-zerg-primalultralisk",
      "Tooltip": "Durable melee unit.<br/><br/><c val=\"#ColorAttackInfo\">Can attack ground units.</span><br/><br/><span style=\"color: #00FF00\">Ascended:<br/>+90 Life<br/>+4 Damage<br/>Massive<br/>Not Light</span><br/>",
      "Name": "Spawn Berserker",
      "AbilCmd": "GreaterDeepOneTrain,Train1"
    },
    {
      "Id": "Skyrazer",
      "Icon": "btn-unit-zerg-tyrannozor",
      "Tooltip": "Ranged unit. Projectiles may retarget. Powerful anti-air attack.<br/><br/><c val=\"#ColorAttackInfo\">Can attack ground and air units.</span><br/><br/><span style=\"color: #00FF00\">Ascended:<br/>+30 Life<br/>+1 Attack Projectile</span>",
      "Name": "Spawn Skyrazer",
      "AbilCmd": "GreaterDeepOneTrain,Train2"
    },
    {
      "Id": "HandofPower",
      "Icon": "btn-unit-zerg-impaler",
      "Tooltip": "Caster unit. Can use Crushing Gravity and Portal. Can be upgraded to use Frenzy.<br/><br/><span style=\"color: #FFE303\">Detector</span><br/><br/><span style=\"color: #00FF00\">Ascended:<br/>+75 Life<br/>+100% Energy Regeneration</span>",
      "Name": "Spawn Hand of Power",
      "AbilCmd": "GreaterDeepOneTrain,Train3"
    },
    {
      "Id": "BrimstoneDemolisher",
      "Icon": "btn-unit-zerg-brakk",
      "Tooltip": "Powerful massive unit. Deals heavy melee and ranged splash damage.<br/><br/><c val=\"#ColorAttackInfo\">Can attack ground units.</span><br/><br/><span style=\"color: #00FF00\">Ascended:<br/>+90 Life<br/>+100% Energy Regeneration<br/>Adaptive Armor</span>",
      "Name": "Spawn Brimstone Demolisher",
      "AbilCmd": "GreaterDeepOneTrain,Train4"
    }
  ]
}