{
  "Name": "Ghost",
  "Description": "Sniper. Can use Steady Targeting, EMP Round, and be upgraded to use Cloak. Can call down Tactical Nukes built at the Ghost Academy.<br/><br/><c val=\"#ColorAttackInfo\">Can attack ground and air units.</span>",
  "DeathRevealFilters": "Visible;Player,Ally,Neutral,Missile,Dead,Hidden",
  "DeathRevealRadius": 3,
  "DeathRevealDuration": 4,
  "DeathRevealType": "Snapshot",
  "Race": "Terr",
  "DefaultAcquireLevel": "Offensive",
  "Response": "Acquire",
  "ResourceState": "Unknown",
  "ResourceType": "Unknown",
  "LifeStart": 100,
  "LifeMax": 100,
  "LifeArmorName": "Terran Infantry Armor",
  "Mover": "Ground",
  "StationaryTurningRate": 999.8437,
  "TurningRate": 999.8437,
  "Radius": 0.375,
  "SeparationRadius": 0.375,
  "MinimapRadius": 0.375,
  "EditorCategories": {
    "ObjectType": "Unit",
    "ObjectFamily": "Melee"
  },
  "TacticalAIFilters": "-;Player,Ally,Neutral",
  "AIEvalFactor": 1.2,
  "Mass": 0.4,
  "FlagArray": [
    "Turnable",
    "Movable",
    "Unclickable",
    "Unhighlightable",
    "Untooltipable",
    "KillCredit",
    "ShowResources",
    "ClearRallyOnTargetLost",
    "PlayerRevivable",
    "CameraFollow",
    "PreventDestroy",
    "UseLineOfSight",
    "ArmySelect"
  ],
  "EditorFlags": [
    "BlockStructures"
  ],
  "PushPriority": 10,
  "LeaderAlias": "Ghost",
  "HotkeyAlias": "Ghost",
  "SelectAlias": "Ghost",
  "SubgroupAlias": "Ghost",
  "OccludeHeight": 0.75,
  "TacticalAI": "Ghost",
  "AIEvaluateAlias": "Ghost",
  "ReviveType": "Ghost",
  "PawnItemReduction": 1,
  "Fidget": {
    "DelayMax": 30,
    "DelayMin": 10,
    "DistanceMax": 4,
    "DistanceMin": 1,
    "TurnAngle": 90,
    "TurningRate": 90,
    "ChanceArray": {
      "Idle": 33,
      "Anim": 33,
      "Turn": 33
    }
  },
  "ReviveInfoBase": {
    "Charge": {
      "Link": "Ghost/Revive",
      "Location": "Unit"
    },
    "Cooldown": {
      "Link": "Ghost/Revive",
      "Location": "Unit"
    }
  },
  "InnerRadiusSafetyMultiplier": 1,
  "ArmorType": "Unknown",
  "Mob": "Multiplayer",
  "EnergyStart": 75,
  "EnergyMax": 200,
  "EnergyRegenRate": 0.5625,
  "Speed": 2.8125,
  "Acceleration": 1000,
  "LateralAcceleration": 46.0625,
  "Food": -2,
  "CostCategory": "Army",
  "CostResource": {
    "Minerals": 150,
    "Vespene": 125
  },
  "RepairTime": 40,
  "AttackTargetPriority": 20,
  "DamageDealtXP": 1,
  "DamageTakenXP": 1,
  "KillXP": 30,
  "InnerRadius": 0.375,
  "CargoSize": 2,
  "ScoreMake": 300,
  "ScoreKill": 300,
  "ScoreResult": "BuildOrder",
  "SubgroupPriority": 82,
  "TacticalAIThink": "AIThinkGhost",
  "PlaneArray": [
    "Ground"
  ],
  "Collide": [
    "Ground",
    "ForceField",
    "Small",
    "Locust"
  ],
  "Sight": 11,
  "CardLayouts": [
    {
      "LayoutButtons": [
        {
          "Face": "Move",
          "Type": "AbilCmd",
          "AbilCmd": "move,Move",
          "Row": 0,
          "Column": 0
        },
        {
          "Face": "Stop",
          "Type": "AbilCmd",
          "AbilCmd": "stop,Stop",
          "Row": 0,
          "Column": 1
        },
        {
          "Face": "MoveHoldPosition",
          "Type": "AbilCmd",
          "AbilCmd": "move,HoldPos",
          "Row": 0,
          "Column": 2
        },
        {
          "Face": "MovePatrol",
          "Type": "AbilCmd",
          "AbilCmd": "move,Patrol",
          "Row": 0,
          "Column": 3
        },
        {
          "Face": "GhostHoldFire",
          "Type": "AbilCmd",
          "AbilCmd": "GhostHoldFire,Execute",
          "Row": 1,
          "Column": 2
        },
        {
          "Face": "Cancel",
          "Type": "AbilCmd",
          "AbilCmd": "TacNukeStrike,Cancel",
          "Row": 2,
          "Column": 4
        },
        {
          "Face": "AttackGhost",
          "Type": "AbilCmd",
          "AbilCmd": "attack,Execute",
          "Row": 0,
          "Column": 4
        },
        {
          "Face": "NukeCalldown",
          "Type": "AbilCmd",
          "AbilCmd": "TacNukeStrike,Execute",
          "Row": 1,
          "Column": 0
        },
        {
          "Face": "CloakOnGhost",
          "Type": "AbilCmd",
          "AbilCmd": "GhostCloak,On",
          "Row": 2,
          "Column": 2
        },
        {
          "Face": "CloakOff",
          "Type": "AbilCmd",
          "AbilCmd": "GhostCloak,Off",
          "Row": 2,
          "Column": 3
        },
        {
          "Face": "EMP",
          "Type": "AbilCmd",
          "AbilCmd": "EMP,Execute",
          "Row": 2,
          "Column": 1
        },
        {
          "Face": "WeaponsFree",
          "Type": "AbilCmd",
          "AbilCmd": "GhostWeaponsFree,Execute",
          "Row": 1,
          "Column": 3
        },
        {
          "Face": "Cancel",
          "Type": "AbilCmd",
          "AbilCmd": "BypassArmorCancel,255",
          "Row": 2,
          "Column": 4
        },
        {
          "Face": "ChannelSnipe",
          "Type": "AbilCmd",
          "AbilCmd": "ChannelSnipe,Execute",
          "Row": 2,
          "Column": 0
        },
        {
          "Face": "EnhancedShockwaves",
          "Type": "Passive",
          "Requirements": "UseEnhancedShockwaves",
          "Row": 1,
          "Column": 1
        }
      ]
    }
  ],
  "Attributes": [
    "Biological",
    "Psionic"
  ],
  "GlossaryCategory": "",
  "HotkeyCategory": "Unit/Category/TerranUnits",
  "GlossaryPriority": 70,
  "GlossaryStrongArray": [
    "Raven",
    "Infestor",
    "HighTemplar"
  ],
  "GlossaryWeakArray": [
    "Marauder",
    "Zergling",
    "Stalker"
  ],
  "Icon": "btn-unit-terran-ghost",
  "LifeArmorIcon": "btn-upgrade-terran-infantryarmorlevel0",
  "ShieldArmorIcon": "btn-upgrade-protoss-shieldslevel0",
  "Id": "GhostNova",
  "Weapons": [
    {
      "Link": "C10CanisterRifle",
      "Id": "C10CanisterRifle",
      "Icon": "btn-upgrade-terran-infantryweaponslevel0",
      "Name": "C-10 Canister Rifle",
      "Amount": 10,
      "AttributeBonus": {
        "Light": 10
      },
      "Kind": "Ranged",
      "TargetFilters": "",
      "Range": 6,
      "Period": 1.5
    }
  ],
  "Upgrades": [
    {
      "Link": "TerranInfantryArmorsLevel1",
      "Id": "TerranInfantryArmorsLevel1",
      "Icon": "btn-upgrade-terran-infantryarmorlevel1",
      "Name": "Terran Infantry Armor Level 1"
    },
    {
      "Link": "TerranInfantryArmorsLevel2",
      "Id": "TerranInfantryArmorsLevel2",
      "Icon": "btn-upgrade-terran-infantryarmorlevel2",
      "Name": "Terran Infantry Armor Level 2"
    },
    {
      "Link": "TerranInfantryArmorsLevel3",
      "Id": "TerranInfantryArmorsLevel3",
      "Icon": "btn-upgrade-terran-infantryarmorlevel3",
      "Name": "Terran Infantry Armor Level 3"
    },
    {
      "Link": "PersonalCloaking",
      "Id": "PersonalCloaking",
      "Icon": "btn-ability-terran-cloak-color",
      "Name": "Personal Cloaking"
    },
    {
      "Link": "RewardDanceGhost",
      "Id": "RewardDanceGhost",
      "Icon": "btn-unit-terran-ghost",
      "Name": "Reward Dance - Ghost"
    },
    {
      "Link": "EnhancedShockwaves",
      "Id": "EnhancedShockwaves",
      "Icon": "btn-ability-terran-electricfield",
      "Name": "Enhanced Shockwaves"
    }
  ],
  "Abilities": [
    {
      "Link": "stop",
      "Id": "stop",
      "Name": "Stop"
    },
    {
      "Link": "attack",
      "Id": "attack",
      "Name": "Attack"
    },
    {
      "Link": "move",
      "Id": "move",
      "Name": "Move"
    },
    {
      "Link": "GhostCloak",
      "Id": "GhostCloak",
      "Name": "Personal Cloaking"
    },
    {
      "Link": "ChannelSnipe",
      "Id": "ChannelSnipe",
      "Name": "Channel Snipe"
    },
    {
      "Link": "TacNukeStrike",
      "Id": "TacNukeStrike",
      "Name": "Nuclear Strike"
    },
    {
      "Link": "GhostHoldFire",
      "Id": "GhostHoldFire",
      "Name": "Hold Fire"
    },
    {
      "Link": "EMP",
      "Id": "EMP",
      "Name": "EMP"
    },
    {
      "Link": "GhostWeaponsFree",
      "Id": "GhostWeaponsFree",
      "Name": "Weapons Free"
    }
  ],
  "Requirements": [],
  "Production": [],
  "Producers": [],
  "Commands": [
    {
      "Id": "Move",
      "Icon": "btn-command-move",
      "Tooltip": "Orders selected units to move to the target area or follow the target unit. Moving units will not engage enemies.",
      "Name": "Move",
      "AbilCmd": "move,Move"
    },
    {
      "Id": "Stop",
      "Icon": "btn-command-stop",
      "Tooltip": "Orders selected units to cancel all orders and stop moving.",
      "Name": "Stop",
      "AbilCmd": "stop,Stop"
    },
    {
      "Id": "MoveHoldPosition",
      "Icon": "btn-command-holdposition",
      "Tooltip": "Orders selected units to stay where they are and attack enemies that are within range. Units will neither chase down enemies nor move to engage.",
      "Name": "Hold Position",
      "AbilCmd": "move,HoldPos"
    },
    {
      "Id": "MovePatrol",
      "Icon": "btn-command-patrol",
      "Tooltip": "Orders selected units to patrol between their current position and the target area. Units will attack enemies and move to engage nearby enemies.",
      "Name": "Patrol",
      "AbilCmd": "move,Patrol"
    },
    {
      "Id": "GhostHoldFire",
      "Icon": "btn-ability-terran-holdfire",
      "Tooltip": "Orders selected units to holster their weapons and avoid engaging enemies, unless given a direct command. Units holding fire will flee if attacked.",
      "Name": "Hold Fire",
      "AbilCmd": "GhostHoldFire,Execute"
    },
    {
      "Id": "Cancel",
      "Icon": "btn-command-cancel",
      "Tooltip": "Drops the current order without performing it, and allows you to select a different order.",
      "Name": "Cancel",
      "AbilCmd": "TacNukeStrike,Cancel"
    },
    {
      "Id": "AttackGhost",
      "Icon": "btn-command-attack",
      "Tooltip": "Orders selected units to move to the target point, fighting nearby enemies along the way. Targeting a unit with the Attack command orders that it be attacked until it is destroyed.",
      "Name": "Attack",
      "AbilCmd": "attack,Execute"
    },
    {
      "Id": "NukeCalldown",
      "Icon": "btn-ability-terran-nuclearstrike-color",
      "Tooltip": "Calls down a Nuclear Strike at a target location. Nukes take <b>20</b> to land, but they deal up to 300 (+200 vs. structures) damage in a large radius.",
      "Name": "Tac Nuke Strike",
      "AbilCmd": "TacNukeStrike,Execute"
    },
    {
      "Id": "CloakOnGhost",
      "Icon": "btn-ability-terran-cloak-color",
      "Tooltip": "Cloaks the unit, preventing enemy units from seeing or attacking it. A cloaked unit will only be revealed by detectors or effects.<br/><br/><span style=\"color: #f078ff\">Drains <b>0.9</b> energy per second.</span>",
      "Name": "Cloak",
      "AbilCmd": "GhostCloak,On"
    },
    {
      "Id": "CloakOff",
      "Icon": "btn-ability-terran-decloak-color",
      "Tooltip": "Decloaks the selected unit, making it visible to enemies.",
      "Name": "Decloak",
      "AbilCmd": "GhostCloak,Off"
    },
    {
      "Id": "EMP",
      "Icon": "btn-ability-terran-emp-color",
      "Tooltip": "Creates an electromagnetic pulse that does 100 damage to shields and energy of all units in the targeted area. Cloaked units hit by EMP are revealed for a short time.",
      "Name": "EMP Round",
      "AbilCmd": "EMP,Execute"
    },
    {
      "Id": "WeaponsFree",
      "Icon": "btn-ability-terran-weaponsfree",
      "Tooltip": "Orders selected units to fire at will. They will engage enemy units within range and chase them as normal.",
      "Name": "Weapons Free",
      "AbilCmd": "GhostWeaponsFree,Execute"
    },
    {
      "Id": "Cancel",
      "Icon": "btn-command-cancel",
      "Tooltip": "Drops the current order without performing it, and allows you to select a different order.",
      "Name": "Cancel",
      "AbilCmd": "BypassArmorCancel,255"
    },
    {
      "Id": "ChannelSnipe",
      "Icon": "btn-ability-terran-snipe-color",
      "Tooltip": "After carefully aiming for <b>2.00</b> seconds while not taking damage, the Ghost fires a sniper round dealing <b>170</b> damage. Ignores armor.<br/><br/><c val=\"#ColorAttackInfo\">Can only target biological units.</span>",
      "Name": "Steady Targeting",
      "AbilCmd": "ChannelSnipe,Execute"
    }
  ]
}