{
  "Name": "Greater Spire",
  "Description": "Contains upgrades for Zerg air units.<br/><br/><span style=\"color: #ffff8a\">Enables:</span><br/>- Brood Lords from Corruptors",
  "DeathRevealFilters": "Visible;Player,Ally,Neutral,Missile,Dead,Hidden",
  "DeathRevealRadius": 3,
  "DeathRevealDuration": 4,
  "DeathRevealType": "Snapshot",
  "Race": "Zerg",
  "DefaultAcquireLevel": "Offensive",
  "Response": "Acquire",
  "ResourceState": "Unknown",
  "ResourceType": "Unknown",
  "LifeStart": 1000,
  "LifeMax": 1000,
  "LifeArmorName": "Zerg Building Armor",
  "Mover": "Ground",
  "StationaryTurningRate": 719.4726,
  "TurningRate": 719.4726,
  "Radius": 1,
  "SeparationRadius": 1,
  "MinimapRadius": 1,
  "EditorCategories": {
    "ObjectType": "Structure",
    "ObjectFamily": "Melee"
  },
  "TacticalAIFilters": "-;Player,Ally,Neutral",
  "AIEvalFactor": 1,
  "Mass": 0.4,
  "FlagArray": [
    "Movable",
    "Unclickable",
    "Unhighlightable",
    "Untooltipable",
    "KillCredit",
    "ShowResources",
    "ClearRallyOnTargetLost",
    "PlayerRevivable",
    "CameraFollow",
    "PreventDefeat",
    "PreventDestroy",
    "PenaltyRevealed",
    "UseLineOfSight",
    "TownAlert",
    "NoPortraitTalk",
    "ArmorDisabledWhileConstructing"
  ],
  "EditorFlags": [
    "BlockStructures"
  ],
  "PushPriority": 10,
  "LeaderAlias": "GreaterSpire",
  "HotkeyAlias": "GreaterSpire",
  "SelectAlias": "GreaterSpire",
  "SubgroupAlias": "GreaterSpire",
  "OccludeHeight": 0.75,
  "TacticalAI": "GreaterSpire",
  "AIEvaluateAlias": "GreaterSpire",
  "ReviveType": "GreaterSpire",
  "PawnItemReduction": 1,
  "Fidget": {
    "DelayMax": 30,
    "DelayMin": 10,
    "DistanceMax": 4,
    "DistanceMin": 1,
    "TurnAngle": 90,
    "TurningRate": 90,
    "ChanceArray": {
      "Idle": 100
    }
  },
  "ReviveInfoBase": {
    "Charge": {
      "Link": "GreaterSpire/Revive",
      "Location": "Unit"
    },
    "Cooldown": {
      "Link": "GreaterSpire/Revive",
      "Location": "Unit"
    }
  },
  "InnerRadiusSafetyMultiplier": 1,
  "ArmorType": "Unknown",
  "TechAliasArray": [
    "Alias_Spire"
  ],
  "Facing": 339.994,
  "Mob": "Multiplayer",
  "FogVisibility": "Snapshot",
  "LifeArmor": 1,
  "LifeRegenRate": 0.2734,
  "AttackTargetPriority": 11,
  "Footprint": "Footprint2x2IgnoreCreepContour",
  "PlacementFootprint": "Footprint2x2Creep",
  "ScoreMake": 650,
  "ScoreKill": 700,
  "ScoreResult": "BuildOrder",
  "SubgroupPriority": 22,
  "Attributes": [
    "Armored",
    "Biological",
    "Structure"
  ],
  "PlaneArray": [
    "Ground"
  ],
  "Collide": [
    "Burrow",
    "Ground",
    "Structure",
    "RoachBurrow",
    "ForceField",
    "Small",
    "Locust",
    "Phased"
  ],
  "Sight": 9,
  "CardLayouts": [
    {
      "LayoutButtons": [
        {
          "Face": "Cancel",
          "Type": "AbilCmd",
          "AbilCmd": "que5CancelToSelection,CancelLast",
          "Row": 2,
          "Column": 4
        },
        {
          "Face": "CancelBuilding",
          "Type": "AbilCmd",
          "AbilCmd": "BuildInProgress,Cancel",
          "Row": 2,
          "Column": 4
        },
        {
          "Face": "zergflyerattack1",
          "Type": "AbilCmd",
          "AbilCmd": "SpireResearch,Research1",
          "Row": 0,
          "Column": 0
        },
        {
          "Face": "zergflyerattack2",
          "Type": "AbilCmd",
          "AbilCmd": "SpireResearch,Research2",
          "Row": 0,
          "Column": 0
        },
        {
          "Face": "zergflyerattack3",
          "Type": "AbilCmd",
          "AbilCmd": "SpireResearch,Research3",
          "Row": 0,
          "Column": 0
        },
        {
          "Face": "zergflyerarmor1",
          "Type": "AbilCmd",
          "AbilCmd": "SpireResearch,Research4",
          "Row": 0,
          "Column": 1
        },
        {
          "Face": "zergflyerarmor2",
          "Type": "AbilCmd",
          "AbilCmd": "SpireResearch,Research5",
          "Row": 0,
          "Column": 1
        },
        {
          "Face": "zergflyerarmor3",
          "Type": "AbilCmd",
          "AbilCmd": "SpireResearch,Research6",
          "Row": 0,
          "Column": 1
        }
      ]
    }
  ],
  "GlossaryPriority": 244,
  "HotkeyCategory": "Unit/Category/ZergUnits",
  "CostCategory": "Technology",
  "CostResource": {
    "Minerals": 350,
    "Vespene": 350
  },
  "TechTreeUnlockedUnitArray": [
    "BroodLord"
  ],
  "Icon": "btn-building-zerg-greaterspire",
  "LifeArmorIcon": "btn-armor-zerg-building",
  "ShieldArmorIcon": "btn-upgrade-protoss-shieldslevel0",
  "Id": "GreaterSpire",
  "Behaviors": [
    {
      "Link": "OnCreep",
      "Id": "OnCreep"
    },
    {
      "Link": "ZergBuildingNotOnCreep",
      "Id": "ZergBuildingNotOnCreep"
    },
    {
      "Link": "ZergBuildingDies6",
      "Id": "ZergBuildingDies6"
    }
  ],
  "Upgrades": [],
  "Abilities": [
    {
      "Link": "BuildInProgress",
      "Id": "BuildInProgress",
      "Name": "Build in Progress"
    },
    {
      "Link": "SpireResearch",
      "Id": "SpireResearch",
      "Name": "Research (Spire & GreaterSpire)"
    },
    {
      "Link": "que5CancelToSelection",
      "Id": "que5CancelToSelection",
      "Name": "Queue (5) (Cancel To Selection)"
    }
  ],
  "Requirements": [],
  "Production": [
    {
      "Id": "ZergFlyerWeaponsLevel1",
      "Icon": "btn-upgrade-zerg-airattacks-level1",
      "Name": "Zerg Flyer Attacks Level 1"
    },
    {
      "Id": "ZergFlyerWeaponsLevel2",
      "Icon": "btn-upgrade-zerg-airattacks-level2",
      "Name": "Zerg Flyer Attacks Level 2"
    },
    {
      "Id": "ZergFlyerWeaponsLevel3",
      "Icon": "btn-upgrade-zerg-airattacks-level3",
      "Name": "Zerg Flyer Attacks Level 3"
    },
    {
      "Id": "ZergFlyerArmorsLevel1",
      "Icon": "btn-upgrade-zerg-flyercarapace-level1",
      "Name": "Zerg Flyer Carapace Level 1"
    },
    {
      "Id": "ZergFlyerArmorsLevel2",
      "Icon": "btn-upgrade-zerg-flyercarapace-level2",
      "Name": "Zerg Flyer Carapace Level 2"
    },
    {
      "Id": "ZergFlyerArmorsLevel3",
      "Icon": "btn-upgrade-zerg-flyercarapace-level3",
      "Name": "Zerg Flyer Carapace Level 3"
    }
  ],
  "Producers": [],
  "Commands": [
    {
      "Id": "Cancel",
      "Icon": "btn-command-cancel",
      "Tooltip": "Drops the current order without performing it, and allows you to select a different order.",
      "Name": "Cancel",
      "AbilCmd": "que5CancelToSelection,CancelLast"
    },
    {
      "Id": "CancelBuilding",
      "Icon": "btn-command-cancel",
      "Tooltip": "Cancels construction of this structure, destroying the structure and giving a partial refund.",
      "Name": "Cancel",
      "AbilCmd": "BuildInProgress,Cancel"
    },
    {
      "Id": "zergflyerattack1",
      "Icon": "btn-upgrade-zerg-airattacks-level1",
      "Tooltip": "Upgrades the attacks of all Zerg air units.",
      "Name": "Evolve Flyer Attacks Level 1",
      "AbilCmd": "SpireResearch,Research1"
    },
    {
      "Id": "zergflyerattack2",
      "Icon": "btn-upgrade-zerg-airattacks-level2",
      "Tooltip": "Further upgrades the attacks of all Zerg air units.",
      "Name": "Evolve Flyer Attacks Level 2",
      "AbilCmd": "SpireResearch,Research2"
    },
    {
      "Id": "zergflyerattack3",
      "Icon": "btn-upgrade-zerg-airattacks-level3",
      "Tooltip": "Maximizes the attacks of all Zerg air units.",
      "Name": "Evolve Flyer Attacks Level 3",
      "AbilCmd": "SpireResearch,Research3"
    },
    {
      "Id": "zergflyerarmor1",
      "Icon": "btn-upgrade-zerg-flyercarapace-level1",
      "Tooltip": "Upgrades the armor of all Zerg air units.",
      "Name": "Evolve Flyer Carapace Level 1",
      "AbilCmd": "SpireResearch,Research4"
    },
    {
      "Id": "zergflyerarmor2",
      "Icon": "btn-upgrade-zerg-flyercarapace-level2",
      "Tooltip": "Further upgrades the armor of all Zerg air units.",
      "Name": "Evolve Flyer Carapace Level 2",
      "AbilCmd": "SpireResearch,Research5"
    },
    {
      "Id": "zergflyerarmor3",
      "Icon": "btn-upgrade-zerg-flyercarapace-level3",
      "Tooltip": "Maximizes the armor of all Zerg air units.",
      "Name": "Evolve Flyer Carapace Level 3",
      "AbilCmd": "SpireResearch,Research6"
    }
  ]
}