{
  "Name": "Grub",
  "Description": "Can mutate into various Xayid units.",
  "DeathRevealFilters": "Visible;Player,Ally,Neutral,Missile,Dead,Hidden",
  "DeathRevealRadius": 3,
  "DeathRevealDuration": 4,
  "DeathRevealType": "Snapshot",
  "Race": "Xayi",
  "DefaultAcquireLevel": "Offensive",
  "Response": "Acquire",
  "ResourceState": "Unknown",
  "ResourceType": "Unknown",
  "LifeStart": 50,
  "LifeMax": 50,
  "LifeArmorName": "Xayid Ground Carapace",
  "Mover": "Ground",
  "StationaryTurningRate": 720,
  "TurningRate": 720,
  "Radius": 0.25,
  "SeparationRadius": 0,
  "MinimapRadius": 0.1875,
  "EditorCategories": {
    "ObjectType": "Unit",
    "ObjectFamily": "Melee"
  },
  "TacticalAIFilters": "-;Player,Ally,Neutral",
  "AIEvalFactor": 1,
  "Mass": 0.4,
  "FlagArray": [
    "Turnable",
    "Movable",
    "Unclickable",
    "Unhighlightable",
    "Untooltipable",
    "KillCredit",
    "ShowResources",
    "ClearRallyOnTargetLost",
    "PlayerRevivable",
    "CameraFollow",
    "PreventDestroy",
    "UseLineOfSight",
    "TownAlert",
    "NoScore"
  ],
  "EditorFlags": [
    "BlockStructures"
  ],
  "PushPriority": 10,
  "LeaderAlias": "Grub",
  "HotkeyAlias": "Grub",
  "SelectAlias": "Grub",
  "SubgroupAlias": "Grub",
  "OccludeHeight": 0.75,
  "TacticalAI": "Grub",
  "AIEvaluateAlias": "Grub",
  "ReviveType": "Grub",
  "PawnItemReduction": 1,
  "Fidget": {
    "DelayMax": 30,
    "DelayMin": 10,
    "DistanceMax": 4,
    "DistanceMin": 1,
    "TurnAngle": 90,
    "TurningRate": 90,
    "ChanceArray": {
      "Idle": 100
    }
  },
  "ReviveInfoBase": {
    "Charge": {
      "Link": "Grub/Revive",
      "Location": "Unit"
    },
    "Cooldown": {
      "Link": "Grub/Revive",
      "Location": "Unit"
    }
  },
  "InnerRadiusSafetyMultiplier": 1,
  "ArmorType": "Unknown",
  "Acceleration": 1000,
  "Attributes": [
    "Biological",
    "Light"
  ],
  "AttackTargetPriority": 10,
  "CardLayouts": [
    {
      "LayoutButtons": [
        {
          "Face": "Reviler",
          "Type": "AbilCmd",
          "AbilCmd": "BiomassHatcheryLarvaMutateXayidUnits,Train1",
          "Row": 0,
          "Column": 0
        },
        {
          "Face": "Ferrion",
          "Type": "AbilCmd",
          "AbilCmd": "BiomassHatcheryLarvaMutateXayidUnits,Train2",
          "Row": 0,
          "Column": 1
        },
        {
          "Face": "Prowler",
          "Type": "AbilCmd",
          "AbilCmd": "BiomassHatcheryLarvaMutateXayidUnits,Train7",
          "Row": 1,
          "Column": 0
        },
        {
          "Face": "Spitter",
          "Type": "AbilCmd",
          "AbilCmd": "BiomassHatcheryLarvaMutateXayidUnits,Train4",
          "Row": 0,
          "Column": 2
        },
        {
          "Face": "Massalisk",
          "Type": "AbilCmd",
          "AbilCmd": "BiomassHatcheryLarvaMutateXayidUnits,Train5",
          "Row": 0,
          "Column": 3
        },
        {
          "Face": "Cancel",
          "Type": "AbilCmd",
          "AbilCmd": "que1,CancelLast",
          "Row": 2,
          "Column": 4
        }
      ]
    }
  ],
  "PlaneArray": [
    "Ground"
  ],
  "Collide": [
    "Larva"
  ],
  "LifeRegenDelay": 3,
  "LifeRegenRate": 0.5,
  "Sight": 5,
  "CostCategory": "Army",
  "ScoreResult": "BuildOrder",
  "GlossaryCategory": "Unit/Category/XayidUnits",
  "HotkeyCategory": "Unit/Category/XayidUnits",
  "ScoreKillCostFactor": {
    "Minerals": 1,
    "Vespene": 1
  },
  "ScoreMakeCostFactor": {
    "Minerals": 1,
    "Vespene": 1
  },
  "LifeArmor": 5,
  "Speed": 1.2343,
  "SubgroupPriority": 65,
  "GlossaryPriority": 8,
  "GlossaryAlias": "Grub",
  "TechTreeProducedUnitArray": [
    "Reviler",
    "Ferrion",
    "Prowler",
    "Spitter",
    "Massalisk"
  ],
  "Icon": "btn-unit-xayidling-grub",
  "LifeArmorIcon": "btn-upgrade-xayid-organiccarapace-level0",
  "ShieldArmorIcon": "btn-upgrade-protoss-shieldslevel0",
  "Id": "Grub",
  "Behaviors": [
    {
      "Link": "LarvaWander",
      "Id": "LarvaWander"
    }
  ],
  "Upgrades": [],
  "Abilities": [
    {
      "Link": "que1",
      "Id": "que1",
      "Name": "Queue (1)"
    },
    {
      "Link": "BiomassHatcheryLarvaMutateXayidUnits",
      "Id": "BiomassHatcheryLarvaMutateXayidUnits",
      "Name": "Mutate Xayid Units"
    }
  ],
  "Requirements": [],
  "Production": [
    {
      "Id": "Reviler",
      "Icon": "btn-unit-xayid-reviler",
      "Description": "Ranged attacker.<br/><br/><span style=\"color: #FFFF80\">Can attack ground and air units.</span>",
      "Name": "Reviler"
    },
    {
      "Id": "Ferrion",
      "Icon": "btn-unit-xayid-ferrion",
      "Description": "Transport and detector flyer.<br/><br/><span style=\"color: #FFFF00\">Detector</span>",
      "Name": "Ferrion"
    },
    {
      "Id": "Prowler",
      "Icon": "btn-unit-xayid-prowler",
      "Description": "Quick specialist unit. Can use Acid Nest and Blinding Burst.",
      "Name": "Prowler"
    },
    {
      "Id": "Spitter",
      "Icon": "btn-unit-xayid-spitter",
      "Description": "Long ranged beast that spits acid at enemies, dealing damage in an area. Can issue attacks to specific points on the ground<br/><br/><span style=\"color: #FFFF80\">Can attack ground units.</span>",
      "Name": "Spitter"
    },
    {
      "Id": "Massalisk",
      "Icon": "btn-unit-xayid-massalisk",
      "Description": "Large, low ranged durable beast with splash damage. Can use Hunker.<br/><br/><span style=\"color: #FFFF80\">Can attack ground units.</span>",
      "Name": "Massalisk"
    }
  ],
  "Producers": [],
  "Commands": [
    {
      "Id": "Reviler",
      "Icon": "btn-unit-xayid-reviler",
      "Tooltip": "Ranged attacker.<br/><br/><span style=\"color: #FFFF80\">Can attack ground and air units.</span>",
      "Name": "Mutate into Reviler",
      "AbilCmd": "BiomassHatcheryLarvaMutateXayidUnits,Train1"
    },
    {
      "Id": "Ferrion",
      "Icon": "btn-unit-xayid-ferrion",
      "Tooltip": "Transport and detector flyer.<br/><br/><span style=\"color: #FFFF00\">Detector</span>",
      "Name": "Mutate into Ferrion",
      "AbilCmd": "BiomassHatcheryLarvaMutateXayidUnits,Train2"
    },
    {
      "Id": "Prowler",
      "Icon": "btn-unit-xayid-prowler",
      "Tooltip": "Quick specialist unit. Can use Acid Nest and Blinding Burst.",
      "Name": "Mutate into Prowler",
      "AbilCmd": "BiomassHatcheryLarvaMutateXayidUnits,Train7"
    },
    {
      "Id": "Spitter",
      "Icon": "btn-unit-xayid-spitter",
      "Tooltip": "Long ranged beast that spits acid at enemies, dealing damage in an area. Can issue attacks to specific points on the ground<br/><br/><span style=\"color: #FFFF80\">Can attack ground units.</span>",
      "Name": "Mutate into Spitter",
      "AbilCmd": "BiomassHatcheryLarvaMutateXayidUnits,Train4"
    },
    {
      "Id": "Massalisk",
      "Icon": "btn-unit-xayid-massalisk",
      "Tooltip": "Large, low ranged durable beast with splash damage. Can use Hunker.<br/><br/><span style=\"color: #FFFF80\">Can attack ground units.</span>",
      "Name": "Mutate into Massalisk",
      "AbilCmd": "BiomassHatcheryLarvaMutateXayidUnits,Train5"
    },
    {
      "Id": "Cancel",
      "Icon": "btn-command-cancel",
      "Tooltip": "Drops the current order without performing it, and allows you to select a different order.",
      "Name": "Cancel",
      "AbilCmd": "que1,CancelLast"
    }
  ]
}