{
  "Name": "Gyre",
  "Description": "Support unit. Can use Annex and Shackle.<br/><br/><span style=\"color: #FFE303\">Detector</span>",
  "DeathRevealFilters": "Visible;Player,Ally,Neutral,Missile,Dead,Hidden",
  "DeathRevealRadius": 3,
  "DeathRevealDuration": 4,
  "DeathRevealType": "Snapshot",
  "Race": "Keir",
  "DefaultAcquireLevel": "Offensive",
  "Response": "Acquire",
  "ResourceState": "Unknown",
  "ResourceType": "Unknown",
  "LifeStart": 100,
  "LifeMax": 100,
  "LifeArmorName": "Keiron Mechanical Armor",
  "Mover": "Fly",
  "StationaryTurningRate": 720,
  "TurningRate": 720,
  "Radius": 0.75,
  "SeparationRadius": 0.75,
  "MinimapRadius": 0.75,
  "EditorCategories": {
    "ObjectType": "Unit",
    "ObjectFamily": "Melee"
  },
  "TacticalAIFilters": "-;Player,Ally,Neutral",
  "AIEvalFactor": 1,
  "Mass": 0.4,
  "FlagArray": [
    "Movable",
    "Unclickable",
    "Unhighlightable",
    "Untooltipable",
    "KillCredit",
    "ShowResources",
    "ClearRallyOnTargetLost",
    "PlayerRevivable",
    "CameraFollow",
    "PreventDestroy",
    "UseLineOfSight",
    "ArmySelect",
    "AlwaysThreatens",
    "AICaster",
    "AISupport"
  ],
  "EditorFlags": [
    "BlockStructures"
  ],
  "PushPriority": 10,
  "LeaderAlias": "Gyre",
  "HotkeyAlias": "Gyre",
  "SelectAlias": "Gyre",
  "SubgroupAlias": "Gyre",
  "OccludeHeight": 0.75,
  "TacticalAI": "Gyre",
  "AIEvaluateAlias": "Gyre",
  "ReviveType": "Gyre",
  "PawnItemReduction": 1,
  "Fidget": {
    "DelayMax": 30,
    "DelayMin": 10,
    "DistanceMax": 4,
    "DistanceMin": 1,
    "TurnAngle": 90,
    "TurningRate": 90,
    "ChanceArray": {
      "Idle": 100
    }
  },
  "ReviveInfoBase": {
    "Charge": {
      "Link": "Gyre/Revive",
      "Location": "Unit"
    },
    "Cooldown": {
      "Link": "Gyre/Revive",
      "Location": "Unit"
    }
  },
  "InnerRadiusSafetyMultiplier": 1,
  "ArmorType": "Unknown",
  "PlaneArray": [
    "Air"
  ],
  "Collide": [
    "Flying"
  ],
  "LifeRegenRate": 0.1718,
  "ShieldRegenDelay": 4,
  "ShieldRegenRate": 1.25,
  "Acceleration": 3,
  "Sight": 9,
  "CostCategory": "Army",
  "AttackTargetPriority": 20,
  "CardLayouts": [
    {
      "LayoutButtons": [
        {
          "Face": "Move",
          "Type": "AbilCmd",
          "AbilCmd": "move,Move",
          "Row": 0,
          "Column": 0
        },
        {
          "Face": "Stop",
          "Type": "AbilCmd",
          "AbilCmd": "stop,Stop",
          "Row": 0,
          "Column": 1
        },
        {
          "Face": "MoveHoldPosition",
          "Type": "AbilCmd",
          "AbilCmd": "move,HoldPos",
          "Row": 0,
          "Column": 2
        },
        {
          "Face": "MovePatrol",
          "Type": "AbilCmd",
          "AbilCmd": "move,Patrol",
          "Row": 0,
          "Column": 3
        },
        {
          "Face": "Attack",
          "Type": "AbilCmd",
          "AbilCmd": "attack,Execute",
          "Row": 0,
          "Column": 4
        },
        {
          "Face": "AcquireMove",
          "Type": "AbilCmd",
          "AbilCmd": "move,AcquireMove",
          "Row": 0,
          "Column": 4
        },
        {
          "Face": "Rally",
          "Type": "AbilCmd",
          "AbilCmd": "ProgressRally,Rally1",
          "Row": 2,
          "Column": 4
        },
        {
          "Face": "Cancel",
          "Type": "AbilCmd",
          "AbilCmd": "GyrePrison,255",
          "Row": 2,
          "Column": 4
        },
        {
          "Face": "GyreShackle",
          "Type": "AbilCmd",
          "AbilCmd": "GyreShackle,Execute",
          "Row": 2,
          "Column": 1
        },
        {
          "Face": "Unfuse",
          "Type": "AbilCmd",
          "AbilCmd": "FuseUnfuse,Execute",
          "Row": 1,
          "Column": 4
        },
        {
          "Face": "GyreAnnex",
          "Type": "AbilCmd",
          "AbilCmd": "GyreAnnex,Execute",
          "Row": 2,
          "Column": 0
        }
      ]
    }
  ],
  "ScoreMakeCostFactor": {
    "Minerals": 1,
    "Vespene": 1
  },
  "ScoreKillCostFactor": {
    "Minerals": 1,
    "Vespene": 1
  },
  "ScoreResult": "BuildOrder",
  "GlossaryCategory": "Unit/Category/KeironUnits",
  "GlossaryAlias": "Gyre",
  "HotkeyCategory": "Unit/Category/KeironUnits",
  "ShieldArmorName": "Keiron Dispersion Shields",
  "Height": 3.75,
  "VisionHeight": 4,
  "Attributes": [
    "Mechanical",
    "Psionic"
  ],
  "EnergyStart": 75,
  "EnergyMax": 200,
  "EnergyRegenRate": 0.5625,
  "ShieldsStart": 100,
  "ShieldsMax": 100,
  "Speed": 3.125,
  "Food": -2,
  "CostResource": {
    "Minerals": 100,
    "Vespene": 200
  },
  "EffectArray": {
    "Create": "EmpyreanHarParDelay"
  },
  "SubgroupPriority": 31,
  "GlossaryPriority": 37,
  "LifeArmor": 1,
  "KillDisplay": "Always",
  "RankDisplay": "Always",
  "Icon": "btn-unit-keiron-paradox",
  "LifeArmorIcon": "btn-upgrade-keiron-mechanicalarmorlevel0",
  "ShieldArmorIcon": "btn-upgrade-keiron-shields-level0",
  "Id": "Gyre",
  "Behaviors": [
    {
      "Link": "Detector12",
      "Id": "Detector12",
      "Tooltip": "This unit can detect cloaked or burrowed units within its sight range.",
      "Name": "Detector"
    }
  ],
  "Upgrades": [
    {
      "Link": "KeironMechArmor",
      "Id": "KeironMechArmor",
      "Name": "Keiron Mech Armor"
    },
    {
      "Link": "KeironShields",
      "Id": "KeironShields",
      "Name": "Keiron Shields"
    },
    {
      "Link": "KeironMechArmorLevel1",
      "Id": "KeironMechArmorLevel1",
      "Icon": "btn-upgrade-keiron-mechanicalarmorlevel1",
      "Name": "Keiron Mechanical Armor Level 1"
    },
    {
      "Link": "KeironMechArmorLevel2",
      "Id": "KeironMechArmorLevel2",
      "Icon": "btn-upgrade-keiron-mechanicalarmorlevel2",
      "Name": "Keiron Mechanical Armor Level 2"
    },
    {
      "Link": "KeironMechArmorLevel3",
      "Id": "KeironMechArmorLevel3",
      "Icon": "btn-upgrade-keiron-mechanicalarmorlevel3",
      "Name": "Keiron Mechanical Armor Level 3"
    },
    {
      "Link": "KeironShieldsLevel1",
      "Id": "KeironShieldsLevel1",
      "Icon": "btn-upgrade-keiron-shields-level1",
      "Name": "Keiron Shields Level 1"
    },
    {
      "Link": "KeironShieldsLevel2",
      "Id": "KeironShieldsLevel2",
      "Icon": "btn-upgrade-keiron-shields-level2",
      "Name": "Keiron Shields Level 2"
    },
    {
      "Link": "KeironShieldsLevel3",
      "Id": "KeironShieldsLevel3",
      "Icon": "btn-upgrade-keiron-shields-level3",
      "Name": "Keiron Shields Level 3"
    }
  ],
  "Abilities": [
    {
      "Link": "move",
      "Id": "move",
      "Name": "Move"
    },
    {
      "Link": "stop",
      "Id": "stop",
      "Name": "Stop"
    },
    {
      "Link": "ProgressRally",
      "Id": "ProgressRally",
      "Name": "Progress Rally"
    },
    {
      "Link": "KeironWarpable",
      "Id": "KeironWarpable",
      "Name": "Keiron Warpable"
    },
    {
      "Link": "FuseUnfuse",
      "Id": "FuseUnfuse",
      "Name": "Unfuse"
    },
    {
      "Link": "GyreAnnex",
      "Id": "GyreAnnex",
      "Name": "Gyre - Annex"
    },
    {
      "Link": "GyreShackle",
      "Id": "GyreShackle",
      "Name": "Gyre - Shackle"
    }
  ],
  "Requirements": [],
  "Production": [],
  "Producers": [
    {
      "Id": "Citadel",
      "Icon": "btn-building-keiron-citadel",
      "Description": "Primary structure. Used to create all Keiron units and receive gathered resources. Can be upgraded to use Energize.",
      "Name": "Citadel"
    },
    {
      "Id": "CitadelCharged",
      "Icon": "btn-building-keiron-citadel",
      "Description": "Primary structure. Used to create all Keiron units and receive gathered resources. Can use Energize.",
      "Name": "Citadel"
    }
  ],
  "Commands": [
    {
      "Id": "Move",
      "Icon": "btn-command-move",
      "Tooltip": "Orders selected units to move to the target area or follow the target unit. Moving units will not engage enemies.",
      "Name": "Move",
      "AbilCmd": "move,Move"
    },
    {
      "Id": "Stop",
      "Icon": "btn-command-stop",
      "Tooltip": "Orders selected units to cancel all orders and stop moving.",
      "Name": "Stop",
      "AbilCmd": "stop,Stop"
    },
    {
      "Id": "MoveHoldPosition",
      "Icon": "btn-command-holdposition",
      "Tooltip": "Orders selected units to stay where they are and attack enemies that are within range. Units will neither chase down enemies nor move to engage.",
      "Name": "Hold Position",
      "AbilCmd": "move,HoldPos"
    },
    {
      "Id": "MovePatrol",
      "Icon": "btn-command-patrol",
      "Tooltip": "Orders selected units to patrol between their current position and the target area. Units will attack enemies and move to engage nearby enemies.",
      "Name": "Patrol",
      "AbilCmd": "move,Patrol"
    },
    {
      "Id": "Attack",
      "Icon": "btn-command-attack",
      "Tooltip": "Orders selected units to move to the target point, fighting nearby enemies along the way. Targeting a unit with the Attack command orders that it be attacked until it is destroyed.",
      "Name": "Attack",
      "AbilCmd": "attack,Execute"
    },
    {
      "Id": "AcquireMove",
      "Icon": "btn-command-attack",
      "Tooltip": "Orders selected units to move to the target area or follow the target unit. Scan-moving units will not engage enemies.",
      "Name": "Scan Move",
      "AbilCmd": "move,AcquireMove"
    },
    {
      "Id": "Rally",
      "Icon": "btn-ability-terran-setrallypoint",
      "Tooltip": "Sends constructed units to the designated point. Workers rallied to resources will begin gathering automatically.",
      "Name": "Set Rally Point",
      "AbilCmd": "ProgressRally,Rally1"
    },
    {
      "Id": "Cancel",
      "Icon": "btn-command-cancel",
      "Tooltip": "Drops the current order without performing it, and allows you to select a different order.",
      "Name": "Cancel",
      "AbilCmd": "GyrePrison,255"
    },
    {
      "Id": "GyreShackle",
      "Icon": "btn-upgrade-protoss-fenix-scoutchampionaoemissiles",
      "Tooltip": "Disables the movement of enemy air units in an area for <b>6</b> seconds.",
      "Name": "Shackle",
      "AbilCmd": "GyreShackle,Execute"
    },
    {
      "Id": "Unfuse",
      "Icon": "btn-ability-zerg-dehaka-levelup",
      "Tooltip": "Releases the Fuse inhabiting this unit, losing the associated bonus.",
      "Name": "Unfuse",
      "AbilCmd": "FuseUnfuse,Execute"
    },
    {
      "Id": "GyreAnnex",
      "Icon": "btn-ability-keiron-annex",
      "Tooltip": "Captures ground units that the caster flies over, preventing use of their attacks or abilities. Deals <b>5</b> damage per second to captured enemies. Can capture up to <b>10</b> units at a time.",
      "Name": "Annex",
      "AbilCmd": "GyreAnnex,Execute"
    }
  ]
}