{
  "Name": "Hand of Power - Portal Entrance (Unit)",
  "DeathRevealFilters": "Visible;Player,Ally,Neutral,Missile,Dead,Hidden",
  "DeathRevealRadius": 0,
  "DeathRevealDuration": 0,
  "DeathRevealType": "Snapshot",
  "Race": "Dragon",
  "DefaultAcquireLevel": "Offensive",
  "Response": "Acquire",
  "ResourceState": "Unknown",
  "ResourceType": "Unknown",
  "LifeStart": 1,
  "LifeMax": 1,
  "LifeArmorName": "None",
  "Mover": "Ground",
  "StationaryTurningRate": 720,
  "TurningRate": 720,
  "Radius": 0,
  "SeparationRadius": 0,
  "MinimapRadius": 0,
  "EditorCategories": {
    "ObjectType": "Other",
    "ObjectFamily": "Melee"
  },
  "TacticalAIFilters": "-;Player,Ally,Neutral",
  "AIEvalFactor": 1,
  "Mass": 0.4,
  "FlagArray": [
    "Unselectable",
    "Untargetable",
    "Invulnerable",
    "NoScore"
  ],
  "PushPriority": 10,
  "LeaderAlias": "HandofPowerPortalEntranceUnit",
  "HotkeyAlias": "HandofPowerPortalEntranceUnit",
  "SelectAlias": "HandofPowerPortalEntranceUnit",
  "SubgroupAlias": "HandofPowerPortalEntranceUnit",
  "OccludeHeight": 0.75,
  "TacticalAI": "HandofPowerPortalEntranceUnit",
  "AIEvaluateAlias": "HandofPowerPortalEntranceUnit",
  "ReviveType": "HandofPowerPortalEntranceUnit",
  "PawnItemReduction": 1,
  "Fidget": {
    "DelayMax": 30,
    "DelayMin": 10,
    "DistanceMax": 4,
    "DistanceMin": 1,
    "TurnAngle": 90,
    "TurningRate": 90,
    "ChanceArray": {
      "Idle": 100
    }
  },
  "ReviveInfoBase": {
    "Charge": {
      "Link": "HandofPowerPortalEntranceUnit/Revive",
      "Location": "Unit"
    },
    "Cooldown": {
      "Link": "HandofPowerPortalEntranceUnit/Revive",
      "Location": "Unit"
    }
  },
  "InnerRadiusSafetyMultiplier": 1,
  "ArmorType": "Unknown",
  "Height": 0.5,
  "Id": "HandofPowerPortalEntranceUnit",
  "Behaviors": [
    {
      "Link": "HandofPowerPortal",
      "Id": "HandofPowerPortal",
      "Name": "Hand of Power - Portal"
    }
  ],
  "Upgrades": [],
  "Requirements": [],
  "Production": [],
  "Producers": [],
  "Commands": []
}