{
  "Name": "Harbinger",
  "Description": "Assault frigate. Can use Judgement Mode.<br/><br/><span style=\"color: #FFFF80\">Can attack ground and air units.</span>",
  "DeathRevealFilters": "Visible;Player,Ally,Neutral,Missile,Dead,Hidden",
  "DeathRevealRadius": 3,
  "DeathRevealDuration": 4,
  "DeathRevealType": "Snapshot",
  "Race": "Keir",
  "DefaultAcquireLevel": "Offensive",
  "Response": "Acquire",
  "ResourceState": "Unknown",
  "ResourceType": "Unknown",
  "LifeStart": 175,
  "LifeMax": 175,
  "LifeArmorName": "Keiron Mechanical Armor",
  "Mover": "Fly",
  "StationaryTurningRate": 720,
  "TurningRate": 720,
  "Radius": 1,
  "SeparationRadius": 1,
  "MinimapRadius": 1,
  "EditorCategories": {
    "ObjectType": "Unit",
    "ObjectFamily": "Melee"
  },
  "TacticalAIFilters": "-;Player,Ally,Neutral",
  "AIEvalFactor": 1,
  "Mass": 0.4,
  "FlagArray": [
    "Turnable",
    "Movable",
    "Unclickable",
    "Unhighlightable",
    "Untooltipable",
    "KillCredit",
    "ShowResources",
    "ClearRallyOnTargetLost",
    "PlayerRevivable",
    "CameraFollow",
    "PreventDestroy",
    "UseLineOfSight",
    "ArmySelect"
  ],
  "EditorFlags": [
    "BlockStructures"
  ],
  "PushPriority": 10,
  "LeaderAlias": "Harbinger",
  "HotkeyAlias": "Harbinger",
  "SelectAlias": "Harbinger",
  "SubgroupAlias": "Harbinger",
  "OccludeHeight": 0.75,
  "TacticalAI": "Harbinger",
  "AIEvaluateAlias": "Harbinger",
  "ReviveType": "Harbinger",
  "PawnItemReduction": 1,
  "Fidget": {
    "DelayMax": 30,
    "DelayMin": 10,
    "DistanceMax": 4,
    "DistanceMin": 1,
    "TurnAngle": 90,
    "TurningRate": 90,
    "ChanceArray": {
      "Idle": 100
    }
  },
  "ReviveInfoBase": {
    "Charge": {
      "Link": "Harbinger/Revive",
      "Location": "Unit"
    },
    "Cooldown": {
      "Link": "Harbinger/Revive",
      "Location": "Unit"
    }
  },
  "InnerRadiusSafetyMultiplier": 1,
  "ArmorType": "Unknown",
  "PlaneArray": [
    "Air"
  ],
  "Collide": [
    "Flying"
  ],
  "LifeRegenRate": 0.1718,
  "ShieldRegenDelay": 4,
  "ShieldRegenRate": 1.25,
  "Acceleration": 3,
  "Sight": 9,
  "CostCategory": "Army",
  "AttackTargetPriority": 20,
  "CardLayouts": [
    {
      "LayoutButtons": [
        {
          "Face": "Move",
          "Type": "AbilCmd",
          "AbilCmd": "move,Move",
          "Row": 0,
          "Column": 0
        },
        {
          "Face": "Stop",
          "Type": "AbilCmd",
          "AbilCmd": "stop,Stop",
          "Row": 0,
          "Column": 1
        },
        {
          "Face": "MoveHoldPosition",
          "Type": "AbilCmd",
          "AbilCmd": "move,HoldPos",
          "Row": 0,
          "Column": 2
        },
        {
          "Face": "MovePatrol",
          "Type": "AbilCmd",
          "AbilCmd": "move,Patrol",
          "Row": 0,
          "Column": 3
        },
        {
          "Face": "Attack",
          "Type": "AbilCmd",
          "AbilCmd": "attack,Execute",
          "Row": 0,
          "Column": 4
        },
        {
          "Face": "Rally",
          "Type": "AbilCmd",
          "AbilCmd": "ProgressRally,Rally1",
          "Row": 2,
          "Column": 4
        },
        {
          "Face": "HarbingerJudgementMode",
          "Type": "AbilCmd",
          "AbilCmd": "HarbingerJudgementModeStart,Execute",
          "Row": 2,
          "Column": 0
        },
        {
          "Face": "HarbingerExitJudgementMode",
          "Type": "AbilCmd",
          "AbilCmd": "HarbingerExitJudgementMode,Execute",
          "Row": 2,
          "Column": 1
        },
        {
          "Face": "Unfuse",
          "Type": "AbilCmd",
          "AbilCmd": "FuseUnfuse,Execute",
          "Row": 1,
          "Column": 4
        }
      ]
    }
  ],
  "ScoreMakeCostFactor": {
    "Minerals": 1,
    "Vespene": 1
  },
  "ScoreKillCostFactor": {
    "Minerals": 1,
    "Vespene": 1
  },
  "ScoreResult": "BuildOrder",
  "GlossaryCategory": "Unit/Category/KeironUnits",
  "GlossaryAlias": "Harbinger",
  "HotkeyCategory": "Unit/Category/KeironUnits",
  "ShieldArmorName": "Keiron Dispersion Shields",
  "Height": 3.75,
  "VisionHeight": 4,
  "Attributes": [
    "Armored",
    "Mechanical"
  ],
  "ShieldsStart": 100,
  "ShieldsMax": 100,
  "Speed": 3.375,
  "Food": -4,
  "CostResource": {
    "Minerals": 250,
    "Vespene": 175
  },
  "EffectArray": {
    "Create": "EmpyreanHarParDelay"
  },
  "GlossaryPriority": 36,
  "SubgroupPriority": 22,
  "LifeArmor": 1,
  "Icon": "btn-unit-keiron-harbinger",
  "LifeArmorIcon": "btn-upgrade-keiron-mechanicalarmorlevel0",
  "ShieldArmorIcon": "btn-upgrade-keiron-shields-level0",
  "Id": "Harbinger",
  "Weapons": [
    {
      "Link": "HeraldEnergyCannons",
      "Id": "HeraldEnergyCannons",
      "Icon": "btn-upgrade-keiron-mechanicalweaponslevel0",
      "Name": "Herald Energy Cannons",
      "Amount": 18,
      "Kind": "Ranged",
      "TargetFilters": "Air",
      "Range": 5,
      "Period": 0.875
    },
    {
      "Link": "AuguryGuns",
      "Id": "AuguryGuns",
      "Icon": "btn-upgrade-keiron-mechanicalweaponslevel0",
      "Name": "Augury Guns",
      "Amount": 11,
      "Kind": "Ranged",
      "DisplayAttackCount": 2,
      "TargetFilters": "Ground",
      "Range": 6,
      "Period": 1.3
    }
  ],
  "Upgrades": [
    {
      "Link": "KeironMechArmor",
      "Id": "KeironMechArmor",
      "Name": "Keiron Mech Armor"
    },
    {
      "Link": "KeironMechWeapons",
      "Id": "KeironMechWeapons",
      "Name": "Keiron Mech Weapons"
    },
    {
      "Link": "KeironShields",
      "Id": "KeironShields",
      "Name": "Keiron Shields"
    },
    {
      "Link": "KeironMechArmorLevel1",
      "Id": "KeironMechArmorLevel1",
      "Icon": "btn-upgrade-keiron-mechanicalarmorlevel1",
      "Name": "Keiron Mechanical Armor Level 1"
    },
    {
      "Link": "KeironMechArmorLevel2",
      "Id": "KeironMechArmorLevel2",
      "Icon": "btn-upgrade-keiron-mechanicalarmorlevel2",
      "Name": "Keiron Mechanical Armor Level 2"
    },
    {
      "Link": "KeironMechArmorLevel3",
      "Id": "KeironMechArmorLevel3",
      "Icon": "btn-upgrade-keiron-mechanicalarmorlevel3",
      "Name": "Keiron Mechanical Armor Level 3"
    },
    {
      "Link": "KeironMechWeaponsLevel1",
      "Id": "KeironMechWeaponsLevel1",
      "Icon": "btn-upgrade-keiron-mechanicalweaponslevel1",
      "Name": "Keiron Mechanical Weapons Level 1"
    },
    {
      "Link": "KeironMechWeaponsLevel2",
      "Id": "KeironMechWeaponsLevel2",
      "Icon": "btn-upgrade-keiron-mechanicalweaponslevel2",
      "Name": "Keiron Mechanical Weapons Level 2"
    },
    {
      "Link": "KeironMechWeaponsLevel3",
      "Id": "KeironMechWeaponsLevel3",
      "Icon": "btn-upgrade-keiron-mechanicalweaponslevel3",
      "Name": "Keiron Mechanical Weapons Level 3"
    },
    {
      "Link": "KeironShieldsLevel1",
      "Id": "KeironShieldsLevel1",
      "Icon": "btn-upgrade-keiron-shields-level1",
      "Name": "Keiron Shields Level 1"
    },
    {
      "Link": "KeironShieldsLevel2",
      "Id": "KeironShieldsLevel2",
      "Icon": "btn-upgrade-keiron-shields-level2",
      "Name": "Keiron Shields Level 2"
    },
    {
      "Link": "KeironShieldsLevel3",
      "Id": "KeironShieldsLevel3",
      "Icon": "btn-upgrade-keiron-shields-level3",
      "Name": "Keiron Shields Level 3"
    }
  ],
  "Abilities": [
    {
      "Link": "move",
      "Id": "move",
      "Name": "Move"
    },
    {
      "Link": "stop",
      "Id": "stop",
      "Name": "Stop"
    },
    {
      "Link": "attack",
      "Id": "attack",
      "Name": "Attack"
    },
    {
      "Link": "ProgressRally",
      "Id": "ProgressRally",
      "Name": "Progress Rally"
    },
    {
      "Link": "KeironWarpable",
      "Id": "KeironWarpable",
      "Name": "Keiron Warpable"
    },
    {
      "Link": "FuseUnfuse",
      "Id": "FuseUnfuse",
      "Name": "Unfuse"
    },
    {
      "Link": "HarbingerJudgementModeStart",
      "Id": "HarbingerJudgementModeStart",
      "Name": "Harbinger - Judgement Mode"
    },
    {
      "Link": "HarbingerExitJudgementMode",
      "Id": "HarbingerExitJudgementMode",
      "Name": "Harbinger - Exit Judgement Mode"
    }
  ],
  "Requirements": [],
  "Production": [],
  "Producers": [
    {
      "Id": "Citadel",
      "Icon": "btn-building-keiron-citadel",
      "Description": "Primary structure. Used to create all Keiron units and receive gathered resources. Can be upgraded to use Energize.",
      "Name": "Citadel"
    },
    {
      "Id": "CitadelCharged",
      "Icon": "btn-building-keiron-citadel",
      "Description": "Primary structure. Used to create all Keiron units and receive gathered resources. Can use Energize.",
      "Name": "Citadel"
    }
  ],
  "Commands": [
    {
      "Id": "Move",
      "Icon": "btn-command-move",
      "Tooltip": "Orders selected units to move to the target area or follow the target unit. Moving units will not engage enemies.",
      "Name": "Move",
      "AbilCmd": "move,Move"
    },
    {
      "Id": "Stop",
      "Icon": "btn-command-stop",
      "Tooltip": "Orders selected units to cancel all orders and stop moving.",
      "Name": "Stop",
      "AbilCmd": "stop,Stop"
    },
    {
      "Id": "MoveHoldPosition",
      "Icon": "btn-command-holdposition",
      "Tooltip": "Orders selected units to stay where they are and attack enemies that are within range. Units will neither chase down enemies nor move to engage.",
      "Name": "Hold Position",
      "AbilCmd": "move,HoldPos"
    },
    {
      "Id": "MovePatrol",
      "Icon": "btn-command-patrol",
      "Tooltip": "Orders selected units to patrol between their current position and the target area. Units will attack enemies and move to engage nearby enemies.",
      "Name": "Patrol",
      "AbilCmd": "move,Patrol"
    },
    {
      "Id": "Attack",
      "Icon": "btn-command-attack",
      "Tooltip": "Orders selected units to move to the target point, fighting nearby enemies along the way. Targeting a unit with the Attack command orders that it be attacked until it is destroyed.",
      "Name": "Attack",
      "AbilCmd": "attack,Execute"
    },
    {
      "Id": "Rally",
      "Icon": "btn-ability-terran-setrallypoint",
      "Tooltip": "Sends constructed units to the designated point. Workers rallied to resources will begin gathering automatically.",
      "Name": "Set Rally Point",
      "AbilCmd": "ProgressRally,Rally1"
    },
    {
      "Id": "HarbingerJudgementMode",
      "Icon": "btn-unit-keiron-harbinger-judgementmode",
      "Tooltip": "While in Judgement Mode, Harbingers deal area damage vs air. They are also <b>100</b>% slower and are unable to attack ground.",
      "Name": "Judgement Mode",
      "AbilCmd": "HarbingerJudgementModeStart,Execute"
    },
    {
      "Id": "HarbingerExitJudgementMode",
      "Icon": "btn-unit-keiron-harbinger",
      "Tooltip": "Reverts the Harbinger back to its usual form.",
      "Name": "Exit Judgement Mode",
      "AbilCmd": "HarbingerExitJudgementMode,Execute"
    },
    {
      "Id": "Unfuse",
      "Icon": "btn-ability-zerg-dehaka-levelup",
      "Tooltip": "Releases the Fuse inhabiting this unit, losing the associated bonus.",
      "Name": "Unfuse",
      "AbilCmd": "FuseUnfuse,Execute"
    }
  ]
}