{
  "Name": "Hatchery",
  "Description": "Primary structure. Used to spawn all Zerg units and receive gathered resources. Grows creep used to feed nearby Zerg structures. Can mutate into a Lair.<br/><br/><c val=\"#ColorAttackInfo\">Bonus: Zerg move faster on creep.</span>",
  "DeathRevealFilters": "Visible;Player,Ally,Neutral,Missile,Dead,Hidden",
  "DeathRevealRadius": 3,
  "DeathRevealDuration": 4,
  "DeathRevealType": "Snapshot",
  "Race": "Zerg",
  "DefaultAcquireLevel": "Offensive",
  "Response": "Acquire",
  "ResourceState": "Unknown",
  "ResourceType": "Unknown",
  "LifeStart": 1500,
  "LifeMax": 1500,
  "LifeArmorName": "Zerg Building Armor",
  "Mover": "Ground",
  "StationaryTurningRate": 719.4726,
  "TurningRate": 719.4726,
  "Radius": 2,
  "SeparationRadius": 2,
  "MinimapRadius": 2.5,
  "EditorCategories": {
    "ObjectType": "Structure",
    "ObjectFamily": "Melee"
  },
  "TacticalAIFilters": "-;Player,Ally,Neutral",
  "AIEvalFactor": 0,
  "Mass": 0.4,
  "FlagArray": [
    "Movable",
    "Unclickable",
    "Unhighlightable",
    "Untooltipable",
    "KillCredit",
    "ShowResources",
    "ClearRallyOnTargetLost",
    "PlayerRevivable",
    "CameraFollow",
    "PreventReveal",
    "PreventDefeat",
    "PreventDestroy",
    "UseLineOfSight",
    "TownAlert",
    "NoPortraitTalk",
    "TownCamera",
    "ArmorDisabledWhileConstructing"
  ],
  "EditorFlags": [
    "BlockStructures"
  ],
  "PushPriority": 10,
  "LeaderAlias": "Hatchery",
  "HotkeyAlias": "Hatchery",
  "SelectAlias": "Hatchery",
  "SubgroupAlias": "Hatchery",
  "OccludeHeight": 0.75,
  "TacticalAI": "Hatchery",
  "AIEvaluateAlias": "Hatchery",
  "ReviveType": "Hatchery",
  "PawnItemReduction": 1,
  "Fidget": {
    "DelayMax": 30,
    "DelayMin": 10,
    "DistanceMax": 4,
    "DistanceMin": 1,
    "TurnAngle": 90,
    "TurningRate": 90,
    "ChanceArray": {
      "Idle": 100
    }
  },
  "ReviveInfoBase": {
    "Charge": {
      "Link": "Hatchery/Revive",
      "Location": "Unit"
    },
    "Cooldown": {
      "Link": "Hatchery/Revive",
      "Location": "Unit"
    }
  },
  "InnerRadiusSafetyMultiplier": 1,
  "ArmorType": "Unknown",
  "TechAliasArray": [
    "Alias_Hatchery"
  ],
  "Mob": "Multiplayer",
  "FogVisibility": "Snapshot",
  "LifeArmor": 1,
  "LifeRegenRate": 0.2734,
  "Food": 6,
  "AttackTargetPriority": 11,
  "Footprint": "Footprint6x5DropOffCreepSourceContour",
  "PlacementFootprint": "Footprint6x5DropOffCreepSource",
  "ScoreMake": 300,
  "ScoreKill": 350,
  "ScoreResult": "BuildOrder",
  "SubgroupPriority": 32,
  "ResourceDropOff": {
    "Minerals": 1,
    "Vespene": 1,
    "Terrazine": 1,
    "Custom": 1
  },
  "Attributes": [
    "Armored",
    "Biological",
    "Structure"
  ],
  "PlaneArray": [
    "Ground"
  ],
  "Collide": [
    "Burrow",
    "Ground",
    "Structure",
    "RoachBurrow",
    "ForceField",
    "Small",
    "Locust",
    "Phased"
  ],
  "Sight": 10,
  "CardLayouts": [
    {
      "LayoutButtons": [
        {
          "Face": "Larva",
          "Type": "SelectLarva",
          "Row": 0,
          "Column": 0
        },
        {
          "Face": "Cancel",
          "Type": "AbilCmd",
          "AbilCmd": "que5CancelToSelection,CancelLast",
          "Row": 2,
          "Column": 4
        },
        {
          "Face": "CancelMutateMorph",
          "Type": "AbilCmd",
          "AbilCmd": "UpgradeToLair,Cancel",
          "Row": 2,
          "Column": 4
        },
        {
          "Face": "CancelBuilding",
          "Type": "AbilCmd",
          "AbilCmd": "BuildInProgress,Cancel",
          "Row": 2,
          "Column": 4
        },
        {
          "Face": "Lair",
          "Type": "AbilCmd",
          "AbilCmd": "UpgradeToLair,Execute",
          "Row": 2,
          "Column": 0
        },
        {
          "Face": "RallyEgg",
          "Type": "AbilCmd",
          "AbilCmd": "RallyHatchery,Rally2",
          "Row": 1,
          "Column": 3
        },
        {
          "Face": "Queen",
          "Type": "AbilCmd",
          "AbilCmd": "TrainQueen,Train1",
          "Row": 0,
          "Column": 1
        },
        {
          "Face": "SetRallyPoint2",
          "Type": "AbilCmd",
          "AbilCmd": "RallyHatchery,Rally1",
          "Row": 1,
          "Column": 4
        },
        {
          "Face": "overlordspeed",
          "Type": "AbilCmd",
          "AbilCmd": "LairResearch,Research2",
          "Row": 1,
          "Column": 0
        },
        {
          "Face": "ResearchBurrow",
          "Type": "AbilCmd",
          "AbilCmd": "LairResearch,Research4",
          "Row": 0,
          "Column": 4
        }
      ]
    }
  ],
  "GlossaryPriority": 10,
  "HotkeyCategory": "Unit/Category/ZergUnits",
  "CostCategory": "Economy",
  "CostResource": {
    "Minerals": 350
  },
  "TechTreeProducedUnitArray": [
    "Larva",
    "Queen"
  ],
  "EffectArray": {
    "Create": "HatcheryCreateSet",
    "Birth": "HatcheryBirthSet"
  },
  "Icon": "btn-building-zerg-hatchery",
  "LifeArmorIcon": "btn-armor-zerg-building",
  "ShieldArmorIcon": "btn-upgrade-protoss-shieldslevel0",
  "Id": "Hatchery",
  "Behaviors": [
    {
      "Link": "makeCreep8x6",
      "Id": "makeCreep8x6"
    },
    {
      "Link": "SpawnLarva",
      "Id": "SpawnLarva"
    },
    {
      "Link": "ZergBuildingDies9",
      "Id": "ZergBuildingDies9"
    }
  ],
  "Upgrades": [
    {
      "Link": "SnowVisualMP",
      "Id": "SnowVisualMP"
    }
  ],
  "Abilities": [
    {
      "Link": "BuildInProgress",
      "Id": "BuildInProgress",
      "Name": "Build in Progress"
    },
    {
      "Link": "que5CancelToSelection",
      "Id": "que5CancelToSelection",
      "Name": "Queue (5) (Cancel To Selection)"
    },
    {
      "Link": "UpgradeToLair",
      "Id": "UpgradeToLair",
      "Name": "Morph Building (Hatchery -> Lair)"
    },
    {
      "Link": "RallyHatchery",
      "Id": "RallyHatchery",
      "Name": "Hatchery - Rally"
    },
    {
      "Link": "TrainQueen",
      "Id": "TrainQueen",
      "Name": "Train Queen"
    },
    {
      "Link": "LairResearch",
      "Id": "LairResearch",
      "Name": "Research (LairHive)"
    }
  ],
  "Requirements": [],
  "Production": [
    {
      "Id": "Queen",
      "Icon": "btn-unit-zerg-queen",
      "Description": "Defensive unit. Can use Spawn Larvae, Spawn Creep Tumor, and Transfusion. Moves much faster on creep.<br/><br/><span style=\"color: #ffff8a\">Can attack ground and air units.</span>",
      "Name": "Queen"
    },
    {
      "Id": "overlordspeed",
      "Icon": "btn-upgrade-zerg-pneumatizedcarapace",
      "Name": "Pneumatized Carapace"
    },
    {
      "Id": "Burrow",
      "Icon": "btn-ability-zerg-burrow-color",
      "Name": "Burrow"
    }
  ],
  "Producers": [
    {
      "Id": "Drone",
      "Icon": "btn-unit-zerg-drone",
      "Description": "Basic worker unit. Can harvest minerals and vespene gas. Can mutate into structures.<br/><br/><c val=\"#ColorAttackInfo\">Can attack ground units.</span>",
      "Name": "Drone"
    }
  ],
  "Commands": [
    {
      "Id": "Cancel",
      "Icon": "btn-command-cancel",
      "Tooltip": "Drops the current order without performing it, and allows you to select a different order.",
      "Name": "Cancel",
      "AbilCmd": "que5CancelToSelection,CancelLast"
    },
    {
      "Id": "CancelMutateMorph",
      "Icon": "btn-command-cancel",
      "Tooltip": "Cancels the mutation order, returning the structure to its original state.",
      "Name": "Cancel",
      "AbilCmd": "UpgradeToLair,Cancel"
    },
    {
      "Id": "CancelBuilding",
      "Icon": "btn-command-cancel",
      "Tooltip": "Cancels construction of this structure, destroying the structure and giving a partial refund.",
      "Name": "Cancel",
      "AbilCmd": "BuildInProgress,Cancel"
    },
    {
      "Id": "Lair",
      "Icon": "btn-building-zerg-lair",
      "Tooltip": "Evolved version of the Hatchery that allows additional upgrades and structures to be produced. Also spawns all Zerg units and receives gathered resources.<br/><br/><span style=\"color: #ffff8a\">Enables:</span><br/>- Overseers from Overlords",
      "Name": "Mutate into Lair",
      "AbilCmd": "UpgradeToLair,Execute"
    },
    {
      "Id": "RallyEgg",
      "Icon": "btn-ability-zerg-setworkerrallypoint",
      "Tooltip": "Sends morphed worker units to the designated point. Workers rallied to Mineral Fields or Extractors will begin gathering automatically.",
      "Name": "Set Worker Rally Point",
      "AbilCmd": "RallyHatchery,Rally2"
    },
    {
      "Id": "Queen",
      "Icon": "btn-unit-zerg-queen",
      "Tooltip": "Defensive unit. Can use Spawn Larvae, Spawn Creep Tumor, and Transfusion. Moves much faster on creep.<br/><br/><span style=\"color: #ffff8a\">Can attack ground and air units.</span>",
      "Name": "Birth Queen",
      "AbilCmd": "TrainQueen,Train1"
    },
    {
      "Id": "SetRallyPoint2",
      "Icon": "btn-ability-terran-setrallypoint",
      "Tooltip": "Sends morphed units to the designated point.",
      "Name": "Set Rally Point",
      "AbilCmd": "RallyHatchery,Rally1"
    },
    {
      "Id": "overlordspeed",
      "Icon": "btn-upgrade-zerg-pneumatizedcarapace",
      "Tooltip": "Increases the movement speed of <span style=\"color: #ffff8a\">Overlords</span> and <span style=\"color: #ffff8a\">Overseers</span>.",
      "Name": "Evolve Pneumatized Carapace",
      "AbilCmd": "LairResearch,Research2"
    },
    {
      "Id": "ResearchBurrow",
      "Icon": "btn-ability-zerg-burrow-color",
      "Tooltip": "Enables all Zerg ground units to use the Burrow ability. Burrow allows a unit to take cover underground, rendering it unable to attack. A burrowed unit is invisible unless revealed by detectors or effects.",
      "Name": "Evolve Burrow",
      "AbilCmd": "LairResearch,Research4"
    }
  ]
}