{
  "Name": "Hellion",
  "Description": "Fast scout. Has a flame attack that damages all enemy units in its line of fire. Can transform into a close range combat unit.<br/><br/><c val=\"#ColorAttackInfo\">Can attack ground units.</span>",
  "DeathRevealFilters": "Visible;Player,Ally,Neutral,Missile,Dead,Hidden",
  "DeathRevealRadius": 3,
  "DeathRevealDuration": 4,
  "DeathRevealType": "Snapshot",
  "Race": "Terr",
  "DefaultAcquireLevel": "Offensive",
  "Response": "Acquire",
  "ResourceState": "Unknown",
  "ResourceType": "Unknown",
  "LifeStart": 90,
  "LifeMax": 90,
  "LifeArmorName": "Terran Vehicle Plating",
  "Mover": "Ground",
  "StationaryTurningRate": 1499.9414,
  "TurningRate": 720,
  "Radius": 0.625,
  "SeparationRadius": 0.75,
  "MinimapRadius": 0.625,
  "EditorCategories": {
    "ObjectType": "Unit",
    "ObjectFamily": "Melee"
  },
  "TacticalAIFilters": "-;Player,Ally,Neutral",
  "AIEvalFactor": 1,
  "Mass": 0.4,
  "FlagArray": [
    "Turnable",
    "Movable",
    "Unclickable",
    "Unhighlightable",
    "Untooltipable",
    "KillCredit",
    "ShowResources",
    "ClearRallyOnTargetLost",
    "PlayerRevivable",
    "CameraFollow",
    "PreventDestroy",
    "UseLineOfSight",
    "AISplash",
    "ArmySelect"
  ],
  "EditorFlags": [
    "BlockStructures"
  ],
  "PushPriority": 10,
  "LeaderAlias": "Hellion",
  "HotkeyAlias": "Hellion",
  "SelectAlias": "Hellion",
  "SubgroupAlias": "Hellion",
  "OccludeHeight": 0.75,
  "TacticalAI": "Hellion",
  "AIEvaluateAlias": "Hellion",
  "ReviveType": "Hellion",
  "PawnItemReduction": 1,
  "Fidget": {
    "DelayMax": 30,
    "DelayMin": 10,
    "DistanceMax": 4,
    "DistanceMin": 1,
    "TurnAngle": 90,
    "TurningRate": 90,
    "ChanceArray": {
      "Idle": 100
    }
  },
  "ReviveInfoBase": {
    "Charge": {
      "Link": "Hellion/Revive",
      "Location": "Unit"
    },
    "Cooldown": {
      "Link": "Hellion/Revive",
      "Location": "Unit"
    }
  },
  "InnerRadiusSafetyMultiplier": 1,
  "ArmorType": "Unknown",
  "Mob": "Multiplayer",
  "Speed": 4.25,
  "Acceleration": 1000,
  "LateralAcceleration": 46,
  "Food": -2,
  "CostCategory": "Army",
  "TechAliasArray": [
    "Alias_Hellion",
    "Alias_Hellion"
  ],
  "CostResource": {
    "Minerals": 100
  },
  "RepairTime": 30,
  "AttackTargetPriority": 20,
  "DamageDealtXP": 1,
  "DamageTakenXP": 1,
  "KillXP": 30,
  "InnerRadius": 0.5,
  "CargoSize": 2,
  "ScoreMake": 100,
  "ScoreKill": 100,
  "ScoreResult": "BuildOrder",
  "SubgroupPriority": 66,
  "PlaneArray": [
    "Ground"
  ],
  "Collide": [
    "Ground",
    "ForceField",
    "Small",
    "Locust"
  ],
  "Sight": 10,
  "CardLayouts": [
    {
      "LayoutButtons": [
        {
          "Face": "Move",
          "Type": "AbilCmd",
          "AbilCmd": "move,Move",
          "Row": 0,
          "Column": 0
        },
        {
          "Face": "Stop",
          "Type": "AbilCmd",
          "AbilCmd": "stop,Stop",
          "Row": 0,
          "Column": 1
        },
        {
          "Face": "MoveHoldPosition",
          "Type": "AbilCmd",
          "AbilCmd": "move,HoldPos",
          "Row": 0,
          "Column": 2
        },
        {
          "Face": "Attack",
          "Type": "AbilCmd",
          "AbilCmd": "attack,Execute",
          "Row": 0,
          "Column": 4
        },
        {
          "Face": "MovePatrol",
          "Type": "AbilCmd",
          "AbilCmd": "move,Patrol",
          "Row": 0,
          "Column": 3
        },
        {
          "Face": "MorphToHellionTank",
          "Type": "AbilCmd",
          "AbilCmd": "MorphToHellionTank,Execute",
          "Row": 2,
          "Column": 1
        }
      ]
    }
  ],
  "Attributes": [
    "Light",
    "Mechanical"
  ],
  "GlossaryCategory": "Unit/Category/TerranUnits",
  "HotkeyCategory": "Unit/Category/TerranUnits",
  "GlossaryPriority": 80,
  "GlossaryStrongArray": [
    "SCV",
    "Zergling",
    "Probe"
  ],
  "GlossaryWeakArray": [
    "Cyclone",
    "Roach",
    "Stalker"
  ],
  "TacticalAIThink": "AIThinkHellion",
  "Icon": "btn-unit-terran-hellion",
  "LifeArmorIcon": "btn-upgrade-terran-vehicleplatinglevel0",
  "ShieldArmorIcon": "btn-upgrade-protoss-shieldslevel0",
  "Id": "Hellion",
  "Weapons": [
    {
      "Link": "InfernalFlameThrower",
      "Turret": "Hellion",
      "Id": "InfernalFlameThrower",
      "Icon": "btn-upgrade-terran-vehicleweaponslevel0",
      "Name": "Infernal Flamethrower",
      "Amount": 8,
      "AttributeBonus": {
        "Light": 6
      },
      "Kind": "Ranged",
      "TargetFilters": "Ground",
      "Range": 5,
      "Period": 2.5
    }
  ],
  "Upgrades": [
    {
      "Link": "TerranVehicleWeapons",
      "Id": "TerranVehicleWeapons",
      "Name": "Terran Vehicle Weapons"
    },
    {
      "Link": "TerranVehicleArmors",
      "Id": "TerranVehicleArmors",
      "Name": "Terran Vehicle Armors"
    },
    {
      "Link": "HighCapacityBarrels",
      "Id": "HighCapacityBarrels",
      "Icon": "btn-upgrade-terran-infernalpreigniter",
      "Name": "Infernal Pre-Igniter"
    },
    {
      "Link": "TerranVehicleWeaponsLevel1",
      "Id": "TerranVehicleWeaponsLevel1",
      "Icon": "btn-upgrade-terran-vehicleweaponslevel1",
      "Name": "Terran Vehicle Weapons Level 1"
    },
    {
      "Link": "TerranVehicleWeaponsLevel2",
      "Id": "TerranVehicleWeaponsLevel2",
      "Icon": "btn-upgrade-terran-vehicleweaponslevel2",
      "Name": "Terran Vehicle Weapons Level 2"
    },
    {
      "Link": "TerranVehicleWeaponsLevel3",
      "Id": "TerranVehicleWeaponsLevel3",
      "Icon": "btn-upgrade-terran-vehicleweaponslevel3",
      "Name": "Terran Vehicle Weapons Level 3"
    },
    {
      "Link": "TerranVehicleArmorsLevel1",
      "Id": "TerranVehicleArmorsLevel1",
      "Icon": "btn-upgrade-terran-vehicleplatinglevel1",
      "Name": "Terran Vehicle Plating Level 1"
    },
    {
      "Link": "TerranVehicleArmorsLevel2",
      "Id": "TerranVehicleArmorsLevel2",
      "Icon": "btn-upgrade-terran-vehicleplatinglevel2",
      "Name": "Terran Vehicle Plating Level 2"
    },
    {
      "Link": "TerranVehicleArmorsLevel3",
      "Id": "TerranVehicleArmorsLevel3",
      "Icon": "btn-upgrade-terran-vehicleplatinglevel3",
      "Name": "Terran Vehicle Plating Level 3"
    },
    {
      "Link": "TransformationServos",
      "Id": "TransformationServos",
      "Icon": "btn-upgrade-terran-transformationservos",
      "Name": "Transformation Servos"
    },
    {
      "Link": "TerranVehicleAndShipWeapons",
      "Id": "TerranVehicleAndShipWeapons",
      "Name": "Terran Vehicle And Ship Weapons"
    },
    {
      "Link": "TerranVehicleAndShipArmors",
      "Id": "TerranVehicleAndShipArmors",
      "Name": "Terran Vehicle And Ship Plating"
    },
    {
      "Link": "TerranVehicleAndShipWeaponsLevel1",
      "Id": "TerranVehicleAndShipWeaponsLevel1",
      "Icon": "btn-upgrade-terran-vehicleweaponslevel1",
      "Name": "Terran Vehicle And Ship Weapons Level 1"
    },
    {
      "Link": "TerranVehicleAndShipWeaponsLevel2",
      "Id": "TerranVehicleAndShipWeaponsLevel2",
      "Icon": "btn-upgrade-terran-vehicleweaponslevel2",
      "Name": "Terran Vehicle And Ship Weapons Level 2"
    },
    {
      "Link": "TerranVehicleAndShipWeaponsLevel3",
      "Id": "TerranVehicleAndShipWeaponsLevel3",
      "Icon": "btn-upgrade-terran-vehicleweaponslevel3",
      "Name": "Terran Vehicle And Ship Weapons Level 3"
    },
    {
      "Link": "TerranVehicleAndShipArmorsLevel1",
      "Id": "TerranVehicleAndShipArmorsLevel1",
      "Icon": "btn-upgrade-terran-vehicleplatinglevel1",
      "Name": "Terran Vehicle and Ship Plating Level 1"
    },
    {
      "Link": "TerranVehicleAndShipArmorsLevel2",
      "Id": "TerranVehicleAndShipArmorsLevel2",
      "Icon": "btn-upgrade-terran-vehicleplatinglevel2",
      "Name": "Terran Vehicle and Ship Plating Level 2"
    },
    {
      "Link": "TerranVehicleAndShipArmorsLevel3",
      "Id": "TerranVehicleAndShipArmorsLevel3",
      "Icon": "btn-upgrade-terran-vehicleplatinglevel3",
      "Name": "Terran Vehicle and Ship Plating Level 3"
    },
    {
      "Link": "SmartServos",
      "Id": "SmartServos",
      "Icon": "btn-upgrade-terran-transformationservos",
      "Name": "Smart Servos"
    }
  ],
  "Abilities": [
    {
      "Link": "stop",
      "Id": "stop",
      "Name": "Stop"
    },
    {
      "Link": "attack",
      "Id": "attack",
      "Name": "Attack"
    },
    {
      "Link": "move",
      "Id": "move",
      "Name": "Move"
    },
    {
      "Link": "MorphToHellionTank",
      "Id": "MorphToHellionTank",
      "Name": "Morph To Hellbat"
    }
  ],
  "Requirements": [],
  "Production": [],
  "Producers": [
    {
      "Id": "Factory",
      "Icon": "btn-building-terran-factory",
      "Description": "Vehicle-production facility. <br/><br/><span style=\"color: #ffff8a\">Enables:</span><br/>- Hellions<br/>- Widow Mines<br/>- Cyclones",
      "Name": "Factory"
    }
  ],
  "Commands": [
    {
      "Id": "Move",
      "Icon": "btn-command-move",
      "Tooltip": "Orders selected units to move to the target area or follow the target unit. Moving units will not engage enemies.",
      "Name": "Move",
      "AbilCmd": "move,Move"
    },
    {
      "Id": "Stop",
      "Icon": "btn-command-stop",
      "Tooltip": "Orders selected units to cancel all orders and stop moving.",
      "Name": "Stop",
      "AbilCmd": "stop,Stop"
    },
    {
      "Id": "MoveHoldPosition",
      "Icon": "btn-command-holdposition",
      "Tooltip": "Orders selected units to stay where they are and attack enemies that are within range. Units will neither chase down enemies nor move to engage.",
      "Name": "Hold Position",
      "AbilCmd": "move,HoldPos"
    },
    {
      "Id": "Attack",
      "Icon": "btn-command-attack",
      "Tooltip": "Orders selected units to move to the target point, fighting nearby enemies along the way. Targeting a unit with the Attack command orders that it be attacked until it is destroyed.",
      "Name": "Attack",
      "AbilCmd": "attack,Execute"
    },
    {
      "Id": "MovePatrol",
      "Icon": "btn-command-patrol",
      "Tooltip": "Orders selected units to patrol between their current position and the target area. Units will attack enemies and move to engage nearby enemies.",
      "Name": "Patrol",
      "AbilCmd": "move,Patrol"
    },
    {
      "Id": "MorphToHellionTank",
      "Icon": "btn-unit-terran-hellionbattlemode",
      "Tooltip": "Close range combat unit. Deals damage in a small frontal cone. Can transform into a fast scout unit.<br/><br/><c val=\"#ColorAttackInfo\">Can attack ground units.</span>",
      "Name": "Hellbat Mode",
      "AbilCmd": "MorphToHellionTank,Execute"
    }
  ]
}