{
  "Name": "HERC",
  "Description": "Front-line infantry. Can use Grapple.<br/><br/><c val=\"#ColorAttackInfo\">Can attack ground units.</span>",
  "DeathRevealFilters": "Visible;Player,Ally,Neutral,Missile,Dead,Hidden",
  "DeathRevealRadius": 3,
  "DeathRevealDuration": 4,
  "DeathRevealType": "Snapshot",
  "Race": "Terr",
  "DefaultAcquireLevel": "Offensive",
  "Response": "Acquire",
  "ResourceState": "Unknown",
  "ResourceType": "Unknown",
  "LifeStart": 80,
  "LifeMax": 80,
  "LifeArmorName": "Terran Infantry Armor",
  "Mover": "Ground",
  "StationaryTurningRate": 999.8437,
  "TurningRate": 999.8437,
  "Radius": 0.6875,
  "SeparationRadius": 0.5,
  "MinimapRadius": 0.6875,
  "EditorCategories": {
    "ObjectType": "Unit",
    "ObjectFamily": "Melee"
  },
  "TacticalAIFilters": "-;Player,Ally,Neutral",
  "AIEvalFactor": 1,
  "Mass": 0.4,
  "FlagArray": [
    "PreventDestroy",
    "UseLineOfSight",
    "ArmySelect"
  ],
  "PushPriority": 10,
  "LeaderAlias": "HERC",
  "HotkeyAlias": "HERC",
  "SelectAlias": "HERC",
  "SubgroupAlias": "HERC",
  "OccludeHeight": 0.75,
  "TacticalAI": "HERC",
  "AIEvaluateAlias": "HERC",
  "ReviveType": "HERC",
  "PawnItemReduction": 1,
  "Fidget": {
    "DelayMax": 30,
    "DelayMin": 10,
    "DistanceMax": 4,
    "DistanceMin": 1,
    "TurnAngle": 90,
    "TurningRate": 90,
    "ChanceArray": {
      "Idle": 100
    }
  },
  "ReviveInfoBase": {
    "Charge": {
      "Link": "HERC/Revive",
      "Location": "Unit"
    },
    "Cooldown": {
      "Link": "HERC/Revive",
      "Location": "Unit"
    }
  },
  "InnerRadiusSafetyMultiplier": 1,
  "ArmorType": "Unknown",
  "Mob": "Multiplayer",
  "PlaneArray": [
    "Ground"
  ],
  "Collide": [
    "Ground",
    "ForceField",
    "Small",
    "Locust"
  ],
  "Attributes": [
    "Armored",
    "Biological"
  ],
  "LifeArmor": 1,
  "Speed": 2.25,
  "Acceleration": 1000,
  "LateralAcceleration": 46.0625,
  "Sight": 9,
  "Food": -3,
  "CostCategory": "Army",
  "CostResource": {
    "Minerals": 200,
    "Vespene": 100
  },
  "AttackTargetPriority": 20,
  "CardLayouts": [
    {
      "LayoutButtons": [
        {
          "Face": "Move",
          "Type": "AbilCmd",
          "AbilCmd": "move,Move",
          "Row": 0,
          "Column": 0
        },
        {
          "Face": "Stop",
          "Type": "AbilCmd",
          "AbilCmd": "stop,Stop",
          "Row": 0,
          "Column": 1
        },
        {
          "Face": "MoveHoldPosition",
          "Type": "AbilCmd",
          "AbilCmd": "move,HoldPos",
          "Row": 0,
          "Column": 2
        },
        {
          "Face": "Attack",
          "Type": "AbilCmd",
          "AbilCmd": "attack,Execute",
          "Row": 0,
          "Column": 4
        },
        {
          "Face": "MovePatrol",
          "Type": "AbilCmd",
          "AbilCmd": "move,Patrol",
          "Row": 0,
          "Column": 3
        }
      ]
    }
  ],
  "InnerRadius": 0.5,
  "CargoSize": 2,
  "ScoreMake": 250,
  "ScoreKill": 250,
  "ScoreResult": "BuildOrder",
  "SubgroupPriority": 13,
  "GlossaryStrongArray": [
    "SiegeTankSieged",
    "Zergling",
    "Disruptor"
  ],
  "GlossaryWeakArray": [
    "Thor",
    "Ultralisk",
    "Archon"
  ],
  "KillDisplay": "Always",
  "RankDisplay": "Always",
  "Icon": "btn-unit-terran-herc",
  "LifeArmorIcon": "btn-upgrade-terran-infantryarmorlevel0",
  "ShieldArmorIcon": "btn-upgrade-protoss-shieldslevel0",
  "Id": "HERC",
  "Weapons": [
    {
      "Link": "HERCWeapon",
      "Id": "HERCWeapon",
      "Icon": "btn-upgrade-terran-infantryweaponslevel0",
      "Name": "H1 Flash Welder",
      "Amount": {
        "value": 20
      },
      "Kind": "Ranged",
      "TargetFilters": "Ground",
      "Range": 6,
      "Period": 1.5
    }
  ],
  "Upgrades": [
    {
      "Link": "TerranInfantryWeaponsLevel1",
      "Id": "TerranInfantryWeaponsLevel1",
      "Icon": "btn-upgrade-terran-infantryweaponslevel1",
      "Name": "Terran Infantry Weapons Level 1"
    },
    {
      "Link": "TerranInfantryWeaponsLevel2",
      "Id": "TerranInfantryWeaponsLevel2",
      "Icon": "btn-upgrade-terran-infantryweaponslevel2",
      "Name": "Terran Infantry Weapons Level 2"
    },
    {
      "Link": "TerranInfantryWeaponsLevel3",
      "Id": "TerranInfantryWeaponsLevel3",
      "Icon": "btn-upgrade-terran-infantryweaponslevel3",
      "Name": "Terran Infantry Weapons Level 3"
    },
    {
      "Link": "TerranInfantryArmorsLevel1",
      "Id": "TerranInfantryArmorsLevel1",
      "Icon": "btn-upgrade-terran-infantryarmorlevel1",
      "Name": "Terran Infantry Armor Level 1"
    },
    {
      "Link": "TerranInfantryArmorsLevel2",
      "Id": "TerranInfantryArmorsLevel2",
      "Icon": "btn-upgrade-terran-infantryarmorlevel2",
      "Name": "Terran Infantry Armor Level 2"
    },
    {
      "Link": "TerranInfantryArmorsLevel3",
      "Id": "TerranInfantryArmorsLevel3",
      "Icon": "btn-upgrade-terran-infantryarmorlevel3",
      "Name": "Terran Infantry Armor Level 3"
    }
  ],
  "Abilities": [
    {
      "Link": "stop",
      "Id": "stop",
      "Name": "Stop"
    },
    {
      "Link": "attack",
      "Id": "attack",
      "Name": "Attack"
    },
    {
      "Link": "move",
      "Id": "move",
      "Name": "Move"
    }
  ],
  "Requirements": [],
  "Production": [],
  "Producers": [],
  "Commands": [
    {
      "Id": "Move",
      "Icon": "btn-command-move",
      "Tooltip": "Orders selected units to move to the target area or follow the target unit. Moving units will not engage enemies.",
      "Name": "Move",
      "AbilCmd": "move,Move"
    },
    {
      "Id": "Stop",
      "Icon": "btn-command-stop",
      "Tooltip": "Orders selected units to cancel all orders and stop moving.",
      "Name": "Stop",
      "AbilCmd": "stop,Stop"
    },
    {
      "Id": "MoveHoldPosition",
      "Icon": "btn-command-holdposition",
      "Tooltip": "Orders selected units to stay where they are and attack enemies that are within range. Units will neither chase down enemies nor move to engage.",
      "Name": "Hold Position",
      "AbilCmd": "move,HoldPos"
    },
    {
      "Id": "Attack",
      "Icon": "btn-command-attack",
      "Tooltip": "Orders selected units to move to the target point, fighting nearby enemies along the way. Targeting a unit with the Attack command orders that it be attacked until it is destroyed.",
      "Name": "Attack",
      "AbilCmd": "attack,Execute"
    },
    {
      "Id": "MovePatrol",
      "Icon": "btn-command-patrol",
      "Tooltip": "Orders selected units to patrol between their current position and the target area. Units will attack enemies and move to engage nearby enemies.",
      "Name": "Patrol",
      "AbilCmd": "move,Patrol"
    }
  ]
}