{
  "Name": "Huracan",
  "Description": "Autonomous combat drone. It is extremely effective when storming fortifications.<br/><br/><span style=\"color: #ffff8a\">Can attack ground targets.</span>",
  "DeathRevealFilters": "Visible;Player,Ally,Neutral,Missile,Dead,Hidden",
  "DeathRevealRadius": 3,
  "DeathRevealDuration": 4,
  "DeathRevealType": "Snapshot",
  "Race": "UED",
  "DefaultAcquireLevel": "Offensive",
  "Response": "Acquire",
  "ResourceState": "Unknown",
  "ResourceType": "Unknown",
  "LifeStart": 125,
  "LifeMax": 125,
  "LifeArmorName": "UED Adaptive Staballoy Plating",
  "Mover": "Ground",
  "StationaryTurningRate": 719.4726,
  "TurningRate": 719.4726,
  "Radius": 0.5,
  "SeparationRadius": 0.5,
  "MinimapRadius": 0.375,
  "EditorCategories": {
    "ObjectType": "Unit",
    "ObjectFamily": "Melee"
  },
  "TacticalAIFilters": "-;Player,Ally,Neutral",
  "AIEvalFactor": 1,
  "Mass": 0.4,
  "FlagArray": [
    "Turnable",
    "Movable",
    "Unclickable",
    "Unhighlightable",
    "Untooltipable",
    "KillCredit",
    "ShowResources",
    "ClearRallyOnTargetLost",
    "PlayerRevivable",
    "CameraFollow",
    "PreventDestroy",
    "UseLineOfSight",
    "ArmySelect"
  ],
  "EditorFlags": [
    "BlockStructures"
  ],
  "PushPriority": 10,
  "LeaderAlias": "Huracan",
  "HotkeyAlias": "Huracan",
  "SelectAlias": "Huracan",
  "SubgroupAlias": "Huracan",
  "OccludeHeight": 0.75,
  "TacticalAI": "Huracan",
  "AIEvaluateAlias": "Huracan",
  "ReviveType": "Huracan",
  "PawnItemReduction": 1,
  "Fidget": {
    "DelayMax": 30,
    "DelayMin": 10,
    "DistanceMax": 4,
    "DistanceMin": 1,
    "TurnAngle": 90,
    "TurningRate": 90,
    "ChanceArray": {
      "Idle": 33,
      "Anim": 33,
      "Turn": 33
    }
  },
  "ReviveInfoBase": {
    "Charge": {
      "Link": "Huracan/Revive",
      "Location": "Unit"
    },
    "Cooldown": {
      "Link": "Huracan/Revive",
      "Location": "Unit"
    }
  },
  "InnerRadiusSafetyMultiplier": 1,
  "ArmorType": "Unknown",
  "Mob": "Multiplayer",
  "PlaneArray": [
    "Ground"
  ],
  "Collide": [
    "Ground",
    "ForceField",
    "Locust",
    "Small"
  ],
  "Attributes": [
    "Light",
    "Mechanical",
    "Robotic"
  ],
  "LifeArmor": 1,
  "Speed": 2.2812,
  "Acceleration": 1000,
  "LateralAcceleration": 46.0625,
  "Sight": 8,
  "Food": -2,
  "CostCategory": "Army",
  "CostResource": {
    "Minerals": 100
  },
  "RepairTime": 20,
  "AttackTargetPriority": 20,
  "DamageDealtXP": 1,
  "DamageTakenXP": 1,
  "KillXP": 15,
  "CardLayouts": [
    {
      "LayoutButtons": [
        {
          "Face": "Move",
          "Type": "AbilCmd",
          "AbilCmd": "moveUED,Move",
          "Row": 0,
          "Column": 0
        },
        {
          "Face": "Stop",
          "Type": "AbilCmd",
          "AbilCmd": "stop,Stop",
          "Row": 0,
          "Column": 1
        },
        {
          "Face": "MoveHoldPosition",
          "Type": "AbilCmd",
          "AbilCmd": "moveUED,HoldPos",
          "Row": 0,
          "Column": 2
        },
        {
          "Face": "Attack",
          "Type": "AbilCmd",
          "AbilCmd": "attackUED,Execute",
          "Row": 0,
          "Column": 4
        },
        {
          "Face": "MovePatrol",
          "Type": "AbilCmd",
          "AbilCmd": "moveUED,Patrol",
          "Row": 0,
          "Column": 3
        },
        {
          "Face": "ButtonHurrakanUED",
          "Type": "Passive",
          "Requirements": "UseUpgraideHurakan",
          "Row": 2,
          "Column": 0
        },
        {
          "Face": "PhosphoricFire",
          "Type": "Passive",
          "Behavior": "AlgoritmDamageOnBuildeng",
          "Row": 2,
          "Column": 1
        }
      ]
    }
  ],
  "InnerRadius": 0.5,
  "CargoSize": 2,
  "ScoreMake": 150,
  "ScoreKill": 225,
  "SubgroupPriority": 40,
  "GlossaryCategory": "Unit/Category/UEDUnits",
  "GlossaryPriority": 40,
  "GlossaryStrongArray": [
    "Zergling",
    "InfestedCivilian",
    "Zealot",
    "Marine"
  ],
  "GlossaryWeakArray": [
    "Roach",
    "Stalker",
    "Marauder"
  ],
  "HotkeyCategory": "Unit/Category/UEDUnits",
  "Icon": "btn-unit-terran-flametank",
  "ShieldArmorIcon": "btn-upgrade-protoss-shieldslevel0",
  "Id": "Huracan",
  "Weapons": [
    {
      "Link": "Huracan",
      "Id": "Huracan",
      "Name": "LCF-80 Assault Flamethrower",
      "TargetFilters": "Ground",
      "Range": 1.5,
      "Period": 0.7
    }
  ],
  "Behaviors": [
    {
      "Link": "AlgoritmDamageOnBuildeng",
      "Id": "AlgoritmDamageOnBuildeng"
    }
  ],
  "Upgrades": [
    {
      "Link": "UpgradeSpeedHurakan",
      "Id": "UpgradeSpeedHurakan",
      "Icon": "btn-ability-mengsk-medivac-igniteafterburners",
      "Name": "Calibration of the motors"
    },
    {
      "Link": "UEDArmorLevel1",
      "Id": "UEDArmorLevel1",
      "Name": "Beathanium Defensive Programming, level 1"
    },
    {
      "Link": "UEDArmorLevel2",
      "Id": "UEDArmorLevel2",
      "Name": "Beathanium Defensive Programming, level 2"
    },
    {
      "Link": "UEDArmorLevel3",
      "Id": "UEDArmorLevel3",
      "Name": "Beathanium Defensive Programming, level 3"
    },
    {
      "Link": "UEDVehicalsLevel2",
      "Id": "UEDVehicalsLevel2",
      "Name": "Heavy Weaponry Targeting Adjustment, level 2"
    },
    {
      "Link": "UEDVehicalsLevel3",
      "Id": "UEDVehicalsLevel3",
      "Name": "Heavy Weaponry Targeting Adjustment, level 3"
    },
    {
      "Link": "UEDVehicalsLevel1",
      "Id": "UEDVehicalsLevel1",
      "Name": "Heavy Weaponry Targeting Adjustment, level 1"
    },
    {
      "Link": "UpgradePhosphoricFire",
      "Id": "UpgradePhosphoricFire",
      "Icon": "btn-tips-walloffire",
      "Name": "Phosphoric fire"
    }
  ],
  "Abilities": [
    {
      "Link": "stop",
      "Id": "stop",
      "Name": "Stop"
    },
    {
      "Link": "attackUED",
      "Id": "attackUED",
      "Name": "Attack UED"
    },
    {
      "Link": "moveUED",
      "Id": "moveUED",
      "Name": "Move UED"
    }
  ],
  "Requirements": [
    {
      "Id": "TacticsAcademy",
      "Icon": "btn-structure-ued-sciencefacility",
      "Description": "Infantry support structure. Provides equipment authorizations and unlocks research projects that enhance all infantry units.<br/><br/><span style=\"color: #ffff8a\">Enables:</span><br/>- Taranises<br/>- Lazaruses<br/>- Drakkar APCs<br/>- Defense Towers",
      "Name": "Tactics Academy"
    }
  ],
  "Production": [],
  "Producers": [
    {
      "Id": "TeleportationNode",
      "Icon": "btn-ued-teleportation-node",
      "Description": "Universal production structure for the Directorate army, capable of deploying any combat units.<br/><br/><span style=\"color: #ffff8a\">Enables:</span><br/>- Garmrs<br/>- Strike Troopers<br/>- Enrichment Towers",
      "Name": "Teleportation Node"
    }
  ],
  "Commands": [
    {
      "Id": "Move",
      "Icon": "btn-command-move",
      "Tooltip": "Orders selected units to move to the target area or follow the target unit. Moving units will not engage enemies.",
      "Name": "Move",
      "AbilCmd": "moveUED,Move"
    },
    {
      "Id": "Stop",
      "Icon": "btn-command-stop",
      "Tooltip": "Orders selected units to cancel all orders and stop moving.",
      "Name": "Stop",
      "AbilCmd": "stop,Stop"
    },
    {
      "Id": "MoveHoldPosition",
      "Icon": "btn-command-holdposition",
      "Tooltip": "Orders selected units to stay where they are and attack enemies that are within range. Units will neither chase down enemies nor move to engage.",
      "Name": "Hold Position",
      "AbilCmd": "moveUED,HoldPos"
    },
    {
      "Id": "Attack",
      "Icon": "btn-command-attack",
      "Tooltip": "Orders selected units to move to the target point, fighting nearby enemies along the way. Targeting a unit with the Attack command orders that it be attacked until it is destroyed.",
      "Name": "Attack",
      "AbilCmd": "attackUED,Execute"
    },
    {
      "Id": "MovePatrol",
      "Icon": "btn-command-patrol",
      "Tooltip": "Orders selected units to patrol between their current position and the target area. Units will attack enemies and move to engage nearby enemies.",
      "Name": "Patrol",
      "AbilCmd": "moveUED,Patrol"
    }
  ]
}