{
  "Name": "Hydralisk Den",
  "Description": "Contains upgrades for Hydralisks.<br/><br/><span style=\"color: #ffff8a\">Enables:</span><br/>- Hydralisks from Larvae",
  "DeathRevealFilters": "Visible;Player,Ally,Neutral,Missile,Dead,Hidden",
  "DeathRevealRadius": 3,
  "DeathRevealDuration": 4,
  "DeathRevealType": "Snapshot",
  "Race": "Zerg",
  "DefaultAcquireLevel": "Offensive",
  "Response": "Acquire",
  "ResourceState": "Unknown",
  "ResourceType": "Unknown",
  "LifeStart": 850,
  "LifeMax": 850,
  "LifeArmorName": "Zerg Building Armor",
  "Mover": "Ground",
  "StationaryTurningRate": 719.4726,
  "TurningRate": 719.4726,
  "Radius": 1.5,
  "SeparationRadius": 1.5,
  "MinimapRadius": 1.5,
  "EditorCategories": {
    "ObjectType": "Structure",
    "ObjectFamily": "Melee"
  },
  "TacticalAIFilters": "-;Player,Ally,Neutral",
  "AIEvalFactor": 1,
  "Mass": 0.4,
  "FlagArray": [
    "Movable",
    "Unclickable",
    "Unhighlightable",
    "Untooltipable",
    "KillCredit",
    "ShowResources",
    "ClearRallyOnTargetLost",
    "PlayerRevivable",
    "CameraFollow",
    "PreventDefeat",
    "PreventDestroy",
    "PenaltyRevealed",
    "UseLineOfSight",
    "TownAlert",
    "NoPortraitTalk",
    "ArmorDisabledWhileConstructing"
  ],
  "EditorFlags": [
    "BlockStructures"
  ],
  "PushPriority": 10,
  "LeaderAlias": "HydraliskDen",
  "HotkeyAlias": "HydraliskDen",
  "SelectAlias": "HydraliskDen",
  "SubgroupAlias": "HydraliskDen",
  "OccludeHeight": 0.75,
  "TacticalAI": "HydraliskDen",
  "AIEvaluateAlias": "HydraliskDen",
  "ReviveType": "HydraliskDen",
  "PawnItemReduction": 1,
  "Fidget": {
    "DelayMax": 30,
    "DelayMin": 10,
    "DistanceMax": 4,
    "DistanceMin": 1,
    "TurnAngle": 90,
    "TurningRate": 90,
    "ChanceArray": {
      "Idle": 100
    }
  },
  "ReviveInfoBase": {
    "Charge": {
      "Link": "HydraliskDen/Revive",
      "Location": "Unit"
    },
    "Cooldown": {
      "Link": "HydraliskDen/Revive",
      "Location": "Unit"
    }
  },
  "InnerRadiusSafetyMultiplier": 1,
  "ArmorType": "Unknown",
  "TechAliasArray": [
    "Alias_HydraliskDen"
  ],
  "Facing": 332.9956,
  "Mob": "Multiplayer",
  "FogVisibility": "Snapshot",
  "LifeArmor": 1,
  "LifeRegenRate": 0.2734,
  "AttackTargetPriority": 11,
  "Footprint": "Footprint3x3CreepContour",
  "PlacementFootprint": "Footprint3x3Creep",
  "ScoreMake": 200,
  "ScoreKill": 250,
  "ScoreResult": "BuildOrder",
  "SubgroupPriority": 18,
  "Attributes": [
    "Armored",
    "Biological",
    "Structure"
  ],
  "PlaneArray": [
    "Ground"
  ],
  "Collide": [
    "Burrow",
    "Ground",
    "Structure",
    "RoachBurrow",
    "ForceField",
    "Small",
    "Locust",
    "Phased"
  ],
  "Sight": 9,
  "CardLayouts": [
    {
      "LayoutButtons": [
        {
          "Face": "Cancel",
          "Type": "AbilCmd",
          "AbilCmd": "que5,CancelLast",
          "Row": 2,
          "Column": 4
        },
        {
          "Face": "CancelBuilding",
          "Type": "AbilCmd",
          "AbilCmd": "BuildInProgress,Cancel",
          "Row": 2,
          "Column": 4
        },
        {
          "Face": "Cancel",
          "Type": "AbilCmd",
          "AbilCmd": "UpgradeToLurkerDenMP,Cancel",
          "Row": 2,
          "Column": 4
        },
        {
          "Face": "EvolveGroovedSpines",
          "Type": "AbilCmd",
          "AbilCmd": "HydraliskDenResearch,Research1",
          "Row": 0,
          "Column": 0
        },
        {
          "Face": "EvolveMuscularAugments",
          "Type": "AbilCmd",
          "AbilCmd": "HydraliskDenResearch,Research2",
          "Row": 0,
          "Column": 1
        }
      ]
    }
  ],
  "GlossaryPriority": 234,
  "HotkeyCategory": "Unit/Category/ZergUnits",
  "CostCategory": "Technology",
  "CostResource": {
    "Minerals": 150,
    "Vespene": 100
  },
  "TechTreeUnlockedUnitArray": [
    "Hydralisk"
  ],
  "Icon": "btn-building-zerg-hydraliskden",
  "LifeArmorIcon": "btn-armor-zerg-building",
  "ShieldArmorIcon": "btn-upgrade-protoss-shieldslevel0",
  "Id": "HydraliskDen",
  "Behaviors": [
    {
      "Link": "OnCreep",
      "Id": "OnCreep"
    },
    {
      "Link": "ZergBuildingNotOnCreep",
      "Id": "ZergBuildingNotOnCreep"
    },
    {
      "Link": "ZergBuildingDies6",
      "Id": "ZergBuildingDies6"
    }
  ],
  "Upgrades": [],
  "Abilities": [
    {
      "Link": "BuildInProgress",
      "Id": "BuildInProgress",
      "Name": "Build in Progress"
    },
    {
      "Link": "que5",
      "Id": "que5",
      "Name": "Queue (5)"
    },
    {
      "Link": "HydraliskDenResearch",
      "Id": "HydraliskDenResearch",
      "Name": "Research (Hydralisk Den)"
    }
  ],
  "Requirements": [],
  "Production": [
    {
      "Id": "EvolveGroovedSpines",
      "Icon": "btn-upgrade-zerg-hotsgroovedspines",
      "Name": "Grooved Spines"
    },
    {
      "Id": "EvolveMuscularAugments",
      "Icon": "btn-upgrade-zerg-evolvemuscularaugments",
      "Name": "Muscular Augments"
    }
  ],
  "Producers": [
    {
      "Id": "Drone",
      "Icon": "btn-unit-zerg-drone",
      "Description": "Basic worker unit. Can harvest minerals and vespene gas. Can mutate into structures.<br/><br/><c val=\"#ColorAttackInfo\">Can attack ground units.</span>",
      "Name": "Drone"
    }
  ],
  "Commands": [
    {
      "Id": "Cancel",
      "Icon": "btn-command-cancel",
      "Tooltip": "Drops the current order without performing it, and allows you to select a different order.",
      "Name": "Cancel",
      "AbilCmd": "que5,CancelLast"
    },
    {
      "Id": "CancelBuilding",
      "Icon": "btn-command-cancel",
      "Tooltip": "Cancels construction of this structure, destroying the structure and giving a partial refund.",
      "Name": "Cancel",
      "AbilCmd": "BuildInProgress,Cancel"
    },
    {
      "Id": "Cancel",
      "Icon": "btn-command-cancel",
      "Tooltip": "Drops the current order without performing it, and allows you to select a different order.",
      "Name": "Cancel",
      "AbilCmd": "UpgradeToLurkerDenMP,Cancel"
    },
    {
      "Id": "EvolveGroovedSpines",
      "Icon": "btn-upgrade-zerg-hotsgroovedspines",
      "Tooltip": "Increases <span style=\"color: #ffff8a\">Hydralisk</span> attack range by +<b>1</b>.",
      "Name": "Evolve Grooved Spines",
      "AbilCmd": "HydraliskDenResearch,Research1"
    },
    {
      "Id": "EvolveMuscularAugments",
      "Icon": "btn-upgrade-zerg-evolvemuscularaugments",
      "Tooltip": "Increases the movement speed of <span style=\"color: #ffff8a\">Hydralisks</span>.",
      "Name": "Evolve Muscular Augments",
      "AbilCmd": "HydraliskDenResearch,Research2"
    }
  ]
}