{
  "Name": "Immortal",
  "Description": "Assault strider. Can use Barrier to absorb damage.<br/><br/><span style=\"color: #ffff8a\">Can attack ground units.</span>",
  "DeathRevealFilters": "Visible;Player,Ally,Neutral,Missile,Dead,Hidden",
  "DeathRevealRadius": 3,
  "DeathRevealDuration": 4,
  "DeathRevealType": "Snapshot",
  "Race": "Prot",
  "DefaultAcquireLevel": "Offensive",
  "Response": "Acquire",
  "ResourceState": "Unknown",
  "ResourceType": "Unknown",
  "LifeStart": 200,
  "LifeMax": 200,
  "LifeArmorName": "Protoss Armor",
  "Mover": "Ground",
  "StationaryTurningRate": 720,
  "TurningRate": 720,
  "Radius": 0.75,
  "SeparationRadius": 0.625,
  "MinimapRadius": 0.625,
  "EditorCategories": {
    "ObjectType": "Unit",
    "ObjectFamily": "Melee"
  },
  "TacticalAIFilters": "-;Player,Ally,Neutral",
  "AIEvalFactor": 1,
  "Mass": 0.4,
  "FlagArray": [
    "Movable",
    "Unclickable",
    "Unhighlightable",
    "Untooltipable",
    "KillCredit",
    "ShowResources",
    "ClearRallyOnTargetLost",
    "PlayerRevivable",
    "CameraFollow",
    "PreventDestroy",
    "UseLineOfSight",
    "ArmySelect"
  ],
  "EditorFlags": [
    "BlockStructures"
  ],
  "PushPriority": 10,
  "LeaderAlias": "Immortal",
  "HotkeyAlias": "Immortal",
  "SelectAlias": "Immortal",
  "SubgroupAlias": "Immortal",
  "OccludeHeight": 0.75,
  "TacticalAI": "Immortal",
  "AIEvaluateAlias": "Immortal",
  "ReviveType": "Immortal",
  "PawnItemReduction": 1,
  "Fidget": {
    "DelayMax": 30,
    "DelayMin": 10,
    "DistanceMax": 4,
    "DistanceMin": 1,
    "TurnAngle": 90,
    "TurningRate": 90,
    "ChanceArray": {
      "Idle": 90,
      "Anim": 5
    }
  },
  "ReviveInfoBase": {
    "Charge": {
      "Link": "Immortal/Revive",
      "Location": "Unit"
    },
    "Cooldown": {
      "Link": "Immortal/Revive",
      "Location": "Unit"
    }
  },
  "InnerRadiusSafetyMultiplier": 1,
  "ArmorType": "Unknown",
  "Mob": "Multiplayer",
  "ShieldsStart": 100,
  "ShieldsMax": 100,
  "ShieldRegenRate": 2,
  "ShieldArmorName": "Protoss Plasma Shields",
  "Speed": 2.25,
  "Acceleration": 1000,
  "Food": -4,
  "AttackTargetPriority": 20,
  "DamageDealtXP": 1,
  "DamageTakenXP": 1,
  "KillXP": 35,
  "InnerRadius": 0.5,
  "CargoSize": 4,
  "ScoreMake": 350,
  "ScoreKill": 350,
  "ScoreResult": "BuildOrder",
  "SubgroupPriority": 44,
  "PlaneArray": [
    "Ground"
  ],
  "Collide": [
    "Ground",
    "ForceField",
    "Small",
    "Locust"
  ],
  "Sight": 9,
  "CardLayouts": [
    {
      "LayoutButtons": [
        {
          "Face": "Move",
          "Type": "AbilCmd",
          "AbilCmd": "move,Move",
          "Row": 0,
          "Column": 0
        },
        {
          "Face": "Stop",
          "Type": "AbilCmd",
          "AbilCmd": "stop,Stop",
          "Row": 0,
          "Column": 1
        },
        {
          "Face": "MoveHoldPosition",
          "Type": "AbilCmd",
          "AbilCmd": "move,HoldPos",
          "Row": 0,
          "Column": 2
        },
        {
          "Face": "Attack",
          "Type": "AbilCmd",
          "AbilCmd": "attack,Execute",
          "Row": 0,
          "Column": 4
        },
        {
          "Face": "MovePatrol",
          "Type": "AbilCmd",
          "AbilCmd": "move,Patrol",
          "Row": 0,
          "Column": 3
        },
        {
          "Face": "ImmortalOverload",
          "Type": "Passive",
          "Row": 2,
          "Column": 0,
          "AbilCmd": "ImmortalOverload,Execute",
          "Behavior": "BarrierDamageResponse"
        }
      ]
    }
  ],
  "Attributes": [
    "Armored",
    "Mechanical"
  ],
  "GlossaryCategory": "Unit/Category/ProtossUnits",
  "HotkeyCategory": "Unit/Category/ProtossUnits",
  "GlossaryPriority": 120,
  "GlossaryStrongArray": [
    "Cyclone",
    "Roach",
    "Stalker"
  ],
  "GlossaryWeakArray": [
    "Marine",
    "Zergling",
    "Zealot"
  ],
  "CostCategory": "Army",
  "CostResource": {
    "Minerals": 275,
    "Vespene": 100
  },
  "LifeArmor": 1,
  "ShieldRegenDelay": 10,
  "RepairTime": 55,
  "TauntDuration": {
    "Dance": 5
  },
  "TacticalAIThink": "AIThinkImmortal",
  "Icon": "btn-unit-protoss-immortal",
  "LifeArmorIcon": "btn-upgrade-protoss-groundarmorlevel0",
  "ShieldArmorIcon": "btn-upgrade-protoss-shieldslevel0",
  "Id": "Immortal",
  "Weapons": [
    {
      "Link": "PhaseDisruptors",
      "Turret": "Immortal",
      "Id": "PhaseDisruptors",
      "Icon": "btn-upgrade-protoss-groundweaponslevel0",
      "Name": "Phase Disruptors",
      "Amount": 20,
      "AttributeBonus": {
        "Armored": 30
      },
      "Kind": "Ranged",
      "TargetFilters": "Ground",
      "Range": 6,
      "Period": 1.45
    }
  ],
  "Behaviors": [
    {
      "Link": "BarrierDamageResponse",
      "Id": "BarrierDamageResponse"
    }
  ],
  "Upgrades": [
    {
      "Link": "ProtossGroundArmors",
      "Id": "ProtossGroundArmors",
      "Name": "Protoss Ground Armors"
    },
    {
      "Link": "ProtossGroundWeapons",
      "Id": "ProtossGroundWeapons",
      "Name": "Protoss Ground Weapons"
    },
    {
      "Link": "ProtossShields",
      "Id": "ProtossShields",
      "Name": "Protoss Shields"
    },
    {
      "Link": "ProtossGroundArmorsLevel1",
      "Id": "ProtossGroundArmorsLevel1",
      "Icon": "btn-upgrade-protoss-groundarmorlevel1",
      "Name": "Protoss Ground Armor Level 1"
    },
    {
      "Link": "ProtossGroundArmorsLevel2",
      "Id": "ProtossGroundArmorsLevel2",
      "Icon": "btn-upgrade-protoss-groundarmorlevel2",
      "Name": "Protoss Ground Armor Level 2"
    },
    {
      "Link": "ProtossGroundArmorsLevel3",
      "Id": "ProtossGroundArmorsLevel3",
      "Icon": "btn-upgrade-protoss-groundarmorlevel3",
      "Name": "Protoss Ground Armor Level 3"
    },
    {
      "Link": "ProtossGroundWeaponsLevel1",
      "Id": "ProtossGroundWeaponsLevel1",
      "Icon": "btn-upgrade-protoss-groundweaponslevel1",
      "Name": "Protoss Ground Weapons Level 1"
    },
    {
      "Link": "ProtossGroundWeaponsLevel2",
      "Id": "ProtossGroundWeaponsLevel2",
      "Icon": "btn-upgrade-protoss-groundweaponslevel2",
      "Name": "Protoss Ground Weapons Level 2"
    },
    {
      "Link": "ProtossGroundWeaponsLevel3",
      "Id": "ProtossGroundWeaponsLevel3",
      "Icon": "btn-upgrade-protoss-groundweaponslevel3",
      "Name": "Protoss Ground Weapons Level 3"
    },
    {
      "Link": "ProtossShieldsLevel1",
      "Id": "ProtossShieldsLevel1",
      "Icon": "btn-upgrade-protoss-shieldslevel1",
      "Name": "Protoss Shields Level 1"
    },
    {
      "Link": "ProtossShieldsLevel2",
      "Id": "ProtossShieldsLevel2",
      "Icon": "btn-upgrade-protoss-shieldslevel2",
      "Name": "Protoss Shields Level 2"
    },
    {
      "Link": "ProtossShieldsLevel3",
      "Id": "ProtossShieldsLevel3",
      "Icon": "btn-upgrade-protoss-shieldslevel3",
      "Name": "Protoss Shields Level 3"
    },
    {
      "Link": "IncreasedRange",
      "Id": "IncreasedRange",
      "Icon": "aoe_splatterran1c",
      "Name": "Increased Range"
    },
    {
      "Link": "ImmortalRevive",
      "Id": "ImmortalRevive",
      "Icon": "btn-techupgrade-terran-immortalityprotocol",
      "Name": "Immortal Revive"
    },
    {
      "Link": "ImmortalBarrier",
      "Id": "ImmortalBarrier",
      "Icon": "btn-ability-protoss-invulnerabilityshield",
      "Name": "Immortal Barrier"
    }
  ],
  "Abilities": [
    {
      "Link": "stop",
      "Id": "stop",
      "Name": "Stop"
    },
    {
      "Link": "attack",
      "Id": "attack",
      "Name": "Attack"
    },
    {
      "Link": "move",
      "Id": "move",
      "Name": "Move"
    }
  ],
  "Requirements": [],
  "Production": [],
  "Producers": [
    {
      "Id": "RoboticsFacility",
      "Icon": "btn-building-protoss-roboticsfacility",
      "Description": "Warps in Protoss robotic units.<br/><br/><span style=\"color: #ffff8a\">Enables:</span><br/>- Observers<br/>- Warp Prisms<br/>- Immortals",
      "Name": "Robotics Facility"
    }
  ],
  "Commands": [
    {
      "Id": "Move",
      "Icon": "btn-command-move",
      "Tooltip": "Orders selected units to move to the target area or follow the target unit. Moving units will not engage enemies.",
      "Name": "Move",
      "AbilCmd": "move,Move"
    },
    {
      "Id": "Stop",
      "Icon": "btn-command-stop",
      "Tooltip": "Orders selected units to cancel all orders and stop moving.",
      "Name": "Stop",
      "AbilCmd": "stop,Stop"
    },
    {
      "Id": "MoveHoldPosition",
      "Icon": "btn-command-holdposition",
      "Tooltip": "Orders selected units to stay where they are and attack enemies that are within range. Units will neither chase down enemies nor move to engage.",
      "Name": "Hold Position",
      "AbilCmd": "move,HoldPos"
    },
    {
      "Id": "Attack",
      "Icon": "btn-command-attack",
      "Tooltip": "Orders selected units to move to the target point, fighting nearby enemies along the way. Targeting a unit with the Attack command orders that it be attacked until it is destroyed.",
      "Name": "Attack",
      "AbilCmd": "attack,Execute"
    },
    {
      "Id": "MovePatrol",
      "Icon": "btn-command-patrol",
      "Tooltip": "Orders selected units to patrol between their current position and the target area. Units will attack enemies and move to engage nearby enemies.",
      "Name": "Patrol",
      "AbilCmd": "move,Patrol"
    },
    {
      "Id": "ImmortalOverload",
      "Icon": "btn-ability-protoss-invulnerabilityshield",
      "Tooltip": "Absorbs up to <b>100</b> damage. Lasts for <b>3</b> seconds. This effect can only occur once every <b>45</b> seconds.",
      "Name": "Barrier",
      "AbilCmd": "ImmortalOverload,Execute"
    }
  ]
}