{
  "Name": "Infestor",
  "Description": "Infestation specialist. Can use the Fungal Growth, Microbial Shroud, and Neural Parasite abilities.",
  "DeathRevealFilters": "Visible;Player,Ally,Neutral,Missile,Dead,Hidden",
  "DeathRevealRadius": 3,
  "DeathRevealDuration": 4,
  "DeathRevealType": "Snapshot",
  "Race": "Zerg",
  "DefaultAcquireLevel": "Offensive",
  "Response": "Acquire",
  "ResourceState": "Unknown",
  "ResourceType": "Unknown",
  "LifeStart": 90,
  "LifeMax": 90,
  "LifeArmorName": "Zerg Ground Carapace",
  "Mover": "Burrowed",
  "StationaryTurningRate": 999.8437,
  "TurningRate": 999.8437,
  "Radius": 0.625,
  "SeparationRadius": 0,
  "MinimapRadius": 0.75,
  "EditorCategories": {
    "ObjectType": "Unit",
    "ObjectFamily": "Melee"
  },
  "TacticalAIFilters": "-;Player,Ally,Neutral",
  "AIEvalFactor": 1,
  "Mass": 0.4,
  "FlagArray": [
    "PreventDestroy",
    "UseLineOfSight",
    "Cloaked",
    "Buried",
    "AlwaysThreatens",
    "AIThreatGround",
    "AIThreatAir",
    "AICaster",
    "ArmySelect"
  ],
  "PushPriority": 10,
  "LeaderAlias": "Infestor",
  "HotkeyAlias": "Infestor",
  "SelectAlias": "Infestor",
  "SubgroupAlias": "Infestor",
  "OccludeHeight": 0.75,
  "TacticalAI": "InfestorBurrowed",
  "AIEvaluateAlias": "Infestor",
  "ReviveType": "InfestorBurrowed",
  "PawnItemReduction": 1,
  "Fidget": {
    "DelayMax": 30,
    "DelayMin": 10,
    "DistanceMax": 4,
    "DistanceMin": 1,
    "TurnAngle": 90,
    "TurningRate": 90,
    "ChanceArray": {
      "Idle": 100
    }
  },
  "ReviveInfoBase": {
    "Charge": {
      "Link": "InfestorBurrowed/Revive",
      "Location": "Unit"
    },
    "Cooldown": {
      "Link": "InfestorBurrowed/Revive",
      "Location": "Unit"
    }
  },
  "InnerRadiusSafetyMultiplier": 1,
  "ArmorType": "Unknown",
  "Mob": "Multiplayer",
  "LifeRegenRate": 0.2734,
  "EnergyStart": 50,
  "EnergyMax": 200,
  "EnergyRegenRate": 0.5625,
  "Acceleration": 1000,
  "LateralAcceleration": 46,
  "SpeedMultiplierCreep": 1.3,
  "Food": -2,
  "AttackTargetPriority": 20,
  "DamageDealtXP": 1,
  "DamageTakenXP": 1,
  "KillXP": 40,
  "ScoreKill": 250,
  "SubgroupPriority": 94,
  "PlaneArray": [
    "Ground"
  ],
  "Collide": [
    "RoachBurrow"
  ],
  "Sight": 10,
  "CargoSize": 2,
  "CardLayouts": [
    {
      "LayoutButtons": [
        {
          "Face": "Move",
          "Type": "AbilCmd",
          "AbilCmd": "move,Move",
          "Row": 0,
          "Column": 0
        },
        {
          "Face": "Stop",
          "Type": "AbilCmd",
          "AbilCmd": "stop,Stop",
          "Row": 0,
          "Column": 1
        },
        {
          "Face": "MoveHoldPosition",
          "Type": "AbilCmd",
          "AbilCmd": "move,HoldPos",
          "Row": 0,
          "Column": 2
        },
        {
          "Face": "MovePatrol",
          "Type": "AbilCmd",
          "AbilCmd": "move,Patrol",
          "Row": 0,
          "Column": 3
        },
        {
          "Face": "BurrowUp",
          "Type": "AbilCmd",
          "AbilCmd": "BurrowInfestorUp,Execute",
          "Row": 2,
          "Column": 4
        },
        {
          "Face": "Attack",
          "Type": "AbilCmd",
          "AbilCmd": "attack,Execute",
          "Row": 0,
          "Column": 4
        },
        {
          "Face": "AcquireMove",
          "Type": "AbilCmd",
          "AbilCmd": "move,AcquireMove",
          "Row": 0,
          "Column": 4
        },
        {
          "Face": "BurrowUp",
          "Type": "AbilCmd",
          "AbilCmd": "BurrowDroneUp,Execute",
          "Row": 2,
          "Column": 4
        },
        {
          "Face": "BurrowUp",
          "Type": "AbilCmd",
          "AbilCmd": "BurrowZerglingUp,Execute",
          "Row": 2,
          "Column": 4
        },
        {
          "Face": "BurrowUp",
          "Type": "AbilCmd",
          "AbilCmd": "BurrowBanelingUp,Execute",
          "Row": 2,
          "Column": 4
        },
        {
          "Face": "BurrowUp",
          "Type": "AbilCmd",
          "AbilCmd": "BurrowRoachUp,Execute",
          "Row": 2,
          "Column": 4
        },
        {
          "Face": "BurrowUp",
          "Type": "AbilCmd",
          "AbilCmd": "BurrowHydraliskUp,Execute",
          "Row": 2,
          "Column": 4
        },
        {
          "Face": "BurrowUp",
          "Type": "AbilCmd",
          "AbilCmd": "BurrowRavagerUp,Execute",
          "Row": 2,
          "Column": 4
        },
        {
          "Face": "BurrowUp",
          "Type": "AbilCmd",
          "AbilCmd": "MorphToSwarmHostMP,Execute",
          "Row": 2,
          "Column": 4
        },
        {
          "Face": "BurrowUp",
          "Type": "AbilCmd",
          "AbilCmd": "BurrowQueenUp,Execute",
          "Row": 2,
          "Column": 4
        },
        {
          "Face": "BurrowUp",
          "Type": "AbilCmd",
          "AbilCmd": "BurrowInfestorTerranUp,Execute",
          "Row": 2,
          "Column": 4
        },
        {
          "Face": "BurrowUp",
          "Type": "AbilCmd",
          "AbilCmd": "BurrowInfestorUp,Execute",
          "Row": 2,
          "Column": 4
        },
        {
          "Face": "BurrowUp",
          "Type": "AbilCmd",
          "AbilCmd": "BurrowUltraliskUp,Execute",
          "Row": 2,
          "Column": 4
        },
        {
          "Face": "BurrowedMove",
          "Type": "Passive",
          "Row": 1,
          "Column": 4
        },
        {
          "Face": "NeuralParasite",
          "Type": "AbilCmd",
          "AbilCmd": "NeuralParasite,Execute",
          "Row": 2,
          "Column": 2
        },
        {
          "Face": "Cancel",
          "Type": "AbilCmd",
          "AbilCmd": "NeuralParasite,Cancel",
          "Row": 2,
          "Column": 3
        },
        {
          "Face": "BurrowDown",
          "Type": "AbilCmd",
          "AbilCmd": "BurrowDroneDown,Execute",
          "Row": 2,
          "Column": 3
        },
        {
          "Face": "BurrowDown",
          "Type": "AbilCmd",
          "AbilCmd": "BurrowZerglingDown,Execute",
          "Row": 2,
          "Column": 3
        },
        {
          "Face": "BurrowDown",
          "Type": "AbilCmd",
          "AbilCmd": "BurrowBanelingDown,Execute",
          "Row": 2,
          "Column": 3
        },
        {
          "Face": "BurrowDown",
          "Type": "AbilCmd",
          "AbilCmd": "BurrowRoachDown,Execute",
          "Row": 2,
          "Column": 3
        },
        {
          "Face": "BurrowDown",
          "Type": "AbilCmd",
          "AbilCmd": "BurrowHydraliskDown,Execute",
          "Row": 2,
          "Column": 3
        },
        {
          "Face": "BurrowDown",
          "Type": "AbilCmd",
          "AbilCmd": "BurrowRavagerDown,Execute",
          "Row": 2,
          "Column": 3
        },
        {
          "Face": "BurrowDown",
          "Type": "AbilCmd",
          "AbilCmd": "MorphToSwarmHostBurrowedMP,Execute",
          "Row": 2,
          "Column": 3
        },
        {
          "Face": "BurrowDown",
          "Type": "AbilCmd",
          "AbilCmd": "BurrowQueenDown,Execute",
          "Row": 2,
          "Column": 3
        },
        {
          "Face": "BurrowDown",
          "Type": "AbilCmd",
          "AbilCmd": "BurrowInfestorTerranDown,Execute",
          "Row": 2,
          "Column": 3
        },
        {
          "Face": "BurrowDown",
          "Type": "AbilCmd",
          "AbilCmd": "BurrowInfestorDown,Execute",
          "Row": 2,
          "Column": 3
        },
        {
          "Face": "BurrowDown",
          "Type": "AbilCmd",
          "AbilCmd": "BurrowUltraliskDown,Execute",
          "Row": 2,
          "Column": 3
        }
      ]
    }
  ],
  "Attributes": [
    "Armored",
    "Biological",
    "Psionic"
  ],
  "InnerRadius": 0.5,
  "CostCategory": "Army",
  "CostResource": {
    "Minerals": 100,
    "Vespene": 150
  },
  "TacticalAIThink": "AIThinkInfestor",
  "Speed": 2,
  "KillDisplay": "Always",
  "RankDisplay": "Always",
  "Icon": "btn-unit-zerg-infestor",
  "LifeArmorIcon": "btn-upgrade-zerg-groundcarapace-level0",
  "ShieldArmorIcon": "btn-upgrade-protoss-shieldslevel0",
  "Id": "InfestorBurrowed",
  "Upgrades": [
    {
      "Link": "ZergGroundArmors",
      "Id": "ZergGroundArmors",
      "Name": "Zerg Ground Armors"
    },
    {
      "Link": "InfestorEnergyUpgrade",
      "Id": "InfestorEnergyUpgrade",
      "Icon": "btn-upgrade-zerg-pathogenglands",
      "Name": "Pathogen Glands"
    },
    {
      "Link": "ZergGroundArmorsLevel1",
      "Id": "ZergGroundArmorsLevel1",
      "Icon": "btn-upgrade-zerg-groundcarapace-level1",
      "Name": "Zerg Ground Carapace Level 1"
    },
    {
      "Link": "ZergGroundArmorsLevel2",
      "Id": "ZergGroundArmorsLevel2",
      "Icon": "btn-upgrade-zerg-groundcarapace-level2",
      "Name": "Zerg Ground Carapace Level 2"
    },
    {
      "Link": "ZergGroundArmorsLevel3",
      "Id": "ZergGroundArmorsLevel3",
      "Icon": "btn-upgrade-zerg-groundcarapace-level3",
      "Name": "Zerg Ground Carapace Level 3"
    },
    {
      "Link": "Burrow",
      "Id": "Burrow",
      "Icon": "btn-ability-zerg-burrow-color",
      "Name": "Burrow"
    },
    {
      "Link": "InfestorPeristalsis",
      "Id": "InfestorPeristalsis",
      "Icon": "btn-upgrade-zerg-peristalsis",
      "Name": "Peristalsis"
    },
    {
      "Link": "RewardDanceInfestor",
      "Id": "RewardDanceInfestor",
      "Icon": "btn-unit-zerg-infestor",
      "Name": "Reward Dance - Infestor"
    }
  ],
  "Abilities": [
    {
      "Link": "stop",
      "Id": "stop",
      "Name": "Stop"
    },
    {
      "Link": "move",
      "Id": "move",
      "Name": "Move"
    },
    {
      "Link": "BurrowInfestorUp",
      "Id": "BurrowInfestorUp",
      "Name": "Unburrow (Infestor)"
    },
    {
      "Link": "NeuralParasite",
      "Id": "NeuralParasite",
      "Name": "Neural Parasite"
    },
    {
      "Link": "InfestorEnsnare",
      "Id": "InfestorEnsnare",
      "Name": "Infestor Ensnare"
    },
    {
      "Link": "AmorphousArmorcloud",
      "Id": "AmorphousArmorcloud"
    }
  ],
  "Requirements": [],
  "Production": [],
  "Producers": [],
  "Commands": [
    {
      "Id": "Move",
      "Icon": "btn-command-move",
      "Tooltip": "Orders selected units to move to the target area or follow the target unit. Moving units will not engage enemies.",
      "Name": "Move",
      "AbilCmd": "move,Move"
    },
    {
      "Id": "Stop",
      "Icon": "btn-command-stop",
      "Tooltip": "Orders selected units to cancel all orders and stop moving.",
      "Name": "Stop",
      "AbilCmd": "stop,Stop"
    },
    {
      "Id": "MoveHoldPosition",
      "Icon": "btn-command-holdposition",
      "Tooltip": "Orders selected units to stay where they are and attack enemies that are within range. Units will neither chase down enemies nor move to engage.",
      "Name": "Hold Position",
      "AbilCmd": "move,HoldPos"
    },
    {
      "Id": "MovePatrol",
      "Icon": "btn-command-patrol",
      "Tooltip": "Orders selected units to patrol between their current position and the target area. Units will attack enemies and move to engage nearby enemies.",
      "Name": "Patrol",
      "AbilCmd": "move,Patrol"
    },
    {
      "Id": "BurrowUp",
      "Icon": "btn-ability-zerg-upburrow-color",
      "Tooltip": "Returns the unit to the surface.",
      "Name": "Unburrow",
      "AbilCmd": "BurrowInfestorUp,Execute"
    },
    {
      "Id": "Attack",
      "Icon": "btn-command-attack",
      "Tooltip": "Orders selected units to move to the target point, fighting nearby enemies along the way. Targeting a unit with the Attack command orders that it be attacked until it is destroyed.",
      "Name": "Attack",
      "AbilCmd": "attack,Execute"
    },
    {
      "Id": "AcquireMove",
      "Icon": "btn-command-attack",
      "Tooltip": "Orders selected units to move to the target area or follow the target unit. Scan-moving units will not engage enemies.",
      "Name": "Scan Move",
      "AbilCmd": "move,AcquireMove"
    },
    {
      "Id": "BurrowUp",
      "Icon": "btn-ability-zerg-upburrow-color",
      "Tooltip": "Returns the unit to the surface.",
      "Name": "Unburrow",
      "AbilCmd": "BurrowDroneUp,Execute"
    },
    {
      "Id": "BurrowUp",
      "Icon": "btn-ability-zerg-upburrow-color",
      "Tooltip": "Returns the unit to the surface.",
      "Name": "Unburrow",
      "AbilCmd": "BurrowZerglingUp,Execute"
    },
    {
      "Id": "BurrowUp",
      "Icon": "btn-ability-zerg-upburrow-color",
      "Tooltip": "Returns the unit to the surface.",
      "Name": "Unburrow",
      "AbilCmd": "BurrowBanelingUp,Execute"
    },
    {
      "Id": "BurrowUp",
      "Icon": "btn-ability-zerg-upburrow-color",
      "Tooltip": "Returns the unit to the surface.",
      "Name": "Unburrow",
      "AbilCmd": "BurrowRoachUp,Execute"
    },
    {
      "Id": "BurrowUp",
      "Icon": "btn-ability-zerg-upburrow-color",
      "Tooltip": "Returns the unit to the surface.",
      "Name": "Unburrow",
      "AbilCmd": "BurrowHydraliskUp,Execute"
    },
    {
      "Id": "BurrowUp",
      "Icon": "btn-ability-zerg-upburrow-color",
      "Tooltip": "Returns the unit to the surface.",
      "Name": "Unburrow",
      "AbilCmd": "BurrowRavagerUp,Execute"
    },
    {
      "Id": "BurrowUp",
      "Icon": "btn-ability-zerg-upburrow-color",
      "Tooltip": "Returns the unit to the surface.",
      "Name": "Unburrow",
      "AbilCmd": "MorphToSwarmHostMP,Execute"
    },
    {
      "Id": "BurrowUp",
      "Icon": "btn-ability-zerg-upburrow-color",
      "Tooltip": "Returns the unit to the surface.",
      "Name": "Unburrow",
      "AbilCmd": "BurrowQueenUp,Execute"
    },
    {
      "Id": "BurrowUp",
      "Icon": "btn-ability-zerg-upburrow-color",
      "Tooltip": "Returns the unit to the surface.",
      "Name": "Unburrow",
      "AbilCmd": "BurrowInfestorTerranUp,Execute"
    },
    {
      "Id": "BurrowUp",
      "Icon": "btn-ability-zerg-upburrow-color",
      "Tooltip": "Returns the unit to the surface.",
      "Name": "Unburrow",
      "AbilCmd": "BurrowInfestorUp,Execute"
    },
    {
      "Id": "BurrowUp",
      "Icon": "btn-ability-zerg-upburrow-color",
      "Tooltip": "Returns the unit to the surface.",
      "Name": "Unburrow",
      "AbilCmd": "BurrowUltraliskUp,Execute"
    },
    {
      "Id": "NeuralParasite",
      "Icon": "btn-ability-zerg-neuralparasite-color",
      "Tooltip": "Target unit is controlled by the Infestor for <b>15</b> seconds. The Infestor cannot take any other action while controlling an enemy unit.<br/><br/><span style=\"color: #ffff8a\">Channeled ability. Can cast while burrowed.</span><br/><c val=\"#ColorAttackInfo\">Heroic units are immune.</span>",
      "Name": "Neural Parasite",
      "AbilCmd": "NeuralParasite,Execute"
    },
    {
      "Id": "Cancel",
      "Icon": "btn-command-cancel",
      "Tooltip": "Drops the current order without performing it, and allows you to select a different order.",
      "Name": "Cancel",
      "AbilCmd": "NeuralParasite,Cancel"
    },
    {
      "Id": "BurrowDown",
      "Icon": "btn-ability-zerg-burrow-color",
      "Tooltip": "Buries the unit underground. Burrowed units are unable to move or attack, but they cannot be seen without detection.",
      "Name": "Burrow",
      "AbilCmd": "BurrowDroneDown,Execute"
    },
    {
      "Id": "BurrowDown",
      "Icon": "btn-ability-zerg-burrow-color",
      "Tooltip": "Buries the unit underground. Burrowed units are unable to move or attack, but they cannot be seen without detection.",
      "Name": "Burrow",
      "AbilCmd": "BurrowZerglingDown,Execute"
    },
    {
      "Id": "BurrowDown",
      "Icon": "btn-ability-zerg-burrow-color",
      "Tooltip": "Buries the unit underground. Burrowed units are unable to move or attack, but they cannot be seen without detection.",
      "Name": "Burrow",
      "AbilCmd": "BurrowBanelingDown,Execute"
    },
    {
      "Id": "BurrowDown",
      "Icon": "btn-ability-zerg-burrow-color",
      "Tooltip": "Buries the unit underground. Burrowed units are unable to move or attack, but they cannot be seen without detection.",
      "Name": "Burrow",
      "AbilCmd": "BurrowRoachDown,Execute"
    },
    {
      "Id": "BurrowDown",
      "Icon": "btn-ability-zerg-burrow-color",
      "Tooltip": "Buries the unit underground. Burrowed units are unable to move or attack, but they cannot be seen without detection.",
      "Name": "Burrow",
      "AbilCmd": "BurrowHydraliskDown,Execute"
    },
    {
      "Id": "BurrowDown",
      "Icon": "btn-ability-zerg-burrow-color",
      "Tooltip": "Buries the unit underground. Burrowed units are unable to move or attack, but they cannot be seen without detection.",
      "Name": "Burrow",
      "AbilCmd": "BurrowRavagerDown,Execute"
    },
    {
      "Id": "BurrowDown",
      "Icon": "btn-ability-zerg-burrow-color",
      "Tooltip": "Buries the unit underground. Burrowed units are unable to move or attack, but they cannot be seen without detection.",
      "Name": "Burrow",
      "AbilCmd": "MorphToSwarmHostBurrowedMP,Execute"
    },
    {
      "Id": "BurrowDown",
      "Icon": "btn-ability-zerg-burrow-color",
      "Tooltip": "Buries the unit underground. Burrowed units are unable to move or attack, but they cannot be seen without detection.",
      "Name": "Burrow",
      "AbilCmd": "BurrowQueenDown,Execute"
    },
    {
      "Id": "BurrowDown",
      "Icon": "btn-ability-zerg-burrow-color",
      "Tooltip": "Buries the unit underground. Burrowed units are unable to move or attack, but they cannot be seen without detection.",
      "Name": "Burrow",
      "AbilCmd": "BurrowInfestorTerranDown,Execute"
    },
    {
      "Id": "BurrowDown",
      "Icon": "btn-ability-zerg-burrow-color",
      "Tooltip": "Buries the unit underground. Burrowed units are unable to move or attack, but they cannot be seen without detection.",
      "Name": "Burrow",
      "AbilCmd": "BurrowInfestorDown,Execute"
    },
    {
      "Id": "BurrowDown",
      "Icon": "btn-ability-zerg-burrow-color",
      "Tooltip": "Buries the unit underground. Burrowed units are unable to move or attack, but they cannot be seen without detection.",
      "Name": "Burrow",
      "AbilCmd": "BurrowUltraliskDown,Execute"
    }
  ]
}