{
  "Name": "Infested Terrans Egg Placement",
  "DeathRevealFilters": "Visible;Player,Ally,Neutral,Missile,Dead,Hidden",
  "DeathRevealRadius": 2,
  "DeathRevealDuration": 4,
  "DeathRevealType": "Snapshot",
  "Race": "Zerg",
  "DefaultAcquireLevel": "Offensive",
  "Response": "Acquire",
  "ResourceState": "Unknown",
  "ResourceType": "Unknown",
  "LifeStart": 1,
  "LifeMax": 1,
  "LifeArmorName": "None",
  "Mover": "Ground",
  "StationaryTurningRate": 720,
  "TurningRate": 720,
  "Radius": 0.375,
  "SeparationRadius": 0.5,
  "MinimapRadius": 0.5,
  "EditorCategories": {
    "ObjectType": "Other",
    "ObjectFamily": "Melee"
  },
  "TacticalAIFilters": "-;Player,Ally,Neutral",
  "AIEvalFactor": 1,
  "Mass": 0.4,
  "FlagArray": [
    "Uncommandable",
    "Unselectable",
    "Untargetable",
    "Uncursorable",
    "Unradarable",
    "Invulnerable",
    "NoScore"
  ],
  "PushPriority": 10,
  "LeaderAlias": "InfestedTerransEggPlacement",
  "HotkeyAlias": "InfestedTerransEggPlacement",
  "SelectAlias": "InfestedTerransEggPlacement",
  "SubgroupAlias": "InfestedTerransEggPlacement",
  "OccludeHeight": 0.75,
  "TacticalAI": "InfestedTerransEggPlacement",
  "AIEvaluateAlias": "InfestedTerransEggPlacement",
  "ReviveType": "InfestedTerransEggPlacement",
  "PawnItemReduction": 1,
  "Fidget": {
    "DelayMax": 30,
    "DelayMin": 10,
    "DistanceMax": 4,
    "DistanceMin": 1,
    "TurnAngle": 90,
    "TurningRate": 90,
    "ChanceArray": {
      "Idle": 100
    }
  },
  "ReviveInfoBase": {
    "Charge": {
      "Link": "InfestedTerransEggPlacement/Revive",
      "Location": "Unit"
    },
    "Cooldown": {
      "Link": "InfestedTerransEggPlacement/Revive",
      "Location": "Unit"
    }
  },
  "InnerRadiusSafetyMultiplier": 1,
  "ArmorType": "Unknown",
  "InnerRadius": 0.375,
  "Collide": [
    "Ground",
    "Structure",
    "RoachBurrow",
    "ForceField",
    "Small",
    "Locust"
  ],
  "Id": "InfestedTerransEggPlacement",
  "Behaviors": [
    {
      "Link": "InfestedTerransEggTimedLife",
      "Id": "InfestedTerransEggTimedLife"
    }
  ],
  "Upgrades": [],
  "Requirements": [],
  "Production": [],
  "Producers": [],
  "Commands": []
}