{
  "Name": "Infestation Pit",
  "Description": "Contains upgrades for Infestors.<br/><br/><span style=\"color: #ffff8a\">Enables:</span><br/>- Infestors from Larvae<br/>- Swarm Hosts from Larvae",
  "DeathRevealFilters": "Visible;Player,Ally,Neutral,Missile,Dead,Hidden",
  "DeathRevealRadius": 3,
  "DeathRevealDuration": 4,
  "DeathRevealType": "Snapshot",
  "Race": "Zerg",
  "DefaultAcquireLevel": "Offensive",
  "Response": "Acquire",
  "ResourceState": "Unknown",
  "ResourceType": "Unknown",
  "LifeStart": 850,
  "LifeMax": 850,
  "LifeArmorName": "Zerg Building Armor",
  "Mover": "Ground",
  "StationaryTurningRate": 719.4726,
  "TurningRate": 719.4726,
  "Radius": 1.5,
  "SeparationRadius": 1.5,
  "MinimapRadius": 1.5,
  "EditorCategories": {
    "ObjectType": "Structure",
    "ObjectFamily": "Melee"
  },
  "TacticalAIFilters": "-;Player,Ally,Neutral",
  "AIEvalFactor": 1,
  "Mass": 0.4,
  "FlagArray": [
    "Movable",
    "Unclickable",
    "Unhighlightable",
    "Untooltipable",
    "KillCredit",
    "ShowResources",
    "ClearRallyOnTargetLost",
    "PlayerRevivable",
    "CameraFollow",
    "PreventDefeat",
    "PreventDestroy",
    "PenaltyRevealed",
    "UseLineOfSight",
    "TownAlert",
    "NoPortraitTalk",
    "ArmorDisabledWhileConstructing"
  ],
  "EditorFlags": [
    "BlockStructures"
  ],
  "PushPriority": 10,
  "LeaderAlias": "InfestationPit",
  "HotkeyAlias": "InfestationPit",
  "SelectAlias": "InfestationPit",
  "SubgroupAlias": "InfestationPit",
  "OccludeHeight": 0.75,
  "TacticalAI": "InfestationPit",
  "AIEvaluateAlias": "InfestationPit",
  "ReviveType": "InfestationPit",
  "PawnItemReduction": 1,
  "Fidget": {
    "DelayMax": 30,
    "DelayMin": 10,
    "DistanceMax": 4,
    "DistanceMin": 1,
    "TurnAngle": 90,
    "TurningRate": 90,
    "ChanceArray": {
      "Idle": 100
    }
  },
  "ReviveInfoBase": {
    "Charge": {
      "Link": "InfestationPit/Revive",
      "Location": "Unit"
    },
    "Cooldown": {
      "Link": "InfestationPit/Revive",
      "Location": "Unit"
    }
  },
  "InnerRadiusSafetyMultiplier": 1,
  "ArmorType": "Unknown",
  "Facing": 329.9963,
  "Mob": "Multiplayer",
  "FogVisibility": "Snapshot",
  "Attributes": [
    "Armored",
    "Biological",
    "Structure"
  ],
  "PlaneArray": [
    "Ground"
  ],
  "Collide": [
    "Burrow",
    "Ground",
    "Structure",
    "RoachBurrow",
    "ForceField",
    "Small",
    "Locust",
    "Phased"
  ],
  "LifeArmor": 1,
  "LifeRegenRate": 0.2734,
  "Sight": 9,
  "AttackTargetPriority": 11,
  "CardLayouts": [
    {
      "LayoutButtons": [
        {
          "Face": "Cancel",
          "Type": "AbilCmd",
          "AbilCmd": "que5,CancelLast",
          "Row": 2,
          "Column": 4
        },
        {
          "Face": "CancelBuilding",
          "Type": "AbilCmd",
          "AbilCmd": "BuildInProgress,Cancel",
          "Row": 2,
          "Column": 4
        },
        {
          "Face": "EvolveInfestorEnergyUpgrade",
          "Type": "AbilCmd",
          "AbilCmd": "InfestationPitResearch,Research3",
          "Row": 0,
          "Column": 0
        },
        {
          "Face": "ResearchNeuralParasite",
          "Type": "AbilCmd",
          "AbilCmd": "InfestationPitResearch,Research4",
          "Row": 0,
          "Column": 1
        }
      ]
    }
  ],
  "Footprint": "Footprint3x3CreepContour",
  "PlacementFootprint": "Footprint3x3Creep",
  "ScoreMake": 200,
  "ScoreKill": 250,
  "ScoreResult": "BuildOrder",
  "SubgroupPriority": 12,
  "GlossaryPriority": 237,
  "HotkeyCategory": "Unit/Category/ZergUnits",
  "CostResource": {
    "Minerals": 150,
    "Vespene": 100
  },
  "TechTreeUnlockedUnitArray": [
    "Infestor",
    "SwarmHostMP"
  ],
  "CostCategory": "Technology",
  "Icon": "btn-building-zerg-infestationpit",
  "LifeArmorIcon": "btn-armor-zerg-building",
  "ShieldArmorIcon": "btn-upgrade-protoss-shieldslevel0",
  "Id": "InfestationPit",
  "Behaviors": [
    {
      "Link": "OnCreep",
      "Id": "OnCreep"
    },
    {
      "Link": "ZergBuildingNotOnCreep",
      "Id": "ZergBuildingNotOnCreep"
    },
    {
      "Link": "ZergBuildingDies6",
      "Id": "ZergBuildingDies6"
    }
  ],
  "Upgrades": [],
  "Abilities": [
    {
      "Link": "BuildInProgress",
      "Id": "BuildInProgress",
      "Name": "Build in Progress"
    },
    {
      "Link": "que5",
      "Id": "que5",
      "Name": "Queue (5)"
    },
    {
      "Link": "InfestationPitResearch",
      "Id": "InfestationPitResearch",
      "Name": "Infestation Pit Research"
    }
  ],
  "Requirements": [],
  "Production": [
    {
      "Id": "InfestorEnergyUpgrade",
      "Icon": "btn-upgrade-zerg-pathogenglands",
      "Name": "Pathogen Glands"
    },
    {
      "Id": "NeuralParasite",
      "Icon": "btn-ability-zerg-neuralparasite-color",
      "Name": "Neural Parasite"
    }
  ],
  "Producers": [
    {
      "Id": "Drone",
      "Icon": "btn-unit-zerg-drone",
      "Description": "Basic worker unit. Can harvest minerals and vespene gas. Can mutate into structures.<br/><br/><c val=\"#ColorAttackInfo\">Can attack ground units.</span>",
      "Name": "Drone"
    }
  ],
  "Commands": [
    {
      "Id": "Cancel",
      "Icon": "btn-command-cancel",
      "Tooltip": "Drops the current order without performing it, and allows you to select a different order.",
      "Name": "Cancel",
      "AbilCmd": "que5,CancelLast"
    },
    {
      "Id": "CancelBuilding",
      "Icon": "btn-command-cancel",
      "Tooltip": "Cancels construction of this structure, destroying the structure and giving a partial refund.",
      "Name": "Cancel",
      "AbilCmd": "BuildInProgress,Cancel"
    },
    {
      "Id": "EvolveInfestorEnergyUpgrade",
      "Icon": "btn-upgrade-zerg-pathogenglands",
      "Tooltip": "Increases the starting energy of <span style=\"color: #ffff8a\">Infestors</span> by 25.",
      "Name": "Evolve Pathogen Glands",
      "AbilCmd": "InfestationPitResearch,Research3"
    },
    {
      "Id": "ResearchNeuralParasite",
      "Icon": "btn-ability-zerg-neuralparasite-color",
      "Tooltip": "Allows <span style=\"color: #ffff8a\">Infestors</span> to use the Neural Parasite ability.",
      "Name": "Evolve Neural Parasite",
      "AbilCmd": "InfestationPitResearch,Research4"
    }
  ]
}