{
  "Name": "Interdictor",
  "Description": "Anti-air defensive structure. Can burrow, disabling it's attack, and rendering it invisible to enemies.<br/><br/><span style=\"color: #FFFF80\">Can attack air units.</span><br/><span style=\"color: #FFE303\">Detector</span>",
  "DeathRevealFilters": "Visible;Player,Ally,Neutral,Missile,Dead,Hidden",
  "DeathRevealRadius": 3,
  "DeathRevealDuration": 4,
  "DeathRevealType": "Snapshot",
  "Race": "Gen",
  "DefaultAcquireLevel": "Offensive",
  "Response": "Acquire",
  "ResourceState": "Unknown",
  "ResourceType": "Unknown",
  "LifeStart": 300,
  "LifeMax": 300,
  "LifeArmorName": "Mechanical Structure Armor",
  "Mover": "Ground",
  "StationaryTurningRate": 720,
  "TurningRate": 720,
  "Radius": 0.5,
  "SeparationRadius": 0.5,
  "MinimapRadius": 0.75,
  "TacticalAIFilters": "-;Player,Ally,Neutral",
  "AIEvalFactor": 1,
  "Mass": 0.4,
  "FlagArray": [
    "Cloaked",
    "Buried"
  ],
  "PushPriority": 10,
  "LeaderAlias": "Interdictor",
  "HotkeyAlias": "Interdictor",
  "SelectAlias": "Interdictor",
  "SubgroupAlias": "Interdictor",
  "OccludeHeight": 0.75,
  "TacticalAI": "InterdictorBurrowed",
  "AIEvaluateAlias": "Interdictor",
  "ReviveType": "Interdictor",
  "PawnItemReduction": 1,
  "Fidget": {
    "DelayMax": 30,
    "DelayMin": 10,
    "DistanceMax": 4,
    "DistanceMin": 1,
    "TurnAngle": 90,
    "TurningRate": 90,
    "ChanceArray": {
      "Idle": 100
    }
  },
  "ReviveInfoBase": {
    "Charge": {
      "Link": "Interdictor/Revive",
      "Location": "Unit"
    },
    "Cooldown": {
      "Link": "Interdictor/Revive",
      "Location": "Unit"
    }
  },
  "InnerRadiusSafetyMultiplier": 1,
  "ArmorType": "Unknown",
  "LifeArmor": 1,
  "ScoreResult": "BuildOrder",
  "GlossaryAlias": "",
  "Sight": 10,
  "AttackTargetPriority": 11,
  "GlossaryCategory": "",
  "HotkeyCategory": "Unit/Category/GenetronUnits",
  "ScoreMakeCostFactor": {
    "Minerals": 0,
    "Vespene": 0
  },
  "ScoreKillCostFactor": {
    "Minerals": 0,
    "Vespene": 0
  },
  "Facing": 315,
  "FogVisibility": "Snapshot",
  "CostCategory": "Technology",
  "CardLayouts": [
    {
      "LayoutButtons": [
        {
          "Face": "Stop",
          "Type": "AbilCmd",
          "AbilCmd": "stop,Stop",
          "Row": 0,
          "Column": 1
        },
        {
          "Face": "Attack",
          "Type": "AbilCmd",
          "Requirements": "",
          "Row": 0,
          "Column": 4,
          "AbilCmd": "attack,Execute"
        },
        {
          "Face": "StaticDUnburrow",
          "Type": "AbilCmd",
          "AbilCmd": "InterdictorUnburrow,Execute",
          "Row": 2,
          "Column": 2
        },
        {
          "Face": "StaticDBurrow",
          "Type": "AbilCmd",
          "AbilCmd": "InterdictorBurrow,Execute",
          "Row": 2,
          "Column": 1
        },
        {
          "Face": "StaticDUnburrow",
          "Type": "AbilCmd",
          "AbilCmd": "InterdictorUnburrow,Execute",
          "Row": 2,
          "Column": 2
        }
      ]
    }
  ],
  "Footprint": "Footprint2x2Underground",
  "PlacementFootprint": "",
  "CostResource": {
    "Minerals": 100
  },
  "RepairTime": 30,
  "SubgroupPriority": 4,
  "GlossaryPriority": 0,
  "TechAliasArray": [
    "Alias_Interdictor"
  ],
  "Icon": "btn-building-genetron-interdictor",
  "LifeArmorIcon": "btn-upgrade-genetron-mechstructurearmor",
  "ShieldArmorIcon": "btn-upgrade-protoss-shieldslevel0",
  "Id": "InterdictorBurrowed",
  "Weapons": [
    {
      "Link": "NeutralizerBeamDummy",
      "Turret": "InterdictorMovement",
      "Id": "NeutralizerBeamDummy",
      "Icon": "btn-building-genetron-interdictor",
      "Name": "Neutralizer Beam Dummy",
      "Amount": {
        "value": 30
      },
      "Kind": "Ranged",
      "TargetFilters": "Air",
      "Range": 7,
      "Period": 1.25
    }
  ],
  "Behaviors": [
    {
      "Link": "LockdownMode",
      "Id": "LockdownMode",
      "Tooltip": "Under lockdown due to severe damage. Takes reduced damage, and cannot fully function. Must be repaired in order to resume a regular state.",
      "Name": "Lockdown Mode"
    },
    {
      "Link": "Detector11",
      "Id": "Detector11",
      "Tooltip": "This unit can detect cloaked or burrowed units within its sight range.",
      "Name": "Detector"
    },
    {
      "Link": "UnderConstruction",
      "Id": "UnderConstruction"
    },
    {
      "Link": "GenetronTurretFreeze",
      "Id": "GenetronTurretFreeze"
    }
  ],
  "Upgrades": [],
  "Abilities": [
    {
      "Link": "BuildInProgress",
      "Id": "BuildInProgress",
      "Name": "Build in Progress"
    },
    {
      "Link": "stop",
      "Id": "stop",
      "Name": "Stop"
    },
    {
      "Link": "InterdictorUnburrow",
      "Id": "InterdictorUnburrow",
      "Name": "Unburrow"
    },
    {
      "Link": "InterdictorBurrow",
      "Id": "InterdictorBurrow",
      "Name": "Burrow"
    }
  ],
  "Requirements": [],
  "Production": [],
  "Producers": [],
  "Commands": [
    {
      "Id": "Stop",
      "Icon": "btn-command-stop",
      "Tooltip": "Orders selected units to cancel all orders and stop moving.",
      "Name": "Stop",
      "AbilCmd": "stop,Stop"
    },
    {
      "Id": "Attack",
      "Icon": "btn-command-attack",
      "Tooltip": "Orders selected units to move to the target point, fighting nearby enemies along the way. Targeting a unit with the Attack command orders that it be attacked until it is destroyed.",
      "Name": "Attack",
      "AbilCmd": "attack,Execute"
    },
    {
      "Id": "StaticDUnburrow",
      "Icon": "btn-ability-genetron-ambush",
      "Tooltip": "Unburies the structure, allowing it to resume a normal state.",
      "Name": "Reveal",
      "AbilCmd": "InterdictorUnburrow,Execute"
    },
    {
      "Id": "StaticDBurrow",
      "Icon": "btn-ability-genetron-conceal",
      "Tooltip": "Buries the structure underground. While burrowed, the structure is unable to attack, and cannot be seen without detection.",
      "Name": "Conceal",
      "AbilCmd": "InterdictorBurrow,Execute"
    },
    {
      "Id": "StaticDUnburrow",
      "Icon": "btn-ability-genetron-ambush",
      "Tooltip": "Unburies the structure, allowing it to resume a normal state.",
      "Name": "Reveal",
      "AbilCmd": "InterdictorUnburrow,Execute"
    }
  ]
}