{
  "Name": "Jupiter",
  "Description": "Bomber aircraft. Can use Revenant Bomb to damage enemies, and apply napalm on the ground for damage over time.<br/><br/><span style=\"color: #f078ff\">Energy user.</span>",
  "DeathRevealFilters": "Visible;Player,Ally,Neutral,Missile,Dead,Hidden",
  "DeathRevealRadius": 3,
  "DeathRevealDuration": 4,
  "DeathRevealType": "Snapshot",
  "Race": "Gen",
  "DefaultAcquireLevel": "Offensive",
  "Response": "Acquire",
  "ResourceState": "Unknown",
  "ResourceType": "Unknown",
  "LifeStart": 200,
  "LifeMax": 200,
  "LifeArmorName": "Mechanical Aircraft Plating",
  "Mover": "Fly",
  "StationaryTurningRate": 720,
  "TurningRate": 360,
  "Radius": 0.8125,
  "SeparationRadius": 0.875,
  "MinimapRadius": 0.8125,
  "EditorCategories": {
    "ObjectType": "Unit",
    "ObjectFamily": "Melee"
  },
  "TacticalAIFilters": "-;Player,Ally,Neutral",
  "AIEvalFactor": 1,
  "Mass": 0.4,
  "FlagArray": [
    "Turnable",
    "Movable",
    "Unclickable",
    "Unhighlightable",
    "Untooltipable",
    "KillCredit",
    "ShowResources",
    "ClearRallyOnTargetLost",
    "PlayerRevivable",
    "CameraFollow",
    "PreventDestroy",
    "UseLineOfSight",
    "ArmySelect"
  ],
  "EditorFlags": [
    "BlockStructures"
  ],
  "PushPriority": 10,
  "LeaderAlias": "Jupiter",
  "HotkeyAlias": "Jupiter",
  "SelectAlias": "Jupiter",
  "SubgroupAlias": "Jupiter",
  "OccludeHeight": 0.75,
  "TacticalAI": "Jupiter",
  "AIEvaluateAlias": "Jupiter",
  "ReviveType": "Jupiter",
  "PawnItemReduction": 1,
  "Fidget": {
    "DelayMax": 30,
    "DelayMin": 10,
    "DistanceMax": 4,
    "DistanceMin": 1,
    "TurnAngle": 90,
    "TurningRate": 90,
    "ChanceArray": {
      "Idle": 100
    }
  },
  "ReviveInfoBase": {
    "Charge": {
      "Link": "Jupiter/Revive",
      "Location": "Unit"
    },
    "Cooldown": {
      "Link": "Jupiter/Revive",
      "Location": "Unit"
    }
  },
  "InnerRadiusSafetyMultiplier": 1,
  "ArmorType": "Unknown",
  "Collide": [
    "Flying"
  ],
  "Attributes": [
    "Mechanical",
    "Armored"
  ],
  "LifeArmor": 1,
  "ScoreResult": "BuildOrder",
  "GlossaryAlias": "Jupiter",
  "PlaneArray": [
    "Air"
  ],
  "Sight": 11,
  "AttackTargetPriority": 20,
  "GlossaryCategory": "Unit/Category/GenetronUnits",
  "HotkeyCategory": "Unit/Category/GenetronUnits",
  "ScoreMakeCostFactor": {
    "Minerals": 1,
    "Vespene": 1
  },
  "ScoreKillCostFactor": {
    "Minerals": 1,
    "Vespene": 1
  },
  "Speed": 2.75,
  "Acceleration": 1.5,
  "CostCategory": "Army",
  "CardLayouts": [
    {
      "LayoutButtons": [
        {
          "Face": "MovePatrol",
          "Type": "AbilCmd",
          "AbilCmd": "move,Patrol",
          "Row": 0,
          "Column": 3
        },
        {
          "Face": "MoveHoldPosition",
          "Type": "AbilCmd",
          "AbilCmd": "move,HoldPos",
          "Row": 0,
          "Column": 2
        },
        {
          "Face": "Attack",
          "Type": "AbilCmd",
          "AbilCmd": "attack,Execute",
          "Row": 0,
          "Column": 4
        },
        {
          "Face": "Stop",
          "Type": "AbilCmd",
          "AbilCmd": "stop,Stop",
          "Row": 0,
          "Column": 1
        },
        {
          "Face": "Move",
          "Type": "AbilCmd",
          "AbilCmd": "move,Move",
          "Row": 0,
          "Column": 0
        },
        {
          "Face": "RevenantBomb",
          "Type": "AbilCmd",
          "AbilCmd": "RevenantBomb,Execute",
          "Row": 2,
          "Column": 0
        },
        {
          "Face": "JupiterNapalm",
          "Type": "Passive",
          "AbilCmd": "RevenantBomb,Execute",
          "Row": 2,
          "Column": 1
        },
        {
          "Face": "JupiterStealthSystems",
          "Type": "Passive",
          "Row": 2,
          "Column": 2
        }
      ]
    }
  ],
  "CargoSize": 0,
  "Height": 3.75,
  "VisionHeight": 4,
  "LateralAcceleration": 2,
  "Food": -4,
  "CostResource": {
    "Minerals": 150,
    "Vespene": 200
  },
  "RepairTime": 42,
  "SubgroupPriority": 48,
  "GlossaryPriority": 16,
  "GlossaryStrongArray": [
    "Aquila",
    "HighTemplar",
    "Marine",
    "Hydralisk"
  ],
  "GlossaryWeakArray": [
    "AvengerGenetron",
    "Phoenix",
    "ThorAP",
    "Mutalisk"
  ],
  "EnergyStart": 100,
  "EnergyMax": 100,
  "Icon": "btn-unit-genetron-jupiter",
  "LifeArmorIcon": "btn-upgrade-genetron-aircraftplating-level0",
  "ShieldArmorIcon": "btn-upgrade-protoss-shieldslevel0",
  "Id": "Jupiter",
  "Behaviors": [
    {
      "Link": "GenetronUnitEnergyRegenx2",
      "Id": "GenetronUnitEnergyRegenx2"
    }
  ],
  "Upgrades": [
    {
      "Link": "GenetronAircraftPlating",
      "Id": "GenetronAircraftPlating",
      "Name": "Genetron Aircraft Plating"
    },
    {
      "Link": "GenetronAircraftPlatingLevel1",
      "Id": "GenetronAircraftPlatingLevel1",
      "Icon": "btn-upgrade-genetron-aircraftplating-level1",
      "Name": "Genetron Aircraft Plating Level 1"
    },
    {
      "Link": "GenetronAircraftPlatingLevel2",
      "Id": "GenetronAircraftPlatingLevel2",
      "Icon": "btn-upgrade-genetron-aircraftplating-level2",
      "Name": "Genetron Aircraft Plating Level 2"
    },
    {
      "Link": "GenetronAircraftPlatingLevel3",
      "Id": "GenetronAircraftPlatingLevel3",
      "Icon": "btn-upgrade-genetron-aircraftplating-level3",
      "Name": "Genetron Aircraft Plating Level 3"
    },
    {
      "Link": "StealthSystems",
      "Id": "StealthSystems",
      "Icon": "btn-ability-hornerhan-wraith-permanentcloak",
      "Name": "Stealth Systems"
    }
  ],
  "Abilities": [
    {
      "Link": "move",
      "Id": "move",
      "Name": "Move"
    },
    {
      "Link": "stop",
      "Id": "stop",
      "Name": "Stop"
    },
    {
      "Link": "attack",
      "Id": "attack",
      "Name": "Attack"
    },
    {
      "Link": "RevenantBomb",
      "Id": "RevenantBomb",
      "Name": "Revenant Bomb"
    }
  ],
  "Requirements": [],
  "Production": [],
  "Producers": [
    {
      "Id": "AssemblyArray",
      "Icon": "btn-building-genetron-assemblyarray",
      "Description": "Aircraft production facility.<br/><br/><span style=\"color: #FFFF80\">Enables:</span><br/>- Avengers<br/>- Hornets",
      "Name": "Assembly Array"
    }
  ],
  "Commands": [
    {
      "Id": "MovePatrol",
      "Icon": "btn-command-patrol",
      "Tooltip": "Orders selected units to patrol between their current position and the target area. Units will attack enemies and move to engage nearby enemies.",
      "Name": "Patrol",
      "AbilCmd": "move,Patrol"
    },
    {
      "Id": "MoveHoldPosition",
      "Icon": "btn-command-holdposition",
      "Tooltip": "Orders selected units to stay where they are and attack enemies that are within range. Units will neither chase down enemies nor move to engage.",
      "Name": "Hold Position",
      "AbilCmd": "move,HoldPos"
    },
    {
      "Id": "Attack",
      "Icon": "btn-command-attack",
      "Tooltip": "Orders selected units to move to the target point, fighting nearby enemies along the way. Targeting a unit with the Attack command orders that it be attacked until it is destroyed.",
      "Name": "Attack",
      "AbilCmd": "attack,Execute"
    },
    {
      "Id": "Stop",
      "Icon": "btn-command-stop",
      "Tooltip": "Orders selected units to cancel all orders and stop moving.",
      "Name": "Stop",
      "AbilCmd": "stop,Stop"
    },
    {
      "Id": "Move",
      "Icon": "btn-command-move",
      "Tooltip": "Orders selected units to move to the target area or follow the target unit. Moving units will not engage enemies.",
      "Name": "Move",
      "AbilCmd": "move,Move"
    },
    {
      "Id": "RevenantBomb",
      "Icon": "btn-top-hornerhan-bombers",
      "Tooltip": "Drops a bomb which deals <b>25</b> (+<b>25</b> vs Armored) damage in the impact area. <br/><br/>Units hit directly by the bomb receive twice the damage.<br/><br/>Units in the impact area are unable to attack or cast spells for <b>4</b> seconds.<br/><br/>The <span style=\"color: #FFFF80\">Jupiter</span> has increased speed during its run.",
      "Name": "Revenant Bomb",
      "AbilCmd": "RevenantBomb,Execute"
    },
    {
      "Id": "JupiterNapalm",
      "Icon": "btn-ability-hornerhan-bomberplatform-napalm",
      "Tooltip": "Revenant Bomb applies napalm to the ground, dealing <b>6</b> (+<b>6</b> vs Structures) damage per second in the area. Lasts <b>12</b> seconds.",
      "Name": "Napalm",
      "AbilCmd": "RevenantBomb,Execute"
    }
  ]
}