{
  "Name": "KD8 Charge",
  "Description": "Explodes after a short delay, dealing <b>5</b> damage and knocking back nearby units.",
  "DeathRevealFilters": "Visible;Player,Ally,Neutral,Missile,Dead,Hidden",
  "DeathRevealRadius": 2,
  "DeathRevealDuration": 4,
  "DeathRevealType": "Snapshot",
  "Race": "Terr",
  "DefaultAcquireLevel": "Offensive",
  "Response": "Acquire",
  "ResourceState": "Unknown",
  "ResourceType": "Unknown",
  "LifeStart": 1,
  "LifeMax": 1,
  "LifeArmorName": "None",
  "Mover": "Ground",
  "StationaryTurningRate": 720,
  "TurningRate": 720,
  "Radius": 0.5,
  "SeparationRadius": 0.5,
  "MinimapRadius": 0.5,
  "EditorCategories": {
    "ObjectType": "Projectile",
    "ObjectFamily": "Melee"
  },
  "TacticalAIFilters": "-;Player,Ally,Neutral",
  "AIEvalFactor": 1,
  "Mass": 0.4,
  "FlagArray": [
    "Unselectable",
    "Untargetable",
    "NoScore",
    "Invulnerable"
  ],
  "PushPriority": 10,
  "LeaderAlias": "KD8Charge",
  "HotkeyAlias": "KD8Charge",
  "SelectAlias": "KD8Charge",
  "SubgroupAlias": "KD8Charge",
  "OccludeHeight": 0.75,
  "TacticalAI": "KD8Charge",
  "AIEvaluateAlias": "KD8Charge",
  "ReviveType": "KD8Charge",
  "PawnItemReduction": 1,
  "Fidget": {
    "DelayMax": 30,
    "DelayMin": 10,
    "DistanceMax": 4,
    "DistanceMin": 1,
    "TurnAngle": 90,
    "TurningRate": 90,
    "ChanceArray": {
      "Idle": 100
    }
  },
  "ReviveInfoBase": {
    "Charge": {
      "Link": "KD8Charge/Revive",
      "Location": "Unit"
    },
    "Cooldown": {
      "Link": "KD8Charge/Revive",
      "Location": "Unit"
    }
  },
  "InnerRadiusSafetyMultiplier": 1,
  "ArmorType": "Unknown",
  "Attributes": [
    "Structure"
  ],
  "TacticalAIThink": "AIThinkKD8Charge",
  "AINotifyEffect": "KD8SearchArea",
  "Icon": "btn-ability-terran-d8charge",
  "LifeArmorIcon": "btn-upgrade-terran-buildingarmor",
  "ShieldArmorIcon": "btn-upgrade-protoss-shieldslevel0",
  "Id": "KD8Charge",
  "Upgrades": [],
  "Requirements": [],
  "Production": [],
  "Producers": [],
  "Commands": []
}