{
  "Name": "Lesser Deep One",
  "Description": "Spawns lesser Dragon units.<br/><br/><span style=\"color: #ffff8a\">Enables:</span><br/>- Flamespitters<br/>- Hunters",
  "DeathRevealFilters": "Visible;Player,Ally,Neutral,Missile,Dead,Hidden",
  "DeathRevealRadius": 3,
  "DeathRevealDuration": 4,
  "DeathRevealType": "Snapshot",
  "Race": "Dragon",
  "DefaultAcquireLevel": "Offensive",
  "Response": "Acquire",
  "ResourceState": "Unknown",
  "ResourceType": "Unknown",
  "LifeStart": 1500,
  "LifeMax": 1500,
  "Mover": "Ground",
  "StationaryTurningRate": 180,
  "TurningRate": 180,
  "Radius": 1.5,
  "SeparationRadius": 1.5,
  "MinimapRadius": 1.5,
  "EditorCategories": {
    "ObjectType": "Structure",
    "ObjectFamily": "Melee"
  },
  "TacticalAIFilters": "-;Player,Ally,Neutral",
  "AIEvalFactor": 1,
  "Mass": 0.4,
  "FlagArray": [
    "Turnable",
    "Unclickable",
    "Unhighlightable",
    "Untooltipable",
    "KillCredit",
    "ShowResources",
    "ClearRallyOnTargetLost",
    "PlayerRevivable",
    "CameraFollow",
    "PreventDestroy",
    "PreventDefeat",
    "PenaltyRevealed",
    "UseLineOfSight",
    "TownAlert",
    "NoPortraitTalk",
    "ArmorDisabledWhileConstructing"
  ],
  "EditorFlags": [
    "BlockStructures"
  ],
  "PushPriority": 10,
  "LeaderAlias": "LesserDeepOne",
  "HotkeyAlias": "LesserDeepOne",
  "SelectAlias": "LesserDeepOne",
  "SubgroupAlias": "LesserDeepOne",
  "OccludeHeight": 0.75,
  "TacticalAI": "LesserDeepOne",
  "AIEvaluateAlias": "LesserDeepOne",
  "ReviveType": "LesserDeepOne",
  "PawnItemReduction": 1,
  "Fidget": {
    "DelayMax": 30,
    "DelayMin": 10,
    "DistanceMax": 4,
    "DistanceMin": 1,
    "TurnAngle": 90,
    "TurningRate": 90,
    "ChanceArray": {
      "Idle": 100
    }
  },
  "ReviveInfoBase": {
    "Charge": {
      "Link": "LesserDeepOne/Revive",
      "Location": "Unit"
    },
    "Cooldown": {
      "Link": "LesserDeepOne/Revive",
      "Location": "Unit"
    }
  },
  "InnerRadiusSafetyMultiplier": 1,
  "ArmorType": "Unknown",
  "PlaneArray": [
    "Ground"
  ],
  "Attributes": [
    "Biological",
    "Armored",
    "Structure"
  ],
  "DamageDealtXP": 1,
  "DamageTakenXP": 1,
  "ScoreResult": "BuildOrder",
  "Mob": "Multiplayer",
  "Collide": [
    "Burrow",
    "Ground",
    "Structure",
    "RoachBurrow",
    "ForceField",
    "Locust",
    "Phased"
  ],
  "LifeArmor": 1,
  "CostCategory": "Technology",
  "AttackTargetPriority": 11,
  "FogVisibility": "Snapshot",
  "HotkeyCategory": "Unit/Category/DragonUnits",
  "CardLayouts": [
    {
      "LayoutButtons": [
        {
          "Face": "Cancel",
          "Type": "AbilCmd",
          "AbilCmd": "que5PassiveCancelToSelection,CancelLast",
          "Row": 2,
          "Column": 4
        },
        {
          "Face": "CancelBuilding",
          "Type": "AbilCmd",
          "AbilCmd": "BuildInProgress,Cancel",
          "Row": 2,
          "Column": 4
        },
        {
          "Face": "Stop",
          "Type": "AbilCmd",
          "AbilCmd": "stop,Stop",
          "Row": 2,
          "Column": 3
        },
        {
          "Face": "Halt",
          "Type": "AbilCmd",
          "AbilCmd": "BuildInProgress,Halt",
          "Row": 2,
          "Column": 3
        },
        {
          "Face": "Rally",
          "Type": "AbilCmd",
          "AbilCmd": "Rally,Rally1",
          "Row": 1,
          "Column": 4
        },
        {
          "Face": "Cancel",
          "Type": "AbilCmd",
          "AbilCmd": "LesserDeepOneBuild,Halt",
          "Row": 2,
          "Column": 4
        },
        {
          "Face": "Flamespitter",
          "Type": "AbilCmd",
          "AbilCmd": "LesserDeepOneTrain,Train1",
          "Row": 0,
          "Column": 0
        },
        {
          "Face": "Hunter",
          "Type": "AbilCmd",
          "AbilCmd": "LesserDeepOneTrain,Train2",
          "Row": 0,
          "Column": 1
        },
        {
          "Face": "HornedMagus",
          "Type": "AbilCmd",
          "AbilCmd": "LesserDeepOneTrain,Train3",
          "Row": 0,
          "Column": 2
        },
        {
          "Face": "UnseenBeast",
          "Type": "AbilCmd",
          "AbilCmd": "LesserDeepOneTrain,Train4",
          "Row": 0,
          "Column": 3
        },
        {
          "Face": "GenesisPitLesser",
          "Type": "AbilCmd",
          "AbilCmd": "LesserDeepOneBuild,Build1",
          "Row": 2,
          "Column": 0
        },
        {
          "Face": "AugmentationPitLesser",
          "Type": "AbilCmd",
          "AbilCmd": "LesserDeepOneBuild,Build2",
          "Row": 2,
          "Column": 1
        }
      ]
    }
  ],
  "Sight": 9,
  "CostResource": {
    "Minerals": 150
  },
  "Footprint": "Footprint3x3Contour",
  "PlacementFootprint": "Footprint3x3",
  "ScoreMake": 150,
  "ScoreKill": 150,
  "SubgroupPriority": 3,
  "GlossaryPriority": 21,
  "TechTreeProducedUnitArray": [
    "Plodder",
    "Razorback"
  ],
  "Icon": "btn-building-zerg-nydusworm",
  "LifeArmorIcon": "btn-upgrade-zerg-groundcarapace-level0",
  "ShieldArmorIcon": "btn-upgrade-protoss-shieldslevel0",
  "Id": "LesserDeepOne",
  "Behaviors": [
    {
      "Link": "DragonLineageGreater",
      "Id": "DragonLineageGreater",
      "Name": "Dragon Lineage"
    }
  ],
  "Upgrades": [
    {
      "Link": "DragonPlateArmors",
      "Id": "DragonPlateArmors",
      "Name": "Dragon Plate Armors"
    },
    {
      "Link": "DragonPlateArmorLevel1",
      "Id": "DragonPlateArmorLevel1",
      "Icon": "btn-upgrade-zerg-groundcarapace-level1",
      "Name": "Dragon Plate Armor Level 1"
    },
    {
      "Link": "DragonPlateArmorLevel2",
      "Id": "DragonPlateArmorLevel2",
      "Icon": "btn-upgrade-zerg-groundcarapace-level2",
      "Name": "Dragon Plate Armor Level 2"
    },
    {
      "Link": "DragonPlateArmorLevel3",
      "Id": "DragonPlateArmorLevel3",
      "Icon": "btn-upgrade-zerg-groundcarapace-level3",
      "Name": "Dragon Plate Armor Level 3"
    }
  ],
  "Abilities": [
    {
      "Link": "BuildInProgress",
      "Id": "BuildInProgress",
      "Name": "Build in Progress"
    },
    {
      "Link": "DragonTrain",
      "Id": "DragonTrain",
      "Name": "Dragon - Train"
    },
    {
      "Link": "que5PassiveCancelToSelection",
      "Id": "que5PassiveCancelToSelection",
      "Name": "Queue (5) Passive (Cancel to Selection)"
    },
    {
      "Link": "Rally",
      "Id": "Rally",
      "Name": "Rally"
    },
    {
      "Link": "stop",
      "Id": "stop",
      "Name": "Stop"
    },
    {
      "Link": "LesserDeepOneBuild",
      "Id": "LesserDeepOneBuild",
      "Name": "Lesser Deep One - Build"
    },
    {
      "Link": "LesserDeepOneTrain",
      "Id": "LesserDeepOneTrain",
      "Name": "Lesser Deep One - Train"
    },
    {
      "Link": "LesserDeepOne",
      "Id": "LesserDeepOne",
      "Name": "Lesser Deep One"
    }
  ],
  "Requirements": [
    {
      "Id": "FrontierDeepOne",
      "Icon": "btn-unit-zerg-nyduscreeptower",
      "Description": "Propogates basic Dragon structures. Heals nearby biological units.<br/><br/><span style=\"color: #ffff8a\">Enables:</span><br/>- Razorbacks<br/>- Augmentation Pits<br/>- Sunken Guardians<br/>- Phlogiston Guardians",
      "Name": "Frontier Deep One"
    }
  ],
  "Production": [
    {
      "Id": "Flamespitter",
      "Icon": "btn-unit-zerg-primalzergling",
      "Description": "Fragile ranged unit. Projectiles may retarget.<br/><br/><c val=\"#ColorAttackInfo\">Can attack ground units.</span><br/><br/><span style=\"color: #00FF00\">Ascended:<br/>+30 Life<br/>+1 Damage<br/>Can Attack air units</span>",
      "Name": "Flamespitter"
    },
    {
      "Id": "DragonHunter",
      "Icon": "btn-unit-zerg-ravasaur",
      "Description": "Fast ranged unit. Pulls enemies with ranged attack. Can jump up and down cliffs.<br/><br/><c val=\"#ColorAttackInfo\">Can attack ground units.</span><br/><br/><span style=\"color: #00FF00\">Ascended:<br/>+30 Life<br/>+1 Armor<br/>+0.7 Speed</span>",
      "Name": "Dragonhunter"
    },
    {
      "Id": "HornedMagus",
      "Icon": "btn-critter-tastelope",
      "Description": "Ranged caster unit. Projectiles may retarget. Can use Fire Shield and Invigorate. Can be upgraded to use Shroud.<br/><br/><c val=\"#ColorAttackInfo\">Can attack ground and air units.</span><br/><br/><span style=\"color: #00FF00\">Ascended:<br/>+60 Life<br/>+100% Energy Regeneration</span>",
      "Name": "Horned Magus"
    },
    {
      "Id": "UnseenBeast",
      "Icon": "wireframe-critter-matriarchsnowbeast",
      "Description": "Mobile melee assassin. Cloak renders the unit invisible to enemies without detection.<br/><br/><c val=\"#ColorAttackInfo\">Can attack ground units.</span><br/><br/><span style=\"color: #00FF00\">Ascended:<br/>+30 Life<br/>+1 Armor<br/>Teleport Assault</span>",
      "Name": "Unseen Beast"
    },
    {
      "Id": "GenesisPitLesser",
      "Icon": "wireframe-zerg-broodlingnest",
      "Description": "Spawns lesser Dragon units. Inherits Augmentation Pit status from its parent.<br/><br/><span style=\"color: #ffff8a\">Enables:</span><br/>- Flamespitters<br/>- Hunters",
      "Name": "Genesis Pit"
    },
    {
      "Id": "AugmentationPitLesser",
      "Icon": "wireframe-zerg-primalproductiona",
      "Description": "Contains upgrades for Dragon units.",
      "Name": "Augmentation Pit"
    }
  ],
  "Producers": [
    {
      "Id": "Plodder",
      "Icon": "btn-critter-crabeetle",
      "Description": "Basic worker unit. Can harvest minerals and vespene gas. Can excavate structures.<br/><br/><c val=\"#ColorAttackInfo\">Can attack ground units.</span><br/><br/><span style=\"color: #00FF00\">Ascended:<br/>+10 Life<br/>+1 Armor<br/>+3 Minerals Gathered<br/>+2 Vespene Gathered</span>",
      "Name": "Plodder"
    },
    {
      "Id": "AscendedPlodder",
      "Icon": "btn-critter-crabeetle",
      "Description": "Basic worker unit. Can harvest minerals and vespene gas. Can excavate structures.<br/><br/><c val=\"#ColorAttackInfo\">Can attack ground units.</span><br/><br/><span style=\"color: #00FF00\">Ascended:<br/>+10 Life<br/>+1 Armor<br/>+3 Minerals Gathered<br/>+2 Vespene Gathered</span>",
      "Name": "Ascended Plodder"
    }
  ],
  "Commands": [
    {
      "Id": "Cancel",
      "Icon": "btn-command-cancel",
      "Tooltip": "Drops the current order without performing it, and allows you to select a different order.",
      "Name": "Cancel",
      "AbilCmd": "que5PassiveCancelToSelection,CancelLast"
    },
    {
      "Id": "CancelBuilding",
      "Icon": "btn-command-cancel",
      "Tooltip": "Cancels construction of this structure, destroying the structure and giving a partial refund.",
      "Name": "Cancel",
      "AbilCmd": "BuildInProgress,Cancel"
    },
    {
      "Id": "Stop",
      "Icon": "btn-command-stop",
      "Tooltip": "Orders selected units to cancel all orders and stop moving.",
      "Name": "Stop",
      "AbilCmd": "stop,Stop"
    },
    {
      "Id": "Halt",
      "Icon": "btn-command-stop",
      "Tooltip": "Halts construction of this structure. The partial construction will remain.",
      "Name": "Halt",
      "AbilCmd": "BuildInProgress,Halt"
    },
    {
      "Id": "Rally",
      "Icon": "btn-ability-terran-setrallypoint",
      "Tooltip": "Sends constructed units to the designated point. Workers rallied to resources will begin gathering automatically.",
      "Name": "Set Rally Point",
      "AbilCmd": "Rally,Rally1"
    },
    {
      "Id": "Cancel",
      "Icon": "btn-command-cancel",
      "Tooltip": "Drops the current order without performing it, and allows you to select a different order.",
      "Name": "Cancel",
      "AbilCmd": "LesserDeepOneBuild,Halt"
    },
    {
      "Id": "Flamespitter",
      "Icon": "btn-unit-zerg-primalzergling",
      "Tooltip": "Fragile ranged unit. Projectiles may retarget.<br/><br/><c val=\"#ColorAttackInfo\">Can attack ground units.</span><br/><br/><span style=\"color: #00FF00\">Ascended:<br/>+30 Life<br/>+1 Damage<br/>Can Attack air units</span>",
      "Name": "Spawn Flamespitter",
      "AbilCmd": "LesserDeepOneTrain,Train1"
    },
    {
      "Id": "Hunter",
      "Icon": "btn-unit-zerg-ravasaur",
      "Name": "Spawn Hunter",
      "AbilCmd": "LesserDeepOneTrain,Train2"
    },
    {
      "Id": "HornedMagus",
      "Icon": "btn-critter-tastelope",
      "Tooltip": "Ranged caster unit. Projectiles may retarget. Can use Fire Shield and Invigorate. Can be upgraded to use Shroud.<br/><br/><c val=\"#ColorAttackInfo\">Can attack ground and air units.</span><br/><br/><span style=\"color: #00FF00\">Ascended:<br/>+60 Life<br/>+100% Energy Regeneration</span>",
      "Name": "Spawn Horned Magus",
      "AbilCmd": "LesserDeepOneTrain,Train3"
    },
    {
      "Id": "UnseenBeast",
      "Icon": "wireframe-critter-matriarchsnowbeast",
      "Tooltip": "Mobile melee assassin. Cloak renders the unit invisible to enemies without detection.<br/><br/><c val=\"#ColorAttackInfo\">Can attack ground units.</span><br/><br/><span style=\"color: #00FF00\">Ascended:<br/>+30 Life<br/>+1 Armor<br/>Teleport Assault</span>",
      "Name": "Spawn Unseen Beast",
      "AbilCmd": "LesserDeepOneTrain,Train4"
    },
    {
      "Id": "GenesisPitLesser",
      "Icon": "wireframe-zerg-broodlingnest",
      "Tooltip": "Spawns lesser Dragon units. Inherits Augmentation Pit status from its parent.<br/><br/><span style=\"color: #ffff8a\">Enables:</span><br/>- Flamespitters<br/>- Hunters",
      "Name": "Propogate Genesis Pit",
      "AbilCmd": "LesserDeepOneBuild,Build1"
    },
    {
      "Id": "AugmentationPitLesser",
      "Icon": "wireframe-zerg-primalproductiona",
      "Tooltip": "Contains upgrades for Dragon units spawned by Lesser Deep Ones. Provides additional unit options for its parent and attached Genesis Pits.<br/><br/><span style=\"color: #ffff8a\">Enables:</span><br/>- Horned Magus",
      "Name": "Propogate Augmentation Pit",
      "AbilCmd": "LesserDeepOneBuild,Build2"
    }
  ]
}