{
  "Name": "Liberator",
  "Description": "Artillery fighter. Loaded with missiles that deal area damage to enemy air targets. Can switch into Defender Mode to provide siege support.<br/><br/><c val=\"#ColorAttackInfo\">Can attack air units.</span>",
  "DeathRevealFilters": "Visible;Player,Ally,Neutral,Missile,Dead,Hidden",
  "DeathRevealRadius": 3,
  "DeathRevealDuration": 4,
  "DeathRevealType": "Snapshot",
  "Race": "Terr",
  "DefaultAcquireLevel": "Offensive",
  "Response": "Acquire",
  "ResourceState": "Unknown",
  "ResourceType": "Unknown",
  "LifeStart": 180,
  "LifeMax": 180,
  "LifeArmorName": "Terran Ship Plating",
  "Mover": "Fly",
  "StationaryTurningRate": 1499.9414,
  "TurningRate": 1499.9414,
  "Radius": 0.75,
  "SeparationRadius": 0.75,
  "MinimapRadius": 0.75,
  "EditorCategories": {
    "ObjectType": "Unit",
    "ObjectFamily": "Melee"
  },
  "TacticalAIFilters": "-;Player,Ally,Neutral",
  "AIEvalFactor": 1,
  "Mass": 0.4,
  "FlagArray": [
    "Turnable",
    "Movable",
    "Unclickable",
    "Unhighlightable",
    "Untooltipable",
    "KillCredit",
    "ShowResources",
    "ClearRallyOnTargetLost",
    "PlayerRevivable",
    "CameraFollow",
    "PreventDestroy",
    "UseLineOfSight",
    "AIThreatGround",
    "AIThreatAir",
    "ArmySelect"
  ],
  "EditorFlags": [
    "BlockStructures"
  ],
  "PushPriority": 10,
  "LeaderAlias": "Liberator",
  "HotkeyAlias": "Liberator",
  "SelectAlias": "Liberator",
  "SubgroupAlias": "Liberator",
  "OccludeHeight": 0.75,
  "TacticalAI": "Liberator",
  "AIEvaluateAlias": "Liberator",
  "ReviveType": "Liberator",
  "PawnItemReduction": 1,
  "Fidget": {
    "DelayMax": 30,
    "DelayMin": 10,
    "DistanceMax": 4,
    "DistanceMin": 1,
    "TurnAngle": 90,
    "TurningRate": 90,
    "ChanceArray": {
      "Idle": 100
    }
  },
  "ReviveInfoBase": {
    "Charge": {
      "Link": "Liberator/Revive",
      "Location": "Unit"
    },
    "Cooldown": {
      "Link": "Liberator/Revive",
      "Location": "Unit"
    }
  },
  "InnerRadiusSafetyMultiplier": 1,
  "ArmorType": "Unknown",
  "Mob": "Multiplayer",
  "TechAliasArray": [
    "Alias_Liberator"
  ],
  "PlaneArray": [
    "Air"
  ],
  "Collide": [
    "Flying"
  ],
  "Attributes": [
    "Armored",
    "Mechanical"
  ],
  "Speed": 3.375,
  "Acceleration": 3.5,
  "Sight": 10,
  "Height": 3.75,
  "VisionHeight": 4,
  "Food": -3,
  "CostCategory": "Army",
  "CostResource": {
    "Minerals": 150,
    "Vespene": 150
  },
  "RepairTime": 60,
  "AttackTargetPriority": 20,
  "DamageDealtXP": 1,
  "DamageTakenXP": 1,
  "KillXP": 50,
  "CardLayouts": [
    {
      "LayoutButtons": [
        {
          "Face": "Move",
          "Type": "AbilCmd",
          "AbilCmd": "move,Move",
          "Row": 0,
          "Column": 0
        },
        {
          "Face": "Stop",
          "Type": "AbilCmd",
          "AbilCmd": "stop,Stop",
          "Row": 0,
          "Column": 1
        },
        {
          "Face": "MoveHoldPosition",
          "Type": "AbilCmd",
          "AbilCmd": "move,HoldPos",
          "Row": 0,
          "Column": 2
        },
        {
          "Face": "Attack",
          "Type": "AbilCmd",
          "AbilCmd": "attack,Execute",
          "Row": 0,
          "Column": 4
        },
        {
          "Face": "MovePatrol",
          "Type": "AbilCmd",
          "AbilCmd": "move,Patrol",
          "Row": 0,
          "Column": 3
        },
        {
          "Face": "LiberatorAGMode",
          "Type": "AbilCmd",
          "AbilCmd": "LiberatorAGTarget,Execute",
          "Row": 2,
          "Column": 0
        },
        {
          "Face": "LiberatorAGRangeUpgrade",
          "Type": "Passive",
          "Requirements": "HaveLiberatorRange",
          "Row": 1,
          "Column": 0
        }
      ]
    }
  ],
  "ScoreMake": 300,
  "ScoreKill": 300,
  "ScoreResult": "BuildOrder",
  "SubgroupPriority": 72,
  "GlossaryCategory": "Unit/Category/TerranUnits",
  "GlossaryPriority": 188,
  "GlossaryStrongArray": [
    "SiegeTank",
    "Ultralisk",
    "Phoenix"
  ],
  "GlossaryWeakArray": [
    "Battlecruiser",
    "Corruptor",
    "Tempest"
  ],
  "GlossaryAlias": "Liberator",
  "HotkeyCategory": "Unit/Category/TerranUnits",
  "TacticalAIThink": "AIThinkLiberator",
  "Icon": "btn-ability-terran-liberator-aamode",
  "LifeArmorIcon": "btn-upgrade-terran-shipplatinglevel0",
  "ShieldArmorIcon": "btn-upgrade-protoss-shieldslevel0",
  "Id": "Liberator",
  "Weapons": [
    {
      "Link": "LiberatorMissileLaunchers",
      "Id": "LiberatorMissileLaunchers",
      "Icon": "btn-upgrade-terran-shipweaponslevel0",
      "Name": "Lexington Rockets",
      "Amount": 5,
      "Kind": "Ranged",
      "DisplayAttackCount": 2,
      "TargetFilters": "Air",
      "Range": 5,
      "Period": 1.8
    }
  ],
  "Upgrades": [
    {
      "Link": "TerranVehicleAndShipArmors",
      "Id": "TerranVehicleAndShipArmors",
      "Name": "Terran Vehicle And Ship Plating"
    },
    {
      "Link": "TerranVehicleAndShipArmorsLevel1",
      "Id": "TerranVehicleAndShipArmorsLevel1",
      "Icon": "btn-upgrade-terran-vehicleplatinglevel1",
      "Name": "Terran Vehicle and Ship Plating Level 1"
    },
    {
      "Link": "TerranVehicleAndShipArmorsLevel2",
      "Id": "TerranVehicleAndShipArmorsLevel2",
      "Icon": "btn-upgrade-terran-vehicleplatinglevel2",
      "Name": "Terran Vehicle and Ship Plating Level 2"
    },
    {
      "Link": "TerranVehicleAndShipArmorsLevel3",
      "Id": "TerranVehicleAndShipArmorsLevel3",
      "Icon": "btn-upgrade-terran-vehicleplatinglevel3",
      "Name": "Terran Vehicle and Ship Plating Level 3"
    },
    {
      "Link": "LiberatorMorph",
      "Id": "LiberatorMorph",
      "Icon": "btn-upgrade-terran-liberator-agmode",
      "Name": "Defender Mode"
    },
    {
      "Link": "LiberatorAGRangeUpgrade",
      "Id": "LiberatorAGRangeUpgrade",
      "Icon": "btn-upgrade-terran-advanceballistics",
      "Name": "Advanced Ballistics"
    }
  ],
  "Abilities": [
    {
      "Link": "stop",
      "Id": "stop",
      "Name": "Stop"
    },
    {
      "Link": "attack",
      "Id": "attack",
      "Name": "Attack"
    },
    {
      "Link": "move",
      "Id": "move",
      "Name": "Move"
    },
    {
      "Link": "LiberatorMorphtoAG",
      "Id": "LiberatorMorphtoAG",
      "Name": "Morph to AG"
    },
    {
      "Link": "LiberatorAGTarget",
      "Id": "LiberatorAGTarget",
      "Name": "AG Target"
    }
  ],
  "Requirements": [],
  "Production": [],
  "Producers": [
    {
      "Id": "Starport",
      "Icon": "btn-building-terran-starport",
      "Description": "Air-unit production facility. <br/><br/><span style=\"color: #ffff8a\">Enables:</span><br/>- Vikings<br/>- Medivacs<br/>- Liberators",
      "Name": "Starport"
    }
  ],
  "Commands": [
    {
      "Id": "Move",
      "Icon": "btn-command-move",
      "Tooltip": "Orders selected units to move to the target area or follow the target unit. Moving units will not engage enemies.",
      "Name": "Move",
      "AbilCmd": "move,Move"
    },
    {
      "Id": "Stop",
      "Icon": "btn-command-stop",
      "Tooltip": "Orders selected units to cancel all orders and stop moving.",
      "Name": "Stop",
      "AbilCmd": "stop,Stop"
    },
    {
      "Id": "MoveHoldPosition",
      "Icon": "btn-command-holdposition",
      "Tooltip": "Orders selected units to stay where they are and attack enemies that are within range. Units will neither chase down enemies nor move to engage.",
      "Name": "Hold Position",
      "AbilCmd": "move,HoldPos"
    },
    {
      "Id": "Attack",
      "Icon": "btn-command-attack",
      "Tooltip": "Orders selected units to move to the target point, fighting nearby enemies along the way. Targeting a unit with the Attack command orders that it be attacked until it is destroyed.",
      "Name": "Attack",
      "AbilCmd": "attack,Execute"
    },
    {
      "Id": "MovePatrol",
      "Icon": "btn-command-patrol",
      "Tooltip": "Orders selected units to patrol between their current position and the target area. Units will attack enemies and move to engage nearby enemies.",
      "Name": "Patrol",
      "AbilCmd": "move,Patrol"
    },
    {
      "Id": "LiberatorAGMode",
      "Icon": "btn-ability-terran-liberator-agmode",
      "Tooltip": "Deploys into Defender Mode. In this mode Liberators inflict single target damage to ground units. Liberators in this mode cannot move.",
      "Name": "Defender Mode",
      "AbilCmd": "LiberatorAGTarget,Execute"
    }
  ]
}