{
  "Name": "Lurker Cocoon",
  "Description": "This cocoon contains a Hydralisk that is morphing into a Lurker.",
  "DeathRevealFilters": "Visible;Player,Ally,Neutral,Missile,Dead,Hidden",
  "DeathRevealRadius": 3,
  "DeathRevealDuration": 4,
  "DeathRevealType": "Snapshot",
  "Race": "Zerg",
  "DefaultAcquireLevel": "Offensive",
  "Response": "Acquire",
  "ResourceState": "Unknown",
  "ResourceType": "Unknown",
  "LifeStart": 100,
  "LifeMax": 100,
  "LifeArmorName": "Zerg Ground Carapace",
  "Mover": "Ground",
  "StationaryTurningRate": 719.4726,
  "TurningRate": 719.4726,
  "Radius": 0.5,
  "SeparationRadius": 0.5,
  "MinimapRadius": 0.5,
  "EditorCategories": {
    "ObjectType": "Unit",
    "ObjectFamily": "Melee"
  },
  "TacticalAIFilters": "-;Player,Ally,Neutral",
  "AIEvalFactor": 1,
  "Mass": 0.4,
  "FlagArray": [
    "PreventDestroy",
    "UseLineOfSight",
    "NoScore",
    "ArmySelect"
  ],
  "PushPriority": 10,
  "LeaderAlias": "LurkerMPEgg",
  "HotkeyAlias": "LurkerMPEgg",
  "SelectAlias": "LurkerMPEgg",
  "SubgroupAlias": "LurkerMPEgg",
  "OccludeHeight": 0.75,
  "TacticalAI": "LurkerMPEgg",
  "AIEvaluateAlias": "LurkerMPEgg",
  "ReviveType": "LurkerMPEgg",
  "PawnItemReduction": 1,
  "Fidget": {
    "DelayMax": 30,
    "DelayMin": 10,
    "DistanceMax": 4,
    "DistanceMin": 1,
    "TurnAngle": 90,
    "TurningRate": 90,
    "ChanceArray": {
      "Idle": 100
    }
  },
  "ReviveInfoBase": {
    "Charge": {
      "Link": "LurkerMPEgg/Revive",
      "Location": "Unit"
    },
    "Cooldown": {
      "Link": "LurkerMPEgg/Revive",
      "Location": "Unit"
    }
  },
  "InnerRadiusSafetyMultiplier": 1,
  "ArmorType": "Unknown",
  "Facing": 45,
  "Mob": "Multiplayer",
  "PlaneArray": [
    "Ground"
  ],
  "Collide": [
    "Ground",
    "Small",
    "ForceField",
    "Locust"
  ],
  "Attributes": [
    "Biological"
  ],
  "LifeArmor": 1,
  "LifeRegenRate": 0.2734,
  "Speed": 3.375,
  "Sight": 5,
  "Food": -2,
  "CostCategory": "Army",
  "AttackTargetPriority": 10,
  "DamageDealtXP": 1,
  "DamageTakenXP": 1,
  "KillXP": 40,
  "CardLayouts": [
    {
      "LayoutButtons": [
        {
          "Face": "CancelCocoonMorph",
          "Type": "AbilCmd",
          "AbilCmd": "MorphToLurker,Cancel",
          "Row": 2,
          "Column": 4
        },
        {
          "Face": "Rally",
          "Type": "AbilCmd",
          "AbilCmd": "Rally,Rally1",
          "Row": 2,
          "Column": 4
        },
        {
          "Face": "Attack",
          "Type": "AbilCmd",
          "AbilCmd": "attack,Execute",
          "Row": 0,
          "Column": 4
        },
        {
          "Face": "Attack",
          "Type": "AbilCmd",
          "AbilCmd": "attack,Execute",
          "Row": 0,
          "Column": 4
        },
        {
          "Face": "Cancel",
          "Type": "AbilCmd",
          "AbilCmd": "LurkerAspectMPFromHydraliskBurrowed,Cancel",
          "Row": 2,
          "Column": 4
        }
      ]
    }
  ],
  "SubgroupPriority": 54,
  "ScoreKill": 300,
  "Icon": "btn-unit-zerg-egg",
  "LifeArmorIcon": "btn-upgrade-zerg-groundcarapace-level0",
  "ShieldArmorIcon": "btn-upgrade-protoss-shieldslevel0",
  "Id": "LurkerMPEgg",
  "Upgrades": [],
  "Abilities": [
    {
      "Link": "MorphToLurker",
      "Id": "MorphToLurker",
      "Name": "Morph To Lurker"
    },
    {
      "Link": "Rally",
      "Id": "Rally",
      "Name": "Rally"
    }
  ],
  "Requirements": [],
  "Production": [],
  "Producers": [],
  "Commands": [
    {
      "Id": "CancelCocoonMorph",
      "Icon": "btn-command-cancel",
      "Tooltip": "Cancels the morph order.",
      "Name": "Cancel",
      "AbilCmd": "MorphToLurker,Cancel"
    },
    {
      "Id": "Rally",
      "Icon": "btn-ability-terran-setrallypoint",
      "Tooltip": "Sends constructed units to the designated point. Workers rallied to resources will begin gathering automatically.",
      "Name": "Set Rally Point",
      "AbilCmd": "Rally,Rally1"
    },
    {
      "Id": "Attack",
      "Icon": "btn-command-attack",
      "Tooltip": "Orders selected units to move to the target point, fighting nearby enemies along the way. Targeting a unit with the Attack command orders that it be attacked until it is destroyed.",
      "Name": "Attack",
      "AbilCmd": "attack,Execute"
    },
    {
      "Id": "Attack",
      "Icon": "btn-command-attack",
      "Tooltip": "Orders selected units to move to the target point, fighting nearby enemies along the way. Targeting a unit with the Attack command orders that it be attacked until it is destroyed.",
      "Name": "Attack",
      "AbilCmd": "attack,Execute"
    },
    {
      "Id": "Cancel",
      "Icon": "btn-command-cancel",
      "Tooltip": "Drops the current order without performing it, and allows you to select a different order.",
      "Name": "Cancel",
      "AbilCmd": "LurkerAspectMPFromHydraliskBurrowed,Cancel"
    }
  ]
}