{
  "Name": "Lurker",
  "Description": "Anti-ground ambusher. Has a spine attack that damages all enemy units in its line of fire.<br/><br/><span style=\"color: #ffff8a\">Can attack ground units.<br/>Must burrow to attack.</span>",
  "DeathRevealFilters": "Visible;Player,Ally,Neutral,Missile,Dead,Hidden",
  "DeathRevealRadius": 3,
  "DeathRevealDuration": 4,
  "DeathRevealType": "Snapshot",
  "Race": "Zerg",
  "DefaultAcquireLevel": "Offensive",
  "Response": "Acquire",
  "ResourceState": "Unknown",
  "ResourceType": "Unknown",
  "LifeStart": 200,
  "LifeMax": 200,
  "LifeArmorName": "Zerg Ground Carapace",
  "Mover": "Ground",
  "StationaryTurningRate": 999.8437,
  "TurningRate": 999.8437,
  "Radius": 0.9375,
  "SeparationRadius": 0.75,
  "MinimapRadius": 0.75,
  "EditorCategories": {
    "ObjectType": "Unit",
    "ObjectFamily": "Melee"
  },
  "TacticalAIFilters": "-;Player,Ally,Neutral",
  "AIEvalFactor": 1,
  "Mass": 0.4,
  "FlagArray": [
    "Turnable",
    "Movable",
    "Unclickable",
    "Unhighlightable",
    "Untooltipable",
    "KillCredit",
    "ShowResources",
    "ClearRallyOnTargetLost",
    "PlayerRevivable",
    "CameraFollow",
    "PreventDestroy",
    "UseLineOfSight",
    "AIThreatGround",
    "AISplash",
    "AIPressForwardDisabled",
    "AIPreferBurrow",
    "ArmySelect",
    "AlwaysThreatens"
  ],
  "EditorFlags": [
    "BlockStructures"
  ],
  "PushPriority": 10,
  "LeaderAlias": "LurkerMP",
  "HotkeyAlias": "LurkerMP",
  "SelectAlias": "LurkerMP",
  "SubgroupAlias": "LurkerMP",
  "OccludeHeight": 0.75,
  "TacticalAI": "LurkerMP",
  "AIEvaluateAlias": "LurkerMP",
  "ReviveType": "LurkerMP",
  "PawnItemReduction": 1,
  "Fidget": {
    "DelayMax": 30,
    "DelayMin": 10,
    "DistanceMax": 4,
    "DistanceMin": 1,
    "TurnAngle": 90,
    "TurningRate": 90,
    "ChanceArray": {
      "Idle": 100
    }
  },
  "ReviveInfoBase": {
    "Charge": {
      "Link": "LurkerMP/Revive",
      "Location": "Unit"
    },
    "Cooldown": {
      "Link": "LurkerMP/Revive",
      "Location": "Unit"
    }
  },
  "InnerRadiusSafetyMultiplier": 1,
  "ArmorType": "Unknown",
  "Facing": 45,
  "Mob": "Multiplayer",
  "PlaneArray": [
    "Ground"
  ],
  "Collide": [
    "Ground",
    "Small",
    "ForceField",
    "Locust"
  ],
  "Attributes": [
    "Armored",
    "Biological"
  ],
  "LifeArmor": 1,
  "LifeRegenRate": 0.2734,
  "Speed": 2.9531,
  "SpeedMultiplierCreep": 1.3,
  "Acceleration": 1000,
  "LateralAcceleration": 46.0625,
  "Sight": 10,
  "Food": -3,
  "CostCategory": "Army",
  "CostResource": {
    "Minerals": 150,
    "Vespene": 150
  },
  "AttackTargetPriority": 20,
  "DamageDealtXP": 1,
  "DamageTakenXP": 1,
  "KillXP": 50,
  "CardLayouts": [
    {
      "LayoutButtons": [
        {
          "Face": "Move",
          "Type": "AbilCmd",
          "AbilCmd": "move,Move",
          "Row": 0,
          "Column": 0
        },
        {
          "Face": "Stop",
          "Type": "AbilCmd",
          "AbilCmd": "stop,Stop",
          "Row": 0,
          "Column": 1
        },
        {
          "Face": "MoveHoldPosition",
          "Type": "AbilCmd",
          "AbilCmd": "move,HoldPos",
          "Row": 0,
          "Column": 2
        },
        {
          "Face": "MovePatrol",
          "Type": "AbilCmd",
          "AbilCmd": "move,Patrol",
          "Row": 0,
          "Column": 3
        },
        {
          "Face": "Attack",
          "Type": "AbilCmd",
          "AbilCmd": "attack,Execute",
          "Row": 0,
          "Column": 4
        },
        {
          "Face": "AcquireMove",
          "Type": "AbilCmd",
          "AbilCmd": "move,AcquireMove",
          "Row": 0,
          "Column": 4
        },
        {
          "Face": "BurrowLurkerMP",
          "Type": "AbilCmd",
          "AbilCmd": "BurrowLurkerMPDown,Execute",
          "Row": 2,
          "Column": 3
        }
      ]
    }
  ],
  "InnerRadius": 0.5,
  "CargoSize": 4,
  "ScoreMake": 150,
  "ScoreKill": 300,
  "ScoreResult": "BuildOrder",
  "SubgroupPriority": 90,
  "EquipmentArray": [
    {
      "Weapon": "LurkerMP"
    }
  ],
  "GlossaryPriority": 71,
  "GlossaryStrongArray": [
    "Marine",
    "Roach",
    "Stalker"
  ],
  "GlossaryWeakArray": [
    "SiegeTank",
    "Viper",
    "Disruptor"
  ],
  "KillDisplay": "Always",
  "RankDisplay": "Always",
  "GlossaryCategory": "Unit/Category/ZergUnits",
  "HotkeyCategory": "Unit/Category/ZergUnits",
  "Icon": "btn-unit-zerg-lurker",
  "LifeArmorIcon": "btn-upgrade-zerg-groundcarapace-level0",
  "ShieldArmorIcon": "btn-upgrade-protoss-shieldslevel0",
  "Id": "LurkerMP",
  "Upgrades": [
    {
      "Link": "ZergGroundArmorsLevel1",
      "Id": "ZergGroundArmorsLevel1",
      "Icon": "btn-upgrade-zerg-groundcarapace-level1",
      "Name": "Zerg Ground Carapace Level 1"
    },
    {
      "Link": "ZergGroundArmorsLevel2",
      "Id": "ZergGroundArmorsLevel2",
      "Icon": "btn-upgrade-zerg-groundcarapace-level2",
      "Name": "Zerg Ground Carapace Level 2"
    },
    {
      "Link": "ZergGroundArmorsLevel3",
      "Id": "ZergGroundArmorsLevel3",
      "Icon": "btn-upgrade-zerg-groundcarapace-level3",
      "Name": "Zerg Ground Carapace Level 3"
    },
    {
      "Link": "ZergMissileWeaponsLevel1",
      "Id": "ZergMissileWeaponsLevel1",
      "Icon": "btn-upgrade-zerg-missileattacks-level1",
      "Name": "Zerg Missile Attacks Level 1"
    },
    {
      "Link": "ZergMissileWeaponsLevel2",
      "Id": "ZergMissileWeaponsLevel2",
      "Icon": "btn-upgrade-zerg-missileattacks-level2",
      "Name": "Zerg Missile Attacks Level 2"
    },
    {
      "Link": "ZergMissileWeaponsLevel3",
      "Id": "ZergMissileWeaponsLevel3",
      "Icon": "btn-upgrade-zerg-missileattacks-level3",
      "Name": "Zerg Missile Attacks Level 3"
    },
    {
      "Link": "LurkerRange",
      "Id": "LurkerRange",
      "Icon": "btn-upgrade-kerrigan-seismicspines",
      "Name": "Seismic Spines"
    },
    {
      "Link": "DiggingClaws",
      "Id": "DiggingClaws",
      "Icon": "btn-upgrade-zerg-adaptivetalons",
      "Name": "Adaptive Talons"
    }
  ],
  "Abilities": [
    {
      "Link": "stop",
      "Id": "stop",
      "Name": "Stop"
    },
    {
      "Link": "move",
      "Id": "move",
      "Name": "Move"
    },
    {
      "Link": "BurrowLurkerMPDown",
      "Id": "BurrowLurkerMPDown",
      "Name": "Burrow Lurker MPDown"
    },
    {
      "Link": "attack",
      "Id": "attack",
      "Name": "Attack"
    }
  ],
  "Requirements": [],
  "Production": [],
  "Producers": [],
  "Commands": [
    {
      "Id": "Move",
      "Icon": "btn-command-move",
      "Tooltip": "Orders selected units to move to the target area or follow the target unit. Moving units will not engage enemies.",
      "Name": "Move",
      "AbilCmd": "move,Move"
    },
    {
      "Id": "Stop",
      "Icon": "btn-command-stop",
      "Tooltip": "Orders selected units to cancel all orders and stop moving.",
      "Name": "Stop",
      "AbilCmd": "stop,Stop"
    },
    {
      "Id": "MoveHoldPosition",
      "Icon": "btn-command-holdposition",
      "Tooltip": "Orders selected units to stay where they are and attack enemies that are within range. Units will neither chase down enemies nor move to engage.",
      "Name": "Hold Position",
      "AbilCmd": "move,HoldPos"
    },
    {
      "Id": "MovePatrol",
      "Icon": "btn-command-patrol",
      "Tooltip": "Orders selected units to patrol between their current position and the target area. Units will attack enemies and move to engage nearby enemies.",
      "Name": "Patrol",
      "AbilCmd": "move,Patrol"
    },
    {
      "Id": "Attack",
      "Icon": "btn-command-attack",
      "Tooltip": "Orders selected units to move to the target point, fighting nearby enemies along the way. Targeting a unit with the Attack command orders that it be attacked until it is destroyed.",
      "Name": "Attack",
      "AbilCmd": "attack,Execute"
    },
    {
      "Id": "AcquireMove",
      "Icon": "btn-command-attack",
      "Tooltip": "Orders selected units to move to the target area or follow the target unit. Scan-moving units will not engage enemies.",
      "Name": "Scan Move",
      "AbilCmd": "move,AcquireMove"
    },
    {
      "Id": "BurrowLurkerMP",
      "Icon": "btn-ability-zerg-burrow-color",
      "Tooltip": "Buries the Lurker underground. Burrowed Lurkers are unable to move, but are able to attack. They cannot be seen without detection.",
      "Name": "Burrow",
      "AbilCmd": "BurrowLurkerMPDown,Execute"
    }
  ]
}