{
  "Name": "Marine",
  "Description": "General-purpose infantry.<br/><br/><c val=\"#ColorAttackInfo\">Can attack ground and air units.</span>",
  "DeathRevealFilters": "Visible;Player,Ally,Neutral,Missile,Dead,Hidden",
  "DeathRevealRadius": 3,
  "DeathRevealDuration": 4,
  "DeathRevealType": "Snapshot",
  "Race": "Terr",
  "DefaultAcquireLevel": "Offensive",
  "Response": "Acquire",
  "ResourceState": "Unknown",
  "ResourceType": "Unknown",
  "LifeStart": 45,
  "LifeMax": 45,
  "LifeArmorName": "Terran Infantry Armor",
  "Mover": "Ground",
  "StationaryTurningRate": 999.8437,
  "TurningRate": 999.8437,
  "Radius": 0.375,
  "SeparationRadius": 0.375,
  "MinimapRadius": 0.375,
  "EditorCategories": {
    "ObjectType": "Unit",
    "ObjectFamily": "Melee"
  },
  "TacticalAIFilters": "-;Player,Ally,Neutral",
  "AIEvalFactor": 1,
  "Mass": 0.4,
  "FlagArray": [
    "Turnable",
    "Movable",
    "Unclickable",
    "Unhighlightable",
    "Untooltipable",
    "KillCredit",
    "ShowResources",
    "ClearRallyOnTargetLost",
    "PlayerRevivable",
    "CameraFollow",
    "PreventDestroy",
    "UseLineOfSight",
    "ArmySelect"
  ],
  "EditorFlags": [
    "BlockStructures"
  ],
  "PushPriority": 10,
  "LeaderAlias": "Marine",
  "HotkeyAlias": "Marine",
  "SelectAlias": "Marine",
  "SubgroupAlias": "Marine",
  "OccludeHeight": 0.75,
  "TacticalAI": "Marine",
  "AIEvaluateAlias": "Marine",
  "ReviveType": "Marine",
  "PawnItemReduction": 1,
  "Fidget": {
    "DelayMax": 30,
    "DelayMin": 10,
    "DistanceMax": 4,
    "DistanceMin": 1,
    "TurnAngle": 90,
    "TurningRate": 90,
    "ChanceArray": {
      "Idle": 33,
      "Anim": 33,
      "Turn": 33
    }
  },
  "ReviveInfoBase": {
    "Charge": {
      "Link": "Marine/Revive",
      "Location": "Unit"
    },
    "Cooldown": {
      "Link": "Marine/Revive",
      "Location": "Unit"
    }
  },
  "InnerRadiusSafetyMultiplier": 1,
  "ArmorType": "Unknown",
  "Mob": "Multiplayer",
  "Speed": 2.25,
  "Acceleration": 1000,
  "LateralAcceleration": 46.0625,
  "Food": -1,
  "CostCategory": "Army",
  "CostResource": {
    "Minerals": 50
  },
  "RepairTime": 20,
  "AttackTargetPriority": 20,
  "DamageDealtXP": 1,
  "DamageTakenXP": 1,
  "KillXP": 10,
  "InnerRadius": 0.375,
  "CargoSize": 1,
  "ScoreMake": 50,
  "ScoreKill": 50,
  "ScoreResult": "BuildOrder",
  "SubgroupPriority": 78,
  "PlaneArray": [
    "Ground"
  ],
  "Collide": [
    "Ground",
    "ForceField",
    "Small",
    "Locust"
  ],
  "Sight": 9,
  "CardLayouts": [
    {
      "LayoutButtons": [
        {
          "Face": "Move",
          "Type": "AbilCmd",
          "AbilCmd": "move,Move",
          "Row": 0,
          "Column": 0
        },
        {
          "Face": "Stop",
          "Type": "AbilCmd",
          "AbilCmd": "stop,Stop",
          "Row": 0,
          "Column": 1
        },
        {
          "Face": "MoveHoldPosition",
          "Type": "AbilCmd",
          "AbilCmd": "move,HoldPos",
          "Row": 0,
          "Column": 2
        },
        {
          "Face": "Attack",
          "Type": "AbilCmd",
          "AbilCmd": "attack,Execute",
          "Row": 0,
          "Column": 4
        },
        {
          "Face": "MovePatrol",
          "Type": "AbilCmd",
          "AbilCmd": "move,Patrol",
          "Row": 0,
          "Column": 3
        },
        {
          "Face": "Stim",
          "Type": "AbilCmd",
          "AbilCmd": "Stimpack,Execute",
          "Row": 2,
          "Column": 0
        }
      ]
    }
  ],
  "Attributes": [
    "Light",
    "Biological"
  ],
  "GlossaryCategory": "Unit/Category/TerranUnits",
  "HotkeyCategory": "Unit/Category/TerranUnits",
  "GlossaryPriority": 21,
  "GlossaryStrongArray": [
    "Marauder",
    "Mutalisk",
    "Immortal"
  ],
  "GlossaryWeakArray": [
    "SiegeTank",
    "Baneling",
    "Colossus"
  ],
  "TauntDuration": {
    "Cheer": 5,
    "Dance": 5
  },
  "Icon": "btn-unit-terran-marine",
  "LifeArmorIcon": "btn-upgrade-terran-infantryarmorlevel0",
  "ShieldArmorIcon": "btn-upgrade-protoss-shieldslevel0",
  "Id": "Marine",
  "Weapons": [
    {
      "Link": "GuassRifle",
      "Id": "GuassRifle",
      "Icon": "btn-upgrade-terran-infantryweaponslevel0",
      "Name": "C-14 Gauss Rifle",
      "Amount": 6,
      "Kind": "Ranged",
      "TargetFilters": "",
      "Range": 5,
      "Period": 0.8608
    }
  ],
  "Upgrades": [
    {
      "Link": "TerranInfantryWeapons",
      "Id": "TerranInfantryWeapons",
      "Name": "Terran Infantry Weapons"
    },
    {
      "Link": "TerranInfantryArmors",
      "Id": "TerranInfantryArmors",
      "Name": "Terran Infantry Armors"
    },
    {
      "Link": "TerranInfantryWeaponsLevel1",
      "Id": "TerranInfantryWeaponsLevel1",
      "Icon": "btn-upgrade-terran-infantryweaponslevel1",
      "Name": "Terran Infantry Weapons Level 1"
    },
    {
      "Link": "TerranInfantryWeaponsLevel2",
      "Id": "TerranInfantryWeaponsLevel2",
      "Icon": "btn-upgrade-terran-infantryweaponslevel2",
      "Name": "Terran Infantry Weapons Level 2"
    },
    {
      "Link": "TerranInfantryWeaponsLevel3",
      "Id": "TerranInfantryWeaponsLevel3",
      "Icon": "btn-upgrade-terran-infantryweaponslevel3",
      "Name": "Terran Infantry Weapons Level 3"
    },
    {
      "Link": "TerranInfantryArmorsLevel1",
      "Id": "TerranInfantryArmorsLevel1",
      "Icon": "btn-upgrade-terran-infantryarmorlevel1",
      "Name": "Terran Infantry Armor Level 1"
    },
    {
      "Link": "TerranInfantryArmorsLevel2",
      "Id": "TerranInfantryArmorsLevel2",
      "Icon": "btn-upgrade-terran-infantryarmorlevel2",
      "Name": "Terran Infantry Armor Level 2"
    },
    {
      "Link": "TerranInfantryArmorsLevel3",
      "Id": "TerranInfantryArmorsLevel3",
      "Icon": "btn-upgrade-terran-infantryarmorlevel3",
      "Name": "Terran Infantry Armor Level 3"
    },
    {
      "Link": "Stimpack",
      "Id": "Stimpack",
      "Icon": "btn-ability-terran-stimpack-color",
      "Name": "Stimpack"
    },
    {
      "Link": "ShieldWall",
      "Id": "ShieldWall",
      "Icon": "btn-techupgrade-terran-combatshield-color",
      "Name": "Combat Shield"
    },
    {
      "Link": "MarineSkin",
      "Id": "MarineSkin",
      "Icon": "btn-unit-terran-marine",
      "Name": "Marine"
    }
  ],
  "Abilities": [
    {
      "Link": "stop",
      "Id": "stop",
      "Name": "Stop"
    },
    {
      "Link": "attack",
      "Id": "attack",
      "Name": "Attack"
    },
    {
      "Link": "move",
      "Id": "move",
      "Name": "Move"
    },
    {
      "Link": "Stimpack",
      "Id": "Stimpack",
      "Name": "Stimpack"
    }
  ],
  "Requirements": [],
  "Production": [],
  "Producers": [
    {
      "Id": "Barracks",
      "Icon": "btn-building-terran-barracks",
      "Description": "Infantry-production facility.<br/><br/><span style=\"color: #ffff8a\">Enables:</span><br/>- Marines<br/>- Reapers<br/>- Bunkers from SCVs<br/>- Orbital Commands from Command Centers",
      "Name": "Barracks"
    }
  ],
  "Commands": [
    {
      "Id": "Move",
      "Icon": "btn-command-move",
      "Tooltip": "Orders selected units to move to the target area or follow the target unit. Moving units will not engage enemies.",
      "Name": "Move",
      "AbilCmd": "move,Move"
    },
    {
      "Id": "Stop",
      "Icon": "btn-command-stop",
      "Tooltip": "Orders selected units to cancel all orders and stop moving.",
      "Name": "Stop",
      "AbilCmd": "stop,Stop"
    },
    {
      "Id": "MoveHoldPosition",
      "Icon": "btn-command-holdposition",
      "Tooltip": "Orders selected units to stay where they are and attack enemies that are within range. Units will neither chase down enemies nor move to engage.",
      "Name": "Hold Position",
      "AbilCmd": "move,HoldPos"
    },
    {
      "Id": "Attack",
      "Icon": "btn-command-attack",
      "Tooltip": "Orders selected units to move to the target point, fighting nearby enemies along the way. Targeting a unit with the Attack command orders that it be attacked until it is destroyed.",
      "Name": "Attack",
      "AbilCmd": "attack,Execute"
    },
    {
      "Id": "MovePatrol",
      "Icon": "btn-command-patrol",
      "Tooltip": "Orders selected units to patrol between their current position and the target area. Units will attack enemies and move to engage nearby enemies.",
      "Name": "Patrol",
      "AbilCmd": "move,Patrol"
    },
    {
      "Id": "Stim",
      "Icon": "btn-ability-terran-stimpack-color",
      "Tooltip": "Injects the unit with powerful stimulants that greatly increase attack and movement speeds for a few seconds. Injures the unit for 10 of the unit's life.",
      "Name": "Use Stimpack",
      "AbilCmd": "Stimpack,Execute"
    }
  ]
}