{
  "Name": "Massalisk",
  "Description": "Large, low ranged durable beast with splash damage. Currently using Hunker, which gives long range anti-air capabilities.<br/><br/><span style=\"color: #FFFF80\">Can attack ground and air units.</span>",
  "DeathRevealFilters": "Visible;Player,Ally,Neutral,Missile,Dead,Hidden",
  "DeathRevealRadius": 3,
  "DeathRevealDuration": 4,
  "DeathRevealType": "Snapshot",
  "Race": "Xayi",
  "DefaultAcquireLevel": "Offensive",
  "Response": "Acquire",
  "ResourceState": "Unknown",
  "ResourceType": "Unknown",
  "LifeStart": 550,
  "LifeMax": 550,
  "LifeArmorName": "Xayid Ground Carapace",
  "Mover": "Ground",
  "StationaryTurningRate": 149.9414,
  "TurningRate": 74.8828,
  "Radius": 1,
  "SeparationRadius": 1,
  "MinimapRadius": 1,
  "EditorCategories": {
    "ObjectType": "Unit",
    "ObjectFamily": "Melee"
  },
  "TacticalAIFilters": "-;Player,Ally,Neutral",
  "AIEvalFactor": 1,
  "Mass": 0.4,
  "FlagArray": [
    "Turnable",
    "Movable",
    "Unclickable",
    "Unhighlightable",
    "Untooltipable",
    "KillCredit",
    "ShowResources",
    "ClearRallyOnTargetLost",
    "PlayerRevivable",
    "CameraFollow",
    "PreventDestroy",
    "UseLineOfSight",
    "ArmySelect",
    "TreatStructureAsUnitForSelection",
    "NonBuildingUnit"
  ],
  "EditorFlags": [
    "BlockStructures"
  ],
  "PushPriority": 10,
  "LeaderAlias": "Massalisk",
  "HotkeyAlias": "Massalisk",
  "SelectAlias": "Massalisk",
  "SubgroupAlias": "Massalisk",
  "OccludeHeight": 0.75,
  "TacticalAI": "MassaliskHunkered",
  "AIEvaluateAlias": "Massalisk",
  "ReviveType": "Massalisk",
  "PawnItemReduction": 1,
  "Fidget": {
    "DelayMax": 30,
    "DelayMin": 10,
    "DistanceMax": 4,
    "DistanceMin": 1,
    "TurnAngle": 90,
    "TurningRate": 90,
    "ChanceArray": {
      "Idle": 100
    }
  },
  "ReviveInfoBase": {
    "Charge": {
      "Link": "Massalisk/Revive",
      "Location": "Unit"
    },
    "Cooldown": {
      "Link": "Massalisk/Revive",
      "Location": "Unit"
    }
  },
  "InnerRadiusSafetyMultiplier": 1,
  "ArmorType": "Unknown",
  "Acceleration": 1000,
  "Attributes": [
    "Biological",
    "Armored",
    "Massive",
    "Structure"
  ],
  "AttackTargetPriority": 20,
  "CardLayouts": [
    {
      "LayoutButtons": [
        {
          "Face": "Attack",
          "Type": "AbilCmd",
          "AbilCmd": "attack,Execute",
          "Row": 0,
          "Column": 4
        },
        {
          "Face": "MobileForm",
          "Type": "AbilCmd",
          "AbilCmd": "Mobile,Execute",
          "Row": 2,
          "Column": 1
        },
        {
          "Face": "Stop",
          "Type": "AbilCmd",
          "AbilCmd": "stop,Stop",
          "Row": 0,
          "Column": 1
        },
        {
          "Face": "Attack",
          "Type": "AbilCmd",
          "AbilCmd": "attack,Execute",
          "Row": 0,
          "Column": 4
        }
      ]
    }
  ],
  "PlaneArray": [
    "Ground"
  ],
  "Collide": [
    "Ground",
    "Flying6",
    "Burrow",
    "Colossus",
    "Structure",
    "RoachBurrow"
  ],
  "LifeRegenDelay": 3,
  "LifeRegenRate": 3,
  "Sight": 10,
  "CostCategory": "Army",
  "ScoreResult": "BuildOrder",
  "GlossaryCategory": "",
  "HotkeyCategory": "Unit/Category/XayidUnits",
  "ScoreKillCostFactor": {
    "Minerals": 1,
    "Vespene": 1
  },
  "ScoreMakeCostFactor": {
    "Minerals": 1,
    "Vespene": 1
  },
  "LifeArmor": 5,
  "Speed": 0,
  "Food": -6,
  "CostResource": {
    "Minerals": 300,
    "Vespene": 200
  },
  "InnerRadius": 0.75,
  "CargoSize": 0,
  "GlossaryPriority": 13,
  "SubgroupPriority": 72,
  "GlossaryAlias": "",
  "TechAliasArray": [
    "Alias_Massalisk"
  ],
  "Icon": "btn-unit-xayid-massalisk",
  "LifeArmorIcon": "btn-upgrade-xayid-organiccarapace-level0",
  "ShieldArmorIcon": "btn-upgrade-protoss-shieldslevel0",
  "Id": "MassaliskHunkered",
  "Weapons": [
    {
      "Link": "MassiveSporeAG",
      "Id": "MassiveSporeAG",
      "Icon": "btn-upgrade-xayid-groundattackslevel0",
      "Name": "Massive Spore",
      "Amount": 40,
      "Kind": "Ranged",
      "TargetFilters": "Ground",
      "Range": 3,
      "Period": 1.4
    },
    {
      "Link": "MassiveSporeAA",
      "Id": "MassiveSporeAA",
      "Icon": "btn-upgrade-xayid-missileweaponslevel0",
      "Name": "Massive Spore",
      "Amount": 24,
      "Kind": "Ranged",
      "TargetFilters": "Air",
      "Range": 10,
      "Period": 1.4
    }
  ],
  "Upgrades": [
    {
      "Link": "XayidGroundAttacks",
      "Id": "XayidGroundAttacks",
      "Name": "Xayid Ground Attacks"
    },
    {
      "Link": "XayidGroundCarapace",
      "Id": "XayidGroundCarapace",
      "Name": "Xayid Ground Carapace"
    },
    {
      "Link": "XayidGroundAttacksLevel1",
      "Id": "XayidGroundAttacksLevel1",
      "Icon": "btn-upgrade-zerg-hotsgroovedspines",
      "Name": "Xayid Ground Attacks Level 1"
    },
    {
      "Link": "XayidGroundAttacksLevel2",
      "Id": "XayidGroundAttacksLevel2",
      "Icon": "btn-upgrade-xayid-missileweaponslevel2",
      "Name": "Xayid Ground Attacks Level 2"
    },
    {
      "Link": "XayidGroundAttacksLevel3",
      "Id": "XayidGroundAttacksLevel3",
      "Icon": "btn-upgrade-xayid-missileweaponslevel3",
      "Name": "Xayid Ground Attacks Level 3"
    },
    {
      "Link": "XayidGroundCarapaceLevel1",
      "Id": "XayidGroundCarapaceLevel1",
      "Icon": "btn-upgrade-xayid-organiccarapace-level1",
      "Name": "Xayid Ground Carapace Level 1"
    },
    {
      "Link": "XayidGroundCarapaceLevel2",
      "Id": "XayidGroundCarapaceLevel2",
      "Icon": "btn-upgrade-xayid-organiccarapace-level2",
      "Name": "Xayid Ground Carapace Level 2"
    },
    {
      "Link": "XayidGroundCarapaceLevel3",
      "Id": "XayidGroundCarapaceLevel3",
      "Icon": "btn-upgrade-xayid-organiccarapace-level3",
      "Name": "Xayid Ground Carapace Level 3"
    }
  ],
  "Abilities": [
    {
      "Link": "Mobile",
      "Id": "Mobile",
      "Name": "Mobile"
    },
    {
      "Link": "stop",
      "Id": "stop",
      "Name": "Stop"
    },
    {
      "Link": "attack",
      "Id": "attack",
      "Name": "Attack"
    }
  ],
  "Requirements": [],
  "Production": [],
  "Producers": [],
  "Commands": [
    {
      "Id": "Attack",
      "Icon": "btn-command-attack",
      "Tooltip": "Orders selected units to move to the target point, fighting nearby enemies along the way. Targeting a unit with the Attack command orders that it be attacked until it is destroyed.",
      "Name": "Attack",
      "AbilCmd": "attack,Execute"
    },
    {
      "Id": "MobileForm",
      "Icon": "btn-ability-xayid-massaliskhunker-off",
      "Tooltip": "Returns the <span style=\"color: #FFFF80\">Massalisk</span> to it's mobile form.",
      "Name": "Mobile Form",
      "AbilCmd": "Mobile,Execute"
    },
    {
      "Id": "Stop",
      "Icon": "btn-command-stop",
      "Tooltip": "Orders selected units to cancel all orders and stop moving.",
      "Name": "Stop",
      "AbilCmd": "stop,Stop"
    },
    {
      "Id": "Attack",
      "Icon": "btn-command-attack",
      "Tooltip": "Orders selected units to move to the target point, fighting nearby enemies along the way. Targeting a unit with the Attack command orders that it be attacked until it is destroyed.",
      "Name": "Attack",
      "AbilCmd": "attack,Execute"
    }
  ]
}