{
  "Name": "Medivac",
  "Description": "Air transport. Heals nearby biological units. Can use Afterburners.",
  "DeathRevealFilters": "Visible;Player,Ally,Neutral,Missile,Dead,Hidden",
  "DeathRevealRadius": 3,
  "DeathRevealDuration": 4,
  "DeathRevealType": "Snapshot",
  "Race": "Terr",
  "DefaultAcquireLevel": "Offensive",
  "Response": "Acquire",
  "ResourceState": "Unknown",
  "ResourceType": "Unknown",
  "LifeStart": 150,
  "LifeMax": 150,
  "LifeArmorName": "Terran Ship Plating",
  "Mover": "Fly",
  "StationaryTurningRate": 999.8437,
  "TurningRate": 999.8437,
  "Radius": 0.75,
  "SeparationRadius": 0.75,
  "MinimapRadius": 0.75,
  "EditorCategories": {
    "ObjectType": "Unit",
    "ObjectFamily": "Melee"
  },
  "TacticalAIFilters": "-;Player,Ally,Neutral",
  "AIEvalFactor": 0.2,
  "Mass": 0.4,
  "FlagArray": [
    "Turnable",
    "Movable",
    "Unclickable",
    "Unhighlightable",
    "Untooltipable",
    "KillCredit",
    "ShowResources",
    "ClearRallyOnTargetLost",
    "PlayerRevivable",
    "CameraFollow",
    "PreventDestroy",
    "UseLineOfSight",
    "AIThreatGround",
    "AIThreatAir",
    "AISupport",
    "ArmySelect"
  ],
  "EditorFlags": [
    "BlockStructures"
  ],
  "PushPriority": 10,
  "LeaderAlias": "Medivac",
  "HotkeyAlias": "Medivac",
  "SelectAlias": "Medivac",
  "SubgroupAlias": "Medivac",
  "OccludeHeight": 0.75,
  "TacticalAI": "Medivac",
  "AIEvaluateAlias": "Medivac",
  "ReviveType": "Medivac",
  "PawnItemReduction": 1,
  "Fidget": {
    "DelayMax": 30,
    "DelayMin": 10,
    "DistanceMax": 4,
    "DistanceMin": 1,
    "TurnAngle": 90,
    "TurningRate": 90,
    "ChanceArray": {
      "Idle": 100
    }
  },
  "ReviveInfoBase": {
    "Charge": {
      "Link": "Medivac/Revive",
      "Location": "Unit"
    },
    "Cooldown": {
      "Link": "Medivac/Revive",
      "Location": "Unit"
    }
  },
  "InnerRadiusSafetyMultiplier": 1,
  "ArmorType": "Unknown",
  "Mob": "Multiplayer",
  "LifeArmor": 1,
  "EnergyStart": 50,
  "EnergyMax": 200,
  "EnergyRegenRate": 0.5625,
  "Speed": 2.5,
  "Acceleration": 2.25,
  "Height": 3.75,
  "Food": -2,
  "CostCategory": "Army",
  "CostResource": {
    "Minerals": 100,
    "Vespene": 100
  },
  "RepairTime": 41.6667,
  "AttackTargetPriority": 20,
  "DamageDealtXP": 1,
  "DamageTakenXP": 1,
  "KillXP": 40,
  "ScoreMake": 200,
  "ScoreKill": 200,
  "ScoreResult": "BuildOrder",
  "SubgroupPriority": 60,
  "PlaneArray": [
    "Air"
  ],
  "Collide": [
    "Flying"
  ],
  "VisionHeight": 4,
  "Sight": 11,
  "CardLayouts": [
    {
      "LayoutButtons": [
        {
          "Face": "Move",
          "Type": "AbilCmd",
          "AbilCmd": "move,Move",
          "Row": 0,
          "Column": 0
        },
        {
          "Face": "Stop",
          "Type": "AbilCmd",
          "AbilCmd": "stop,Stop",
          "Row": 0,
          "Column": 1
        },
        {
          "Face": "MoveHoldPosition",
          "Type": "AbilCmd",
          "AbilCmd": "move,HoldPos",
          "Row": 0,
          "Column": 2
        },
        {
          "Face": "MovePatrol",
          "Type": "AbilCmd",
          "AbilCmd": "move,Patrol",
          "Row": 0,
          "Column": 3
        },
        {
          "Face": "MedivacLoad",
          "Type": "AbilCmd",
          "AbilCmd": "MedivacTransport,Load",
          "Row": 2,
          "Column": 2
        },
        {
          "Face": "Attack",
          "Type": "AbilCmd",
          "AbilCmd": "attack,Execute",
          "Row": 0,
          "Column": 4
        },
        {
          "Face": "AcquireMove",
          "Type": "AbilCmd",
          "AbilCmd": "move,AcquireMove",
          "Row": 0,
          "Column": 4
        },
        {
          "Face": "Heal",
          "Type": "AbilCmd",
          "AbilCmd": "MedivacHeal,Execute",
          "Row": 2,
          "Column": 0
        },
        {
          "Face": "MedivacUnloadAll",
          "Type": "AbilCmd",
          "AbilCmd": "MedivacTransport,UnloadAt",
          "Row": 2,
          "Column": 3
        },
        {
          "Face": "MedivacSpeedBoost",
          "Type": "AbilCmd",
          "AbilCmd": "MedivacSpeedBoost,Execute",
          "Row": 2,
          "Column": 1
        },
        {
          "Face": "RapidReignitionSystem",
          "Type": "Passive",
          "Requirements": "HaveMedivacSpeedBoostUpgrade",
          "Row": 1,
          "Column": 0
        }
      ]
    }
  ],
  "Attributes": [
    "Armored",
    "Mechanical"
  ],
  "GlossaryCategory": "Unit/Category/TerranUnits",
  "HotkeyCategory": "Unit/Category/TerranUnits",
  "GlossaryPriority": 185,
  "TacticalAIThink": "AIThinkMedivac",
  "LateralAcceleration": 1000,
  "GlossaryWeakArray": [
    "MissileTurret",
    "SporeCrawler",
    "PhotonCannon"
  ],
  "Icon": "btn-unit-terran-medivac",
  "LifeArmorIcon": "btn-upgrade-terran-shipplatinglevel0",
  "ShieldArmorIcon": "btn-upgrade-protoss-shieldslevel0",
  "Id": "Medivac",
  "Upgrades": [
    {
      "Link": "TerranShipArmors",
      "Id": "TerranShipArmors",
      "Name": "Terran Ship Armors"
    },
    {
      "Link": "MedivacCaduceusReactor",
      "Id": "MedivacCaduceusReactor",
      "Icon": "btn-upgrade-terran-caduceusreactor",
      "Name": "Caduceus Reactor"
    },
    {
      "Link": "TerranShipArmorsLevel1",
      "Id": "TerranShipArmorsLevel1",
      "Icon": "btn-upgrade-terran-shipplatinglevel1",
      "Name": "Terran Ship Plating Level 1"
    },
    {
      "Link": "TerranShipArmorsLevel2",
      "Id": "TerranShipArmorsLevel2",
      "Icon": "btn-upgrade-terran-shipplatinglevel2",
      "Name": "Terran Ship Plating Level 2"
    },
    {
      "Link": "TerranShipArmorsLevel3",
      "Id": "TerranShipArmorsLevel3",
      "Icon": "btn-upgrade-terran-shipplatinglevel3",
      "Name": "Terran Ship Plating Level 3"
    },
    {
      "Link": "TerranVehicleAndShipArmors",
      "Id": "TerranVehicleAndShipArmors",
      "Name": "Terran Vehicle And Ship Plating"
    },
    {
      "Link": "TerranVehicleAndShipArmorsLevel1",
      "Id": "TerranVehicleAndShipArmorsLevel1",
      "Icon": "btn-upgrade-terran-vehicleplatinglevel1",
      "Name": "Terran Vehicle and Ship Plating Level 1"
    },
    {
      "Link": "TerranVehicleAndShipArmorsLevel2",
      "Id": "TerranVehicleAndShipArmorsLevel2",
      "Icon": "btn-upgrade-terran-vehicleplatinglevel2",
      "Name": "Terran Vehicle and Ship Plating Level 2"
    },
    {
      "Link": "TerranVehicleAndShipArmorsLevel3",
      "Id": "TerranVehicleAndShipArmorsLevel3",
      "Icon": "btn-upgrade-terran-vehicleplatinglevel3",
      "Name": "Terran Vehicle and Ship Plating Level 3"
    },
    {
      "Link": "MedivacRapidDeployment",
      "Id": "MedivacRapidDeployment",
      "Icon": "btn-techupgrade-terran-rapiddeployment",
      "Name": "Rapid Deployment"
    },
    {
      "Link": "MedivacIncreaseSpeedBoost",
      "Id": "MedivacIncreaseSpeedBoost",
      "Icon": "btn-upgrade-terran-highcapacityfueltanks",
      "Name": "Rapid Reignition System"
    }
  ],
  "Abilities": [
    {
      "Link": "MedivacHeal",
      "Id": "MedivacHeal",
      "Name": "Heal"
    },
    {
      "Link": "stop",
      "Id": "stop",
      "Name": "Stop"
    },
    {
      "Link": "move",
      "Id": "move",
      "Name": "Move"
    },
    {
      "Link": "MedivacTransport",
      "Id": "MedivacTransport",
      "Name": "Load-Unload (Medivac)"
    },
    {
      "Link": "MedivacSpeedBoost",
      "Id": "MedivacSpeedBoost",
      "Name": "Emergency Thrusters"
    }
  ],
  "Requirements": [],
  "Production": [],
  "Producers": [
    {
      "Id": "Starport",
      "Icon": "btn-building-terran-starport",
      "Description": "Air-unit production facility. <br/><br/><span style=\"color: #ffff8a\">Enables:</span><br/>- Vikings<br/>- Medivacs<br/>- Liberators",
      "Name": "Starport"
    }
  ],
  "Commands": [
    {
      "Id": "Move",
      "Icon": "btn-command-move",
      "Tooltip": "Orders selected units to move to the target area or follow the target unit. Moving units will not engage enemies.",
      "Name": "Move",
      "AbilCmd": "move,Move"
    },
    {
      "Id": "Stop",
      "Icon": "btn-command-stop",
      "Tooltip": "Orders selected units to cancel all orders and stop moving.",
      "Name": "Stop",
      "AbilCmd": "stop,Stop"
    },
    {
      "Id": "MoveHoldPosition",
      "Icon": "btn-command-holdposition",
      "Tooltip": "Orders selected units to stay where they are and attack enemies that are within range. Units will neither chase down enemies nor move to engage.",
      "Name": "Hold Position",
      "AbilCmd": "move,HoldPos"
    },
    {
      "Id": "MovePatrol",
      "Icon": "btn-command-patrol",
      "Tooltip": "Orders selected units to patrol between their current position and the target area. Units will attack enemies and move to engage nearby enemies.",
      "Name": "Patrol",
      "AbilCmd": "move,Patrol"
    },
    {
      "Id": "MedivacLoad",
      "Icon": "btn-ability-terran-load",
      "Tooltip": "Loads units into the Medivac's hold.",
      "Name": "Load",
      "AbilCmd": "MedivacTransport,Load"
    },
    {
      "Id": "Attack",
      "Icon": "btn-command-attack",
      "Tooltip": "Orders selected units to move to the target point, fighting nearby enemies along the way. Targeting a unit with the Attack command orders that it be attacked until it is destroyed.",
      "Name": "Attack",
      "AbilCmd": "attack,Execute"
    },
    {
      "Id": "AcquireMove",
      "Icon": "btn-command-attack",
      "Tooltip": "Orders selected units to move to the target area or follow the target unit. Scan-moving units will not engage enemies.",
      "Name": "Scan Move",
      "AbilCmd": "move,AcquireMove"
    },
    {
      "Id": "Heal",
      "Icon": "btn-ability-terran-heal-color",
      "Tooltip": "Heals a friendly biological target.<br/><br/><span style=\"color: #f078ff\">Heals <b>3</b> life per 1 energy.</span>",
      "Name": "Heal",
      "AbilCmd": "MedivacHeal,Execute"
    },
    {
      "Id": "MedivacUnloadAll",
      "Icon": "btn-ability-terran-unloadall",
      "Tooltip": "Unloads all units.",
      "Name": "Unload All",
      "AbilCmd": "MedivacTransport,UnloadAt"
    },
    {
      "Id": "MedivacSpeedBoost",
      "Icon": "btn-upgrade-terran-medivacemergencythrusters",
      "Tooltip": "Increases the Medivac's movement speed for <b>8</b> seconds.",
      "Name": "Ignite Afterburners",
      "AbilCmd": "MedivacSpeedBoost,Execute"
    }
  ]
}