{
  "Name": "Mendling",
  "Description": "Healer unit. Can use Mend, Covering Spray and Sacrificial Mutation.<br/><br/><span style=\"color: #FFFF80\">Can attack ground and air units.</span>",
  "DeathRevealFilters": "Visible;Player,Ally,Neutral,Missile,Dead,Hidden",
  "DeathRevealRadius": 3,
  "DeathRevealDuration": 4,
  "DeathRevealType": "Snapshot",
  "Race": "Xayi",
  "DefaultAcquireLevel": "Offensive",
  "Response": "Acquire",
  "ResourceState": "Unknown",
  "ResourceType": "Unknown",
  "LifeStart": 70,
  "LifeMax": 70,
  "LifeArmorName": "Xayid Ground Carapace",
  "Mover": "Ground",
  "StationaryTurningRate": 990,
  "TurningRate": 990,
  "Radius": 0.4375,
  "SeparationRadius": 0.5,
  "MinimapRadius": 0.4375,
  "EditorCategories": {
    "ObjectType": "Unit",
    "ObjectFamily": "Melee"
  },
  "TacticalAIFilters": "-;Player,Ally,Neutral",
  "AIEvalFactor": 1,
  "Mass": 0.4,
  "FlagArray": [
    "Turnable",
    "Movable",
    "Unclickable",
    "Unhighlightable",
    "Untooltipable",
    "KillCredit",
    "ShowResources",
    "ClearRallyOnTargetLost",
    "PlayerRevivable",
    "CameraFollow",
    "PreventDestroy",
    "UseLineOfSight",
    "ArmySelect",
    "AICaster",
    "AISupport"
  ],
  "EditorFlags": [
    "BlockStructures"
  ],
  "PushPriority": 10,
  "LeaderAlias": "Mendling",
  "HotkeyAlias": "Mendling",
  "SelectAlias": "Mendling",
  "SubgroupAlias": "Mendling",
  "OccludeHeight": 0.75,
  "TacticalAI": "Mendling",
  "AIEvaluateAlias": "Mendling",
  "ReviveType": "Mendling",
  "PawnItemReduction": 1,
  "Fidget": {
    "DelayMax": 30,
    "DelayMin": 10,
    "DistanceMax": 4,
    "DistanceMin": 1,
    "TurnAngle": 90,
    "TurningRate": 90,
    "ChanceArray": {
      "Idle": 100
    }
  },
  "ReviveInfoBase": {
    "Charge": {
      "Link": "Mendling/Revive",
      "Location": "Unit"
    },
    "Cooldown": {
      "Link": "Mendling/Revive",
      "Location": "Unit"
    }
  },
  "InnerRadiusSafetyMultiplier": 1,
  "ArmorType": "Unknown",
  "Acceleration": 1000,
  "Attributes": [
    "Biological",
    "Light",
    "Psionic"
  ],
  "AttackTargetPriority": 20,
  "CardLayouts": [
    {
      "LayoutButtons": [
        {
          "Face": "Move",
          "Type": "AbilCmd",
          "AbilCmd": "move,Move",
          "Row": 0,
          "Column": 0
        },
        {
          "Face": "Stop",
          "Type": "AbilCmd",
          "AbilCmd": "stop,Stop",
          "Row": 0,
          "Column": 1
        },
        {
          "Face": "MoveHoldPosition",
          "Type": "AbilCmd",
          "AbilCmd": "move,HoldPos",
          "Row": 0,
          "Column": 2
        },
        {
          "Face": "MovePatrol",
          "Type": "AbilCmd",
          "AbilCmd": "move,Patrol",
          "Row": 0,
          "Column": 3
        },
        {
          "Face": "Attack",
          "Type": "AbilCmd",
          "AbilCmd": "attack,Execute",
          "Row": 0,
          "Column": 4
        },
        {
          "Face": "Mend",
          "Type": "AbilCmd",
          "AbilCmd": "Mend,Execute",
          "Row": 2,
          "Column": 0
        },
        {
          "Face": "MutateintoSacrificialMutation",
          "Type": "AbilCmd",
          "AbilCmd": "MendlingSacrificialMutation,Execute",
          "Row": 2,
          "Column": 2
        },
        {
          "Face": "CoveringSpray",
          "Type": "AbilCmd",
          "AbilCmd": "CoveringSpray,Execute",
          "Row": 2,
          "Column": 1
        }
      ]
    }
  ],
  "PlaneArray": [
    "Ground"
  ],
  "Collide": [
    "Ground",
    "ForceField"
  ],
  "LifeRegenDelay": 3,
  "LifeRegenRate": 0.5,
  "Sight": 9,
  "CostCategory": "Army",
  "ScoreResult": "BuildOrder",
  "GlossaryCategory": "Unit/Category/XayidUnits",
  "HotkeyCategory": "Unit/Category/XayidUnits",
  "ScoreKillCostFactor": {
    "Minerals": 1,
    "Vespene": 1
  },
  "ScoreMakeCostFactor": {
    "Minerals": 1,
    "Vespene": 1
  },
  "EnergyStart": 75,
  "EnergyMax": 200,
  "EnergyRegenRate": 0.5625,
  "Speed": 3,
  "Food": -2,
  "CostResource": {
    "Minerals": 25,
    "Vespene": 75
  },
  "InnerRadius": 0.375,
  "CargoSize": 2,
  "GlossaryPriority": 6,
  "SubgroupPriority": 73,
  "GlossaryAlias": "Mendling",
  "Icon": "btn-unit-xayid-mendling",
  "LifeArmorIcon": "btn-upgrade-xayid-organiccarapace-level0",
  "ShieldArmorIcon": "btn-upgrade-protoss-shieldslevel0",
  "Id": "Mendling",
  "Weapons": [
    {
      "Link": "NeedleSpinesAntiAir",
      "Id": "NeedleSpinesAntiAir",
      "Icon": "btn-upgrade-xayid-missileweaponslevel0",
      "Name": "Needle Spines",
      "Amount": 12,
      "Kind": "Ranged",
      "TargetFilters": "Air",
      "Range": 7,
      "Period": 1.26
    },
    {
      "Link": "NeedleSpinesAntiGround",
      "Id": "NeedleSpinesAntiGround",
      "Icon": "btn-upgrade-xayid-missileweaponslevel0",
      "Name": "Needle Spines",
      "Amount": 12,
      "Kind": "Ranged",
      "TargetFilters": "Ground",
      "Range": 5,
      "Period": 1.26
    },
    {
      "Link": "NeedleSpinesEquipment",
      "Id": "NeedleSpinesEquipment",
      "Icon": "btn-upgrade-xayid-missileweaponslevel0",
      "Name": "Needle Spines",
      "Amount": 12,
      "Kind": "Ranged",
      "TargetFilters": "",
      "Range": 4,
      "Period": 1.26
    }
  ],
  "Upgrades": [
    {
      "Link": "XayidGroundAttacks",
      "Id": "XayidGroundAttacks",
      "Name": "Xayid Ground Attacks"
    },
    {
      "Link": "XayidGroundCarapace",
      "Id": "XayidGroundCarapace",
      "Name": "Xayid Ground Carapace"
    },
    {
      "Link": "XayidGroundAttacksLevel1",
      "Id": "XayidGroundAttacksLevel1",
      "Icon": "btn-upgrade-zerg-hotsgroovedspines",
      "Name": "Xayid Ground Attacks Level 1"
    },
    {
      "Link": "XayidGroundAttacksLevel2",
      "Id": "XayidGroundAttacksLevel2",
      "Icon": "btn-upgrade-xayid-missileweaponslevel2",
      "Name": "Xayid Ground Attacks Level 2"
    },
    {
      "Link": "XayidGroundAttacksLevel3",
      "Id": "XayidGroundAttacksLevel3",
      "Icon": "btn-upgrade-xayid-missileweaponslevel3",
      "Name": "Xayid Ground Attacks Level 3"
    },
    {
      "Link": "XayidGroundCarapaceLevel1",
      "Id": "XayidGroundCarapaceLevel1",
      "Icon": "btn-upgrade-xayid-organiccarapace-level1",
      "Name": "Xayid Ground Carapace Level 1"
    },
    {
      "Link": "XayidGroundCarapaceLevel2",
      "Id": "XayidGroundCarapaceLevel2",
      "Icon": "btn-upgrade-xayid-organiccarapace-level2",
      "Name": "Xayid Ground Carapace Level 2"
    },
    {
      "Link": "XayidGroundCarapaceLevel3",
      "Id": "XayidGroundCarapaceLevel3",
      "Icon": "btn-upgrade-xayid-organiccarapace-level3",
      "Name": "Xayid Ground Carapace Level 3"
    },
    {
      "Link": "PersistentSpores",
      "Id": "PersistentSpores",
      "Icon": "btn-ability-xayid-coveringspray",
      "Name": "Persistent Spores"
    }
  ],
  "Abilities": [
    {
      "Link": "move",
      "Id": "move",
      "Name": "Move"
    },
    {
      "Link": "stop",
      "Id": "stop",
      "Name": "Stop"
    },
    {
      "Link": "attack",
      "Id": "attack",
      "Name": "Attack"
    },
    {
      "Link": "Mend",
      "Id": "Mend",
      "Name": "Mend"
    },
    {
      "Link": "MendlingSacrificialMutation",
      "Id": "MendlingSacrificialMutation",
      "Name": "Mendling >> Sacrificial Mutation"
    },
    {
      "Link": "CoveringSpray",
      "Id": "CoveringSpray",
      "Name": "Covering Spray"
    }
  ],
  "Requirements": [
    {
      "Id": "MutagenChamber",
      "Icon": "btn-building-xayid-mutagenchambernew",
      "Description": "Contains upgrades for Xayid ground units.<br/><br/><span style=\"color: #FFFF80\">Enables:</span><br/>- Roamers from the Xayid Den<br/>- Scorpalisks from the Xayid Den<br/>- Mendlings from the Xayid Den",
      "Name": "Mutagen Chamber"
    }
  ],
  "Production": [],
  "Producers": [
    {
      "Id": "Worm",
      "Icon": "btn-unit-zerg-larvalqueen",
      "Description": "Can mutate into various Xayid ground units.",
      "Name": "Worm"
    }
  ],
  "Commands": [
    {
      "Id": "Move",
      "Icon": "btn-command-move",
      "Tooltip": "Orders selected units to move to the target area or follow the target unit. Moving units will not engage enemies.",
      "Name": "Move",
      "AbilCmd": "move,Move"
    },
    {
      "Id": "Stop",
      "Icon": "btn-command-stop",
      "Tooltip": "Orders selected units to cancel all orders and stop moving.",
      "Name": "Stop",
      "AbilCmd": "stop,Stop"
    },
    {
      "Id": "MoveHoldPosition",
      "Icon": "btn-command-holdposition",
      "Tooltip": "Orders selected units to stay where they are and attack enemies that are within range. Units will neither chase down enemies nor move to engage.",
      "Name": "Hold Position",
      "AbilCmd": "move,HoldPos"
    },
    {
      "Id": "MovePatrol",
      "Icon": "btn-command-patrol",
      "Tooltip": "Orders selected units to patrol between their current position and the target area. Units will attack enemies and move to engage nearby enemies.",
      "Name": "Patrol",
      "AbilCmd": "move,Patrol"
    },
    {
      "Id": "Attack",
      "Icon": "btn-command-attack",
      "Tooltip": "Orders selected units to move to the target point, fighting nearby enemies along the way. Targeting a unit with the Attack command orders that it be attacked until it is destroyed.",
      "Name": "Attack",
      "AbilCmd": "attack,Execute"
    },
    {
      "Id": "Mend",
      "Icon": "btn-ability-xayid-mendlingheal",
      "Tooltip": "Instantly restores <b>20</b> life to target biological unit or structure.",
      "Name": "Mend",
      "AbilCmd": "Mend,Execute"
    },
    {
      "Id": "MutateintoSacrificialMutation",
      "Icon": "btn-ability-zerg-ultralisk-revive",
      "Tooltip": "Creates a healing aura in an area. The<span style=\"color: #FFFF80\"> Sacrificial Mutation</span> is destroyed after <b>11</b> seconds.",
      "Name": "Mutate into Sacrificial Mutation",
      "AbilCmd": "MendlingSacrificialMutation,Execute"
    },
    {
      "Id": "CoveringSpray",
      "Icon": "btn-ability-xayid-coveringspray",
      "Tooltip": "Cloaks a targeted friendly unit. Lasts for a duration of <b>14</b> seconds.",
      "Name": "Covering Spray",
      "AbilCmd": "CoveringSpray,Execute"
    }
  ]
}