{
  "Name": "Military Research Station",
  "Description": "Advanced upgrade structure. Unlocks various equipment authorizations for spacecraft & vehicles.<br/><br/><span style=\"color: #ffff8a\">Enables:</span><br/>- Peenemunde MRLS<br/>- Citadel AAT",
  "DeathRevealFilters": "Visible;Player,Ally,Neutral,Missile,Dead,Hidden",
  "DeathRevealRadius": 3,
  "DeathRevealDuration": 4,
  "DeathRevealType": "Snapshot",
  "Race": "UED",
  "DefaultAcquireLevel": "Offensive",
  "Response": "Acquire",
  "ResourceState": "Unknown",
  "ResourceType": "Unknown",
  "LifeStart": 950,
  "LifeMax": 950,
  "LifeArmorName": "UED Adaptive Staballoy Plating",
  "Mover": "Ground",
  "StationaryTurningRate": 719.4726,
  "TurningRate": 719.4726,
  "Radius": 1.25,
  "SeparationRadius": 1.25,
  "MinimapRadius": 1.75,
  "EditorCategories": {
    "ObjectType": "Structure",
    "ObjectFamily": "Melee"
  },
  "TacticalAIFilters": "-;Player,Ally,Neutral",
  "AIEvalFactor": 1,
  "Mass": 0.4,
  "FlagArray": [
    "Movable",
    "Unclickable",
    "Unhighlightable",
    "Untooltipable",
    "KillCredit",
    "ShowResources",
    "ClearRallyOnTargetLost",
    "PlayerRevivable",
    "CameraFollow",
    "PreventDefeat",
    "PreventDestroy",
    "PenaltyRevealed",
    "UseLineOfSight",
    "TownAlert",
    "NoPortraitTalk",
    "ArmorDisabledWhileConstructing"
  ],
  "EditorFlags": [
    "BlockStructures"
  ],
  "PushPriority": 10,
  "LeaderAlias": "MilitaryResearchStation",
  "HotkeyAlias": "MilitaryResearchStation",
  "SelectAlias": "MilitaryResearchStation",
  "SubgroupAlias": "MilitaryResearchStation",
  "OccludeHeight": 0.75,
  "TacticalAI": "MilitaryResearchStation",
  "AIEvaluateAlias": "MilitaryResearchStation",
  "ReviveType": "MilitaryResearchStation",
  "PawnItemReduction": 1,
  "Fidget": {
    "DelayMax": 30,
    "DelayMin": 10,
    "DistanceMax": 4,
    "DistanceMin": 1,
    "TurnAngle": 90,
    "TurningRate": 90,
    "ChanceArray": {
      "Idle": 100
    }
  },
  "ReviveInfoBase": {
    "Charge": {
      "Link": "MilitaryResearchStation/Revive",
      "Location": "Unit"
    },
    "Cooldown": {
      "Link": "MilitaryResearchStation/Revive",
      "Location": "Unit"
    }
  },
  "InnerRadiusSafetyMultiplier": 1,
  "ArmorType": "Unknown",
  "Mob": "Multiplayer",
  "FogVisibility": "Snapshot",
  "PlaneArray": [
    "Ground"
  ],
  "Collide": [
    "Burrow",
    "Ground",
    "Structure",
    "RoachBurrow",
    "ForceField",
    "Locust",
    "Phased",
    "Small"
  ],
  "Attributes": [
    "Armored",
    "Mechanical",
    "Structure"
  ],
  "LifeArmor": 1,
  "Sight": 9,
  "CostCategory": "Technology",
  "CostResource": {
    "Minerals": 150,
    "Vespene": 100
  },
  "RepairTime": 65,
  "AttackTargetPriority": 11,
  "CardLayouts": [
    {
      "LayoutButtons": [
        {
          "Face": "Cancel",
          "Type": "AbilCmd",
          "AbilCmd": "que5,CancelLast",
          "Row": 2,
          "Column": 4
        },
        {
          "Face": "CancelBuilding",
          "Type": "AbilCmd",
          "AbilCmd": "BuildInProgress,Cancel",
          "Row": 2,
          "Column": 4
        },
        {
          "Face": "AuthorizeFieldReloadingProtocols",
          "Type": "AbilCmd",
          "AbilCmd": "MilitaryResearchStationResearch,Research1",
          "Row": 0,
          "Column": 1
        },
        {
          "Face": "DroneRepairModule",
          "Type": "AbilCmd",
          "AbilCmd": "MilitaryResearchStationResearch,Research3",
          "Row": 0,
          "Column": 0
        },
        {
          "Face": "UnknownButton",
          "Type": "AbilCmd",
          "AbilCmd": "TacticsAcademyResearch,Research6",
          "Row": 0,
          "Column": 4
        },
        {
          "Face": "UnknownButton2",
          "Type": "AbilCmd",
          "AbilCmd": "TacticsAcademyResearch,Research8",
          "Row": 0,
          "Column": 4
        },
        {
          "Face": "UnknownButton22",
          "Type": "AbilCmd",
          "AbilCmd": "TacticsAcademyResearch,Research9",
          "Row": 0,
          "Column": 4
        },
        {
          "Face": "ButtonUpgradePhosphoricFire",
          "Type": "AbilCmd",
          "AbilCmd": "MilitaryResearchStationResearch,Research10",
          "Row": 0,
          "Column": 2
        }
      ]
    }
  ],
  "Footprint": "Footprint4x4UED",
  "PlacementFootprint": "Footprint4x4",
  "ScoreMake": 250,
  "ScoreKill": 250,
  "ScoreResult": "BuildOrder",
  "SubgroupPriority": 16,
  "GlossaryPriority": 326,
  "HotkeyCategory": "Unit/Category/UEDUnits",
  "TechTreeUnlockedUnitArray": [
    "Thor",
    "HellionTank"
  ],
  "Facing": 315,
  "Icon": "btn-ued-engineering",
  "LifeArmorIcon": "btn-upgrade-stetmann-mechagroundplating-level1",
  "ShieldArmorIcon": "btn-upgrade-protoss-shieldslevel0",
  "Id": "MilitaryResearchStation",
  "Upgrades": [],
  "Abilities": [
    {
      "Link": "BuildInProgress",
      "Id": "BuildInProgress",
      "Name": "Build in Progress"
    },
    {
      "Link": "que5",
      "Id": "que5",
      "Name": "Queue (5)"
    },
    {
      "Link": "MilitaryResearchStationResearch",
      "Id": "MilitaryResearchStationResearch",
      "Name": "Research (MilitaryResearchStation)"
    },
    {
      "Link": "TacticsAcademyResearch",
      "Id": "TacticsAcademyResearch",
      "Name": "Research (Tactics Academy)"
    }
  ],
  "Requirements": [],
  "Production": [
    {
      "Id": "FieldReloadingProtocols",
      "Icon": "btn-upgrade-tychus-warhound-thunderboltmissiles",
      "Name": "Field Reloading Protocols"
    },
    {
      "Id": "DroneRepairModule",
      "Icon": "ui_tipicon_campaign_space01-repair",
      "Name": "Drone Repair Module"
    },
    {
      "Id": "UEDArmorLevel1",
      "Name": "Beathanium Defensive Programming, level 1"
    },
    {
      "Id": "UEDArmorLevel2",
      "Name": "Beathanium Defensive Programming, level 2"
    },
    {
      "Id": "UEDArmorLevel3",
      "Name": "Beathanium Defensive Programming, level 3"
    },
    {
      "Id": "UpgradePhosphoricFire",
      "Icon": "btn-tips-walloffire",
      "Name": "Phosphoric fire"
    }
  ],
  "Producers": [
    {
      "Id": "BeaconUED",
      "Icon": "btn-unit-terran-nova-shredder",
      "Description": "UED engineering vehicle. Can be deployed at a specified site in order to calldown Operation Headquarters from orbit.",
      "Name": "UED Beacon"
    },
    {
      "Id": "OperationHeadquarters",
      "Icon": "btn-structure-ued-biodome",
      "Description": "Primary structure. Used to receive gathered resources. Capable of deploying all UED structures aside from additional Operation Headquarters.<br/><br/><span style=\"color: #ffff8a\">Enables:</span><br/>- Salvagers<br/>- Beacons",
      "Name": "Operation Headquarters"
    }
  ],
  "Commands": [
    {
      "Id": "Cancel",
      "Icon": "btn-command-cancel",
      "Tooltip": "Drops the current order without performing it, and allows you to select a different order.",
      "Name": "Cancel",
      "AbilCmd": "que5,CancelLast"
    },
    {
      "Id": "CancelBuilding",
      "Icon": "btn-command-cancel",
      "Tooltip": "Cancels construction of this structure, destroying the structure and giving a partial refund.",
      "Name": "Cancel",
      "AbilCmd": "BuildInProgress,Cancel"
    },
    {
      "Id": "AuthorizeFieldReloadingProtocols",
      "Icon": "btn-upgrade-tychus-warhound-thunderboltmissiles",
      "Tooltip": "Allows the release of missiles \"Songs of the dead\" tanks <span style=\"color: #FFFF80\">AAT \"Citadel\" </span>.",
      "Name": "Authorize Field Reloading Protocols",
      "AbilCmd": "MilitaryResearchStationResearch,Research1"
    },
    {
      "Id": "DroneRepairModule",
      "Icon": "ui_tipicon_campaign_space01-repair",
      "Tooltip": "Allows <span style=\"color: #FFFF80\">Crimson Eye</span> to repair mechanical units 2 times faster.",
      "Name": "Authorize Drone Repair Module",
      "AbilCmd": "MilitaryResearchStationResearch,Research3"
    },
    {
      "Id": "UnknownButton",
      "Tooltip": "Improves <span style=\"color: #ffff8a\">armor protection</span> for all UED units.",
      "Name": "Research Beathanium Defensive Programming, Level 1",
      "AbilCmd": "TacticsAcademyResearch,Research6"
    },
    {
      "Id": "UnknownButton2",
      "Tooltip": "Improves <span style=\"color: #ffff8a\">armor protection</span> for all UED units.",
      "Name": "Research Beathanium Defensive Programming, Level 2",
      "AbilCmd": "TacticsAcademyResearch,Research8"
    },
    {
      "Id": "UnknownButton22",
      "Tooltip": "Improves <span style=\"color: #ffff8a\">armor protection</span> for all UED units.",
      "Name": "Research Beathanium Defensive Programming, Level 3",
      "AbilCmd": "TacticsAcademyResearch,Research9"
    },
    {
      "Id": "ButtonUpgradePhosphoricFire",
      "Icon": "btn-tips-walloffire",
      "Tooltip": "<span style=\"color: #FFFF80\">Hurakans</span> get a bonus on buildings of +20 units.",
      "Name": "Authorization request: Phosphoric fire",
      "AbilCmd": "MilitaryResearchStationResearch,Research10"
    }
  ]
}