{
  "Name": "Mining Drone",
  "Description": "Nano-Enabled Construction Robot<br/><br/><c val=\"#ColorAttackInfo\">Can attack ground units</span>",
  "DeathRevealFilters": "Visible;Player,Ally,Neutral,Missile,Dead,Hidden",
  "DeathRevealRadius": 3,
  "DeathRevealDuration": 4,
  "DeathRevealType": "Snapshot",
  "Race": "UPL",
  "DefaultAcquireLevel": "Offensive",
  "Response": "Acquire",
  "ResourceState": "Unknown",
  "ResourceType": "Unknown",
  "LifeStart": 50,
  "LifeMax": 50,
  "LifeArmorName": "UPL Vehicle Plating",
  "Mover": "Ground",
  "StationaryTurningRate": 999.8437,
  "TurningRate": 999.8437,
  "Radius": 0.375,
  "SeparationRadius": 0.375,
  "MinimapRadius": 0.375,
  "EditorCategories": {
    "ObjectType": "Unit",
    "ObjectFamily": "Melee"
  },
  "TacticalAIFilters": "-;Player,Ally,Neutral",
  "AIEvalFactor": 1,
  "Mass": 0.4,
  "FlagArray": [
    "Turnable",
    "Movable",
    "Unclickable",
    "Unhighlightable",
    "Untooltipable",
    "KillCredit",
    "ShowResources",
    "ClearRallyOnTargetLost",
    "PlayerRevivable",
    "CameraFollow",
    "Worker",
    "PreventDestroy",
    "UseLineOfSight"
  ],
  "EditorFlags": [
    "BlockStructures"
  ],
  "PushPriority": 10,
  "LeaderAlias": "MiningDrone",
  "HotkeyAlias": "MiningDrone",
  "SelectAlias": "MiningDrone",
  "SubgroupAlias": "MiningDrone",
  "OccludeHeight": 0.75,
  "TacticalAI": "MiningDrone",
  "AIEvaluateAlias": "MiningDrone",
  "ReviveType": "MiningDrone",
  "PawnItemReduction": 1,
  "Fidget": {
    "DelayMax": 30,
    "DelayMin": 10,
    "DistanceMax": 4,
    "DistanceMin": 1,
    "TurnAngle": 90,
    "TurningRate": 90,
    "ChanceArray": {
      "Idle": 33,
      "Anim": 33,
      "Turn": 33
    }
  },
  "ReviveInfoBase": {
    "Charge": {
      "Link": "MiningDrone/Revive",
      "Location": "Unit"
    },
    "Cooldown": {
      "Link": "MiningDrone/Revive",
      "Location": "Unit"
    }
  },
  "InnerRadiusSafetyMultiplier": 1,
  "ArmorType": "Unknown",
  "Mob": "Multiplayer",
  "PlaneArray": [
    "Ground"
  ],
  "Collide": [
    "Ground",
    "ForceField"
  ],
  "Attributes": [
    "Light",
    "Mechanical"
  ],
  "Speed": 2.8125,
  "Acceleration": 2.5,
  "LateralAcceleration": 46,
  "Sight": 8,
  "Food": -1,
  "CostCategory": "Economy",
  "CostResource": {
    "Minerals": 50
  },
  "RepairTime": 16.667,
  "AttackTargetPriority": 20,
  "AIOverideTargetPriority": 10,
  "DamageDealtXP": 1,
  "DamageTakenXP": 1,
  "KillXP": 10,
  "CardLayouts": [
    {
      "LayoutButtons": [
        {
          "Face": "Move",
          "Type": "AbilCmd",
          "AbilCmd": "move,Move",
          "Row": 0,
          "Column": 0
        },
        {
          "Face": "Stop",
          "Type": "AbilCmd",
          "AbilCmd": "stop,Stop",
          "Row": 0,
          "Column": 1
        },
        {
          "Face": "MoveHoldPosition",
          "Type": "AbilCmd",
          "AbilCmd": "move,HoldPos",
          "Row": 0,
          "Column": 2
        },
        {
          "Face": "AttackWorker",
          "Type": "AbilCmd",
          "AbilCmd": "attack,Execute",
          "Row": 0,
          "Column": 4
        },
        {
          "Face": "MovePatrol",
          "Type": "AbilCmd",
          "AbilCmd": "move,Patrol",
          "Row": 0,
          "Column": 3
        },
        {
          "Face": "UPLMiningDroneRepair",
          "Type": "AbilCmd",
          "AbilCmd": "UPLMiningDroneRepair,Execute",
          "Row": 2,
          "Column": 1
        },
        {
          "Face": "GatherUPL",
          "Type": "AbilCmd",
          "AbilCmd": "SCVHarvest,Gather",
          "Row": 1,
          "Column": 0
        },
        {
          "Face": "ReturnCargo",
          "Type": "AbilCmd",
          "AbilCmd": "MiningDroneGather,Return",
          "Row": 1,
          "Column": 1
        },
        {
          "Face": "TerranBuild",
          "Type": "Submenu",
          "SubmenuCardId": "TBl1",
          "Row": 2,
          "Column": 0
        },
        {
          "Face": "MiningDroneSwitchMode",
          "Type": "AbilCmd",
          "AbilCmd": "MiningDroneSwitchMode,On",
          "Row": 2,
          "Column": 2
        },
        {
          "Face": "CancelBuilding",
          "Type": "AbilCmd",
          "AbilCmd": "UPLBuild,Halt",
          "Row": 2,
          "Column": 4
        },
        {
          "Face": "MiningDroneSwitchModeOff",
          "Type": "AbilCmd",
          "AbilCmd": "MiningDroneSwitchMode,Off",
          "Row": 2,
          "Column": 3
        }
      ]
    },
    {
      "LayoutButtons": [
        {
          "Face": "UPLHeadquarters",
          "Type": "AbilCmd",
          "AbilCmd": "UPLBuild,Build1",
          "Row": 0,
          "Column": 0
        },
        {
          "Face": "UPLExhumer",
          "Type": "AbilCmd",
          "AbilCmd": "UPLBuild,Build3",
          "Row": 0,
          "Column": 1
        },
        {
          "Face": "UPLGenerator",
          "Type": "AbilCmd",
          "AbilCmd": "UPLBuild,Build2",
          "Row": 0,
          "Column": 2
        },
        {
          "Face": "UPLForwardOperatingBase",
          "Type": "AbilCmd",
          "AbilCmd": "UPLBuild,Build10",
          "Row": 1,
          "Column": 0
        },
        {
          "Face": "UPLManufacturingFacility",
          "Type": "AbilCmd",
          "AbilCmd": "UPLBuild,Build11",
          "Row": 1,
          "Column": 1
        },
        {
          "Face": "UPLCommStation",
          "Type": "AbilCmd",
          "AbilCmd": "UPLBuild,Build9",
          "Row": 2,
          "Column": 0
        },
        {
          "Face": "UPLElectrostaticDefenseTower",
          "Type": "AbilCmd",
          "AbilCmd": "UPLBuild,Build6",
          "Row": 2,
          "Column": 1
        },
        {
          "Face": "Cancel",
          "Type": "CancelSubmenu",
          "Row": 2,
          "Column": 4
        },
        {
          "Face": "UPLAirstrip",
          "Type": "AbilCmd",
          "AbilCmd": "UPLBuild,Build12",
          "Row": 1,
          "Column": 2
        },
        {
          "Face": "UPLNightjar",
          "Type": "AbilCmd",
          "AbilCmd": "UPLBuild,Build7",
          "Row": 2,
          "Column": 2
        },
        {
          "Face": "UPLBillet",
          "Type": "AbilCmd",
          "AbilCmd": "UPLBuild,Build4",
          "Row": 0,
          "Column": 3
        },
        {
          "Face": "UPLRnDFacility",
          "Type": "AbilCmd",
          "AbilCmd": "UPLBuild,Build5",
          "Row": 1,
          "Column": 3
        },
        {
          "Face": "UPLSolitaire",
          "Type": "AbilCmd",
          "AbilCmd": "UPLBuild,Build14",
          "Row": 2,
          "Column": 3
        }
      ],
      "CardId": "TBl1"
    }
  ],
  "InnerRadius": 0.375,
  "CargoSize": 1,
  "ScoreMake": 50,
  "ScoreKill": 50,
  "ScoreResult": "BuildOrder",
  "SubgroupPriority": 11,
  "GlossaryCategory": "Unit/Category/0UPLUnits",
  "GlossaryPriority": 11,
  "HotkeyCategory": "Unit/Category/UPLUnits",
  "KillDisplay": "Always",
  "RankDisplay": "Always",
  "AlliedPushPriority": 8,
  "Icon": "btn-unit-upl-miningdrone",
  "LifeArmorIcon": "btn-upgrades-upl-vehicleplating-lvl0",
  "ShieldArmorIcon": "btn-upgrade-protoss-shieldslevel0",
  "Id": "MiningDrone",
  "Weapons": [
    {
      "Link": "MningDrill",
      "Id": "MningDrill",
      "Icon": "btn-upgrade-terran-infantryweaponslevel0",
      "Name": "Mining Drill",
      "Amount": 5,
      "Kind": "Melee",
      "TargetFilters": "Ground",
      "Range": 0.1,
      "Period": 1.5
    }
  ],
  "Upgrades": [
    {
      "Link": "UPLVehicleArmor",
      "Id": "UPLVehicleArmor",
      "Name": "UPL Vehicle Plating"
    },
    {
      "Link": "UPLVehicleWeapons",
      "Id": "UPLVehicleWeapons",
      "Name": "UPL Vehicle Weapons"
    },
    {
      "Link": "UPLVehiclePlatingLevel1",
      "Id": "UPLVehiclePlatingLevel1",
      "Icon": "btn-upgrades-upl-vehicleplating-lvl1",
      "Name": "UPL Vehicle Plating Level 1"
    },
    {
      "Link": "UPLVehiclePlatingLevel2",
      "Id": "UPLVehiclePlatingLevel2",
      "Icon": "btn-upgrades-upl-vehicleplating-lvl2",
      "Name": "UPL Vehicle Plating Level 2"
    },
    {
      "Link": "UPLVehiclePlatingLevel3",
      "Id": "UPLVehiclePlatingLevel3",
      "Icon": "btn-upgrades-upl-vehicleplating-lvl3",
      "Name": "UPL Vehicle Plating Level 3"
    },
    {
      "Link": "UPLVehicleWeaponsLevel1",
      "Id": "UPLVehicleWeaponsLevel1",
      "Icon": "btn-upgrades-upl-vehicleweapons-lvl1",
      "Name": "UPL Vehicle Weapons Level 1"
    },
    {
      "Link": "UPLVehicleWeaponsLevel2",
      "Id": "UPLVehicleWeaponsLevel2",
      "Icon": "btn-upgrades-upl-vehicleweapons-lvl2",
      "Name": "UPL Vehicle Weapons Level 2"
    },
    {
      "Link": "UPLVehicleWeaponsLevel3",
      "Id": "UPLVehicleWeaponsLevel3",
      "Icon": "btn-upgrades-upl-vehicleweapons-lvl3",
      "Name": "UPL Vehicle Weapons Level 3"
    }
  ],
  "Abilities": [
    {
      "Link": "stop",
      "Id": "stop",
      "Name": "Stop"
    },
    {
      "Link": "attack",
      "Id": "attack",
      "Name": "Attack"
    },
    {
      "Link": "move",
      "Id": "move",
      "Name": "Move"
    },
    {
      "Link": "UPLBuild",
      "Id": "UPLBuild",
      "Name": "Build"
    },
    {
      "Link": "MiningDroneSwitchMode",
      "Id": "MiningDroneSwitchMode",
      "Name": "MiningDroneSwitchMode"
    },
    {
      "Link": "UPLMiningDroneRepair",
      "Id": "UPLMiningDroneRepair",
      "Name": "UPLMiningDroneRepair"
    },
    {
      "Link": "SCVHarvest",
      "Id": "SCVHarvest",
      "Name": "Gather (SCV)"
    }
  ],
  "Requirements": [],
  "Production": [
    {
      "Id": "UPLHeadquarters",
      "Icon": "btn-building-upl-uplheadquarters",
      "Description": "Primary structure. Used to receive gathered resources. <br/><br/><span style=\"color: #ffff8a\">Enables:</span><br/>- <b>Mining Drone</b><br/>- <b>CARR</b>",
      "Name": "Headquarters"
    },
    {
      "Id": "UPLExhumer",
      "Icon": "btn-building-upl-uplexhumer",
      "Description": "Resource Production Facility <br/><br/>Built over a Fluorine Deposit to Allow Production of Francine Gas",
      "Name": "Exhumer"
    },
    {
      "Id": "UPLGenerator",
      "Icon": "btn-building-upl-uplgenerator",
      "Description": "Provides supply.<br/>Supply allows you to create more units.",
      "Name": "Fusion Generator"
    },
    {
      "Id": "UPLForwardOperatingBase",
      "Icon": "btn-building-upl-uplforwardoperatingbase",
      "Description": "Support Unit Production<br/><br/><span style=\"color: #ffff8a\">Enables:</span><br/>- <b>Infantry Officer</b><br/>- <b>CSV</b>",
      "Name": "Forward Operating Base"
    },
    {
      "Id": "UPLManufacturingFacility",
      "Icon": "btn-building-upl-uplmanufacturingfacility",
      "Description": "Ground Vehicle Production facility.<br/><br/><span style=\"color: #ffff8a\">Enables:</span><br/>-  <b>Z-1</b><br/>-  <b>A-6</b><br/>-  <b>TR-17</b><br/>-  <b>Routhe Tank</b>",
      "Name": "Manufacturing Facility"
    },
    {
      "Id": "UPLCommStation",
      "Icon": "btn-building-upl-uplcommstation",
      "Description": "SatNet Communications<br/><br/>Increases speed of nearby allied units and detects cloaked units.<br/><br/><span style=\"color: #FFE303\">Detector</span>",
      "Name": "Comm Station"
    },
    {
      "Id": "UPLElectrostaticDefenseTower",
      "Icon": "btn-building-upl-uplelectrostaticdefensetower",
      "Description": "Automated Defensive Structure.<br/><br/><c val=\"#ColorAttackInfo\">Can attack ground and air units.</span>",
      "Name": "Electrostatic Defense Tower"
    },
    {
      "Id": "UPLAirstrip",
      "Icon": "btn-building-upl-uplairstrip",
      "Description": "Aircraft production facility.<br/><br/><span style=\"color: #ffff8a\">Enables:</span><br/>-  <b>Raptor Jet</b><br/>-  <b>Osprey</b><br/>-  <b>Condor</b>",
      "Name": "Airstrip"
    },
    {
      "Id": "UPLNightjar",
      "Icon": "btn-building-upl-uplnightjar",
      "Description": "Anti-Armor / Anti-Air Cannon<br/><br/><c val=\"#ColorAttackInfo\">Can Attack Ground and Air units.</span>",
      "Name": "Nightjar"
    },
    {
      "Id": "UPLBillet",
      "Icon": "btn-building-upl-uplbillet",
      "Description": "Infantry training facility. <br/><br/><span style=\"color: #ffff8a\">Enables:</span><br/>- <b>Combat Infantry</b><br/>- <b>Heavy Gunner</b><br/>- <b>Incinerator</b><br/>- <b>Mortar Trooper</b><br/>- <b>Rocket Trooper</b>",
      "Name": "Billet"
    },
    {
      "Id": "UPLRnDFacility",
      "Icon": "btn-building-upl-uplr&d",
      "Description": "Research and Development.  <br/><br/>Research upgrades for your forces.",
      "Name": "R & D Facility"
    },
    {
      "Id": "UPLSolitaire",
      "Icon": "btn-building-upl-uplsolitaire",
      "Description": "Manned Defensive structure.  <br/><br/><c val=\"#ColorAttackInfo\">Can attack ground units</span>",
      "Name": "Solitaire"
    }
  ],
  "Producers": [
    {
      "Id": "UPLHeadquarters",
      "Icon": "btn-building-upl-uplheadquarters",
      "Description": "Primary structure. Used to receive gathered resources. <br/><br/><span style=\"color: #ffff8a\">Enables:</span><br/>- <b>Mining Drone</b><br/>- <b>CARR</b>",
      "Name": "Headquarters"
    }
  ],
  "Commands": [
    {
      "Id": "Move",
      "Icon": "btn-command-move",
      "Tooltip": "Orders selected units to move to the target area or follow the target unit. Moving units will not engage enemies.",
      "Name": "Move",
      "AbilCmd": "move,Move"
    },
    {
      "Id": "Stop",
      "Icon": "btn-command-stop",
      "Tooltip": "Orders selected units to cancel all orders and stop moving.",
      "Name": "Stop",
      "AbilCmd": "stop,Stop"
    },
    {
      "Id": "MoveHoldPosition",
      "Icon": "btn-command-holdposition",
      "Tooltip": "Orders selected units to stay where they are and attack enemies that are within range. Units will neither chase down enemies nor move to engage.",
      "Name": "Hold Position",
      "AbilCmd": "move,HoldPos"
    },
    {
      "Id": "AttackWorker",
      "Icon": "btn-command-attack",
      "Tooltip": "Orders selected units to move to the target point, fighting nearby enemies along the way. Targeting a unit with the Attack command orders that it be attacked until it is destroyed.",
      "Name": "Attack",
      "AbilCmd": "attack,Execute"
    },
    {
      "Id": "MovePatrol",
      "Icon": "btn-command-patrol",
      "Tooltip": "Orders selected units to patrol between their current position and the target area. Units will attack enemies and move to engage nearby enemies.",
      "Name": "Patrol",
      "AbilCmd": "move,Patrol"
    },
    {
      "Id": "UPLMiningDroneRepair",
      "Icon": "btn-ability-upl-miningdronesacrifice",
      "Tooltip": "<span style=\"color: #FFFFFF\">Sacrifices</span> the Mining Drone to repair a targeted mechanical unit for <span style=\"color: #FFFF80\">500 </span>life over 8 seconds",
      "Name": "Nanite Repair",
      "AbilCmd": "UPLMiningDroneRepair,Execute"
    },
    {
      "Id": "GatherUPL",
      "Icon": "btn-ability-terran-gather",
      "Tooltip": "Orders Mining Drone to gather resources from a selected Mineral Field or Fluorite Deposit.",
      "Name": "Gather",
      "AbilCmd": "SCVHarvest,Gather"
    },
    {
      "Id": "ReturnCargo",
      "Icon": "btn-command-returncargo",
      "Tooltip": "Returns the carried resources to the nearest drop-off point.",
      "Name": "Return Cargo",
      "AbilCmd": "MiningDroneGather,Return"
    },
    {
      "Id": "MiningDroneSwitchMode",
      "Icon": "btn-ability-upl-miningdronecombatmode",
      "Tooltip": "Mining Drone replaces a harvester arm with a grenade launcher",
      "Name": "Activate Grenade Launcher",
      "AbilCmd": "MiningDroneSwitchMode,On"
    },
    {
      "Id": "CancelBuilding",
      "Icon": "btn-command-cancel",
      "Tooltip": "Cancels construction of this structure, destroying the structure and giving a partial refund.",
      "Name": "Cancel",
      "AbilCmd": "UPLBuild,Halt"
    },
    {
      "Id": "MiningDroneSwitchModeOff",
      "Icon": "btn-ability-upl-miningdroneharvestmode",
      "Tooltip": "Mining Drone exits combat mode to resume harvesting duties",
      "Name": "Deactivate Grenade Launcher",
      "AbilCmd": "MiningDroneSwitchMode,Off"
    },
    {
      "Id": "UPLHeadquarters",
      "Icon": "btn-building-upl-uplheadquarters",
      "Tooltip": "Primary structure. Used to receive gathered resources. <br/><br/><span style=\"color: #ffff8a\">Enables:</span><br/>- <b>Mining Drone</b><br/>- <b>CARR</b>",
      "Name": "Build Headquarters",
      "AbilCmd": "UPLBuild,Build1"
    },
    {
      "Id": "UPLExhumer",
      "Icon": "btn-building-upl-uplexhumer",
      "Tooltip": "Resource Production Facility <br/><br/>Built over a Fluorine Deposit to Allow Production of Francine Gas",
      "Name": "Build Exhumer",
      "AbilCmd": "UPLBuild,Build3"
    },
    {
      "Id": "UPLGenerator",
      "Icon": "btn-building-upl-uplgenerator",
      "Tooltip": "Provides supply.<br/>Supply allows you to create more units.",
      "Name": "Build Fusion Generator",
      "AbilCmd": "UPLBuild,Build2"
    },
    {
      "Id": "UPLForwardOperatingBase",
      "Icon": "btn-building-upl-uplforwardoperatingbase",
      "Tooltip": "Support Unit Production<br/><br/><span style=\"color: #ffff8a\">Enables:</span><br/>- <b>Infantry Officer</b><br/>- <b>CSV</b>",
      "Name": "Build Forward Operating Base",
      "AbilCmd": "UPLBuild,Build10"
    },
    {
      "Id": "UPLManufacturingFacility",
      "Icon": "btn-building-upl-uplmanufacturingfacility",
      "Tooltip": "Ground Vehicle Production facility.<br/><br/><span style=\"color: #ffff8a\">Enables:</span><br/>-  <b>Z-1</b><br/>-  <b>A-6</b><br/>-  <b>TR-17</b><br/>-  <b>Routhe Tank</b>",
      "Name": "Build Manufacturing Facility",
      "AbilCmd": "UPLBuild,Build11"
    },
    {
      "Id": "UPLCommStation",
      "Icon": "btn-building-upl-uplcommstation",
      "Tooltip": "SatNet Communications<br/><br/>Increases speed of nearby allied units and detects cloaked units.<br/><br/><span style=\"color: #FFE303\">Detector</span>",
      "Name": "Build Comm Station",
      "AbilCmd": "UPLBuild,Build9"
    },
    {
      "Id": "UPLElectrostaticDefenseTower",
      "Icon": "btn-building-upl-uplelectrostaticdefensetower",
      "Tooltip": "Automated Defensive Structure.<br/><br/><c val=\"#ColorAttackInfo\">Can attack ground and air units.</span>",
      "Name": "Build Electrostatic Defense Tower",
      "AbilCmd": "UPLBuild,Build6"
    },
    {
      "Id": "UPLAirstrip",
      "Icon": "btn-building-upl-uplairstrip",
      "Tooltip": "Aircraft production facility.<br/><br/><span style=\"color: #ffff8a\">Enables:</span><br/>-  <b>Raptor Jet</b><br/>-  <b>Osprey</b><br/>-  <b>Condor</b>",
      "Name": "Build Airstrip",
      "AbilCmd": "UPLBuild,Build12"
    },
    {
      "Id": "UPLNightjar",
      "Icon": "btn-building-upl-uplnightjar",
      "Tooltip": "Anti-Armor / Anti-Air Cannon<br/><br/><c val=\"#ColorAttackInfo\">Can Attack Ground and Air units.</span>",
      "Name": "Nightjar",
      "AbilCmd": "UPLBuild,Build7"
    },
    {
      "Id": "UPLBillet",
      "Icon": "btn-building-upl-uplbillet",
      "Tooltip": "Infantry training facility. <br/><br/><span style=\"color: #ffff8a\">Enables:</span><br/>- <b>Combat Infantry</b><br/>- <b>Heavy Gunner</b><br/>- <b>Incinerator</b><br/>- <b>Mortar Trooper</b><br/>- <b>Rocket Trooper</b>",
      "Name": "Build Billet",
      "AbilCmd": "UPLBuild,Build4"
    },
    {
      "Id": "UPLRnDFacility",
      "Icon": "btn-building-upl-uplr&d",
      "Tooltip": "Research and Development.  <br/><br/>Research upgrades for your forces.",
      "Name": "Build R & D Facility",
      "AbilCmd": "UPLBuild,Build5"
    },
    {
      "Id": "UPLSolitaire",
      "Icon": "btn-building-upl-uplsolitaire",
      "Tooltip": "Manned Defensive structure.  <br/><br/><c val=\"#ColorAttackInfo\">Can attack ground units</span>",
      "Name": "Solitaire",
      "AbilCmd": "UPLBuild,Build14"
    }
  ]
}