{
  "Name": "Mole",
  "Description": "Deployable artillery cannon.<br/><br/><span style=\"color: #FFFF80\">Can attack ground units.</span>",
  "DeathRevealFilters": "Visible;Player,Ally,Neutral,Missile,Dead,Hidden",
  "DeathRevealRadius": 3,
  "DeathRevealDuration": 4,
  "DeathRevealType": "Snapshot",
  "Race": "Gen",
  "DefaultAcquireLevel": "Offensive",
  "Response": "Acquire",
  "ResourceState": "Unknown",
  "ResourceType": "Unknown",
  "LifeStart": 150,
  "LifeMax": 150,
  "LifeArmorName": "Ground Mechanical Plating",
  "Mover": "Ground",
  "StationaryTurningRate": 990,
  "TurningRate": 360,
  "Radius": 0.75,
  "SeparationRadius": 0.5,
  "MinimapRadius": 0.8125,
  "EditorCategories": {
    "ObjectType": "Unit",
    "ObjectFamily": "Melee"
  },
  "TacticalAIFilters": "-;Player,Ally,Neutral",
  "AIEvalFactor": 1,
  "Mass": 0.4,
  "FlagArray": [
    "Turnable",
    "Movable",
    "Unclickable",
    "Unhighlightable",
    "Untooltipable",
    "KillCredit",
    "ShowResources",
    "ClearRallyOnTargetLost",
    "PlayerRevivable",
    "CameraFollow",
    "PreventDestroy",
    "UseLineOfSight",
    "ArmySelect",
    "AISupport",
    "AIPressForwardDisabled",
    "Cloaked",
    "Buried"
  ],
  "EditorFlags": [
    "BlockStructures"
  ],
  "PushPriority": 10,
  "LeaderAlias": "Mole",
  "HotkeyAlias": "Mole",
  "SelectAlias": "Mole",
  "SubgroupAlias": "Mole",
  "OccludeHeight": 0.75,
  "TacticalAI": "MoleBurrowed",
  "AIEvaluateAlias": "Mole",
  "ReviveType": "Mole",
  "PawnItemReduction": 1,
  "Fidget": {
    "DelayMax": 30,
    "DelayMin": 10,
    "DistanceMax": 4,
    "DistanceMin": 1,
    "TurnAngle": 90,
    "TurningRate": 90,
    "ChanceArray": {
      "Idle": 100
    }
  },
  "ReviveInfoBase": {
    "Charge": {
      "Link": "Mole/Revive",
      "Location": "Unit"
    },
    "Cooldown": {
      "Link": "Mole/Revive",
      "Location": "Unit"
    }
  },
  "InnerRadiusSafetyMultiplier": 1,
  "ArmorType": "Unknown",
  "Collide": [
    "Burrow",
    "RoachBurrow"
  ],
  "Attributes": [
    "Mechanical"
  ],
  "LifeArmor": 0,
  "ScoreResult": "BuildOrder",
  "GlossaryAlias": "",
  "PlaneArray": [
    "Ground"
  ],
  "Sight": 9,
  "AttackTargetPriority": 20,
  "GlossaryCategory": "",
  "HotkeyCategory": "Unit/Category/GenetronUnits",
  "ScoreMakeCostFactor": {
    "Minerals": 1,
    "Vespene": 1
  },
  "ScoreKillCostFactor": {
    "Minerals": 1,
    "Vespene": 1
  },
  "Speed": 0,
  "Acceleration": 1000,
  "CostCategory": "Army",
  "CardLayouts": [
    {
      "LayoutButtons": [
        {
          "Face": "Attack",
          "Type": "AbilCmd",
          "AbilCmd": "attack,Execute",
          "Row": 0,
          "Column": 4
        },
        {
          "Face": "Stop",
          "Type": "AbilCmd",
          "AbilCmd": "stop,Stop",
          "Row": 0,
          "Column": 1
        },
        {
          "Face": "MobilizeCannon",
          "Type": "AbilCmd",
          "AbilCmd": "MoleDeactivate,Execute",
          "Row": 2,
          "Column": 1
        },
        {
          "Face": "SubterraneanSensors",
          "Type": "Passive",
          "AbilCmd": "",
          "Row": 2,
          "Column": 2,
          "Requirements": "SubterraneanSensorsButton",
          "ShowInGlossary": 0
        },
        {
          "Face": "Turn",
          "Type": "AbilCmd",
          "AbilCmd": "MoleTurnTurret,Execute",
          "Row": 1,
          "Column": 4
        },
        {
          "Face": "MoleReveal",
          "Type": "AbilCmd",
          "AbilCmd": "MoleUnbury,Execute",
          "Row": 2,
          "Column": 4
        },
        {
          "Face": "SubterraneanSensors",
          "Type": "Passive",
          "Requirements": "SubterraneanSensorsButton",
          "ShowInGlossary": 0,
          "Row": 2,
          "Column": 2
        }
      ]
    }
  ],
  "CargoSize": 0,
  "Food": -3,
  "CostResource": {
    "Minerals": 150,
    "Vespene": 100
  },
  "RepairTime": 35,
  "TurretArray": [],
  "InnerRadius": 0.5,
  "SubgroupPriority": 45,
  "AIEvalConstant": 1,
  "TechAliasArray": [
    "Alias_Mole"
  ],
  "EquipmentArray": [],
  "GlossaryPriority": 8,
  "GlossaryStrongArray": [
    "Inciter",
    "Immortal",
    "Roach",
    "SiegeTankSieged"
  ],
  "GlossaryWeakArray": [
    "Spitfire",
    "Adept",
    "Marine",
    "Zergling"
  ],
  "KillDisplay": "Always",
  "Icon": "btn-unit-genetron-mole",
  "LifeArmorIcon": "btn-upgrade-genetron-groundmechplating-level0",
  "ShieldArmorIcon": "btn-upgrade-protoss-shieldslevel0",
  "Id": "MoleBuried",
  "Weapons": [
    {
      "Link": "LynxCannon",
      "Turret": "MoleTurret",
      "Id": "LynxCannon",
      "Icon": "btn-upgrade-genetron-heavymechweapons-level0",
      "Name": "Lynx Cannon",
      "Amount": 36,
      "AttributeBonus": {
        "Armored": 12
      },
      "Kind": "Ranged",
      "TargetFilters": "Ground",
      "Range": 13,
      "Period": 1.652
    }
  ],
  "Behaviors": [
    {
      "Link": "MoleBurrowed",
      "Id": "MoleBurrowed"
    },
    {
      "Link": "MoleBuried",
      "Id": "MoleBuried"
    }
  ],
  "Upgrades": [],
  "Abilities": [
    {
      "Link": "stop",
      "Id": "stop",
      "Name": "Stop"
    },
    {
      "Link": "attack",
      "Id": "attack",
      "Name": "Attack"
    },
    {
      "Link": "MoleDeactivate",
      "Id": "MoleDeactivate",
      "Name": "MoleDeactivate"
    },
    {
      "Link": "MoleUnbury",
      "Id": "MoleUnbury",
      "Name": "MoleUnbury"
    },
    {
      "Link": "MoleTurnTurret",
      "Id": "MoleTurnTurret",
      "Name": "MoleTurnTurret"
    }
  ],
  "Requirements": [],
  "Production": [],
  "Producers": [],
  "Commands": [
    {
      "Id": "Attack",
      "Icon": "btn-command-attack",
      "Tooltip": "Orders selected units to move to the target point, fighting nearby enemies along the way. Targeting a unit with the Attack command orders that it be attacked until it is destroyed.",
      "Name": "Attack",
      "AbilCmd": "attack,Execute"
    },
    {
      "Id": "Stop",
      "Icon": "btn-command-stop",
      "Tooltip": "Orders selected units to cancel all orders and stop moving.",
      "Name": "Stop",
      "AbilCmd": "stop,Stop"
    },
    {
      "Id": "MobilizeCannon",
      "Icon": "btn-ability-terran-deactivatemine",
      "Tooltip": "Mobilizes the <span style=\"color: #FFFF80\">Mole</span>, disallowing usage of its cannon.",
      "Name": "Mobilize Cannon",
      "AbilCmd": "MoleDeactivate,Execute"
    },
    {
      "Id": "Turn",
      "Icon": "btn-command-move",
      "Tooltip": "Orders selected units to turn toward the target area or unit.",
      "Name": "Turn",
      "AbilCmd": "MoleTurnTurret,Execute"
    },
    {
      "Id": "MoleReveal",
      "Icon": "btn-ability-genetron-ambush",
      "Tooltip": "Returns the Mole's cannon to the surface.",
      "Name": "Reveal",
      "AbilCmd": "MoleUnbury,Execute"
    }
  ]
}