{
  "Name": "Mole",
  "Description": "Deployable artillery cannon.<br/><br/><span style=\"color: #FFFF80\">Can attack ground units.</span>",
  "DeathRevealFilters": "Visible;Player,Ally,Neutral,Missile,Dead,Hidden",
  "DeathRevealRadius": 3,
  "DeathRevealDuration": 4,
  "DeathRevealType": "Snapshot",
  "Race": "Gen",
  "DefaultAcquireLevel": "Offensive",
  "Response": "Acquire",
  "ResourceState": "Unknown",
  "ResourceType": "Unknown",
  "LifeStart": 150,
  "LifeMax": 150,
  "LifeArmorName": "Ground Mechanical Plating",
  "Mover": "Ground",
  "StationaryTurningRate": 990,
  "TurningRate": 360,
  "Radius": 0.75,
  "SeparationRadius": 0.5,
  "MinimapRadius": 0.8125,
  "EditorCategories": {
    "ObjectType": "Unit",
    "ObjectFamily": "Melee"
  },
  "TacticalAIFilters": "-;Player,Ally,Neutral",
  "AIEvalFactor": 1,
  "Mass": 0.4,
  "FlagArray": [
    "Turnable",
    "Movable",
    "Unclickable",
    "Unhighlightable",
    "Untooltipable",
    "KillCredit",
    "ShowResources",
    "ClearRallyOnTargetLost",
    "PlayerRevivable",
    "CameraFollow",
    "PreventDestroy",
    "UseLineOfSight",
    "ArmySelect",
    "AlwaysThreatens",
    "AISupport",
    "AIPressForwardDisabled"
  ],
  "EditorFlags": [
    "BlockStructures"
  ],
  "PushPriority": 10,
  "LeaderAlias": "Mole",
  "HotkeyAlias": "Mole",
  "SelectAlias": "Mole",
  "SubgroupAlias": "Mole",
  "OccludeHeight": 0.75,
  "TacticalAI": "Mole",
  "AIEvaluateAlias": "Mole",
  "ReviveType": "Mole",
  "PawnItemReduction": 1,
  "Fidget": {
    "DelayMax": 30,
    "DelayMin": 10,
    "DistanceMax": 4,
    "DistanceMin": 1,
    "TurnAngle": 90,
    "TurningRate": 90,
    "ChanceArray": {
      "Idle": 100
    }
  },
  "ReviveInfoBase": {
    "Charge": {
      "Link": "Mole/Revive",
      "Location": "Unit"
    },
    "Cooldown": {
      "Link": "Mole/Revive",
      "Location": "Unit"
    }
  },
  "InnerRadiusSafetyMultiplier": 1,
  "ArmorType": "Unknown",
  "Collide": [
    "Ground",
    "ForceField"
  ],
  "Attributes": [
    "Mechanical"
  ],
  "LifeArmor": 0,
  "ScoreResult": "BuildOrder",
  "GlossaryAlias": "Mole",
  "PlaneArray": [
    "Ground"
  ],
  "Sight": 9,
  "AttackTargetPriority": 20,
  "GlossaryCategory": "Unit/Category/GenetronUnits",
  "HotkeyCategory": "Unit/Category/GenetronUnits",
  "ScoreMakeCostFactor": {
    "Minerals": 1,
    "Vespene": 1
  },
  "ScoreKillCostFactor": {
    "Minerals": 1,
    "Vespene": 1
  },
  "Speed": 2.25,
  "Acceleration": 1000,
  "CostCategory": "Army",
  "CardLayouts": [
    {
      "LayoutButtons": [
        {
          "Face": "MovePatrol",
          "Type": "AbilCmd",
          "AbilCmd": "move,Patrol",
          "Row": 0,
          "Column": 3
        },
        {
          "Face": "MoveHoldPosition",
          "Type": "AbilCmd",
          "AbilCmd": "move,HoldPos",
          "Row": 0,
          "Column": 2
        },
        {
          "Face": "Attack",
          "Type": "AbilCmd",
          "AbilCmd": "attack,Execute",
          "Row": 0,
          "Column": 4
        },
        {
          "Face": "Stop",
          "Type": "AbilCmd",
          "AbilCmd": "stop,Stop",
          "Row": 0,
          "Column": 1
        },
        {
          "Face": "Move",
          "Type": "AbilCmd",
          "AbilCmd": "move,Move",
          "Row": 0,
          "Column": 0
        },
        {
          "Face": "AcquireMove",
          "Type": "AbilCmd",
          "AbilCmd": "move,AcquireMove",
          "Row": 0,
          "Column": 4
        },
        {
          "Face": "DeployCannon",
          "Type": "AbilCmd",
          "AbilCmd": "MoleActivate,Execute",
          "Row": 2,
          "Column": 0
        },
        {
          "Face": "SubterraneanSensors",
          "Type": "Passive",
          "Requirements": "SubterraneanSensorsButton",
          "ShowInGlossary": 0,
          "Row": 2,
          "Column": 2
        }
      ]
    }
  ],
  "CargoSize": 4,
  "Food": -3,
  "CostResource": {
    "Minerals": 150,
    "Vespene": 100
  },
  "RepairTime": 42,
  "TurretArray": [
    "Hellion"
  ],
  "InnerRadius": 0.5,
  "SubgroupPriority": 45,
  "AIEvalConstant": 1,
  "TechAliasArray": [
    "Alias_Mole"
  ],
  "EquipmentArray": [
    {
      "Weapon": "LynxCannon"
    }
  ],
  "GlossaryPriority": 8,
  "GlossaryStrongArray": [
    "Inciter",
    "Immortal",
    "Roach",
    "SiegeTankSieged"
  ],
  "GlossaryWeakArray": [
    "Spitfire",
    "Adept",
    "Marine",
    "Zergling"
  ],
  "KillDisplay": "Always",
  "Icon": "btn-unit-genetron-mole",
  "LifeArmorIcon": "btn-upgrade-genetron-groundmechplating-level0",
  "ShieldArmorIcon": "btn-upgrade-protoss-shieldslevel0",
  "Id": "Mole",
  "Upgrades": [
    {
      "Link": "GenetronGroundPlating",
      "Id": "GenetronGroundPlating",
      "Name": "Genetron Ground Plating"
    },
    {
      "Link": "GenetronHeavyWeapons",
      "Id": "GenetronHeavyWeapons",
      "Name": "Genetron Heavy Weapons"
    },
    {
      "Link": "GenetronGroundPlatingLevel1",
      "Id": "GenetronGroundPlatingLevel1",
      "Icon": "btn-upgrade-genetron-groundmechplating-level1",
      "Name": "Genetron Ground Plating Level 1"
    },
    {
      "Link": "GenetronGroundPlatingLevel2",
      "Id": "GenetronGroundPlatingLevel2",
      "Icon": "btn-upgrade-genetron-groundmechplating-level2",
      "Name": "Genetron Ground Plating Level 2"
    },
    {
      "Link": "GenetronGroundPlatingLevel3",
      "Id": "GenetronGroundPlatingLevel3",
      "Icon": "btn-upgrade-genetron-groundmechplating-level3",
      "Name": "Genetron Ground Plating Level 3"
    },
    {
      "Link": "GenetronHeavyWeaponsLevel1",
      "Id": "GenetronHeavyWeaponsLevel1",
      "Icon": "btn-upgrade-genetron-heavymechweapons-level1",
      "Name": "Genetron Heavy Weapons Level 1"
    },
    {
      "Link": "GenetronHeavyWeaponsLevel2",
      "Id": "GenetronHeavyWeaponsLevel2",
      "Icon": "btn-upgrade-genetron-heavymechweapons-level2",
      "Name": "Genetron Heavy Weapons Level 2"
    },
    {
      "Link": "GenetronHeavyWeaponsLevel3",
      "Id": "GenetronHeavyWeaponsLevel3",
      "Icon": "btn-upgrade-genetron-heavymechweapons-level3",
      "Name": "Genetron Heavy Weapons Level 3"
    },
    {
      "Link": "SubterraneanSensors",
      "Id": "SubterraneanSensors",
      "Icon": "btn-upgrade-terran-nova-detector",
      "Name": "Subterranean Sensors"
    }
  ],
  "Abilities": [
    {
      "Link": "move",
      "Id": "move",
      "Name": "Move"
    },
    {
      "Link": "stop",
      "Id": "stop",
      "Name": "Stop"
    },
    {
      "Link": "MoleActivate",
      "Id": "MoleActivate",
      "Name": "MoleActivate"
    }
  ],
  "Requirements": [],
  "Production": [],
  "Producers": [
    {
      "Id": "Fabricator",
      "Icon": "btn-building-genetron-fabricator",
      "Description": "Produces heavy machines.<br/><br/><span style=\"color: #FFFF80\">Enables:</span><br/>- Torrents<br/>- Moles",
      "Name": "Fabricator"
    }
  ],
  "Commands": [
    {
      "Id": "MovePatrol",
      "Icon": "btn-command-patrol",
      "Tooltip": "Orders selected units to patrol between their current position and the target area. Units will attack enemies and move to engage nearby enemies.",
      "Name": "Patrol",
      "AbilCmd": "move,Patrol"
    },
    {
      "Id": "MoveHoldPosition",
      "Icon": "btn-command-holdposition",
      "Tooltip": "Orders selected units to stay where they are and attack enemies that are within range. Units will neither chase down enemies nor move to engage.",
      "Name": "Hold Position",
      "AbilCmd": "move,HoldPos"
    },
    {
      "Id": "Attack",
      "Icon": "btn-command-attack",
      "Tooltip": "Orders selected units to move to the target point, fighting nearby enemies along the way. Targeting a unit with the Attack command orders that it be attacked until it is destroyed.",
      "Name": "Attack",
      "AbilCmd": "attack,Execute"
    },
    {
      "Id": "Stop",
      "Icon": "btn-command-stop",
      "Tooltip": "Orders selected units to cancel all orders and stop moving.",
      "Name": "Stop",
      "AbilCmd": "stop,Stop"
    },
    {
      "Id": "Move",
      "Icon": "btn-command-move",
      "Tooltip": "Orders selected units to move to the target area or follow the target unit. Moving units will not engage enemies.",
      "Name": "Move",
      "AbilCmd": "move,Move"
    },
    {
      "Id": "AcquireMove",
      "Icon": "btn-command-attack",
      "Tooltip": "Orders selected units to move to the target area or follow the target unit. Scan-moving units will not engage enemies.",
      "Name": "Scan Move",
      "AbilCmd": "move,AcquireMove"
    },
    {
      "Id": "DeployCannon",
      "Icon": "btn-ability-terran-activatemine",
      "Tooltip": "Deploys the <span style=\"color: #FFFF80\">Mole</span>, rooting it into the ground, and allowing the use of its cannon.",
      "Name": "Deploy Cannon",
      "AbilCmd": "MoleActivate,Execute"
    }
  ]
}