{
  "Name": "Mothership Core",
  "Description": "Mobile flying caster. Can use Photon Overcharge, Mass Recall, and Time Warp abilities. Can upgrade into the Mothership.<br/><br/><c val=\"#ColorAttackInfo\">Can attack ground units.</span>",
  "DeathRevealFilters": "Visible;Player,Ally,Neutral,Missile,Dead,Hidden",
  "DeathRevealRadius": 3,
  "DeathRevealDuration": 4,
  "DeathRevealType": "Snapshot",
  "Race": "Prot",
  "DefaultAcquireLevel": "Offensive",
  "Response": "Acquire",
  "ResourceState": "Unknown",
  "ResourceType": "Unknown",
  "LifeStart": 130,
  "LifeMax": 130,
  "LifeArmorName": "Protoss Armor",
  "Mover": "Fly",
  "StationaryTurningRate": 999.8437,
  "TurningRate": 999.8437,
  "Radius": 1,
  "SeparationRadius": 1,
  "MinimapRadius": 1,
  "EditorCategories": {
    "ObjectType": "Unit",
    "ObjectFamily": "Melee"
  },
  "TacticalAIFilters": "-;Player,Ally,Neutral",
  "AIEvalFactor": 0.8,
  "Mass": 0.4,
  "FlagArray": [
    "Movable",
    "Unclickable",
    "Unhighlightable",
    "Untooltipable",
    "KillCredit",
    "ShowResources",
    "ClearRallyOnTargetLost",
    "PlayerRevivable",
    "CameraFollow",
    "PreventDestroy",
    "UseLineOfSight",
    "AIHighPrioTarget",
    "AICaster",
    "AISupport",
    "ArmySelect"
  ],
  "EditorFlags": [
    "BlockStructures"
  ],
  "PushPriority": 10,
  "LeaderAlias": "MothershipCore",
  "HotkeyAlias": "MothershipCore",
  "SelectAlias": "MothershipCore",
  "SubgroupAlias": "MothershipCore",
  "OccludeHeight": 0.75,
  "TacticalAI": "MothershipCore",
  "AIEvaluateAlias": "MothershipCore",
  "ReviveType": "MothershipCore",
  "PawnItemReduction": 1,
  "Fidget": {
    "DelayMax": 30,
    "DelayMin": 10,
    "DistanceMax": 4,
    "DistanceMin": 1,
    "TurnAngle": 90,
    "TurningRate": 90,
    "ChanceArray": {
      "Idle": 100
    }
  },
  "ReviveInfoBase": {
    "Charge": {
      "Link": "MothershipCore/Revive",
      "Location": "Unit"
    },
    "Cooldown": {
      "Link": "MothershipCore/Revive",
      "Location": "Unit"
    }
  },
  "InnerRadiusSafetyMultiplier": 1,
  "ArmorType": "Unknown",
  "Facing": 45,
  "Mob": "Multiplayer",
  "PlaneArray": [
    "Air"
  ],
  "Collide": [
    "Flying"
  ],
  "Attributes": [
    "Armored",
    "Mechanical",
    "Psionic"
  ],
  "LifeArmor": 1,
  "EnergyStart": 50,
  "EnergyMax": 200,
  "EnergyRegenRate": 0.5625,
  "ShieldsStart": 60,
  "ShieldsMax": 60,
  "ShieldRegenDelay": 10,
  "ShieldRegenRate": 2,
  "ShieldArmorName": "Protoss Plasma Shields",
  "Speed": 1.875,
  "Acceleration": 1.0625,
  "LateralAcceleration": 46.0625,
  "Sight": 9,
  "Height": 3,
  "VisionHeight": 4,
  "CostCategory": "Army",
  "CostResource": {
    "Minerals": 100,
    "Vespene": 100
  },
  "AttackTargetPriority": 20,
  "DamageDealtXP": 1,
  "DamageTakenXP": 1,
  "KillXP": 50,
  "CardLayouts": [
    {
      "LayoutButtons": [
        {
          "Face": "Move",
          "Type": "AbilCmd",
          "AbilCmd": "move,Move",
          "Row": 0,
          "Column": 0
        },
        {
          "Face": "Stop",
          "Type": "AbilCmd",
          "AbilCmd": "stop,Stop",
          "Row": 0,
          "Column": 1
        },
        {
          "Face": "MoveHoldPosition",
          "Type": "AbilCmd",
          "AbilCmd": "move,HoldPos",
          "Row": 0,
          "Column": 2
        },
        {
          "Face": "MovePatrol",
          "Type": "AbilCmd",
          "AbilCmd": "move,Patrol",
          "Row": 0,
          "Column": 3
        },
        {
          "Face": "MothershipCoreAttack",
          "Type": "AbilCmd",
          "AbilCmd": "attack,Execute",
          "Row": 0,
          "Column": 4
        },
        {
          "Face": "MothershipCoreWeapon",
          "Type": "AbilCmd",
          "AbilCmd": "MothershipCorePurifyNexus,Execute",
          "Row": 2,
          "Column": 0
        },
        {
          "Face": "MothershipCoreMassRecall",
          "Type": "AbilCmd",
          "AbilCmd": "MothershipCoreMassRecall,Execute",
          "Row": 2,
          "Column": 1
        },
        {
          "Face": "CancelUpgradeMorph",
          "Type": "AbilCmd",
          "AbilCmd": "MorphToMothership,Cancel",
          "Row": 2,
          "Column": 4
        },
        {
          "Face": "Cancel",
          "Type": "AbilCmd",
          "AbilCmd": "MothershipCoreEnergize,Cancel",
          "Row": 2,
          "Column": 4
        },
        {
          "Face": "MorphToMothership",
          "Type": "AbilCmd",
          "AbilCmd": "MorphToMothership,Execute",
          "Row": 1,
          "Column": 0
        },
        {
          "Face": "Cancel",
          "Type": "AbilCmd",
          "AbilCmd": "MothershipCorePurifyNexusCancel,Execute",
          "Row": 2,
          "Column": 4
        },
        {
          "Face": "TemporalField",
          "Type": "AbilCmd",
          "AbilCmd": "TemporalField,Execute",
          "Row": 2,
          "Column": 2
        }
      ]
    }
  ],
  "ScoreMake": 200,
  "ScoreKill": 200,
  "ScoreResult": "BuildOrder",
  "SubgroupPriority": 90,
  "TacticalAIThink": "AIThinkMothershipCore",
  "GlossaryCategory": "",
  "GlossaryPriority": 190,
  "HotkeyCategory": "",
  "Food": -2,
  "GlossaryStrongArray": [
    "WidowMine",
    "Zergling",
    "Zealot"
  ],
  "GlossaryWeakArray": [
    "VikingFighter",
    "Mutalisk",
    "Phoenix"
  ],
  "Icon": "btn-unit-protoss-mothershipcore",
  "LifeArmorIcon": "btn-upgrade-protoss-airarmorlevel0",
  "ShieldArmorIcon": "btn-upgrade-protoss-shieldslevel0",
  "Id": "MothershipCore",
  "Weapons": [
    {
      "Link": "RepulsorCannon",
      "Turret": "MothershipCoreTurret",
      "Id": "RepulsorCannon",
      "Icon": "btn-upgrade-protoss-airweaponslevel0",
      "Name": "Repulsor Cannon",
      "Amount": 8,
      "Kind": "Ranged",
      "TargetFilters": "Ground",
      "Range": 5,
      "Period": 0.85
    }
  ],
  "Behaviors": [],
  "Upgrades": [],
  "Abilities": [
    {
      "Link": "MothershipCoreMassRecall",
      "Id": "MothershipCoreMassRecall",
      "Name": "Mothership Core Mass Recall"
    },
    {
      "Link": "TemporalField",
      "Id": "TemporalField",
      "Name": "Time Warp"
    },
    {
      "Link": "MorphToMothership",
      "Id": "MorphToMothership",
      "Name": "Morph To Mothership"
    },
    {
      "Link": "move",
      "Id": "move",
      "Name": "Move"
    },
    {
      "Link": "stop",
      "Id": "stop",
      "Name": "Stop"
    },
    {
      "Link": "attack",
      "Id": "attack",
      "Name": "Attack"
    },
    {
      "Link": "MothershipCorePurifyNexus",
      "Id": "MothershipCorePurifyNexus",
      "Name": "Mothership Core - Purify Nexus"
    }
  ],
  "Requirements": [],
  "Production": [],
  "Producers": [],
  "Commands": [
    {
      "Id": "Move",
      "Icon": "btn-command-move",
      "Tooltip": "Orders selected units to move to the target area or follow the target unit. Moving units will not engage enemies.",
      "Name": "Move",
      "AbilCmd": "move,Move"
    },
    {
      "Id": "Stop",
      "Icon": "btn-command-stop",
      "Tooltip": "Orders selected units to cancel all orders and stop moving.",
      "Name": "Stop",
      "AbilCmd": "stop,Stop"
    },
    {
      "Id": "MoveHoldPosition",
      "Icon": "btn-command-holdposition",
      "Tooltip": "Orders selected units to stay where they are and attack enemies that are within range. Units will neither chase down enemies nor move to engage.",
      "Name": "Hold Position",
      "AbilCmd": "move,HoldPos"
    },
    {
      "Id": "MovePatrol",
      "Icon": "btn-command-patrol",
      "Tooltip": "Orders selected units to patrol between their current position and the target area. Units will attack enemies and move to engage nearby enemies.",
      "Name": "Patrol",
      "AbilCmd": "move,Patrol"
    },
    {
      "Id": "MothershipCoreAttack",
      "Icon": "btn-command-attack",
      "Tooltip": "Orders selected units to move to the target point, fighting nearby enemies along the way. Targeting a unit with the Attack command orders that it be attacked until it is destroyed.",
      "Name": "Attack",
      "AbilCmd": "attack,Execute"
    },
    {
      "Id": "MothershipCoreWeapon",
      "Icon": "btn-ability-protoss-purify",
      "Tooltip": "Energizes the target Pylon's khaydarin crystal, turning it into a powerful long-range weapon for <b>20</b> seconds that deals <b>30</b> damage.",
      "Name": "Photon Overcharge",
      "AbilCmd": "MothershipCorePurifyNexus,Execute"
    },
    {
      "Id": "MothershipCoreMassRecall",
      "Icon": "btn-ability-protoss-massrecall",
      "Tooltip": "Teleports the Mothership Core and all nearby units owned by the player to the targeted Nexus.",
      "Name": "Mass Recall",
      "AbilCmd": "MothershipCoreMassRecall,Execute"
    },
    {
      "Id": "CancelUpgradeMorph",
      "Icon": "btn-command-cancel",
      "Tooltip": "Cancels the upgrade order, returning the structure to its original state.",
      "Name": "Cancel",
      "AbilCmd": "MorphToMothership,Cancel"
    },
    {
      "Id": "Cancel",
      "Icon": "btn-command-cancel",
      "Tooltip": "Drops the current order without performing it, and allows you to select a different order.",
      "Name": "Cancel",
      "AbilCmd": "MothershipCoreEnergize,Cancel"
    },
    {
      "Id": "MorphToMothership",
      "Icon": "btn-unit-protoss-mothership",
      "Tooltip": "Upgrades into the Mothership. Can use Photon Overcharge, Mass Recall and Time Warp. Cloaks nearby units and structures.",
      "Name": "Upgrade to Mothership",
      "AbilCmd": "MorphToMothership,Execute"
    },
    {
      "Id": "Cancel",
      "Icon": "btn-command-cancel",
      "Tooltip": "Drops the current order without performing it, and allows you to select a different order.",
      "Name": "Cancel",
      "AbilCmd": "MothershipCorePurifyNexusCancel,Execute"
    },
    {
      "Id": "TemporalField",
      "Icon": "btn-ability-protoss-timewarp-red",
      "Tooltip": "After a <b>3</b> second delay, warps spacetime within the target area for <b>10</b> seconds. All enemy units and structures within the field will have attack and movement speeds reduced by <b>50</b>%.",
      "Name": "Time Warp",
      "AbilCmd": "TemporalField,Execute"
    }
  ]
}