{
  "Name": "Munitions Factory",
  "Description": "Vehicle support structure. Provides equipment authorizations for basic vehicles.<br/><br/><span style=\"color: #ffff8a\">Enables:</span><br/>- Crimson Eyes<br/>- Sentinel MBT<br/>- Typhoon LMT",
  "DeathRevealFilters": "Visible;Player,Ally,Neutral,Missile,Dead,Hidden",
  "DeathRevealRadius": 3,
  "DeathRevealDuration": 4,
  "DeathRevealType": "Snapshot",
  "Race": "UED",
  "DefaultAcquireLevel": "Offensive",
  "Response": "Acquire",
  "ResourceState": "Unknown",
  "ResourceType": "Unknown",
  "LifeStart": 1100,
  "LifeMax": 1100,
  "LifeArmorName": "UED Adaptive Staballoy Plating",
  "Mover": "Ground",
  "StationaryTurningRate": 719.4726,
  "TurningRate": 719.4726,
  "Radius": 2.25,
  "SeparationRadius": 1.5,
  "MinimapRadius": 1.75,
  "EditorCategories": {
    "ObjectType": "Structure",
    "ObjectFamily": "Melee"
  },
  "TacticalAIFilters": "-;Player,Ally,Neutral",
  "AIEvalFactor": 1,
  "Mass": 0.4,
  "FlagArray": [
    "Movable",
    "Unclickable",
    "Unhighlightable",
    "Untooltipable",
    "KillCredit",
    "ShowResources",
    "ClearRallyOnTargetLost",
    "PlayerRevivable",
    "CameraFollow",
    "PreventDefeat",
    "PreventDestroy",
    "PenaltyRevealed",
    "UseLineOfSight",
    "TownAlert",
    "NoPortraitTalk",
    "ArmorDisabledWhileConstructing"
  ],
  "EditorFlags": [
    "BlockStructures"
  ],
  "PushPriority": 10,
  "LeaderAlias": "MunitionsFactory",
  "HotkeyAlias": "MunitionsFactory",
  "SelectAlias": "MunitionsFactory",
  "SubgroupAlias": "MunitionsFactory",
  "OccludeHeight": 0.75,
  "TacticalAI": "MunitionsFactory",
  "AIEvaluateAlias": "MunitionsFactory",
  "ReviveType": "MunitionsFactory",
  "PawnItemReduction": 1,
  "Fidget": {
    "DelayMax": 30,
    "DelayMin": 10,
    "DistanceMax": 4,
    "DistanceMin": 1,
    "TurnAngle": 90,
    "TurningRate": 90,
    "ChanceArray": {
      "Idle": 100
    }
  },
  "ReviveInfoBase": {
    "Charge": {
      "Link": "MunitionsFactory/Revive",
      "Location": "Unit"
    },
    "Cooldown": {
      "Link": "MunitionsFactory/Revive",
      "Location": "Unit"
    }
  },
  "InnerRadiusSafetyMultiplier": 1,
  "ArmorType": "Unknown",
  "Mob": "Multiplayer",
  "FogVisibility": "Snapshot",
  "PlaneArray": [
    "Ground"
  ],
  "Collide": [
    "Burrow",
    "Ground",
    "Structure",
    "RoachBurrow",
    "ForceField",
    "Locust",
    "Phased",
    "Small"
  ],
  "Attributes": [
    "Armored",
    "Mechanical",
    "Structure"
  ],
  "LifeArmor": 1,
  "Sight": 9,
  "CostCategory": "Technology",
  "CostResource": {
    "Minerals": 150,
    "Vespene": 100
  },
  "RepairTime": 65,
  "AttackTargetPriority": 11,
  "CardLayouts": [
    {
      "LayoutButtons": [
        {
          "Face": "Cancel",
          "Type": "AbilCmd",
          "AbilCmd": "que5,CancelLast",
          "Row": 2,
          "Column": 4
        },
        {
          "Face": "CancelBuilding",
          "Type": "AbilCmd",
          "AbilCmd": "BuildInProgress,Cancel",
          "Row": 2,
          "Column": 4
        },
        {
          "Face": "AuthorizeSalvoFiringPatterns",
          "Type": "AbilCmd",
          "AbilCmd": "ArmoryResearch2,Research4",
          "Row": 0,
          "Column": 0
        },
        {
          "Face": "EngineSurchargeProtocols",
          "Type": "AbilCmd",
          "AbilCmd": "MilitaryResearchStationResearch,Research2",
          "Row": 0,
          "Column": 1
        },
        {
          "Face": "AuthorizeTandemReactiveArmor",
          "Type": "AbilCmd",
          "AbilCmd": "MilitaryResearchStationResearch,Research9",
          "Row": 0,
          "Column": 2
        },
        {
          "Face": "UEDVehicalsLevel1",
          "Type": "AbilCmd",
          "AbilCmd": "MilitaryResearchStationResearch,Research4",
          "Row": 0,
          "Column": 4
        },
        {
          "Face": "UEDVehicalsLevel2",
          "Type": "AbilCmd",
          "AbilCmd": "MilitaryResearchStationResearch,Research5",
          "Row": 0,
          "Column": 4
        },
        {
          "Face": "UEDVehicalsLevel3",
          "Type": "AbilCmd",
          "AbilCmd": "MilitaryResearchStationResearch,Research6",
          "Row": 0,
          "Column": 4
        }
      ]
    }
  ],
  "Footprint": "Footprint4x4UED",
  "PlacementFootprint": "Footprint4x4",
  "ScoreMake": 250,
  "ScoreKill": 250,
  "ScoreResult": "BuildOrder",
  "SubgroupPriority": 16,
  "GlossaryPriority": 326,
  "HotkeyCategory": "Unit/Category/UEDUnits",
  "TechTreeUnlockedUnitArray": [
    "Thor",
    "HellionTank"
  ],
  "Facing": 315,
  "Icon": "btn-ued-munitions-factory",
  "LifeArmorIcon": "btn-upgrade-stetmann-mechagroundplating-level1",
  "ShieldArmorIcon": "btn-upgrade-protoss-shieldslevel0",
  "Id": "MunitionsFactory",
  "Behaviors": [
    {
      "Link": "UEDConstructionVisionDebuff",
      "Id": "UEDConstructionVisionDebuff"
    }
  ],
  "Upgrades": [],
  "Abilities": [
    {
      "Link": "BuildInProgress",
      "Id": "BuildInProgress",
      "Name": "Build in Progress"
    },
    {
      "Link": "que5",
      "Id": "que5",
      "Name": "Queue (5)"
    },
    {
      "Link": "ArmoryResearch2",
      "Id": "ArmoryResearch2"
    },
    {
      "Link": "MilitaryResearchStationResearch",
      "Id": "MilitaryResearchStationResearch",
      "Name": "Research (MilitaryResearchStation)"
    }
  ],
  "Requirements": [
    {
      "Id": "TacticsAcademy",
      "Icon": "btn-structure-ued-sciencefacility",
      "Description": "Infantry support structure. Provides equipment authorizations and unlocks research projects that enhance all infantry units.<br/><br/><span style=\"color: #ffff8a\">Enables:</span><br/>- Taranises<br/>- Lazaruses<br/>- Drakkar APCs<br/>- Defense Towers",
      "Name": "Tactics Academy"
    }
  ],
  "Production": [
    {
      "Id": "SalvoFiringPattern",
      "Icon": "btn-ability-hornerhan-viking-missileupgrade",
      "Name": "Salvo Firing Pattern"
    },
    {
      "Id": "UpgradeEnergeCrimsonEye",
      "Icon": "btn-upgrade-tychus-ghost-persuader",
      "Name": "Additional battery"
    },
    {
      "Id": "TandemReactiveArmor",
      "Icon": "btn-upgrade-stetmann-mechagroundplating-level2",
      "Name": "Tandem Reactive Armor"
    },
    {
      "Id": "UEDVehicalsLevel1",
      "Name": "Heavy Weaponry Targeting Adjustment, level 1"
    },
    {
      "Id": "UEDVehicalsLevel2",
      "Name": "Heavy Weaponry Targeting Adjustment, level 2"
    },
    {
      "Id": "UEDVehicalsLevel3",
      "Name": "Heavy Weaponry Targeting Adjustment, level 3"
    }
  ],
  "Producers": [
    {
      "Id": "BeaconUED",
      "Icon": "btn-unit-terran-nova-shredder",
      "Description": "UED engineering vehicle. Can be deployed at a specified site in order to calldown Operation Headquarters from orbit.",
      "Name": "UED Beacon"
    },
    {
      "Id": "OperationHeadquarters",
      "Icon": "btn-structure-ued-biodome",
      "Description": "Primary structure. Used to receive gathered resources. Capable of deploying all UED structures aside from additional Operation Headquarters.<br/><br/><span style=\"color: #ffff8a\">Enables:</span><br/>- Salvagers<br/>- Beacons",
      "Name": "Operation Headquarters"
    }
  ],
  "Commands": [
    {
      "Id": "Cancel",
      "Icon": "btn-command-cancel",
      "Tooltip": "Drops the current order without performing it, and allows you to select a different order.",
      "Name": "Cancel",
      "AbilCmd": "que5,CancelLast"
    },
    {
      "Id": "CancelBuilding",
      "Icon": "btn-command-cancel",
      "Tooltip": "Cancels construction of this structure, destroying the structure and giving a partial refund.",
      "Name": "Cancel",
      "AbilCmd": "BuildInProgress,Cancel"
    },
    {
      "Id": "AuthorizeSalvoFiringPatterns",
      "Icon": "btn-ability-hornerhan-viking-missileupgrade",
      "Tooltip": "New firing protocols for <span style=\"color: #FFFF80\">Typhoon LRT</span> allow it to fire 2 additional missiles per salvo.",
      "Name": "Authorize Salvo Firing Patterns",
      "AbilCmd": "ArmoryResearch2,Research4"
    },
    {
      "Id": "EngineSurchargeProtocols",
      "Icon": "btn-upgrade-tychus-ghost-persuader",
      "Tooltip": "+25 to the maximum and starting amount of energy <span style=\"color: #FFFF80\">Crimson Eye</span>.<br/>",
      "Name": "Authorize Protocols: Additional battery ",
      "AbilCmd": "MilitaryResearchStationResearch,Research2"
    },
    {
      "Id": "AuthorizeTandemReactiveArmor",
      "Icon": "btn-upgrade-stetmann-mechagroundplating-level2",
      "Tooltip": "The second layer of dynamic protection increases the maximum health reserve <span style=\"color: #FFFF80\">Napoleon MBT</span> by 60 units.",
      "Name": "Authorize Tandem Reactive Armor",
      "AbilCmd": "MilitaryResearchStationResearch,Research9"
    },
    {
      "Id": "UEDVehicalsLevel1",
      "Tooltip": "Increases <span style=\"color: #ffff8a\">damage</span> from weapons of all equipment and all starships of the Directorate.",
      "Name": "Research Heavy Weaponry Targeting Adjustment, Level 1",
      "AbilCmd": "MilitaryResearchStationResearch,Research4"
    },
    {
      "Id": "UEDVehicalsLevel2",
      "Tooltip": "Increases <span style=\"color: #ffff8a\">damage</span> from weapons of all equipment and all starships of the Directorate.",
      "Name": "Research Heavy Weaponry Targeting Adjustment, Level 2",
      "AbilCmd": "MilitaryResearchStationResearch,Research5"
    },
    {
      "Id": "UEDVehicalsLevel3",
      "Tooltip": "Increases <span style=\"color: #ffff8a\">damage</span> from weapons of all equipment and all starships of the Directorate.",
      "Name": "Research Heavy Weaponry Targeting Adjustment, Level 3",
      "AbilCmd": "MilitaryResearchStationResearch,Research6"
    }
  ]
}