{
  "Name": "Mutagen Chamber",
  "Description": "Contains upgrades for Xayid ground units.<br/><br/><span style=\"color: #FFFF80\">Enables:</span><br/>- Roamers from the Xayid Den<br/>- Scorpalisks from the Xayid Den<br/>- Mendlings from the Xayid Den",
  "DeathRevealFilters": "Visible;Player,Ally,Neutral,Missile,Dead,Hidden",
  "DeathRevealRadius": 3,
  "DeathRevealDuration": 4,
  "DeathRevealType": "Snapshot",
  "Race": "Xayi",
  "DefaultAcquireLevel": "Offensive",
  "Response": "Acquire",
  "ResourceState": "Unknown",
  "ResourceType": "Unknown",
  "LifeStart": 1000,
  "LifeMax": 1000,
  "LifeArmorName": "Xayid Structure Armor",
  "Mover": "Ground",
  "StationaryTurningRate": 720,
  "TurningRate": 720,
  "Radius": 1.25,
  "SeparationRadius": 1.4375,
  "MinimapRadius": 1.5,
  "EditorCategories": {
    "ObjectType": "Structure",
    "ObjectFamily": "Melee"
  },
  "TacticalAIFilters": "-;Player,Ally,Neutral",
  "AIEvalFactor": 1,
  "Mass": 0.4,
  "FlagArray": [
    "Unclickable",
    "Unhighlightable",
    "Untooltipable",
    "KillCredit",
    "ShowResources",
    "ClearRallyOnTargetLost",
    "PlayerRevivable",
    "CameraFollow",
    "PreventDefeat",
    "PreventDestroy",
    "PenaltyRevealed",
    "UseLineOfSight",
    "TownAlert",
    "NoPortraitTalk",
    "ArmorDisabledWhileConstructing"
  ],
  "EditorFlags": [
    "BlockStructures"
  ],
  "PushPriority": 10,
  "LeaderAlias": "MutagenChamber",
  "HotkeyAlias": "MutagenChamber",
  "SelectAlias": "MutagenChamber",
  "SubgroupAlias": "MutagenChamber",
  "OccludeHeight": 0.75,
  "TacticalAI": "MutagenChamber",
  "AIEvaluateAlias": "MutagenChamber",
  "ReviveType": "MutagenChamber",
  "PawnItemReduction": 1,
  "Fidget": {
    "DelayMax": 30,
    "DelayMin": 10,
    "DistanceMax": 4,
    "DistanceMin": 1,
    "TurnAngle": 90,
    "TurningRate": 90,
    "ChanceArray": {
      "Idle": 100
    }
  },
  "ReviveInfoBase": {
    "Charge": {
      "Link": "MutagenChamber/Revive",
      "Location": "Unit"
    },
    "Cooldown": {
      "Link": "MutagenChamber/Revive",
      "Location": "Unit"
    }
  },
  "InnerRadiusSafetyMultiplier": 1,
  "ArmorType": "Unknown",
  "FogVisibility": "Snapshot",
  "PlaneArray": [
    "Ground"
  ],
  "Collide": [
    "Burrow",
    "Ground",
    "Structure",
    "RoachBurrow",
    "ForceField"
  ],
  "Attributes": [
    "Armored",
    "Biological",
    "Structure"
  ],
  "LifeArmor": 1,
  "LifeRegenDelay": 3,
  "LifeRegenRate": 0.5,
  "Sight": 10,
  "CostCategory": "Technology",
  "ScoreResult": "BuildOrder",
  "HotkeyCategory": "Unit/Category/XayidUnits",
  "Facing": 334.995,
  "CostResource": {
    "Minerals": 125
  },
  "CardLayouts": [
    {
      "LayoutButtons": [
        {
          "Face": "Cancel",
          "Type": "AbilCmd",
          "AbilCmd": "que5,CancelLast",
          "Row": 2,
          "Column": 4
        },
        {
          "Face": "CancelBuilding",
          "Type": "AbilCmd",
          "AbilCmd": "BuildInProgress,Cancel",
          "Row": 2,
          "Column": 4
        },
        {
          "Face": "MutateGroundAttacks",
          "Type": "AbilCmd",
          "AbilCmd": "MutagenChamberResearch,Research4",
          "Row": 0,
          "Column": 0
        },
        {
          "Face": "MutateGroundAttacksLevel2",
          "Type": "AbilCmd",
          "AbilCmd": "MutagenChamberResearch,Research5",
          "Row": 0,
          "Column": 0
        },
        {
          "Face": "MutateGroundAttacksLevel3",
          "Type": "AbilCmd",
          "AbilCmd": "MutagenChamberResearch,Research6",
          "Row": 0,
          "Column": 0
        },
        {
          "Face": "MutateGroundCarapace",
          "Type": "AbilCmd",
          "AbilCmd": "MutagenChamberResearch,Research1",
          "Row": 0,
          "Column": 1
        },
        {
          "Face": "MutateGroundCarapaceLevel2",
          "Type": "AbilCmd",
          "AbilCmd": "MutagenChamberResearch,Research2",
          "Row": 0,
          "Column": 1
        },
        {
          "Face": "MutateGroundCarapaceLevel3",
          "Type": "AbilCmd",
          "AbilCmd": "MutagenChamberResearch,Research3",
          "Row": 0,
          "Column": 1
        }
      ]
    }
  ],
  "Footprint": "Footprint3x3Xayid",
  "PlacementFootprint": "Footprint3x3Xayid",
  "TechTreeUnlockedUnitArray": [
    "Roamer",
    "Scorpalisk",
    "Mendling"
  ],
  "ScoreMake": 150,
  "ScoreKill": 150,
  "SubgroupPriority": 36,
  "GlossaryPriority": 5,
  "Icon": "btn-building-xayid-mutagenchambernew",
  "LifeArmorIcon": "btn-upgrade-zerg-buildingarmor",
  "ShieldArmorIcon": "btn-upgrade-protoss-shieldslevel0",
  "Id": "MutagenChamber",
  "Upgrades": [],
  "Abilities": [
    {
      "Link": "BuildInProgress",
      "Id": "BuildInProgress",
      "Name": "Build in Progress"
    },
    {
      "Link": "que5",
      "Id": "que5",
      "Name": "Queue (5)"
    },
    {
      "Link": "MutagenChamberResearch",
      "Id": "MutagenChamberResearch",
      "Name": "Mutagen Chamber Research"
    }
  ],
  "Requirements": [
    {
      "Id": "XayidDen",
      "Icon": "btn-building-xayid-xayidden",
      "Description": "Creates larva, which are in turn used to mutate various basic creatures.<br/><br/><span style=\"color: #FFFF80\">Enables:</span><br/>- Xayidlings<br/>- Roamers<br/>- Bile Pit from Scavengers",
      "Name": "Xayid Den"
    }
  ],
  "Production": [
    {
      "Id": "XayidGroundAttacksLevel1",
      "Icon": "btn-upgrade-zerg-hotsgroovedspines",
      "Name": "Xayid Ground Attacks Level 1"
    },
    {
      "Id": "XayidGroundAttacksLevel2",
      "Icon": "btn-upgrade-xayid-missileweaponslevel2",
      "Name": "Xayid Ground Attacks Level 2"
    },
    {
      "Id": "XayidGroundAttacksLevel3",
      "Icon": "btn-upgrade-xayid-missileweaponslevel3",
      "Name": "Xayid Ground Attacks Level 3"
    },
    {
      "Id": "XayidGroundCarapaceLevel1",
      "Icon": "btn-upgrade-xayid-organiccarapace-level1",
      "Name": "Xayid Ground Carapace Level 1"
    },
    {
      "Id": "XayidGroundCarapaceLevel2",
      "Icon": "btn-upgrade-xayid-organiccarapace-level2",
      "Name": "Xayid Ground Carapace Level 2"
    },
    {
      "Id": "XayidGroundCarapaceLevel3",
      "Icon": "btn-upgrade-xayid-organiccarapace-level3",
      "Name": "Xayid Ground Carapace Level 3"
    }
  ],
  "Producers": [
    {
      "Id": "Scavenger",
      "Icon": "btn-unit-xayid-scavenger",
      "Description": "Basic builder and worker unit.<br/><br/><span style=\"color: #FFFF80\">Can attack ground units.</span>",
      "Name": "Scavenger"
    }
  ],
  "Commands": [
    {
      "Id": "Cancel",
      "Icon": "btn-command-cancel",
      "Tooltip": "Drops the current order without performing it, and allows you to select a different order.",
      "Name": "Cancel",
      "AbilCmd": "que5,CancelLast"
    },
    {
      "Id": "CancelBuilding",
      "Icon": "btn-command-cancel",
      "Tooltip": "Cancels construction of this structure, destroying the structure and giving a partial refund.",
      "Name": "Cancel",
      "AbilCmd": "BuildInProgress,Cancel"
    },
    {
      "Id": "MutateGroundAttacks",
      "Icon": "btn-upgrade-zerg-hotsgroovedspines",
      "Tooltip": "Upgrades the attacks of all Xayid ground units.",
      "Name": "Mutate Ground Attacks Level 1",
      "AbilCmd": "MutagenChamberResearch,Research4"
    },
    {
      "Id": "MutateGroundAttacksLevel2",
      "Icon": "btn-upgrade-xayid-missileweaponslevel2",
      "Tooltip": "Further upgrades the attacks of all Xayid ground units.",
      "Name": "Mutate Ground Attacks Level 2",
      "AbilCmd": "MutagenChamberResearch,Research5"
    },
    {
      "Id": "MutateGroundAttacksLevel3",
      "Icon": "btn-upgrade-xayid-missileweaponslevel3",
      "Tooltip": "Maximizes the attacks of all Xayid ground units.",
      "Name": "Mutate Ground Attacks Level 3",
      "AbilCmd": "MutagenChamberResearch,Research6"
    },
    {
      "Id": "MutateGroundCarapace",
      "Icon": "btn-upgrade-xayid-organiccarapace-level1",
      "Tooltip": "Upgrades the armor of all Xayid ground units.",
      "Name": "Mutate Ground Carapace Level 1",
      "AbilCmd": "MutagenChamberResearch,Research1"
    },
    {
      "Id": "MutateGroundCarapaceLevel2",
      "Icon": "btn-upgrade-xayid-organiccarapace-level2",
      "Tooltip": "Further upgrades the armor of all Xayid ground units.",
      "Name": "Mutate Ground Carapace Level 2",
      "AbilCmd": "MutagenChamberResearch,Research2"
    },
    {
      "Id": "MutateGroundCarapaceLevel3",
      "Icon": "btn-upgrade-xayid-organiccarapace-level3",
      "Tooltip": "Maximizes the armor of all Xayid ground units.",
      "Name": "Mutate Ground Carapace Level 3",
      "AbilCmd": "MutagenChamberResearch,Research3"
    }
  ]
}