{
  "Name": "Myriad",
  "Description": "Siege unit. Can produce and attack with Elytra.<br/><br/><span style=\"color: #FFFF80\">Can attack ground units.</span>",
  "DeathRevealFilters": "Visible;Player,Ally,Neutral,Missile,Dead,Hidden",
  "DeathRevealRadius": 3,
  "DeathRevealDuration": 4,
  "DeathRevealType": "Snapshot",
  "Race": "Keir",
  "DefaultAcquireLevel": "Offensive",
  "Response": "Acquire",
  "ResourceState": "Unknown",
  "ResourceType": "Unknown",
  "LifeStart": 160,
  "LifeMax": 160,
  "LifeArmorName": "Keiron Mechanical Armor",
  "Mover": "Ground",
  "StationaryTurningRate": 720,
  "TurningRate": 450,
  "Radius": 0.9375,
  "SeparationRadius": 0.5,
  "MinimapRadius": 1,
  "EditorCategories": {
    "ObjectType": "Unit",
    "ObjectFamily": "Melee"
  },
  "TacticalAIFilters": "-;Player,Ally,Neutral",
  "AIEvalFactor": 1,
  "Mass": 0.4,
  "FlagArray": [
    "Turnable",
    "Movable",
    "Unclickable",
    "Unhighlightable",
    "Untooltipable",
    "KillCredit",
    "ShowResources",
    "ClearRallyOnTargetLost",
    "PlayerRevivable",
    "CameraFollow",
    "PreventDestroy",
    "UseLineOfSight",
    "ArmySelect"
  ],
  "EditorFlags": [
    "BlockStructures"
  ],
  "PushPriority": 10,
  "LeaderAlias": "Myriad",
  "HotkeyAlias": "Myriad",
  "SelectAlias": "Myriad",
  "SubgroupAlias": "Myriad",
  "OccludeHeight": 0.75,
  "TacticalAI": "Myriad",
  "AIEvaluateAlias": "Myriad",
  "ReviveType": "Myriad",
  "PawnItemReduction": 1,
  "Fidget": {
    "DelayMax": 30,
    "DelayMin": 10,
    "DistanceMax": 4,
    "DistanceMin": 1,
    "TurnAngle": 90,
    "TurningRate": 90,
    "ChanceArray": {
      "Idle": 100
    }
  },
  "ReviveInfoBase": {
    "Charge": {
      "Link": "Myriad/Revive",
      "Location": "Unit"
    },
    "Cooldown": {
      "Link": "Myriad/Revive",
      "Location": "Unit"
    }
  },
  "InnerRadiusSafetyMultiplier": 1,
  "ArmorType": "Unknown",
  "PlaneArray": [
    "Ground"
  ],
  "Collide": [
    "Ground",
    "ForceField",
    "Flying6"
  ],
  "LifeRegenRate": 0.1718,
  "ShieldRegenDelay": 4,
  "ShieldRegenRate": 1.25,
  "Acceleration": 1000,
  "Sight": 10,
  "CostCategory": "Army",
  "AttackTargetPriority": 20,
  "CardLayouts": [
    {
      "LayoutButtons": [
        {
          "Face": "Move",
          "Type": "AbilCmd",
          "AbilCmd": "move,Move",
          "Row": 0,
          "Column": 0
        },
        {
          "Face": "Stop",
          "Type": "AbilCmd",
          "AbilCmd": "stop,Stop",
          "Row": 0,
          "Column": 1
        },
        {
          "Face": "MoveHoldPosition",
          "Type": "AbilCmd",
          "AbilCmd": "move,HoldPos",
          "Row": 0,
          "Column": 2
        },
        {
          "Face": "MovePatrol",
          "Type": "AbilCmd",
          "AbilCmd": "move,Patrol",
          "Row": 0,
          "Column": 3
        },
        {
          "Face": "Attack",
          "Type": "AbilCmd",
          "AbilCmd": "attack,Execute",
          "Row": 0,
          "Column": 4
        },
        {
          "Face": "CreateElytron",
          "Type": "AbilCmd",
          "AbilCmd": "ElytraHangar,Ammo1",
          "Row": 2,
          "Column": 0
        },
        {
          "Face": "Rally",
          "Type": "AbilCmd",
          "AbilCmd": "ProgressRally,Rally1",
          "Row": 2,
          "Column": 4
        },
        {
          "Face": "AnisopteraWings",
          "Type": "Passive",
          "Requirements": "UseAnisopteraWings",
          "ShowInGlossary": 0,
          "Row": 2,
          "Column": 1
        },
        {
          "Face": "Unfuse",
          "Type": "AbilCmd",
          "AbilCmd": "FuseUnfuse,Execute",
          "Row": 1,
          "Column": 4
        }
      ]
    }
  ],
  "ScoreMakeCostFactor": {
    "Minerals": 1,
    "Vespene": 1
  },
  "ScoreKillCostFactor": {
    "Minerals": 1,
    "Vespene": 1
  },
  "ScoreResult": "BuildOrder",
  "GlossaryCategory": "Unit/Category/KeironUnits",
  "GlossaryAlias": "Myriad",
  "HotkeyCategory": "Unit/Category/KeironUnits",
  "ShieldArmorName": "Keiron Dispersion Shields",
  "LifeArmor": 1,
  "ShieldsStart": 100,
  "ShieldsMax": 100,
  "Speed": 2,
  "Food": -6,
  "CostResource": {
    "Minerals": 250,
    "Vespene": 175
  },
  "InnerRadius": 0.75,
  "CargoSize": 4,
  "Attributes": [
    "Armored",
    "Mechanical"
  ],
  "AcquireMovementLimit": 2,
  "EffectArray": {
    "Create": "AtriumIndMyrDelay"
  },
  "GlossaryPriority": 23,
  "SubgroupPriority": 4,
  "Icon": "btn-unit-keiron-myriad",
  "LifeArmorIcon": "btn-upgrade-keiron-mechanicalarmorlevel0",
  "ShieldArmorIcon": "btn-upgrade-keiron-shields-level0",
  "Id": "Myriad",
  "Weapons": [
    {
      "Link": "Lunge",
      "Id": "Lunge",
      "Icon": "btn-upgrade-keiron-mechanicalweaponslevel0",
      "Name": "Lunge",
      "Amount": 15,
      "Kind": "Melee",
      "TargetFilters": "Ground",
      "Range": 0.1,
      "Period": 0.7
    },
    {
      "Link": "ElytraRelease",
      "Id": "ElytraRelease",
      "Icon": "btn-unit-keiron-elytron",
      "Name": "Elytra",
      "Amount": 15,
      "AttributeBonus": {
        "Light": 7
      },
      "Kind": "Ranged",
      "DisplayAttackCount": 3,
      "TargetFilters": "Ground",
      "Range": 11,
      "Period": 1.68
    }
  ],
  "Upgrades": [
    {
      "Link": "KeironMechArmor",
      "Id": "KeironMechArmor",
      "Name": "Keiron Mech Armor"
    },
    {
      "Link": "KeironMechWeapons",
      "Id": "KeironMechWeapons",
      "Name": "Keiron Mech Weapons"
    },
    {
      "Link": "KeironShields",
      "Id": "KeironShields",
      "Name": "Keiron Shields"
    },
    {
      "Link": "KeironMechArmorLevel1",
      "Id": "KeironMechArmorLevel1",
      "Icon": "btn-upgrade-keiron-mechanicalarmorlevel1",
      "Name": "Keiron Mechanical Armor Level 1"
    },
    {
      "Link": "KeironMechArmorLevel2",
      "Id": "KeironMechArmorLevel2",
      "Icon": "btn-upgrade-keiron-mechanicalarmorlevel2",
      "Name": "Keiron Mechanical Armor Level 2"
    },
    {
      "Link": "KeironMechArmorLevel3",
      "Id": "KeironMechArmorLevel3",
      "Icon": "btn-upgrade-keiron-mechanicalarmorlevel3",
      "Name": "Keiron Mechanical Armor Level 3"
    },
    {
      "Link": "KeironMechWeaponsLevel1",
      "Id": "KeironMechWeaponsLevel1",
      "Icon": "btn-upgrade-keiron-mechanicalweaponslevel1",
      "Name": "Keiron Mechanical Weapons Level 1"
    },
    {
      "Link": "KeironMechWeaponsLevel2",
      "Id": "KeironMechWeaponsLevel2",
      "Icon": "btn-upgrade-keiron-mechanicalweaponslevel2",
      "Name": "Keiron Mechanical Weapons Level 2"
    },
    {
      "Link": "KeironMechWeaponsLevel3",
      "Id": "KeironMechWeaponsLevel3",
      "Icon": "btn-upgrade-keiron-mechanicalweaponslevel3",
      "Name": "Keiron Mechanical Weapons Level 3"
    },
    {
      "Link": "KeironShieldsLevel1",
      "Id": "KeironShieldsLevel1",
      "Icon": "btn-upgrade-keiron-shields-level1",
      "Name": "Keiron Shields Level 1"
    },
    {
      "Link": "KeironShieldsLevel2",
      "Id": "KeironShieldsLevel2",
      "Icon": "btn-upgrade-keiron-shields-level2",
      "Name": "Keiron Shields Level 2"
    },
    {
      "Link": "KeironShieldsLevel3",
      "Id": "KeironShieldsLevel3",
      "Icon": "btn-upgrade-keiron-shields-level3",
      "Name": "Keiron Shields Level 3"
    },
    {
      "Link": "AnisopteraWings",
      "Id": "AnisopteraWings",
      "Icon": "btn-upgrade-keiron-anisopterawings",
      "Name": "Anisoptera Wings"
    }
  ],
  "Abilities": [
    {
      "Link": "move",
      "Id": "move",
      "Name": "Move"
    },
    {
      "Link": "stop",
      "Id": "stop",
      "Name": "Stop"
    },
    {
      "Link": "attack",
      "Id": "attack",
      "Name": "Attack"
    },
    {
      "Link": "ProgressRally",
      "Id": "ProgressRally",
      "Name": "Progress Rally"
    },
    {
      "Link": "KeironWarpable",
      "Id": "KeironWarpable",
      "Name": "Keiron Warpable"
    },
    {
      "Link": "FuseUnfuse",
      "Id": "FuseUnfuse",
      "Name": "Unfuse"
    },
    {
      "Link": "HangarQueue5",
      "Id": "HangarQueue5",
      "Name": "Queue (5) (Hangar)"
    },
    {
      "Link": "ElytraHangar",
      "Id": "ElytraHangar",
      "Name": "Elytra Hangar"
    }
  ],
  "Requirements": [],
  "Production": [
    {
      "Id": "Elytron",
      "Icon": "btn-unit-keiron-elytron",
      "Description": "Combat escorts that automatically attack their Myriad's target.<br/><br/><c val=\"#ColorAttackInfo\">Can attack ground units.</span>",
      "Name": "Elytron"
    }
  ],
  "Producers": [
    {
      "Id": "Citadel",
      "Icon": "btn-building-keiron-citadel",
      "Description": "Primary structure. Used to create all Keiron units and receive gathered resources. Can be upgraded to use Energize.",
      "Name": "Citadel"
    },
    {
      "Id": "CitadelCharged",
      "Icon": "btn-building-keiron-citadel",
      "Description": "Primary structure. Used to create all Keiron units and receive gathered resources. Can use Energize.",
      "Name": "Citadel"
    }
  ],
  "Commands": [
    {
      "Id": "Move",
      "Icon": "btn-command-move",
      "Tooltip": "Orders selected units to move to the target area or follow the target unit. Moving units will not engage enemies.",
      "Name": "Move",
      "AbilCmd": "move,Move"
    },
    {
      "Id": "Stop",
      "Icon": "btn-command-stop",
      "Tooltip": "Orders selected units to cancel all orders and stop moving.",
      "Name": "Stop",
      "AbilCmd": "stop,Stop"
    },
    {
      "Id": "MoveHoldPosition",
      "Icon": "btn-command-holdposition",
      "Tooltip": "Orders selected units to stay where they are and attack enemies that are within range. Units will neither chase down enemies nor move to engage.",
      "Name": "Hold Position",
      "AbilCmd": "move,HoldPos"
    },
    {
      "Id": "MovePatrol",
      "Icon": "btn-command-patrol",
      "Tooltip": "Orders selected units to patrol between their current position and the target area. Units will attack enemies and move to engage nearby enemies.",
      "Name": "Patrol",
      "AbilCmd": "move,Patrol"
    },
    {
      "Id": "Attack",
      "Icon": "btn-command-attack",
      "Tooltip": "Orders selected units to move to the target point, fighting nearby enemies along the way. Targeting a unit with the Attack command orders that it be attacked until it is destroyed.",
      "Name": "Attack",
      "AbilCmd": "attack,Execute"
    },
    {
      "Id": "CreateElytron",
      "Icon": "btn-unit-keiron-elytron",
      "Tooltip": "Builds Elytra that automatically attack the Myriad's target.",
      "Name": "Create Elytron",
      "AbilCmd": "ElytraHangar,Ammo1"
    },
    {
      "Id": "Rally",
      "Icon": "btn-ability-terran-setrallypoint",
      "Tooltip": "Sends constructed units to the designated point. Workers rallied to resources will begin gathering automatically.",
      "Name": "Set Rally Point",
      "AbilCmd": "ProgressRally,Rally1"
    },
    {
      "Id": "Unfuse",
      "Icon": "btn-ability-zerg-dehaka-levelup",
      "Tooltip": "Releases the Fuse inhabiting this unit, losing the associated bonus.",
      "Name": "Unfuse",
      "AbilCmd": "FuseUnfuse,Execute"
    }
  ]
}