{
  "Name": "Napoleon MBT",
  "Description": "Versatile main battle tank, effective against lightly-armored targets.<br/><br/><span style=\"color: #FFFF8A\">Can attack ground units.</span>",
  "DeathRevealFilters": "Visible;Player,Ally,Neutral,Missile,Dead,Hidden",
  "DeathRevealRadius": 3,
  "DeathRevealDuration": 4,
  "DeathRevealType": "Snapshot",
  "Race": "UED",
  "DefaultAcquireLevel": "Offensive",
  "Response": "Acquire",
  "ResourceState": "Unknown",
  "ResourceType": "Unknown",
  "LifeStart": 200,
  "LifeMax": 200,
  "LifeArmorName": "UED Adaptive Staballoy Plating",
  "Mover": "Ground",
  "StationaryTurningRate": 720,
  "TurningRate": 360,
  "Radius": 0.9375,
  "SeparationRadius": 1,
  "MinimapRadius": 1,
  "EditorCategories": {
    "ObjectType": "Unit",
    "ObjectFamily": "Melee"
  },
  "TacticalAIFilters": "-;Player,Ally,Neutral",
  "AIEvalFactor": 1.5,
  "Mass": 0.4,
  "FlagArray": [
    "Turnable",
    "Movable",
    "Unclickable",
    "Unhighlightable",
    "Untooltipable",
    "KillCredit",
    "ShowResources",
    "ClearRallyOnTargetLost",
    "PlayerRevivable",
    "CameraFollow",
    "PreventDestroy",
    "UseLineOfSight",
    "TurnBeforeMove",
    "AIPressForwardDisabled",
    "ArmySelect"
  ],
  "EditorFlags": [
    "BlockStructures"
  ],
  "PushPriority": 10,
  "LeaderAlias": "Napoleon",
  "HotkeyAlias": "Napoleon",
  "SelectAlias": "Napoleon",
  "SubgroupAlias": "Napoleon",
  "OccludeHeight": 0.75,
  "TacticalAI": "SiegeTank",
  "AIEvaluateAlias": "Napoleon",
  "ReviveType": "Napoleon",
  "PawnItemReduction": 1,
  "Fidget": {
    "DelayMax": 30,
    "DelayMin": 10,
    "DistanceMax": 4,
    "DistanceMin": 1,
    "TurnAngle": 90,
    "TurningRate": 90,
    "ChanceArray": {
      "Idle": 33,
      "Anim": 33,
      "Turn": 33
    }
  },
  "ReviveInfoBase": {
    "Charge": {
      "Link": "Napoleon/Revive",
      "Location": "Unit"
    },
    "Cooldown": {
      "Link": "Napoleon/Revive",
      "Location": "Unit"
    }
  },
  "InnerRadiusSafetyMultiplier": 1,
  "ArmorType": "Unknown",
  "Mob": "Multiplayer",
  "PlaneArray": [
    "Ground"
  ],
  "Collide": [
    "Ground",
    "ForceField",
    "Locust",
    "Small"
  ],
  "Attributes": [
    "Armored",
    "Mechanical"
  ],
  "LifeArmor": 1,
  "Speed": 3,
  "Acceleration": 5,
  "LateralAcceleration": 64,
  "Sight": 11,
  "Food": -3,
  "CostCategory": "Army",
  "CostResource": {
    "Minerals": 200,
    "Vespene": 75
  },
  "RepairTime": 45,
  "AttackTargetPriority": 20,
  "DamageDealtXP": 1,
  "DamageTakenXP": 1,
  "KillXP": 50,
  "CardLayouts": [
    {
      "LayoutButtons": [
        {
          "Face": "Move",
          "Type": "AbilCmd",
          "AbilCmd": "moveUED,Move",
          "Row": 0,
          "Column": 0
        },
        {
          "Face": "Stop",
          "Type": "AbilCmd",
          "AbilCmd": "stop2,Stop",
          "Row": 0,
          "Column": 1
        },
        {
          "Face": "MoveHoldPosition",
          "Type": "AbilCmd",
          "AbilCmd": "moveUED,HoldPos",
          "Row": 0,
          "Column": 2
        },
        {
          "Face": "Attack",
          "Type": "AbilCmd",
          "AbilCmd": "attackUED,Execute",
          "Row": 0,
          "Column": 4
        },
        {
          "Face": "MovePatrol",
          "Type": "AbilCmd",
          "AbilCmd": "moveUED,Patrol",
          "Row": 0,
          "Column": 3
        }
      ]
    }
  ],
  "InnerRadius": 0.9375,
  "CargoSize": 4,
  "ScoreMake": 275,
  "ScoreKill": 275,
  "ScoreResult": "BuildOrder",
  "SubgroupPriority": 74,
  "TechAliasArray": [
    "Alias_SiegeTank"
  ],
  "GlossaryCategory": "Unit/Category/UEDUnits",
  "GlossaryPriority": 130,
  "GlossaryStrongArray": [
    "Marine",
    "Hydralisk",
    "Stalker",
    "StrikeTrooper"
  ],
  "GlossaryWeakArray": [
    "Banshee",
    "Mutalisk",
    "Immortal",
    "CitadelAAT"
  ],
  "HotkeyCategory": "Unit/Category/UEDUnits",
  "TurretArray": [
    "NapoleonMBT"
  ],
  "Icon": "btn-unit-object188bronze",
  "ShieldArmorIcon": "btn-upgrade-protoss-shieldslevel0",
  "Id": "Napoleon",
  "Weapons": [
    {
      "Link": "NapoleonCannon",
      "Turret": "NapoleonMBT",
      "Id": "NapoleonCannon",
      "Name": "Napoleon 's Cannon",
      "Amount": 27,
      "Kind": "Ranged",
      "TargetFilters": "Ground",
      "Range": 6,
      "Period": 1.25
    }
  ],
  "Upgrades": [
    {
      "Link": "TandemReactiveArmor",
      "Id": "TandemReactiveArmor",
      "Icon": "btn-upgrade-stetmann-mechagroundplating-level2",
      "Name": "Tandem Reactive Armor"
    },
    {
      "Link": "UEDArmorLevel1",
      "Id": "UEDArmorLevel1",
      "Name": "Beathanium Defensive Programming, level 1"
    },
    {
      "Link": "UEDArmorLevel2",
      "Id": "UEDArmorLevel2",
      "Name": "Beathanium Defensive Programming, level 2"
    },
    {
      "Link": "UEDArmorLevel3",
      "Id": "UEDArmorLevel3",
      "Name": "Beathanium Defensive Programming, level 3"
    },
    {
      "Link": "UEDVehicalsLevel2",
      "Id": "UEDVehicalsLevel2",
      "Name": "Heavy Weaponry Targeting Adjustment, level 2"
    },
    {
      "Link": "UEDVehicalsLevel3",
      "Id": "UEDVehicalsLevel3",
      "Name": "Heavy Weaponry Targeting Adjustment, level 3"
    },
    {
      "Link": "UEDVehicalsLevel1",
      "Id": "UEDVehicalsLevel1",
      "Name": "Heavy Weaponry Targeting Adjustment, level 1"
    }
  ],
  "Abilities": [
    {
      "Link": "stop2",
      "Id": "stop2",
      "Name": "Stop"
    },
    {
      "Link": "attackUED",
      "Id": "attackUED",
      "Name": "Attack UED"
    },
    {
      "Link": "moveUED",
      "Id": "moveUED",
      "Name": "Move UED"
    }
  ],
  "Requirements": [
    {
      "Id": "MunitionsFactory",
      "Icon": "btn-ued-munitions-factory",
      "Description": "Vehicle support structure. Provides equipment authorizations for basic vehicles.<br/><br/><span style=\"color: #ffff8a\">Enables:</span><br/>- Crimson Eyes<br/>- Sentinel MBT<br/>- Typhoon LMT",
      "Name": "Munitions Factory"
    }
  ],
  "Production": [],
  "Producers": [
    {
      "Id": "TeleportationNode",
      "Icon": "btn-ued-teleportation-node",
      "Description": "Universal production structure for the Directorate army, capable of deploying any combat units.<br/><br/><span style=\"color: #ffff8a\">Enables:</span><br/>- Garmrs<br/>- Strike Troopers<br/>- Enrichment Towers",
      "Name": "Teleportation Node"
    }
  ],
  "Commands": [
    {
      "Id": "Move",
      "Icon": "btn-command-move",
      "Tooltip": "Orders selected units to move to the target area or follow the target unit. Moving units will not engage enemies.",
      "Name": "Move",
      "AbilCmd": "moveUED,Move"
    },
    {
      "Id": "Stop",
      "Icon": "btn-command-stop",
      "Tooltip": "Orders selected units to cancel all orders and stop moving.",
      "Name": "Stop",
      "AbilCmd": "stop2,Stop"
    },
    {
      "Id": "MoveHoldPosition",
      "Icon": "btn-command-holdposition",
      "Tooltip": "Orders selected units to stay where they are and attack enemies that are within range. Units will neither chase down enemies nor move to engage.",
      "Name": "Hold Position",
      "AbilCmd": "moveUED,HoldPos"
    },
    {
      "Id": "Attack",
      "Icon": "btn-command-attack",
      "Tooltip": "Orders selected units to move to the target point, fighting nearby enemies along the way. Targeting a unit with the Attack command orders that it be attacked until it is destroyed.",
      "Name": "Attack",
      "AbilCmd": "attackUED,Execute"
    },
    {
      "Id": "MovePatrol",
      "Icon": "btn-command-patrol",
      "Tooltip": "Orders selected units to patrol between their current position and the target area. Units will attack enemies and move to engage nearby enemies.",
      "Name": "Patrol",
      "AbilCmd": "moveUED,Patrol"
    }
  ]
}