{
  "Name": "Minion",
  "Description": "Basic worker unit. Can gather resources and warp in Hybrid structures. Can sacrifice itself to become a Spirit.<br/><br/><span style=\"color: #ffff8a\">Can attack ground units.</span>",
  "DeathRevealFilters": "Visible;Player,Ally,Neutral,Missile,Dead,Hidden",
  "DeathRevealRadius": 3,
  "DeathRevealDuration": 4,
  "DeathRevealType": "Snapshot",
  "Race": "NHbr",
  "DefaultAcquireLevel": "Defensive",
  "Response": "Flee",
  "ResourceState": "Unknown",
  "ResourceType": "Unknown",
  "LifeStart": 20,
  "LifeMax": 20,
  "LifeArmorName": "Hybrid Armor",
  "Mover": "Ground",
  "StationaryTurningRate": 999.8437,
  "TurningRate": 999.8437,
  "Radius": 0.375,
  "SeparationRadius": 0.375,
  "MinimapRadius": 0.375,
  "EditorCategories": {
    "ObjectType": "Unit",
    "ObjectFamily": "Melee"
  },
  "TacticalAIFilters": "-;Player,Ally,Neutral",
  "AIEvalFactor": 1,
  "Mass": 0.4,
  "FlagArray": [
    "Turnable",
    "Movable",
    "Unclickable",
    "Unhighlightable",
    "Untooltipable",
    "KillCredit",
    "ShowResources",
    "ClearRallyOnTargetLost",
    "PlayerRevivable",
    "CameraFollow",
    "PreventDestroy",
    "UseLineOfSight",
    "Worker"
  ],
  "EditorFlags": [
    "BlockStructures"
  ],
  "PushPriority": 10,
  "LeaderAlias": "NHbrMinion",
  "HotkeyAlias": "NHbrMinion",
  "SelectAlias": "NHbrMinion",
  "SubgroupAlias": "NHbrMinion",
  "OccludeHeight": 0.75,
  "TacticalAI": "NHbrMinion",
  "AIEvaluateAlias": "NHbrMinion",
  "ReviveType": "NHbrMinion",
  "PawnItemReduction": 1,
  "Fidget": {
    "DelayMax": 30,
    "DelayMin": 10,
    "DistanceMax": 4,
    "DistanceMin": 1,
    "TurnAngle": 90,
    "TurningRate": 90,
    "ChanceArray": {
      "Idle": 70,
      "Anim": 20,
      "Turn": 10
    }
  },
  "ReviveInfoBase": {
    "Charge": {
      "Link": "NHbrMinion/Revive",
      "Location": "Unit"
    },
    "Cooldown": {
      "Link": "NHbrMinion/Revive",
      "Location": "Unit"
    }
  },
  "InnerRadiusSafetyMultiplier": 1,
  "ArmorType": "Unknown",
  "DataCollection": "NHbrMinion",
  "ShieldArmorName": "Hybrid Protection",
  "Acceleration": 2.5,
  "LateralAcceleration": 46,
  "DamageDealtXP": 1,
  "DamageTakenXP": 1,
  "KillXP": 10,
  "LifeArmor": 0,
  "ShieldArmor": 0,
  "CardLayouts": [
    {
      "LayoutButtons": [
        {
          "Face": "Move",
          "Type": "AbilCmd",
          "AbilCmd": "move,Move",
          "Row": 0,
          "Column": 0
        },
        {
          "Face": "Stop",
          "Type": "AbilCmd",
          "AbilCmd": "stop,Stop",
          "Row": 0,
          "Column": 1
        },
        {
          "Face": "MoveHoldPosition",
          "Type": "AbilCmd",
          "AbilCmd": "move,HoldPos",
          "Row": 0,
          "Column": 2
        },
        {
          "Face": "Attack",
          "Type": "AbilCmd",
          "AbilCmd": "attack,Execute",
          "Row": 0,
          "Column": 4
        },
        {
          "Face": "MovePatrol",
          "Type": "AbilCmd",
          "AbilCmd": "move,Patrol",
          "Row": 0,
          "Column": 3
        },
        {
          "Face": "GatherProt",
          "Type": "AbilCmd",
          "AbilCmd": "ProbeHarvest,Gather",
          "Row": 1,
          "Column": 0
        },
        {
          "Face": "ReturnCargo",
          "Type": "AbilCmd",
          "AbilCmd": "ProbeHarvest,Return",
          "Row": 1,
          "Column": 1
        },
        {
          "Face": "NHbrMinionBuild",
          "Type": "Submenu",
          "AbilCmd": "255,255",
          "SubmenuCardId": "PBl1",
          "Row": 2,
          "Column": 0
        },
        {
          "Face": "NHbrMinionBuild@Advanced",
          "Type": "Submenu",
          "AbilCmd": "255,255",
          "SubmenuCardId": "PBl2",
          "Row": 2,
          "Column": 1
        },
        {
          "Face": "Spray",
          "Type": "AbilCmd",
          "AbilCmd": "NHbrSpray,Execute",
          "Row": 2,
          "Column": 3
        },
        {
          "Face": "Halt",
          "Type": "AbilCmd",
          "AbilCmd": "NHbrMinionBuild,Halt",
          "Row": 2,
          "Column": 4
        },
        {
          "Face": "Halt",
          "Type": "AbilCmd",
          "AbilCmd": "NHbrMinionBuild@Main,Halt",
          "Row": 2,
          "Column": 4
        },
        {
          "Face": "NHbrMinionVoidBonus",
          "Type": "Passive",
          "Row": 1,
          "Column": 4
        },
        {
          "Face": "NHbrMinionMorph@MechanicalReincarnation",
          "Type": "AbilCmd",
          "AbilCmd": "NHbrMinionMorph@MechanicalReincarnation,Execute",
          "Row": 2,
          "Column": 2
        }
      ]
    },
    {
      "LayoutButtons": [
        {
          "Face": "NHbrMinionBuild@WarpInTemple",
          "Type": "AbilCmd",
          "AbilCmd": "NHbrMinionBuild,Build1",
          "Row": 0,
          "Column": 0
        },
        {
          "Face": "NHbrMinionBuild@WarpInHarvester",
          "Type": "AbilCmd",
          "AbilCmd": "NHbrMinionBuild,Build3",
          "Row": 0,
          "Column": 1
        },
        {
          "Face": "NHbrMinionBuild@WarpInIonicCrystal",
          "Type": "AbilCmd",
          "AbilCmd": "NHbrMinionBuild,Build2",
          "Row": 0,
          "Column": 2
        },
        {
          "Face": "NHbrMinionBuild@WarpInConstructAntiAir",
          "Type": "AbilCmd",
          "AbilCmd": "NHbrMinionBuild,Build18",
          "Row": 2,
          "Column": 0
        },
        {
          "Face": "Cancel",
          "Type": "CancelSubmenu",
          "Row": 2,
          "Column": 4
        },
        {
          "Face": "NHbrMinionBuild@WarpInConstructAntiGround",
          "Type": "AbilCmd",
          "AbilCmd": "NHbrMinionBuild,Build17",
          "Row": 2,
          "Column": 1
        },
        {
          "Face": "NHbrMinionBuild@WarpInVoidRift",
          "Type": "AbilCmd",
          "AbilCmd": "NHbrMinionBuild,Build9",
          "Row": 1,
          "Column": 0
        },
        {
          "Face": "NHbrMinionBuild@WarpInStasisCell",
          "Type": "AbilCmd",
          "AbilCmd": "NHbrMinionBuild,Build5",
          "Row": 1,
          "Column": 1
        },
        {
          "Face": "NHbrMinionBuild@WarpInVespeneConcentrator",
          "Type": "AbilCmd",
          "AbilCmd": "NHbrMinionBuild,Build6",
          "Row": 1,
          "Column": 2
        },
        {
          "Face": "NHbrMinionBuild@WarpInTemple",
          "Type": "AbilCmd",
          "AbilCmd": "NHbrMinionBuild@Main,Build1",
          "Row": 0,
          "Column": 0
        },
        {
          "Face": "NHbrMinionBuild@WarpInHarvester",
          "Type": "AbilCmd",
          "AbilCmd": "NHbrMinionBuild@Main,Build3",
          "Row": 0,
          "Column": 1
        },
        {
          "Face": "NHbrMinionBuild@WarpInIonicCrystal",
          "Type": "AbilCmd",
          "AbilCmd": "NHbrMinionBuild@Main,Build2",
          "Row": 0,
          "Column": 2
        },
        {
          "Face": "NHbrMinionBuild@WarpInConstructAntiAir",
          "Type": "AbilCmd",
          "AbilCmd": "NHbrMinionBuild@Main,Build18",
          "Row": 2,
          "Column": 0
        },
        {
          "Face": "Cancel",
          "Type": "CancelSubmenu",
          "Row": 2,
          "Column": 4
        },
        {
          "Face": "NHbrMinionBuild@WarpInConstructAntiGround",
          "Type": "AbilCmd",
          "AbilCmd": "NHbrMinionBuild@Main,Build17",
          "Row": 2,
          "Column": 1
        },
        {
          "Face": "NHbrMinionBuild@WarpInVoidRift",
          "Type": "AbilCmd",
          "AbilCmd": "NHbrMinionBuild@Main,Build9",
          "Row": 1,
          "Column": 0
        },
        {
          "Face": "NHbrMinionBuild@WarpInStasisCell",
          "Type": "AbilCmd",
          "AbilCmd": "NHbrMinionBuild@Main,Build5",
          "Row": 1,
          "Column": 1
        },
        {
          "Face": "NHbrMinionBuild@WarpInVespeneConcentrator",
          "Type": "AbilCmd",
          "AbilCmd": "NHbrMinionBuild@Main,Build6",
          "Row": 1,
          "Column": 2
        }
      ],
      "CardId": "PBl1"
    },
    {
      "LayoutButtons": [
        {
          "Face": "NHbrMinionBuild@WarpInProcessingCore",
          "Type": "AbilCmd",
          "AbilCmd": "NHbrMinionBuild,Build11",
          "Row": 1,
          "Column": 0
        },
        {
          "Face": "Cancel",
          "Type": "CancelSubmenu",
          "Row": 2,
          "Column": 4
        },
        {
          "Face": "NHbrMinionBuild@WarpInCrystallicShrine",
          "Type": "AbilCmd",
          "AbilCmd": "NHbrMinionBuild,Build10",
          "Row": 1,
          "Column": 1
        },
        {
          "Face": "NHbrMinionBuild@WarpInEngine",
          "Type": "AbilCmd",
          "AbilCmd": "NHbrMinionBuild,Build12",
          "Row": 0,
          "Column": 0
        },
        {
          "Face": "NHbrMinionBuild@WarpInVoidPortal",
          "Type": "AbilCmd",
          "AbilCmd": "NHbrMinionBuild,Build7",
          "Row": 0,
          "Column": 1
        },
        {
          "Face": "NHbrMinionBuild@WarpInProcessor",
          "Type": "AbilCmd",
          "AbilCmd": "NHbrMinionBuild,Build13",
          "Row": 2,
          "Column": 0
        },
        {
          "Face": "NHbrMinionBuild@WarpInNemesisCatacomb",
          "Type": "AbilCmd",
          "AbilCmd": "NHbrMinionBuild,Build14",
          "Row": 2,
          "Column": 1
        },
        {
          "Face": "NHbrMinionBuild@WarpInProcessingCore",
          "Type": "AbilCmd",
          "AbilCmd": "NHbrMinionBuild@Main,Build11",
          "Row": 1,
          "Column": 0
        },
        {
          "Face": "Cancel",
          "Type": "CancelSubmenu",
          "Row": 2,
          "Column": 4
        },
        {
          "Face": "NHbrMinionBuild@WarpInCrystallicShrine",
          "Type": "AbilCmd",
          "AbilCmd": "NHbrMinionBuild@Main,Build10",
          "Row": 1,
          "Column": 1
        },
        {
          "Face": "NHbrMinionBuild@WarpInEngine",
          "Type": "AbilCmd",
          "AbilCmd": "NHbrMinionBuild@Main,Build12",
          "Row": 0,
          "Column": 0
        },
        {
          "Face": "NHbrMinionBuild@WarpInVoidPortal",
          "Type": "AbilCmd",
          "AbilCmd": "NHbrMinionBuild@Main,Build7",
          "Row": 0,
          "Column": 1
        },
        {
          "Face": "NHbrMinionBuild@WarpInProcessor",
          "Type": "AbilCmd",
          "AbilCmd": "NHbrMinionBuild@Main,Build13",
          "Row": 2,
          "Column": 0
        },
        {
          "Face": "NHbrMinionBuild@WarpInNemesisCatacomb",
          "Type": "AbilCmd",
          "AbilCmd": "NHbrMinionBuild@Main,Build14",
          "Row": 2,
          "Column": 1
        }
      ],
      "CardId": "PBl2"
    }
  ],
  "GlossaryCategory": "Unit/Category/NHbrUnits",
  "TauntDuration": {
    "Cheer": 5,
    "Dance": 5
  },
  "Mob": "Multiplayer",
  "AttackTargetPriority": 20,
  "PlaneArray": [
    "Ground"
  ],
  "Collide": [
    "Ground",
    "Locust",
    "Small",
    "ForceField"
  ],
  "HotkeyCategory": "Unit/Category/NHbrUnits",
  "KillDisplay": "Always",
  "RankDisplay": "Always",
  "ScoreResult": "BuildOrder",
  "ShieldArmorTip": "Unit/ShieldArmorTooltip/NHbrShields",
  "LifeRegenDelay": 10,
  "ShieldRegenDelay": 10,
  "Attributes": [
    "Light",
    "Mechanical"
  ],
  "ShieldsStart": 20,
  "ShieldsMax": 20,
  "Speed": 2.8125,
  "Sight": 8,
  "Food": -1,
  "CostCategory": "Economy",
  "CostResource": {
    "Minerals": 50
  },
  "AIOverideTargetPriority": 10,
  "InnerRadius": 0.375,
  "CargoSize": 1,
  "ScoreMake": 50,
  "ScoreKill": 50,
  "SubgroupPriority": 46,
  "GlossaryPriority": 1,
  "EnergyStart": 20,
  "EnergyMax": 40,
  "Icon": "btn-hybrid-unit-harvester",
  "LifeArmorIcon": "btn-upgrade-protoss-groundarmorlevel0",
  "ShieldArmorIcon": "btn-ability-zeratul-warpprism-shieldboosters",
  "Id": "NHbrMinion",
  "Weapons": [
    {
      "Link": "ParticleBeam",
      "Id": "ParticleBeam",
      "Icon": "btn-upgrade-protoss-groundweaponslevel0",
      "Name": "Particle Beam",
      "Amount": 5,
      "Kind": "Melee",
      "TargetFilters": "Ground",
      "Range": 0.1,
      "Period": 1.5
    }
  ],
  "Behaviors": [
    {
      "Link": "NHbrProtection@SpellArmor",
      "Id": "NHbrProtection@SpellArmor"
    },
    {
      "Link": "NHbrNetwork@PowerUser",
      "Id": "NHbrNetwork@PowerUser",
      "Name": "Power User"
    },
    {
      "Link": "NHbrMinionVoidBonus",
      "Id": "NHbrMinionVoidBonus",
      "Name": "Void Bonus"
    }
  ],
  "Upgrades": [
    {
      "Link": "NHbrGroundArmors",
      "Id": "NHbrGroundArmors",
      "Name": "Hybrid Ground Armors"
    },
    {
      "Link": "NHbrGroundWeapons",
      "Id": "NHbrGroundWeapons",
      "Name": "Hybrid Ground Weapons"
    },
    {
      "Link": "NHbrSpray",
      "Id": "NHbrSpray",
      "Name": "Spray Hybrids"
    },
    {
      "Link": "NHbrEngineUpgrades@GroundArmorsLevel1",
      "Id": "NHbrEngineUpgrades@GroundArmorsLevel1",
      "Icon": "btn-upgrade-dehaka-groundcarapace-level1",
      "Name": "Hybrid Ground Armor Level 1"
    },
    {
      "Link": "NHbrEngineUpgrades@GroundArmorsLevel2",
      "Id": "NHbrEngineUpgrades@GroundArmorsLevel2",
      "Icon": "btn-upgrade-dehaka-groundcarapace-level2",
      "Name": "Hybrid Ground Armor Level 2"
    },
    {
      "Link": "NHbrEngineUpgrades@GroundArmorsLevel3",
      "Id": "NHbrEngineUpgrades@GroundArmorsLevel3",
      "Icon": "btn-upgrade-dehaka-groundcarapace-level3",
      "Name": "Hybrid Ground Armor Level 3"
    },
    {
      "Link": "NHbrEngineUpgrades@GroundWeaponsLevel1",
      "Id": "NHbrEngineUpgrades@GroundWeaponsLevel1",
      "Icon": "btn-upgrade-dehaka-bothattacks-level1",
      "Name": "Hybrid Ground Weapons Level 1"
    },
    {
      "Link": "NHbrEngineUpgrades@WeaponsLevel2",
      "Id": "NHbrEngineUpgrades@WeaponsLevel2",
      "Icon": "btn-upgrade-dehaka-bothattacks-level2",
      "Name": "Hybrid Ground Weapons Level 2"
    },
    {
      "Link": "NHbrEngineUpgrades@WeaponsLevel3",
      "Id": "NHbrEngineUpgrades@WeaponsLevel3",
      "Icon": "btn-upgrade-dehaka-bothattacks-level3",
      "Name": "Hybrid Ground Weapons Level 3"
    }
  ],
  "Abilities": [
    {
      "Link": "stop",
      "Id": "stop",
      "Name": "Stop"
    },
    {
      "Link": "attack",
      "Id": "attack",
      "Name": "Attack"
    },
    {
      "Link": "move",
      "Id": "move",
      "Name": "Move"
    },
    {
      "Link": "NHbrMinionBuild",
      "Id": "NHbrMinionBuild",
      "Name": "Build"
    },
    {
      "Link": "NHbrMinionBuild@Main",
      "Id": "NHbrMinionBuild@Main",
      "Name": "Build (Main)"
    },
    {
      "Link": "NHbrMinionHarvest"
    },
    {
      "Link": "NHbrSpray",
      "Id": "NHbrSpray",
      "Name": "Spray"
    },
    {
      "Link": "NHbrMinionMorph@MechanicalReincarnation",
      "Id": "NHbrMinionMorph@MechanicalReincarnation",
      "Name": "Mechanical Reincarnation"
    },
    {
      "Link": "ProbeHarvest",
      "Id": "ProbeHarvest",
      "Name": "Gather (Probe)"
    }
  ],
  "Requirements": [],
  "Production": [
    {
      "Id": "NHbrTemple",
      "Icon": "btn-hybrid-building-temple",
      "Description": "Primary structure. Can receive gathered resources.<br/><br/><span style=\"color: #ffff8a\">Enables:</span><br/>- Minions",
      "Name": "Temple"
    },
    {
      "Id": "NHbrHarvester",
      "Icon": "btn-building-protoss-assimilator-ihanrii",
      "Description": "Warped in over a Vespene Geyser to allow harvesting of vespene gas.",
      "Name": "Harvester"
    },
    {
      "Id": "NHbrIonicCrystal",
      "Icon": "btn-hybrid-building-pylon",
      "Description": "Provides supply. Supply allows you to warp in more units. Can teleport nearby Hybrid buildings to the target <c val=\"#Network\">Network</span> location.<br/><br/><c val=\"#Network\">Network Power Source.</span><br/><br/><span style=\"color: #ffff8a\">Moveable structure.</span>",
      "Name": "Ionic Crystal"
    },
    {
      "Id": "NHbrConstruct@AntiAir",
      "Icon": "btn-hybrid-unit-construct-sentinel-antiair",
      "Description": "Powerful Anti-Air guardian that test the strength of those who seek the Halls of Revelation. Can be transformed to Anti-Ground construct.<br/><br/><c val=\"#ColorAttackInfo\">Can attack air units.</span><br/><span style=\"color: #FFE303\">Detector</span>",
      "Name": "Construct (Anti-Air)"
    },
    {
      "Id": "NHbrConstruct@AntiGround",
      "Icon": "btn-hybrid-unit-construct-sentinel-antiair",
      "Description": "Powerful Anti-Ground guardian that test the strength of those who seek the Halls of Revelation. Can be transformed to Anti-Air construct.<br/><br/><c val=\"#ColorAttackInfo\">Can attack ground units.</span><br/><span style=\"color: #FFE303\">Detector</span>",
      "Name": "Construct (Anti-Ground)"
    },
    {
      "Id": "NHbrVoidRift",
      "Icon": "btn-hybrid-building-voidrift",
      "Description": "Warps in Hybrid units.<br/><br/><span style=\"color: #ffff8a\">Enables:</span><br/>- Warriors",
      "Name": "Void Rift"
    },
    {
      "Id": "NHbrStasisCell",
      "Icon": "btn-hybrid-building-stasiscell",
      "Description": "Improve Void Rifts connected to Stasis Cell in <c val=\"#Network\">Network</span>, <span style=\"color: #FFFF80\">containes upgrades for Hybrid units</span>.<br/><br/><span style=\"color: #ffff8a\">Connected Network Allows:</span><br/>- Flayers<br/>- Warbringers<br/>- Sentinels",
      "Name": "Stasis Cell"
    },
    {
      "Id": "NHbrVespeneConcentrator",
      "Icon": "btn-hybrid-building-forge",
      "Description": "Contains specific upgrades for Hybrids. Build nearby Harvesters to increase their vespene amount.",
      "Name": "Vespene Concentrator"
    },
    {
      "Id": "NHbrTemple",
      "Icon": "btn-hybrid-building-temple",
      "Description": "Primary structure. Can receive gathered resources.<br/><br/><span style=\"color: #ffff8a\">Enables:</span><br/>- Minions",
      "Name": "Temple"
    },
    {
      "Id": "NHbrHarvester",
      "Icon": "btn-building-protoss-assimilator-ihanrii",
      "Description": "Warped in over a Vespene Geyser to allow harvesting of vespene gas.",
      "Name": "Harvester"
    },
    {
      "Id": "NHbrIonicCrystal",
      "Icon": "btn-hybrid-building-pylon",
      "Description": "Provides supply. Supply allows you to warp in more units. Can teleport nearby Hybrid buildings to the target <c val=\"#Network\">Network</span> location.<br/><br/><c val=\"#Network\">Network Power Source.</span><br/><br/><span style=\"color: #ffff8a\">Moveable structure.</span>",
      "Name": "Ionic Crystal"
    },
    {
      "Id": "NHbrConstruct@AntiAir",
      "Icon": "btn-hybrid-unit-construct-sentinel-antiair",
      "Description": "Powerful Anti-Air guardian that test the strength of those who seek the Halls of Revelation. Can be transformed to Anti-Ground construct.<br/><br/><c val=\"#ColorAttackInfo\">Can attack air units.</span><br/><span style=\"color: #FFE303\">Detector</span>",
      "Name": "Construct (Anti-Air)"
    },
    {
      "Id": "NHbrConstruct@AntiGround",
      "Icon": "btn-hybrid-unit-construct-sentinel-antiair",
      "Description": "Powerful Anti-Ground guardian that test the strength of those who seek the Halls of Revelation. Can be transformed to Anti-Air construct.<br/><br/><c val=\"#ColorAttackInfo\">Can attack ground units.</span><br/><span style=\"color: #FFE303\">Detector</span>",
      "Name": "Construct (Anti-Ground)"
    },
    {
      "Id": "NHbrVoidRift",
      "Icon": "btn-hybrid-building-voidrift",
      "Description": "Warps in Hybrid units.<br/><br/><span style=\"color: #ffff8a\">Enables:</span><br/>- Warriors",
      "Name": "Void Rift"
    },
    {
      "Id": "NHbrStasisCell",
      "Icon": "btn-hybrid-building-stasiscell",
      "Description": "Improve Void Rifts connected to Stasis Cell in <c val=\"#Network\">Network</span>, <span style=\"color: #FFFF80\">containes upgrades for Hybrid units</span>.<br/><br/><span style=\"color: #ffff8a\">Connected Network Allows:</span><br/>- Flayers<br/>- Warbringers<br/>- Sentinels",
      "Name": "Stasis Cell"
    },
    {
      "Id": "NHbrVespeneConcentrator",
      "Icon": "btn-hybrid-building-forge",
      "Description": "Contains specific upgrades for Hybrids. Build nearby Harvesters to increase their vespene amount.",
      "Name": "Vespene Concentrator"
    },
    {
      "Id": "NHbrProcessingCore",
      "Icon": "btn-hybrid-building-artifactcontainmentfieldvoid",
      "Description": "Improve Void Rifts connected to Stasis Cell in <c val=\"#Network\">Network</span>. <span style=\"color: #FFFF80\">Contains upgrades for Hybrid units.</span><br/><br/><span style=\"color: #ffff8a\">Connected Network Allows:</span><br/>- Reavers<br/>- Dominators",
      "Name": "Processing Core"
    },
    {
      "Id": "NHbrCrystallicShrine",
      "Icon": "btn-hybrid-building-darkshrine",
      "Description": "Contains weapon and armor upgrades for Hybrid units <br/><br/><span style=\"color: #ffff8a\">Connected Network Allows:</span><br/>- Horrors",
      "Name": "Crystallic Shrine"
    },
    {
      "Id": "NHbrEngine",
      "Icon": "btn-hybrid-building-roboticssupportbay",
      "Description": "<span style=\"color: #FFFF80\">Containes upgrades for Hybrid units</span>.<br/><br/><span style=\"color: #FFFF80\">Enables:<br/></span>- Silents<br/>- Dreadnoks",
      "Name": "Engine"
    },
    {
      "Id": "NHbrVoidPortal",
      "Icon": "btn-hybrid-structure-shield-generator",
      "Description": "<span style=\"color: #FFFF80\">Contains upgrades for Hybrid units.</span><br/><br/><span style=\"color: #FFFF80\">Enables:<br/></span>- Screamers<br/>- Pollinators<br/>- Navigators",
      "Name": "Void Portal"
    },
    {
      "Id": "NHbrProcessor",
      "Icon": "btn-hybrid-building-roboticsfacility",
      "Description": "Contains upgrades for Hybrid units.<br/><br/><span style=\"color: #FFFF80\">Enables:</span><br/>- Upgrade Reaver to Advanced Reaver<br/>- Upgrade Dominator to Advanced Dominator",
      "Name": "Processor"
    },
    {
      "Id": "NHbrNemesisCatacomb",
      "Icon": "btn-hybrid-building-fleshbender",
      "Description": "Contains upgrades for Hybrid units.<br/><br/><span style=\"color: #FFFF80\">Enables:</span><br/>- Nemesis",
      "Name": "Nemesis Catacomb"
    },
    {
      "Id": "NHbrProcessingCore",
      "Icon": "btn-hybrid-building-artifactcontainmentfieldvoid",
      "Description": "Improve Void Rifts connected to Stasis Cell in <c val=\"#Network\">Network</span>. <span style=\"color: #FFFF80\">Contains upgrades for Hybrid units.</span><br/><br/><span style=\"color: #ffff8a\">Connected Network Allows:</span><br/>- Reavers<br/>- Dominators",
      "Name": "Processing Core"
    },
    {
      "Id": "NHbrCrystallicShrine",
      "Icon": "btn-hybrid-building-darkshrine",
      "Description": "Contains weapon and armor upgrades for Hybrid units <br/><br/><span style=\"color: #ffff8a\">Connected Network Allows:</span><br/>- Horrors",
      "Name": "Crystallic Shrine"
    },
    {
      "Id": "NHbrEngine",
      "Icon": "btn-hybrid-building-roboticssupportbay",
      "Description": "<span style=\"color: #FFFF80\">Containes upgrades for Hybrid units</span>.<br/><br/><span style=\"color: #FFFF80\">Enables:<br/></span>- Silents<br/>- Dreadnoks",
      "Name": "Engine"
    },
    {
      "Id": "NHbrVoidPortal",
      "Icon": "btn-hybrid-structure-shield-generator",
      "Description": "<span style=\"color: #FFFF80\">Contains upgrades for Hybrid units.</span><br/><br/><span style=\"color: #FFFF80\">Enables:<br/></span>- Screamers<br/>- Pollinators<br/>- Navigators",
      "Name": "Void Portal"
    },
    {
      "Id": "NHbrProcessor",
      "Icon": "btn-hybrid-building-roboticsfacility",
      "Description": "Contains upgrades for Hybrid units.<br/><br/><span style=\"color: #FFFF80\">Enables:</span><br/>- Upgrade Reaver to Advanced Reaver<br/>- Upgrade Dominator to Advanced Dominator",
      "Name": "Processor"
    },
    {
      "Id": "NHbrNemesisCatacomb",
      "Icon": "btn-hybrid-building-fleshbender",
      "Description": "Contains upgrades for Hybrid units.<br/><br/><span style=\"color: #FFFF80\">Enables:</span><br/>- Nemesis",
      "Name": "Nemesis Catacomb"
    }
  ],
  "Producers": [
    {
      "Id": "NHbrTemple",
      "Icon": "btn-hybrid-building-temple",
      "Description": "Primary structure. Can receive gathered resources.<br/><br/><span style=\"color: #ffff8a\">Enables:</span><br/>- Minions",
      "Name": "Temple"
    }
  ],
  "Commands": [
    {
      "Id": "Move",
      "Icon": "btn-command-move",
      "Tooltip": "Orders selected units to move to the target area or follow the target unit. Moving units will not engage enemies.",
      "Name": "Move",
      "AbilCmd": "move,Move"
    },
    {
      "Id": "Stop",
      "Icon": "btn-command-stop",
      "Tooltip": "Orders selected units to cancel all orders and stop moving.",
      "Name": "Stop",
      "AbilCmd": "stop,Stop"
    },
    {
      "Id": "MoveHoldPosition",
      "Icon": "btn-command-holdposition",
      "Tooltip": "Orders selected units to stay where they are and attack enemies that are within range. Units will neither chase down enemies nor move to engage.",
      "Name": "Hold Position",
      "AbilCmd": "move,HoldPos"
    },
    {
      "Id": "Attack",
      "Icon": "btn-command-attack",
      "Tooltip": "Orders selected units to move to the target point, fighting nearby enemies along the way. Targeting a unit with the Attack command orders that it be attacked until it is destroyed.",
      "Name": "Attack",
      "AbilCmd": "attack,Execute"
    },
    {
      "Id": "MovePatrol",
      "Icon": "btn-command-patrol",
      "Tooltip": "Orders selected units to patrol between their current position and the target area. Units will attack enemies and move to engage nearby enemies.",
      "Name": "Patrol",
      "AbilCmd": "move,Patrol"
    },
    {
      "Id": "GatherProt",
      "Icon": "btn-ability-protoss-gather",
      "Tooltip": "Orders Probe to gather resources from a selected Mineral Field or Vespene Geyser.",
      "Name": "Gather",
      "AbilCmd": "ProbeHarvest,Gather"
    },
    {
      "Id": "ReturnCargo",
      "Icon": "btn-command-returncargo",
      "Tooltip": "Returns the carried resources to the nearest drop-off point.",
      "Name": "Return Cargo",
      "AbilCmd": "ProbeHarvest,Return"
    },
    {
      "Id": "NHbrMinionBuild",
      "Icon": "btn-command-protoss-buildstructure",
      "Tooltip": "A list of basic structures.",
      "Name": "Warp In Structure",
      "AbilCmd": "255,255"
    },
    {
      "Id": "NHbrMinionBuild@Advanced",
      "Icon": "btn-command-protoss-buildadvancedstructure",
      "Tooltip": "A list of advanced structures.",
      "Name": "Warp In Advanced Structure",
      "AbilCmd": "255,255"
    },
    {
      "Id": "Spray",
      "Icon": "btn-command-spray",
      "Tooltip": "Orders the unit to apply your currently selected spray to the terrain at the target location.",
      "Name": "Spray",
      "AbilCmd": "NHbrSpray,Execute"
    },
    {
      "Id": "Halt",
      "Icon": "btn-command-stop",
      "Tooltip": "Halts construction of this structure. The partial construction will remain.",
      "Name": "Halt",
      "AbilCmd": "NHbrMinionBuild,Halt"
    },
    {
      "Id": "Halt",
      "Icon": "btn-command-stop",
      "Tooltip": "Halts construction of this structure. The partial construction will remain.",
      "Name": "Halt",
      "AbilCmd": "NHbrMinionBuild@Main,Halt"
    },
    {
      "Id": "NHbrMinionMorph@MechanicalReincarnation",
      "Icon": "btn-hybrid-unit-construct-minion",
      "Tooltip": "Minion transforms into a <span style=\"color: #ffff8a\">Spirit</span>, a small fast flying scout unit with low health.",
      "Name": "Mechanical Reincarnation",
      "AbilCmd": "NHbrMinionMorph@MechanicalReincarnation,Execute"
    },
    {
      "Id": "NHbrMinionBuild@WarpInTemple",
      "Icon": "btn-hybrid-building-temple",
      "Tooltip": "Primary structure. Can receive gathered resources.<br/><br/><span style=\"color: #ffff8a\">Enables:</span><br/>- Minions",
      "Name": "Warp In Temple",
      "AbilCmd": "NHbrMinionBuild,Build1"
    },
    {
      "Id": "NHbrMinionBuild@WarpInHarvester",
      "Icon": "btn-building-protoss-assimilator-ihanrii",
      "Tooltip": "Warped in over a Vespene Geyser to allow harvesting of vespene gas.",
      "Name": "Warp In Harvester",
      "AbilCmd": "NHbrMinionBuild,Build3"
    },
    {
      "Id": "NHbrMinionBuild@WarpInIonicCrystal",
      "Icon": "btn-hybrid-building-pylon",
      "Tooltip": "Provides supply. Supply allows you to warp in more units. Can teleport nearby Hybrid buildings to the target <c val=\"#Network\">Network</span> location.<br/><br/><c val=\"#Network\">Network Power Source.</span><br/><br/><span style=\"color: #ffff8a\">Moveable structure.</span>",
      "Name": "Warp In Ionic Crystal",
      "AbilCmd": "NHbrMinionBuild,Build2"
    },
    {
      "Id": "NHbrMinionBuild@WarpInConstructAntiAir",
      "Icon": "btn-hybrid-unit-construct-sentinel-antiair",
      "Tooltip": "Powerful Anti-Air guardian that test the strength of those who seek the Halls of Revelation. Can be transformed to Anti-Ground construct.<br/><br/><c val=\"#ColorAttackInfo\">Can attack air units.</span><br/><span style=\"color: #FFE303\">Detector</span>",
      "Name": "Warp In Construct (Anti-Air)",
      "AbilCmd": "NHbrMinionBuild,Build18"
    },
    {
      "Id": "NHbrMinionBuild@WarpInConstructAntiGround",
      "Icon": "btn-hybrid-unit-construct-sentinel-antiground",
      "Tooltip": "Powerful Anti-Ground guardian that test the strength of those who seek the Halls of Revelation. Can be transformed to Anti-Air construct.<br/><br/><c val=\"#ColorAttackInfo\">Can attack ground units.</span><br/><span style=\"color: #FFE303\">Detector</span>",
      "Name": "Warp In Construct (Anti-Ground)",
      "AbilCmd": "NHbrMinionBuild,Build17"
    },
    {
      "Id": "NHbrMinionBuild@WarpInVoidRift",
      "Icon": "btn-hybrid-building-voidrift",
      "Tooltip": "Warps in Hybrid units.<br/><br/><span style=\"color: #ffff8a\">Enables:</span><br/>- Warriors",
      "Name": "Warp In Void Rift",
      "AbilCmd": "NHbrMinionBuild,Build9"
    },
    {
      "Id": "NHbrMinionBuild@WarpInStasisCell",
      "Icon": "btn-hybrid-building-stasiscell",
      "Tooltip": "Improve Void Rifts connected to Stasis Cell in <c val=\"#Network\">Network</span>, <span style=\"color: #FFFF80\">containes upgrades for Hybrid units</span>.<br/><br/><span style=\"color: #ffff8a\">Connected Network Allows:</span><br/>- Flayers<br/>- Warbringers<br/>- Sentinels",
      "Name": "Warp In Stasis Cell",
      "AbilCmd": "NHbrMinionBuild,Build5"
    },
    {
      "Id": "NHbrMinionBuild@WarpInVespeneConcentrator",
      "Icon": "btn-hybrid-building-forge",
      "Tooltip": "Contains specific upgrades for Hybrids. Build nearby Harvesters to increase their vespene amount.",
      "Name": "Warp In Vespene Concentrator",
      "AbilCmd": "NHbrMinionBuild,Build6"
    },
    {
      "Id": "NHbrMinionBuild@WarpInTemple",
      "Icon": "btn-hybrid-building-temple",
      "Tooltip": "Primary structure. Can receive gathered resources.<br/><br/><span style=\"color: #ffff8a\">Enables:</span><br/>- Minions",
      "Name": "Warp In Temple",
      "AbilCmd": "NHbrMinionBuild@Main,Build1"
    },
    {
      "Id": "NHbrMinionBuild@WarpInHarvester",
      "Icon": "btn-building-protoss-assimilator-ihanrii",
      "Tooltip": "Warped in over a Vespene Geyser to allow harvesting of vespene gas.",
      "Name": "Warp In Harvester",
      "AbilCmd": "NHbrMinionBuild@Main,Build3"
    },
    {
      "Id": "NHbrMinionBuild@WarpInIonicCrystal",
      "Icon": "btn-hybrid-building-pylon",
      "Tooltip": "Provides supply. Supply allows you to warp in more units. Can teleport nearby Hybrid buildings to the target <c val=\"#Network\">Network</span> location.<br/><br/><c val=\"#Network\">Network Power Source.</span><br/><br/><span style=\"color: #ffff8a\">Moveable structure.</span>",
      "Name": "Warp In Ionic Crystal",
      "AbilCmd": "NHbrMinionBuild@Main,Build2"
    },
    {
      "Id": "NHbrMinionBuild@WarpInConstructAntiAir",
      "Icon": "btn-hybrid-unit-construct-sentinel-antiair",
      "Tooltip": "Powerful Anti-Air guardian that test the strength of those who seek the Halls of Revelation. Can be transformed to Anti-Ground construct.<br/><br/><c val=\"#ColorAttackInfo\">Can attack air units.</span><br/><span style=\"color: #FFE303\">Detector</span>",
      "Name": "Warp In Construct (Anti-Air)",
      "AbilCmd": "NHbrMinionBuild@Main,Build18"
    },
    {
      "Id": "NHbrMinionBuild@WarpInConstructAntiGround",
      "Icon": "btn-hybrid-unit-construct-sentinel-antiground",
      "Tooltip": "Powerful Anti-Ground guardian that test the strength of those who seek the Halls of Revelation. Can be transformed to Anti-Air construct.<br/><br/><c val=\"#ColorAttackInfo\">Can attack ground units.</span><br/><span style=\"color: #FFE303\">Detector</span>",
      "Name": "Warp In Construct (Anti-Ground)",
      "AbilCmd": "NHbrMinionBuild@Main,Build17"
    },
    {
      "Id": "NHbrMinionBuild@WarpInVoidRift",
      "Icon": "btn-hybrid-building-voidrift",
      "Tooltip": "Warps in Hybrid units.<br/><br/><span style=\"color: #ffff8a\">Enables:</span><br/>- Warriors",
      "Name": "Warp In Void Rift",
      "AbilCmd": "NHbrMinionBuild@Main,Build9"
    },
    {
      "Id": "NHbrMinionBuild@WarpInStasisCell",
      "Icon": "btn-hybrid-building-stasiscell",
      "Tooltip": "Improve Void Rifts connected to Stasis Cell in <c val=\"#Network\">Network</span>, <span style=\"color: #FFFF80\">containes upgrades for Hybrid units</span>.<br/><br/><span style=\"color: #ffff8a\">Connected Network Allows:</span><br/>- Flayers<br/>- Warbringers<br/>- Sentinels",
      "Name": "Warp In Stasis Cell",
      "AbilCmd": "NHbrMinionBuild@Main,Build5"
    },
    {
      "Id": "NHbrMinionBuild@WarpInVespeneConcentrator",
      "Icon": "btn-hybrid-building-forge",
      "Tooltip": "Contains specific upgrades for Hybrids. Build nearby Harvesters to increase their vespene amount.",
      "Name": "Warp In Vespene Concentrator",
      "AbilCmd": "NHbrMinionBuild@Main,Build6"
    },
    {
      "Id": "NHbrMinionBuild@WarpInProcessingCore",
      "Icon": "btn-hybrid-building-artifactcontainmentfieldvoid",
      "Tooltip": "Improve Void Rifts connected to Stasis Cell in <c val=\"#Network\">Network</span>. <span style=\"color: #FFFF80\">Contains upgrades for Hybrid units.</span><br/><br/><span style=\"color: #ffff8a\">Connected Network Allows:</span><br/>- Reavers<br/>- Dominators",
      "Name": "Warp In Processing Core",
      "AbilCmd": "NHbrMinionBuild,Build11"
    },
    {
      "Id": "NHbrMinionBuild@WarpInCrystallicShrine",
      "Icon": "btn-hybrid-building-darkshrine",
      "Tooltip": "Contains weapon and armor upgrades for Hybrid units <br/><br/><span style=\"color: #ffff8a\">Connected Network Allows:</span><br/>- Horrors",
      "Name": "Warp In Crystallic Shrine",
      "AbilCmd": "NHbrMinionBuild,Build10"
    },
    {
      "Id": "NHbrMinionBuild@WarpInEngine",
      "Icon": "btn-hybrid-building-roboticssupportbay",
      "Tooltip": "<span style=\"color: #FFFF80\">Containes upgrades for Hybrid units</span>.<br/><br/><span style=\"color: #FFFF80\">Enables:<br/></span>- Silents<br/>- Dreadnoks",
      "Name": "Warp In Engine",
      "AbilCmd": "NHbrMinionBuild,Build12"
    },
    {
      "Id": "NHbrMinionBuild@WarpInVoidPortal",
      "Icon": "btn-hybrid-structure-shield-generator",
      "Tooltip": "<span style=\"color: #FFFF80\">Contains upgrades for Hybrid units.</span><br/><br/><span style=\"color: #FFFF80\">Enables:<br/></span>- Screamers<br/>- Pollinators<br/>- Navigators",
      "Name": "Warp In Void Portal",
      "AbilCmd": "NHbrMinionBuild,Build7"
    },
    {
      "Id": "NHbrMinionBuild@WarpInProcessor",
      "Icon": "btn-hybrid-building-roboticsfacility",
      "Tooltip": "Contains upgrades for Hybrid units.<br/><br/><span style=\"color: #FFFF80\">Enables:</span><br/>- Upgrade Reaver to Advanced Reaver<br/>- Upgrade Dominator to Advanced Dominator",
      "Name": "Warp In Processor",
      "AbilCmd": "NHbrMinionBuild,Build13"
    },
    {
      "Id": "NHbrMinionBuild@WarpInNemesisCatacomb",
      "Icon": "btn-hybrid-building-fleshbender",
      "Tooltip": "Contains upgrades for Hybrid units.<br/><br/><span style=\"color: #FFFF80\">Enables:</span><br/>- Nemesis",
      "Name": "Warp In Nemesis Catacomb",
      "AbilCmd": "NHbrMinionBuild,Build14"
    },
    {
      "Id": "NHbrMinionBuild@WarpInProcessingCore",
      "Icon": "btn-hybrid-building-artifactcontainmentfieldvoid",
      "Tooltip": "Improve Void Rifts connected to Stasis Cell in <c val=\"#Network\">Network</span>. <span style=\"color: #FFFF80\">Contains upgrades for Hybrid units.</span><br/><br/><span style=\"color: #ffff8a\">Connected Network Allows:</span><br/>- Reavers<br/>- Dominators",
      "Name": "Warp In Processing Core",
      "AbilCmd": "NHbrMinionBuild@Main,Build11"
    },
    {
      "Id": "NHbrMinionBuild@WarpInCrystallicShrine",
      "Icon": "btn-hybrid-building-darkshrine",
      "Tooltip": "Contains weapon and armor upgrades for Hybrid units <br/><br/><span style=\"color: #ffff8a\">Connected Network Allows:</span><br/>- Horrors",
      "Name": "Warp In Crystallic Shrine",
      "AbilCmd": "NHbrMinionBuild@Main,Build10"
    },
    {
      "Id": "NHbrMinionBuild@WarpInEngine",
      "Icon": "btn-hybrid-building-roboticssupportbay",
      "Tooltip": "<span style=\"color: #FFFF80\">Containes upgrades for Hybrid units</span>.<br/><br/><span style=\"color: #FFFF80\">Enables:<br/></span>- Silents<br/>- Dreadnoks",
      "Name": "Warp In Engine",
      "AbilCmd": "NHbrMinionBuild@Main,Build12"
    },
    {
      "Id": "NHbrMinionBuild@WarpInVoidPortal",
      "Icon": "btn-hybrid-structure-shield-generator",
      "Tooltip": "<span style=\"color: #FFFF80\">Contains upgrades for Hybrid units.</span><br/><br/><span style=\"color: #FFFF80\">Enables:<br/></span>- Screamers<br/>- Pollinators<br/>- Navigators",
      "Name": "Warp In Void Portal",
      "AbilCmd": "NHbrMinionBuild@Main,Build7"
    },
    {
      "Id": "NHbrMinionBuild@WarpInProcessor",
      "Icon": "btn-hybrid-building-roboticsfacility",
      "Tooltip": "Contains upgrades for Hybrid units.<br/><br/><span style=\"color: #FFFF80\">Enables:</span><br/>- Upgrade Reaver to Advanced Reaver<br/>- Upgrade Dominator to Advanced Dominator",
      "Name": "Warp In Processor",
      "AbilCmd": "NHbrMinionBuild@Main,Build13"
    },
    {
      "Id": "NHbrMinionBuild@WarpInNemesisCatacomb",
      "Icon": "btn-hybrid-building-fleshbender",
      "Tooltip": "Contains upgrades for Hybrid units.<br/><br/><span style=\"color: #FFFF80\">Enables:</span><br/>- Nemesis",
      "Name": "Warp In Nemesis Catacomb",
      "AbilCmd": "NHbrMinionBuild@Main,Build14"
    }
  ]
}