{
  "Name": "Processing Core",
  "Description": "Improve Void Rifts connected to Stasis Cell in <c val=\"#Network\">Network</span>. <span style=\"color: #FFFF80\">Contains upgrades for Hybrid units.</span><br/><br/><span style=\"color: #ffff8a\">Connected Network Allows:</span><br/>- Reavers<br/>- Dominators",
  "DeathRevealFilters": "Visible;Player,Ally,Neutral,Missile,Dead,Hidden",
  "DeathRevealRadius": 3,
  "DeathRevealDuration": 4,
  "DeathRevealType": "Snapshot",
  "Race": "NHbr",
  "DefaultAcquireLevel": "Offensive",
  "Response": "Acquire",
  "ResourceState": "Unknown",
  "ResourceType": "Unknown",
  "LifeStart": 250,
  "LifeMax": 250,
  "LifeArmorName": "Hybrid Armor",
  "Mover": "Ground",
  "StationaryTurningRate": 719.4726,
  "TurningRate": 719.4726,
  "Radius": 1,
  "SeparationRadius": 1,
  "MinimapRadius": 1,
  "EditorCategories": {
    "ObjectType": "Structure",
    "ObjectFamily": "Melee"
  },
  "TacticalAIFilters": "-;Player,Ally,Neutral",
  "AIEvalFactor": 1,
  "Mass": 0.4,
  "FlagArray": [
    "Movable",
    "Unclickable",
    "Unhighlightable",
    "Untooltipable",
    "KillCredit",
    "ShowResources",
    "ClearRallyOnTargetLost",
    "PlayerRevivable",
    "CameraFollow",
    "PreventDefeat",
    "PreventDestroy",
    "PenaltyRevealed",
    "UseLineOfSight",
    "TownAlert",
    "NoPortraitTalk",
    "ArmorDisabledWhileConstructing"
  ],
  "EditorFlags": [
    "BlockStructures"
  ],
  "PushPriority": 10,
  "LeaderAlias": "NHbrProcessingCore",
  "HotkeyAlias": "NHbrProcessingCore",
  "SelectAlias": "NHbrProcessingCore",
  "SubgroupAlias": "NHbrProcessingCore",
  "OccludeHeight": 0.75,
  "TacticalAI": "NHbrProcessingCore",
  "AIEvaluateAlias": "NHbrProcessingCore",
  "ReviveType": "NHbrProcessingCore",
  "PawnItemReduction": 1,
  "Fidget": {
    "DelayMax": 30,
    "DelayMin": 10,
    "DistanceMax": 4,
    "DistanceMin": 1,
    "TurnAngle": 90,
    "TurningRate": 90,
    "ChanceArray": {
      "Idle": 100
    }
  },
  "ReviveInfoBase": {
    "Charge": {
      "Link": "NHbrProcessingCore/Revive",
      "Location": "Unit"
    },
    "Cooldown": {
      "Link": "NHbrProcessingCore/Revive",
      "Location": "Unit"
    }
  },
  "InnerRadiusSafetyMultiplier": 1,
  "ArmorType": "Unknown",
  "Collide": [
    "Burrow",
    "Ground",
    "Structure",
    "RoachBurrow",
    "ForceField",
    "Locust",
    "Phased",
    "Small"
  ],
  "FogVisibility": "Snapshot",
  "PlaneArray": [
    "Ground"
  ],
  "Attributes": [
    "Structure",
    "Armored"
  ],
  "ShieldArmorName": "Hybrid Protection",
  "HotkeyCategory": "Unit/Category/NHbrUnits",
  "SubgroupPriority": 3,
  "DataCollection": "NHbrProcessingCore",
  "LifeArmor": 1,
  "ShieldArmor": 1,
  "Facing": 315,
  "ScoreResult": "BuildOrder",
  "CardLayouts": [
    {
      "LayoutButtons": [
        {
          "Face": "Cancel",
          "Type": "AbilCmd",
          "AbilCmd": "que5,CancelLast",
          "Row": 2,
          "Column": 4
        },
        {
          "Face": "CancelBuilding",
          "Type": "AbilCmd",
          "AbilCmd": "BuildInProgress,Cancel",
          "Row": 2,
          "Column": 4
        },
        {
          "Face": "NHbrDreadnokSlowingEjection@SlowingEjection",
          "Type": "AbilCmd",
          "AbilCmd": "NHbrProcessingCoreResearch,Research1",
          "Row": 0,
          "Column": 1
        },
        {
          "Face": "NHbrWarbringerOrbitalGuidance",
          "Type": "AbilCmd",
          "AbilCmd": "NHbrProcessingCoreResearch,Research2",
          "Row": 0,
          "Column": 0
        }
      ]
    }
  ],
  "AttackTargetPriority": 11,
  "Mob": "Multiplayer",
  "Sight": 9,
  "ShieldArmorTip": "Unit/ShieldArmorTooltip/NHbrShields",
  "LifeRegenDelay": 10,
  "ShieldRegenDelay": 10,
  "ShieldsStart": 150,
  "ShieldsMax": 150,
  "CostCategory": "Army",
  "CostResource": {
    "Minerals": 150
  },
  "Footprint": "Footprint2x2Contour",
  "PlacementFootprint": "Footprint2x2",
  "ScoreMake": 100,
  "ScoreKill": 100,
  "GlossaryPriority": 23,
  "KillDisplay": "Always",
  "EnergyStart": 20,
  "EnergyMax": 100,
  "Icon": "btn-hybrid-building-artifactcontainmentfieldvoid",
  "LifeArmorIcon": "btn-amonshardsarmor",
  "ShieldArmorIcon": "btn-ability-zeratul-warpprism-shieldboosters",
  "Id": "NHbrProcessingCore",
  "Behaviors": [
    {
      "Link": "NHbrProtection@SpellArmor",
      "Id": "NHbrProtection@SpellArmor"
    },
    {
      "Link": "NHbrCommon@BuildersTracker",
      "Id": "NHbrCommon@BuildersTracker"
    },
    {
      "Link": "NHbrNetwork@PowerUser",
      "Id": "NHbrNetwork@PowerUser",
      "Name": "Power User"
    },
    {
      "Link": "NHbrNetworkNEW@NetworkController",
      "Id": "NHbrNetworkNEW@NetworkController"
    }
  ],
  "Upgrades": [],
  "Abilities": [
    {
      "Link": "BuildInProgress",
      "Id": "BuildInProgress",
      "Name": "Build in Progress"
    },
    {
      "Link": "NHbrProcessingCoreResearch",
      "Id": "NHbrProcessingCoreResearch",
      "Name": "Research"
    },
    {
      "Link": "que5",
      "Id": "que5",
      "Name": "Queue (5)"
    }
  ],
  "Requirements": [
    {
      "Id": "NHbrEngine",
      "Icon": "btn-hybrid-building-roboticssupportbay",
      "Description": "<span style=\"color: #FFFF80\">Containes upgrades for Hybrid units</span>.<br/><br/><span style=\"color: #FFFF80\">Enables:<br/></span>- Silents<br/>- Dreadnoks",
      "Name": "Engine"
    }
  ],
  "Production": [
    {
      "Id": "NHbrDreadnokSlowingEjection",
      "Icon": "btn-upgrade-protoss-fenix-colossuschampionslowbeam",
      "Name": "Slowing Ejection"
    },
    {
      "Id": "NHbrWarbringerOrbitalGuidance",
      "Icon": "btn-upgrade-mengsk-engineeringbay-orbitaldrop",
      "Name": "Orbital Guidance"
    }
  ],
  "Producers": [
    {
      "Id": "NHbrIonicCrystal",
      "Icon": "btn-hybrid-building-pylon",
      "Description": "Provides supply. Supply allows you to warp in more units. Can teleport nearby Hybrid buildings to the target <c val=\"#Network\">Network</span> location.<br/><br/><c val=\"#Network\">Network Power Source.</span><br/><br/><span style=\"color: #ffff8a\">Moveable structure.</span>",
      "Name": "Ionic Crystal"
    },
    {
      "Id": "NHbrMinion",
      "Icon": "btn-hybrid-unit-harvester",
      "Description": "Basic worker unit. Can gather resources and warp in Hybrid structures. Can sacrifice itself to become a Spirit.<br/><br/><span style=\"color: #ffff8a\">Can attack ground units.</span>",
      "Name": "Minion"
    }
  ],
  "Commands": [
    {
      "Id": "Cancel",
      "Icon": "btn-command-cancel",
      "Tooltip": "Drops the current order without performing it, and allows you to select a different order.",
      "Name": "Cancel",
      "AbilCmd": "que5,CancelLast"
    },
    {
      "Id": "CancelBuilding",
      "Icon": "btn-command-cancel",
      "Tooltip": "Cancels construction of this structure, destroying the structure and giving a partial refund.",
      "Name": "Cancel",
      "AbilCmd": "BuildInProgress,Cancel"
    },
    {
      "Id": "NHbrDreadnokSlowingEjection@SlowingEjection",
      "Icon": "btn-upgrade-protoss-fenix-colossuschampionslowbeam",
      "Tooltip": "Dreadnock's attacks slow target by <span style=\"color: #FFFF80\"><b>45</b>%</span> for <span style=\"color: #FFFF80\"><b>2.1</b> seconds</span>.",
      "Name": "Slowing Ejection",
      "AbilCmd": "NHbrProcessingCoreResearch,Research1"
    },
    {
      "Id": "NHbrWarbringerOrbitalGuidance",
      "Icon": "btn-upgrade-mengsk-engineeringbay-orbitaldrop",
      "Tooltip": "Increases Warbringer's attack range of <span style=\"color: #FFFF80\">Mace Strike</span> by <span style=\"color: #ffff8a\"><b>2.00</b></span>.",
      "Name": "Orbital Guidance",
      "AbilCmd": "NHbrProcessingCoreResearch,Research2"
    }
  ]
}