{
  "Name": "Dominator",
  "Description": "Late-game psionic monstrous creature. Has a devastating ranged attack.<br/><br/><span style=\"color: #ffff8a\">Can attack air and ground units.</span>",
  "DeathRevealFilters": "Visible;Player,Ally,Neutral,Missile,Dead,Hidden",
  "DeathRevealRadius": 3,
  "DeathRevealDuration": 4,
  "DeathRevealType": "Snapshot",
  "Race": "NHbr",
  "DefaultAcquireLevel": "Offensive",
  "Response": "Acquire",
  "ResourceState": "Unknown",
  "ResourceType": "Unknown",
  "LifeStart": 125,
  "LifeMax": 125,
  "LifeArmorName": "Hybrid Armor",
  "Mover": "Ground",
  "StationaryTurningRate": 720,
  "TurningRate": 720,
  "Radius": 0.9375,
  "SeparationRadius": 0.5,
  "MinimapRadius": 0.5,
  "EditorCategories": {
    "ObjectType": "Unit",
    "ObjectFamily": "Melee"
  },
  "TacticalAIFilters": "-;Player,Ally,Neutral",
  "AIEvalFactor": 1,
  "Mass": 0.4,
  "FlagArray": [
    "Turnable",
    "Movable",
    "Unclickable",
    "Unhighlightable",
    "Untooltipable",
    "KillCredit",
    "ShowResources",
    "ClearRallyOnTargetLost",
    "PlayerRevivable",
    "CameraFollow",
    "PreventDestroy",
    "UseLineOfSight",
    "ArmySelect"
  ],
  "EditorFlags": [
    "BlockStructures"
  ],
  "PushPriority": 10,
  "LeaderAlias": "NHbrDominator",
  "HotkeyAlias": "NHbrDominator",
  "SelectAlias": "NHbrDominator",
  "SubgroupAlias": "NHbrDominator",
  "OccludeHeight": 0.75,
  "TacticalAI": "NHbrDominator",
  "AIEvaluateAlias": "NHbrDominator",
  "ReviveType": "NHbrDominator",
  "PawnItemReduction": 1,
  "Fidget": {
    "DelayMax": 30,
    "DelayMin": 10,
    "DistanceMax": 4,
    "DistanceMin": 1,
    "TurnAngle": 90,
    "TurningRate": 90,
    "ChanceArray": {
      "Idle": 100,
      "Anim": 0,
      "Turn": 0
    }
  },
  "ReviveInfoBase": {
    "Charge": {
      "Link": "NHbrDominator/Revive",
      "Location": "Unit"
    },
    "Cooldown": {
      "Link": "NHbrDominator/Revive",
      "Location": "Unit"
    }
  },
  "InnerRadiusSafetyMultiplier": 1,
  "ArmorType": "Unknown",
  "DataCollection": "NHbrDominator",
  "ShieldArmorName": "Hybrid Protection",
  "Acceleration": 6.25,
  "LateralAcceleration": 46.0625,
  "DamageDealtXP": 1,
  "DamageTakenXP": 1,
  "KillXP": 80,
  "LifeArmor": 1,
  "ShieldArmor": 1,
  "CardLayouts": [
    {
      "LayoutButtons": [
        {
          "Face": "Move",
          "Type": "AbilCmd",
          "AbilCmd": "move,Move",
          "Row": 0,
          "Column": 0
        },
        {
          "Face": "Stop",
          "Type": "AbilCmd",
          "AbilCmd": "stop,Stop",
          "Row": 0,
          "Column": 1
        },
        {
          "Face": "MoveHoldPosition",
          "Type": "AbilCmd",
          "AbilCmd": "move,HoldPos",
          "Row": 0,
          "Column": 2
        },
        {
          "Face": "Attack",
          "Type": "AbilCmd",
          "AbilCmd": "attack,Execute",
          "Row": 0,
          "Column": 4
        },
        {
          "Face": "MovePatrol",
          "Type": "AbilCmd",
          "AbilCmd": "move,Patrol",
          "Row": 0,
          "Column": 3
        },
        {
          "Face": "NHbrDominatorTimeWarp",
          "Type": "AbilCmd",
          "AbilCmd": "NHbrDominatorTimeWarp,Execute",
          "Row": 2,
          "Column": 0
        },
        {
          "Face": "GravitonPrison",
          "Type": "AbilCmd",
          "AbilCmd": "ZNHbrGravitonPrison,255",
          "Row": 2,
          "Column": 1
        },
        {
          "Face": "NHbrCPlasmaBlast",
          "Type": "AbilCmd",
          "AbilCmd": "ZNHbrPlasmaBlast,255",
          "Row": 2,
          "Column": 2
        },
        {
          "Face": "ZNHbrPsychicClones",
          "Type": "AbilCmd",
          "AbilCmd": "ZNHbrPsychicClones,255",
          "Row": 2,
          "Column": 3
        },
        {
          "Face": "NHbrDominatorUpgradeToAdvancedDominator",
          "Type": "Passive",
          "Requirements": "NHbrDominatorUpgradeToAdvancedDominator@Use",
          "Row": 1,
          "Column": 0
        }
      ]
    }
  ],
  "GlossaryCategory": "Unit/Category/NHbrUnits",
  "TauntDuration": {
    "Cheer": 0,
    "Dance": 0
  },
  "Mob": "Multiplayer",
  "AttackTargetPriority": 20,
  "PlaneArray": [
    "Ground"
  ],
  "Collide": [
    "Ground",
    "Small"
  ],
  "HotkeyCategory": "Unit/Category/NHbrUnits",
  "KillDisplay": "Always",
  "RankDisplay": "Always",
  "ScoreResult": "BuildOrder",
  "ShieldArmorTip": "Unit/ShieldArmorTooltip/NHbrShields",
  "LifeRegenDelay": 10,
  "ShieldRegenDelay": 10,
  "Attributes": [
    "Biological",
    "Psionic"
  ],
  "ShieldsStart": 125,
  "ShieldsMax": 125,
  "Speed": 2.3906,
  "Sight": 9,
  "InnerRadius": 0.8125,
  "ScoreKill": 1600,
  "SubgroupPriority": 59,
  "GlossaryPriority": 24,
  "EnergyStart": 50,
  "EnergyMax": 100,
  "CostResource": {
    "Minerals": 300,
    "Vespene": 200
  },
  "CargoSize": 8,
  "Food": -5,
  "Icon": "btn-hybrid-unit-destroyer",
  "LifeArmorIcon": "btn-upgrade-protoss-groundarmorlevel0",
  "ShieldArmorIcon": "btn-ability-zeratul-warpprism-shieldboosters",
  "Id": "NHbrDominator",
  "Weapons": [
    {
      "Link": "NHbrDominatorWeapon",
      "Id": "NHbrDominatorWeapon",
      "Icon": "btn-upgrade-protoss-groundweaponslevel0",
      "Name": "Psi Blast",
      "Amount": 45,
      "TargetFilters": "",
      "Range": 5,
      "Period": 2.08
    }
  ],
  "Behaviors": [
    {
      "Link": "NHbrProtection@SpellArmor",
      "Id": "NHbrProtection@SpellArmor"
    },
    {
      "Link": "NHbrNetwork@PowerUser",
      "Id": "NHbrNetwork@PowerUser",
      "Name": "Power User"
    }
  ],
  "Upgrades": [
    {
      "Link": "NHbrGroundArmors",
      "Id": "NHbrGroundArmors",
      "Name": "Hybrid Ground Armors"
    },
    {
      "Link": "NHbrGroundWeapons",
      "Id": "NHbrGroundWeapons",
      "Name": "Hybrid Ground Weapons"
    },
    {
      "Link": "NHbrEngineUpgrades@GroundArmorsLevel1",
      "Id": "NHbrEngineUpgrades@GroundArmorsLevel1",
      "Icon": "btn-upgrade-dehaka-groundcarapace-level1",
      "Name": "Hybrid Ground Armor Level 1"
    },
    {
      "Link": "NHbrEngineUpgrades@GroundArmorsLevel2",
      "Id": "NHbrEngineUpgrades@GroundArmorsLevel2",
      "Icon": "btn-upgrade-dehaka-groundcarapace-level2",
      "Name": "Hybrid Ground Armor Level 2"
    },
    {
      "Link": "NHbrEngineUpgrades@GroundArmorsLevel3",
      "Id": "NHbrEngineUpgrades@GroundArmorsLevel3",
      "Icon": "btn-upgrade-dehaka-groundcarapace-level3",
      "Name": "Hybrid Ground Armor Level 3"
    },
    {
      "Link": "NHbrEngineUpgrades@GroundWeaponsLevel1",
      "Id": "NHbrEngineUpgrades@GroundWeaponsLevel1",
      "Icon": "btn-upgrade-dehaka-bothattacks-level1",
      "Name": "Hybrid Ground Weapons Level 1"
    },
    {
      "Link": "NHbrEngineUpgrades@WeaponsLevel2",
      "Id": "NHbrEngineUpgrades@WeaponsLevel2",
      "Icon": "btn-upgrade-dehaka-bothattacks-level2",
      "Name": "Hybrid Ground Weapons Level 2"
    },
    {
      "Link": "NHbrEngineUpgrades@WeaponsLevel3",
      "Id": "NHbrEngineUpgrades@WeaponsLevel3",
      "Icon": "btn-upgrade-dehaka-bothattacks-level3",
      "Name": "Hybrid Ground Weapons Level 3"
    },
    {
      "Link": "NHbrDominatorUpgradeToAdvancedDominator",
      "Id": "NHbrDominatorUpgradeToAdvancedDominator",
      "Icon": "tip_hybriddominator",
      "Name": "Advanced Dominator"
    }
  ],
  "Abilities": [
    {
      "Link": "stop",
      "Id": "stop",
      "Name": "Stop"
    },
    {
      "Link": "attack",
      "Id": "attack",
      "Name": "Attack"
    },
    {
      "Link": "move",
      "Id": "move",
      "Name": "Move"
    },
    {
      "Link": "NHbrDominatorTimeWarp",
      "Id": "NHbrDominatorTimeWarp",
      "Name": "Time Warp"
    }
  ],
  "Requirements": [
    {
      "Id": "NHbrProcessingCore",
      "Name": "Processing Core"
    }
  ],
  "Production": [],
  "Producers": [
    {
      "Id": "NHbrVoidRift",
      "Icon": "btn-hybrid-building-voidrift",
      "Description": "Warps in Hybrid units.<br/><br/><span style=\"color: #ffff8a\">Enables:</span><br/>- Warriors",
      "Name": "Void Rift"
    }
  ],
  "Commands": [
    {
      "Id": "Move",
      "Icon": "btn-command-move",
      "Tooltip": "Orders selected units to move to the target area or follow the target unit. Moving units will not engage enemies.",
      "Name": "Move",
      "AbilCmd": "move,Move"
    },
    {
      "Id": "Stop",
      "Icon": "btn-command-stop",
      "Tooltip": "Orders selected units to cancel all orders and stop moving.",
      "Name": "Stop",
      "AbilCmd": "stop,Stop"
    },
    {
      "Id": "MoveHoldPosition",
      "Icon": "btn-command-holdposition",
      "Tooltip": "Orders selected units to stay where they are and attack enemies that are within range. Units will neither chase down enemies nor move to engage.",
      "Name": "Hold Position",
      "AbilCmd": "move,HoldPos"
    },
    {
      "Id": "Attack",
      "Icon": "btn-command-attack",
      "Tooltip": "Orders selected units to move to the target point, fighting nearby enemies along the way. Targeting a unit with the Attack command orders that it be attacked until it is destroyed.",
      "Name": "Attack",
      "AbilCmd": "attack,Execute"
    },
    {
      "Id": "MovePatrol",
      "Icon": "btn-command-patrol",
      "Tooltip": "Orders selected units to patrol between their current position and the target area. Units will attack enemies and move to engage nearby enemies.",
      "Name": "Patrol",
      "AbilCmd": "move,Patrol"
    },
    {
      "Id": "NHbrDominatorTimeWarp",
      "Icon": "btn-ability-protoss-invulnerabilityshield",
      "Tooltip": "Warps spacetime within the target area for <span style=\"color: #ffff8a\"><b>13.5</b></span> seconds. All enemy units and structures within the field will have attack and movement speeds reduced by <span style=\"color: #ffff8a\"><b>50</b>%</span>. Every <span style=\"color: #ffff8a\"><b>0.4</b></span> seconds units inside takes <span style=\"color: #ffff8a\"><b>2</b></span> damage up to maximum <span style=\"color: #ffff8a\"><b>75</b></span> damage.",
      "Name": "Time Warp",
      "AbilCmd": "NHbrDominatorTimeWarp,Execute"
    },
    {
      "AbilCmd": "ZNHbrGravitonPrison,255"
    },
    {
      "AbilCmd": "ZNHbrPlasmaBlast,255"
    },
    {
      "AbilCmd": "ZNHbrPsychicClones,255"
    }
  ]
}