{
  "Name": "Screamer",
  "Description": "Support mid-game air unit. Can restore <c val=\"#Network\">Network</span> to friendly units. Can use «Desolation» to cloak allies.<br/><br/><span style=\"color: #f078ff\">Restores <b>1.10</b> energy per second.</span><br/><br/><span style=\"color: #FFE303\">Detector</span><br/><br/><span style=\"color: #FFFF80\">Can attack ground and air units.</span>",
  "DeathRevealFilters": "Visible;Player,Ally,Neutral,Missile,Dead,Hidden",
  "DeathRevealRadius": 3,
  "DeathRevealDuration": 4,
  "DeathRevealType": "Snapshot",
  "Race": "NHbr",
  "DefaultAcquireLevel": "Offensive",
  "Response": "Acquire",
  "ResourceState": "Unknown",
  "ResourceType": "Unknown",
  "LifeStart": 120,
  "LifeMax": 120,
  "LifeArmorName": "Hybrid Armor",
  "Mover": "Fly",
  "StationaryTurningRate": 539.4726,
  "TurningRate": 539.4726,
  "Radius": 0.5,
  "SeparationRadius": 0.875,
  "MinimapRadius": 0.75,
  "EditorCategories": {
    "ObjectType": "Unit",
    "ObjectFamily": "Melee"
  },
  "TacticalAIFilters": "-;Player,Ally,Neutral",
  "AIEvalFactor": 1,
  "Mass": 0.4,
  "FlagArray": [
    "Turnable",
    "Movable",
    "Unclickable",
    "Unhighlightable",
    "Untooltipable",
    "KillCredit",
    "ShowResources",
    "ClearRallyOnTargetLost",
    "PlayerRevivable",
    "CameraFollow",
    "UseLineOfSight",
    "ArmySelect"
  ],
  "EditorFlags": [
    "BlockStructures"
  ],
  "PushPriority": 10,
  "LeaderAlias": "NHbrScreamer",
  "HotkeyAlias": "NHbrScreamer",
  "SelectAlias": "NHbrScreamer",
  "SubgroupAlias": "NHbrScreamer",
  "OccludeHeight": 0.75,
  "TacticalAI": "NHbrScreamer",
  "AIEvaluateAlias": "NHbrScreamer",
  "ReviveType": "NHbrScreamer",
  "PawnItemReduction": 1,
  "Fidget": {
    "DelayMax": 30,
    "DelayMin": 10,
    "DistanceMax": 4,
    "DistanceMin": 1,
    "TurnAngle": 90,
    "TurningRate": 90,
    "ChanceArray": {
      "Idle": 100
    }
  },
  "ReviveInfoBase": {
    "Charge": {
      "Link": "NHbrScreamer/Revive",
      "Location": "Unit"
    },
    "Cooldown": {
      "Link": "NHbrScreamer/Revive",
      "Location": "Unit"
    }
  },
  "InnerRadiusSafetyMultiplier": 1,
  "ArmorType": "Unknown",
  "Mob": "Multiplayer",
  "PlaneArray": [
    "Air"
  ],
  "Collide": [
    "Flying"
  ],
  "ShieldArmorName": "Hybrid Protection",
  "Acceleration": 1.875,
  "AttackTargetPriority": 20,
  "DamageDealtXP": 1,
  "DamageTakenXP": 1,
  "KillXP": 400,
  "LifeArmor": 1,
  "ShieldArmor": 1,
  "CardLayouts": [
    {
      "LayoutButtons": [
        {
          "Face": "Move",
          "Type": "AbilCmd",
          "AbilCmd": "move,Move",
          "Row": 0,
          "Column": 0
        },
        {
          "Face": "Stop",
          "Type": "AbilCmd",
          "AbilCmd": "stop,Stop",
          "Row": 0,
          "Column": 1
        },
        {
          "Face": "MoveHoldPosition",
          "Type": "AbilCmd",
          "AbilCmd": "move,HoldPos",
          "Row": 0,
          "Column": 2
        },
        {
          "Face": "Attack",
          "Type": "AbilCmd",
          "AbilCmd": "attack,Execute",
          "Row": 0,
          "Column": 4
        },
        {
          "Face": "MovePatrol",
          "Type": "AbilCmd",
          "AbilCmd": "move,Patrol",
          "Row": 0,
          "Column": 3
        },
        {
          "Face": "NHbrScreamerDesolation@Desolation",
          "Type": "AbilCmd",
          "AbilCmd": "NHbrScreamerDesolation,Execute",
          "Row": 2,
          "Column": 1
        },
        {
          "Face": "NHbrScreamerEnergation",
          "Type": "AbilCmd",
          "AbilCmd": "NHbrScreamerEnergation@Energation,Execute",
          "Row": 2,
          "Column": 0
        }
      ]
    }
  ],
  "ScoreResult": "BuildOrder",
  "GlossaryCategory": "Unit/Category/NHbrUnits",
  "HotkeyCategory": "Unit/Category/NHbrUnits",
  "KillDisplay": "Always",
  "RankDisplay": "Always",
  "DataCollection": "NHbrScreamer",
  "Sight": 9,
  "ShieldArmorTip": "Unit/ShieldArmorTooltip/NHbrShields",
  "LifeRegenDelay": 10,
  "ShieldRegenDelay": 10,
  "Attributes": [
    "Light",
    "Biological",
    "Psionic"
  ],
  "EnergyStart": 100,
  "EnergyMax": 100,
  "ShieldsStart": 90,
  "ShieldsMax": 90,
  "Speed": 2.4218,
  "Height": 3.75,
  "VisionHeight": 4,
  "Food": -2,
  "CostCategory": "Army",
  "CostResource": {
    "Minerals": 150,
    "Vespene": 75
  },
  "SubgroupPriority": 58,
  "GlossaryPriority": 31,
  "GlossaryStrongArray": [
    "Battlecruiser",
    "Mutalisk",
    "Phoenix"
  ],
  "GlossaryWeakArray": [
    "MissileTurret",
    "VikingFighter",
    "Corruptor"
  ],
  "EnergyRegenRate": 1.1015,
  "Icon": "btn-hybrid-unit-screamer",
  "LifeArmorIcon": "btn-upgrade-zerg-flyercarapace-level0",
  "ShieldArmorIcon": "btn-ability-zeratul-warpprism-shieldboosters",
  "Id": "NHbrScreamer",
  "Weapons": [
    {
      "Link": "NHbrScreamerParasiteGlaive",
      "Id": "NHbrScreamerParasiteGlaive",
      "Icon": "btn-upgrade-vorazun-shadowstun",
      "Name": "Parasite Glaive",
      "Amount": 5,
      "Kind": "Ranged",
      "TargetFilters": "",
      "Range": 6,
      "Period": 0.89
    }
  ],
  "Behaviors": [
    {
      "Link": "NHbrProtection@SpellArmor",
      "Id": "NHbrProtection@SpellArmor"
    },
    {
      "Link": "NHbrNetwork@PowerUser",
      "Id": "NHbrNetwork@PowerUser",
      "Name": "Power User"
    },
    {
      "Link": "Detector11",
      "Id": "Detector11",
      "Tooltip": "This unit can detect cloaked or burrowed units within its sight range.",
      "Name": "Detector"
    }
  ],
  "Upgrades": [
    {
      "Link": "NHbrAirArmors",
      "Id": "NHbrAirArmors",
      "Name": "Hybrid Air Armors"
    },
    {
      "Link": "NHbrAirWeapons",
      "Id": "NHbrAirWeapons",
      "Name": "Hybrid Air Weapons"
    },
    {
      "Link": "NHbrVoidPortalUpgrades@GroundWeaponsLevel1",
      "Id": "NHbrVoidPortalUpgrades@GroundWeaponsLevel1",
      "Icon": "btn-upgrade-dehaka-airattacks-level1",
      "Name": "Hybrid Air Weapons Level 1"
    },
    {
      "Link": "NHbrVoidPortalUpgrades@WeaponsLevel2",
      "Id": "NHbrVoidPortalUpgrades@WeaponsLevel2",
      "Icon": "btn-upgrade-dehaka-airattacks-level2",
      "Name": "Hybrid Air Weapons Level 2"
    },
    {
      "Link": "NHbrVoidPortalUpgrades@WeaponsLevel3",
      "Id": "NHbrVoidPortalUpgrades@WeaponsLevel3",
      "Icon": "btn-upgrade-dehaka-airattacks-level3",
      "Name": "Hybrid Air Weapons Level 3"
    },
    {
      "Link": "NHbrVoidPortalUpgrades@AirArmorsLevel1",
      "Id": "NHbrVoidPortalUpgrades@AirArmorsLevel1",
      "Icon": "btn-upgrade-zerg-flyercarapace-level1",
      "Name": "Hybrid Air Armor Level 1"
    },
    {
      "Link": "NHbrVoidPortalUpgrades@AirArmorsLevel2",
      "Id": "NHbrVoidPortalUpgrades@AirArmorsLevel2",
      "Icon": "btn-upgrade-zerg-flyercarapace-level2",
      "Name": "Hybrid Air Armor Level 2"
    },
    {
      "Link": "NHbrVoidPortalUpgrades@AirArmorsLevel3",
      "Id": "NHbrVoidPortalUpgrades@AirArmorsLevel3",
      "Icon": "btn-upgrade-zerg-flyercarapace-level3",
      "Name": "Hybrid Air Armor Level 3"
    }
  ],
  "Abilities": [
    {
      "Link": "stop",
      "Id": "stop",
      "Name": "Stop"
    },
    {
      "Link": "attack",
      "Id": "attack",
      "Name": "Attack"
    },
    {
      "Link": "move",
      "Id": "move",
      "Name": "Move"
    },
    {
      "Link": "NHbrScreamerDesolation",
      "Id": "NHbrScreamerDesolation",
      "Name": "Desolation"
    },
    {
      "Link": "NHbrScreamerEnergation@Energation",
      "Id": "NHbrScreamerEnergation@Energation",
      "Name": "Energation"
    }
  ],
  "Requirements": [
    {
      "Id": "NHbrVoidPortal",
      "Icon": "btn-hybrid-structure-shield-generator",
      "Description": "<span style=\"color: #FFFF80\">Contains upgrades for Hybrid units.</span><br/><br/><span style=\"color: #FFFF80\">Enables:<br/></span>- Screamers<br/>- Pollinators<br/>- Navigators",
      "Name": "Void Portal"
    }
  ],
  "Production": [],
  "Producers": [
    {
      "Id": "NHbrVoidRift",
      "Icon": "btn-hybrid-building-voidrift",
      "Description": "Warps in Hybrid units.<br/><br/><span style=\"color: #ffff8a\">Enables:</span><br/>- Warriors",
      "Name": "Void Rift"
    }
  ],
  "Commands": [
    {
      "Id": "Move",
      "Icon": "btn-command-move",
      "Tooltip": "Orders selected units to move to the target area or follow the target unit. Moving units will not engage enemies.",
      "Name": "Move",
      "AbilCmd": "move,Move"
    },
    {
      "Id": "Stop",
      "Icon": "btn-command-stop",
      "Tooltip": "Orders selected units to cancel all orders and stop moving.",
      "Name": "Stop",
      "AbilCmd": "stop,Stop"
    },
    {
      "Id": "MoveHoldPosition",
      "Icon": "btn-command-holdposition",
      "Tooltip": "Orders selected units to stay where they are and attack enemies that are within range. Units will neither chase down enemies nor move to engage.",
      "Name": "Hold Position",
      "AbilCmd": "move,HoldPos"
    },
    {
      "Id": "Attack",
      "Icon": "btn-command-attack",
      "Tooltip": "Orders selected units to move to the target point, fighting nearby enemies along the way. Targeting a unit with the Attack command orders that it be attacked until it is destroyed.",
      "Name": "Attack",
      "AbilCmd": "attack,Execute"
    },
    {
      "Id": "MovePatrol",
      "Icon": "btn-command-patrol",
      "Tooltip": "Orders selected units to patrol between their current position and the target area. Units will attack enemies and move to engage nearby enemies.",
      "Name": "Patrol",
      "AbilCmd": "move,Patrol"
    },
    {
      "Id": "NHbrScreamerDesolation@Desolation",
      "Icon": "btn-ability-spearofadun-shieldovercharge",
      "Tooltip": "Creates a cloak aura around the Screamer. All units in range are cloaked for <span style=\"color: #FFFF80\"><b>4.2</b> seconds</span>.",
      "Name": "Desolation",
      "AbilCmd": "NHbrScreamerDesolation,Execute"
    },
    {
      "Id": "NHbrScreamerEnergation",
      "Icon": "btn-ability-zeratul-warpprism-transferlink",
      "Tooltip": "Restores <b>1.7</b> <c val=\"#Network\">Network</span> per 1 <span style=\"color: #f078ff\">Energy</span>  to target unit.",
      "Name": "Energation",
      "AbilCmd": "NHbrScreamerEnergation@Energation,Execute"
    }
  ]
}