{
  "Name": "Vespene Concentrator",
  "Description": "Contains specific upgrades for Hybrids. Build nearby Harvesters to increase their vespene amount.",
  "DeathRevealFilters": "Visible;Player,Ally,Neutral,Missile,Dead,Hidden",
  "DeathRevealRadius": 3,
  "DeathRevealDuration": 4,
  "DeathRevealType": "Snapshot",
  "Race": "NHbr",
  "DefaultAcquireLevel": "Offensive",
  "Response": "Acquire",
  "ResourceState": "Unknown",
  "ResourceType": "Unknown",
  "LifeStart": 300,
  "LifeMax": 300,
  "LifeArmorName": "Hybrid Armor",
  "Mover": "Ground",
  "StationaryTurningRate": 719.4726,
  "TurningRate": 719.4726,
  "Radius": 1.25,
  "SeparationRadius": 1.5,
  "MinimapRadius": 1.5,
  "EditorCategories": {
    "ObjectType": "Structure",
    "ObjectFamily": "Melee"
  },
  "TacticalAIFilters": "-;Player,Ally,Neutral",
  "AIEvalFactor": 1,
  "Mass": 0.4,
  "FlagArray": [
    "Movable",
    "Unclickable",
    "Unhighlightable",
    "Untooltipable",
    "KillCredit",
    "ShowResources",
    "ClearRallyOnTargetLost",
    "PlayerRevivable",
    "CameraFollow",
    "PreventDefeat",
    "PreventDestroy",
    "PenaltyRevealed",
    "UseLineOfSight",
    "TownAlert",
    "NoPortraitTalk",
    "ArmorDisabledWhileConstructing",
    "PreventReveal",
    "TownCamera"
  ],
  "EditorFlags": [
    "BlockStructures"
  ],
  "PushPriority": 10,
  "LeaderAlias": "NHbrVespeneConcentrator",
  "HotkeyAlias": "NHbrVespeneConcentrator",
  "SelectAlias": "NHbrVespeneConcentrator",
  "SubgroupAlias": "NHbrVespeneConcentrator",
  "OccludeHeight": 0.75,
  "TacticalAI": "NHbrVespeneConcentrator",
  "AIEvaluateAlias": "NHbrVespeneConcentrator",
  "ReviveType": "NHbrVespeneConcentrator",
  "PawnItemReduction": 1,
  "Fidget": {
    "DelayMax": 30,
    "DelayMin": 10,
    "DistanceMax": 4,
    "DistanceMin": 1,
    "TurnAngle": 90,
    "TurningRate": 90,
    "ChanceArray": {
      "Idle": 100
    }
  },
  "ReviveInfoBase": {
    "Charge": {
      "Link": "NHbrVespeneConcentrator/Revive",
      "Location": "Unit"
    },
    "Cooldown": {
      "Link": "NHbrVespeneConcentrator/Revive",
      "Location": "Unit"
    }
  },
  "InnerRadiusSafetyMultiplier": 1,
  "ArmorType": "Unknown",
  "Collide": [
    "Burrow",
    "Ground",
    "Structure",
    "RoachBurrow",
    "ForceField",
    "Locust",
    "Phased",
    "Small"
  ],
  "FogVisibility": "Snapshot",
  "PlaneArray": [
    "Ground"
  ],
  "Attributes": [
    "Structure",
    "Armored"
  ],
  "ShieldArmorName": "Hybrid Protection",
  "HotkeyCategory": "Unit/Category/NHbrUnits",
  "SubgroupPriority": 28,
  "DataCollection": "NHbrVespeneConcentrator",
  "LifeArmor": 1,
  "ShieldArmor": 1,
  "Facing": 315,
  "ScoreResult": "BuildOrder",
  "CardLayouts": [
    {
      "LayoutButtons": [
        {
          "Face": "Cancel",
          "Type": "AbilCmd",
          "AbilCmd": "que5,CancelLast",
          "Row": 2,
          "Column": 4
        },
        {
          "Face": "CancelBuilding",
          "Type": "AbilCmd",
          "AbilCmd": "BuildInProgress,Cancel",
          "Row": 2,
          "Column": 4
        },
        {
          "Face": "NHbrVespeneConcentratorVespeneConcentration",
          "Type": "Passive",
          "Behavior": "NHbrVespeneConcentratorVespeneConcentration@DummyTimer",
          "Row": 0,
          "Column": 0
        },
        {
          "Face": "NHbrNetworkFastCharging@FastCharging",
          "Type": "AbilCmd",
          "AbilCmd": "NHbrVespeneConcentratorResearch,Research2",
          "Row": 0,
          "Column": 1
        },
        {
          "Face": "NHbrVoidRiftTransfer",
          "Type": "AbilCmd",
          "AbilCmd": "NHbrVespeneConcentratorResearch,Research3",
          "Row": 0,
          "Column": 2
        }
      ]
    }
  ],
  "AttackTargetPriority": 11,
  "Mob": "Multiplayer",
  "Sight": 9,
  "ShieldArmorTip": "Unit/ShieldArmorTooltip/NHbrShields",
  "LifeRegenDelay": 10,
  "ShieldRegenDelay": 10,
  "EnergyStart": 20,
  "EnergyMax": 100,
  "ShieldsStart": 200,
  "ShieldsMax": 200,
  "CostCategory": "Economy",
  "CostResource": {
    "Minerals": 175
  },
  "Footprint": "Footprint3x3Contour",
  "PlacementFootprint": "Footprint3x3",
  "ScoreMake": 200,
  "ScoreKill": 200,
  "GlossaryPriority": 13,
  "Icon": "btn-hybrid-building-forge",
  "LifeArmorIcon": "btn-amonshardsarmor",
  "ShieldArmorIcon": "btn-ability-zeratul-warpprism-shieldboosters",
  "Id": "NHbrVespeneConcentrator",
  "Behaviors": [
    {
      "Link": "NHbrProtection@SpellArmor",
      "Id": "NHbrProtection@SpellArmor"
    },
    {
      "Link": "NHbrCommon@BuildersTracker",
      "Id": "NHbrCommon@BuildersTracker"
    },
    {
      "Link": "NHbrNetwork@PowerUser",
      "Id": "NHbrNetwork@PowerUser",
      "Name": "Power User"
    },
    {
      "Link": "NHbrVespeneConcentratorVespeneConcentration@PeriodicSearch",
      "Id": "NHbrVespeneConcentratorVespeneConcentration@PeriodicSearch"
    },
    {
      "Link": "NHbrVespeneConcentratorVespeneConcentration@UnitTracker",
      "Id": "NHbrVespeneConcentratorVespeneConcentration@UnitTracker"
    }
  ],
  "Upgrades": [],
  "Abilities": [
    {
      "Link": "BuildInProgress",
      "Id": "BuildInProgress",
      "Name": "Build in Progress"
    },
    {
      "Link": "que5",
      "Id": "que5",
      "Name": "Queue (5)"
    },
    {
      "Link": "NHbrVespeneConcentratorResearch",
      "Id": "NHbrVespeneConcentratorResearch",
      "Name": "Research"
    }
  ],
  "Requirements": [
    {
      "Id": "NHbrVoidRift",
      "Icon": "btn-hybrid-building-voidrift",
      "Description": "Warps in Hybrid units.<br/><br/><span style=\"color: #ffff8a\">Enables:</span><br/>- Warriors",
      "Name": "Void Rift"
    }
  ],
  "Production": [
    {
      "Id": "NHbrNetworkFastCharging",
      "Icon": "btn-ability-protoss-doubleshieldrecharge",
      "Name": "Fast Charging"
    },
    {
      "Id": "NHbrVoidRiftTransfer",
      "Icon": "tip_voidrift",
      "Name": "Transfer"
    }
  ],
  "Producers": [
    {
      "Id": "NHbrIonicCrystal",
      "Icon": "btn-hybrid-building-pylon",
      "Description": "Provides supply. Supply allows you to warp in more units. Can teleport nearby Hybrid buildings to the target <c val=\"#Network\">Network</span> location.<br/><br/><c val=\"#Network\">Network Power Source.</span><br/><br/><span style=\"color: #ffff8a\">Moveable structure.</span>",
      "Name": "Ionic Crystal"
    },
    {
      "Id": "NHbrMinion",
      "Icon": "btn-hybrid-unit-harvester",
      "Description": "Basic worker unit. Can gather resources and warp in Hybrid structures. Can sacrifice itself to become a Spirit.<br/><br/><span style=\"color: #ffff8a\">Can attack ground units.</span>",
      "Name": "Minion"
    }
  ],
  "Commands": [
    {
      "Id": "Cancel",
      "Icon": "btn-command-cancel",
      "Tooltip": "Drops the current order without performing it, and allows you to select a different order.",
      "Name": "Cancel",
      "AbilCmd": "que5,CancelLast"
    },
    {
      "Id": "CancelBuilding",
      "Icon": "btn-command-cancel",
      "Tooltip": "Cancels construction of this structure, destroying the structure and giving a partial refund.",
      "Name": "Cancel",
      "AbilCmd": "BuildInProgress,Cancel"
    },
    {
      "Id": "NHbrNetworkFastCharging@FastCharging",
      "Icon": "btn-ability-protoss-doubleshieldrecharge",
      "Tooltip": "Reduces <c val=\"#Network\">Network</span> Power Sources («Ionic Crystal» and «Navigator») charging time from <span style=\"color: #FFFF80\"><b>84</b></span> seconds to <span style=\"color: #FFFF80\"><b>20</b></span> seconds.",
      "Name": "Fast Charging",
      "AbilCmd": "NHbrVespeneConcentratorResearch,Research2"
    },
    {
      "Id": "NHbrVoidRiftTransfer",
      "Icon": "tip_voidrift",
      "Tooltip": "Allows <span style=\"color: #ffff8a\">Void Rifts</span> to transfer ground units between each other while they are connected to <c val=\"#Network\">Network</span>.",
      "Name": "Transfer",
      "AbilCmd": "NHbrVespeneConcentratorResearch,Research3"
    }
  ]
}