{
  "Name": "Processor",
  "Description": "Contains upgrades for Hybrid units.<br/><br/><span style=\"color: #FFFF80\">Enables:</span><br/>- Upgrade Reaver to Advanced Reaver<br/>- Upgrade Dominator to Advanced Dominator",
  "DeathRevealFilters": "Visible;Player,Ally,Neutral,Missile,Dead,Hidden",
  "DeathRevealRadius": 3,
  "DeathRevealDuration": 4,
  "DeathRevealType": "Snapshot",
  "Race": "NHbr",
  "DefaultAcquireLevel": "Offensive",
  "Response": "Acquire",
  "ResourceState": "Unknown",
  "ResourceType": "Unknown",
  "LifeStart": 700,
  "LifeMax": 700,
  "LifeArmorName": "Hybrid Armor",
  "Mover": "Ground",
  "StationaryTurningRate": 719.4726,
  "TurningRate": 719.4726,
  "Radius": 1,
  "SeparationRadius": 1,
  "MinimapRadius": 1.75,
  "EditorCategories": {
    "ObjectType": "Structure",
    "ObjectFamily": "Melee"
  },
  "TacticalAIFilters": "-;Player,Ally,Neutral",
  "AIEvalFactor": 1,
  "Mass": 0.4,
  "FlagArray": [
    "Movable",
    "Unclickable",
    "Unhighlightable",
    "Untooltipable",
    "KillCredit",
    "ShowResources",
    "ClearRallyOnTargetLost",
    "PlayerRevivable",
    "CameraFollow",
    "PreventDefeat",
    "PreventDestroy",
    "PenaltyRevealed",
    "UseLineOfSight",
    "TownAlert",
    "NoPortraitTalk",
    "ArmorDisabledWhileConstructing"
  ],
  "EditorFlags": [
    "BlockStructures"
  ],
  "PushPriority": 10,
  "LeaderAlias": "NHbrProcessor",
  "HotkeyAlias": "NHbrProcessor",
  "SelectAlias": "NHbrProcessor",
  "SubgroupAlias": "NHbrProcessor",
  "OccludeHeight": 0.75,
  "TacticalAI": "NHbrProcessor",
  "AIEvaluateAlias": "NHbrProcessor",
  "ReviveType": "NHbrProcessor",
  "PawnItemReduction": 1,
  "Fidget": {
    "DelayMax": 30,
    "DelayMin": 10,
    "DistanceMax": 4,
    "DistanceMin": 1,
    "TurnAngle": 90,
    "TurningRate": 90,
    "ChanceArray": {
      "Idle": 100
    }
  },
  "ReviveInfoBase": {
    "Charge": {
      "Link": "NHbrProcessor/Revive",
      "Location": "Unit"
    },
    "Cooldown": {
      "Link": "NHbrProcessor/Revive",
      "Location": "Unit"
    }
  },
  "InnerRadiusSafetyMultiplier": 1,
  "ArmorType": "Unknown",
  "Collide": [
    "Burrow",
    "Ground",
    "Structure",
    "RoachBurrow",
    "ForceField",
    "Locust",
    "Phased",
    "Small"
  ],
  "FogVisibility": "Snapshot",
  "PlaneArray": [
    "Ground"
  ],
  "Attributes": [
    "Structure",
    "Armored"
  ],
  "ShieldArmorName": "Hybrid Protection",
  "HotkeyCategory": "Unit/Category/NHbrUnits",
  "SubgroupPriority": 2,
  "DataCollection": "NHbrProcessor",
  "LifeArmor": 1,
  "ShieldArmor": 1,
  "Facing": 315,
  "ScoreResult": "BuildOrder",
  "CardLayouts": [
    {
      "LayoutButtons": [
        {
          "Face": "Cancel",
          "Type": "AbilCmd",
          "AbilCmd": "que5,CancelLast",
          "Row": 2,
          "Column": 4
        },
        {
          "Face": "CancelBuilding",
          "Type": "AbilCmd",
          "AbilCmd": "BuildInProgress,Cancel",
          "Row": 2,
          "Column": 4
        },
        {
          "Face": "NHbrReaverUpgradeToAdvancedReaver",
          "Type": "AbilCmd",
          "AbilCmd": "NHbrWorkshopResearch,Research1",
          "Row": 0,
          "Column": 0
        },
        {
          "Face": "NHbrDominatorUpgradeToAdvancedDominator",
          "Type": "AbilCmd",
          "AbilCmd": "NHbrWorkshopResearch,Research2",
          "Row": 0,
          "Column": 1
        }
      ]
    }
  ],
  "AttackTargetPriority": 11,
  "Mob": "Multiplayer",
  "Sight": 9,
  "ShieldArmorTip": "Unit/ShieldArmorTooltip/NHbrShields",
  "LifeRegenDelay": 10,
  "ShieldRegenDelay": 10,
  "ShieldsStart": 300,
  "ShieldsMax": 300,
  "CostResource": {
    "Minerals": 250,
    "Vespene": 200
  },
  "Footprint": "Footprint3x3Contour",
  "PlacementFootprint": "Footprint3x3",
  "EnergyStart": 20,
  "EnergyMax": 100,
  "GlossaryPriority": 25,
  "Icon": "btn-hybrid-building-roboticsfacility",
  "LifeArmorIcon": "btn-amonshardsarmor",
  "ShieldArmorIcon": "btn-ability-zeratul-warpprism-shieldboosters",
  "Id": "NHbrProcessor",
  "Behaviors": [
    {
      "Link": "NHbrProtection@SpellArmor",
      "Id": "NHbrProtection@SpellArmor"
    },
    {
      "Link": "NHbrCommon@BuildersTracker",
      "Id": "NHbrCommon@BuildersTracker"
    },
    {
      "Link": "NHbrNetwork@PowerUser",
      "Id": "NHbrNetwork@PowerUser",
      "Name": "Power User"
    }
  ],
  "Upgrades": [],
  "Abilities": [
    {
      "Link": "BuildInProgress",
      "Id": "BuildInProgress",
      "Name": "Build in Progress"
    },
    {
      "Link": "NHbrWorkshopResearch",
      "Id": "NHbrWorkshopResearch",
      "Name": "Research"
    },
    {
      "Link": "que5",
      "Id": "que5",
      "Name": "Queue (5)"
    }
  ],
  "Requirements": [
    {
      "Id": "NHbrEngine",
      "Icon": "btn-hybrid-building-roboticssupportbay",
      "Description": "<span style=\"color: #FFFF80\">Containes upgrades for Hybrid units</span>.<br/><br/><span style=\"color: #FFFF80\">Enables:<br/></span>- Silents<br/>- Dreadnoks",
      "Name": "Engine"
    }
  ],
  "Production": [
    {
      "Id": "NHbrReaverUpgradeToAdvancedReaver",
      "Icon": "tip_hybridbehemoth",
      "Name": "Advanced Reaver"
    },
    {
      "Id": "NHbrDominatorUpgradeToAdvancedDominator",
      "Icon": "tip_hybriddominator",
      "Name": "Advanced Dominator"
    }
  ],
  "Producers": [
    {
      "Id": "NHbrIonicCrystal",
      "Icon": "btn-hybrid-building-pylon",
      "Description": "Provides supply. Supply allows you to warp in more units. Can teleport nearby Hybrid buildings to the target <c val=\"#Network\">Network</span> location.<br/><br/><c val=\"#Network\">Network Power Source.</span><br/><br/><span style=\"color: #ffff8a\">Moveable structure.</span>",
      "Name": "Ionic Crystal"
    },
    {
      "Id": "NHbrMinion",
      "Icon": "btn-hybrid-unit-harvester",
      "Description": "Basic worker unit. Can gather resources and warp in Hybrid structures. Can sacrifice itself to become a Spirit.<br/><br/><span style=\"color: #ffff8a\">Can attack ground units.</span>",
      "Name": "Minion"
    }
  ],
  "Commands": [
    {
      "Id": "Cancel",
      "Icon": "btn-command-cancel",
      "Tooltip": "Drops the current order without performing it, and allows you to select a different order.",
      "Name": "Cancel",
      "AbilCmd": "que5,CancelLast"
    },
    {
      "Id": "CancelBuilding",
      "Icon": "btn-command-cancel",
      "Tooltip": "Cancels construction of this structure, destroying the structure and giving a partial refund.",
      "Name": "Cancel",
      "AbilCmd": "BuildInProgress,Cancel"
    },
    {
      "Id": "NHbrReaverUpgradeToAdvancedReaver",
      "Icon": "tip_hybridbehemoth",
      "Tooltip": "Upgrades <span style=\"color: #ffff8a\">Reaver</span> to <span style=\"color: #ffff8a\">Advanced Reaver</span>:<br/><br/><ul indent=\"2\" text=\"•\"><li/>Health <span style=\"color: #ffff8a\">+<b>75</b></span></ul><ul indent=\"2\" text=\"•\"><li/><span style=\"color: #FFFFFF\">Protection</span> <span style=\"color: #ffff8a\">+<b>50</b></span></ul><ul indent=\"2\" text=\"•\"><li/><c val=\"#Network\">Network</span> <span style=\"color: #ffff8a\">+<b>100</b></span></ul><ul indent=\"2\" text=\"•\"><li/>Movespeed <span style=\"color: #ffff8a\">+<b>0.29</b></span></ul><ul indent=\"2\" text=\"•\"><li/>Weapon Damage <span style=\"color: #ffff8a\">+<b>5.00</b></span></ul>",
      "Name": "Advanced Reaver",
      "AbilCmd": "NHbrWorkshopResearch,Research1"
    },
    {
      "Id": "NHbrDominatorUpgradeToAdvancedDominator",
      "Icon": "tip_hybriddominator",
      "Tooltip": "Upgrades <span style=\"color: #ffff8a\">Dominator</span> to <span style=\"color: #ffff8a\">Advanced Dominator</span>:<br/><br/><ul indent=\"2\" text=\"•\"><li/>Health <span style=\"color: #ffff8a\">+<b>50</b></span></ul><ul indent=\"2\" text=\"•\"><li/><span style=\"color: #FFFFFF\">Protection</span> <span style=\"color: #ffff8a\">+<b>25</b></span></ul><ul indent=\"2\" text=\"•\"><li/><c val=\"#Network\">Network</span> <span style=\"color: #ffff8a\">+<b>100</b></span></ul><ul indent=\"2\" text=\"•\"><li/>Movespeed <span style=\"color: #ffff8a\">+<b>0.18</b></span></ul><ul indent=\"2\" text=\"•\"><li/>Weapon Damage <span style=\"color: #ffff8a\">+<b>10.00</b></span></ul>",
      "Name": "Advanced Dominator",
      "AbilCmd": "NHbrWorkshopResearch,Research2"
    }
  ]
}