{
  "Name": "Stasis Cell",
  "Description": "Improve Void Rifts connected to Stasis Cell in <c val=\"#Network\">Network</span>, <span style=\"color: #FFFF80\">containes upgrades for Hybrid units</span>.<br/><br/><span style=\"color: #ffff8a\">Connected Network Allows:</span><br/>- Flayers<br/>- Warbringers<br/>- Sentinels",
  "DeathRevealFilters": "Visible;Player,Ally,Neutral,Missile,Dead,Hidden",
  "DeathRevealRadius": 3,
  "DeathRevealDuration": 4,
  "DeathRevealType": "Snapshot",
  "Race": "NHbr",
  "DefaultAcquireLevel": "Offensive",
  "Response": "Acquire",
  "ResourceState": "Unknown",
  "ResourceType": "Unknown",
  "LifeStart": 200,
  "LifeMax": 200,
  "LifeArmorName": "Hybrid Armor",
  "Mover": "Ground",
  "StationaryTurningRate": 719.4726,
  "TurningRate": 719.4726,
  "Radius": 1,
  "SeparationRadius": 1,
  "MinimapRadius": 1,
  "EditorCategories": {
    "ObjectType": "Structure",
    "ObjectFamily": "Melee"
  },
  "TacticalAIFilters": "-;Player,Ally,Neutral",
  "AIEvalFactor": 1,
  "Mass": 0.4,
  "FlagArray": [
    "Movable",
    "Unclickable",
    "Unhighlightable",
    "Untooltipable",
    "KillCredit",
    "ShowResources",
    "ClearRallyOnTargetLost",
    "PlayerRevivable",
    "CameraFollow",
    "PreventDefeat",
    "PreventDestroy",
    "PenaltyRevealed",
    "UseLineOfSight",
    "TownAlert",
    "NoPortraitTalk",
    "ArmorDisabledWhileConstructing"
  ],
  "EditorFlags": [
    "BlockStructures"
  ],
  "PushPriority": 10,
  "LeaderAlias": "NHbrStasisCell",
  "HotkeyAlias": "NHbrStasisCell",
  "SelectAlias": "NHbrStasisCell",
  "SubgroupAlias": "NHbrStasisCell",
  "OccludeHeight": 0.75,
  "TacticalAI": "NHbrStasisCell",
  "AIEvaluateAlias": "NHbrStasisCell",
  "ReviveType": "NHbrStasisCell",
  "PawnItemReduction": 1,
  "Fidget": {
    "DelayMax": 30,
    "DelayMin": 10,
    "DistanceMax": 4,
    "DistanceMin": 1,
    "TurnAngle": 90,
    "TurningRate": 90,
    "ChanceArray": {
      "Idle": 100
    }
  },
  "ReviveInfoBase": {
    "Charge": {
      "Link": "NHbrStasisCell/Revive",
      "Location": "Unit"
    },
    "Cooldown": {
      "Link": "NHbrStasisCell/Revive",
      "Location": "Unit"
    }
  },
  "InnerRadiusSafetyMultiplier": 1,
  "ArmorType": "Unknown",
  "Collide": [
    "Burrow",
    "Ground",
    "Structure",
    "RoachBurrow",
    "ForceField",
    "Locust",
    "Phased",
    "Small"
  ],
  "FogVisibility": "Snapshot",
  "PlaneArray": [
    "Ground"
  ],
  "Attributes": [
    "Structure",
    "Armored"
  ],
  "ShieldArmorName": "Hybrid Protection",
  "HotkeyCategory": "Unit/Category/NHbrUnits",
  "SubgroupPriority": 3,
  "DataCollection": "NHbrStasisCell",
  "LifeArmor": 1,
  "ShieldArmor": 1,
  "Facing": 315,
  "ScoreResult": "BuildOrder",
  "CardLayouts": [
    {
      "LayoutButtons": [
        {
          "Face": "Cancel",
          "Type": "AbilCmd",
          "AbilCmd": "que5,CancelLast",
          "Row": 2,
          "Column": 4
        },
        {
          "Face": "CancelBuilding",
          "Type": "AbilCmd",
          "AbilCmd": "BuildInProgress,Cancel",
          "Row": 2,
          "Column": 4
        },
        {
          "Face": "CancelBuilding",
          "Type": "AbilCmd",
          "AbilCmd": "BuildInProgress,Cancel",
          "Row": 2,
          "Column": 4
        },
        {
          "Face": "NHbrEngineUpgrades@GroundArmorLevel1",
          "Type": "AbilCmd",
          "AbilCmd": "NHbrStasisCellResearch,Research5",
          "Row": 0,
          "Column": 0
        },
        {
          "Face": "NHbrEngineUpgrades@GroundArmorLevel2",
          "Type": "AbilCmd",
          "AbilCmd": "NHbrStasisCellResearch,Research6",
          "Row": 0,
          "Column": 0
        },
        {
          "Face": "NHbrEngineUpgrades@GroundArmorLevel3",
          "Type": "AbilCmd",
          "AbilCmd": "NHbrStasisCellResearch,Research7",
          "Row": 0,
          "Column": 0
        },
        {
          "Face": "NHbrEngineUpgrades@GroundWeaponsLevel1",
          "Type": "AbilCmd",
          "AbilCmd": "NHbrStasisCellResearch,Research8",
          "Row": 0,
          "Column": 1
        },
        {
          "Face": "NHbrEngineUpgrades@GroundWeaponsLevel2",
          "Type": "AbilCmd",
          "AbilCmd": "NHbrStasisCellResearch,Research9",
          "Row": 0,
          "Column": 1
        },
        {
          "Face": "NHbrEngineUpgrades@GroundWeaponsLevel3",
          "Type": "AbilCmd",
          "AbilCmd": "NHbrStasisCellResearch,Research10",
          "Row": 0,
          "Column": 1
        },
        {
          "Face": "NHbrFlayerBerserker@Berserker",
          "Type": "AbilCmd",
          "AbilCmd": "NHbrStasisCellResearch,Research4",
          "Row": 1,
          "Column": 0
        },
        {
          "Face": "NHbrFlayerFury@Research",
          "Type": "AbilCmd",
          "AbilCmd": "NHbrStasisCellResearch,Research1",
          "Row": 1,
          "Column": 1
        },
        {
          "Face": "NHbrWarriorDeconstruction@Deconstruction",
          "Type": "AbilCmd",
          "AbilCmd": "NHbrStasisCellResearch,Research3",
          "Row": 1,
          "Column": 2
        }
      ]
    }
  ],
  "AttackTargetPriority": 11,
  "Mob": "Multiplayer",
  "Sight": 9,
  "ShieldArmorTip": "Unit/ShieldArmorTooltip/NHbrShields",
  "LifeRegenDelay": 10,
  "ShieldRegenDelay": 10,
  "ShieldsStart": 100,
  "ShieldsMax": 100,
  "CostCategory": "Army",
  "CostResource": {
    "Minerals": 150
  },
  "Footprint": "Footprint2x2Contour",
  "PlacementFootprint": "Footprint2x2",
  "ScoreMake": 100,
  "ScoreKill": 100,
  "GlossaryPriority": 12,
  "KillDisplay": "Always",
  "EnergyStart": 20,
  "EnergyMax": 100,
  "Icon": "btn-hybrid-building-stasiscell",
  "LifeArmorIcon": "btn-amonshardsarmor",
  "ShieldArmorIcon": "btn-ability-zeratul-warpprism-shieldboosters",
  "Id": "NHbrStasisCell",
  "Behaviors": [
    {
      "Link": "NHbrProtection@SpellArmor",
      "Id": "NHbrProtection@SpellArmor"
    },
    {
      "Link": "NHbrCommon@BuildersTracker",
      "Id": "NHbrCommon@BuildersTracker"
    },
    {
      "Link": "NHbrNetwork@PowerUser",
      "Id": "NHbrNetwork@PowerUser",
      "Name": "Power User"
    },
    {
      "Link": "NHbrNetworkNEW@NetworkController",
      "Id": "NHbrNetworkNEW@NetworkController"
    }
  ],
  "Upgrades": [],
  "Abilities": [
    {
      "Link": "BuildInProgress",
      "Id": "BuildInProgress",
      "Name": "Build in Progress"
    },
    {
      "Link": "NHbrStasisCellResearch",
      "Id": "NHbrStasisCellResearch",
      "Name": "Research"
    },
    {
      "Link": "que5",
      "Id": "que5",
      "Name": "Queue (5)"
    }
  ],
  "Requirements": [
    {
      "Id": "NHbrVoidRift",
      "Icon": "btn-hybrid-building-voidrift",
      "Description": "Warps in Hybrid units.<br/><br/><span style=\"color: #ffff8a\">Enables:</span><br/>- Warriors",
      "Name": "Void Rift"
    }
  ],
  "Production": [
    {
      "Id": "NHbrEngineUpgrades@GroundArmorsLevel1",
      "Icon": "btn-upgrade-dehaka-groundcarapace-level1",
      "Name": "Hybrid Ground Armor Level 1"
    },
    {
      "Id": "NHbrEngineUpgrades@GroundArmorsLevel2",
      "Icon": "btn-upgrade-dehaka-groundcarapace-level2",
      "Name": "Hybrid Ground Armor Level 2"
    },
    {
      "Id": "NHbrEngineUpgrades@GroundArmorsLevel3",
      "Icon": "btn-upgrade-dehaka-groundcarapace-level3",
      "Name": "Hybrid Ground Armor Level 3"
    },
    {
      "Id": "NHbrEngineUpgrades@GroundWeaponsLevel1",
      "Icon": "btn-upgrade-dehaka-bothattacks-level1",
      "Name": "Hybrid Ground Weapons Level 1"
    },
    {
      "Id": "NHbrEngineUpgrades@WeaponsLevel2",
      "Icon": "btn-upgrade-dehaka-bothattacks-level2",
      "Name": "Hybrid Ground Weapons Level 2"
    },
    {
      "Id": "NHbrEngineUpgrades@WeaponsLevel3",
      "Icon": "btn-upgrade-dehaka-bothattacks-level3",
      "Name": "Hybrid Ground Weapons Level 3"
    },
    {
      "Id": "NHbrFlayerBerserker@Berserker",
      "Icon": "btn-upgrade-kerrigan-broodlordspeed",
      "Name": "Berserker"
    },
    {
      "Id": "NHbrFlayerFury",
      "Icon": "btn-upgrade-zerg-adrenalglands",
      "Name": "Fury"
    },
    {
      "Id": "NHbrWarriorDeconstruction@Deconstruction",
      "Icon": "btn-upgrade-terran-nova-terrandefendermodestructureattack",
      "Name": "Deconstruction"
    }
  ],
  "Producers": [
    {
      "Id": "NHbrIonicCrystal",
      "Icon": "btn-hybrid-building-pylon",
      "Description": "Provides supply. Supply allows you to warp in more units. Can teleport nearby Hybrid buildings to the target <c val=\"#Network\">Network</span> location.<br/><br/><c val=\"#Network\">Network Power Source.</span><br/><br/><span style=\"color: #ffff8a\">Moveable structure.</span>",
      "Name": "Ionic Crystal"
    },
    {
      "Id": "NHbrMinion",
      "Icon": "btn-hybrid-unit-harvester",
      "Description": "Basic worker unit. Can gather resources and warp in Hybrid structures. Can sacrifice itself to become a Spirit.<br/><br/><span style=\"color: #ffff8a\">Can attack ground units.</span>",
      "Name": "Minion"
    }
  ],
  "Commands": [
    {
      "Id": "Cancel",
      "Icon": "btn-command-cancel",
      "Tooltip": "Drops the current order without performing it, and allows you to select a different order.",
      "Name": "Cancel",
      "AbilCmd": "que5,CancelLast"
    },
    {
      "Id": "CancelBuilding",
      "Icon": "btn-command-cancel",
      "Tooltip": "Cancels construction of this structure, destroying the structure and giving a partial refund.",
      "Name": "Cancel",
      "AbilCmd": "BuildInProgress,Cancel"
    },
    {
      "Id": "CancelBuilding",
      "Icon": "btn-command-cancel",
      "Tooltip": "Cancels construction of this structure, destroying the structure and giving a partial refund.",
      "Name": "Cancel",
      "AbilCmd": "BuildInProgress,Cancel"
    },
    {
      "Id": "NHbrEngineUpgrades@GroundArmorLevel1",
      "Icon": "btn-upgrade-dehaka-groundcarapace-level1",
      "Tooltip": "Upgrades armor of Hybrid ground units.",
      "Name": "Upgrade Ground Armor Level 1",
      "AbilCmd": "NHbrStasisCellResearch,Research5"
    },
    {
      "Id": "NHbrEngineUpgrades@GroundArmorLevel2",
      "Icon": "btn-upgrade-dehaka-groundcarapace-level2",
      "Tooltip": "Upgrades armor of Hybrid ground units.",
      "Name": "Upgrade Ground Armor Level 2",
      "AbilCmd": "NHbrStasisCellResearch,Research6"
    },
    {
      "Id": "NHbrEngineUpgrades@GroundArmorLevel3",
      "Icon": "btn-upgrade-dehaka-groundcarapace-level3",
      "Tooltip": "Upgrades armor of Hybrid ground units.",
      "Name": "Upgrade Ground Armor Level 3",
      "AbilCmd": "NHbrStasisCellResearch,Research7"
    },
    {
      "Id": "NHbrEngineUpgrades@GroundWeaponsLevel1",
      "Icon": "btn-upgrade-dehaka-bothattacks-level1",
      "Tooltip": "Upgrades weapon of Hybrid ground units.",
      "Name": "Upgrade Ground Weapons Level 1 ",
      "AbilCmd": "NHbrStasisCellResearch,Research8"
    },
    {
      "Id": "NHbrEngineUpgrades@GroundWeaponsLevel2",
      "Icon": "btn-upgrade-dehaka-bothattacks-level2",
      "Tooltip": "Upgrades weapon of Hybrid ground units.",
      "Name": "Upgrade Ground Weapons Level 2",
      "AbilCmd": "NHbrStasisCellResearch,Research9"
    },
    {
      "Id": "NHbrEngineUpgrades@GroundWeaponsLevel3",
      "Icon": "btn-upgrade-dehaka-bothattacks-level3",
      "Tooltip": "Upgrades weapon of Hybrid ground units.",
      "Name": "Upgrade Ground Weapons Level 3",
      "AbilCmd": "NHbrStasisCellResearch,Research10"
    },
    {
      "Id": "NHbrFlayerBerserker@Berserker",
      "Icon": "btn-upgrade-kerrigan-broodlordspeed",
      "Tooltip": "Increases Flayer's movespeed by <span style=\"color: #FFFF80\"><b>30</b>%</span>.",
      "Name": "Berserker",
      "AbilCmd": "NHbrStasisCellResearch,Research4"
    },
    {
      "Id": "NHbrFlayerFury@Research",
      "Icon": "btn-upgrade-zerg-adrenalglands",
      "Tooltip": "Periodically increases the number of hits of <span style=\"color: #FFFF80\">Flayer's </span>Basic Attacks from <span style=\"color: #ffff8a\"><b>2</b></span> to <span style=\"color: #ffff8a\"><b>4</b></span>.",
      "Name": "Fury",
      "AbilCmd": "NHbrStasisCellResearch,Research1"
    },
    {
      "Id": "NHbrWarriorDeconstruction@Deconstruction",
      "Icon": "btn-upgrade-terran-nova-terrandefendermodestructureattack",
      "Tooltip": "Increases Warrior's damage <span style=\"color: #FFFF80\">vs. Structures</span> by <span style=\"color: #FFFF80\"><b>200</b>%</span>.",
      "Name": "Deconstruction",
      "AbilCmd": "NHbrStasisCellResearch,Research3"
    }
  ]
}