{
  "Name": "Nemesis",
  "Description": "Flagship air unit. Can use two attack modes.<br/><br/><span style=\"color: #FFFF80\">Can attack ground and air units.</span>",
  "DeathRevealFilters": "Visible;Player,Ally,Neutral,Missile,Dead,Hidden",
  "DeathRevealRadius": 3,
  "DeathRevealDuration": 4,
  "DeathRevealType": "Snapshot",
  "Race": "NHbr",
  "DefaultAcquireLevel": "Offensive",
  "Response": "Acquire",
  "ResourceState": "Unknown",
  "ResourceType": "Unknown",
  "LifeStart": 350,
  "LifeMax": 350,
  "LifeArmorName": "Hybrid Armor",
  "Mover": "Fly",
  "StationaryTurningRate": 720,
  "TurningRate": 720,
  "Radius": 1.25,
  "SeparationRadius": 1.25,
  "MinimapRadius": 1.25,
  "EditorCategories": {
    "ObjectType": "Unit",
    "ObjectFamily": "Melee"
  },
  "TacticalAIFilters": "-;Player,Ally,Neutral",
  "AIEvalFactor": 0.55,
  "Mass": 0.4,
  "FlagArray": [
    "Turnable",
    "Movable",
    "Unclickable",
    "Unhighlightable",
    "Untooltipable",
    "KillCredit",
    "ShowResources",
    "ClearRallyOnTargetLost",
    "PlayerRevivable",
    "CameraFollow",
    "PreventDestroy",
    "UseLineOfSight",
    "ArmySelect"
  ],
  "EditorFlags": [
    "BlockStructures"
  ],
  "PushPriority": 10,
  "LeaderAlias": "NHbrNemesis",
  "HotkeyAlias": "NHbrNemesis",
  "SelectAlias": "NHbrNemesis",
  "SubgroupAlias": "NHbrNemesis",
  "OccludeHeight": 0.75,
  "TacticalAI": "NHbrNemesis",
  "AIEvaluateAlias": "NHbrNemesis",
  "ReviveType": "NHbrNemesis",
  "PawnItemReduction": 1,
  "Fidget": {
    "DelayMax": 30,
    "DelayMin": 10,
    "DistanceMax": 4,
    "DistanceMin": 1,
    "TurnAngle": 90,
    "TurningRate": 90,
    "ChanceArray": {
      "Idle": 50,
      "Anim": 50
    }
  },
  "ReviveInfoBase": {
    "Charge": {
      "Link": "NHbrNemesis/Revive",
      "Location": "Unit"
    },
    "Cooldown": {
      "Link": "NHbrNemesis/Revive",
      "Location": "Unit"
    }
  },
  "InnerRadiusSafetyMultiplier": 1,
  "ArmorType": "Unknown",
  "Mob": "Multiplayer",
  "PlaneArray": [
    "Air"
  ],
  "Collide": [
    "Flying"
  ],
  "ShieldArmorName": "Hybrid Protection",
  "Acceleration": 1.0625,
  "AttackTargetPriority": 20,
  "DamageDealtXP": 1,
  "DamageTakenXP": 1,
  "KillXP": 20,
  "LifeArmor": 1,
  "ShieldArmor": 1,
  "CardLayouts": [
    {
      "LayoutButtons": [
        {
          "Face": "Move",
          "Type": "AbilCmd",
          "AbilCmd": "move,Move",
          "Row": 0,
          "Column": 0
        },
        {
          "Face": "Stop",
          "Type": "AbilCmd",
          "AbilCmd": "stop,Stop",
          "Row": 0,
          "Column": 1
        },
        {
          "Face": "MoveHoldPosition",
          "Type": "AbilCmd",
          "AbilCmd": "move,HoldPos",
          "Row": 0,
          "Column": 2
        },
        {
          "Face": "Attack",
          "Type": "AbilCmd",
          "AbilCmd": "attack,Execute",
          "Row": 0,
          "Column": 4
        },
        {
          "Face": "MovePatrol",
          "Type": "AbilCmd",
          "AbilCmd": "move,Patrol",
          "Row": 0,
          "Column": 3
        },
        {
          "Face": "NHbrNemesisDisintegrator@Ionizer",
          "Type": "AbilCmd",
          "AbilCmd": "NHbrNemesisDisintegrator,Off",
          "Row": 2,
          "Column": 0
        },
        {
          "Face": "NHbrNemesisDisintegrator@IonizerPassive",
          "Type": "Passive",
          "Requirements": "NHbrNemesisDisintegrator@HasNoDisintegratorShow",
          "Row": 2,
          "Column": 0
        },
        {
          "Face": "NHbrNemesisDisintegrator@Disintegrator",
          "Type": "AbilCmd",
          "AbilCmd": "NHbrNemesisDisintegrator,On",
          "Row": 2,
          "Column": 1
        },
        {
          "Face": "NHbrNemesisDisintegrator@DisintegratorPassive",
          "Type": "Passive",
          "Requirements": "NHbrNemesisDisintegrator@HasDisintegratorShow",
          "Row": 2,
          "Column": 1
        },
        {
          "Face": "NHbrNemesisCatacombNetworkReassembly@NetworkReassembly",
          "Type": "Passive",
          "Requirements": "NHbrNemesisCatacombNetworkReassembly@Use",
          "Row": 1,
          "Column": 0
        },
        {
          "Face": "NHbrNemesisUpgradeToAdvancedNemesis",
          "Type": "Passive",
          "Requirements": "NHbrNemesisUpgradeToAdvancedNemesis@Use",
          "Row": 1,
          "Column": 1
        }
      ]
    }
  ],
  "ScoreResult": "BuildOrder",
  "GlossaryCategory": "Unit/Category/NHbrUnits",
  "HotkeyCategory": "Unit/Category/NHbrUnits",
  "KillDisplay": "Always",
  "RankDisplay": "Always",
  "DataCollection": "NHbrNemesis",
  "Sight": 9,
  "ShieldArmorTip": "Unit/ShieldArmorTooltip/NHbrShields",
  "LifeRegenDelay": 10,
  "ShieldRegenDelay": 10,
  "Attributes": [
    "Armored",
    "Biological",
    "Massive"
  ],
  "EnergyStart": 100,
  "EnergyMax": 100,
  "ShieldsStart": 100,
  "ShieldsMax": 100,
  "Speed": 2.6601,
  "LateralAcceleration": 46,
  "Height": 4,
  "VisionHeight": 4,
  "CostCategory": "Army",
  "InnerRadius": 0.5,
  "ScoreMake": 150,
  "ScoreKill": 150,
  "SubgroupPriority": 54,
  "Food": -6,
  "CostResource": {
    "Minerals": 350,
    "Vespene": 300
  },
  "GlossaryPriority": 36,
  "Icon": "btn-hybrid-unit-nemesis",
  "LifeArmorIcon": "btn-upgrade-zerg-flyercarapace-level0",
  "ShieldArmorIcon": "btn-ability-zeratul-warpprism-shieldboosters",
  "Id": "NHbrNemesis",
  "Weapons": [
    {
      "Link": "NHbrNemesisWeapon",
      "Id": "NHbrNemesisWeapon",
      "Icon": "btn-ability-zeratul-stalker-vengeanceofthevoid",
      "Name": "Synchronizer",
      "Amount": 15,
      "Kind": "Ranged",
      "TargetFilters": "",
      "Range": 7,
      "Period": 1.176
    }
  ],
  "Behaviors": [
    {
      "Link": "NHbrProtection@SpellArmor",
      "Id": "NHbrProtection@SpellArmor"
    },
    {
      "Link": "NHbrNetwork@PowerUser",
      "Id": "NHbrNetwork@PowerUser",
      "Name": "Power User"
    },
    {
      "Link": "NHbrNemesisDisintegrator@Ionizer",
      "Id": "NHbrNemesisDisintegrator@Ionizer"
    }
  ],
  "Upgrades": [
    {
      "Link": "NHbrAirArmors",
      "Id": "NHbrAirArmors",
      "Name": "Hybrid Air Armors"
    },
    {
      "Link": "NHbrAirWeapons",
      "Id": "NHbrAirWeapons",
      "Name": "Hybrid Air Weapons"
    },
    {
      "Link": "NHbrNemesisUpgradeToAdvancedNemesis",
      "Id": "NHbrNemesisUpgradeToAdvancedNemesis",
      "Icon": "tip_hybridnemesis",
      "Name": "Advanced Nemesis"
    },
    {
      "Link": "NHbrVoidPortalUpgrades@GroundWeaponsLevel1",
      "Id": "NHbrVoidPortalUpgrades@GroundWeaponsLevel1",
      "Icon": "btn-upgrade-dehaka-airattacks-level1",
      "Name": "Hybrid Air Weapons Level 1"
    },
    {
      "Link": "NHbrVoidPortalUpgrades@WeaponsLevel2",
      "Id": "NHbrVoidPortalUpgrades@WeaponsLevel2",
      "Icon": "btn-upgrade-dehaka-airattacks-level2",
      "Name": "Hybrid Air Weapons Level 2"
    },
    {
      "Link": "NHbrVoidPortalUpgrades@WeaponsLevel3",
      "Id": "NHbrVoidPortalUpgrades@WeaponsLevel3",
      "Icon": "btn-upgrade-dehaka-airattacks-level3",
      "Name": "Hybrid Air Weapons Level 3"
    },
    {
      "Link": "NHbrVoidPortalUpgrades@AirArmorsLevel1",
      "Id": "NHbrVoidPortalUpgrades@AirArmorsLevel1",
      "Icon": "btn-upgrade-zerg-flyercarapace-level1",
      "Name": "Hybrid Air Armor Level 1"
    },
    {
      "Link": "NHbrVoidPortalUpgrades@AirArmorsLevel2",
      "Id": "NHbrVoidPortalUpgrades@AirArmorsLevel2",
      "Icon": "btn-upgrade-zerg-flyercarapace-level2",
      "Name": "Hybrid Air Armor Level 2"
    },
    {
      "Link": "NHbrVoidPortalUpgrades@AirArmorsLevel3",
      "Id": "NHbrVoidPortalUpgrades@AirArmorsLevel3",
      "Icon": "btn-upgrade-zerg-flyercarapace-level3",
      "Name": "Hybrid Air Armor Level 3"
    }
  ],
  "Abilities": [
    {
      "Link": "stop",
      "Id": "stop",
      "Name": "Stop"
    },
    {
      "Link": "attack",
      "Id": "attack",
      "Name": "Attack"
    },
    {
      "Link": "move",
      "Id": "move",
      "Name": "Move"
    },
    {
      "Link": "NHbrNemesisDisintegrator",
      "Id": "NHbrNemesisDisintegrator",
      "Name": "Disintegrator"
    }
  ],
  "Requirements": [],
  "Production": [],
  "Producers": [
    {
      "Id": "NHbrVoidRift",
      "Icon": "btn-hybrid-building-voidrift",
      "Description": "Warps in Hybrid units.<br/><br/><span style=\"color: #ffff8a\">Enables:</span><br/>- Warriors",
      "Name": "Void Rift"
    }
  ],
  "Commands": [
    {
      "Id": "Move",
      "Icon": "btn-command-move",
      "Tooltip": "Orders selected units to move to the target area or follow the target unit. Moving units will not engage enemies.",
      "Name": "Move",
      "AbilCmd": "move,Move"
    },
    {
      "Id": "Stop",
      "Icon": "btn-command-stop",
      "Tooltip": "Orders selected units to cancel all orders and stop moving.",
      "Name": "Stop",
      "AbilCmd": "stop,Stop"
    },
    {
      "Id": "MoveHoldPosition",
      "Icon": "btn-command-holdposition",
      "Tooltip": "Orders selected units to stay where they are and attack enemies that are within range. Units will neither chase down enemies nor move to engage.",
      "Name": "Hold Position",
      "AbilCmd": "move,HoldPos"
    },
    {
      "Id": "Attack",
      "Icon": "btn-command-attack",
      "Tooltip": "Orders selected units to move to the target point, fighting nearby enemies along the way. Targeting a unit with the Attack command orders that it be attacked until it is destroyed.",
      "Name": "Attack",
      "AbilCmd": "attack,Execute"
    },
    {
      "Id": "MovePatrol",
      "Icon": "btn-command-patrol",
      "Tooltip": "Orders selected units to patrol between their current position and the target area. Units will attack enemies and move to engage nearby enemies.",
      "Name": "Patrol",
      "AbilCmd": "move,Patrol"
    },
    {
      "Id": "NHbrNemesisDisintegrator@Ionizer",
      "Icon": "btn-ability-zeratul-stalker-vengeanceofthevoid",
      "Tooltip": "Activate to increase attack speed by <span style=\"color: #FFFF80\"><b>40</b>%</span>.<br/><br/>Weapon <span style=\"color: #FFFF80\">does not drain</span> <c val=\"#Network\">Network</span>.",
      "Name": "Ionizer",
      "AbilCmd": "NHbrNemesisDisintegrator,Off"
    },
    {
      "Id": "NHbrNemesisDisintegrator@Disintegrator",
      "Icon": "btn-ability-zeratul-topbar-stasisbeam",
      "Tooltip": "Activate to increase weapon damage by <span style=\"color: #ffff8a\"><b>0</b></span>, range by <span style=\"color: #ffff8a\"><b>5.50</b></span> and reduce target's <span style=\"color: #FFFF80\">armor </span>by <span style=\"color: #FFFF80\"><b>2.00</b></span>.<br/><br/>Weapon <span style=\"color: #FFFF80\">drains</span> <c val=\"#Network\">Network</span>.",
      "Name": "Disintegrator",
      "AbilCmd": "NHbrNemesisDisintegrator,On"
    }
  ]
}