{
  "Name": "Nemesis Catacomb",
  "Description": "Contains upgrades for Hybrid units.<br/><br/><span style=\"color: #FFFF80\">Enables:</span><br/>- Nemesis",
  "DeathRevealFilters": "Visible;Player,Ally,Neutral,Missile,Dead,Hidden",
  "DeathRevealRadius": 3,
  "DeathRevealDuration": 4,
  "DeathRevealType": "Snapshot",
  "Race": "NHbr",
  "DefaultAcquireLevel": "Offensive",
  "Response": "Acquire",
  "ResourceState": "Unknown",
  "ResourceType": "Unknown",
  "LifeStart": 900,
  "LifeMax": 900,
  "LifeArmorName": "Hybrid Armor",
  "Mover": "Ground",
  "StationaryTurningRate": 719.4726,
  "TurningRate": 719.4726,
  "Radius": 1,
  "SeparationRadius": 1,
  "MinimapRadius": 1.75,
  "EditorCategories": {
    "ObjectType": "Structure",
    "ObjectFamily": "Melee"
  },
  "TacticalAIFilters": "-;Player,Ally,Neutral",
  "AIEvalFactor": 1,
  "Mass": 0.4,
  "FlagArray": [
    "Movable",
    "Unclickable",
    "Unhighlightable",
    "Untooltipable",
    "KillCredit",
    "ShowResources",
    "ClearRallyOnTargetLost",
    "PlayerRevivable",
    "CameraFollow",
    "PreventDefeat",
    "PreventDestroy",
    "PenaltyRevealed",
    "UseLineOfSight",
    "TownAlert",
    "NoPortraitTalk",
    "ArmorDisabledWhileConstructing"
  ],
  "EditorFlags": [
    "BlockStructures"
  ],
  "PushPriority": 10,
  "LeaderAlias": "NHbrNemesisCatacomb",
  "HotkeyAlias": "NHbrNemesisCatacomb",
  "SelectAlias": "NHbrNemesisCatacomb",
  "SubgroupAlias": "NHbrNemesisCatacomb",
  "OccludeHeight": 0.75,
  "TacticalAI": "NHbrNemesisCatacomb",
  "AIEvaluateAlias": "NHbrNemesisCatacomb",
  "ReviveType": "NHbrNemesisCatacomb",
  "PawnItemReduction": 1,
  "Fidget": {
    "DelayMax": 30,
    "DelayMin": 10,
    "DistanceMax": 4,
    "DistanceMin": 1,
    "TurnAngle": 90,
    "TurningRate": 90,
    "ChanceArray": {
      "Idle": 100
    }
  },
  "ReviveInfoBase": {
    "Charge": {
      "Link": "NHbrNemesisCatacomb/Revive",
      "Location": "Unit"
    },
    "Cooldown": {
      "Link": "NHbrNemesisCatacomb/Revive",
      "Location": "Unit"
    }
  },
  "InnerRadiusSafetyMultiplier": 1,
  "ArmorType": "Unknown",
  "Collide": [
    "Burrow",
    "Ground",
    "Structure",
    "RoachBurrow",
    "ForceField",
    "Locust",
    "Phased",
    "Small"
  ],
  "FogVisibility": "Snapshot",
  "PlaneArray": [
    "Ground"
  ],
  "Attributes": [
    "Structure",
    "Armored"
  ],
  "ShieldArmorName": "Hybrid Protection",
  "HotkeyCategory": "Unit/Category/NHbrUnits",
  "SubgroupPriority": 2,
  "DataCollection": "NHbrNemesisCatacomb",
  "LifeArmor": 1,
  "ShieldArmor": 1,
  "Facing": 315,
  "ScoreResult": "BuildOrder",
  "CardLayouts": [
    {
      "LayoutButtons": [
        {
          "Face": "Cancel",
          "Type": "AbilCmd",
          "AbilCmd": "que5,CancelLast",
          "Row": 2,
          "Column": 4
        },
        {
          "Face": "CancelBuilding",
          "Type": "AbilCmd",
          "AbilCmd": "BuildInProgress,Cancel",
          "Row": 2,
          "Column": 4
        },
        {
          "Face": "NHbrNemesisCatacombNetworkReassembly@NetworkReassembly",
          "Type": "AbilCmd",
          "AbilCmd": "NHbrNemesisCatacombResearch@Research,Research2",
          "Row": 0,
          "Column": 1
        },
        {
          "Face": "NHbrNemesisCatacombEnhancedArmor@Button",
          "Type": "AbilCmd",
          "AbilCmd": "NHbrNemesisCatacombResearch@Research,Research1",
          "Row": 0,
          "Column": 0
        },
        {
          "Face": "NHbrNemesisUpgradeToAdvancedNemesis",
          "Type": "AbilCmd",
          "AbilCmd": "NHbrNemesisCatacombResearch@Research,Research3",
          "Row": 0,
          "Column": 2
        }
      ]
    }
  ],
  "AttackTargetPriority": 11,
  "Mob": "Multiplayer",
  "Sight": 9,
  "ShieldArmorTip": "Unit/ShieldArmorTooltip/NHbrShields",
  "LifeRegenDelay": 10,
  "ShieldRegenDelay": 10,
  "ShieldsStart": 400,
  "ShieldsMax": 400,
  "CostResource": {
    "Minerals": 350,
    "Vespene": 250
  },
  "Footprint": "Footprint3x3Contour",
  "PlacementFootprint": "Footprint3x3",
  "EnergyStart": 20,
  "EnergyMax": 100,
  "GlossaryPriority": 26,
  "Icon": "btn-hybrid-building-fleshbender",
  "LifeArmorIcon": "btn-amonshardsarmor",
  "ShieldArmorIcon": "btn-ability-zeratul-warpprism-shieldboosters",
  "Id": "NHbrNemesisCatacomb",
  "Behaviors": [
    {
      "Link": "NHbrProtection@SpellArmor",
      "Id": "NHbrProtection@SpellArmor"
    },
    {
      "Link": "NHbrCommon@BuildersTracker",
      "Id": "NHbrCommon@BuildersTracker"
    },
    {
      "Link": "NHbrNetwork@PowerUser",
      "Id": "NHbrNetwork@PowerUser",
      "Name": "Power User"
    }
  ],
  "Upgrades": [],
  "Abilities": [
    {
      "Link": "BuildInProgress",
      "Id": "BuildInProgress",
      "Name": "Build in Progress"
    },
    {
      "Link": "NHbrNemesisCatacombResearch@Research",
      "Id": "NHbrNemesisCatacombResearch@Research",
      "Name": "Research"
    },
    {
      "Link": "que5",
      "Id": "que5",
      "Name": "Queue (5)"
    }
  ],
  "Requirements": [
    {
      "Id": "NHbrVoidPortal",
      "Icon": "btn-hybrid-structure-shield-generator",
      "Description": "<span style=\"color: #FFFF80\">Contains upgrades for Hybrid units.</span><br/><br/><span style=\"color: #FFFF80\">Enables:<br/></span>- Screamers<br/>- Pollinators<br/>- Navigators",
      "Name": "Void Portal"
    }
  ],
  "Production": [
    {
      "Id": "NHbrNemesisCatacombNetworkReassembly@NetworkReassembly",
      "Icon": "btn-upgrade-karax-energyregen200",
      "Name": "Network Reassembly"
    },
    {
      "Id": "NHbrNemesisCatacombEnhancedArmor@Upgrade",
      "Icon": "btn-ability-zerg-armoraura",
      "Name": "Upgrade"
    },
    {
      "Id": "NHbrNemesisUpgradeToAdvancedNemesis",
      "Icon": "tip_hybridnemesis",
      "Name": "Advanced Nemesis"
    }
  ],
  "Producers": [
    {
      "Id": "NHbrIonicCrystal",
      "Icon": "btn-hybrid-building-pylon",
      "Description": "Provides supply. Supply allows you to warp in more units. Can teleport nearby Hybrid buildings to the target <c val=\"#Network\">Network</span> location.<br/><br/><c val=\"#Network\">Network Power Source.</span><br/><br/><span style=\"color: #ffff8a\">Moveable structure.</span>",
      "Name": "Ionic Crystal"
    },
    {
      "Id": "NHbrMinion",
      "Icon": "btn-hybrid-unit-harvester",
      "Description": "Basic worker unit. Can gather resources and warp in Hybrid structures. Can sacrifice itself to become a Spirit.<br/><br/><span style=\"color: #ffff8a\">Can attack ground units.</span>",
      "Name": "Minion"
    }
  ],
  "Commands": [
    {
      "Id": "Cancel",
      "Icon": "btn-command-cancel",
      "Tooltip": "Drops the current order without performing it, and allows you to select a different order.",
      "Name": "Cancel",
      "AbilCmd": "que5,CancelLast"
    },
    {
      "Id": "CancelBuilding",
      "Icon": "btn-command-cancel",
      "Tooltip": "Cancels construction of this structure, destroying the structure and giving a partial refund.",
      "Name": "Cancel",
      "AbilCmd": "BuildInProgress,Cancel"
    },
    {
      "Id": "NHbrNemesisCatacombNetworkReassembly@NetworkReassembly",
      "Icon": "btn-upgrade-karax-energyregen200",
      "Tooltip": "Reduces Nemesis <span style=\"color: #FFFF80\">«Disintegrator» </span><c val =\"#Network\">Network</span> consumption by <span style=\"color: #FFFF80\"><b>25</b>%</span>.",
      "Name": "Network Reassembly",
      "AbilCmd": "NHbrNemesisCatacombResearch@Research,Research2"
    },
    {
      "Id": "NHbrNemesisCatacombEnhancedArmor@Button",
      "Icon": "btn-ability-zerg-armoraura",
      "Tooltip": "Increases <span style=\"color: #FFFF80\">Horror's </span>armor by <span style=\"color: #FFFF80\"><b>2.0</b></span>.",
      "Name": "Enhanced Armor",
      "AbilCmd": "NHbrNemesisCatacombResearch@Research,Research1"
    },
    {
      "Id": "NHbrNemesisUpgradeToAdvancedNemesis",
      "Icon": "tip_hybridnemesis",
      "Tooltip": "Upgrades <span style=\"color: #ffff8a\">Nemesis</span> to <span style=\"color: #ffff8a\">Advanced Nemesis</span>:<br/><ul indent=\"2\" text=\"•\"><li/>Health <span style=\"color: #ffff8a\">+<b>50</b></span></ul><ul indent=\"2\" text=\"•\"><li/><span style=\"color: #FFFFFF\">Protection</span> <span style=\"color: #ffff8a\">+<b>50</b></span></ul><ul indent=\"2\" text=\"•\"><li/><c val=\"#Network\">Network</span> <span style=\"color: #ffff8a\">+<b>100</b></span></ul><ul indent=\"2\" text=\"•\"><li/>Weapon Damage <span style=\"color: #ffff8a\">+<b>3</b></span></ul>",
      "Name": "Advanced Nemesis",
      "AbilCmd": "NHbrNemesisCatacombResearch@Research,Research3"
    }
  ]
}