{
  "Name": "Spirit",
  "Description": "Fast Hybrid Scout unit. Gets cloaking after upgrade.",
  "DeathRevealFilters": "Visible;Player,Ally,Neutral,Missile,Dead,Hidden",
  "DeathRevealRadius": 3,
  "DeathRevealDuration": 4,
  "DeathRevealType": "Snapshot",
  "Race": "NHbr",
  "DefaultAcquireLevel": "Offensive",
  "Response": "Acquire",
  "ResourceState": "Unknown",
  "ResourceType": "Unknown",
  "LifeStart": 25,
  "LifeMax": 25,
  "LifeArmorName": "Hybrid Armor",
  "Mover": "Fly",
  "StationaryTurningRate": 720,
  "TurningRate": 720,
  "Radius": 0.375,
  "SeparationRadius": 0.4,
  "MinimapRadius": 0.5,
  "EditorCategories": {
    "ObjectType": "Unit",
    "ObjectFamily": "Melee"
  },
  "TacticalAIFilters": "-;Player,Ally,Neutral",
  "AIEvalFactor": 1,
  "Mass": 0.4,
  "FlagArray": [
    "Turnable",
    "Movable",
    "Unclickable",
    "Unhighlightable",
    "Untooltipable",
    "KillCredit",
    "ShowResources",
    "ClearRallyOnTargetLost",
    "PlayerRevivable",
    "CameraFollow"
  ],
  "EditorFlags": [
    "BlockStructures"
  ],
  "PushPriority": 10,
  "LeaderAlias": "NHbrSpirit",
  "HotkeyAlias": "NHbrSpirit",
  "SelectAlias": "NHbrSpirit",
  "SubgroupAlias": "NHbrSpirit",
  "OccludeHeight": 0.75,
  "TacticalAI": "NHbrSpirit",
  "AIEvaluateAlias": "NHbrSpirit",
  "ReviveType": "NHbrSpirit",
  "PawnItemReduction": 1,
  "Fidget": {
    "DelayMax": 30,
    "DelayMin": 10,
    "DistanceMax": 4,
    "DistanceMin": 1,
    "TurnAngle": 90,
    "TurningRate": 90,
    "ChanceArray": {
      "Idle": 100
    }
  },
  "ReviveInfoBase": {
    "Charge": {
      "Link": "NHbrSpirit/Revive",
      "Location": "Unit"
    },
    "Cooldown": {
      "Link": "NHbrSpirit/Revive",
      "Location": "Unit"
    }
  },
  "InnerRadiusSafetyMultiplier": 1,
  "ArmorType": "Unknown",
  "Mob": "Multiplayer",
  "PlaneArray": [
    "Air"
  ],
  "Collide": [
    "Flying"
  ],
  "ShieldArmorName": "Hybrid Protection",
  "Acceleration": 4,
  "AttackTargetPriority": 19,
  "DamageDealtXP": 1,
  "DamageTakenXP": 1,
  "KillXP": 20,
  "LifeArmor": 1,
  "ShieldArmor": 0,
  "CardLayouts": [
    {
      "LayoutButtons": [
        {
          "Face": "Move",
          "Type": "AbilCmd",
          "AbilCmd": "move,Move",
          "Row": 0,
          "Column": 0
        },
        {
          "Face": "Stop",
          "Type": "AbilCmd",
          "AbilCmd": "stop,Stop",
          "Row": 0,
          "Column": 1
        },
        {
          "Face": "MoveHoldPosition",
          "Type": "AbilCmd",
          "AbilCmd": "move,HoldPos",
          "Row": 0,
          "Column": 2
        },
        {
          "Face": "MovePatrol",
          "Type": "AbilCmd",
          "AbilCmd": "move,Patrol",
          "Row": 0,
          "Column": 3
        },
        {
          "Face": "NHbrSpiritCoreExchange@CoreExchange",
          "Type": "AbilCmd",
          "AbilCmd": "NHbrSpiritCoreExchange@CoreExchange,Execute",
          "Row": 2,
          "Column": 0
        }
      ]
    }
  ],
  "ScoreResult": "BuildOrder",
  "GlossaryCategory": "Unit/Category/NHbrUnits",
  "HotkeyCategory": "Unit/Category/NHbrUnits",
  "KillDisplay": "Always",
  "RankDisplay": "Always",
  "DataCollection": "NHbrSpirit",
  "Sight": 11,
  "ShieldArmorTip": "Unit/ShieldArmorTooltip/NHbrShields",
  "LifeRegenDelay": 10,
  "ShieldRegenDelay": 10,
  "Attributes": [
    "Light",
    "Mechanical"
  ],
  "ShieldsStart": 10,
  "ShieldsMax": 10,
  "Speed": 2.75,
  "Height": 3.75,
  "VisionHeight": 4,
  "Food": -1,
  "CostCategory": "Army",
  "CostResource": {
    "Minerals": 50,
    "Vespene": 50
  },
  "SubgroupPriority": 52,
  "GlossaryPriority": 2,
  "Icon": "btn-unit-protoss-zeratulconstructmini",
  "LifeArmorIcon": "btn-upgrade-dehaka-groundcarapace-level0",
  "ShieldArmorIcon": "btn-ability-zeratul-warpprism-shieldboosters",
  "Id": "NHbrSpirit",
  "Behaviors": [
    {
      "Link": "NHbrProtection@SpellArmor",
      "Id": "NHbrProtection@SpellArmor"
    },
    {
      "Link": "NHbrNetwork@PowerUser",
      "Id": "NHbrNetwork@PowerUser",
      "Name": "Power User"
    },
    {
      "Link": "NHbrSpirit@PermanentlyCloaked",
      "Id": "NHbrSpirit@PermanentlyCloaked",
      "Tooltip": "This unit is permanently cloaked, and only visible to detector units or effects.",
      "Name": "Permanently Cloaked"
    }
  ],
  "Upgrades": [],
  "Abilities": [
    {
      "Link": "stop",
      "Id": "stop",
      "Name": "Stop"
    },
    {
      "Link": "attack",
      "Id": "attack",
      "Name": "Attack"
    },
    {
      "Link": "move",
      "Id": "move",
      "Name": "Move"
    },
    {
      "Link": "NHbrSpiritCoreExchange@CoreExchange",
      "Id": "NHbrSpiritCoreExchange@CoreExchange",
      "Name": "Core Exchange"
    }
  ],
  "Requirements": [],
  "Production": [],
  "Producers": [],
  "Commands": [
    {
      "Id": "Move",
      "Icon": "btn-command-move",
      "Tooltip": "Orders selected units to move to the target area or follow the target unit. Moving units will not engage enemies.",
      "Name": "Move",
      "AbilCmd": "move,Move"
    },
    {
      "Id": "Stop",
      "Icon": "btn-command-stop",
      "Tooltip": "Orders selected units to cancel all orders and stop moving.",
      "Name": "Stop",
      "AbilCmd": "stop,Stop"
    },
    {
      "Id": "MoveHoldPosition",
      "Icon": "btn-command-holdposition",
      "Tooltip": "Orders selected units to stay where they are and attack enemies that are within range. Units will neither chase down enemies nor move to engage.",
      "Name": "Hold Position",
      "AbilCmd": "move,HoldPos"
    },
    {
      "Id": "MovePatrol",
      "Icon": "btn-command-patrol",
      "Tooltip": "Orders selected units to patrol between their current position and the target area. Units will attack enemies and move to engage nearby enemies.",
      "Name": "Patrol",
      "AbilCmd": "move,Patrol"
    },
    {
      "Id": "NHbrSpiritCoreExchange@CoreExchange",
      "Icon": "btn-ability-protoss-envision",
      "Tooltip": "Spirit <span style=\"color: #FF8080\">self-destructs</span> and provides vision of target enemy unit or structure for <span style=\"color: #FFFF80\"><b>60</b> seconds</span>.",
      "Name": "Core Exchange",
      "AbilCmd": "NHbrSpiritCoreExchange@CoreExchange,Execute"
    }
  ]
}