{
  "Name": "Dreadnok",
  "Description": "Strong support unit that can disable casters.<br/><br/><c val=\"#ColorAttackInfo\">Can attack ground and air units.</span>",
  "DeathRevealFilters": "Visible;Player,Ally,Neutral,Missile,Dead,Hidden",
  "DeathRevealRadius": 2,
  "DeathRevealDuration": 4,
  "DeathRevealType": "Snapshot",
  "Race": "NHbr",
  "DefaultAcquireLevel": "Offensive",
  "Response": "Acquire",
  "ResourceState": "Unknown",
  "ResourceType": "Unknown",
  "LifeStart": 200,
  "LifeMax": 200,
  "LifeArmorName": "Hybrid Armor",
  "Mover": "Ground",
  "StationaryTurningRate": 494.4726,
  "TurningRate": 494.4726,
  "Radius": 0.8125,
  "SeparationRadius": 0.8125,
  "MinimapRadius": 0.8125,
  "EditorCategories": {
    "ObjectType": "Unit",
    "ObjectFamily": "Melee"
  },
  "TacticalAIFilters": "-;Player,Ally,Neutral",
  "AIEvalFactor": 1,
  "Mass": 0.4,
  "FlagArray": [
    "Turnable",
    "Movable",
    "Unclickable",
    "Unhighlightable",
    "Untooltipable",
    "KillCredit",
    "ShowResources",
    "ClearRallyOnTargetLost",
    "PlayerRevivable",
    "CameraFollow",
    "PreventDestroy",
    "UseLineOfSight",
    "ArmySelect"
  ],
  "EditorFlags": [
    "BlockStructures"
  ],
  "PushPriority": 10,
  "LeaderAlias": "NHbrDreadnok",
  "HotkeyAlias": "NHbrDreadnok",
  "SelectAlias": "NHbrDreadnok",
  "SubgroupAlias": "NHbrDreadnok",
  "OccludeHeight": 0.75,
  "TacticalAI": "NHbrDreadnok",
  "AIEvaluateAlias": "NHbrDreadnok",
  "ReviveType": "NHbrDreadnok",
  "PawnItemReduction": 1,
  "Fidget": {
    "DelayMax": 30,
    "DelayMin": 10,
    "DistanceMax": 4,
    "DistanceMin": 1,
    "TurnAngle": 90,
    "TurningRate": 90,
    "ChanceArray": {
      "Idle": 70,
      "Anim": 20,
      "Turn": 10
    }
  },
  "ReviveInfoBase": {
    "Charge": {
      "Link": "NHbrDreadnok/Revive",
      "Location": "Unit"
    },
    "Cooldown": {
      "Link": "NHbrDreadnok/Revive",
      "Location": "Unit"
    }
  },
  "InnerRadiusSafetyMultiplier": 1,
  "ArmorType": "Unknown",
  "DataCollection": "NHbrDreadnok",
  "ShieldArmorName": "Hybrid Protection",
  "Acceleration": 1000,
  "LateralAcceleration": 46.0625,
  "DamageDealtXP": 1,
  "DamageTakenXP": 1,
  "KillXP": 20,
  "LifeArmor": 2,
  "ShieldArmor": 1,
  "CardLayouts": [
    {
      "LayoutButtons": [
        {
          "Face": "Move",
          "Type": "AbilCmd",
          "AbilCmd": "move,Move",
          "Row": 0,
          "Column": 0
        },
        {
          "Face": "Stop",
          "Type": "AbilCmd",
          "AbilCmd": "stop,Stop",
          "Row": 0,
          "Column": 1
        },
        {
          "Face": "MoveHoldPosition",
          "Type": "AbilCmd",
          "AbilCmd": "move,HoldPos",
          "Row": 0,
          "Column": 2
        },
        {
          "Face": "Attack",
          "Type": "AbilCmd",
          "AbilCmd": "attack,Execute",
          "Row": 0,
          "Column": 4
        },
        {
          "Face": "MovePatrol",
          "Type": "AbilCmd",
          "AbilCmd": "move,Patrol",
          "Row": 0,
          "Column": 3
        },
        {
          "Face": "NHbrDreadnokParalyzingTornado",
          "Type": "AbilCmd",
          "AbilCmd": "NHbrDreadnokParalyzingTornado,Execute",
          "Row": 2,
          "Column": 0
        },
        {
          "Face": "NHbrDreadnokWeaponRanged@DevastatingStrike",
          "Type": "Passive",
          "Row": 1,
          "Column": 0
        },
        {
          "Face": "NHbrDreadnokPermanentConnection",
          "Type": "AbilCmd",
          "AbilCmd": "NHbrDreadnokPermanentConnection,Execute",
          "Row": 2,
          "Column": 1
        },
        {
          "Face": "NHbrDreadnokSlowingEjection@SlowingEjection",
          "Type": "Passive",
          "Requirements": "NHbrDreadnokSlowingEjection@HaveUpgrade",
          "Row": 1,
          "Column": 1
        }
      ]
    }
  ],
  "GlossaryCategory": "Unit/Category/NHbrUnits",
  "TauntDuration": {
    "Cheer": 5,
    "Dance": 5
  },
  "Mob": "Multiplayer",
  "AttackTargetPriority": 20,
  "PlaneArray": [
    "Ground"
  ],
  "Collide": [
    "Ground",
    "Locust",
    "Small",
    "ForceField"
  ],
  "HotkeyCategory": "Unit/Category/NHbrUnits",
  "KillDisplay": "Always",
  "RankDisplay": "Always",
  "ScoreResult": "BuildOrder",
  "ShieldArmorTip": "Unit/ShieldArmorTooltip/NHbrShields",
  "LifeRegenDelay": 10,
  "ShieldRegenDelay": 10,
  "Attributes": [
    "Armored",
    "Biological",
    "Psionic"
  ],
  "EnergyStart": 50,
  "EnergyMax": 100,
  "ShieldsStart": 100,
  "ShieldsMax": 100,
  "Speed": 2.5,
  "Sight": 9,
  "Food": -4,
  "SubgroupPriority": 60,
  "GlossaryPriority": 22,
  "CostResource": {
    "Minerals": 150,
    "Vespene": 150
  },
  "CargoSize": 4,
  "Icon": "btn-hybrid-unit-dreadnok",
  "LifeArmorIcon": "btn-upgrade-dehaka-groundcarapace-level0",
  "ShieldArmorIcon": "btn-ability-zeratul-warpprism-shieldboosters",
  "Id": "NHbrDreadnok",
  "Weapons": [
    {
      "Link": "NHbrDreadnokWeaponMelee",
      "Id": "NHbrDreadnokWeaponMelee",
      "Icon": "btn-upgrade-zerg-meleeattacks-level0",
      "Name": "Electrified Daggers",
      "Amount": 9,
      "AttributeBonus": {
        "Light": 4
      },
      "Kind": "Melee",
      "TargetFilters": "Ground",
      "Range": 1,
      "Period": 0.8
    },
    {
      "Link": "NHbrDreadnokWeaponRanged",
      "Id": "NHbrDreadnokWeaponRanged",
      "Icon": "btn-ability-protoss-scarabshot",
      "Name": "Devastating Strike",
      "Amount": 8,
      "AttributeBonus": {
        "Psionic": 12
      },
      "Kind": "Ranged",
      "TargetFilters": "",
      "Range": 7,
      "Period": 1.1
    }
  ],
  "Behaviors": [
    {
      "Link": "NHbrProtection@SpellArmor",
      "Id": "NHbrProtection@SpellArmor"
    },
    {
      "Link": "NHbrNetwork@PowerUser",
      "Id": "NHbrNetwork@PowerUser",
      "Name": "Power User"
    }
  ],
  "Upgrades": [
    {
      "Link": "NHbrGroundArmors",
      "Id": "NHbrGroundArmors",
      "Name": "Hybrid Ground Armors"
    },
    {
      "Link": "NHbrGroundWeapons",
      "Id": "NHbrGroundWeapons",
      "Name": "Hybrid Ground Weapons"
    },
    {
      "Link": "NHbrEngineUpgrades@GroundArmorsLevel1",
      "Id": "NHbrEngineUpgrades@GroundArmorsLevel1",
      "Icon": "btn-upgrade-dehaka-groundcarapace-level1",
      "Name": "Hybrid Ground Armor Level 1"
    },
    {
      "Link": "NHbrEngineUpgrades@GroundArmorsLevel2",
      "Id": "NHbrEngineUpgrades@GroundArmorsLevel2",
      "Icon": "btn-upgrade-dehaka-groundcarapace-level2",
      "Name": "Hybrid Ground Armor Level 2"
    },
    {
      "Link": "NHbrEngineUpgrades@GroundArmorsLevel3",
      "Id": "NHbrEngineUpgrades@GroundArmorsLevel3",
      "Icon": "btn-upgrade-dehaka-groundcarapace-level3",
      "Name": "Hybrid Ground Armor Level 3"
    },
    {
      "Link": "NHbrEngineUpgrades@GroundWeaponsLevel1",
      "Id": "NHbrEngineUpgrades@GroundWeaponsLevel1",
      "Icon": "btn-upgrade-dehaka-bothattacks-level1",
      "Name": "Hybrid Ground Weapons Level 1"
    },
    {
      "Link": "NHbrEngineUpgrades@WeaponsLevel2",
      "Id": "NHbrEngineUpgrades@WeaponsLevel2",
      "Icon": "btn-upgrade-dehaka-bothattacks-level2",
      "Name": "Hybrid Ground Weapons Level 2"
    },
    {
      "Link": "NHbrEngineUpgrades@WeaponsLevel3",
      "Id": "NHbrEngineUpgrades@WeaponsLevel3",
      "Icon": "btn-upgrade-dehaka-bothattacks-level3",
      "Name": "Hybrid Ground Weapons Level 3"
    }
  ],
  "Abilities": [
    {
      "Link": "stop",
      "Id": "stop",
      "Name": "Stop"
    },
    {
      "Link": "attack",
      "Id": "attack",
      "Name": "Attack"
    },
    {
      "Link": "move",
      "Id": "move",
      "Name": "Move"
    },
    {
      "Link": "NHbrDreadnokParalyzingTornado",
      "Id": "NHbrDreadnokParalyzingTornado",
      "Name": "Paralyzing Tornado"
    },
    {
      "Link": "NHbrDreadnokPermanentConnection",
      "Id": "NHbrDreadnokPermanentConnection",
      "Name": "Permanent Connection"
    }
  ],
  "Requirements": [
    {
      "Id": "NHbrEngine",
      "Icon": "btn-hybrid-building-roboticssupportbay",
      "Description": "<span style=\"color: #FFFF80\">Containes upgrades for Hybrid units</span>.<br/><br/><span style=\"color: #FFFF80\">Enables:<br/></span>- Silents<br/>- Dreadnoks",
      "Name": "Engine"
    }
  ],
  "Production": [],
  "Producers": [
    {
      "Id": "NHbrVoidRift",
      "Icon": "btn-hybrid-building-voidrift",
      "Description": "Warps in Hybrid units.<br/><br/><span style=\"color: #ffff8a\">Enables:</span><br/>- Warriors",
      "Name": "Void Rift"
    }
  ],
  "Commands": [
    {
      "Id": "Move",
      "Icon": "btn-command-move",
      "Tooltip": "Orders selected units to move to the target area or follow the target unit. Moving units will not engage enemies.",
      "Name": "Move",
      "AbilCmd": "move,Move"
    },
    {
      "Id": "Stop",
      "Icon": "btn-command-stop",
      "Tooltip": "Orders selected units to cancel all orders and stop moving.",
      "Name": "Stop",
      "AbilCmd": "stop,Stop"
    },
    {
      "Id": "MoveHoldPosition",
      "Icon": "btn-command-holdposition",
      "Tooltip": "Orders selected units to stay where they are and attack enemies that are within range. Units will neither chase down enemies nor move to engage.",
      "Name": "Hold Position",
      "AbilCmd": "move,HoldPos"
    },
    {
      "Id": "Attack",
      "Icon": "btn-command-attack",
      "Tooltip": "Orders selected units to move to the target point, fighting nearby enemies along the way. Targeting a unit with the Attack command orders that it be attacked until it is destroyed.",
      "Name": "Attack",
      "AbilCmd": "attack,Execute"
    },
    {
      "Id": "MovePatrol",
      "Icon": "btn-command-patrol",
      "Tooltip": "Orders selected units to patrol between their current position and the target area. Units will attack enemies and move to engage nearby enemies.",
      "Name": "Patrol",
      "AbilCmd": "move,Patrol"
    },
    {
      "Id": "NHbrDreadnokParalyzingTornado",
      "Icon": "btn-ability-protoss-energize",
      "Tooltip": "Creates a Tornado at target point for <span style=\"color: #FFFF80\"><b>8.4</b> seconds</span>. Enemies in zone are silenced, supressed their energy regeneration and revealed.",
      "Name": "Paralyzing Tornado",
      "AbilCmd": "NHbrDreadnokParalyzingTornado,Execute"
    },
    {
      "Id": "NHbrDreadnokPermanentConnection",
      "Icon": "btn-ability-spearofadun-warpharmonization",
      "Tooltip": "<span style=\"color: #FFFF80\">Dreadnok</span> provides permanent <c val=\"#Network\">Network</span> connection to target unit or structure. If Dreadnok <span style=\"color: #FFFF80\">dies</span>, connection will be <span style=\"color: #FFFF80\">removed</span>.",
      "Name": "Permanent Conncetion",
      "AbilCmd": "NHbrDreadnokPermanentConnection,Execute"
    }
  ]
}