{
  "Name": "Navigator",
  "Description": "Mid-game flying transport. Can teleport to any <span style=\"color: #FF8080\">Void Portal</span>.<br/><br/><c val=\"#Network\">Network Power Source.</span>",
  "DeathRevealFilters": "Visible;Player,Ally,Neutral,Missile,Dead,Hidden",
  "DeathRevealRadius": 3,
  "DeathRevealDuration": 4,
  "DeathRevealType": "Snapshot",
  "Race": "NHbr",
  "DefaultAcquireLevel": "Offensive",
  "Response": "Acquire",
  "ResourceState": "Unknown",
  "ResourceType": "Unknown",
  "LifeStart": 180,
  "LifeMax": 180,
  "LifeArmorName": "Hybrid Armor",
  "Mover": "Fly",
  "StationaryTurningRate": 720,
  "TurningRate": 720,
  "Radius": 0.875,
  "SeparationRadius": 0.875,
  "MinimapRadius": 0.875,
  "EditorCategories": {
    "ObjectType": "Unit",
    "ObjectFamily": "Melee"
  },
  "TacticalAIFilters": "-;Player,Ally,Neutral",
  "AIEvalFactor": 0,
  "Mass": 0.4,
  "FlagArray": [
    "Turnable",
    "Movable",
    "Unclickable",
    "Unhighlightable",
    "Untooltipable",
    "KillCredit",
    "ShowResources",
    "ClearRallyOnTargetLost",
    "PlayerRevivable",
    "CameraFollow",
    "PreventDestroy",
    "UseLineOfSight",
    "ArmySelect",
    "AISupport"
  ],
  "EditorFlags": [
    "BlockStructures"
  ],
  "PushPriority": 10,
  "LeaderAlias": "NHbrNavigator",
  "HotkeyAlias": "NHbrNavigator",
  "SelectAlias": "NHbrNavigator",
  "SubgroupAlias": "NHbrNavigator",
  "OccludeHeight": 0.75,
  "TacticalAI": "NHbrNavigator",
  "AIEvaluateAlias": "NHbrNavigator",
  "ReviveType": "NHbrNavigator",
  "PawnItemReduction": 1,
  "Fidget": {
    "DelayMax": 30,
    "DelayMin": 10,
    "DistanceMax": 4,
    "DistanceMin": 1,
    "TurnAngle": 90,
    "TurningRate": 90,
    "ChanceArray": {
      "Idle": 100
    }
  },
  "ReviveInfoBase": {
    "Charge": {
      "Link": "NHbrNavigator/Revive",
      "Location": "Unit"
    },
    "Cooldown": {
      "Link": "NHbrNavigator/Revive",
      "Location": "Unit"
    }
  },
  "InnerRadiusSafetyMultiplier": 1,
  "ArmorType": "Unknown",
  "Mob": "Multiplayer",
  "PlaneArray": [
    "Air"
  ],
  "Collide": [
    "Flying"
  ],
  "ShieldArmorName": "Hybrid Protection",
  "Acceleration": 2.625,
  "AttackTargetPriority": 20,
  "DamageDealtXP": 1,
  "DamageTakenXP": 1,
  "KillXP": 35,
  "LifeArmor": 1,
  "ShieldArmor": 1,
  "CardLayouts": [
    {
      "LayoutButtons": [
        {
          "Face": "Move",
          "Type": "AbilCmd",
          "AbilCmd": "move,Move",
          "Row": 0,
          "Column": 0
        },
        {
          "Face": "Stop",
          "Type": "AbilCmd",
          "AbilCmd": "stop,Stop",
          "Row": 0,
          "Column": 1
        },
        {
          "Face": "MoveHoldPosition",
          "Type": "AbilCmd",
          "AbilCmd": "move,HoldPos",
          "Row": 0,
          "Column": 2
        },
        {
          "Face": "Attack",
          "Type": "AbilCmd",
          "AbilCmd": "attack,Execute",
          "Row": 0,
          "Column": 4
        },
        {
          "Face": "MovePatrol",
          "Type": "AbilCmd",
          "AbilCmd": "move,Patrol",
          "Row": 0,
          "Column": 3
        },
        {
          "Face": "AcquireMove",
          "Type": "AbilCmd",
          "AbilCmd": "move,AcquireMove",
          "Row": 0,
          "Column": 4
        },
        {
          "Face": "NHbrNetwork@SourceNetworkCharged",
          "Type": "Passive",
          "Requirements": "NHbrNetwork@NetworkChargedShow",
          "Row": 2,
          "Column": 0
        },
        {
          "Face": "NHbrNetwork@SourceNetworkCharging",
          "Type": "Passive",
          "Behavior": "NHbrNetworkCharging@TimerFull",
          "Requirements": "NHbrNetwork@NetworkChargingTimerFull",
          "Row": 2,
          "Column": 0
        },
        {
          "Face": "NHbrNetwork@SourceNetworkCharging",
          "Type": "Passive",
          "Behavior": "NHbrNetworkCharging@TimerFullReduced",
          "Requirements": "NHbrNetwork@NetworkChargingTimerReduced",
          "Row": 2,
          "Column": 0
        },
        {
          "Face": "NHbrNavigatorLoad@Load",
          "Type": "AbilCmd",
          "AbilCmd": "NHbrNavigatorLoad,Load",
          "Row": 2,
          "Column": 2
        },
        {
          "Face": "NHbrNavigatorLoad@UnloadAllM",
          "Type": "AbilCmd",
          "AbilCmd": "NHbrNavigatorLoad,UnloadAt",
          "Row": 2,
          "Column": 3
        },
        {
          "Face": "NHbrNavigatorNavigation@Navigation",
          "Type": "AbilCmd",
          "AbilCmd": "NHbrNavigatorNavigation,Execute",
          "Row": 2,
          "Column": 1
        },
        {
          "Face": "NHbrNetworkFastCharging@FastCharging",
          "Type": "Passive",
          "Requirements": "NHbrNetworkFastCharging@Completed",
          "Row": 1,
          "Column": 0
        },
        {
          "Face": "NHbrNavigatorInterdimensionalOverload",
          "Type": "Passive",
          "Requirements": "NHbrNavigatorInterdimensionalOverload@Use",
          "Row": 1,
          "Column": 1
        }
      ]
    }
  ],
  "ScoreResult": "BuildOrder",
  "GlossaryCategory": "Unit/Category/NHbrUnits",
  "HotkeyCategory": "Unit/Category/NHbrUnits",
  "KillDisplay": "Always",
  "RankDisplay": "Always",
  "DataCollection": "NHbrNavigator",
  "Sight": 10,
  "ShieldArmorTip": "Unit/ShieldArmorTooltip/NHbrShields",
  "LifeRegenDelay": 10,
  "ShieldRegenDelay": 10,
  "Attributes": [
    "Mechanical"
  ],
  "EnergyStart": 50,
  "EnergyMax": 100,
  "ShieldsStart": 50,
  "ShieldsMax": 50,
  "Speed": 3.3984,
  "LateralAcceleration": 57,
  "Height": 3.75,
  "VisionHeight": 4,
  "Food": -2,
  "CostCategory": "Army",
  "CostResource": {
    "Minerals": 200,
    "Vespene": 75
  },
  "RepairTime": 50,
  "ScoreMake": 200,
  "ScoreKill": 200,
  "SubgroupPriority": 53,
  "TacticalAIThink": "AIThinkWarpPrism",
  "GlossaryPriority": 34,
  "GlossaryWeakArray": [
    "MissileTurret",
    "SporeCrawler",
    "PhotonCannon"
  ],
  "EffectArray": {
    "Birth": "NHbrNetworkNEW@PowerSourceCreatedDummySet",
    "Death": "NHbrNetworkNEW@PowerSourceDestroyedDummySet"
  },
  "TechAliasArray": [
    "Alias_NHbrNetworkPowerSource"
  ],
  "Icon": "btn-hybrid-unit-transport",
  "LifeArmorIcon": "btn-upgrade-protoss-airarmorlevel0",
  "ShieldArmorIcon": "btn-ability-zeratul-warpprism-shieldboosters",
  "Id": "NHbrNavigator",
  "Behaviors": [
    {
      "Link": "NHbrProtection@SpellArmor",
      "Id": "NHbrProtection@SpellArmor"
    },
    {
      "Link": "NHbrNetwork@PowerUser",
      "Id": "NHbrNetwork@PowerUser",
      "Name": "Power User"
    },
    {
      "Link": "NHbrNetworkCharging",
      "Id": "NHbrNetworkCharging"
    },
    {
      "Link": "NHbrNetworkNEW@PeriodicSearch",
      "Id": "NHbrNetworkNEW@PeriodicSearch"
    }
  ],
  "Upgrades": [
    {
      "Link": "NHbrAirArmors",
      "Id": "NHbrAirArmors",
      "Name": "Hybrid Air Armors"
    },
    {
      "Link": "NHbrVoidPortalUpgrades@AirArmorsLevel1",
      "Id": "NHbrVoidPortalUpgrades@AirArmorsLevel1",
      "Icon": "btn-upgrade-zerg-flyercarapace-level1",
      "Name": "Hybrid Air Armor Level 1"
    },
    {
      "Link": "NHbrVoidPortalUpgrades@AirArmorsLevel2",
      "Id": "NHbrVoidPortalUpgrades@AirArmorsLevel2",
      "Icon": "btn-upgrade-zerg-flyercarapace-level2",
      "Name": "Hybrid Air Armor Level 2"
    },
    {
      "Link": "NHbrVoidPortalUpgrades@AirArmorsLevel3",
      "Id": "NHbrVoidPortalUpgrades@AirArmorsLevel3",
      "Icon": "btn-upgrade-zerg-flyercarapace-level3",
      "Name": "Hybrid Air Armor Level 3"
    }
  ],
  "Abilities": [
    {
      "Link": "stop",
      "Id": "stop",
      "Name": "Stop"
    },
    {
      "Link": "move",
      "Id": "move",
      "Name": "Move"
    },
    {
      "Link": "NHbrNavigatorNavigation",
      "Id": "NHbrNavigatorNavigation",
      "Name": "Navigation"
    },
    {
      "Link": "NHbrNavigatorLoad",
      "Id": "NHbrNavigatorLoad",
      "Name": "Load-Unload"
    }
  ],
  "Requirements": [
    {
      "Id": "NHbrVoidPortal",
      "Icon": "btn-hybrid-structure-shield-generator",
      "Description": "<span style=\"color: #FFFF80\">Contains upgrades for Hybrid units.</span><br/><br/><span style=\"color: #FFFF80\">Enables:<br/></span>- Screamers<br/>- Pollinators<br/>- Navigators",
      "Name": "Void Portal"
    }
  ],
  "Production": [],
  "Producers": [
    {
      "Id": "NHbrVoidRift",
      "Icon": "btn-hybrid-building-voidrift",
      "Description": "Warps in Hybrid units.<br/><br/><span style=\"color: #ffff8a\">Enables:</span><br/>- Warriors",
      "Name": "Void Rift"
    }
  ],
  "Commands": [
    {
      "Id": "Move",
      "Icon": "btn-command-move",
      "Tooltip": "Orders selected units to move to the target area or follow the target unit. Moving units will not engage enemies.",
      "Name": "Move",
      "AbilCmd": "move,Move"
    },
    {
      "Id": "Stop",
      "Icon": "btn-command-stop",
      "Tooltip": "Orders selected units to cancel all orders and stop moving.",
      "Name": "Stop",
      "AbilCmd": "stop,Stop"
    },
    {
      "Id": "MoveHoldPosition",
      "Icon": "btn-command-holdposition",
      "Tooltip": "Orders selected units to stay where they are and attack enemies that are within range. Units will neither chase down enemies nor move to engage.",
      "Name": "Hold Position",
      "AbilCmd": "move,HoldPos"
    },
    {
      "Id": "Attack",
      "Icon": "btn-command-attack",
      "Tooltip": "Orders selected units to move to the target point, fighting nearby enemies along the way. Targeting a unit with the Attack command orders that it be attacked until it is destroyed.",
      "Name": "Attack",
      "AbilCmd": "attack,Execute"
    },
    {
      "Id": "MovePatrol",
      "Icon": "btn-command-patrol",
      "Tooltip": "Orders selected units to patrol between their current position and the target area. Units will attack enemies and move to engage nearby enemies.",
      "Name": "Patrol",
      "AbilCmd": "move,Patrol"
    },
    {
      "Id": "AcquireMove",
      "Icon": "btn-command-attack",
      "Tooltip": "Orders selected units to move to the target area or follow the target unit. Scan-moving units will not engage enemies.",
      "Name": "Scan Move",
      "AbilCmd": "move,AcquireMove"
    },
    {
      "Id": "NHbrNavigatorLoad@Load",
      "Icon": "btn-ability-terran-load",
      "Tooltip": "Loads units into the Navigator's hold.",
      "Name": "Load",
      "AbilCmd": "NHbrNavigatorLoad,Load"
    },
    {
      "Id": "NHbrNavigatorLoad@UnloadAllM",
      "Icon": "btn-ability-terran-unloadall",
      "Tooltip": "Unloads all units.",
      "Name": "Unload All",
      "AbilCmd": "NHbrNavigatorLoad,UnloadAt"
    },
    {
      "Id": "NHbrNavigatorNavigation@Navigation",
      "Icon": "btn-ability-alarak-reliquaryofsouls",
      "Tooltip": "After <b>3.7</b> seconds warps to the target <span style=\"color: #FF8080\">Void Rift or Temple</span>.",
      "Name": "Navigation",
      "AbilCmd": "NHbrNavigatorNavigation,Execute"
    }
  ]
}