{
  "Name": "Nullifier",
  "Description": "Anti-ground defensive structure. <br/><br/><span style=\"color: #ffff8a\">Can attack ground units.</span>",
  "DeathRevealFilters": "Visible;Player,Ally,Neutral,Missile,Dead,Hidden",
  "DeathRevealRadius": 2,
  "DeathRevealDuration": 4,
  "DeathRevealType": "Snapshot",
  "Race": "Keir",
  "DefaultAcquireLevel": "Offensive",
  "Response": "Acquire",
  "ResourceState": "Unknown",
  "ResourceType": "Unknown",
  "LifeStart": 175,
  "LifeMax": 175,
  "LifeArmorName": "Keiron Structure Armor",
  "Mover": "Ground",
  "StationaryTurningRate": 720,
  "TurningRate": 720,
  "Radius": 1,
  "SeparationRadius": 1,
  "MinimapRadius": 1,
  "EditorCategories": {
    "ObjectType": "Structure",
    "ObjectFamily": "Melee"
  },
  "TacticalAIFilters": "-;Player,Ally,Neutral",
  "AIEvalFactor": 1,
  "Mass": 0.4,
  "FlagArray": [
    "Unclickable",
    "Unhighlightable",
    "Untooltipable",
    "KillCredit",
    "ShowResources",
    "ClearRallyOnTargetLost",
    "PlayerRevivable",
    "CameraFollow",
    "PreventDefeat",
    "PreventDestroy",
    "PenaltyRevealed",
    "UseLineOfSight",
    "TownAlert",
    "NoPortraitTalk",
    "ArmorDisabledWhileConstructing"
  ],
  "EditorFlags": [
    "BlockStructures"
  ],
  "PushPriority": 10,
  "LeaderAlias": "Nullifier",
  "HotkeyAlias": "Nullifier",
  "SelectAlias": "Nullifier",
  "SubgroupAlias": "Nullifier",
  "OccludeHeight": 0.75,
  "TacticalAI": "Nullifier",
  "AIEvaluateAlias": "Nullifier",
  "ReviveType": "Nullifier",
  "PawnItemReduction": 1,
  "Fidget": {
    "DelayMax": 30,
    "DelayMin": 10,
    "DistanceMax": 4,
    "DistanceMin": 1,
    "TurnAngle": 90,
    "TurningRate": 90,
    "ChanceArray": {
      "Idle": 100
    }
  },
  "ReviveInfoBase": {
    "Charge": {
      "Link": "Nullifier/Revive",
      "Location": "Unit"
    },
    "Cooldown": {
      "Link": "Nullifier/Revive",
      "Location": "Unit"
    }
  },
  "InnerRadiusSafetyMultiplier": 1,
  "ArmorType": "Unknown",
  "FogVisibility": "Snapshot",
  "PlaneArray": [
    "Ground"
  ],
  "Collide": [
    "Burrow",
    "Ground",
    "Structure",
    "RoachBurrow",
    "ForceField"
  ],
  "Attributes": [
    "Armored",
    "Structure"
  ],
  "LifeArmor": 1,
  "Sight": 10,
  "CostCategory": "Technology",
  "ScoreResult": "BuildOrder",
  "HotkeyCategory": "Unit/Category/KeironUnits",
  "LifeRegenRate": 0.25,
  "Food": 0,
  "Footprint": "Footprint2x2Contour",
  "PlacementFootprint": "Footprint2x2",
  "ShieldArmorName": "Keiron Dispersion Shields",
  "ShieldRegenDelay": 4,
  "ShieldRegenRate": 1.25,
  "CardLayouts": [
    {
      "LayoutButtons": [
        {
          "Face": "Stop",
          "Type": "AbilCmd",
          "Row": 0,
          "Column": 1,
          "AbilCmd": "stop,Stop"
        },
        {
          "Face": "CancelBuilding",
          "Type": "AbilCmd",
          "AbilCmd": "BuildInProgress,Cancel",
          "Row": 2,
          "Column": 4
        },
        {
          "Face": "MothershipCoreAttack",
          "Type": "AbilCmd",
          "AbilCmd": "attack,Execute",
          "Row": 0,
          "Column": 4
        },
        {
          "Face": "SelectBuilderKeiron",
          "Type": "SelectBuilder",
          "Row": 1,
          "Column": 3
        },
        {
          "Face": "MoveHoldPosition",
          "Type": "AbilCmd",
          "AbilCmd": "move,HoldPos",
          "Row": 0,
          "Column": 2
        },
        {
          "Face": "MovePatrol",
          "Type": "AbilCmd",
          "AbilCmd": "move,Patrol",
          "Row": 0,
          "Column": 3
        },
        {
          "Face": "Move",
          "Type": "AbilCmd",
          "AbilCmd": "move,Move",
          "Row": 0,
          "Column": 0
        }
      ]
    }
  ],
  "ShieldsStart": 100,
  "ShieldsMax": 100,
  "CostResource": {
    "Minerals": 125
  },
  "AttackTargetPriority": 20,
  "ScoreMake": 125,
  "ScoreKill": 125,
  "EquipmentArray": [
    {
      "Weapon": "NullifierWeaponDisplay"
    }
  ],
  "GlossaryCategory": "Unit/Category/KeironUnits",
  "GlossaryPriority": 50,
  "Icon": "btn-building-keiron-nullifier",
  "LifeArmorIcon": "btn-upgrade-keiron-structurearmor",
  "ShieldArmorIcon": "btn-upgrade-keiron-shields-level0",
  "Id": "Nullifier",
  "Weapons": [
    {
      "Link": "NullifierWeapon",
      "Turret": "Nullifier",
      "Id": "NullifierWeapon",
      "Icon": "btn-building-keiron-nullifier",
      "Name": "Nullifier - Weapon",
      "TargetFilters": "Ground",
      "Range": 7,
      "Period": 0.25
    },
    {
      "Link": "NullifierWeaponDummy",
      "Turret": "NullifierMovement",
      "Id": "NullifierWeaponDummy",
      "Icon": "btn-missing-kaeo",
      "Name": "Nullifier - Weapon Dummy",
      "TargetFilters": "Ground",
      "Range": 7,
      "Period": 0.6
    }
  ],
  "Behaviors": [
    {
      "Link": "KeironConstructionFreeze",
      "Id": "KeironConstructionFreeze"
    }
  ],
  "Upgrades": [
    {
      "Link": "KeironShields",
      "Id": "KeironShields",
      "Name": "Keiron Shields"
    },
    {
      "Link": "KeironShieldsLevel1",
      "Id": "KeironShieldsLevel1",
      "Icon": "btn-upgrade-keiron-shields-level1",
      "Name": "Keiron Shields Level 1"
    },
    {
      "Link": "KeironShieldsLevel2",
      "Id": "KeironShieldsLevel2",
      "Icon": "btn-upgrade-keiron-shields-level2",
      "Name": "Keiron Shields Level 2"
    },
    {
      "Link": "KeironShieldsLevel3",
      "Id": "KeironShieldsLevel3",
      "Icon": "btn-upgrade-keiron-shields-level3",
      "Name": "Keiron Shields Level 3"
    }
  ],
  "Abilities": [
    {
      "Link": "BuildInProgress",
      "Id": "BuildInProgress",
      "Name": "Build in Progress"
    },
    {
      "Link": "attack",
      "Id": "attack",
      "Name": "Attack"
    },
    {
      "Link": "stop",
      "Id": "stop",
      "Name": "Stop"
    }
  ],
  "Requirements": [
    {
      "Id": "Reliquary",
      "Icon": "btn-building-keiron-reliquary",
      "Description": "Upgrade tech facility.<br/><br/><span style=\"color: #FFFF80\">Enables:</span><br/>  - Nullifiers from the Converter<br/>  - Strati from the Converter",
      "Name": "Reliquary"
    }
  ],
  "Production": [],
  "Producers": [
    {
      "Id": "Converter",
      "Icon": "btn-unit-keiron-converter",
      "Description": "Basic worker unit. Can gather resources and shape Keiron structures.<br/><br/><span style=\"color: #ffff8a\">Can attack ground units.</span>",
      "Name": "Converter"
    }
  ],
  "Commands": [
    {
      "Id": "Stop",
      "Icon": "btn-command-stop",
      "Tooltip": "Orders selected units to cancel all orders and stop moving.",
      "Name": "Stop",
      "AbilCmd": "stop,Stop"
    },
    {
      "Id": "CancelBuilding",
      "Icon": "btn-command-cancel",
      "Tooltip": "Cancels construction of this structure, destroying the structure and giving a partial refund.",
      "Name": "Cancel",
      "AbilCmd": "BuildInProgress,Cancel"
    },
    {
      "Id": "MothershipCoreAttack",
      "Icon": "btn-command-attack",
      "Tooltip": "Orders selected units to move to the target point, fighting nearby enemies along the way. Targeting a unit with the Attack command orders that it be attacked until it is destroyed.",
      "Name": "Attack",
      "AbilCmd": "attack,Execute"
    },
    {
      "Id": "MoveHoldPosition",
      "Icon": "btn-command-holdposition",
      "Tooltip": "Orders selected units to stay where they are and attack enemies that are within range. Units will neither chase down enemies nor move to engage.",
      "Name": "Hold Position",
      "AbilCmd": "move,HoldPos"
    },
    {
      "Id": "MovePatrol",
      "Icon": "btn-command-patrol",
      "Tooltip": "Orders selected units to patrol between their current position and the target area. Units will attack enemies and move to engage nearby enemies.",
      "Name": "Patrol",
      "AbilCmd": "move,Patrol"
    },
    {
      "Id": "Move",
      "Icon": "btn-command-move",
      "Tooltip": "Orders selected units to move to the target area or follow the target unit. Moving units will not engage enemies.",
      "Name": "Move",
      "AbilCmd": "move,Move"
    }
  ]
}