{
  "Name": "Creep Tower",
  "Description": "Creep Tower can launch creep in a chosen direction.<br/><br/><c val=\"#ColorAttackInfo\">Bonus: Zerg move faster on creep.</span>",
  "DeathRevealFilters": "Visible;Player,Ally,Neutral,Missile,Dead,Hidden",
  "DeathRevealRadius": 3,
  "DeathRevealDuration": 4,
  "DeathRevealType": "Snapshot",
  "Race": "Zerg",
  "DefaultAcquireLevel": "Offensive",
  "Response": "Acquire",
  "ResourceState": "Unknown",
  "ResourceType": "Unknown",
  "LifeStart": 200,
  "LifeMax": 200,
  "LifeArmorName": "Zerg Building Armor",
  "Mover": "Ground",
  "StationaryTurningRate": 719.4726,
  "TurningRate": 719.4726,
  "Radius": 1,
  "SeparationRadius": 1,
  "MinimapRadius": 1,
  "EditorCategories": {
    "ObjectType": "Structure",
    "ObjectFamily": "Campaign"
  },
  "TacticalAIFilters": "-;Player,Ally,Neutral",
  "AIEvalFactor": 1,
  "Mass": 0.4,
  "FlagArray": [
    "PreventDefeat",
    "PreventDestroy",
    "PenaltyRevealed",
    "UseLineOfSight",
    "TownAlert",
    "NoPortraitTalk",
    "AIDefense",
    "ArmorDisabledWhileConstructing"
  ],
  "PushPriority": 10,
  "LeaderAlias": "NydusCanalCreeper",
  "HotkeyAlias": "NydusCanalCreeper",
  "SelectAlias": "NydusCanalCreeper",
  "SubgroupAlias": "NydusCanalCreeper",
  "OccludeHeight": 0.75,
  "TacticalAI": "NydusCanalCreeper",
  "AIEvaluateAlias": "NydusCanalCreeper",
  "ReviveType": "NydusCanalCreeper",
  "PawnItemReduction": 1,
  "Fidget": {
    "DelayMax": 30,
    "DelayMin": 10,
    "DistanceMax": 4,
    "DistanceMin": 1,
    "TurnAngle": 90,
    "TurningRate": 90,
    "ChanceArray": {
      "Idle": 100
    }
  },
  "ReviveInfoBase": {
    "Charge": {
      "Link": "NydusCanalCreeper/Revive",
      "Location": "Unit"
    },
    "Cooldown": {
      "Link": "NydusCanalCreeper/Revive",
      "Location": "Unit"
    }
  },
  "InnerRadiusSafetyMultiplier": 1,
  "ArmorType": "Unknown",
  "Facing": 29.9707,
  "Mob": "Multiplayer",
  "FogVisibility": "Snapshot",
  "PlaneArray": [
    "Ground"
  ],
  "Collide": [
    "Burrow",
    "Ground",
    "Small",
    "Structure",
    "RoachBurrow",
    "ForceField"
  ],
  "Attributes": [
    "Armored",
    "Biological",
    "Structure"
  ],
  "LifeArmor": 1,
  "LifeRegenRate": 0.2734,
  "Sight": 10,
  "CostCategory": "Technology",
  "CostResource": {
    "Minerals": 150,
    "Vespene": 75
  },
  "AttackTargetPriority": 11,
  "CardLayouts": [
    {
      "LayoutButtons": [
        {
          "Face": "DigesterCreepSpray",
          "Type": "AbilCmd",
          "AbilCmd": "DigesterCreepSpray,Execute",
          "Row": 2,
          "Column": 0
        }
      ]
    },
    {
      "LayoutButtons": [
        {
          "Face": "AttackBuilding",
          "Type": "AbilCmd",
          "AbilCmd": "attack,Execute",
          "Row": 0,
          "Column": 4
        },
        {
          "Face": "Stop",
          "Type": "AbilCmd",
          "AbilCmd": "stop,Stop",
          "Row": 0,
          "Column": 1
        }
      ]
    }
  ],
  "Footprint": "Footprint2x2IgnoreCreepContour",
  "PlacementFootprint": "Footprint2x2IgnoreCreepContour",
  "ScoreMake": 225,
  "ScoreKill": 775,
  "ScoreResult": "BuildOrder",
  "SubgroupPriority": 2,
  "Icon": "btn-unit-zerg-nyduscreeptower",
  "LifeArmorIcon": "btn-armor-zerg-building",
  "ShieldArmorIcon": "btn-upgrade-protoss-shieldslevel0",
  "Id": "NydusCanalCreeper",
  "Weapons": [
    {
      "Link": "DigesterCreepSprayWeapon",
      "Turret": "NydusCanalCreeper",
      "Id": "DigesterCreepSprayWeapon",
      "Icon": "btn-upgrade-zerg-missileattacks-level0",
      "Name": "Digester Creep Spray Weapon",
      "TargetFilters": "Armored,Biological,Mechanical,Massive,Structure,Heroic,Invulnerable",
      "Range": 500,
      "Period": 1
    }
  ],
  "Behaviors": [
    {
      "Link": "MakeCreepNydusCreeper",
      "Id": "MakeCreepNydusCreeper",
      "Name": "Make Creep Nydus Creeper"
    },
    {
      "Link": "DigesterCreepSprayFinal",
      "Id": "DigesterCreepSprayFinal",
      "Name": "Digester Creep Spray Final"
    }
  ],
  "Upgrades": [],
  "Abilities": [
    {
      "Link": "BuildinProgressNydusCanal",
      "Id": "BuildinProgressNydusCanal",
      "Name": "Buildin Progress Nydus Canal"
    },
    {
      "Link": "attack",
      "Id": "attack",
      "Name": "Attack"
    },
    {
      "Link": "stop",
      "Id": "stop",
      "Name": "Stop"
    },
    {
      "Link": "DigesterCreepSpray",
      "Id": "DigesterCreepSpray",
      "Name": "Spray Creep"
    }
  ],
  "Requirements": [],
  "Production": [],
  "Producers": [],
  "Commands": [
    {
      "Id": "DigesterCreepSpray",
      "Icon": "btn-ability-zerg-generatecreep-color",
      "Name": "Creep Spray",
      "AbilCmd": "DigesterCreepSpray,Execute"
    },
    {
      "Id": "AttackBuilding",
      "Icon": "btn-command-attack",
      "Tooltip": "Targets and attacks the target unit until it is destroyed or moves out of range.",
      "Name": "Attack",
      "AbilCmd": "attack,Execute"
    },
    {
      "Id": "Stop",
      "Icon": "btn-command-stop",
      "Tooltip": "Orders selected units to cancel all orders and stop moving.",
      "Name": "Stop",
      "AbilCmd": "stop,Stop"
    }
  ]
}