{
  "Name": "Stasis Ward",
  "Description": "Ground unit trap. Cloak renders the Stasis Ward invisible to enemies without detection.",
  "DeathRevealFilters": "Visible;Player,Ally,Neutral,Missile,Dead,Hidden",
  "DeathRevealRadius": 2,
  "DeathRevealDuration": 4,
  "DeathRevealType": "Snapshot",
  "Race": "Prot",
  "DefaultAcquireLevel": "Offensive",
  "Response": "Acquire",
  "ResourceState": "Unknown",
  "ResourceType": "Unknown",
  "LifeStart": 30,
  "LifeMax": 30,
  "LifeArmorName": "Protoss Armor",
  "Mover": "Ground",
  "StationaryTurningRate": 720,
  "TurningRate": 720,
  "Radius": 0.375,
  "SeparationRadius": 0.5,
  "MinimapRadius": 0.375,
  "EditorCategories": {
    "ObjectType": "Unit",
    "ObjectFamily": "Melee"
  },
  "TacticalAIFilters": "-;Player,Ally,Neutral",
  "AIEvalFactor": 1,
  "Mass": 0.4,
  "FlagArray": [
    "Movable",
    "Unclickable",
    "Unhighlightable",
    "Untooltipable",
    "KillCredit",
    "ShowResources",
    "ClearRallyOnTargetLost",
    "PlayerRevivable",
    "CameraFollow",
    "NoPortraitTalk",
    "AIThreatGround",
    "AILifetime",
    "AISplash",
    "AIHighPrioTarget",
    "UseLineOfSight"
  ],
  "EditorFlags": [
    "BlockStructures"
  ],
  "PushPriority": 10,
  "LeaderAlias": "OracleStasisTrap",
  "HotkeyAlias": "OracleStasisTrap",
  "SelectAlias": "OracleStasisTrap",
  "SubgroupAlias": "OracleStasisTrap",
  "OccludeHeight": 0.75,
  "TacticalAI": "OracleStasisTrap",
  "AIEvaluateAlias": "OracleStasisTrap",
  "ReviveType": "OracleStasisTrap",
  "PawnItemReduction": 1,
  "Fidget": {
    "DelayMax": 30,
    "DelayMin": 10,
    "DistanceMax": 4,
    "DistanceMin": 1,
    "TurnAngle": 90,
    "TurningRate": 90,
    "ChanceArray": {
      "Idle": 100
    }
  },
  "ReviveInfoBase": {
    "Charge": {
      "Link": "OracleStasisTrap/Revive",
      "Location": "Unit"
    },
    "Cooldown": {
      "Link": "OracleStasisTrap/Revive",
      "Location": "Unit"
    }
  },
  "InnerRadiusSafetyMultiplier": 1,
  "ArmorType": "Unknown",
  "Mob": "Multiplayer",
  "PlaneArray": [
    "Ground"
  ],
  "Attributes": [
    "Light",
    "Structure"
  ],
  "ShieldsStart": 30,
  "ShieldsMax": 30,
  "ShieldRegenRate": 2,
  "ShieldArmorName": "Protoss Plasma Shields",
  "Sight": 4,
  "AttackTargetPriority": 10,
  "CardLayouts": [
    {
      "LayoutButtons": [
        {
          "Face": "ActivateStasisWard",
          "Type": "Passive",
          "AbilCmd": "OracleStasisTrapActivate,Execute",
          "Row": 2,
          "Column": 0
        },
        {
          "Face": "CancelBuilding",
          "Type": "AbilCmd",
          "AbilCmd": "BuildInProgress,Cancel",
          "Row": 2,
          "Column": 4
        },
        {
          "Face": "PermanentlyCloakedStasis",
          "Type": "Passive",
          "Row": 2,
          "Column": 1
        }
      ]
    }
  ],
  "InnerRadius": 0.375,
  "KillDisplay": "Never",
  "RankDisplay": "Never",
  "Collide": [
    "Ground",
    "Structure",
    "ForceField",
    "Small"
  ],
  "ShieldRegenDelay": 10,
  "PlacementFootprint": "OracleStasisTrap",
  "GlossaryCategory": "Unit/Category/ProtossUnits",
  "GlossaryPriority": 250,
  "AINotifyEffect": "OracleStasisTrapActivate",
  "Footprint": "OracleStasisTrap",
  "GlossaryStrongArray": [
    "Marine",
    "Zergling",
    "Zealot"
  ],
  "GlossaryWeakArray": [
    "Raven",
    "Overseer",
    "Observer"
  ],
  "Icon": "btn-ability-protoss-oracle-stasisward",
  "LifeArmorIcon": "btn-armor-protoss-buildingplating",
  "ShieldArmorIcon": "btn-upgrade-protoss-shieldslevel0",
  "Id": "OracleStasisTrap",
  "Behaviors": [
    {
      "Link": "OracleStasisTrapCloak",
      "Id": "OracleStasisTrapCloak"
    },
    {
      "Link": "StasisWardTimedLife",
      "Id": "StasisWardTimedLife"
    }
  ],
  "Upgrades": [],
  "Abilities": [
    {
      "Link": "OracleStasisTrapActivate",
      "Id": "OracleStasisTrapActivate",
      "Name": "Activate"
    },
    {
      "Link": "BuildInProgress",
      "Id": "BuildInProgress",
      "Name": "Build in Progress"
    }
  ],
  "Requirements": [],
  "Production": [],
  "Producers": [
    {
      "Id": "Oracle",
      "Icon": "btn-unit-protoss-oracle",
      "Description": "Flying caster. Can use Revelation, Stasis Ward, and Pulsar Beam.",
      "Name": "Oracle"
    }
  ],
  "Commands": [
    {
      "Id": "ActivateStasisWard",
      "Icon": "btn-ability-protoss-stasistrap",
      "Tooltip": "Traps nearby enemies in stasis for <b>30</b> seconds. Trapped units cannot be attacked or affected by abilities.",
      "Name": "Stasis Trap",
      "AbilCmd": "OracleStasisTrapActivate,Execute"
    },
    {
      "Id": "CancelBuilding",
      "Icon": "btn-command-cancel",
      "Tooltip": "Cancels construction of this structure, destroying the structure and giving a partial refund.",
      "Name": "Cancel",
      "AbilCmd": "BuildInProgress,Cancel"
    }
  ]
}