{
  "Name": "Oracle",
  "Description": "Flying caster. Can use Revelation, Stasis Ward, and Pulsar Beam.",
  "DeathRevealFilters": "Visible;Player,Ally,Neutral,Missile,Dead,Hidden",
  "DeathRevealRadius": 3,
  "DeathRevealDuration": 4,
  "DeathRevealType": "Snapshot",
  "Race": "Prot",
  "DefaultAcquireLevel": "Offensive",
  "Response": "Acquire",
  "ResourceState": "Unknown",
  "ResourceType": "Unknown",
  "LifeStart": 100,
  "LifeMax": 100,
  "LifeArmorName": "Protoss Plating",
  "Mover": "Fly",
  "StationaryTurningRate": 999.8437,
  "TurningRate": 999.8437,
  "Radius": 0.75,
  "SeparationRadius": 0.75,
  "MinimapRadius": 1,
  "EditorCategories": {
    "ObjectType": "Unit",
    "ObjectFamily": "Melee"
  },
  "TacticalAIFilters": "-;Player,Ally,Neutral",
  "AIEvalFactor": 0.3,
  "Mass": 0.4,
  "FlagArray": [
    "Turnable",
    "Movable",
    "Unclickable",
    "Unhighlightable",
    "Untooltipable",
    "KillCredit",
    "ShowResources",
    "ClearRallyOnTargetLost",
    "PlayerRevivable",
    "CameraFollow",
    "PreventDestroy",
    "UseLineOfSight",
    "AlwaysThreatens",
    "AIHighPrioTarget",
    "AICaster",
    "AISupport",
    "AIFleeDamageDisabled",
    "ArmySelect"
  ],
  "EditorFlags": [
    "BlockStructures"
  ],
  "PushPriority": 10,
  "LeaderAlias": "Oracle",
  "HotkeyAlias": "Oracle",
  "SelectAlias": "Oracle",
  "SubgroupAlias": "Oracle",
  "OccludeHeight": 0.75,
  "TacticalAI": "Oracle",
  "AIEvaluateAlias": "Oracle",
  "ReviveType": "Oracle",
  "PawnItemReduction": 1,
  "Fidget": {
    "DelayMax": 30,
    "DelayMin": 10,
    "DistanceMax": 4,
    "DistanceMin": 1,
    "TurnAngle": 90,
    "TurningRate": 90,
    "ChanceArray": {
      "Idle": 100
    }
  },
  "ReviveInfoBase": {
    "Charge": {
      "Link": "Oracle/Revive",
      "Location": "Unit"
    },
    "Cooldown": {
      "Link": "Oracle/Revive",
      "Location": "Unit"
    }
  },
  "InnerRadiusSafetyMultiplier": 1,
  "ArmorType": "Unknown",
  "Mob": "Multiplayer",
  "PlaneArray": [
    "Air"
  ],
  "Collide": [
    "Flying"
  ],
  "Attributes": [
    "Mechanical",
    "Psionic",
    "Armored"
  ],
  "EnergyStart": 50,
  "EnergyMax": 200,
  "EnergyRegenRate": 0.5625,
  "ShieldsStart": 60,
  "ShieldsMax": 60,
  "ShieldRegenDelay": 10,
  "ShieldRegenRate": 2,
  "ShieldArmorName": "Protoss Plasma Shields",
  "Speed": 4,
  "Acceleration": 3,
  "Sight": 10,
  "Height": 3.75,
  "VisionHeight": 4,
  "Food": -3,
  "CostCategory": "Army",
  "CostResource": {
    "Minerals": 150,
    "Vespene": 150
  },
  "RepairTime": 60,
  "AttackTargetPriority": 20,
  "TacticalAIThink": "AIThinkOracle",
  "CardLayouts": [
    {
      "LayoutButtons": [
        {
          "Face": "Move",
          "Type": "AbilCmd",
          "AbilCmd": "move,Move",
          "Row": 0,
          "Column": 0
        },
        {
          "Face": "Stop",
          "Type": "AbilCmd",
          "AbilCmd": "stop,Stop",
          "Row": 0,
          "Column": 1
        },
        {
          "Face": "MoveHoldPosition",
          "Type": "AbilCmd",
          "AbilCmd": "move,HoldPos",
          "Row": 0,
          "Column": 2
        },
        {
          "Face": "MovePatrol",
          "Type": "AbilCmd",
          "AbilCmd": "move,Patrol",
          "Row": 0,
          "Column": 3
        },
        {
          "Face": "OracleAttack",
          "Type": "AbilCmd",
          "AbilCmd": "attack,Execute",
          "Row": 0,
          "Column": 4
        },
        {
          "Face": "AcquireMove",
          "Type": "AbilCmd",
          "AbilCmd": "move,AcquireMove",
          "Row": 0,
          "Column": 4
        },
        {
          "Face": "OracleRevelation",
          "Type": "AbilCmd",
          "AbilCmd": "OracleRevelation,Execute",
          "Row": 2,
          "Column": 0
        },
        {
          "Face": "OracleBuildStasisTrap",
          "Type": "AbilCmd",
          "AbilCmd": "OracleStasisTrapBuild,Build1",
          "Row": 2,
          "Column": 1
        },
        {
          "Face": "OracleWeaponOn",
          "Type": "AbilCmd",
          "AbilCmd": "OracleWeapon,On",
          "Row": 2,
          "Column": 2
        },
        {
          "Face": "OracleWeaponOff",
          "Type": "AbilCmd",
          "AbilCmd": "OracleWeapon,Off",
          "Row": 2,
          "Column": 3
        },
        {
          "Face": "Cancel",
          "Type": "AbilCmd",
          "AbilCmd": "OracleStasisTrapBuild,Halt",
          "Row": 2,
          "Column": 4
        }
      ]
    }
  ],
  "ScoreResult": "BuildOrder",
  "SubgroupPriority": 84,
  "GlossaryCategory": "Unit/Category/ProtossUnits",
  "HotkeyCategory": "Unit/Category/ProtossUnits",
  "GlossaryPriority": 168,
  "ScoreMake": 300,
  "ScoreKill": 300,
  "KillDisplay": "Always",
  "RankDisplay": "Always",
  "GlossaryStrongArray": [
    "SCV",
    "Drone",
    "Probe"
  ],
  "GlossaryWeakArray": [
    "VikingFighter",
    "Mutalisk",
    "Phoenix"
  ],
  "Icon": "btn-unit-protoss-oracle",
  "LifeArmorIcon": "btn-upgrade-protoss-airarmorlevel0",
  "ShieldArmorIcon": "btn-upgrade-protoss-shieldslevel0",
  "Id": "Oracle",
  "Weapons": [
    {
      "Link": "Oracle",
      "Id": "Oracle",
      "Icon": "btn-ability-protoss-oraclepulsarcannonon",
      "Name": "Pulsar Beam",
      "Amount": 15,
      "AttributeBonus": {
        "Light": 7
      },
      "Kind": "Spell",
      "TargetFilters": "Ground",
      "Range": 4,
      "Period": 0.86
    },
    {
      "Link": "OracleDisplayDummy",
      "Id": "OracleDisplayDummy",
      "Icon": "btn-ability-protoss-oraclepulsarcannonon",
      "Name": "Pulsar Beam",
      "Amount": 15,
      "AttributeBonus": {
        "Light": 7
      },
      "Kind": "Spell",
      "TargetFilters": "Ground",
      "Range": 4,
      "Period": 0.86
    }
  ],
  "Upgrades": [
    {
      "Link": "RewardDanceOracle",
      "Id": "RewardDanceOracle",
      "Icon": "btn-unit-protoss-oracle",
      "Name": "Reward Dance - Oracle"
    },
    {
      "Link": "OracleEnergyUpgrade",
      "Id": "OracleEnergyUpgrade",
      "Icon": "btn-upgrade-protoss-researchbosoniccore",
      "Name": "Bosonic Core"
    },
    {
      "Link": "RestoreShields",
      "Id": "RestoreShields",
      "Icon": "btn-missing-kaeo",
      "Name": "Restore Shields"
    }
  ],
  "Abilities": [
    {
      "Link": "stop",
      "Id": "stop",
      "Name": "Stop"
    },
    {
      "Link": "move",
      "Id": "move",
      "Name": "Move"
    },
    {
      "Link": "OracleRevelation",
      "Id": "OracleRevelation",
      "Name": "Oracle Revelation"
    },
    {
      "Link": "Warpable",
      "Id": "Warpable",
      "Name": "Warpable"
    },
    {
      "Link": "attack",
      "Id": "attack",
      "Name": "Attack"
    },
    {
      "Link": "OracleWeapon",
      "Id": "OracleWeapon",
      "Name": "Oracle Weapon"
    },
    {
      "Link": "OracleStasisTrapBuild",
      "Id": "OracleStasisTrapBuild",
      "Name": "Build Stasis Ward"
    }
  ],
  "Requirements": [],
  "Production": [
    {
      "Id": "OracleStasisTrap",
      "Icon": "btn-ability-protoss-oracle-stasisward",
      "Description": "Ground unit trap. Cloak renders the Stasis Ward invisible to enemies without detection.",
      "Name": "Stasis Ward"
    }
  ],
  "Producers": [
    {
      "Id": "Stargate",
      "Icon": "btn-building-protoss-stargate",
      "Description": "Warps in Protoss air units.<br/><br/><span style=\"color: #ffff8a\">Enables:</span><br/>- Phoenixes<br/>- Void Rays<br/>- Oracles",
      "Name": "Stargate"
    }
  ],
  "Commands": [
    {
      "Id": "Move",
      "Icon": "btn-command-move",
      "Tooltip": "Orders selected units to move to the target area or follow the target unit. Moving units will not engage enemies.",
      "Name": "Move",
      "AbilCmd": "move,Move"
    },
    {
      "Id": "Stop",
      "Icon": "btn-command-stop",
      "Tooltip": "Orders selected units to cancel all orders and stop moving.",
      "Name": "Stop",
      "AbilCmd": "stop,Stop"
    },
    {
      "Id": "MoveHoldPosition",
      "Icon": "btn-command-holdposition",
      "Tooltip": "Orders selected units to stay where they are and attack enemies that are within range. Units will neither chase down enemies nor move to engage.",
      "Name": "Hold Position",
      "AbilCmd": "move,HoldPos"
    },
    {
      "Id": "MovePatrol",
      "Icon": "btn-command-patrol",
      "Tooltip": "Orders selected units to patrol between their current position and the target area. Units will attack enemies and move to engage nearby enemies.",
      "Name": "Patrol",
      "AbilCmd": "move,Patrol"
    },
    {
      "Id": "OracleAttack",
      "Icon": "btn-command-attack",
      "Tooltip": "Orders selected units to move to the target point, fighting nearby enemies along the way. Targeting a unit with the Attack command orders that it be attacked until it is destroyed.",
      "Name": "Attack",
      "AbilCmd": "attack,Execute"
    },
    {
      "Id": "AcquireMove",
      "Icon": "btn-command-attack",
      "Tooltip": "Orders selected units to move to the target area or follow the target unit. Scan-moving units will not engage enemies.",
      "Name": "Scan Move",
      "AbilCmd": "move,AcquireMove"
    },
    {
      "Id": "OracleRevelation",
      "Icon": "btn-ability-protoss-preordain",
      "Tooltip": "Causes enemy units and structures within the target area to grant vision for <b>28</b> seconds. Reveals cloaked or burrowed units and structures.",
      "Name": "Revelation",
      "AbilCmd": "OracleRevelation,Execute"
    },
    {
      "Id": "OracleBuildStasisTrap",
      "Icon": "btn-ability-protoss-oracle-stasisward",
      "Tooltip": "Places a cloaked Stasis Ward at the target location that lasts <b>238</b> seconds. Once activated by an enemy ground unit, the ward traps nearby enemies in stasis for <b>30</b> seconds. Trapped units cannot be attacked or affected by abilities.",
      "Name": "Stasis Ward",
      "AbilCmd": "OracleStasisTrapBuild,Build1"
    },
    {
      "Id": "OracleWeaponOn",
      "Icon": "btn-ability-protoss-oraclepulsarcannonon",
      "Tooltip": "Charges the Oracle's Pulsar Beam and allows it to attack enemy ground units.<br/><br/><span style=\"color: #f078ff\">Drains <b>1.4</b> energy per second.</span>",
      "Name": "Activate Pulsar Beam",
      "AbilCmd": "OracleWeapon,On"
    },
    {
      "Id": "OracleWeaponOff",
      "Icon": "btn-ability-protoss-oraclepulsarcannonoff",
      "Tooltip": "Deactivates the Oracle's Pulsar Beam and prevents it from attacking.",
      "Name": "Deactivate Pulsar Beam",
      "AbilCmd": "OracleWeapon,Off"
    },
    {
      "Id": "Cancel",
      "Icon": "btn-command-cancel",
      "Tooltip": "Drops the current order without performing it, and allows you to select a different order.",
      "Name": "Cancel",
      "AbilCmd": "OracleStasisTrapBuild,Halt"
    }
  ]
}