{
  "Name": "Osprey",
  "Description": "Attack Helicopter and Infantry Transport<br/><br/><c val=\"#ColorAttackInfo\">Can attack ground and air units</span>",
  "DeathRevealFilters": "Visible;Player,Ally,Neutral,Missile,Dead,Hidden",
  "DeathRevealRadius": 3,
  "DeathRevealDuration": 4,
  "DeathRevealType": "Snapshot",
  "Race": "UPL",
  "DefaultAcquireLevel": "Offensive",
  "Response": "Acquire",
  "ResourceState": "Unknown",
  "ResourceType": "Unknown",
  "LifeStart": 150,
  "LifeMax": 150,
  "LifeArmorName": "UPL Ship Plating",
  "Mover": "Ground",
  "StationaryTurningRate": 999.8437,
  "TurningRate": 720,
  "Radius": 0.875,
  "SeparationRadius": 0.8,
  "MinimapRadius": 0.75,
  "EditorCategories": {
    "ObjectType": "Unit",
    "ObjectFamily": "Melee"
  },
  "TacticalAIFilters": "-;Player,Ally,Neutral",
  "AIEvalFactor": 1,
  "Mass": 0.4,
  "FlagArray": [
    "Turnable",
    "Movable",
    "Unclickable",
    "Unhighlightable",
    "Untooltipable",
    "KillCredit",
    "ShowResources",
    "ClearRallyOnTargetLost",
    "PlayerRevivable",
    "CameraFollow",
    "PreventDestroy",
    "UseLineOfSight",
    "AIThreatGround",
    "AIThreatAir",
    "ArmySelect"
  ],
  "EditorFlags": [
    "BlockStructures"
  ],
  "PushPriority": 10,
  "LeaderAlias": "Osprey",
  "HotkeyAlias": "Osprey",
  "SelectAlias": "Osprey",
  "SubgroupAlias": "Osprey",
  "OccludeHeight": 0.75,
  "TacticalAI": "OspreyLanded",
  "AIEvaluateAlias": "OspreyLanded",
  "ReviveType": "OspreyLanded",
  "PawnItemReduction": 1,
  "Fidget": {
    "DelayMax": 30,
    "DelayMin": 10,
    "DistanceMax": 4,
    "DistanceMin": 1,
    "TurnAngle": 90,
    "TurningRate": 90,
    "ChanceArray": {
      "Idle": 100
    }
  },
  "ReviveInfoBase": {
    "Charge": {
      "Link": "OspreyLanded/Revive",
      "Location": "Unit"
    },
    "Cooldown": {
      "Link": "OspreyLanded/Revive",
      "Location": "Unit"
    }
  },
  "InnerRadiusSafetyMultiplier": 1,
  "ArmorType": "Unknown",
  "Mob": "Multiplayer",
  "PlaneArray": [
    "Ground"
  ],
  "Collide": [
    "Ground",
    "ForceField",
    "Locust",
    "Small"
  ],
  "Attributes": [
    "Armored",
    "Mechanical"
  ],
  "Sight": 11,
  "Food": -3,
  "CostCategory": "Army",
  "CostResource": {
    "Minerals": 125,
    "Vespene": 75
  },
  "RepairTime": 41.6667,
  "AttackTargetPriority": 20,
  "DamageDealtXP": 1,
  "DamageTakenXP": 1,
  "KillXP": 40,
  "CardLayouts": [
    {
      "LayoutButtons": [
        {
          "Face": "Move",
          "Type": "AbilCmd",
          "AbilCmd": "move,Move",
          "Row": 0,
          "Column": 0
        },
        {
          "Face": "Stop",
          "Type": "AbilCmd",
          "AbilCmd": "stop,Stop",
          "Row": 0,
          "Column": 1
        },
        {
          "Face": "MoveHoldPosition",
          "Type": "AbilCmd",
          "AbilCmd": "move,HoldPos",
          "Row": 0,
          "Column": 2
        },
        {
          "Face": "MovePatrol",
          "Type": "AbilCmd",
          "AbilCmd": "move,Patrol",
          "Row": 0,
          "Column": 3
        },
        {
          "Face": "Attack",
          "Type": "AbilCmd",
          "AbilCmd": "attack,Execute",
          "Row": 0,
          "Column": 4
        },
        {
          "Face": "AcquireMove",
          "Type": "AbilCmd",
          "AbilCmd": "move,AcquireMove",
          "Row": 0,
          "Column": 4
        },
        {
          "Face": "OspreyLand",
          "Type": "AbilCmd",
          "AbilCmd": "OspreyLand,Execute",
          "Row": 2,
          "Column": 0
        },
        {
          "Face": "OspreyLiftOff",
          "Type": "AbilCmd",
          "AbilCmd": "OspreyFly,Execute",
          "Row": 2,
          "Column": 1
        },
        {
          "Face": "OspreyLoad",
          "Type": "AbilCmd",
          "AbilCmd": "OspreyTransport,Load",
          "Row": 2,
          "Column": 2
        },
        {
          "Face": "OspreyUnloadAll",
          "Type": "AbilCmd",
          "AbilCmd": "OspreyTransport,UnloadAll",
          "Row": 2,
          "Column": 3
        },
        {
          "Face": "OspreyFrancineFuelInjection",
          "Type": "Passive",
          "Requirements": "UseFrancineFuelInjection",
          "ShowInGlossary": 0,
          "Row": 1,
          "Column": 0
        },
        {
          "Face": "SetRallyPointTransport",
          "Type": "AbilCmd",
          "AbilCmd": "Rally,Rally1",
          "Row": 1,
          "Column": 4
        },
        {
          "Face": "CSVPersonnelCarrier",
          "Type": "Passive",
          "Row": 1,
          "Column": 1
        }
      ]
    }
  ],
  "InnerRadius": 0.875,
  "ScoreKill": 200,
  "SubgroupPriority": 17,
  "GlossaryPriority": 52,
  "HotkeyCategory": "Unit/Category/UPLUnits",
  "TechAliasArray": [
    "Alias_Osprey"
  ],
  "GlossaryAlias": "Osprey",
  "Speed": 2.5,
  "Acceleration": 1000,
  "EffectArray": {
    "Create": "OspreyLandedAB"
  },
  "KillDisplay": "Always",
  "RankDisplay": "Always",
  "AlliedPushPriority": 15,
  "LifeArmor": 1,
  "Icon": "btn-unit-upl-ospreyhelicopter",
  "LifeArmorIcon": "btn-upgrades-upl-vehicleplating-lvl0",
  "ShieldArmorIcon": "btn-upgrade-protoss-shieldslevel0",
  "Id": "OspreyLanded",
  "Upgrades": [
    {
      "Link": "UPLVehicleArmor",
      "Id": "UPLVehicleArmor",
      "Name": "UPL Vehicle Plating"
    },
    {
      "Link": "UPLVehiclePlatingLevel1",
      "Id": "UPLVehiclePlatingLevel1",
      "Icon": "btn-upgrades-upl-vehicleplating-lvl1",
      "Name": "UPL Vehicle Plating Level 1"
    },
    {
      "Link": "UPLVehiclePlatingLevel2",
      "Id": "UPLVehiclePlatingLevel2",
      "Icon": "btn-upgrades-upl-vehicleplating-lvl2",
      "Name": "UPL Vehicle Plating Level 2"
    },
    {
      "Link": "UPLVehiclePlatingLevel3",
      "Id": "UPLVehiclePlatingLevel3",
      "Icon": "btn-upgrades-upl-vehicleplating-lvl3",
      "Name": "UPL Vehicle Plating Level 3"
    }
  ],
  "Abilities": [
    {
      "Link": "stop",
      "Id": "stop",
      "Name": "Stop"
    },
    {
      "Link": "attack",
      "Id": "attack",
      "Name": "Attack"
    },
    {
      "Link": "move",
      "Id": "move",
      "Name": "Move"
    },
    {
      "Link": "OspreyTransport",
      "Id": "OspreyTransport",
      "Name": "Osprey Transport"
    },
    {
      "Link": "OspreyFly",
      "Id": "OspreyFly",
      "Name": "Osprey Fly"
    },
    {
      "Link": "Rally",
      "Id": "Rally",
      "Name": "Rally"
    }
  ],
  "Requirements": [],
  "Production": [],
  "Producers": [],
  "Commands": [
    {
      "Id": "Move",
      "Icon": "btn-command-move",
      "Tooltip": "Orders selected units to move to the target area or follow the target unit. Moving units will not engage enemies.",
      "Name": "Move",
      "AbilCmd": "move,Move"
    },
    {
      "Id": "Stop",
      "Icon": "btn-command-stop",
      "Tooltip": "Orders selected units to cancel all orders and stop moving.",
      "Name": "Stop",
      "AbilCmd": "stop,Stop"
    },
    {
      "Id": "MoveHoldPosition",
      "Icon": "btn-command-holdposition",
      "Tooltip": "Orders selected units to stay where they are and attack enemies that are within range. Units will neither chase down enemies nor move to engage.",
      "Name": "Hold Position",
      "AbilCmd": "move,HoldPos"
    },
    {
      "Id": "MovePatrol",
      "Icon": "btn-command-patrol",
      "Tooltip": "Orders selected units to patrol between their current position and the target area. Units will attack enemies and move to engage nearby enemies.",
      "Name": "Patrol",
      "AbilCmd": "move,Patrol"
    },
    {
      "Id": "Attack",
      "Icon": "btn-command-attack",
      "Tooltip": "Orders selected units to move to the target point, fighting nearby enemies along the way. Targeting a unit with the Attack command orders that it be attacked until it is destroyed.",
      "Name": "Attack",
      "AbilCmd": "attack,Execute"
    },
    {
      "Id": "AcquireMove",
      "Icon": "btn-command-attack",
      "Tooltip": "Orders selected units to move to the target area or follow the target unit. Scan-moving units will not engage enemies.",
      "Name": "Scan Move",
      "AbilCmd": "move,AcquireMove"
    },
    {
      "Id": "OspreyLand",
      "Icon": "btn-ability-terran-land",
      "Tooltip": "Osprey lands.  Requires unobstructed area.  Osprey can only load or unload infantry while landed.",
      "Name": "Land Ship",
      "AbilCmd": "OspreyLand,Execute"
    },
    {
      "Id": "OspreyLiftOff",
      "Icon": "btn-ability-terran-liftoff",
      "Tooltip": "Osprey takes off.  Osprey cannot load or unload infantry while airborne.",
      "Name": "Lift Off",
      "AbilCmd": "OspreyFly,Execute"
    },
    {
      "Id": "OspreyLoad",
      "Icon": "btn-ability-terran-load",
      "Tooltip": "Loads infantry units into the Osprey.",
      "Name": "Load Infantry",
      "AbilCmd": "OspreyTransport,Load"
    },
    {
      "Id": "OspreyUnloadAll",
      "Icon": "btn-ability-terran-unloadall",
      "Tooltip": "Unloads all infantry onboard.",
      "Name": "Deploy Infantry",
      "AbilCmd": "OspreyTransport,UnloadAll"
    },
    {
      "Id": "SetRallyPointTransport",
      "Icon": "btn-ability-terran-setrallypoint",
      "Tooltip": "Sends unloaded units to designated point.",
      "Name": "Set Rally Point",
      "AbilCmd": "Rally,Rally1"
    }
  ]
}