{
  "Name": "Outfitting Station",
  "Description": "Contains upgrades for Genetron units.<br/><br/><span style=\"color: #FFFF80\">Enables:<br/></span>- Equalizers at the Manufacturer<br/>- Inciters at the Fabricator<br/>- Teslas at the Fabricator<br/>- Jupiters at the Assembly Array<br/>- Boars at the Assembly Array",
  "DeathRevealFilters": "Visible;Player,Ally,Neutral,Missile,Dead,Hidden",
  "DeathRevealRadius": 3,
  "DeathRevealDuration": 4,
  "DeathRevealType": "Snapshot",
  "Race": "Gen",
  "DefaultAcquireLevel": "Offensive",
  "Response": "Acquire",
  "ResourceState": "Unknown",
  "ResourceType": "Unknown",
  "LifeStart": 850,
  "LifeMax": 850,
  "LifeArmorName": "Mechanical Structure Armor",
  "Mover": "Ground",
  "StationaryTurningRate": 720,
  "TurningRate": 720,
  "Radius": 1.25,
  "SeparationRadius": 0.5,
  "MinimapRadius": 1.5,
  "EditorCategories": {
    "ObjectType": "Structure",
    "ObjectFamily": "Melee"
  },
  "TacticalAIFilters": "-;Player,Ally,Neutral",
  "AIEvalFactor": 1,
  "Mass": 0.4,
  "FlagArray": [
    "Movable",
    "Unclickable",
    "Unhighlightable",
    "Untooltipable",
    "KillCredit",
    "ShowResources",
    "ClearRallyOnTargetLost",
    "PlayerRevivable",
    "CameraFollow",
    "PreventDestroy",
    "UseLineOfSight",
    "PreventDefeat",
    "PenaltyRevealed",
    "TownAlert",
    "NoPortraitTalk",
    "ArmorDisabledWhileConstructing"
  ],
  "EditorFlags": [
    "BlockStructures"
  ],
  "PushPriority": 10,
  "LeaderAlias": "OutfittingStation",
  "HotkeyAlias": "OutfittingStation",
  "SelectAlias": "OutfittingStation",
  "SubgroupAlias": "OutfittingStation",
  "OccludeHeight": 0.75,
  "TacticalAI": "OutfittingStation",
  "AIEvaluateAlias": "OutfittingStation",
  "ReviveType": "OutfittingStation",
  "PawnItemReduction": 1,
  "Fidget": {
    "DelayMax": 30,
    "DelayMin": 10,
    "DistanceMax": 4,
    "DistanceMin": 1,
    "TurnAngle": 90,
    "TurningRate": 90,
    "ChanceArray": {
      "Idle": 100
    }
  },
  "ReviveInfoBase": {
    "Charge": {
      "Link": "OutfittingStation/Revive",
      "Location": "Unit"
    },
    "Cooldown": {
      "Link": "OutfittingStation/Revive",
      "Location": "Unit"
    }
  },
  "InnerRadiusSafetyMultiplier": 1,
  "ArmorType": "Unknown",
  "Collide": [
    "Ground",
    "ForceField",
    "Burrow",
    "Structure",
    "RoachBurrow",
    "Small"
  ],
  "Attributes": [
    "Mechanical",
    "Armored",
    "Structure"
  ],
  "LifeArmor": 1,
  "ScoreResult": "BuildOrder",
  "GlossaryAlias": "",
  "PlaneArray": [
    "Ground"
  ],
  "Sight": 10,
  "AttackTargetPriority": 11,
  "GlossaryCategory": "",
  "HotkeyCategory": "Unit/Category/GenetronUnits",
  "ScoreMakeCostFactor": {
    "Minerals": 1,
    "Vespene": 1
  },
  "ScoreKillCostFactor": {
    "Minerals": 1,
    "Vespene": 1
  },
  "Facing": 0,
  "FogVisibility": "Snapshot",
  "CostCategory": "Technology",
  "CardLayouts": [
    {
      "LayoutButtons": [
        {
          "Face": "Cancel",
          "Type": "AbilCmd",
          "AbilCmd": "que5,CancelLast",
          "Row": 2,
          "Column": 4
        },
        {
          "Face": "CancelBuilding",
          "Type": "AbilCmd",
          "AbilCmd": "BuildInProgress,Cancel",
          "Row": 2,
          "Column": 4
        },
        {
          "Face": "ResearchSpitfireCalibratedEngines",
          "Type": "AbilCmd",
          "AbilCmd": "OutfittingStationResearch,Research1",
          "Row": 0,
          "Column": 0
        },
        {
          "Face": "ResearchSpitfireMadcapRounds",
          "Type": "AbilCmd",
          "AbilCmd": "OutfittingStationResearch,Research2",
          "Row": 0,
          "Column": 1
        },
        {
          "Face": "ResearchBlitzerBoreanReactor",
          "Type": "AbilCmd",
          "AbilCmd": "OutfittingStationResearch,Research3",
          "Row": 0,
          "Column": 2
        },
        {
          "Face": "ResearchFixerReactiveArmor",
          "Type": "AbilCmd",
          "AbilCmd": "OutfittingStationResearch,Research4",
          "Row": 0,
          "Column": 3
        },
        {
          "Face": "ResearchTorrentEnhancedTargeting",
          "Type": "AbilCmd",
          "AbilCmd": "OutfittingStationResearch,Research5",
          "Row": 1,
          "Column": 0
        },
        {
          "Face": "ResearchMoleSubterraneanSensors",
          "Type": "AbilCmd",
          "AbilCmd": "OutfittingStationResearch,Research7",
          "Row": 1,
          "Column": 1
        },
        {
          "Face": "ResearchBoarShapedHull",
          "Type": "AbilCmd",
          "AbilCmd": "OutfittingStationResearch,Research8",
          "Row": 2,
          "Column": 0
        },
        {
          "Face": "ResearchBadgerAAMDefenseTurret",
          "Type": "AbilCmd",
          "AbilCmd": "OutfittingStationResearch,Research9",
          "Row": 2,
          "Column": 1
        }
      ]
    }
  ],
  "Footprint": "Footprint3x3Contour",
  "PlacementFootprint": "Footprint3x3Contour",
  "CostResource": {
    "Minerals": 125,
    "Vespene": 75
  },
  "RepairTime": 50,
  "SubgroupPriority": 3,
  "GlossaryPriority": 25,
  "TechTreeUnlockedUnitArray": [
    "Equalizer",
    "Inciter",
    "Tesla",
    "Boar",
    "Jupiter"
  ],
  "Icon": "btn-building-genetron-outfittingstation",
  "LifeArmorIcon": "btn-upgrade-genetron-mechstructurearmor",
  "ShieldArmorIcon": "btn-upgrade-protoss-shieldslevel0",
  "Id": "OutfittingStation",
  "Behaviors": [
    {
      "Link": "LockdownMode",
      "Id": "LockdownMode",
      "Tooltip": "Under lockdown due to severe damage. Takes reduced damage, and cannot fully function. Must be repaired in order to resume a regular state.",
      "Name": "Lockdown Mode"
    }
  ],
  "Upgrades": [],
  "Abilities": [
    {
      "Link": "BuildInProgress",
      "Id": "BuildInProgress",
      "Name": "Build in Progress"
    },
    {
      "Link": "que5",
      "Id": "que5",
      "Name": "Queue (5)"
    },
    {
      "Link": "OutfittingStationResearch",
      "Id": "OutfittingStationResearch",
      "Name": "Outfitting Station - Research"
    }
  ],
  "Requirements": [
    {
      "Id": "Manufacturer",
      "Icon": "btn-building-genetron-manufacturer",
      "Description": "Produces light-weight machines.<br/><br/><span style=\"color: #FFFF80\">Enables:</span><br/>- Spitfires",
      "Name": "Manufacturer"
    }
  ],
  "Production": [
    {
      "Id": "CalibratedEngines",
      "Icon": "btn-upgrade-genetron-calibratedengines",
      "Name": "Calibrated Engines"
    },
    {
      "Id": "SpitfireMadcapRounds",
      "Icon": "btn-tips-terran-penetrator",
      "Name": "Madcap Rounds"
    },
    {
      "Id": "BlitzerBoreanReactor",
      "Icon": "btn-upgrade-genetron-boreanreactor",
      "Name": "Borean Reactor"
    },
    {
      "Id": "FixerReactiveArmor",
      "Icon": "btn-upgrade-genetron-reactivearmor",
      "Name": "Reactive Armor"
    },
    {
      "Id": "EnhancedTargeting",
      "Icon": "btn-upgrade-genetron-enhancedtargeting",
      "Name": "Enhanced Targeting"
    },
    {
      "Id": "SubterraneanSensors",
      "Icon": "btn-upgrade-terran-nova-detector",
      "Name": "Subterranean Sensors"
    },
    {
      "Id": "ShapedHull",
      "Icon": "btn-upgrade-genetron-shapedhull",
      "Name": "Shaped Hull"
    },
    {
      "Id": "AAMDefenseTurret",
      "Icon": "btn-upgrade-genetron-auxillaryantimissiledefenseturret",
      "Name": "AAM Defense Turret"
    }
  ],
  "Producers": [
    {
      "Id": "ACR",
      "Icon": "btn-unit-genetron-acr",
      "Description": "Basic worker unit. Can gather resources, build Genetron structures, and repair.<br/><br/><c val=\"#ColorAttackInfo\">Can attack ground units.</span>",
      "Name": "ACR"
    }
  ],
  "Commands": [
    {
      "Id": "Cancel",
      "Icon": "btn-command-cancel",
      "Tooltip": "Drops the current order without performing it, and allows you to select a different order.",
      "Name": "Cancel",
      "AbilCmd": "que5,CancelLast"
    },
    {
      "Id": "CancelBuilding",
      "Icon": "btn-command-cancel",
      "Tooltip": "Cancels construction of this structure, destroying the structure and giving a partial refund.",
      "Name": "Cancel",
      "AbilCmd": "BuildInProgress,Cancel"
    },
    {
      "Id": "ResearchSpitfireCalibratedEngines",
      "Icon": "btn-upgrade-genetron-calibratedengines",
      "Tooltip": "Increases the movement speed of <span style=\"color: #FFFF80\">Spitfires</span>.",
      "Name": "Research Calibrated Engines",
      "AbilCmd": "OutfittingStationResearch,Research1"
    },
    {
      "Id": "ResearchSpitfireMadcapRounds",
      "Icon": "btn-tips-terran-penetrator",
      "Tooltip": "Increases the attack range and attack speed of <span style=\"color: #FFFF80\">Spitfires</span>.",
      "Name": "Research Madcap Rounds",
      "AbilCmd": "OutfittingStationResearch,Research2"
    },
    {
      "Id": "ResearchBlitzerBoreanReactor",
      "Icon": "btn-upgrade-genetron-boreanreactor",
      "Tooltip": "<span style=\"color: #FFFF80\">Blitzers</span> gain +15 maximum and starting energy.",
      "Name": "Research Borean Reactor",
      "AbilCmd": "OutfittingStationResearch,Research3"
    },
    {
      "Id": "ResearchFixerReactiveArmor",
      "Icon": "btn-upgrade-genetron-reactivearmor",
      "Tooltip": "<span style=\"color: #FFFF80\">Fixers</span> reduce received ranged attack damage by 2.",
      "Name": "Research Reactive Armor",
      "AbilCmd": "OutfittingStationResearch,Research4"
    },
    {
      "Id": "ResearchTorrentEnhancedTargeting",
      "Icon": "btn-upgrade-genetron-enhancedtargeting",
      "Tooltip": "<span style=\"color: #FFFF80\">Torrents</span> gain +1 gun range and +3 missile range.",
      "Name": "Research Enhanced Targeting",
      "AbilCmd": "OutfittingStationResearch,Research5"
    },
    {
      "Id": "ResearchMoleSubterraneanSensors",
      "Icon": "btn-upgrade-terran-nova-detector",
      "Tooltip": "Adds a medium ranged radar system to <span style=\"color: #FFFF80\">Moles</span>, allowing it to see enemy ground units in the fog of war. Must be burrowed to function.",
      "Name": "Research Subterranean Sensors",
      "AbilCmd": "OutfittingStationResearch,Research7"
    },
    {
      "Id": "ResearchBoarShapedHull",
      "Icon": "btn-upgrade-genetron-shapedhull",
      "Tooltip": "<span style=\"color: #FFFF80\">Boars</span> gain +50 life.",
      "Name": "Research Shaped Hull",
      "AbilCmd": "OutfittingStationResearch,Research8"
    },
    {
      "Id": "ResearchBadgerAAMDefenseTurret",
      "Icon": "btn-upgrade-genetron-auxillaryantimissiledefenseturret",
      "Tooltip": "Adds a turret to the <span style=\"color: #FFFF80\">Badger</span>, which uses a laser to fire upon enemy missiles.<br/>Has <b>7.0</b> range,and a fire rate of <b>2.0</b>.<br/>Cannot target special attacks.<br/><br/><span style=\"color: #f078ff\">Each shot consumes <b>10</b> energy.</span>",
      "Name": "Research AAM Defense Turret",
      "AbilCmd": "OutfittingStationResearch,Research9"
    }
  ]
}