{
  "Name": "Overseer",
  "Description": "Advanced aerial observer. Maintains the unit cap set by the Overlord. Can use the Oversight, Spawn Changeling, and Contaminate abilities.<br/><br/><span style=\"color: #FFE303\">Detector</span>",
  "DeathRevealFilters": "Visible;Player,Ally,Neutral,Missile,Dead,Hidden",
  "DeathRevealRadius": 3,
  "DeathRevealDuration": 4,
  "DeathRevealType": "Snapshot",
  "Race": "Zerg",
  "DefaultAcquireLevel": "Offensive",
  "Response": "Flee",
  "ResourceState": "Unknown",
  "ResourceType": "Unknown",
  "LifeStart": 200,
  "LifeMax": 200,
  "LifeArmorName": "Zerg Flyer Carapace",
  "Mover": "Fly",
  "StationaryTurningRate": 999.8437,
  "TurningRate": 999.8437,
  "Radius": 1,
  "SeparationRadius": 0.75,
  "MinimapRadius": 1,
  "EditorCategories": {
    "ObjectType": "Unit",
    "ObjectFamily": "Melee"
  },
  "TacticalAIFilters": "-;Player,Ally,Neutral",
  "AIEvalFactor": 0,
  "Mass": 0.4,
  "FlagArray": [
    "Turnable",
    "Movable",
    "Unclickable",
    "Unhighlightable",
    "Untooltipable",
    "KillCredit",
    "ShowResources",
    "ClearRallyOnTargetLost",
    "PlayerRevivable",
    "CameraFollow",
    "PreventDestroy",
    "AISupport",
    "ArmySelect",
    "UseLineOfSight"
  ],
  "EditorFlags": [
    "BlockStructures"
  ],
  "PushPriority": 10,
  "LeaderAlias": "Overseer",
  "HotkeyAlias": "Overseer",
  "SelectAlias": "Overseer",
  "SubgroupAlias": "Overseer",
  "OccludeHeight": 0.75,
  "TacticalAI": "Overseer",
  "AIEvaluateAlias": "Overseer",
  "ReviveType": "Overseer",
  "PawnItemReduction": 1,
  "Fidget": {
    "DelayMax": 30,
    "DelayMin": 10,
    "DistanceMax": 4,
    "DistanceMin": 1,
    "TurnAngle": 90,
    "TurningRate": 90,
    "ChanceArray": {
      "Idle": 100
    }
  },
  "ReviveInfoBase": {
    "Charge": {
      "Link": "Overseer/Revive",
      "Location": "Unit"
    },
    "Cooldown": {
      "Link": "Overseer/Revive",
      "Location": "Unit"
    }
  },
  "InnerRadiusSafetyMultiplier": 1,
  "ArmorType": "Unknown",
  "TechAliasArray": [
    "Alias_Overlord"
  ],
  "Mob": "Multiplayer",
  "LifeArmor": 1,
  "LifeRegenRate": 0.2734,
  "Speed": 1.875,
  "Acceleration": 2.125,
  "LateralAcceleration": 46.0625,
  "Height": 3.75,
  "Food": 8,
  "AttackTargetPriority": 20,
  "DamageDealtXP": 1,
  "DamageTakenXP": 1,
  "KillXP": 30,
  "ScoreMake": 200,
  "ScoreKill": 200,
  "ScoreResult": "BuildOrder",
  "SubgroupPriority": 74,
  "PlaneArray": [
    "Air"
  ],
  "Collide": [
    "Flying"
  ],
  "VisionHeight": 4,
  "Sight": 11,
  "CardLayouts": [
    {
      "LayoutButtons": [
        {
          "Face": "Move",
          "Type": "AbilCmd",
          "AbilCmd": "move,Move",
          "Row": 0,
          "Column": 0
        },
        {
          "Face": "Stop",
          "Type": "AbilCmd",
          "AbilCmd": "stop,Stop",
          "Row": 0,
          "Column": 1
        },
        {
          "Face": "MoveHoldPosition",
          "Type": "AbilCmd",
          "AbilCmd": "move,HoldPos",
          "Row": 0,
          "Column": 2
        },
        {
          "Face": "Attack",
          "Type": "AbilCmd",
          "AbilCmd": "attack,Execute",
          "Row": 0,
          "Column": 4
        },
        {
          "Face": "AcquireMove",
          "Type": "AbilCmd",
          "AbilCmd": "move,AcquireMove",
          "Row": 0,
          "Column": 4
        },
        {
          "Face": "MovePatrol",
          "Type": "AbilCmd",
          "AbilCmd": "move,Patrol",
          "Row": 0,
          "Column": 3
        },
        {
          "Face": "SpawnChangeling",
          "Type": "AbilCmd",
          "AbilCmd": "SpawnChangeling,Execute",
          "Row": 2,
          "Column": 2
        },
        {
          "Face": "Detector",
          "Type": "Passive",
          "Row": 2,
          "Column": 4
        },
        {
          "Face": "Contaminate",
          "Type": "AbilCmd",
          "AbilCmd": "Contaminate,Execute",
          "Row": 2,
          "Column": 3
        },
        {
          "Face": "MorphtoOverseerSiege",
          "Type": "AbilCmd",
          "AbilCmd": "OverseerMorphtoOverseerSiegeMode,Execute",
          "Row": 2,
          "Column": 0
        }
      ]
    }
  ],
  "EnergyRegenRate": 0.5625,
  "EnergyMax": 200,
  "EnergyStart": 50,
  "Attributes": [
    "Armored",
    "Biological"
  ],
  "GlossaryCategory": "Unit/Category/ZergUnits",
  "HotkeyCategory": "Unit/Category/ZergUnits",
  "GlossaryPriority": 210,
  "CostCategory": "Army",
  "CostResource": {
    "Minerals": 150,
    "Vespene": 50
  },
  "TacticalAIThink": "AIThinkOverseer",
  "Facing": 45,
  "GlossaryStrongArray": [
    "Banshee",
    "LurkerMP",
    "DarkTemplar"
  ],
  "GlossaryWeakArray": [
    "VikingFighter",
    "Mutalisk",
    "Stalker"
  ],
  "Icon": "btn-unit-zerg-overseer",
  "LifeArmorIcon": "btn-upgrade-zerg-flyercarapace-level0",
  "ShieldArmorIcon": "btn-upgrade-zerg-swarmfrenzy",
  "Id": "Overseer",
  "Behaviors": [
    {
      "Link": "Detector11",
      "Id": "Detector11",
      "Tooltip": "This unit can detect cloaked or burrowed units within its sight range.",
      "Name": "Detector"
    }
  ],
  "Upgrades": [
    {
      "Link": "ZergFlyerArmors",
      "Id": "ZergFlyerArmors",
      "Name": "Zerg Flyer Armors"
    },
    {
      "Link": "ZergFlyerArmorsLevel1",
      "Id": "ZergFlyerArmorsLevel1",
      "Icon": "btn-upgrade-zerg-flyercarapace-level1",
      "Name": "Zerg Flyer Carapace Level 1"
    },
    {
      "Link": "ZergFlyerArmorsLevel2",
      "Id": "ZergFlyerArmorsLevel2",
      "Icon": "btn-upgrade-zerg-flyercarapace-level2",
      "Name": "Zerg Flyer Carapace Level 2"
    },
    {
      "Link": "ZergFlyerArmorsLevel3",
      "Id": "ZergFlyerArmorsLevel3",
      "Icon": "btn-upgrade-zerg-flyercarapace-level3",
      "Name": "Zerg Flyer Carapace Level 3"
    },
    {
      "Link": "overlordspeed",
      "Id": "overlordspeed",
      "Icon": "btn-upgrade-zerg-pneumatizedcarapace",
      "Name": "Pneumatized Carapace"
    }
  ],
  "Abilities": [
    {
      "Link": "stop",
      "Id": "stop",
      "Name": "Stop"
    },
    {
      "Link": "move",
      "Id": "move",
      "Name": "Move"
    },
    {
      "Link": "SpawnChangeling",
      "Id": "SpawnChangeling",
      "Name": "Spawn Changeling"
    },
    {
      "Link": "Contaminate",
      "Id": "Contaminate",
      "Name": "Contaminate"
    },
    {
      "Link": "OverseerMorphtoOverseerSiegeMode",
      "Id": "OverseerMorphtoOverseerSiegeMode",
      "Name": "Overseer Morph to Overseer Siege Mode"
    }
  ],
  "Requirements": [],
  "Production": [],
  "Producers": [],
  "Commands": [
    {
      "Id": "Move",
      "Icon": "btn-command-move",
      "Tooltip": "Orders selected units to move to the target area or follow the target unit. Moving units will not engage enemies.",
      "Name": "Move",
      "AbilCmd": "move,Move"
    },
    {
      "Id": "Stop",
      "Icon": "btn-command-stop",
      "Tooltip": "Orders selected units to cancel all orders and stop moving.",
      "Name": "Stop",
      "AbilCmd": "stop,Stop"
    },
    {
      "Id": "MoveHoldPosition",
      "Icon": "btn-command-holdposition",
      "Tooltip": "Orders selected units to stay where they are and attack enemies that are within range. Units will neither chase down enemies nor move to engage.",
      "Name": "Hold Position",
      "AbilCmd": "move,HoldPos"
    },
    {
      "Id": "Attack",
      "Icon": "btn-command-attack",
      "Tooltip": "Orders selected units to move to the target point, fighting nearby enemies along the way. Targeting a unit with the Attack command orders that it be attacked until it is destroyed.",
      "Name": "Attack",
      "AbilCmd": "attack,Execute"
    },
    {
      "Id": "AcquireMove",
      "Icon": "btn-command-attack",
      "Tooltip": "Orders selected units to move to the target area or follow the target unit. Scan-moving units will not engage enemies.",
      "Name": "Scan Move",
      "AbilCmd": "move,AcquireMove"
    },
    {
      "Id": "MovePatrol",
      "Icon": "btn-command-patrol",
      "Tooltip": "Orders selected units to patrol between their current position and the target area. Units will attack enemies and move to engage nearby enemies.",
      "Name": "Patrol",
      "AbilCmd": "move,Patrol"
    },
    {
      "Id": "SpawnChangeling",
      "Icon": "btn-unit-zerg-changeling",
      "Tooltip": "Creates a Changeling. Changelings cannot attack and die after <b>150</b>. When a Changeling first encounters an enemy unit, it will match that unit's color and change into a Zealot, Marine, or Zergling, depending on the enemy race.",
      "Name": "Spawn Changeling",
      "AbilCmd": "SpawnChangeling,Execute"
    },
    {
      "Id": "Contaminate",
      "Icon": "btn-ability-zerg-contaminate-color",
      "Tooltip": "The target structure will be unable to train units or research upgrades for <b>30</b> seconds.",
      "Name": "Contaminate",
      "AbilCmd": "Contaminate,Execute"
    },
    {
      "Id": "MorphtoOverseerSiege",
      "Icon": "btn-ability-zerg-overlord-oversight",
      "Tooltip": "Grants the Overseer <b>25</b>% wider vision, but removes its ability to move. This ability can be canceled after activation.",
      "Name": "Oversight",
      "AbilCmd": "OverseerMorphtoOverseerSiegeMode,Execute"
    }
  ]
}