{
  "Name": "Overlord",
  "Description": "Provides supply.<br/>Supply allows you to create more units.",
  "DeathRevealFilters": "Visible;Player,Ally,Neutral,Missile,Dead,Hidden",
  "DeathRevealRadius": 3,
  "DeathRevealDuration": 4,
  "DeathRevealType": "Snapshot",
  "Race": "Zerg",
  "DefaultAcquireLevel": "Offensive",
  "Response": "Flee",
  "ResourceState": "Unknown",
  "ResourceType": "Unknown",
  "LifeStart": 200,
  "LifeMax": 200,
  "LifeArmorName": "Zerg Flyer Carapace",
  "Mover": "Fly",
  "StationaryTurningRate": 999.8437,
  "TurningRate": 999.8437,
  "Radius": 1,
  "SeparationRadius": 0.75,
  "MinimapRadius": 1,
  "EditorCategories": {
    "ObjectType": "Unit",
    "ObjectFamily": "Melee"
  },
  "TacticalAIFilters": "-;Player,Ally,Neutral",
  "AIEvalFactor": 0,
  "Mass": 0.4,
  "FlagArray": [
    "PreventDestroy",
    "UseLineOfSight",
    "AISupport"
  ],
  "PushPriority": 10,
  "LeaderAlias": "OverlordTransport",
  "HotkeyAlias": "Overlord",
  "SelectAlias": "OverlordTransport",
  "SubgroupAlias": "OverlordTransport",
  "OccludeHeight": 0.75,
  "TacticalAI": "OverlordTransport",
  "AIEvaluateAlias": "OverlordTransport",
  "ReviveType": "Overlord",
  "PawnItemReduction": 1,
  "Fidget": {
    "DelayMax": 30,
    "DelayMin": 10,
    "DistanceMax": 4,
    "DistanceMin": 1,
    "TurnAngle": 90,
    "TurningRate": 90,
    "ChanceArray": {
      "Idle": 100
    }
  },
  "ReviveInfoBase": {
    "Charge": {
      "Link": "OverlordTransport/Revive",
      "Location": "Unit"
    },
    "Cooldown": {
      "Link": "OverlordTransport/Revive",
      "Location": "Unit"
    }
  },
  "InnerRadiusSafetyMultiplier": 1,
  "ArmorType": "Unknown",
  "Facing": 45,
  "Mob": "Multiplayer",
  "PlaneArray": [
    "Air"
  ],
  "Collide": [
    "Flying"
  ],
  "Attributes": [
    "Armored",
    "Biological"
  ],
  "LifeRegenRate": 0.2734,
  "Speed": 0.6445,
  "Acceleration": 1.0625,
  "LateralAcceleration": 46.0625,
  "Sight": 11,
  "Height": 3.75,
  "VisionHeight": 4,
  "Food": 8,
  "CostCategory": "Economy",
  "CostResource": {
    "Minerals": 100
  },
  "AttackTargetPriority": 20,
  "DamageDealtXP": 1,
  "DamageTakenXP": 1,
  "KillXP": 20,
  "CardLayouts": [
    {
      "LayoutButtons": [
        {
          "Face": "Move",
          "Type": "AbilCmd",
          "AbilCmd": "move,Move",
          "Row": 0,
          "Column": 0
        },
        {
          "Face": "Stop",
          "Type": "AbilCmd",
          "AbilCmd": "stop,Stop",
          "Row": 0,
          "Column": 1
        },
        {
          "Face": "MoveHoldPosition",
          "Type": "AbilCmd",
          "AbilCmd": "move,HoldPos",
          "Row": 0,
          "Column": 2
        },
        {
          "Face": "Attack",
          "Type": "AbilCmd",
          "AbilCmd": "attack,Execute",
          "Row": 0,
          "Column": 4
        },
        {
          "Face": "AcquireMove",
          "Type": "AbilCmd",
          "AbilCmd": "move,AcquireMove",
          "Row": 0,
          "Column": 4
        },
        {
          "Face": "MovePatrol",
          "Type": "AbilCmd",
          "AbilCmd": "move,Patrol",
          "Row": 0,
          "Column": 3
        },
        {
          "Face": "MorphToOverseer",
          "Type": "AbilCmd",
          "AbilCmd": "MorphToOverseer,Execute",
          "Row": 2,
          "Column": 0
        },
        {
          "Face": "Cancel",
          "Type": "AbilCmd",
          "AbilCmd": "MorphToOverseer,Cancel",
          "Row": 2,
          "Column": 4
        },
        {
          "Face": "GenerateCreep",
          "Type": "AbilCmd",
          "AbilCmd": "GenerateCreep,On",
          "Row": 2,
          "Column": 1
        },
        {
          "Face": "OverlordTransportLoad",
          "Type": "AbilCmd",
          "AbilCmd": "OverlordTransport,Load",
          "Row": 2,
          "Column": 2
        },
        {
          "Face": "OverlordTransportUnload",
          "Type": "AbilCmd",
          "AbilCmd": "OverlordTransport,UnloadAt",
          "Row": 2,
          "Column": 3
        },
        {
          "Face": "StopGenerateCreep",
          "Type": "AbilCmd",
          "AbilCmd": "GenerateCreep,Off",
          "Row": 2,
          "Column": 1
        }
      ]
    }
  ],
  "ScoreMake": 50,
  "ScoreKill": 150,
  "ScoreResult": "BuildOrder",
  "SubgroupPriority": 73,
  "TechAliasArray": [
    "Alias_Overlord"
  ],
  "HotkeyCategory": "Unit/Category/ZergUnits",
  "Icon": "btn-unit-zerg-overlordtransport",
  "LifeArmorIcon": "btn-upgrade-zerg-flyercarapace-level0",
  "ShieldArmorIcon": "btn-upgrade-protoss-shieldslevel0",
  "Id": "OverlordTransport",
  "Behaviors": [
    {
      "Link": "IsTransportOverlord",
      "Id": "IsTransportOverlord"
    }
  ],
  "Upgrades": [
    {
      "Link": "ZergFlyerArmorsLevel1",
      "Id": "ZergFlyerArmorsLevel1",
      "Icon": "btn-upgrade-zerg-flyercarapace-level1",
      "Name": "Zerg Flyer Carapace Level 1"
    },
    {
      "Link": "ZergFlyerArmorsLevel2",
      "Id": "ZergFlyerArmorsLevel2",
      "Icon": "btn-upgrade-zerg-flyercarapace-level2",
      "Name": "Zerg Flyer Carapace Level 2"
    },
    {
      "Link": "ZergFlyerArmorsLevel3",
      "Id": "ZergFlyerArmorsLevel3",
      "Icon": "btn-upgrade-zerg-flyercarapace-level3",
      "Name": "Zerg Flyer Carapace Level 3"
    },
    {
      "Link": "overlordspeed",
      "Id": "overlordspeed",
      "Icon": "btn-upgrade-zerg-pneumatizedcarapace",
      "Name": "Pneumatized Carapace"
    }
  ],
  "Abilities": [
    {
      "Link": "stop",
      "Id": "stop",
      "Name": "Stop"
    },
    {
      "Link": "OverlordTransport",
      "Id": "OverlordTransport",
      "Name": "Load-Unload (Overlord)"
    },
    {
      "Link": "move",
      "Id": "move",
      "Name": "Move"
    },
    {
      "Link": "MorphToOverseer",
      "Id": "MorphToOverseer",
      "Name": "Overlord Morph to Overseer"
    },
    {
      "Link": "GenerateCreep",
      "Id": "GenerateCreep",
      "Name": "Generate Creep"
    }
  ],
  "Requirements": [],
  "Production": [],
  "Producers": [],
  "Commands": [
    {
      "Id": "Move",
      "Icon": "btn-command-move",
      "Tooltip": "Orders selected units to move to the target area or follow the target unit. Moving units will not engage enemies.",
      "Name": "Move",
      "AbilCmd": "move,Move"
    },
    {
      "Id": "Stop",
      "Icon": "btn-command-stop",
      "Tooltip": "Orders selected units to cancel all orders and stop moving.",
      "Name": "Stop",
      "AbilCmd": "stop,Stop"
    },
    {
      "Id": "MoveHoldPosition",
      "Icon": "btn-command-holdposition",
      "Tooltip": "Orders selected units to stay where they are and attack enemies that are within range. Units will neither chase down enemies nor move to engage.",
      "Name": "Hold Position",
      "AbilCmd": "move,HoldPos"
    },
    {
      "Id": "Attack",
      "Icon": "btn-command-attack",
      "Tooltip": "Orders selected units to move to the target point, fighting nearby enemies along the way. Targeting a unit with the Attack command orders that it be attacked until it is destroyed.",
      "Name": "Attack",
      "AbilCmd": "attack,Execute"
    },
    {
      "Id": "AcquireMove",
      "Icon": "btn-command-attack",
      "Tooltip": "Orders selected units to move to the target area or follow the target unit. Scan-moving units will not engage enemies.",
      "Name": "Scan Move",
      "AbilCmd": "move,AcquireMove"
    },
    {
      "Id": "MovePatrol",
      "Icon": "btn-command-patrol",
      "Tooltip": "Orders selected units to patrol between their current position and the target area. Units will attack enemies and move to engage nearby enemies.",
      "Name": "Patrol",
      "AbilCmd": "move,Patrol"
    },
    {
      "Id": "MorphToOverseer",
      "Icon": "btn-unit-zerg-overseer",
      "Tooltip": "Advanced aerial observer. Provides the same supply as an Overlord. Can use the Spawn Changeling and Contaminate abilities.<br/><br/><span style=\"color: #FFE303\">Detector</span>",
      "Name": "Morph to Overseer",
      "AbilCmd": "MorphToOverseer,Execute"
    },
    {
      "Id": "Cancel",
      "Icon": "btn-command-cancel",
      "Tooltip": "Drops the current order without performing it, and allows you to select a different order.",
      "Name": "Cancel",
      "AbilCmd": "MorphToOverseer,Cancel"
    },
    {
      "Id": "GenerateCreep",
      "Icon": "btn-ability-zerg-generatecreep-color",
      "Tooltip": "Makes the Overlord start to generate creep. Creep will only be generated when the Overlord isn't moving. Creep feeds nearby Zerg structures.<br/><br/><c val=\"#ColorAttackInfo\">Bonus: Zerg move faster on creep.</span>",
      "Name": "Generate Creep",
      "AbilCmd": "GenerateCreep,On"
    },
    {
      "Id": "OverlordTransportLoad",
      "Icon": "btn-ability-terran-load",
      "Tooltip": "Loads units into the Overlord's ventral sacs.",
      "Name": "Load",
      "AbilCmd": "OverlordTransport,Load"
    },
    {
      "Id": "OverlordTransportUnload",
      "Icon": "btn-ability-terran-unloadall",
      "Tooltip": "Unloads all units.",
      "Name": "Unload All",
      "AbilCmd": "OverlordTransport,UnloadAt"
    },
    {
      "Id": "StopGenerateCreep",
      "Icon": "btn-ability-zerg-generatecreepstop-color",
      "Tooltip": "Stops generating creep.",
      "Name": "Stop Generate Creep",
      "AbilCmd": "GenerateCreep,Off"
    }
  ]
}