{
  "Name": "Parasitic Bomb Dummy",
  "DeathRevealFilters": "Visible;Player,Ally,Neutral,Missile,Dead,Hidden",
  "DeathRevealRadius": 2,
  "DeathRevealDuration": 4,
  "DeathRevealType": "Snapshot",
  "Race": "Zerg",
  "DefaultAcquireLevel": "Offensive",
  "Response": "Acquire",
  "ResourceState": "Unknown",
  "ResourceType": "Unknown",
  "LifeStart": 1,
  "LifeMax": 1,
  "LifeArmorName": "None",
  "Mover": "Fly",
  "StationaryTurningRate": 720,
  "TurningRate": 720,
  "Radius": 0.5,
  "SeparationRadius": 0,
  "MinimapRadius": 0.5,
  "EditorCategories": {
    "ObjectType": "Other",
    "ObjectFamily": "Melee"
  },
  "TacticalAIFilters": "-;Player,Ally,Neutral",
  "AIEvalFactor": 1,
  "Mass": 0.4,
  "FlagArray": [
    "Unselectable",
    "Untargetable",
    "Invulnerable",
    "Unstoppable"
  ],
  "PushPriority": 10,
  "LeaderAlias": "ParasiticBombDummy",
  "HotkeyAlias": "ParasiticBombDummy",
  "SelectAlias": "ParasiticBombDummy",
  "SubgroupAlias": "ParasiticBombDummy",
  "OccludeHeight": 0.75,
  "TacticalAI": "ParasiticBombDummy",
  "AIEvaluateAlias": "ParasiticBombDummy",
  "ReviveType": "ParasiticBombDummy",
  "PawnItemReduction": 1,
  "Fidget": {
    "DelayMax": 30,
    "DelayMin": 10,
    "DistanceMax": 4,
    "DistanceMin": 1,
    "TurnAngle": 90,
    "TurningRate": 90,
    "ChanceArray": {
      "Idle": 100
    }
  },
  "ReviveInfoBase": {
    "Charge": {
      "Link": "ParasiticBombDummy/Revive",
      "Location": "Unit"
    },
    "Cooldown": {
      "Link": "ParasiticBombDummy/Revive",
      "Location": "Unit"
    }
  },
  "InnerRadiusSafetyMultiplier": 1,
  "ArmorType": "Unknown",
  "Height": 3,
  "Icon": "btn-missing-kaeo",
  "ShieldArmorIcon": "btn-upgrade-protoss-shieldslevel0",
  "Id": "ParasiticBombDummy",
  "Behaviors": [
    {
      "Link": "ParasiticBombUnitKU",
      "Id": "ParasiticBombUnitKU",
      "Name": "Parasitic Bomb Unit KU"
    }
  ],
  "Upgrades": [],
  "Requirements": [],
  "Production": [],
  "Producers": [],
  "Commands": []
}