{
  "Name": "Pariah",
  "Description": "Light melee warrior. Can use Projection.<br/><br/><span style=\"color: #FFFF80\">Can target ground units.</span>",
  "DeathRevealFilters": "Visible;Player,Ally,Neutral,Missile,Dead,Hidden",
  "DeathRevealRadius": 3,
  "DeathRevealDuration": 4,
  "DeathRevealType": "Snapshot",
  "Race": "Keir",
  "DefaultAcquireLevel": "Offensive",
  "Response": "Acquire",
  "ResourceState": "Unknown",
  "ResourceType": "Unknown",
  "LifeStart": 45,
  "LifeMax": 45,
  "LifeArmorName": "Keiron Biological Armor",
  "Mover": "Ground",
  "StationaryTurningRate": 1080,
  "TurningRate": 1080,
  "Radius": 0.375,
  "SeparationRadius": 0.375,
  "MinimapRadius": 0.375,
  "EditorCategories": {
    "ObjectType": "Unit",
    "ObjectFamily": "Melee"
  },
  "TacticalAIFilters": "-;Player,Ally,Neutral",
  "AIEvalFactor": 1,
  "Mass": 0.4,
  "FlagArray": [
    "Turnable",
    "Movable",
    "Unclickable",
    "Unhighlightable",
    "Untooltipable",
    "KillCredit",
    "ShowResources",
    "ClearRallyOnTargetLost",
    "PlayerRevivable",
    "CameraFollow",
    "PreventDestroy",
    "UseLineOfSight",
    "ArmySelect"
  ],
  "EditorFlags": [
    "BlockStructures"
  ],
  "PushPriority": 10,
  "LeaderAlias": "Pariah",
  "HotkeyAlias": "Pariah",
  "SelectAlias": "Pariah",
  "SubgroupAlias": "Pariah",
  "OccludeHeight": 0.75,
  "TacticalAI": "Pariah",
  "AIEvaluateAlias": "Pariah",
  "ReviveType": "Pariah",
  "PawnItemReduction": 1,
  "Fidget": {
    "DelayMax": 30,
    "DelayMin": 10,
    "DistanceMax": 4,
    "DistanceMin": 1,
    "TurnAngle": 90,
    "TurningRate": 90,
    "ChanceArray": {
      "Idle": 100
    }
  },
  "ReviveInfoBase": {
    "Charge": {
      "Link": "Pariah/Revive",
      "Location": "Unit"
    },
    "Cooldown": {
      "Link": "Pariah/Revive",
      "Location": "Unit"
    }
  },
  "InnerRadiusSafetyMultiplier": 1,
  "ArmorType": "Unknown",
  "PlaneArray": [
    "Ground"
  ],
  "Collide": [
    "Ground",
    "ForceField"
  ],
  "LifeRegenRate": 0.1718,
  "ShieldRegenDelay": 4,
  "ShieldRegenRate": 1.25,
  "Acceleration": 1000,
  "Sight": 9,
  "CostCategory": "Army",
  "AttackTargetPriority": 20,
  "CardLayouts": [
    {
      "LayoutButtons": [
        {
          "Face": "Move",
          "Type": "AbilCmd",
          "AbilCmd": "move,Move",
          "Row": 0,
          "Column": 0
        },
        {
          "Face": "Stop",
          "Type": "AbilCmd",
          "AbilCmd": "stop,Stop",
          "Row": 0,
          "Column": 1
        },
        {
          "Face": "MoveHoldPosition",
          "Type": "AbilCmd",
          "AbilCmd": "move,HoldPos",
          "Row": 0,
          "Column": 2
        },
        {
          "Face": "MovePatrol",
          "Type": "AbilCmd",
          "AbilCmd": "move,Patrol",
          "Row": 0,
          "Column": 3
        },
        {
          "Face": "Attack",
          "Type": "AbilCmd",
          "AbilCmd": "attack,Execute",
          "Row": 0,
          "Column": 4
        },
        {
          "Face": "Projection",
          "Type": "AbilCmd",
          "AbilCmd": "Projection,Execute",
          "Row": 2,
          "Column": 0
        },
        {
          "Face": "Rally",
          "Type": "AbilCmd",
          "AbilCmd": "ProgressRally,Rally1",
          "Row": 2,
          "Column": 4
        },
        {
          "Face": "Unfuse",
          "Type": "AbilCmd",
          "AbilCmd": "FuseUnfuse,Execute",
          "Row": 1,
          "Column": 4
        }
      ]
    }
  ],
  "ScoreMakeCostFactor": {
    "Minerals": 1,
    "Vespene": 1
  },
  "ScoreKillCostFactor": {
    "Minerals": 1,
    "Vespene": 1
  },
  "ScoreResult": "BuildOrder",
  "GlossaryCategory": "Unit/Category/KeironUnits",
  "GlossaryAlias": "Pariah",
  "HotkeyCategory": "Unit/Category/KeironUnits",
  "ShieldArmorName": "Keiron Dispersion Shields",
  "Attributes": [
    "Light",
    "Biological"
  ],
  "LifeArmor": 1,
  "ShieldsStart": 35,
  "ShieldsMax": 35,
  "Speed": 2.25,
  "Food": -1,
  "CostResource": {
    "Minerals": 50
  },
  "EffectArray": {
    "Create": "EdificeParVolDelay"
  },
  "CargoSize": 1,
  "GlossaryPriority": 12,
  "SubgroupPriority": 30,
  "Icon": "btn-unit-keiron-pariah",
  "LifeArmorIcon": "btn-upgrade-keiron-biologicalarmorlevel0",
  "ShieldArmorIcon": "btn-upgrade-keiron-shields-level0",
  "Id": "Pariah",
  "Weapons": [
    {
      "Link": "Psythe",
      "Id": "Psythe",
      "Icon": "btn-upgrade-keiron-biologicalweaponslevel0",
      "Name": "Psythe",
      "Amount": 7,
      "Kind": "Melee",
      "TargetFilters": "Ground",
      "Range": 1,
      "Period": 0.9707
    }
  ],
  "Upgrades": [
    {
      "Link": "KeironBioArmor",
      "Id": "KeironBioArmor",
      "Name": "Keiron Bio Armor"
    },
    {
      "Link": "KeironBioWeapons",
      "Id": "KeironBioWeapons",
      "Name": "Keiron Bio Weapons"
    },
    {
      "Link": "KeironShields",
      "Id": "KeironShields",
      "Name": "Keiron Shields"
    },
    {
      "Link": "KeironBioArmorLevel1",
      "Id": "KeironBioArmorLevel1",
      "Icon": "btn-upgrade-keiron-biologicalarmorlevel1",
      "Name": "Keiron Biological Armor Level 1"
    },
    {
      "Link": "KeironBioArmorLevel2",
      "Id": "KeironBioArmorLevel2",
      "Icon": "btn-upgrade-keiron-biologicalarmorlevel2",
      "Name": "Keiron Biological Armor Level 2"
    },
    {
      "Link": "KeironBioArmorLevel3",
      "Id": "KeironBioArmorLevel3",
      "Icon": "btn-upgrade-keiron-biologicalarmorlevel3",
      "Name": "Keiron Biological Armor Level 3"
    },
    {
      "Link": "KeironBioWeaponsLevel1",
      "Id": "KeironBioWeaponsLevel1",
      "Icon": "btn-upgrade-keiron-biologicalweaponslevel1",
      "Name": "Keiron Biological Weapons Level 1"
    },
    {
      "Link": "KeironBioWeaponsLevel2",
      "Id": "KeironBioWeaponsLevel2",
      "Icon": "btn-upgrade-keiron-biologicalweaponslevel2",
      "Name": "Keiron Biological Weapons Level 2"
    },
    {
      "Link": "KeironBioWeaponsLevel3",
      "Id": "KeironBioWeaponsLevel3",
      "Icon": "btn-upgrade-keiron-biologicalweaponslevel3",
      "Name": "Keiron Biological Weapons Level 3"
    },
    {
      "Link": "KeironShieldsLevel1",
      "Id": "KeironShieldsLevel1",
      "Icon": "btn-upgrade-keiron-shields-level1",
      "Name": "Keiron Shields Level 1"
    },
    {
      "Link": "KeironShieldsLevel2",
      "Id": "KeironShieldsLevel2",
      "Icon": "btn-upgrade-keiron-shields-level2",
      "Name": "Keiron Shields Level 2"
    },
    {
      "Link": "KeironShieldsLevel3",
      "Id": "KeironShieldsLevel3",
      "Icon": "btn-upgrade-keiron-shields-level3",
      "Name": "Keiron Shields Level 3"
    },
    {
      "Link": "ModifiedGait",
      "Id": "ModifiedGait",
      "Icon": "btn-upgrade-keiron-modifiedgait",
      "Name": "Modified Gait"
    },
    {
      "Link": "ExaltedShield",
      "Id": "ExaltedShield",
      "Icon": "btn-ability-stetmann-banelingmanashield",
      "Name": "Exalted Shield"
    }
  ],
  "Abilities": [
    {
      "Link": "move",
      "Id": "move",
      "Name": "Move"
    },
    {
      "Link": "stop",
      "Id": "stop",
      "Name": "Stop"
    },
    {
      "Link": "attack",
      "Id": "attack",
      "Name": "Attack"
    },
    {
      "Link": "ProgressRally",
      "Id": "ProgressRally",
      "Name": "Progress Rally"
    },
    {
      "Link": "KeironWarpable",
      "Id": "KeironWarpable",
      "Name": "Keiron Warpable"
    },
    {
      "Link": "FuseUnfuse",
      "Id": "FuseUnfuse",
      "Name": "Unfuse"
    },
    {
      "Link": "Projection",
      "Id": "Projection",
      "Name": "Projection"
    },
    {
      "Link": "ProjectionStart",
      "Id": "ProjectionStart",
      "Name": "Projection Start"
    }
  ],
  "Requirements": [],
  "Production": [],
  "Producers": [
    {
      "Id": "Citadel",
      "Icon": "btn-building-keiron-citadel",
      "Description": "Primary structure. Used to create all Keiron units and receive gathered resources. Can be upgraded to use Energize.",
      "Name": "Citadel"
    },
    {
      "Id": "CitadelCharged",
      "Icon": "btn-building-keiron-citadel",
      "Description": "Primary structure. Used to create all Keiron units and receive gathered resources. Can use Energize.",
      "Name": "Citadel"
    }
  ],
  "Commands": [
    {
      "Id": "Move",
      "Icon": "btn-command-move",
      "Tooltip": "Orders selected units to move to the target area or follow the target unit. Moving units will not engage enemies.",
      "Name": "Move",
      "AbilCmd": "move,Move"
    },
    {
      "Id": "Stop",
      "Icon": "btn-command-stop",
      "Tooltip": "Orders selected units to cancel all orders and stop moving.",
      "Name": "Stop",
      "AbilCmd": "stop,Stop"
    },
    {
      "Id": "MoveHoldPosition",
      "Icon": "btn-command-holdposition",
      "Tooltip": "Orders selected units to stay where they are and attack enemies that are within range. Units will neither chase down enemies nor move to engage.",
      "Name": "Hold Position",
      "AbilCmd": "move,HoldPos"
    },
    {
      "Id": "MovePatrol",
      "Icon": "btn-command-patrol",
      "Tooltip": "Orders selected units to patrol between their current position and the target area. Units will attack enemies and move to engage nearby enemies.",
      "Name": "Patrol",
      "AbilCmd": "move,Patrol"
    },
    {
      "Id": "Attack",
      "Icon": "btn-command-attack",
      "Tooltip": "Orders selected units to move to the target point, fighting nearby enemies along the way. Targeting a unit with the Attack command orders that it be attacked until it is destroyed.",
      "Name": "Attack",
      "AbilCmd": "attack,Execute"
    },
    {
      "Id": "Projection",
      "Icon": "btn-ability-protoss-psionictransfer",
      "Tooltip": "Allows the caster to move through other units at increased speed. Cannot attack while phased.",
      "Name": "Projection",
      "AbilCmd": "Projection,Execute"
    },
    {
      "Id": "Rally",
      "Icon": "btn-ability-terran-setrallypoint",
      "Tooltip": "Sends constructed units to the designated point. Workers rallied to resources will begin gathering automatically.",
      "Name": "Set Rally Point",
      "AbilCmd": "ProgressRally,Rally1"
    },
    {
      "Id": "Unfuse",
      "Icon": "btn-ability-zerg-dehaka-levelup",
      "Tooltip": "Releases the Fuse inhabiting this unit, losing the associated bonus.",
      "Name": "Unfuse",
      "AbilCmd": "FuseUnfuse,Execute"
    }
  ]
}