{
  "Name": "Peenemunde MRLS",
  "Description": "Long-range artillery. Launches missiles that deal devastating damage in the target area, but can potentially be avoided.<br/><br/><c val=\"#ColorAttackInfo\">Can attack ground units.</span>",
  "DeathRevealFilters": "Visible;Player,Ally,Neutral,Missile,Dead,Hidden",
  "DeathRevealRadius": 3,
  "DeathRevealDuration": 4,
  "DeathRevealType": "Snapshot",
  "Race": "UED",
  "DefaultAcquireLevel": "Offensive",
  "Response": "Acquire",
  "ResourceState": "Unknown",
  "ResourceType": "Unknown",
  "LifeStart": 250,
  "LifeMax": 250,
  "LifeArmorName": "UED Adaptive Staballoy Plating",
  "Mover": "Ground",
  "StationaryTurningRate": 720,
  "TurningRate": 360,
  "Radius": 1.1875,
  "SeparationRadius": 0.625,
  "MinimapRadius": 1,
  "EditorCategories": {
    "ObjectFamily": "Melee",
    "ObjectType": "Unit"
  },
  "TacticalAIFilters": "-;Player,Ally,Neutral",
  "AIEvalFactor": 1,
  "Mass": 0.4,
  "FlagArray": [
    "Turnable",
    "Movable",
    "Unclickable",
    "Unhighlightable",
    "Untooltipable",
    "KillCredit",
    "ShowResources",
    "ClearRallyOnTargetLost",
    "PlayerRevivable",
    "CameraFollow",
    "PreventDestroy",
    "UseLineOfSight",
    "TurnBeforeMove",
    "ArmySelect"
  ],
  "EditorFlags": [
    "BlockStructures"
  ],
  "PushPriority": 10,
  "LeaderAlias": "PeenemundeMRLS",
  "HotkeyAlias": "PeenemundeMRLS",
  "SelectAlias": "PeenemundeMRLS",
  "SubgroupAlias": "PeenemundeMRLS",
  "OccludeHeight": 0.75,
  "TacticalAI": "PeenemundeMRLS",
  "AIEvaluateAlias": "PeenemundeMRLS",
  "ReviveType": "PeenemundeMRLS",
  "PawnItemReduction": 1,
  "Fidget": {
    "DelayMax": 30,
    "DelayMin": 10,
    "DistanceMax": 4,
    "DistanceMin": 1,
    "TurnAngle": 90,
    "TurningRate": 90,
    "ChanceArray": {
      "Idle": 100
    }
  },
  "ReviveInfoBase": {
    "Charge": {
      "Link": "PeenemundeMRLS/Revive",
      "Location": "Unit"
    },
    "Cooldown": {
      "Link": "PeenemundeMRLS/Revive",
      "Location": "Unit"
    }
  },
  "InnerRadiusSafetyMultiplier": 1,
  "ArmorType": "Unknown",
  "Mob": "Multiplayer",
  "PlaneArray": [
    "Ground"
  ],
  "Collide": [
    "Ground",
    "ForceField",
    "Small",
    "Flying6"
  ],
  "Attributes": [
    "Armored",
    "Mechanical",
    "Massive"
  ],
  "LifeArmor": 1,
  "Speed": 1.8203,
  "Acceleration": 2,
  "LateralAcceleration": 46.0625,
  "Sight": 11,
  "Food": -6,
  "CostCategory": "Army",
  "CostResource": {
    "Minerals": 250,
    "Vespene": 250
  },
  "RepairTime": 70,
  "AttackTargetPriority": 20,
  "CardLayouts": [
    {
      "LayoutButtons": [
        {
          "Face": "Move",
          "Type": "AbilCmd",
          "AbilCmd": "moveUED,Move",
          "Row": 0,
          "Column": 0
        },
        {
          "Face": "Stop",
          "Type": "AbilCmd",
          "AbilCmd": "stop,Stop",
          "Row": 0,
          "Column": 1
        },
        {
          "Face": "MoveHoldPosition",
          "Type": "AbilCmd",
          "AbilCmd": "moveUED,HoldPos",
          "Row": 0,
          "Column": 2
        },
        {
          "Face": "MovePatrol",
          "Type": "AbilCmd",
          "AbilCmd": "moveUED,Patrol",
          "Row": 0,
          "Column": 3
        },
        {
          "Face": "PrecisionStrike",
          "Type": "AbilCmd",
          "AbilCmd": "PeenemundeMRLSLM,Execute",
          "Row": 2,
          "Column": 0
        },
        {
          "Face": "Attack",
          "Type": "AbilCmd",
          "AbilCmd": "attackUED,Execute",
          "Row": 0,
          "Column": 4
        }
      ]
    }
  ],
  "InnerRadius": 1,
  "ScoreMake": 225,
  "ScoreKill": 225,
  "SubgroupPriority": 79,
  "GlossaryPriority": 126,
  "GlossaryStrongArray": [
    "Stalker",
    "SiegeTankSieged"
  ],
  "GlossaryWeakArray": [
    "Roach",
    "Zealot",
    "Marauder"
  ],
  "HotkeyCategory": "Unit/Category/UEDUnits",
  "TauntDuration": {
    "Dance": 5
  },
  "GlossaryCategory": "Unit/Category/UEDUnits",
  "CargoSize": 8,
  "Icon": "btn-ued-peenemudre",
  "ShieldArmorIcon": "btn-upgrade-protoss-shieldslevel0",
  "Id": "PeenemundeMRLS",
  "Upgrades": [
    {
      "Link": "UEDVehicalsLevel2",
      "Id": "UEDVehicalsLevel2",
      "Name": "Heavy Weaponry Targeting Adjustment, level 2"
    },
    {
      "Link": "UEDVehicalsLevel3",
      "Id": "UEDVehicalsLevel3",
      "Name": "Heavy Weaponry Targeting Adjustment, level 3"
    },
    {
      "Link": "UEDVehicalsLevel1",
      "Id": "UEDVehicalsLevel1",
      "Name": "Heavy Weaponry Targeting Adjustment, level 1"
    }
  ],
  "Abilities": [
    {
      "Link": "stop",
      "Id": "stop",
      "Name": "Stop"
    },
    {
      "Link": "moveUED",
      "Id": "moveUED",
      "Name": "Move UED"
    },
    {
      "Link": "attackUED",
      "Id": "attackUED",
      "Name": "Attack UED"
    },
    {
      "Link": "PeenemundeMRLSLM",
      "Id": "PeenemundeMRLSLM"
    }
  ],
  "Requirements": [
    {
      "Id": "MilitaryResearchStation",
      "Icon": "btn-ued-engineering",
      "Description": "Advanced upgrade structure. Unlocks various equipment authorizations for spacecraft & vehicles.<br/><br/><span style=\"color: #ffff8a\">Enables:</span><br/>- Peenemunde MRLS<br/>- Citadel AAT",
      "Name": "Military Research Station"
    }
  ],
  "Production": [],
  "Producers": [
    {
      "Id": "TeleportationNode",
      "Icon": "btn-ued-teleportation-node",
      "Description": "Universal production structure for the Directorate army, capable of deploying any combat units.<br/><br/><span style=\"color: #ffff8a\">Enables:</span><br/>- Garmrs<br/>- Strike Troopers<br/>- Enrichment Towers",
      "Name": "Teleportation Node"
    }
  ],
  "Commands": [
    {
      "Id": "Move",
      "Icon": "btn-command-move",
      "Tooltip": "Orders selected units to move to the target area or follow the target unit. Moving units will not engage enemies.",
      "Name": "Move",
      "AbilCmd": "moveUED,Move"
    },
    {
      "Id": "Stop",
      "Icon": "btn-command-stop",
      "Tooltip": "Orders selected units to cancel all orders and stop moving.",
      "Name": "Stop",
      "AbilCmd": "stop,Stop"
    },
    {
      "Id": "MoveHoldPosition",
      "Icon": "btn-command-holdposition",
      "Tooltip": "Orders selected units to stay where they are and attack enemies that are within range. Units will neither chase down enemies nor move to engage.",
      "Name": "Hold Position",
      "AbilCmd": "moveUED,HoldPos"
    },
    {
      "Id": "MovePatrol",
      "Icon": "btn-command-patrol",
      "Tooltip": "Orders selected units to patrol between their current position and the target area. Units will attack enemies and move to engage nearby enemies.",
      "Name": "Patrol",
      "AbilCmd": "moveUED,Patrol"
    },
    {
      "Id": "PrecisionStrike",
      "Icon": "btn-ability-hornerhan-raven-analyzetarget",
      "Tooltip": "Fires a cruise missile into the specified area, causing <b>80</b> damage to the main target (+<b>40</b> damage to buildings) and 25% to the rest . During the next 10 seconds, all enemy targets in the area receive up to 120 more damage (+60 damage to buildings), by allied 50%.",
      "Name": "Precision Strike",
      "AbilCmd": "PeenemundeMRLSLM,Execute"
    },
    {
      "Id": "Attack",
      "Icon": "btn-command-attack",
      "Tooltip": "Orders selected units to move to the target point, fighting nearby enemies along the way. Targeting a unit with the Attack command orders that it be attacked until it is destroyed.",
      "Name": "Attack",
      "AbilCmd": "attackUED,Execute"
    }
  ]
}