{
  "Name": "Phoenix",
  "Description": "Air-superiority fighter.<br/><br/><span style=\"color: #ffff8a\">Can attack air units.</span>",
  "DeathRevealFilters": "Visible;Player,Ally,Neutral,Missile,Dead,Hidden",
  "DeathRevealRadius": 3,
  "DeathRevealDuration": 4,
  "DeathRevealType": "Snapshot",
  "Race": "Prot",
  "DefaultAcquireLevel": "Offensive",
  "Response": "Acquire",
  "ResourceState": "Unknown",
  "ResourceType": "Unknown",
  "LifeStart": 120,
  "LifeMax": 120,
  "LifeArmorName": "Protoss Plating",
  "Mover": "Fly",
  "StationaryTurningRate": 1499.9414,
  "TurningRate": 1499.9414,
  "Radius": 0.75,
  "SeparationRadius": 0.75,
  "MinimapRadius": 0.75,
  "EditorCategories": {
    "ObjectType": "Unit",
    "ObjectFamily": "Melee"
  },
  "TacticalAIFilters": "-;Player,Ally,Neutral",
  "AIEvalFactor": 0.7,
  "Mass": 0.4,
  "FlagArray": [
    "Turnable",
    "Movable",
    "Unclickable",
    "Unhighlightable",
    "Untooltipable",
    "KillCredit",
    "ShowResources",
    "ClearRallyOnTargetLost",
    "PlayerRevivable",
    "CameraFollow",
    "PreventDestroy",
    "UseLineOfSight",
    "ArmySelect"
  ],
  "EditorFlags": [
    "BlockStructures"
  ],
  "PushPriority": 10,
  "LeaderAlias": "Phoenix",
  "HotkeyAlias": "Phoenix",
  "SelectAlias": "Phoenix",
  "SubgroupAlias": "Phoenix",
  "OccludeHeight": 0.75,
  "TacticalAI": "Phoenix",
  "AIEvaluateAlias": "Phoenix",
  "ReviveType": "Phoenix",
  "PawnItemReduction": 1,
  "Fidget": {
    "DelayMax": 30,
    "DelayMin": 10,
    "DistanceMax": 4,
    "DistanceMin": 1,
    "TurnAngle": 90,
    "TurningRate": 90,
    "ChanceArray": {
      "Idle": 100
    }
  },
  "ReviveInfoBase": {
    "Charge": {
      "Link": "Phoenix/Revive",
      "Location": "Unit"
    },
    "Cooldown": {
      "Link": "Phoenix/Revive",
      "Location": "Unit"
    }
  },
  "InnerRadiusSafetyMultiplier": 1,
  "ArmorType": "Unknown",
  "Mob": "Multiplayer",
  "ShieldsStart": 60,
  "ShieldsMax": 60,
  "ShieldRegenRate": 2,
  "ShieldArmorName": "Protoss Plasma Shields",
  "Speed": 4.25,
  "Acceleration": 3.25,
  "Height": 3.75,
  "Food": -2,
  "AttackTargetPriority": 20,
  "DamageDealtXP": 1,
  "DamageTakenXP": 1,
  "KillXP": 50,
  "ScoreMake": 250,
  "ScoreKill": 250,
  "ScoreResult": "BuildOrder",
  "SubgroupPriority": 81,
  "PlaneArray": [
    "Air"
  ],
  "Collide": [
    "Flying"
  ],
  "VisionHeight": 4,
  "Sight": 10,
  "CardLayouts": [
    {
      "LayoutButtons": [
        {
          "Face": "Move",
          "Type": "AbilCmd",
          "AbilCmd": "move,Move",
          "Row": 0,
          "Column": 0
        },
        {
          "Face": "Stop",
          "Type": "AbilCmd",
          "AbilCmd": "stop,Stop",
          "Row": 0,
          "Column": 1
        },
        {
          "Face": "MoveHoldPosition",
          "Type": "AbilCmd",
          "AbilCmd": "move,HoldPos",
          "Row": 0,
          "Column": 2
        },
        {
          "Face": "Attack",
          "Type": "AbilCmd",
          "AbilCmd": "attack,Execute",
          "Row": 0,
          "Column": 4
        },
        {
          "Face": "MovePatrol",
          "Type": "AbilCmd",
          "AbilCmd": "move,Patrol",
          "Row": 0,
          "Column": 3
        },
        {
          "Face": "Cancel",
          "Type": "AbilCmd",
          "AbilCmd": "GravitonBeam,Cancel",
          "Row": 2,
          "Column": 4
        },
        {
          "Face": "GravitonBeam",
          "Type": "AbilCmd",
          "AbilCmd": "GravitonBeam,Execute",
          "Row": 2,
          "Column": 0
        }
      ]
    }
  ],
  "Attributes": [
    "Light",
    "Mechanical"
  ],
  "EnergyStart": 50,
  "EnergyMax": 200,
  "EnergyRegenRate": 0.5625,
  "GlossaryCategory": "Unit/Category/ProtossUnits",
  "HotkeyCategory": "Unit/Category/ProtossUnits",
  "GlossaryPriority": 140,
  "CostCategory": "Army",
  "CostResource": {
    "Minerals": 150,
    "Vespene": 100
  },
  "GlossaryStrongArray": [
    "Banshee",
    "Mutalisk",
    "Oracle"
  ],
  "GlossaryWeakArray": [
    "Battlecruiser",
    "Corruptor",
    "Carrier"
  ],
  "ShieldRegenDelay": 10,
  "RepairTime": 45,
  "Icon": "btn-unit-protoss-phoenix",
  "LifeArmorIcon": "btn-upgrade-protoss-airarmorlevel0",
  "ShieldArmorIcon": "btn-upgrade-protoss-shieldslevel0",
  "Id": "Phoenix",
  "Weapons": [
    {
      "Link": "IonCannons",
      "Turret": "Phoenix",
      "Id": "IonCannons",
      "Icon": "btn-upgrade-protoss-airweaponslevel0",
      "Name": "Ion Cannons",
      "Amount": 5,
      "AttributeBonus": {
        "Light": 5
      },
      "Kind": "Ranged",
      "DisplayAttackCount": 2,
      "TargetFilters": "Air",
      "Range": 5,
      "Period": 1.1
    }
  ],
  "Upgrades": [
    {
      "Link": "ProtossShields",
      "Id": "ProtossShields",
      "Name": "Protoss Shields"
    },
    {
      "Link": "ProtossAirArmors",
      "Id": "ProtossAirArmors",
      "Name": "Protoss Air Armors"
    },
    {
      "Link": "ProtossAirWeapons",
      "Id": "ProtossAirWeapons",
      "Name": "Protoss Air Weapons"
    },
    {
      "Link": "ProtossShieldsLevel1",
      "Id": "ProtossShieldsLevel1",
      "Icon": "btn-upgrade-protoss-shieldslevel1",
      "Name": "Protoss Shields Level 1"
    },
    {
      "Link": "ProtossShieldsLevel2",
      "Id": "ProtossShieldsLevel2",
      "Icon": "btn-upgrade-protoss-shieldslevel2",
      "Name": "Protoss Shields Level 2"
    },
    {
      "Link": "ProtossShieldsLevel3",
      "Id": "ProtossShieldsLevel3",
      "Icon": "btn-upgrade-protoss-shieldslevel3",
      "Name": "Protoss Shields Level 3"
    },
    {
      "Link": "ProtossAirArmorsLevel1",
      "Id": "ProtossAirArmorsLevel1",
      "Icon": "btn-upgrade-protoss-airarmorlevel1",
      "Name": "Protoss Air Armor Level 1"
    },
    {
      "Link": "ProtossAirArmorsLevel2",
      "Id": "ProtossAirArmorsLevel2",
      "Icon": "btn-upgrade-protoss-airarmorlevel2",
      "Name": "Protoss Air Armor Level 2"
    },
    {
      "Link": "ProtossAirArmorsLevel3",
      "Id": "ProtossAirArmorsLevel3",
      "Icon": "btn-upgrade-protoss-airarmorlevel3",
      "Name": "Protoss Air Armor Level 3"
    },
    {
      "Link": "ProtossAirWeaponsLevel1",
      "Id": "ProtossAirWeaponsLevel1",
      "Icon": "btn-upgrade-protoss-airweaponslevel1",
      "Name": "Protoss Air Weapons Level 1"
    },
    {
      "Link": "ProtossAirWeaponsLevel2",
      "Id": "ProtossAirWeaponsLevel2",
      "Icon": "btn-upgrade-protoss-airweaponslevel2",
      "Name": "Protoss Air Weapons Level 2"
    },
    {
      "Link": "ProtossAirWeaponsLevel3",
      "Id": "ProtossAirWeaponsLevel3",
      "Icon": "btn-upgrade-protoss-airweaponslevel3",
      "Name": "Protoss Air Weapons Level 3"
    },
    {
      "Link": "PhoenixRangeUpgrade",
      "Id": "PhoenixRangeUpgrade",
      "Icon": "btn-upgrade-protoss-phoenixrange",
      "Name": "Anion Pulse-Crystals"
    },
    {
      "Link": "AnionPulseCrystals",
      "Id": "AnionPulseCrystals",
      "Icon": "btn-upgrade-protoss-phoenixrange",
      "Name": "Anion Pulse Crystals"
    }
  ],
  "Abilities": [
    {
      "Link": "stop",
      "Id": "stop",
      "Name": "Stop"
    },
    {
      "Link": "attack",
      "Id": "attack",
      "Name": "Attack"
    },
    {
      "Link": "move",
      "Id": "move",
      "Name": "Move"
    },
    {
      "Link": "GravitonBeam",
      "Id": "GravitonBeam",
      "Name": "Graviton Beam"
    }
  ],
  "Requirements": [],
  "Production": [],
  "Producers": [
    {
      "Id": "Stargate",
      "Icon": "btn-building-protoss-stargate",
      "Description": "Warps in Protoss air units.<br/><br/><span style=\"color: #ffff8a\">Enables:</span><br/>- Phoenixes<br/>- Void Rays<br/>- Oracles",
      "Name": "Stargate"
    }
  ],
  "Commands": [
    {
      "Id": "Move",
      "Icon": "btn-command-move",
      "Tooltip": "Orders selected units to move to the target area or follow the target unit. Moving units will not engage enemies.",
      "Name": "Move",
      "AbilCmd": "move,Move"
    },
    {
      "Id": "Stop",
      "Icon": "btn-command-stop",
      "Tooltip": "Orders selected units to cancel all orders and stop moving.",
      "Name": "Stop",
      "AbilCmd": "stop,Stop"
    },
    {
      "Id": "MoveHoldPosition",
      "Icon": "btn-command-holdposition",
      "Tooltip": "Orders selected units to stay where they are and attack enemies that are within range. Units will neither chase down enemies nor move to engage.",
      "Name": "Hold Position",
      "AbilCmd": "move,HoldPos"
    },
    {
      "Id": "Attack",
      "Icon": "btn-command-attack",
      "Tooltip": "Orders selected units to move to the target point, fighting nearby enemies along the way. Targeting a unit with the Attack command orders that it be attacked until it is destroyed.",
      "Name": "Attack",
      "AbilCmd": "attack,Execute"
    },
    {
      "Id": "MovePatrol",
      "Icon": "btn-command-patrol",
      "Tooltip": "Orders selected units to patrol between their current position and the target area. Units will attack enemies and move to engage nearby enemies.",
      "Name": "Patrol",
      "AbilCmd": "move,Patrol"
    },
    {
      "Id": "Cancel",
      "Icon": "btn-command-cancel",
      "Tooltip": "Drops the current order without performing it, and allows you to select a different order.",
      "Name": "Cancel",
      "AbilCmd": "GravitonBeam,Cancel"
    },
    {
      "Id": "GravitonBeam",
      "Icon": "btn-ability-protoss-gravitonbeam-color",
      "Tooltip": "Makes the target unit float in the air, disabling its abilities. Effect lasts up to <b>10</b>.<br/><br/><c val=\"#ColorAttackInfo\">Massive units are immune.</span><br/><span style=\"color: #ffff8a\">Channeled ability</span>",
      "Name": "Graviton Beam",
      "AbilCmd": "GravitonBeam,Execute"
    }
  ]
}