{
  "Name": "Point Defense Drone",
  "Description": "Uses a laser to shoot down enemy missiles.  <br/>Cannot target special attacks. <br/>Times out after <b>20</b> seconds.<br/><br/><span style=\"color: #f078ff\">Each shot consumes 10 energy.</span>",
  "DeathRevealFilters": "Visible;Player,Ally,Neutral,Missile,Dead,Hidden",
  "DeathRevealRadius": 2,
  "DeathRevealDuration": 4,
  "DeathRevealType": "Snapshot",
  "Race": "Terr",
  "DefaultAcquireLevel": "Offensive",
  "Response": "Acquire",
  "ResourceState": "Unknown",
  "ResourceType": "Unknown",
  "LifeStart": 50,
  "LifeMax": 50,
  "LifeArmorName": "Terran Building Plating",
  "Mover": "Fly",
  "StationaryTurningRate": 720,
  "TurningRate": 720,
  "Radius": 0.625,
  "SeparationRadius": 0.6,
  "MinimapRadius": 0.6,
  "EditorCategories": {
    "ObjectType": "Unit",
    "ObjectFamily": "Melee"
  },
  "TacticalAIFilters": "-;Player,Ally,Neutral",
  "AIEvalFactor": 1,
  "Mass": 0.4,
  "FlagArray": [
    "Turnable",
    "Movable",
    "Unclickable",
    "Unhighlightable",
    "Untooltipable",
    "KillCredit",
    "ShowResources",
    "ClearRallyOnTargetLost",
    "PlayerRevivable",
    "CameraFollow",
    "NoScore",
    "NoPortraitTalk",
    "AILifetime",
    "ArmorDisabledWhileConstructing",
    "UseLineOfSight"
  ],
  "EditorFlags": [
    "BlockStructures"
  ],
  "PushPriority": 10,
  "LeaderAlias": "",
  "HotkeyAlias": "PointDefenseDrone",
  "SelectAlias": "PointDefenseDrone",
  "SubgroupAlias": "PointDefenseDrone",
  "OccludeHeight": 0.75,
  "TacticalAI": "PointDefenseDrone",
  "AIEvaluateAlias": "PointDefenseDrone",
  "ReviveType": "PointDefenseDrone",
  "PawnItemReduction": 1,
  "Fidget": {
    "DelayMax": 30,
    "DelayMin": 10,
    "DistanceMax": 4,
    "DistanceMin": 1,
    "TurnAngle": 90,
    "TurningRate": 90,
    "ChanceArray": {
      "Idle": 100
    }
  },
  "ReviveInfoBase": {
    "Charge": {
      "Link": "PointDefenseDrone/Revive",
      "Location": "Unit"
    },
    "Cooldown": {
      "Link": "PointDefenseDrone/Revive",
      "Location": "Unit"
    }
  },
  "InnerRadiusSafetyMultiplier": 1,
  "ArmorType": "Unknown",
  "Mob": "Multiplayer",
  "PlaneArray": [
    "Air"
  ],
  "Collide": [
    "Flying"
  ],
  "Attributes": [
    "Light",
    "Mechanical",
    "Structure"
  ],
  "EnergyStart": 200,
  "EnergyMax": 200,
  "EnergyRegenRate": 1,
  "Sight": 7,
  "Height": 3,
  "VisionHeight": 4,
  "CostResource": {
    "Minerals": 100
  },
  "RepairTime": 33.3332,
  "AttackTargetPriority": 20,
  "CardLayouts": [
    {
      "LayoutButtons": [
        {
          "Face": "PointDefense",
          "Type": "Passive",
          "Row": 1,
          "Column": 0
        }
      ]
    }
  ],
  "SubgroupPriority": 6,
  "GlossaryPriority": 315,
  "GlossaryCategory": "",
  "HotkeyCategory": "",
  "KillDisplay": "Never",
  "RankDisplay": "Never",
  "Icon": "btn-unit-terran-targetingdrone",
  "LifeArmorIcon": "btn-upgrade-terran-buildingarmor",
  "ShieldArmorIcon": "btn-upgrade-protoss-shieldslevel0",
  "Id": "PointDefenseDrone",
  "Weapons": [
    {
      "Link": "PointDefenseLaser",
      "Turret": "PointDefenseDrone",
      "Id": "PointDefenseLaser",
      "Icon": "btn-upgrade-terran-shipweaponslevel0",
      "Name": "Point Defense Laser",
      "TargetFilters": "Missile",
      "Range": 8,
      "Period": 0
    }
  ],
  "Behaviors": [
    {
      "Link": "TerranBuildingBurnDown",
      "Id": "TerranBuildingBurnDown"
    }
  ],
  "Upgrades": [
    {
      "Link": "TerranBuildingArmor",
      "Id": "TerranBuildingArmor",
      "Icon": "btn-upgrade-terran-buildingarmor",
      "Name": "Neosteel Armor"
    },
    {
      "Link": "HiSecAutoTracking",
      "Id": "HiSecAutoTracking",
      "Icon": "btn-upgrade-terran-hisecautotracking",
      "Name": "Hi-Sec Auto Tracking"
    }
  ],
  "Abilities": [
    {
      "Link": "attack",
      "Id": "attack",
      "Name": "Attack"
    },
    {
      "Link": "stop",
      "Id": "stop",
      "Name": "Stop"
    }
  ],
  "Requirements": [],
  "Production": [],
  "Producers": [],
  "Commands": []
}