{
  "Name": "Political Advisor",
  "Description": "Master of ideological warfare. Can inspire troops around her to fight harder, and is also equipped with Strike Grenades.<br/><br/><span style=\"color: #ffff8a\">Can attack ground and air units.</span><br/><span style=\"color: #FFE303\">",
  "DeathRevealFilters": "Visible;Player,Ally,Neutral,Missile,Dead,Hidden",
  "DeathRevealRadius": 3,
  "DeathRevealDuration": 4,
  "DeathRevealType": "Snapshot",
  "Race": "UED",
  "DefaultAcquireLevel": "Offensive",
  "Response": "Acquire",
  "ResourceState": "Unknown",
  "ResourceType": "Unknown",
  "LifeStart": 100,
  "LifeMax": 100,
  "LifeArmorName": "UED Adaptive Staballoy Plating",
  "Mover": "Ground",
  "StationaryTurningRate": 999.8437,
  "TurningRate": 999.8437,
  "Radius": 0.375,
  "SeparationRadius": 0.375,
  "MinimapRadius": 0.375,
  "EditorCategories": {
    "ObjectType": "Unit",
    "ObjectFamily": "Melee"
  },
  "TacticalAIFilters": "-;Player,Ally,Neutral",
  "AIEvalFactor": 1.2,
  "Mass": 0.4,
  "FlagArray": [
    "Turnable",
    "Movable",
    "Unclickable",
    "Unhighlightable",
    "Untooltipable",
    "KillCredit",
    "ShowResources",
    "ClearRallyOnTargetLost",
    "PlayerRevivable",
    "CameraFollow",
    "PreventDestroy",
    "UseLineOfSight",
    "ArmySelect"
  ],
  "EditorFlags": [
    "BlockStructures"
  ],
  "PushPriority": 10,
  "LeaderAlias": "PoliticalAdvisor",
  "HotkeyAlias": "PoliticalAdvisor",
  "SelectAlias": "PoliticalAdvisor",
  "SubgroupAlias": "PoliticalAdvisor",
  "OccludeHeight": 0.75,
  "TacticalAI": "Ghost",
  "AIEvaluateAlias": "PoliticalAdvisor",
  "ReviveType": "PoliticalAdvisor",
  "PawnItemReduction": 1,
  "Fidget": {
    "DelayMax": 30,
    "DelayMin": 10,
    "DistanceMax": 4,
    "DistanceMin": 1,
    "TurnAngle": 90,
    "TurningRate": 90,
    "ChanceArray": {
      "Idle": 33,
      "Anim": 33,
      "Turn": 33
    }
  },
  "ReviveInfoBase": {
    "Charge": {
      "Link": "PoliticalAdvisor/Revive",
      "Location": "Unit"
    },
    "Cooldown": {
      "Link": "PoliticalAdvisor/Revive",
      "Location": "Unit"
    }
  },
  "InnerRadiusSafetyMultiplier": 1,
  "ArmorType": "Unknown",
  "Mob": "Multiplayer",
  "PlaneArray": [
    "Ground"
  ],
  "Collide": [
    "Ground",
    "ForceField",
    "Locust",
    "Small"
  ],
  "Attributes": [
    "Biological",
    "Psionic"
  ],
  "LifeArmor": 1,
  "EnergyStart": 75,
  "EnergyMax": 200,
  "EnergyRegenRate": 0.5625,
  "Speed": 2.8125,
  "Acceleration": 1000,
  "LateralAcceleration": 46.0625,
  "Sight": 10,
  "Food": -2,
  "CostCategory": "Army",
  "CostResource": {
    "Minerals": 125,
    "Vespene": 100
  },
  "RepairTime": 40,
  "AttackTargetPriority": 20,
  "DamageDealtXP": 1,
  "DamageTakenXP": 1,
  "KillXP": 30,
  "CardLayouts": [
    {
      "LayoutButtons": [
        {
          "Face": "Move",
          "Type": "AbilCmd",
          "AbilCmd": "moveUED,Move",
          "Row": 0,
          "Column": 0
        },
        {
          "Face": "Stop",
          "Type": "AbilCmd",
          "AbilCmd": "stop,Stop",
          "Row": 0,
          "Column": 1
        },
        {
          "Face": "MoveHoldPosition",
          "Type": "AbilCmd",
          "AbilCmd": "moveUED,HoldPos",
          "Row": 0,
          "Column": 2
        },
        {
          "Face": "MovePatrol",
          "Type": "AbilCmd",
          "AbilCmd": "moveUED,Patrol",
          "Row": 0,
          "Column": 3
        },
        {
          "Face": "AttackGhost",
          "Type": "AbilCmd",
          "AbilCmd": "attackUED,Execute",
          "Row": 0,
          "Column": 4
        },
        {
          "Face": "OnwardComrades",
          "Type": "AbilCmd",
          "AbilCmd": "OnwardComrades,Execute",
          "Row": 2,
          "Column": 0
        },
        {
          "Face": "StrikeGrenade",
          "Type": "AbilCmd",
          "AbilCmd": "UEDTossGrenade,Execute",
          "Row": 2,
          "Column": 2
        },
        {
          "Face": "OpticalFlare",
          "Type": "AbilCmd",
          "AbilCmd": "OpticalFlare,Execute",
          "Row": 2,
          "Column": 1
        }
      ]
    }
  ],
  "InnerRadius": 0.375,
  "CargoSize": 1,
  "ScoreMake": 300,
  "ScoreKill": 300,
  "ScoreResult": "BuildOrder",
  "SubgroupPriority": 90,
  "TacticalAIThink": "AIThinkGhost",
  "GlossaryCategory": "Unit/Category/UEDUnits",
  "GlossaryPriority": 70,
  "GlossaryStrongArray": [
    "Raven",
    "Infestor",
    "HighTemplar"
  ],
  "GlossaryWeakArray": [
    "Thor",
    "Roach",
    "Stalker"
  ],
  "HotkeyCategory": "Unit/Category/UEDUnits",
  "Icon": "btn-unit-terran-ghostmengsk",
  "ShieldArmorIcon": "btn-upgrade-protoss-shieldslevel0",
  "Id": "PoliticalAdvisor",
  "Weapons": [
    {
      "Link": "Type769BattleRifle2",
      "Id": "Type769BattleRifle2",
      "Name": "Type-769 Battle Rifle",
      "Amount": 12,
      "Kind": "Ranged",
      "DisplayAttackCount": 1,
      "TargetFilters": "",
      "Range": 7,
      "Period": 1.4
    },
    {
      "Link": "DrakkarType769BattleRifle22",
      "Id": "DrakkarType769BattleRifle22",
      "Amount": 12,
      "Kind": "Ranged",
      "DisplayAttackCount": 1,
      "TargetFilters": "Ground",
      "Range": 5,
      "Period": 1.4
    }
  ],
  "Behaviors": [
    {
      "Link": "UnitDeathPrevention",
      "Id": "UnitDeathPrevention"
    }
  ],
  "Upgrades": [
    {
      "Link": "UpgradeOpticalFlare",
      "Id": "UpgradeOpticalFlare",
      "Icon": "btn-upgrade-nova-btn-upgrade-nova-flashgrenade"
    },
    {
      "Link": "StrikeGrenade",
      "Id": "StrikeGrenade",
      "Icon": "btn-ability-tychus-tychus-shreddergrenade",
      "Name": "Strike Grenade"
    },
    {
      "Link": "CommandoTraining",
      "Id": "CommandoTraining",
      "Icon": "btn-upgrade-nova-holographicdecoy",
      "Name": "Commando Training"
    },
    {
      "Link": "UEDArmorLevel1",
      "Id": "UEDArmorLevel1",
      "Name": "Beathanium Defensive Programming, level 1"
    },
    {
      "Link": "UEDArmorLevel2",
      "Id": "UEDArmorLevel2",
      "Name": "Beathanium Defensive Programming, level 2"
    },
    {
      "Link": "UEDArmorLevel3",
      "Id": "UEDArmorLevel3",
      "Name": "Beathanium Defensive Programming, level 3"
    },
    {
      "Link": "UEDWeaponsLevel1",
      "Id": "UEDWeaponsLevel1",
      "Name": "Light Weaponry Targeting Adjustment, level 1"
    },
    {
      "Link": "UEDWeaponsLevel2",
      "Id": "UEDWeaponsLevel2",
      "Name": "Light Weaponry Targeting Adjustment, level 2"
    },
    {
      "Link": "UEDWeaponsLevel3",
      "Id": "UEDWeaponsLevel3",
      "Name": "Light Weaponry Targeting Adjustment, level 3"
    }
  ],
  "Abilities": [
    {
      "Link": "stop",
      "Id": "stop",
      "Name": "Stop"
    },
    {
      "Link": "moveUED",
      "Id": "moveUED",
      "Name": "Move UED"
    },
    {
      "Link": "attackUED",
      "Id": "attackUED",
      "Name": "Attack UED"
    },
    {
      "Link": "UEDTossGrenade",
      "Id": "UEDTossGrenade",
      "Name": "UEDToss Grenade"
    },
    {
      "Link": "OnwardComrades",
      "Id": "OnwardComrades",
      "Name": "Onward, Comrades!"
    },
    {
      "Link": "OpticalFlare",
      "Id": "OpticalFlare",
      "Name": "Optical Flare"
    }
  ],
  "Requirements": [
    {
      "Id": "FieldBureau",
      "Icon": "btn-structure-ued-merccompound",
      "Description": "An upgrade structure that supports Political Advisors.<br/><br/><span style=\"color: #ffff8a\">Enables:</span><br/>- Political Advisors",
      "Name": "Field Bureau"
    }
  ],
  "Production": [],
  "Producers": [
    {
      "Id": "TeleportationNode",
      "Icon": "btn-ued-teleportation-node",
      "Description": "Universal production structure for the Directorate army, capable of deploying any combat units.<br/><br/><span style=\"color: #ffff8a\">Enables:</span><br/>- Garmrs<br/>- Strike Troopers<br/>- Enrichment Towers",
      "Name": "Teleportation Node"
    }
  ],
  "Commands": [
    {
      "Id": "Move",
      "Icon": "btn-command-move",
      "Tooltip": "Orders selected units to move to the target area or follow the target unit. Moving units will not engage enemies.",
      "Name": "Move",
      "AbilCmd": "moveUED,Move"
    },
    {
      "Id": "Stop",
      "Icon": "btn-command-stop",
      "Tooltip": "Orders selected units to cancel all orders and stop moving.",
      "Name": "Stop",
      "AbilCmd": "stop,Stop"
    },
    {
      "Id": "MoveHoldPosition",
      "Icon": "btn-command-holdposition",
      "Tooltip": "Orders selected units to stay where they are and attack enemies that are within range. Units will neither chase down enemies nor move to engage.",
      "Name": "Hold Position",
      "AbilCmd": "moveUED,HoldPos"
    },
    {
      "Id": "MovePatrol",
      "Icon": "btn-command-patrol",
      "Tooltip": "Orders selected units to patrol between their current position and the target area. Units will attack enemies and move to engage nearby enemies.",
      "Name": "Patrol",
      "AbilCmd": "moveUED,Patrol"
    },
    {
      "Id": "AttackGhost",
      "Icon": "btn-command-attack",
      "Tooltip": "Orders selected units to move to the target point, fighting nearby enemies along the way. Targeting a unit with the Attack command orders that it be attacked until it is destroyed.",
      "Name": "Attack",
      "AbilCmd": "attackUED,Execute"
    },
    {
      "Id": "OnwardComrades",
      "Icon": "btn-ability-mengsk-commandcenter-drafttroopers",
      "Tooltip": "Inspire nearby units to fight by temporarily increasing their speed and attack power and movement.",
      "Name": "Onward, Comrades!",
      "AbilCmd": "OnwardComrades,Execute"
    },
    {
      "Id": "StrikeGrenade",
      "Icon": "btn-ability-tychus-tychus-shreddergrenade",
      "Tooltip": "Throw a grenade that explodes on contact. Deals 16 damage and slows attack speed by 30% within 6 seconds.",
      "Name": "Throw Strike grenade",
      "AbilCmd": "UEDTossGrenade,Execute"
    },
    {
      "Id": "OpticalFlare",
      "Icon": "btn-upgrade-nova-btn-upgrade-nova-flashgrenade",
      "Tooltip": "Throw a powerful light grenade with modulated frequency characteristics. Temporarily blinds all targets and deprives them of the detector function and also unmasks the enemy within 12 seconds.",
      "Name": "Optical Flare",
      "AbilCmd": "OpticalFlare,Execute"
    }
  ]
}