{
  "Name": "Port City Bridge Unit S8 Out",
  "DeathRevealFilters": "Visible;Player,Ally,Neutral,Missile,Dead,Hidden",
  "DeathRevealRadius": 3,
  "DeathRevealDuration": 4,
  "DeathRevealType": "Snapshot",
  "Race": "Terr",
  "DefaultAcquireLevel": "Offensive",
  "Response": "Acquire",
  "ResourceState": "Unknown",
  "ResourceType": "Unknown",
  "LifeStart": 10000,
  "LifeMax": 10000,
  "LifeArmorName": "None",
  "Mover": "Ground",
  "StationaryTurningRate": 720,
  "TurningRate": 720,
  "Radius": 3,
  "SeparationRadius": 3,
  "MinimapRadius": 0,
  "TacticalAIFilters": "-;Player,Ally,Neutral",
  "AIEvalFactor": 1,
  "Mass": 0.4,
  "FlagArray": [
    "IgnoreTerrainZInit"
  ],
  "PushPriority": 10,
  "LeaderAlias": "PortCity_Bridge_UnitS8Out",
  "HotkeyAlias": "PortCity_Bridge_UnitS8Out",
  "SelectAlias": "PortCity_Bridge_UnitS8Out",
  "SubgroupAlias": "PortCity_Bridge_UnitS8Out",
  "OccludeHeight": 0.75,
  "TacticalAI": "PortCity_Bridge_UnitS8Out",
  "AIEvaluateAlias": "PortCity_Bridge_UnitS8Out",
  "ReviveType": "PortCity_Bridge_UnitS8Out",
  "PawnItemReduction": 1,
  "Fidget": {
    "DelayMax": 30,
    "DelayMin": 10,
    "DistanceMax": 4,
    "DistanceMin": 1,
    "TurnAngle": 90,
    "TurningRate": 90,
    "ChanceArray": {
      "Idle": 100
    }
  },
  "ReviveInfoBase": {
    "Charge": {
      "Link": "PortCity_Bridge_UnitS8Out/Revive",
      "Location": "Unit"
    },
    "Cooldown": {
      "Link": "PortCity_Bridge_UnitS8Out/Revive",
      "Location": "Unit"
    }
  },
  "InnerRadiusSafetyMultiplier": 1,
  "ArmorType": "Unknown",
  "FogVisibility": "Dimmed",
  "LifeArmor": 10,
  "SubgroupPriority": 1,
  "Facing": 180,
  "Height": 8,
  "CardLayouts": [
    {
      "LayoutButtons": [
        {
          "Face": "BridgeRetract",
          "Type": "AbilCmd",
          "AbilCmd": "PortCity_Bridge_UnitS8,Execute",
          "Row": 0,
          "Column": 0
        }
      ]
    }
  ],
  "Footprint": "PortCity_Bridge_UnitSOut",
  "Icon": "btn-missing-kaeo",
  "ShieldArmorIcon": "btn-upgrade-protoss-shieldslevel0",
  "Id": "PortCity_Bridge_UnitS8Out",
  "Upgrades": [],
  "Abilities": [
    {
      "Link": "PortCity_Bridge_UnitS8",
      "Id": "PortCity_Bridge_UnitS8",
      "Name": "Port City Bridge Unit S8"
    }
  ],
  "Requirements": [],
  "Production": [],
  "Producers": [],
  "Commands": [
    {
      "Id": "BridgeRetract",
      "Icon": "btn-missing-kaeo",
      "Name": "Bridge Retract",
      "AbilCmd": "PortCity_Bridge_UnitS8,Execute"
    }
  ]
}