{
  "Name": "Bunker",
  "DeathRevealFilters": "Visible;Player,Ally,Neutral,Missile,Dead,Hidden",
  "DeathRevealRadius": 2,
  "DeathRevealDuration": 4,
  "DeathRevealType": "Snapshot",
  "Race": "Terr",
  "DefaultAcquireLevel": "Offensive",
  "Response": "Acquire",
  "ResourceState": "Unknown",
  "ResourceType": "Unknown",
  "LifeStart": 1,
  "LifeMax": 1,
  "LifeArmorName": "None",
  "Mover": "Ground",
  "StationaryTurningRate": 720,
  "TurningRate": 720,
  "Radius": 0.5,
  "SeparationRadius": 0.5,
  "MinimapRadius": 0.5,
  "EditorCategories": {
    "ObjectType": "Unit",
    "ObjectFamily": "Storymode"
  },
  "TacticalAIFilters": "-;Player,Ally,Neutral",
  "AIEvalFactor": 1,
  "Mass": 0.4,
  "PushPriority": 10,
  "LeaderAlias": "PreviewBunkerUpgraded",
  "HotkeyAlias": "PreviewBunkerUpgraded",
  "SelectAlias": "PreviewBunkerUpgraded",
  "SubgroupAlias": "PreviewBunkerUpgraded",
  "OccludeHeight": 0.75,
  "TacticalAI": "PreviewBunkerUpgraded",
  "AIEvaluateAlias": "PreviewBunkerUpgraded",
  "ReviveType": "PreviewBunkerUpgraded",
  "PawnItemReduction": 1,
  "Fidget": {
    "DelayMax": 30,
    "DelayMin": 10,
    "DistanceMax": 4,
    "DistanceMin": 1,
    "TurnAngle": 90,
    "TurningRate": 90,
    "ChanceArray": {
      "Idle": 100
    }
  },
  "ReviveInfoBase": {
    "Charge": {
      "Link": "PreviewBunkerUpgraded/Revive",
      "Location": "Unit"
    },
    "Cooldown": {
      "Link": "PreviewBunkerUpgraded/Revive",
      "Location": "Unit"
    }
  },
  "InnerRadiusSafetyMultiplier": 1,
  "ArmorType": "Unknown",
  "Id": "PreviewBunkerUpgraded",
  "Upgrades": [],
  "Requirements": [],
  "Production": [],
  "Producers": [],
  "Commands": []
}