{
  "Name": "Probe",
  "Description": "Basic worker unit. Can gather resources and warp in Protoss structures.<br/><br/><span style=\"color: #ffff8a\">Can attack ground units.</span>",
  "DeathRevealFilters": "Visible;Player,Ally,Neutral,Missile,Dead,Hidden",
  "DeathRevealRadius": 3,
  "DeathRevealDuration": 4,
  "DeathRevealType": "Snapshot",
  "Race": "Prot",
  "DefaultAcquireLevel": "Defensive",
  "Response": "Flee",
  "ResourceState": "Unknown",
  "ResourceType": "Unknown",
  "LifeStart": 20,
  "LifeMax": 20,
  "LifeArmorName": "Protoss Armor",
  "Mover": "Ground",
  "StationaryTurningRate": 999.8437,
  "TurningRate": 999.8437,
  "Radius": 0.375,
  "SeparationRadius": 0.375,
  "MinimapRadius": 0.375,
  "EditorCategories": {
    "ObjectType": "Unit",
    "ObjectFamily": "Melee"
  },
  "TacticalAIFilters": "-;Player,Ally,Neutral",
  "AIEvalFactor": 1,
  "Mass": 0.4,
  "FlagArray": [
    "Turnable",
    "Movable",
    "Unclickable",
    "Unhighlightable",
    "Untooltipable",
    "KillCredit",
    "ShowResources",
    "ClearRallyOnTargetLost",
    "PlayerRevivable",
    "CameraFollow",
    "Worker",
    "PreventDestroy",
    "UseLineOfSight"
  ],
  "EditorFlags": [
    "BlockStructures"
  ],
  "PushPriority": 10,
  "LeaderAlias": "Probe",
  "HotkeyAlias": "Probe",
  "SelectAlias": "Probe",
  "SubgroupAlias": "Probe",
  "OccludeHeight": 0.75,
  "TacticalAI": "Probe",
  "AIEvaluateAlias": "Probe",
  "ReviveType": "Probe",
  "PawnItemReduction": 1,
  "Fidget": {
    "DelayMax": 30,
    "DelayMin": 10,
    "DistanceMax": 4,
    "DistanceMin": 1,
    "TurnAngle": 90,
    "TurningRate": 90,
    "ChanceArray": {
      "Idle": 100
    }
  },
  "ReviveInfoBase": {
    "Charge": {
      "Link": "Probe/Revive",
      "Location": "Unit"
    },
    "Cooldown": {
      "Link": "Probe/Revive",
      "Location": "Unit"
    }
  },
  "InnerRadiusSafetyMultiplier": 1,
  "ArmorType": "Unknown",
  "Mob": "Multiplayer",
  "ShieldsStart": 20,
  "ShieldsMax": 20,
  "ShieldRegenRate": 2,
  "ShieldArmorName": "Protoss Plasma Shields",
  "Speed": 2.8125,
  "Acceleration": 2.5,
  "LateralAcceleration": 46,
  "Food": -1,
  "AttackTargetPriority": 20,
  "AIOverideTargetPriority": 10,
  "DamageDealtXP": 1,
  "DamageTakenXP": 1,
  "KillXP": 10,
  "InnerRadius": 0.375,
  "CargoSize": 1,
  "ScoreMake": 50,
  "ScoreKill": 50,
  "ScoreResult": "BuildOrder",
  "SubgroupPriority": 33,
  "PlaneArray": [
    "Ground"
  ],
  "Collide": [
    "Ground",
    "ForceField",
    "Small",
    "Locust"
  ],
  "Sight": 8,
  "CardLayouts": [
    {
      "LayoutButtons": [
        {
          "Face": "Move",
          "Type": "AbilCmd",
          "AbilCmd": "move,Move",
          "Row": 0,
          "Column": 0
        },
        {
          "Face": "Stop",
          "Type": "AbilCmd",
          "AbilCmd": "stop,Stop",
          "Row": 0,
          "Column": 1
        },
        {
          "Face": "MoveHoldPosition",
          "Type": "AbilCmd",
          "AbilCmd": "move,HoldPos",
          "Row": 0,
          "Column": 2
        },
        {
          "Face": "AttackWorker",
          "Type": "AbilCmd",
          "AbilCmd": "attack,Execute",
          "Row": 0,
          "Column": 4
        },
        {
          "Face": "MovePatrol",
          "Type": "AbilCmd",
          "AbilCmd": "move,Patrol",
          "Row": 0,
          "Column": 3
        },
        {
          "Face": "GatherProt",
          "Type": "AbilCmd",
          "AbilCmd": "ProbeHarvest,Gather",
          "Row": 1,
          "Column": 0
        },
        {
          "Face": "ReturnCargo",
          "Type": "AbilCmd",
          "AbilCmd": "ProbeHarvest,Return",
          "Row": 1,
          "Column": 1
        },
        {
          "Face": "ProtossBuild",
          "Type": "Submenu",
          "AbilCmd": "255,255",
          "SubmenuCardId": "PBl1",
          "Row": 2,
          "Column": 0
        },
        {
          "Face": "ProtossBuildAdvanced",
          "Type": "Submenu",
          "AbilCmd": "255,255",
          "SubmenuCardId": "PBl2",
          "Row": 2,
          "Column": 1
        },
        {
          "Face": "Spray",
          "Type": "AbilCmd",
          "AbilCmd": "SprayProtoss,Execute",
          "Row": 2,
          "Column": 3
        }
      ]
    },
    {
      "LayoutButtons": [
        {
          "Face": "Nexus",
          "Type": "AbilCmd",
          "AbilCmd": "ProtossBuild,Build1",
          "Row": 0,
          "Column": 0
        },
        {
          "Face": "Assimilator",
          "Type": "AbilCmd",
          "AbilCmd": "ProtossBuild,Build3",
          "Row": 0,
          "Column": 1
        },
        {
          "Face": "Pylon",
          "Type": "AbilCmd",
          "AbilCmd": "ProtossBuild,Build2",
          "Row": 0,
          "Column": 2
        },
        {
          "Face": "Forge",
          "Type": "AbilCmd",
          "AbilCmd": "ProtossBuild,Build5",
          "Row": 1,
          "Column": 1
        },
        {
          "Face": "CyberneticsCore",
          "Type": "AbilCmd",
          "AbilCmd": "ProtossBuild,Build15",
          "Row": 2,
          "Column": 0
        },
        {
          "Face": "Cancel",
          "Type": "CancelSubmenu",
          "AbilCmd": "",
          "Row": 2,
          "Column": 4
        },
        {
          "Face": "PhotonCannon",
          "Type": "AbilCmd",
          "Row": 2,
          "Column": 1,
          "AbilCmd": "ProtossBuild,Build8"
        },
        {
          "Face": "Gateway",
          "Type": "AbilCmd",
          "AbilCmd": "ProtossBuild,Build4",
          "Row": 1,
          "Column": 0
        },
        {
          "Face": "ShieldBattery",
          "Type": "AbilCmd",
          "AbilCmd": "ProtossBuild,Build16",
          "Row": 2,
          "Column": 2
        }
      ],
      "CardId": "PBl1"
    },
    {
      "LayoutButtons": [
        {
          "Face": "Stargate",
          "Type": "AbilCmd",
          "AbilCmd": "ProtossBuild,Build10",
          "Row": 0,
          "Column": 1
        },
        {
          "Face": "TemplarArchive",
          "Type": "AbilCmd",
          "AbilCmd": "ProtossBuild,Build11",
          "Row": 1,
          "Column": 0
        },
        {
          "Face": "RoboticsFacility",
          "Type": "AbilCmd",
          "AbilCmd": "ProtossBuild,Build14",
          "Row": 0,
          "Column": 2
        },
        {
          "Face": "FleetBeacon",
          "Type": "AbilCmd",
          "AbilCmd": "ProtossBuild,Build6",
          "Row": 1,
          "Column": 1
        },
        {
          "Face": "Cancel",
          "Type": "CancelSubmenu",
          "Row": 2,
          "Column": 4
        },
        {
          "Face": "DarkShrine",
          "Type": "AbilCmd",
          "AbilCmd": "ProtossBuild,Build12",
          "Row": 2,
          "Column": 0
        },
        {
          "Face": "TwilightCouncil",
          "Type": "AbilCmd",
          "AbilCmd": "ProtossBuild,Build7",
          "Row": 0,
          "Column": 0
        },
        {
          "Face": "RoboticsBay",
          "Type": "AbilCmd",
          "AbilCmd": "ProtossBuild,Build13",
          "Row": 1,
          "Column": 2
        }
      ],
      "CardId": "PBl2"
    }
  ],
  "Attributes": [
    "Light",
    "Mechanical"
  ],
  "GlossaryCategory": "Unit/Category/ProtossUnits",
  "HotkeyCategory": "Unit/Category/ProtossUnits",
  "GlossaryPriority": 10,
  "CostCategory": "Economy",
  "CostResource": {
    "Minerals": 50
  },
  "ShieldRegenDelay": 10,
  "Icon": "btn-unit-protoss-probe",
  "LifeArmorIcon": "btn-upgrade-protoss-groundarmorlevel0",
  "ShieldArmorIcon": "btn-upgrade-protoss-shieldslevel0",
  "Id": "Probe",
  "Weapons": [
    {
      "Link": "ParticleBeam",
      "Id": "ParticleBeam",
      "Icon": "btn-upgrade-protoss-groundweaponslevel0",
      "Name": "Particle Beam",
      "Amount": 5,
      "Kind": "Melee",
      "TargetFilters": "Ground",
      "Range": 0.1,
      "Period": 1.5
    }
  ],
  "Upgrades": [
    {
      "Link": "ProtossGroundArmors",
      "Id": "ProtossGroundArmors",
      "Name": "Protoss Ground Armors"
    },
    {
      "Link": "ProtossShields",
      "Id": "ProtossShields",
      "Name": "Protoss Shields"
    },
    {
      "Link": "ProtossGroundArmorsLevel1",
      "Id": "ProtossGroundArmorsLevel1",
      "Icon": "btn-upgrade-protoss-groundarmorlevel1",
      "Name": "Protoss Ground Armor Level 1"
    },
    {
      "Link": "ProtossGroundArmorsLevel2",
      "Id": "ProtossGroundArmorsLevel2",
      "Icon": "btn-upgrade-protoss-groundarmorlevel2",
      "Name": "Protoss Ground Armor Level 2"
    },
    {
      "Link": "ProtossGroundArmorsLevel3",
      "Id": "ProtossGroundArmorsLevel3",
      "Icon": "btn-upgrade-protoss-groundarmorlevel3",
      "Name": "Protoss Ground Armor Level 3"
    },
    {
      "Link": "ProtossShieldsLevel1",
      "Id": "ProtossShieldsLevel1",
      "Icon": "btn-upgrade-protoss-shieldslevel1",
      "Name": "Protoss Shields Level 1"
    },
    {
      "Link": "ProtossShieldsLevel2",
      "Id": "ProtossShieldsLevel2",
      "Icon": "btn-upgrade-protoss-shieldslevel2",
      "Name": "Protoss Shields Level 2"
    },
    {
      "Link": "ProtossShieldsLevel3",
      "Id": "ProtossShieldsLevel3",
      "Icon": "btn-upgrade-protoss-shieldslevel3",
      "Name": "Protoss Shields Level 3"
    },
    {
      "Link": "SprayProtoss",
      "Id": "SprayProtoss"
    }
  ],
  "Abilities": [
    {
      "Link": "stop",
      "Id": "stop",
      "Name": "Stop"
    },
    {
      "Link": "attack",
      "Id": "attack",
      "Name": "Attack"
    },
    {
      "Link": "move",
      "Id": "move",
      "Name": "Move"
    },
    {
      "Link": "ProtossBuild",
      "Id": "ProtossBuild",
      "Name": "Build (Probe)"
    },
    {
      "Link": "ProbeHarvest",
      "Id": "ProbeHarvest",
      "Name": "Gather (Probe)"
    },
    {
      "Link": "SprayProtoss",
      "Id": "SprayProtoss"
    }
  ],
  "Requirements": [],
  "Production": [
    {
      "Id": "Nexus",
      "Icon": "btn-building-protoss-nexus",
      "Description": "Primary structure. Can receive gathered resources. Can use the Chrono Boost and Mass Recall abilities.<br/><br/><span style=\"color: #ffff8a\">Enables:</span><br/>- Probes<br/>- Mothership",
      "Name": "Nexus"
    },
    {
      "Id": "Assimilator",
      "Icon": "btn-building-protoss-assimilator",
      "Description": "Warped in over a Vespene Geyser to allow harvesting of vespene gas.",
      "Name": "Assimilator"
    },
    {
      "Id": "Pylon",
      "Icon": "btn-building-protoss-pylon",
      "Description": "Provides supply.<br/>Supply allows you to warp in more units.<br/>Creates power for nearby structures.",
      "Name": "Pylon"
    },
    {
      "Id": "Forge",
      "Icon": "btn-building-protoss-forge",
      "Description": "Contains weapon and armor upgrades for Protoss ground units and shield upgrades for all Protoss units and structures.<br/><br/><span style=\"color: #ffff8a\">Enables:</span><br/>- Photon Cannons from Probes",
      "Name": "Forge"
    },
    {
      "Id": "CyberneticsCore",
      "Icon": "btn-building-protoss-cyberneticscore",
      "Description": "Contains weapon and armor upgrades for Protoss air units and the Warp Gate upgrade.<br/><br/><span style=\"color: #ffff8a\">Enables:</span><br/>- Sentries at the Gateway<br/>- Stalkers at the Gateway<br/>- Adepts at the Gateway<br/>- Shield Batteries from Probes",
      "Name": "Cybernetics Core"
    },
    {
      "Id": "PhotonCannon",
      "Icon": "btn-building-protoss-photoncannon",
      "Description": "Primary defensive structure.<br/><br/><span style=\"color: #ffff8a\">Can attack ground and air units.</span><br/><span style=\"color: #FFE303\">Detector</span>",
      "Name": "Photon Cannon"
    },
    {
      "Id": "Gateway",
      "Icon": "btn-building-protoss-gateway",
      "Description": "Warps in Protoss ground units.<br/><br/><span style=\"color: #ffff8a\">Enables:</span><br/>- Zealots",
      "Name": "Gateway"
    },
    {
      "Id": "ShieldBattery",
      "Icon": "btn-building-protoss-shieldbattery",
      "Description": "Defensive structure. Recharges shields of nearby units.",
      "Name": "Shield Battery"
    },
    {
      "Id": "Stargate",
      "Icon": "btn-building-protoss-stargate",
      "Description": "Warps in Protoss air units.<br/><br/><span style=\"color: #ffff8a\">Enables:</span><br/>- Phoenixes<br/>- Void Rays<br/>- Oracles",
      "Name": "Stargate"
    },
    {
      "Id": "TemplarArchive",
      "Icon": "btn-building-protoss-templararchives",
      "Description": "Contains an upgrade for High Templar.<br/><br/><span style=\"color: #ffff8a\">Enables:</span><br/>- High Templar at the Gateway<br/>- Archon Merge from High Templar",
      "Name": "Templar Archives"
    },
    {
      "Id": "RoboticsFacility",
      "Icon": "btn-building-protoss-roboticsfacility",
      "Description": "Warps in Protoss robotic units.<br/><br/><span style=\"color: #ffff8a\">Enables:</span><br/>- Observers<br/>- Warp Prisms<br/>- Immortals",
      "Name": "Robotics Facility"
    },
    {
      "Id": "FleetBeacon",
      "Icon": "btn-building-protoss-fleetbeacon",
      "Description": "Contains upgrades for Phoenixes and Void Rays.<br/><br/><span style=\"color: #ffff8a\">Enables:</span><br/>- Tempests at the Stargate</n>- Carriers at the Stargate<br/>- Mothership from the Nexus",
      "Name": "Fleet Beacon"
    },
    {
      "Id": "DarkShrine",
      "Icon": "btn-building-protoss-darkshrine",
      "Description": "Contains an upgrade for Dark Templar.<br/><br/><span style=\"color: #ffff8a\">Enables:</span><br/>- Dark Templar at the Gateway<br/>- Archon Merge from Dark Templar",
      "Name": "Dark Shrine"
    },
    {
      "Id": "TwilightCouncil",
      "Icon": "btn-building-protoss-twilightcouncil",
      "Description": "Contains upgrades for Zealots, Stalkers, and Adepts.",
      "Name": "Twilight Council"
    },
    {
      "Id": "RoboticsBay",
      "Icon": "btn-building-protoss-roboticssupportbay",
      "Description": "Contains upgrades for the Observer, Warp Prism, and Colossus.<br/><br/><span style=\"color: #ffff8a\">Enables:</span><br/>- Colossi at the Robotics Facility<br/>- Disruptors at the Robotics Facility",
      "Name": "Robotics Bay"
    }
  ],
  "Producers": [
    {
      "Id": "Nexus",
      "Icon": "btn-building-protoss-nexus",
      "Description": "Primary structure. Can receive gathered resources. Can use the Chrono Boost and Mass Recall abilities.<br/><br/><span style=\"color: #ffff8a\">Enables:</span><br/>- Probes<br/>- Mothership",
      "Name": "Nexus"
    }
  ],
  "Commands": [
    {
      "Id": "Move",
      "Icon": "btn-command-move",
      "Tooltip": "Orders selected units to move to the target area or follow the target unit. Moving units will not engage enemies.",
      "Name": "Move",
      "AbilCmd": "move,Move"
    },
    {
      "Id": "Stop",
      "Icon": "btn-command-stop",
      "Tooltip": "Orders selected units to cancel all orders and stop moving.",
      "Name": "Stop",
      "AbilCmd": "stop,Stop"
    },
    {
      "Id": "MoveHoldPosition",
      "Icon": "btn-command-holdposition",
      "Tooltip": "Orders selected units to stay where they are and attack enemies that are within range. Units will neither chase down enemies nor move to engage.",
      "Name": "Hold Position",
      "AbilCmd": "move,HoldPos"
    },
    {
      "Id": "AttackWorker",
      "Icon": "btn-command-attack",
      "Tooltip": "Orders selected units to move to the target point, fighting nearby enemies along the way. Targeting a unit with the Attack command orders that it be attacked until it is destroyed.",
      "Name": "Attack",
      "AbilCmd": "attack,Execute"
    },
    {
      "Id": "MovePatrol",
      "Icon": "btn-command-patrol",
      "Tooltip": "Orders selected units to patrol between their current position and the target area. Units will attack enemies and move to engage nearby enemies.",
      "Name": "Patrol",
      "AbilCmd": "move,Patrol"
    },
    {
      "Id": "GatherProt",
      "Icon": "btn-ability-protoss-gather",
      "Tooltip": "Orders Probe to gather resources from a selected Mineral Field or Vespene Geyser.",
      "Name": "Gather",
      "AbilCmd": "ProbeHarvest,Gather"
    },
    {
      "Id": "ReturnCargo",
      "Icon": "btn-command-returncargo",
      "Tooltip": "Returns the carried resources to the nearest drop-off point.",
      "Name": "Return Cargo",
      "AbilCmd": "ProbeHarvest,Return"
    },
    {
      "Id": "ProtossBuild",
      "Icon": "btn-command-protoss-buildstructure",
      "Tooltip": "A list of basic structures.",
      "Name": "Warp In Structure",
      "AbilCmd": "255,255"
    },
    {
      "Id": "ProtossBuildAdvanced",
      "Icon": "btn-command-protoss-buildadvancedstructure",
      "Tooltip": "A list of advanced structures.",
      "Name": "Warp In Advanced Structure",
      "AbilCmd": "255,255"
    },
    {
      "Id": "Spray",
      "Icon": "btn-command-spray",
      "Tooltip": "Orders the unit to apply your currently selected spray to the terrain at the target location.",
      "Name": "Spray",
      "AbilCmd": "SprayProtoss,Execute"
    },
    {
      "Id": "Nexus",
      "Icon": "btn-building-protoss-nexus",
      "Tooltip": "Primary structure. Can receive gathered resources. Can use the Chrono Boost and Mass Recall abilities.<br/><br/><span style=\"color: #ffff8a\">Enables:</span><br/>- Probes<br/>- Mothership",
      "Name": "Warp In Nexus",
      "AbilCmd": "ProtossBuild,Build1"
    },
    {
      "Id": "Assimilator",
      "Icon": "btn-building-protoss-assimilator",
      "Tooltip": "Warped in over a Vespene Geyser to allow harvesting of vespene gas.",
      "Name": "Warp In Assimilator",
      "AbilCmd": "ProtossBuild,Build3"
    },
    {
      "Id": "Pylon",
      "Icon": "btn-building-protoss-pylon",
      "Tooltip": "Provides supply.<br/>Supply allows you to warp in more units.<br/>Creates power for nearby structures.",
      "Name": "Warp In Pylon",
      "AbilCmd": "ProtossBuild,Build2"
    },
    {
      "Id": "Forge",
      "Icon": "btn-building-protoss-forge",
      "Tooltip": "Contains weapon and armor upgrades for Protoss ground units and shield upgrades for all Protoss units and structures.<br/><br/><span style=\"color: #ffff8a\">Enables:</span><br/>- Photon Cannons from Probes",
      "Name": "Warp In Forge",
      "AbilCmd": "ProtossBuild,Build5"
    },
    {
      "Id": "CyberneticsCore",
      "Icon": "btn-building-protoss-cyberneticscore",
      "Tooltip": "Contains weapon and armor upgrades for Protoss air units and the Warp Gate upgrade.<br/><br/><span style=\"color: #ffff8a\">Enables:</span><br/>- Sentries at the Gateway<br/>- Stalkers at the Gateway<br/>- Adepts at the Gateway<br/>- Shield Batteries from Probes",
      "Name": "Warp In Cybernetics Core",
      "AbilCmd": "ProtossBuild,Build15"
    },
    {
      "Id": "PhotonCannon",
      "Icon": "btn-building-protoss-photoncannon",
      "Tooltip": "Primary defensive structure.<br/><br/><span style=\"color: #ffff8a\">Can attack ground and air units.</span><br/><span style=\"color: #FFE303\">Detector</span>",
      "Name": "Warp In Photon Cannon",
      "AbilCmd": "ProtossBuild,Build8"
    },
    {
      "Id": "Gateway",
      "Icon": "btn-building-protoss-gateway",
      "Tooltip": "Warps in Protoss ground units.<br/><br/><span style=\"color: #ffff8a\">Enables:</span><br/>- Zealots",
      "Name": "Warp In Gateway",
      "AbilCmd": "ProtossBuild,Build4"
    },
    {
      "Id": "ShieldBattery",
      "Icon": "btn-building-protoss-shieldbattery",
      "Tooltip": "Defensive structure. Recharges shields of nearby units.",
      "Name": "Warp In Shield Battery",
      "AbilCmd": "ProtossBuild,Build16"
    },
    {
      "Id": "Stargate",
      "Icon": "btn-building-protoss-stargate",
      "Tooltip": "Warps in Protoss air units.<br/><br/><span style=\"color: #ffff8a\">Enables:</span><br/>- Phoenixes<br/>- Void Rays<br/>- Oracles",
      "Name": "Warp In Stargate",
      "AbilCmd": "ProtossBuild,Build10"
    },
    {
      "Id": "TemplarArchive",
      "Icon": "btn-building-protoss-templararchives",
      "Tooltip": "Contains an upgrade for High Templar.<br/><br/><span style=\"color: #ffff8a\">Enables:</span><br/>- High Templar at the Gateway<br/>- Archon Merge from High Templar",
      "Name": "Warp In Templar Archives",
      "AbilCmd": "ProtossBuild,Build11"
    },
    {
      "Id": "RoboticsFacility",
      "Icon": "btn-building-protoss-roboticsfacility",
      "Tooltip": "Warps in Protoss robotic units.<br/><br/><span style=\"color: #ffff8a\">Enables:</span><br/>- Observers<br/>- Warp Prisms<br/>- Immortals",
      "Name": "Warp In Robotics Facility",
      "AbilCmd": "ProtossBuild,Build14"
    },
    {
      "Id": "FleetBeacon",
      "Icon": "btn-building-protoss-fleetbeacon",
      "Tooltip": "Contains upgrades for Phoenixes and Void Rays.<br/><br/><span style=\"color: #ffff8a\">Enables:</span><br/>- Tempests at the Stargate</n>- Carriers at the Stargate<br/>- Mothership from the Nexus",
      "Name": "Warp In Fleet Beacon",
      "AbilCmd": "ProtossBuild,Build6"
    },
    {
      "Id": "DarkShrine",
      "Icon": "btn-building-protoss-darkshrine",
      "Tooltip": "Contains an upgrade for Dark Templar.<br/><br/><span style=\"color: #ffff8a\">Enables:</span><br/>- Dark Templar at the Gateway<br/>- Archon Merge from Dark Templar",
      "Name": "Warp In Dark Shrine",
      "AbilCmd": "ProtossBuild,Build12"
    },
    {
      "Id": "TwilightCouncil",
      "Icon": "btn-building-protoss-twilightcouncil",
      "Tooltip": "Contains upgrades for Zealots, Stalkers, and Adepts.",
      "Name": "Warp In Twilight Council",
      "AbilCmd": "ProtossBuild,Build7"
    },
    {
      "Id": "RoboticsBay",
      "Icon": "btn-building-protoss-roboticssupportbay",
      "Tooltip": "Contains upgrades for the Observer, Warp Prism, and Colossus.<br/><br/><span style=\"color: #ffff8a\">Enables:</span><br/>- Colossi at the Robotics Facility<br/>- Disruptors at the Robotics Facility",
      "Name": "Warp In Robotics Bay",
      "AbilCmd": "ProtossBuild,Build13"
    }
  ]
}