{
  "Name": "Prowler",
  "Description": "Quick specialist unit. Can use Acid Nest and Blinding Burst.",
  "DeathRevealFilters": "Visible;Player,Ally,Neutral,Missile,Dead,Hidden",
  "DeathRevealRadius": 3,
  "DeathRevealDuration": 4,
  "DeathRevealType": "Snapshot",
  "Race": "Xayi",
  "DefaultAcquireLevel": "Offensive",
  "Response": "Acquire",
  "ResourceState": "Unknown",
  "ResourceType": "Unknown",
  "LifeStart": 125,
  "LifeMax": 125,
  "LifeArmorName": "Xayid Ground Carapace",
  "Mover": "Ground",
  "StationaryTurningRate": 990,
  "TurningRate": 990,
  "Radius": 0.75,
  "SeparationRadius": 0.75,
  "MinimapRadius": 0.75,
  "EditorCategories": {
    "ObjectType": "Unit",
    "ObjectFamily": "Melee"
  },
  "TacticalAIFilters": "-;Player,Ally,Neutral",
  "AIEvalFactor": 1,
  "Mass": 0.4,
  "FlagArray": [
    "Turnable",
    "Movable",
    "Unclickable",
    "Unhighlightable",
    "Untooltipable",
    "KillCredit",
    "ShowResources",
    "ClearRallyOnTargetLost",
    "PlayerRevivable",
    "CameraFollow",
    "PreventDestroy",
    "UseLineOfSight",
    "ArmySelect",
    "AICaster",
    "AIPressForwardDisabled"
  ],
  "EditorFlags": [
    "BlockStructures"
  ],
  "PushPriority": 10,
  "LeaderAlias": "Prowler",
  "HotkeyAlias": "Prowler",
  "SelectAlias": "Prowler",
  "SubgroupAlias": "Prowler",
  "OccludeHeight": 0.75,
  "TacticalAI": "Prowler",
  "AIEvaluateAlias": "Prowler",
  "ReviveType": "Prowler",
  "PawnItemReduction": 1,
  "Fidget": {
    "DelayMax": 30,
    "DelayMin": 10,
    "DistanceMax": 4,
    "DistanceMin": 1,
    "TurnAngle": 90,
    "TurningRate": 90,
    "ChanceArray": {
      "Idle": 100
    }
  },
  "ReviveInfoBase": {
    "Charge": {
      "Link": "Prowler/Revive",
      "Location": "Unit"
    },
    "Cooldown": {
      "Link": "Prowler/Revive",
      "Location": "Unit"
    }
  },
  "InnerRadiusSafetyMultiplier": 1,
  "ArmorType": "Unknown",
  "Acceleration": 1000,
  "Attributes": [
    "Biological"
  ],
  "AttackTargetPriority": 20,
  "CardLayouts": [
    {
      "LayoutButtons": [
        {
          "Face": "Move",
          "Type": "AbilCmd",
          "AbilCmd": "move,Move",
          "Row": 0,
          "Column": 0
        },
        {
          "Face": "Stop",
          "Type": "AbilCmd",
          "AbilCmd": "stop,Stop",
          "Row": 0,
          "Column": 1
        },
        {
          "Face": "MoveHoldPosition",
          "Type": "AbilCmd",
          "AbilCmd": "move,HoldPos",
          "Row": 0,
          "Column": 2
        },
        {
          "Face": "MovePatrol",
          "Type": "AbilCmd",
          "AbilCmd": "move,Patrol",
          "Row": 0,
          "Column": 3
        },
        {
          "Face": "Attack",
          "Type": "AbilCmd",
          "AbilCmd": "attack,Execute",
          "Row": 0,
          "Column": 4
        },
        {
          "Face": "AcquireMove",
          "Type": "AbilCmd",
          "AbilCmd": "move,AcquireMove",
          "Row": 0,
          "Column": 4
        },
        {
          "Face": "BlindingBurst",
          "Type": "AbilCmd",
          "AbilCmd": "BlindingBurst,Execute",
          "Row": 2,
          "Column": 1
        },
        {
          "Face": "PlaceAcidNest",
          "Type": "AbilCmd",
          "AbilCmd": "PlaceAcidNest,Build1",
          "Row": 2,
          "Column": 0
        },
        {
          "Face": "ResidualAcid",
          "Type": "Passive",
          "Requirements": "UseResidualAcid",
          "ShowInGlossary": 0,
          "Row": 2,
          "Column": 2
        }
      ]
    }
  ],
  "PlaneArray": [
    "Ground"
  ],
  "Collide": [
    "Ground",
    "ForceField"
  ],
  "LifeRegenDelay": 3,
  "LifeRegenRate": 0.5,
  "Sight": 9,
  "CostCategory": "Army",
  "ScoreResult": "BuildOrder",
  "GlossaryCategory": "Unit/Category/XayidUnits",
  "HotkeyCategory": "Unit/Category/XayidUnits",
  "ScoreKillCostFactor": {
    "Minerals": 1,
    "Vespene": 1
  },
  "ScoreMakeCostFactor": {
    "Minerals": 1,
    "Vespene": 1
  },
  "LifeArmor": 1,
  "Speed": 3.5,
  "Food": -3,
  "CostResource": {
    "Minerals": 100,
    "Vespene": 75
  },
  "InnerRadius": 0.5,
  "CargoSize": 4,
  "GlossaryPriority": 11,
  "SubgroupPriority": 74,
  "KillDisplay": "Always",
  "GlossaryAlias": "Prowler",
  "Icon": "btn-unit-xayid-prowler",
  "LifeArmorIcon": "btn-upgrade-xayid-organiccarapace-level0",
  "ShieldArmorIcon": "btn-upgrade-protoss-shieldslevel0",
  "Id": "Prowler",
  "Behaviors": [
    {
      "Link": "ProwlerFate",
      "Id": "ProwlerFate"
    }
  ],
  "Upgrades": [
    {
      "Link": "XayidGroundCarapace",
      "Id": "XayidGroundCarapace",
      "Name": "Xayid Ground Carapace"
    },
    {
      "Link": "XayidGroundCarapaceLevel1",
      "Id": "XayidGroundCarapaceLevel1",
      "Icon": "btn-upgrade-xayid-organiccarapace-level1",
      "Name": "Xayid Ground Carapace Level 1"
    },
    {
      "Link": "XayidGroundCarapaceLevel2",
      "Id": "XayidGroundCarapaceLevel2",
      "Icon": "btn-upgrade-xayid-organiccarapace-level2",
      "Name": "Xayid Ground Carapace Level 2"
    },
    {
      "Link": "XayidGroundCarapaceLevel3",
      "Id": "XayidGroundCarapaceLevel3",
      "Icon": "btn-upgrade-xayid-organiccarapace-level3",
      "Name": "Xayid Ground Carapace Level 3"
    },
    {
      "Link": "ResidualAcid",
      "Id": "ResidualAcid",
      "Icon": "btn-upgrade-xayid-residualacid",
      "Name": "Residual Acid"
    }
  ],
  "Abilities": [
    {
      "Link": "move",
      "Id": "move",
      "Name": "Move"
    },
    {
      "Link": "stop",
      "Id": "stop",
      "Name": "Stop"
    },
    {
      "Link": "BlindingBurst",
      "Id": "BlindingBurst",
      "Name": "Blinding Burst"
    },
    {
      "Link": "PlaceAcidNest",
      "Id": "PlaceAcidNest",
      "Name": "Place Acid Nest"
    }
  ],
  "Requirements": [],
  "Production": [
    {
      "Id": "AcidNestBuild",
      "Icon": "btn-ability-xayid-prowlerexplosive",
      "Description": "The <span style=\"color: #FFFF80\">Acid Nest</span> explodes for 50 damage to a enemy ground unit that comes into contact with it. Deals 35 splash damage to other units around it.",
      "Name": "Acid Nest"
    }
  ],
  "Producers": [
    {
      "Id": "Grub",
      "Icon": "btn-unit-xayidling-grub",
      "Description": "Can mutate into various Xayid units.",
      "Name": "Grub"
    }
  ],
  "Commands": [
    {
      "Id": "Move",
      "Icon": "btn-command-move",
      "Tooltip": "Orders selected units to move to the target area or follow the target unit. Moving units will not engage enemies.",
      "Name": "Move",
      "AbilCmd": "move,Move"
    },
    {
      "Id": "Stop",
      "Icon": "btn-command-stop",
      "Tooltip": "Orders selected units to cancel all orders and stop moving.",
      "Name": "Stop",
      "AbilCmd": "stop,Stop"
    },
    {
      "Id": "MoveHoldPosition",
      "Icon": "btn-command-holdposition",
      "Tooltip": "Orders selected units to stay where they are and attack enemies that are within range. Units will neither chase down enemies nor move to engage.",
      "Name": "Hold Position",
      "AbilCmd": "move,HoldPos"
    },
    {
      "Id": "MovePatrol",
      "Icon": "btn-command-patrol",
      "Tooltip": "Orders selected units to patrol between their current position and the target area. Units will attack enemies and move to engage nearby enemies.",
      "Name": "Patrol",
      "AbilCmd": "move,Patrol"
    },
    {
      "Id": "Attack",
      "Icon": "btn-command-attack",
      "Tooltip": "Orders selected units to move to the target point, fighting nearby enemies along the way. Targeting a unit with the Attack command orders that it be attacked until it is destroyed.",
      "Name": "Attack",
      "AbilCmd": "attack,Execute"
    },
    {
      "Id": "AcquireMove",
      "Icon": "btn-command-attack",
      "Tooltip": "Orders selected units to move to the target area or follow the target unit. Scan-moving units will not engage enemies.",
      "Name": "Scan Move",
      "AbilCmd": "move,AcquireMove"
    },
    {
      "Id": "BlindingBurst",
      "Icon": "btn-upgrade-zagara-bilebombardment",
      "Tooltip": "Blinds all enemies in a medium radius, disabling their vision, attacks and abilities. Lasts for a duration of <b>4</b> seconds. Will be cast upon death if available.",
      "Name": "Blinding Burst",
      "AbilCmd": "BlindingBurst,Execute"
    },
    {
      "Id": "PlaceAcidNest",
      "Icon": "btn-ability-xayid-prowlerexplosive",
      "Tooltip": "Places an <span style=\"color: #FFFF80\">Acid Nest</span> on the ground, which are burrowed, and are invisible to enemies without detection. Deals 50 damage to the first enemy unit it comes into contact with, and deals 35 damage in an area.",
      "Name": "Place Acid Nest",
      "AbilCmd": "PlaceAcidNest,Build1"
    }
  ]
}