{
  "Name": "Pulsar",
  "Description": "Durable close range combat unit. Can be upgraded to use the Dampener ability.<br/><br/><span style=\"color: #FFFF80\">Can attack ground units.</span>",
  "DeathRevealFilters": "Visible;Player,Ally,Neutral,Missile,Dead,Hidden",
  "DeathRevealRadius": 3,
  "DeathRevealDuration": 4,
  "DeathRevealType": "Snapshot",
  "Race": "Keir",
  "DefaultAcquireLevel": "Offensive",
  "Response": "Acquire",
  "ResourceState": "Unknown",
  "ResourceType": "Unknown",
  "LifeStart": 140,
  "LifeMax": 140,
  "LifeArmorName": "Keiron Biological Armor",
  "Mover": "Ground",
  "StationaryTurningRate": 540,
  "TurningRate": 540,
  "Radius": 0.625,
  "SeparationRadius": 0.5,
  "MinimapRadius": 0.625,
  "EditorCategories": {
    "ObjectType": "Unit",
    "ObjectFamily": "Melee"
  },
  "TacticalAIFilters": "-;Player,Ally,Neutral",
  "AIEvalFactor": 1,
  "Mass": 0.4,
  "FlagArray": [
    "Turnable",
    "Movable",
    "Unclickable",
    "Unhighlightable",
    "Untooltipable",
    "KillCredit",
    "ShowResources",
    "ClearRallyOnTargetLost",
    "PlayerRevivable",
    "CameraFollow",
    "PreventDestroy",
    "UseLineOfSight",
    "ArmySelect",
    "AISplash"
  ],
  "EditorFlags": [
    "BlockStructures"
  ],
  "PushPriority": 10,
  "LeaderAlias": "Pulsar",
  "HotkeyAlias": "Pulsar",
  "SelectAlias": "Pulsar",
  "SubgroupAlias": "Pulsar",
  "OccludeHeight": 0.75,
  "TacticalAI": "Pulsar",
  "AIEvaluateAlias": "Pulsar",
  "ReviveType": "Pulsar",
  "PawnItemReduction": 1,
  "Fidget": {
    "DelayMax": 30,
    "DelayMin": 10,
    "DistanceMax": 4,
    "DistanceMin": 1,
    "TurnAngle": 90,
    "TurningRate": 90,
    "ChanceArray": {
      "Idle": 100
    }
  },
  "ReviveInfoBase": {
    "Charge": {
      "Link": "Pulsar/Revive",
      "Location": "Unit"
    },
    "Cooldown": {
      "Link": "Pulsar/Revive",
      "Location": "Unit"
    }
  },
  "InnerRadiusSafetyMultiplier": 1,
  "ArmorType": "Unknown",
  "PlaneArray": [
    "Ground"
  ],
  "Collide": [
    "Ground",
    "ForceField"
  ],
  "LifeRegenRate": 0.1718,
  "ShieldRegenDelay": 4,
  "ShieldRegenRate": 1.25,
  "Acceleration": 1000,
  "Sight": 10,
  "CostCategory": "Army",
  "AttackTargetPriority": 20,
  "CardLayouts": [
    {
      "LayoutButtons": [
        {
          "Face": "Move",
          "Type": "AbilCmd",
          "AbilCmd": "move,Move",
          "Row": 0,
          "Column": 0
        },
        {
          "Face": "Stop",
          "Type": "AbilCmd",
          "AbilCmd": "stop,Stop",
          "Row": 0,
          "Column": 1
        },
        {
          "Face": "MoveHoldPosition",
          "Type": "AbilCmd",
          "AbilCmd": "move,HoldPos",
          "Row": 0,
          "Column": 2
        },
        {
          "Face": "MovePatrol",
          "Type": "AbilCmd",
          "AbilCmd": "move,Patrol",
          "Row": 0,
          "Column": 3
        },
        {
          "Face": "Attack",
          "Type": "AbilCmd",
          "AbilCmd": "attack,Execute",
          "Row": 0,
          "Column": 4
        },
        {
          "Face": "Rally",
          "Type": "AbilCmd",
          "AbilCmd": "ProgressRally,Rally1",
          "Row": 2,
          "Column": 4
        },
        {
          "Face": "GhostHoldFire",
          "Type": "AbilCmd",
          "AbilCmd": "GhostHoldFire,Execute",
          "Row": 1,
          "Column": 2
        },
        {
          "Face": "WeaponsFree",
          "Type": "AbilCmd",
          "AbilCmd": "GhostWeaponsFree,Execute",
          "Row": 1,
          "Column": 3
        },
        {
          "Face": "PulsarDampener",
          "Type": "AbilCmd",
          "AbilCmd": "PulsarDampener,Execute",
          "Row": 2,
          "Column": 0
        },
        {
          "Face": "Unfuse",
          "Type": "AbilCmd",
          "AbilCmd": "FuseUnfuse,Execute",
          "Row": 1,
          "Column": 4
        }
      ]
    }
  ],
  "ScoreMakeCostFactor": {
    "Minerals": 1,
    "Vespene": 1
  },
  "ScoreKillCostFactor": {
    "Minerals": 1,
    "Vespene": 1
  },
  "ScoreResult": "BuildOrder",
  "GlossaryCategory": "Unit/Category/KeironUnits",
  "GlossaryAlias": "Pulsar",
  "HotkeyCategory": "Unit/Category/KeironUnits",
  "ShieldArmorName": "Keiron Dispersion Shields",
  "LifeArmor": 1,
  "ShieldsStart": 60,
  "ShieldsMax": 60,
  "Speed": 2.75,
  "CostResource": {
    "Minerals": 150,
    "Vespene": 50
  },
  "InnerRadius": 0.5,
  "Attributes": [
    "Light",
    "Biological",
    "Mechanical"
  ],
  "Food": -3,
  "CargoSize": 4,
  "EffectArray": {
    "Create": "SanctumPulSubDelay"
  },
  "GlossaryPriority": 15,
  "SubgroupPriority": 28,
  "Icon": "btn-unit-keiron-pulsar",
  "LifeArmorIcon": "btn-upgrade-keiron-biologicalarmorlevel0",
  "ShieldArmorIcon": "btn-upgrade-keiron-shields-level0",
  "Id": "Pulsar",
  "Weapons": [
    {
      "Link": "SeperationBeam",
      "Id": "SeperationBeam",
      "Icon": "btn-upgrade-keiron-biologicalweaponslevel0",
      "Name": "Seperation Beam",
      "Amount": 4,
      "Kind": "Splash",
      "TargetFilters": "Ground",
      "Range": 3,
      "Period": 0.5
    }
  ],
  "Behaviors": [
    {
      "Link": "PulsarDampenerAutoTrigger",
      "Id": "PulsarDampenerAutoTrigger"
    },
    {
      "Link": "PulsarDampenerAutoTriggerAlt",
      "Id": "PulsarDampenerAutoTriggerAlt"
    }
  ],
  "Upgrades": [
    {
      "Link": "KeironBioArmor",
      "Id": "KeironBioArmor",
      "Name": "Keiron Bio Armor"
    },
    {
      "Link": "KeironBioWeapons",
      "Id": "KeironBioWeapons",
      "Name": "Keiron Bio Weapons"
    },
    {
      "Link": "KeironShields",
      "Id": "KeironShields",
      "Name": "Keiron Shields"
    },
    {
      "Link": "KeironBioArmorLevel1",
      "Id": "KeironBioArmorLevel1",
      "Icon": "btn-upgrade-keiron-biologicalarmorlevel1",
      "Name": "Keiron Biological Armor Level 1"
    },
    {
      "Link": "KeironBioArmorLevel2",
      "Id": "KeironBioArmorLevel2",
      "Icon": "btn-upgrade-keiron-biologicalarmorlevel2",
      "Name": "Keiron Biological Armor Level 2"
    },
    {
      "Link": "KeironBioArmorLevel3",
      "Id": "KeironBioArmorLevel3",
      "Icon": "btn-upgrade-keiron-biologicalarmorlevel3",
      "Name": "Keiron Biological Armor Level 3"
    },
    {
      "Link": "KeironBioWeaponsLevel1",
      "Id": "KeironBioWeaponsLevel1",
      "Icon": "btn-upgrade-keiron-biologicalweaponslevel1",
      "Name": "Keiron Biological Weapons Level 1"
    },
    {
      "Link": "KeironBioWeaponsLevel2",
      "Id": "KeironBioWeaponsLevel2",
      "Icon": "btn-upgrade-keiron-biologicalweaponslevel2",
      "Name": "Keiron Biological Weapons Level 2"
    },
    {
      "Link": "KeironBioWeaponsLevel3",
      "Id": "KeironBioWeaponsLevel3",
      "Icon": "btn-upgrade-keiron-biologicalweaponslevel3",
      "Name": "Keiron Biological Weapons Level 3"
    },
    {
      "Link": "KeironShieldsLevel1",
      "Id": "KeironShieldsLevel1",
      "Icon": "btn-upgrade-keiron-shields-level1",
      "Name": "Keiron Shields Level 1"
    },
    {
      "Link": "KeironShieldsLevel2",
      "Id": "KeironShieldsLevel2",
      "Icon": "btn-upgrade-keiron-shields-level2",
      "Name": "Keiron Shields Level 2"
    },
    {
      "Link": "KeironShieldsLevel3",
      "Id": "KeironShieldsLevel3",
      "Icon": "btn-upgrade-keiron-shields-level3",
      "Name": "Keiron Shields Level 3"
    },
    {
      "Link": "PulsarDampener",
      "Id": "PulsarDampener",
      "Icon": "btn-ability-keiron-dampener",
      "Name": "Dampener"
    }
  ],
  "Abilities": [
    {
      "Link": "move",
      "Id": "move",
      "Name": "Move"
    },
    {
      "Link": "stop",
      "Id": "stop",
      "Name": "Stop"
    },
    {
      "Link": "attack",
      "Id": "attack",
      "Name": "Attack"
    },
    {
      "Link": "ProgressRally",
      "Id": "ProgressRally",
      "Name": "Progress Rally"
    },
    {
      "Link": "KeironWarpable",
      "Id": "KeironWarpable",
      "Name": "Keiron Warpable"
    },
    {
      "Link": "FuseUnfuse",
      "Id": "FuseUnfuse",
      "Name": "Unfuse"
    },
    {
      "Link": "PulsarDampener",
      "Id": "PulsarDampener",
      "Name": "Pulsar - Dampener"
    },
    {
      "Link": "GhostWeaponsFree",
      "Id": "GhostWeaponsFree",
      "Name": "Weapons Free"
    },
    {
      "Link": "GhostHoldFire",
      "Id": "GhostHoldFire",
      "Name": "Hold Fire"
    }
  ],
  "Requirements": [],
  "Production": [],
  "Producers": [
    {
      "Id": "Citadel",
      "Icon": "btn-building-keiron-citadel",
      "Description": "Primary structure. Used to create all Keiron units and receive gathered resources. Can be upgraded to use Energize.",
      "Name": "Citadel"
    },
    {
      "Id": "CitadelCharged",
      "Icon": "btn-building-keiron-citadel",
      "Description": "Primary structure. Used to create all Keiron units and receive gathered resources. Can use Energize.",
      "Name": "Citadel"
    }
  ],
  "Commands": [
    {
      "Id": "Move",
      "Icon": "btn-command-move",
      "Tooltip": "Orders selected units to move to the target area or follow the target unit. Moving units will not engage enemies.",
      "Name": "Move",
      "AbilCmd": "move,Move"
    },
    {
      "Id": "Stop",
      "Icon": "btn-command-stop",
      "Tooltip": "Orders selected units to cancel all orders and stop moving.",
      "Name": "Stop",
      "AbilCmd": "stop,Stop"
    },
    {
      "Id": "MoveHoldPosition",
      "Icon": "btn-command-holdposition",
      "Tooltip": "Orders selected units to stay where they are and attack enemies that are within range. Units will neither chase down enemies nor move to engage.",
      "Name": "Hold Position",
      "AbilCmd": "move,HoldPos"
    },
    {
      "Id": "MovePatrol",
      "Icon": "btn-command-patrol",
      "Tooltip": "Orders selected units to patrol between their current position and the target area. Units will attack enemies and move to engage nearby enemies.",
      "Name": "Patrol",
      "AbilCmd": "move,Patrol"
    },
    {
      "Id": "Attack",
      "Icon": "btn-command-attack",
      "Tooltip": "Orders selected units to move to the target point, fighting nearby enemies along the way. Targeting a unit with the Attack command orders that it be attacked until it is destroyed.",
      "Name": "Attack",
      "AbilCmd": "attack,Execute"
    },
    {
      "Id": "Rally",
      "Icon": "btn-ability-terran-setrallypoint",
      "Tooltip": "Sends constructed units to the designated point. Workers rallied to resources will begin gathering automatically.",
      "Name": "Set Rally Point",
      "AbilCmd": "ProgressRally,Rally1"
    },
    {
      "Id": "GhostHoldFire",
      "Icon": "btn-ability-terran-holdfire",
      "Tooltip": "Orders selected units to holster their weapons and avoid engaging enemies, unless given a direct command. Units holding fire will flee if attacked.",
      "Name": "Hold Fire",
      "AbilCmd": "GhostHoldFire,Execute"
    },
    {
      "Id": "WeaponsFree",
      "Icon": "btn-ability-terran-weaponsfree",
      "Tooltip": "Orders selected units to fire at will. They will engage enemy units within range and chase them as normal.",
      "Name": "Weapons Free",
      "AbilCmd": "GhostWeaponsFree,Execute"
    },
    {
      "Id": "PulsarDampener",
      "Icon": "btn-ability-keiron-dampener",
      "Tooltip": "Causes the unit to receive <b>100</b>% less spell and splash damage for <b>4</b> seconds.",
      "Name": "Dampener",
      "AbilCmd": "PulsarDampener,Execute"
    },
    {
      "Id": "Unfuse",
      "Icon": "btn-ability-zerg-dehaka-levelup",
      "Tooltip": "Releases the Fuse inhabiting this unit, losing the associated bonus.",
      "Name": "Unfuse",
      "AbilCmd": "FuseUnfuse,Execute"
    }
  ]
}