{
  "Name": "Queen",
  "Description": "Defensive unit. Can use Spawn Larvae, Spawn Creep Tumor, and Transfusion. Moves much faster on creep.<br/><br/><span style=\"color: #ffff8a\">Can attack ground and air units.</span>",
  "DeathRevealFilters": "Visible;Player,Ally,Neutral,Missile,Dead,Hidden",
  "DeathRevealRadius": 3,
  "DeathRevealDuration": 4,
  "DeathRevealType": "Snapshot",
  "Race": "Zerg",
  "DefaultAcquireLevel": "Offensive",
  "Response": "Acquire",
  "ResourceState": "Unknown",
  "ResourceType": "Unknown",
  "LifeStart": 175,
  "LifeMax": 175,
  "LifeArmorName": "Zerg Ground Carapace",
  "Mover": "Ground",
  "StationaryTurningRate": 999.8437,
  "TurningRate": 999.8437,
  "Radius": 0.875,
  "SeparationRadius": 0.875,
  "MinimapRadius": 0.875,
  "EditorCategories": {
    "ObjectType": "Unit",
    "ObjectFamily": "Melee"
  },
  "TacticalAIFilters": "-;Player,Ally,Neutral",
  "AIEvalFactor": 0.55,
  "Mass": 0.4,
  "FlagArray": [
    "Turnable",
    "Movable",
    "Unclickable",
    "Unhighlightable",
    "Untooltipable",
    "KillCredit",
    "ShowResources",
    "ClearRallyOnTargetLost",
    "PlayerRevivable",
    "CameraFollow",
    "PreventDestroy",
    "UseLineOfSight",
    "AIDefense",
    "AISupport",
    "AIPressForwardDisabled"
  ],
  "EditorFlags": [
    "BlockStructures"
  ],
  "PushPriority": 10,
  "LeaderAlias": "Queen",
  "HotkeyAlias": "Queen",
  "SelectAlias": "Queen",
  "SubgroupAlias": "Queen",
  "OccludeHeight": 0.75,
  "TacticalAI": "Queen",
  "AIEvaluateAlias": "Queen",
  "ReviveType": "Queen",
  "PawnItemReduction": 1,
  "Fidget": {
    "DelayMax": 30,
    "DelayMin": 10,
    "DistanceMax": 4,
    "DistanceMin": 1,
    "TurnAngle": 90,
    "TurningRate": 90,
    "ChanceArray": {
      "Idle": 50,
      "Anim": 50
    }
  },
  "ReviveInfoBase": {
    "Charge": {
      "Link": "Queen/Revive",
      "Location": "Unit"
    },
    "Cooldown": {
      "Link": "Queen/Revive",
      "Location": "Unit"
    }
  },
  "InnerRadiusSafetyMultiplier": 1,
  "ArmorType": "Unknown",
  "TechAliasArray": [
    "Alias_Queen"
  ],
  "Mob": "Multiplayer",
  "LifeRegenRate": 0.2734,
  "EnergyStart": 25,
  "EnergyMax": 200,
  "EnergyRegenRate": 0.5625,
  "InnerRadius": 0.5,
  "Speed": 0.9375,
  "SpeedMultiplierCreep": 2.6665,
  "Acceleration": 1000,
  "LateralAcceleration": 46,
  "AttackTargetPriority": 20,
  "DamageDealtXP": 1,
  "DamageTakenXP": 1,
  "KillXP": 30,
  "CargoSize": 2,
  "ScoreMake": 150,
  "ScoreKill": 150,
  "ScoreResult": "BuildOrder",
  "SubgroupPriority": 101,
  "PlaneArray": [
    "Ground"
  ],
  "Collide": [
    "Ground",
    "ForceField",
    "Small",
    "Locust"
  ],
  "Sight": 9,
  "TacticalAIThink": "AIThinkQueen",
  "CardLayouts": [
    {
      "LayoutButtons": [
        {
          "Face": "Move",
          "Type": "AbilCmd",
          "AbilCmd": "move,Move",
          "Row": 0,
          "Column": 0
        },
        {
          "Face": "Stop",
          "Type": "AbilCmd",
          "AbilCmd": "stop,Stop",
          "Row": 0,
          "Column": 1
        },
        {
          "Face": "MoveHoldPosition",
          "Type": "AbilCmd",
          "AbilCmd": "move,HoldPos",
          "Row": 0,
          "Column": 2
        },
        {
          "Face": "MovePatrol",
          "Type": "AbilCmd",
          "AbilCmd": "move,Patrol",
          "Row": 0,
          "Column": 3
        },
        {
          "Face": "Attack",
          "Type": "AbilCmd",
          "AbilCmd": "attack,Execute",
          "Row": 0,
          "Column": 4
        },
        {
          "Face": "MorphMorphalisk",
          "Type": "AbilCmd",
          "AbilCmd": "SpawnLarva,Execute",
          "Row": 2,
          "Column": 1
        },
        {
          "Face": "BuildCreepTumor",
          "Type": "AbilCmd",
          "AbilCmd": "QueenBuild,Build1",
          "Row": 2,
          "Column": 0
        },
        {
          "Face": "Transfusion",
          "Type": "AbilCmd",
          "AbilCmd": "Transfusion,Execute",
          "Row": 2,
          "Column": 2
        },
        {
          "Face": "BurrowDown",
          "Type": "AbilCmd",
          "AbilCmd": "BurrowQueenDown,Execute",
          "Row": 2,
          "Column": 3
        },
        {
          "Face": "BurrowDown",
          "Type": "AbilCmd",
          "AbilCmd": "BurrowDroneDown,Execute",
          "Row": 2,
          "Column": 3
        },
        {
          "Face": "BurrowDown",
          "Type": "AbilCmd",
          "AbilCmd": "BurrowZerglingDown,Execute",
          "Row": 2,
          "Column": 3
        },
        {
          "Face": "BurrowDown",
          "Type": "AbilCmd",
          "AbilCmd": "BurrowBanelingDown,Execute",
          "Row": 2,
          "Column": 3
        },
        {
          "Face": "BurrowDown",
          "Type": "AbilCmd",
          "AbilCmd": "BurrowRoachDown,Execute",
          "Row": 2,
          "Column": 3
        },
        {
          "Face": "BurrowDown",
          "Type": "AbilCmd",
          "AbilCmd": "BurrowHydraliskDown,Execute",
          "Row": 2,
          "Column": 3
        },
        {
          "Face": "BurrowDown",
          "Type": "AbilCmd",
          "AbilCmd": "BurrowRavagerDown,Execute",
          "Row": 2,
          "Column": 3
        },
        {
          "Face": "BurrowDown",
          "Type": "AbilCmd",
          "AbilCmd": "MorphToSwarmHostBurrowedMP,Execute",
          "Row": 2,
          "Column": 3
        },
        {
          "Face": "BurrowDown",
          "Type": "AbilCmd",
          "AbilCmd": "BurrowQueenDown,Execute",
          "Row": 2,
          "Column": 3
        },
        {
          "Face": "BurrowDown",
          "Type": "AbilCmd",
          "AbilCmd": "BurrowInfestorTerranDown,Execute",
          "Row": 2,
          "Column": 3
        },
        {
          "Face": "BurrowDown",
          "Type": "AbilCmd",
          "AbilCmd": "BurrowInfestorDown,Execute",
          "Row": 2,
          "Column": 3
        },
        {
          "Face": "BurrowDown",
          "Type": "AbilCmd",
          "AbilCmd": "BurrowUltraliskDown,Execute",
          "Row": 2,
          "Column": 3
        },
        {
          "Face": "BurrowUp",
          "Type": "AbilCmd",
          "AbilCmd": "BurrowDroneUp,Execute",
          "Row": 2,
          "Column": 4
        },
        {
          "Face": "BurrowUp",
          "Type": "AbilCmd",
          "AbilCmd": "BurrowZerglingUp,Execute",
          "Row": 2,
          "Column": 4
        },
        {
          "Face": "BurrowUp",
          "Type": "AbilCmd",
          "AbilCmd": "BurrowBanelingUp,Execute",
          "Row": 2,
          "Column": 4
        },
        {
          "Face": "BurrowUp",
          "Type": "AbilCmd",
          "AbilCmd": "BurrowRoachUp,Execute",
          "Row": 2,
          "Column": 4
        },
        {
          "Face": "BurrowUp",
          "Type": "AbilCmd",
          "AbilCmd": "BurrowHydraliskUp,Execute",
          "Row": 2,
          "Column": 4
        },
        {
          "Face": "BurrowUp",
          "Type": "AbilCmd",
          "AbilCmd": "BurrowRavagerUp,Execute",
          "Row": 2,
          "Column": 4
        },
        {
          "Face": "BurrowUp",
          "Type": "AbilCmd",
          "AbilCmd": "MorphToSwarmHostMP,Execute",
          "Row": 2,
          "Column": 4
        },
        {
          "Face": "BurrowUp",
          "Type": "AbilCmd",
          "AbilCmd": "BurrowQueenUp,Execute",
          "Row": 2,
          "Column": 4
        },
        {
          "Face": "BurrowUp",
          "Type": "AbilCmd",
          "AbilCmd": "BurrowInfestorTerranUp,Execute",
          "Row": 2,
          "Column": 4
        },
        {
          "Face": "BurrowUp",
          "Type": "AbilCmd",
          "AbilCmd": "BurrowInfestorUp,Execute",
          "Row": 2,
          "Column": 4
        },
        {
          "Face": "BurrowUp",
          "Type": "AbilCmd",
          "AbilCmd": "BurrowUltraliskUp,Execute",
          "Row": 2,
          "Column": 4
        }
      ]
    }
  ],
  "Attributes": [
    "Biological",
    "Psionic"
  ],
  "Food": -2,
  "GlossaryCategory": "Unit/Category/ZergUnits",
  "HotkeyCategory": "Unit/Category/ZergUnits",
  "GlossaryPriority": 217,
  "LifeArmor": 1,
  "CostCategory": "Army",
  "CostResource": {
    "Minerals": 150
  },
  "KillDisplay": "Always",
  "RankDisplay": "Always",
  "TauntDuration": {
    "Dance": 5
  },
  "GlossaryStrongArray": [
    "Hellion",
    "Mutalisk",
    "Oracle"
  ],
  "GlossaryWeakArray": [
    "Marine",
    "Zergling",
    "Zealot"
  ],
  "Icon": "btn-unit-zerg-queen",
  "LifeArmorIcon": "btn-upgrade-zerg-groundcarapace-level0",
  "ShieldArmorIcon": "btn-upgrade-protoss-shieldslevel0",
  "Id": "Queen",
  "Weapons": [
    {
      "Link": "AcidSpines",
      "Id": "AcidSpines",
      "Icon": "btn-upgrade-zerg-missileattacks-level0",
      "Name": "Acid Spines",
      "Amount": 9,
      "Kind": "Ranged",
      "TargetFilters": "Air",
      "Range": 7,
      "Period": 1
    },
    {
      "Link": "Talons",
      "Id": "Talons",
      "Icon": "btn-upgrade-zerg-missileattacks-level0",
      "Name": "Talons",
      "Amount": 4,
      "Kind": "Ranged",
      "DisplayAttackCount": 2,
      "TargetFilters": "Ground",
      "Range": 3,
      "Period": 1
    },
    {
      "Link": "TalonsMissile",
      "Id": "TalonsMissile",
      "Icon": "btn-upgrade-zerg-missileattacks-level0",
      "Name": "Talons",
      "Amount": 4,
      "Kind": "Ranged",
      "DisplayAttackCount": 2,
      "TargetFilters": "Ground",
      "Range": 5,
      "Period": 1
    }
  ],
  "Behaviors": [
    {
      "Link": "QueenMustBeOnCreep",
      "Id": "QueenMustBeOnCreep"
    }
  ],
  "Upgrades": [
    {
      "Link": "ZergMissileWeapons",
      "Id": "ZergMissileWeapons",
      "Name": "Zerg Missile Weapons"
    },
    {
      "Link": "ZergGroundArmors",
      "Id": "ZergGroundArmors",
      "Name": "Zerg Ground Armors"
    },
    {
      "Link": "ZergGroundArmorsLevel1",
      "Id": "ZergGroundArmorsLevel1",
      "Icon": "btn-upgrade-zerg-groundcarapace-level1",
      "Name": "Zerg Ground Carapace Level 1"
    },
    {
      "Link": "ZergGroundArmorsLevel2",
      "Id": "ZergGroundArmorsLevel2",
      "Icon": "btn-upgrade-zerg-groundcarapace-level2",
      "Name": "Zerg Ground Carapace Level 2"
    },
    {
      "Link": "ZergGroundArmorsLevel3",
      "Id": "ZergGroundArmorsLevel3",
      "Icon": "btn-upgrade-zerg-groundcarapace-level3",
      "Name": "Zerg Ground Carapace Level 3"
    },
    {
      "Link": "ZergMissileWeaponsLevel1",
      "Id": "ZergMissileWeaponsLevel1",
      "Icon": "btn-upgrade-zerg-missileattacks-level1",
      "Name": "Zerg Missile Attacks Level 1"
    },
    {
      "Link": "ZergMissileWeaponsLevel2",
      "Id": "ZergMissileWeaponsLevel2",
      "Icon": "btn-upgrade-zerg-missileattacks-level2",
      "Name": "Zerg Missile Attacks Level 2"
    },
    {
      "Link": "ZergMissileWeaponsLevel3",
      "Id": "ZergMissileWeaponsLevel3",
      "Icon": "btn-upgrade-zerg-missileattacks-level3",
      "Name": "Zerg Missile Attacks Level 3"
    },
    {
      "Link": "Burrow",
      "Id": "Burrow",
      "Icon": "btn-ability-zerg-burrow-color",
      "Name": "Burrow"
    }
  ],
  "Abilities": [
    {
      "Link": "stop",
      "Id": "stop",
      "Name": "Stop"
    },
    {
      "Link": "attack",
      "Id": "attack",
      "Name": "Attack"
    },
    {
      "Link": "move",
      "Id": "move",
      "Name": "Move"
    },
    {
      "Link": "QueenBuild",
      "Id": "QueenBuild",
      "Name": "Build"
    },
    {
      "Link": "BurrowQueenDown",
      "Id": "BurrowQueenDown",
      "Name": "Burrow"
    },
    {
      "Link": "SpawnLarva",
      "Id": "SpawnLarva",
      "Name": "Larva Swarm"
    },
    {
      "Link": "Transfusion",
      "Id": "Transfusion",
      "Name": "Transfusion"
    }
  ],
  "Requirements": [
    {
      "Id": "SpawningPool",
      "Icon": "btn-building-zerg-spawningpool",
      "Description": "Contains upgrades for Zerglings.<br/><br/><span style=\"color: #ffff8a\">Enables:</span><br/>- Queens at the Hatchery, Lair, or Hive<br/>- Zerglings from Larvae<br/>- Spine Crawlers from Drones<br/>- Spore Crawlers from Drones",
      "Name": "Spawning Pool"
    }
  ],
  "Production": [
    {
      "Id": "CreepTumorQueen",
      "Icon": "btn-building-zerg-creeptumor",
      "Description": "A burrowed creep generator. Creep feeds nearby Zerg structures. A Creep Tumor can spawn one additional Creep Tumor.<br/><br/><c val=\"#ColorAttackInfo\">Bonus: Zerg move faster on creep.</span>",
      "Name": "Creep Tumor"
    }
  ],
  "Producers": [
    {
      "Id": "Hatchery",
      "Icon": "btn-building-zerg-hatchery",
      "Description": "Primary structure. Used to spawn all Zerg units and receive gathered resources. Grows creep used to feed nearby Zerg structures. Can mutate into a Lair.<br/><br/><c val=\"#ColorAttackInfo\">Bonus: Zerg move faster on creep.</span>",
      "Name": "Hatchery"
    },
    {
      "Id": "Lair",
      "Icon": "btn-building-zerg-lair",
      "Description": "Evolved version of the Hatchery that allows additional upgrades and structures to be produced. Also spawns all Zerg units and receives gathered resources.<br/><br/><span style=\"color: #ffff8a\">Enables:</span><br/>- Overseers from Overlords",
      "Name": "Lair"
    },
    {
      "Id": "Hive",
      "Icon": "btn-building-zerg-hive",
      "Description": "Further evolved version of the Hatchery that allows additional upgrades and structures to be produced. Also spawns all Zerg units and receives gathered resources.<br/><br/><span style=\"color: #ffff8a\">Enables:</span><br/>- Vipers from Larvae",
      "Name": "Hive"
    }
  ],
  "Commands": [
    {
      "Id": "Move",
      "Icon": "btn-command-move",
      "Tooltip": "Orders selected units to move to the target area or follow the target unit. Moving units will not engage enemies.",
      "Name": "Move",
      "AbilCmd": "move,Move"
    },
    {
      "Id": "Stop",
      "Icon": "btn-command-stop",
      "Tooltip": "Orders selected units to cancel all orders and stop moving.",
      "Name": "Stop",
      "AbilCmd": "stop,Stop"
    },
    {
      "Id": "MoveHoldPosition",
      "Icon": "btn-command-holdposition",
      "Tooltip": "Orders selected units to stay where they are and attack enemies that are within range. Units will neither chase down enemies nor move to engage.",
      "Name": "Hold Position",
      "AbilCmd": "move,HoldPos"
    },
    {
      "Id": "MovePatrol",
      "Icon": "btn-command-patrol",
      "Tooltip": "Orders selected units to patrol between their current position and the target area. Units will attack enemies and move to engage nearby enemies.",
      "Name": "Patrol",
      "AbilCmd": "move,Patrol"
    },
    {
      "Id": "Attack",
      "Icon": "btn-command-attack",
      "Tooltip": "Orders selected units to move to the target point, fighting nearby enemies along the way. Targeting a unit with the Attack command orders that it be attacked until it is destroyed.",
      "Name": "Attack",
      "AbilCmd": "attack,Execute"
    },
    {
      "Id": "MorphMorphalisk",
      "Icon": "btn-unit-zerg-larva",
      "Tooltip": "Target Hatchery, Lair, or Hive spawns <b>3</b> Larvae in <b>40</b> seconds. If Hatchery, Lair, or Hive has more than 3 Larvae at one time, regular Larva production will stop until there are fewer than 3 Larvae. This will stack and queue if the target is already spawning additional Larva.",
      "Name": "Spawn Larvae",
      "AbilCmd": "SpawnLarva,Execute"
    },
    {
      "Id": "BuildCreepTumor",
      "Icon": "btn-building-zerg-creeptumor",
      "Tooltip": "A burrowed creep generator. Creep feeds nearby Zerg structures. A Creep Tumor can spawn one additional Creep Tumor.<br/><br/><c val=\"#ColorAttackInfo\">Bonus: Zerg move faster on creep.</span>",
      "Name": "Spawn Creep Tumor",
      "AbilCmd": "QueenBuild,Build1"
    },
    {
      "Id": "Transfusion",
      "Icon": "btn-ability-zerg-transfusion-color",
      "Tooltip": "Instantly heals target biological unit or structure for <b>75</b> life. An additional <b>50.000</b> life regenerates over <b>10</b> seconds.",
      "Name": "Transfusion",
      "AbilCmd": "Transfusion,Execute"
    },
    {
      "Id": "BurrowDown",
      "Icon": "btn-ability-zerg-burrow-color",
      "Tooltip": "Buries the unit underground. Burrowed units are unable to move or attack, but they cannot be seen without detection.",
      "Name": "Burrow",
      "AbilCmd": "BurrowQueenDown,Execute"
    },
    {
      "Id": "BurrowDown",
      "Icon": "btn-ability-zerg-burrow-color",
      "Tooltip": "Buries the unit underground. Burrowed units are unable to move or attack, but they cannot be seen without detection.",
      "Name": "Burrow",
      "AbilCmd": "BurrowDroneDown,Execute"
    },
    {
      "Id": "BurrowDown",
      "Icon": "btn-ability-zerg-burrow-color",
      "Tooltip": "Buries the unit underground. Burrowed units are unable to move or attack, but they cannot be seen without detection.",
      "Name": "Burrow",
      "AbilCmd": "BurrowZerglingDown,Execute"
    },
    {
      "Id": "BurrowDown",
      "Icon": "btn-ability-zerg-burrow-color",
      "Tooltip": "Buries the unit underground. Burrowed units are unable to move or attack, but they cannot be seen without detection.",
      "Name": "Burrow",
      "AbilCmd": "BurrowBanelingDown,Execute"
    },
    {
      "Id": "BurrowDown",
      "Icon": "btn-ability-zerg-burrow-color",
      "Tooltip": "Buries the unit underground. Burrowed units are unable to move or attack, but they cannot be seen without detection.",
      "Name": "Burrow",
      "AbilCmd": "BurrowRoachDown,Execute"
    },
    {
      "Id": "BurrowDown",
      "Icon": "btn-ability-zerg-burrow-color",
      "Tooltip": "Buries the unit underground. Burrowed units are unable to move or attack, but they cannot be seen without detection.",
      "Name": "Burrow",
      "AbilCmd": "BurrowHydraliskDown,Execute"
    },
    {
      "Id": "BurrowDown",
      "Icon": "btn-ability-zerg-burrow-color",
      "Tooltip": "Buries the unit underground. Burrowed units are unable to move or attack, but they cannot be seen without detection.",
      "Name": "Burrow",
      "AbilCmd": "BurrowRavagerDown,Execute"
    },
    {
      "Id": "BurrowDown",
      "Icon": "btn-ability-zerg-burrow-color",
      "Tooltip": "Buries the unit underground. Burrowed units are unable to move or attack, but they cannot be seen without detection.",
      "Name": "Burrow",
      "AbilCmd": "MorphToSwarmHostBurrowedMP,Execute"
    },
    {
      "Id": "BurrowDown",
      "Icon": "btn-ability-zerg-burrow-color",
      "Tooltip": "Buries the unit underground. Burrowed units are unable to move or attack, but they cannot be seen without detection.",
      "Name": "Burrow",
      "AbilCmd": "BurrowQueenDown,Execute"
    },
    {
      "Id": "BurrowDown",
      "Icon": "btn-ability-zerg-burrow-color",
      "Tooltip": "Buries the unit underground. Burrowed units are unable to move or attack, but they cannot be seen without detection.",
      "Name": "Burrow",
      "AbilCmd": "BurrowInfestorTerranDown,Execute"
    },
    {
      "Id": "BurrowDown",
      "Icon": "btn-ability-zerg-burrow-color",
      "Tooltip": "Buries the unit underground. Burrowed units are unable to move or attack, but they cannot be seen without detection.",
      "Name": "Burrow",
      "AbilCmd": "BurrowInfestorDown,Execute"
    },
    {
      "Id": "BurrowDown",
      "Icon": "btn-ability-zerg-burrow-color",
      "Tooltip": "Buries the unit underground. Burrowed units are unable to move or attack, but they cannot be seen without detection.",
      "Name": "Burrow",
      "AbilCmd": "BurrowUltraliskDown,Execute"
    },
    {
      "Id": "BurrowUp",
      "Icon": "btn-ability-zerg-upburrow-color",
      "Tooltip": "Returns the unit to the surface.",
      "Name": "Unburrow",
      "AbilCmd": "BurrowDroneUp,Execute"
    },
    {
      "Id": "BurrowUp",
      "Icon": "btn-ability-zerg-upburrow-color",
      "Tooltip": "Returns the unit to the surface.",
      "Name": "Unburrow",
      "AbilCmd": "BurrowZerglingUp,Execute"
    },
    {
      "Id": "BurrowUp",
      "Icon": "btn-ability-zerg-upburrow-color",
      "Tooltip": "Returns the unit to the surface.",
      "Name": "Unburrow",
      "AbilCmd": "BurrowBanelingUp,Execute"
    },
    {
      "Id": "BurrowUp",
      "Icon": "btn-ability-zerg-upburrow-color",
      "Tooltip": "Returns the unit to the surface.",
      "Name": "Unburrow",
      "AbilCmd": "BurrowRoachUp,Execute"
    },
    {
      "Id": "BurrowUp",
      "Icon": "btn-ability-zerg-upburrow-color",
      "Tooltip": "Returns the unit to the surface.",
      "Name": "Unburrow",
      "AbilCmd": "BurrowHydraliskUp,Execute"
    },
    {
      "Id": "BurrowUp",
      "Icon": "btn-ability-zerg-upburrow-color",
      "Tooltip": "Returns the unit to the surface.",
      "Name": "Unburrow",
      "AbilCmd": "BurrowRavagerUp,Execute"
    },
    {
      "Id": "BurrowUp",
      "Icon": "btn-ability-zerg-upburrow-color",
      "Tooltip": "Returns the unit to the surface.",
      "Name": "Unburrow",
      "AbilCmd": "MorphToSwarmHostMP,Execute"
    },
    {
      "Id": "BurrowUp",
      "Icon": "btn-ability-zerg-upburrow-color",
      "Tooltip": "Returns the unit to the surface.",
      "Name": "Unburrow",
      "AbilCmd": "BurrowQueenUp,Execute"
    },
    {
      "Id": "BurrowUp",
      "Icon": "btn-ability-zerg-upburrow-color",
      "Tooltip": "Returns the unit to the surface.",
      "Name": "Unburrow",
      "AbilCmd": "BurrowInfestorTerranUp,Execute"
    },
    {
      "Id": "BurrowUp",
      "Icon": "btn-ability-zerg-upburrow-color",
      "Tooltip": "Returns the unit to the surface.",
      "Name": "Unburrow",
      "AbilCmd": "BurrowInfestorUp,Execute"
    },
    {
      "Id": "BurrowUp",
      "Icon": "btn-ability-zerg-upburrow-color",
      "Tooltip": "Returns the unit to the surface.",
      "Name": "Unburrow",
      "AbilCmd": "BurrowUltraliskUp,Execute"
    }
  ]
}