{
  "Name": "Raptor Jet",
  "Description": "Air-superiority fighter.<br/><br/><span style=\"color: #ffff8a\">Can Attack air units.</span>",
  "DeathRevealFilters": "Visible;Player,Ally,Neutral,Missile,Dead,Hidden",
  "DeathRevealRadius": 3,
  "DeathRevealDuration": 4,
  "DeathRevealType": "Snapshot",
  "Race": "UPL",
  "DefaultAcquireLevel": "Offensive",
  "Response": "Acquire",
  "ResourceState": "Unknown",
  "ResourceType": "Unknown",
  "LifeStart": 130,
  "LifeMax": 130,
  "LifeArmorName": "UPL Ship Plating",
  "Mover": "Fly",
  "StationaryTurningRate": 1499.9414,
  "TurningRate": 1499.9414,
  "Radius": 0.75,
  "SeparationRadius": 0.75,
  "MinimapRadius": 0.75,
  "EditorCategories": {
    "ObjectType": "Unit",
    "ObjectFamily": "Melee"
  },
  "TacticalAIFilters": "-;Player,Ally,Neutral",
  "AIEvalFactor": 0.7,
  "Mass": 0.4,
  "FlagArray": [
    "Turnable",
    "Movable",
    "Unclickable",
    "Unhighlightable",
    "Untooltipable",
    "KillCredit",
    "ShowResources",
    "ClearRallyOnTargetLost",
    "PlayerRevivable",
    "CameraFollow",
    "PreventDestroy",
    "UseLineOfSight",
    "ArmySelect"
  ],
  "EditorFlags": [
    "BlockStructures"
  ],
  "PushPriority": 10,
  "LeaderAlias": "RaptorJet",
  "HotkeyAlias": "RaptorJet",
  "SelectAlias": "RaptorJet",
  "SubgroupAlias": "RaptorJet",
  "OccludeHeight": 0.75,
  "TacticalAI": "RaptorJet",
  "AIEvaluateAlias": "RaptorJet",
  "ReviveType": "RaptorJet",
  "PawnItemReduction": 1,
  "Fidget": {
    "DelayMax": 30,
    "DelayMin": 10,
    "DistanceMax": 4,
    "DistanceMin": 1,
    "TurnAngle": 90,
    "TurningRate": 90,
    "ChanceArray": {
      "Idle": 100
    }
  },
  "ReviveInfoBase": {
    "Charge": {
      "Link": "RaptorJet/Revive",
      "Location": "Unit"
    },
    "Cooldown": {
      "Link": "RaptorJet/Revive",
      "Location": "Unit"
    }
  },
  "InnerRadiusSafetyMultiplier": 1,
  "ArmorType": "Unknown",
  "Mob": "Multiplayer",
  "PlaneArray": [
    "Air"
  ],
  "Collide": [
    "Flying"
  ],
  "Attributes": [
    "Mechanical",
    "Light",
    "Armored"
  ],
  "EnergyStart": 75,
  "EnergyMax": 200,
  "EnergyRegenRate": 0.5625,
  "Speed": 3.75,
  "Acceleration": 3.25,
  "Sight": 10,
  "Height": 3.75,
  "VisionHeight": 4,
  "Food": -3,
  "CostCategory": "Army",
  "CostResource": {
    "Minerals": 150,
    "Vespene": 125
  },
  "RepairTime": 45,
  "AttackTargetPriority": 20,
  "DamageDealtXP": 1,
  "DamageTakenXP": 1,
  "KillXP": 50,
  "CardLayouts": [
    {
      "LayoutButtons": [
        {
          "Face": "Move",
          "Type": "AbilCmd",
          "AbilCmd": "move,Move",
          "Row": 0,
          "Column": 0
        },
        {
          "Face": "Stop",
          "Type": "AbilCmd",
          "AbilCmd": "stop,Stop",
          "Row": 0,
          "Column": 1
        },
        {
          "Face": "MoveHoldPosition",
          "Type": "AbilCmd",
          "AbilCmd": "move,HoldPos",
          "Row": 0,
          "Column": 2
        },
        {
          "Face": "Attack",
          "Type": "AbilCmd",
          "AbilCmd": "attack,Execute",
          "Row": 0,
          "Column": 4
        },
        {
          "Face": "MovePatrol",
          "Type": "AbilCmd",
          "AbilCmd": "move,Patrol",
          "Row": 0,
          "Column": 3
        },
        {
          "Face": "RaptorJetScatterBombs",
          "Type": "AbilCmd",
          "AbilCmd": "RaptorJetScatterBombs,Execute",
          "Row": 2,
          "Column": 0
        },
        {
          "Face": "RaptorCloak",
          "Type": "AbilCmd",
          "AbilCmd": "RaptorCloak,Execute",
          "ShowInGlossary": 0,
          "Row": 2,
          "Column": 1
        },
        {
          "Face": "RaptorIncendiary",
          "Type": "Passive",
          "Row": 1,
          "Column": 0,
          "Requirements": "HaveRaptorIncendiary"
        }
      ]
    }
  ],
  "ScoreMake": 250,
  "ScoreKill": 250,
  "ScoreResult": "BuildOrder",
  "SubgroupPriority": 51,
  "GlossaryCategory": "Unit/Category/0UPLUnits",
  "GlossaryPriority": 51,
  "GlossaryStrongArray": [
    "VoidRay",
    "Mutalisk"
  ],
  "GlossaryWeakArray": [
    "Battlecruiser",
    "CARRier",
    "Corruptor"
  ],
  "HotkeyCategory": "Unit/Category/UPLUnits",
  "Icon": "btn-unit-upl-raptofighterjet",
  "LifeArmorIcon": "btn-upgrades-upl-vehicleplating-lvl0",
  "ShieldArmorIcon": "btn-upgrade-protoss-shieldslevel0",
  "Id": "RaptorJet",
  "Weapons": [
    {
      "Link": "RaptorJet",
      "Turret": "RaptorTurret",
      "Id": "RaptorJet",
      "Icon": "btn-upgrades-upl-vehicleweapons-lvl0",
      "Name": "REG-F14 Missile \"Phoenix\"",
      "Amount": 25,
      "Kind": "Ranged",
      "DisplayAttackCount": 2,
      "TargetFilters": "Air",
      "Range": 9,
      "Period": 3
    },
    {
      "Link": "RaptorJetDummyWeapon",
      "Turret": "RaptorTurret",
      "Id": "RaptorJetDummyWeapon",
      "Icon": "btn-upgrades-upl-vehicleweapons-lvl0",
      "Name": "RaptorJetDummyWeapon",
      "Amount": 25,
      "Kind": "Ranged",
      "DisplayAttackCount": 2,
      "TargetFilters": "Air",
      "Range": 9,
      "Period": 0.2
    }
  ],
  "Upgrades": [
    {
      "Link": "UPLShipArmor",
      "Id": "UPLShipArmor",
      "Name": "UPL Ship Armor"
    },
    {
      "Link": "UPLShipWeapons",
      "Id": "UPLShipWeapons",
      "Name": "UPL Ship Weapons"
    },
    {
      "Link": "UPLVehicleArmor",
      "Id": "UPLVehicleArmor",
      "Name": "UPL Vehicle Plating"
    },
    {
      "Link": "UPLVehicleWeapons",
      "Id": "UPLVehicleWeapons",
      "Name": "UPL Vehicle Weapons"
    },
    {
      "Link": "UPLShipPlatingLevel1",
      "Id": "UPLShipPlatingLevel1",
      "Icon": "btn-upgrade-terran-shipplatinglevel1",
      "Name": "UPL Ship Plating Level 1"
    },
    {
      "Link": "UPLShipPlatingLevel2",
      "Id": "UPLShipPlatingLevel2",
      "Icon": "btn-upgrade-terran-shipplatinglevel2",
      "Name": "UPL Ship Plating Level 2"
    },
    {
      "Link": "UPLShipPlatingLevel3",
      "Id": "UPLShipPlatingLevel3",
      "Icon": "btn-upgrade-terran-shipplatinglevel3",
      "Name": "UPL Ship Plating Level 3"
    },
    {
      "Link": "UPLShipWeaponsLevel1",
      "Id": "UPLShipWeaponsLevel1",
      "Icon": "btn-upgrade-terran-shipweaponslevel1",
      "Name": "UPL Ship Weapons Level 1"
    },
    {
      "Link": "UPLShipWeaponsLevel2",
      "Id": "UPLShipWeaponsLevel2",
      "Icon": "btn-upgrade-terran-shipweaponslevel2",
      "Name": "UPL Ship Weapons Level 2"
    },
    {
      "Link": "UPLShipWeaponsLevel3",
      "Id": "UPLShipWeaponsLevel3",
      "Icon": "btn-upgrade-terran-shipweaponslevel3",
      "Name": "UPL Ship Weapons Level 3"
    },
    {
      "Link": "UPLVehiclePlatingLevel1",
      "Id": "UPLVehiclePlatingLevel1",
      "Icon": "btn-upgrades-upl-vehicleplating-lvl1",
      "Name": "UPL Vehicle Plating Level 1"
    },
    {
      "Link": "UPLVehiclePlatingLevel2",
      "Id": "UPLVehiclePlatingLevel2",
      "Icon": "btn-upgrades-upl-vehicleplating-lvl2",
      "Name": "UPL Vehicle Plating Level 2"
    },
    {
      "Link": "UPLVehiclePlatingLevel3",
      "Id": "UPLVehiclePlatingLevel3",
      "Icon": "btn-upgrades-upl-vehicleplating-lvl3",
      "Name": "UPL Vehicle Plating Level 3"
    },
    {
      "Link": "UPLVehicleWeaponsLevel1",
      "Id": "UPLVehicleWeaponsLevel1",
      "Icon": "btn-upgrades-upl-vehicleweapons-lvl1",
      "Name": "UPL Vehicle Weapons Level 1"
    },
    {
      "Link": "UPLVehicleWeaponsLevel2",
      "Id": "UPLVehicleWeaponsLevel2",
      "Icon": "btn-upgrades-upl-vehicleweapons-lvl2",
      "Name": "UPL Vehicle Weapons Level 2"
    },
    {
      "Link": "UPLVehicleWeaponsLevel3",
      "Id": "UPLVehicleWeaponsLevel3",
      "Icon": "btn-upgrades-upl-vehicleweapons-lvl3",
      "Name": "UPL Vehicle Weapons Level 3"
    },
    {
      "Link": "RaptorCloakAbilUpgrade",
      "Id": "RaptorCloakAbilUpgrade",
      "Icon": "btn-ability-upl-metamateria-suit",
      "Name": "Metamateria Coating"
    }
  ],
  "Abilities": [
    {
      "Link": "stop",
      "Id": "stop",
      "Name": "Stop"
    },
    {
      "Link": "attack",
      "Id": "attack",
      "Name": "Attack"
    },
    {
      "Link": "move",
      "Id": "move",
      "Name": "Move"
    },
    {
      "Link": "RaptorJetScatterBombs",
      "Id": "RaptorJetScatterBombs",
      "Name": "RaptorJet Scatter Bombs"
    },
    {
      "Link": "RaptorCloak",
      "Id": "RaptorCloak",
      "Name": "RaptorCloak"
    }
  ],
  "Requirements": [],
  "Production": [],
  "Producers": [
    {
      "Id": "UPLAirstrip",
      "Icon": "btn-building-upl-uplairstrip",
      "Description": "Aircraft production facility.<br/><br/><span style=\"color: #ffff8a\">Enables:</span><br/>-  <b>Raptor Jet</b><br/>-  <b>Osprey</b><br/>-  <b>Condor</b>",
      "Name": "Airstrip"
    }
  ],
  "Commands": [
    {
      "Id": "Move",
      "Icon": "btn-command-move",
      "Tooltip": "Orders selected units to move to the target area or follow the target unit. Moving units will not engage enemies.",
      "Name": "Move",
      "AbilCmd": "move,Move"
    },
    {
      "Id": "Stop",
      "Icon": "btn-command-stop",
      "Tooltip": "Orders selected units to cancel all orders and stop moving.",
      "Name": "Stop",
      "AbilCmd": "stop,Stop"
    },
    {
      "Id": "MoveHoldPosition",
      "Icon": "btn-command-holdposition",
      "Tooltip": "Orders selected units to stay where they are and attack enemies that are within range. Units will neither chase down enemies nor move to engage.",
      "Name": "Hold Position",
      "AbilCmd": "move,HoldPos"
    },
    {
      "Id": "Attack",
      "Icon": "btn-command-attack",
      "Tooltip": "Orders selected units to move to the target point, fighting nearby enemies along the way. Targeting a unit with the Attack command orders that it be attacked until it is destroyed.",
      "Name": "Attack",
      "AbilCmd": "attack,Execute"
    },
    {
      "Id": "MovePatrol",
      "Icon": "btn-command-patrol",
      "Tooltip": "Orders selected units to patrol between their current position and the target area. Units will attack enemies and move to engage nearby enemies.",
      "Name": "Patrol",
      "AbilCmd": "move,Patrol"
    },
    {
      "Id": "RaptorJetScatterBombs",
      "Icon": "btn-ability-upl-scattershotbomb",
      "Tooltip": "Scatters multiple bombs in a large radius, dealing <span style=\"color: #FFFF80\"><b>35</b> (+<b>20</b> vs. Structures)</span> damage to ground units",
      "Name": "Scattershot Explosives",
      "AbilCmd": "RaptorJetScatterBombs,Execute"
    },
    {
      "Id": "RaptorCloak",
      "Icon": "btn-ability-upl-metamateria-suit",
      "Tooltip": "Temporarily activates the <span style=\"color: #FFFF80\"><b>Raptor Jet</b></span> armor material coating, preventing enemy units from seeing or attacking the unit. A cloaked unit will only be revealed by detectors or effects.<br/><br/>Attacking or using abilities during the effect clears it.<br/><br/><span style=\"color: #FFFF80\">Effect last for <b>10</b> seconds</span>",
      "Name": "Metamateria Coating",
      "AbilCmd": "RaptorCloak,Execute"
    }
  ]
}