{
  "Name": "Raptor",
  "Description": "Fast, weak flyer. Effective against Armored targets. Two Raptors hatch from a single egg.<br/><br/><span style=\"color: #FFFF80\">Can attack ground and air units.</span>",
  "DeathRevealFilters": "Visible;Player,Ally,Neutral,Missile,Dead,Hidden",
  "DeathRevealRadius": 3,
  "DeathRevealDuration": 4,
  "DeathRevealType": "Snapshot",
  "Race": "Xayi",
  "DefaultAcquireLevel": "Offensive",
  "Response": "Acquire",
  "ResourceState": "Unknown",
  "ResourceType": "Unknown",
  "LifeStart": 100,
  "LifeMax": 100,
  "LifeArmorName": "Xayid Flyer Carapace",
  "Mover": "Fly",
  "StationaryTurningRate": 1440,
  "TurningRate": 1440,
  "Radius": 0.5,
  "SeparationRadius": 0.5,
  "MinimapRadius": 0.5,
  "EditorCategories": {
    "ObjectType": "Unit",
    "ObjectFamily": "Melee"
  },
  "TacticalAIFilters": "-;Player,Ally,Neutral",
  "AIEvalFactor": 1,
  "Mass": 0.4,
  "FlagArray": [
    "Turnable",
    "Movable",
    "Unclickable",
    "Unhighlightable",
    "Untooltipable",
    "KillCredit",
    "ShowResources",
    "ClearRallyOnTargetLost",
    "PlayerRevivable",
    "CameraFollow",
    "PreventDestroy",
    "UseLineOfSight",
    "ArmySelect"
  ],
  "EditorFlags": [
    "BlockStructures"
  ],
  "PushPriority": 10,
  "LeaderAlias": "Raptor",
  "HotkeyAlias": "Raptor",
  "SelectAlias": "Raptor",
  "SubgroupAlias": "Raptor",
  "OccludeHeight": 0.75,
  "TacticalAI": "Raptor",
  "AIEvaluateAlias": "Raptor",
  "ReviveType": "Raptor",
  "PawnItemReduction": 1,
  "Fidget": {
    "DelayMax": 30,
    "DelayMin": 10,
    "DistanceMax": 4,
    "DistanceMin": 1,
    "TurnAngle": 90,
    "TurningRate": 90,
    "ChanceArray": {
      "Idle": 100
    }
  },
  "ReviveInfoBase": {
    "Charge": {
      "Link": "Raptor/Revive",
      "Location": "Unit"
    },
    "Cooldown": {
      "Link": "Raptor/Revive",
      "Location": "Unit"
    }
  },
  "InnerRadiusSafetyMultiplier": 1,
  "ArmorType": "Unknown",
  "Acceleration": 3.5,
  "Attributes": [
    "Biological",
    "Light"
  ],
  "AttackTargetPriority": 20,
  "CardLayouts": [
    {
      "LayoutButtons": [
        {
          "Face": "Move",
          "Type": "AbilCmd",
          "AbilCmd": "move,Move",
          "Row": 0,
          "Column": 0
        },
        {
          "Face": "Stop",
          "Type": "AbilCmd",
          "AbilCmd": "stop,Stop",
          "Row": 0,
          "Column": 1
        },
        {
          "Face": "MoveHoldPosition",
          "Type": "AbilCmd",
          "AbilCmd": "move,HoldPos",
          "Row": 0,
          "Column": 2
        },
        {
          "Face": "MovePatrol",
          "Type": "AbilCmd",
          "AbilCmd": "move,Patrol",
          "Row": 0,
          "Column": 3
        },
        {
          "Face": "Attack",
          "Type": "AbilCmd",
          "AbilCmd": "attack,Execute",
          "Row": 0,
          "Column": 4
        },
        {
          "Face": "CleavingSpores",
          "Type": "Passive",
          "Requirements": "UseCleavingSpores",
          "ShowInGlossary": 0,
          "Row": 2,
          "Column": 0
        }
      ]
    }
  ],
  "PlaneArray": [
    "Air"
  ],
  "Collide": [
    "Flying"
  ],
  "LifeRegenDelay": 3,
  "LifeRegenRate": 0.5,
  "Sight": 10,
  "CostCategory": "Army",
  "ScoreResult": "BuildOrder",
  "GlossaryCategory": "Unit/Category/XayidUnits",
  "HotkeyCategory": "Unit/Category/XayidUnits",
  "ScoreKillCostFactor": {
    "Minerals": 1,
    "Vespene": 1
  },
  "ScoreMakeCostFactor": {
    "Minerals": 1,
    "Vespene": 1
  },
  "Height": 3.75,
  "VisionHeight": 4,
  "GlossaryAlias": "Raptor",
  "Speed": 4.25,
  "Food": -1.5,
  "CostResource": {
    "Minerals": 75,
    "Vespene": 75
  },
  "SubgroupPriority": 70,
  "GlossaryPriority": 15,
  "Deceleration": 2.5,
  "Icon": "btn-unit-xayid-raptor",
  "LifeArmorIcon": "btn-upgrade-zerg-pneumatizedcarapace",
  "ShieldArmorIcon": "btn-upgrade-protoss-shieldslevel0",
  "Id": "Raptor",
  "Weapons": [
    {
      "Link": "SearingSpores",
      "Id": "SearingSpores",
      "Icon": "btn-upgrade-xayid-airweaponslevel0",
      "Name": "Searing Spores",
      "Amount": 9,
      "Kind": "Ranged",
      "TargetFilters": "",
      "Range": 5,
      "Period": 1.75
    }
  ],
  "Upgrades": [
    {
      "Link": "XayidFlyerAttacks",
      "Id": "XayidFlyerAttacks",
      "Name": "Xayid Flyer Attacks"
    },
    {
      "Link": "XayidFlyerCarapace",
      "Id": "XayidFlyerCarapace",
      "Name": "Xayid Flyer Carapace"
    },
    {
      "Link": "XayidFlyerAttacksLevel1",
      "Id": "XayidFlyerAttacksLevel1",
      "Icon": "btn-upgrade-xayid-airweaponslevel1",
      "Name": "Xayid Flyer Attacks Level 1"
    },
    {
      "Link": "XayidFlyerAttacksLevel2",
      "Id": "XayidFlyerAttacksLevel2",
      "Icon": "btn-upgrade-xayid-airweaponslevel2",
      "Name": "Xayid Flyer Attacks Level 2"
    },
    {
      "Link": "XayidFlyerAttacksLevel3",
      "Id": "XayidFlyerAttacksLevel3",
      "Icon": "btn-upgrade-xayid-airweaponslevel3",
      "Name": "Xayid Flyer Attacks Level 3"
    },
    {
      "Link": "XayidFlyerCarapaceLevel1",
      "Id": "XayidFlyerCarapaceLevel1",
      "Icon": "btn-upgrade-xayid-airarmorlevel1",
      "Name": "Xayid Flyer Carapace Level 1"
    },
    {
      "Link": "XayidFlyerCarapaceLevel2",
      "Id": "XayidFlyerCarapaceLevel2",
      "Icon": "btn-upgrade-xayid-airarmorlevel2",
      "Name": "Xayid Flyer Carapace Level 2"
    },
    {
      "Link": "XayidFlyerCarapaceLevel3",
      "Id": "XayidFlyerCarapaceLevel3",
      "Icon": "btn-upgrade-xayid-airarmorlevel3",
      "Name": "Xayid Flyer Carapace Level 3"
    },
    {
      "Link": "CleavingSpores",
      "Id": "CleavingSpores",
      "Icon": "btn-upgrade-xayid-cleavingspores",
      "Name": "Cleaving Spores"
    }
  ],
  "Abilities": [
    {
      "Link": "move",
      "Id": "move",
      "Name": "Move"
    },
    {
      "Link": "stop",
      "Id": "stop",
      "Name": "Stop"
    },
    {
      "Link": "attack",
      "Id": "attack",
      "Name": "Attack"
    }
  ],
  "Requirements": [],
  "Production": [],
  "Producers": [
    {
      "Id": "Wasp",
      "Icon": "btn-unit-zerg-locustflyerex3",
      "Description": "Can mutate into various Xayid flyers.",
      "Name": "Wasp"
    }
  ],
  "Commands": [
    {
      "Id": "Move",
      "Icon": "btn-command-move",
      "Tooltip": "Orders selected units to move to the target area or follow the target unit. Moving units will not engage enemies.",
      "Name": "Move",
      "AbilCmd": "move,Move"
    },
    {
      "Id": "Stop",
      "Icon": "btn-command-stop",
      "Tooltip": "Orders selected units to cancel all orders and stop moving.",
      "Name": "Stop",
      "AbilCmd": "stop,Stop"
    },
    {
      "Id": "MoveHoldPosition",
      "Icon": "btn-command-holdposition",
      "Tooltip": "Orders selected units to stay where they are and attack enemies that are within range. Units will neither chase down enemies nor move to engage.",
      "Name": "Hold Position",
      "AbilCmd": "move,HoldPos"
    },
    {
      "Id": "MovePatrol",
      "Icon": "btn-command-patrol",
      "Tooltip": "Orders selected units to patrol between their current position and the target area. Units will attack enemies and move to engage nearby enemies.",
      "Name": "Patrol",
      "AbilCmd": "move,Patrol"
    },
    {
      "Id": "Attack",
      "Icon": "btn-command-attack",
      "Tooltip": "Orders selected units to move to the target point, fighting nearby enemies along the way. Targeting a unit with the Attack command orders that it be attacked until it is destroyed.",
      "Name": "Attack",
      "AbilCmd": "attack,Execute"
    }
  ]
}