{
  "Name": "Raven",
  "Description": "Aerial support unit. Can use Auto-Turret, Interference Matrix, and Anti-Armor Missile.<br/><br/><span style=\"color: #FFE303\">Detector</span>",
  "DeathRevealFilters": "Visible;Player,Ally,Neutral,Missile,Dead,Hidden",
  "DeathRevealRadius": 3,
  "DeathRevealDuration": 4,
  "DeathRevealType": "Snapshot",
  "Race": "Terr",
  "DefaultAcquireLevel": "Offensive",
  "Response": "Acquire",
  "ResourceState": "Unknown",
  "ResourceType": "Unknown",
  "LifeStart": 140,
  "LifeMax": 140,
  "LifeArmorName": "Terran Ship Plating",
  "Mover": "Fly",
  "StationaryTurningRate": 999.8437,
  "TurningRate": 999.8437,
  "Radius": 0.625,
  "SeparationRadius": 0.625,
  "MinimapRadius": 0.625,
  "EditorCategories": {
    "ObjectType": "Unit",
    "ObjectFamily": "Melee"
  },
  "TacticalAIFilters": "-;Player,Ally,Neutral",
  "AIEvalFactor": 1,
  "Mass": 0.4,
  "FlagArray": [
    "Turnable",
    "Movable",
    "Unclickable",
    "Unhighlightable",
    "Untooltipable",
    "KillCredit",
    "ShowResources",
    "ClearRallyOnTargetLost",
    "PlayerRevivable",
    "CameraFollow",
    "PreventDestroy",
    "AlwaysThreatens",
    "AIThreatGround",
    "AIThreatAir",
    "AICaster",
    "AISupport",
    "ArmySelect",
    "UseLineOfSight"
  ],
  "EditorFlags": [
    "BlockStructures"
  ],
  "PushPriority": 10,
  "LeaderAlias": "Raven",
  "HotkeyAlias": "Raven",
  "SelectAlias": "Raven",
  "SubgroupAlias": "Raven",
  "OccludeHeight": 0.75,
  "TacticalAI": "Raven",
  "AIEvaluateAlias": "Raven",
  "ReviveType": "Raven",
  "PawnItemReduction": 1,
  "Fidget": {
    "DelayMax": 30,
    "DelayMin": 10,
    "DistanceMax": 4,
    "DistanceMin": 1,
    "TurnAngle": 90,
    "TurningRate": 90,
    "ChanceArray": {
      "Idle": 33,
      "Anim": 33
    }
  },
  "ReviveInfoBase": {
    "Charge": {
      "Link": "Raven/Revive",
      "Location": "Unit"
    },
    "Cooldown": {
      "Link": "Raven/Revive",
      "Location": "Unit"
    }
  },
  "InnerRadiusSafetyMultiplier": 1,
  "ArmorType": "Unknown",
  "Mob": "Multiplayer",
  "LifeArmor": 1,
  "Speed": 2.9492,
  "Acceleration": 2,
  "Height": 3.75,
  "Food": -2,
  "CostCategory": "Army",
  "CostResource": {
    "Minerals": 100,
    "Vespene": 200
  },
  "RepairTime": 60,
  "AttackTargetPriority": 20,
  "DamageDealtXP": 1,
  "DamageTakenXP": 1,
  "KillXP": 45,
  "ScoreMake": 300,
  "ScoreKill": 300,
  "ScoreResult": "BuildOrder",
  "SubgroupPriority": 84,
  "PlaneArray": [
    "Air"
  ],
  "Collide": [
    "Flying"
  ],
  "VisionHeight": 4,
  "Sight": 11,
  "TacticalAIThink": "AIThinkRaven",
  "CardLayouts": [
    {
      "LayoutButtons": [
        {
          "Face": "Move",
          "Type": "AbilCmd",
          "AbilCmd": "move,Move",
          "Row": 0,
          "Column": 0
        },
        {
          "Face": "Stop",
          "Type": "AbilCmd",
          "AbilCmd": "stop,Stop",
          "Row": 0,
          "Column": 1
        },
        {
          "Face": "MoveHoldPosition",
          "Type": "AbilCmd",
          "AbilCmd": "move,HoldPos",
          "Row": 0,
          "Column": 2
        },
        {
          "Face": "MovePatrol",
          "Type": "AbilCmd",
          "AbilCmd": "move,Patrol",
          "Row": 0,
          "Column": 3
        },
        {
          "Face": "Attack",
          "Type": "AbilCmd",
          "AbilCmd": "attack,Execute",
          "Row": 0,
          "Column": 4
        },
        {
          "Face": "AcquireMove",
          "Type": "AbilCmd",
          "AbilCmd": "move,AcquireMove",
          "Row": 0,
          "Column": 4
        },
        {
          "Face": "Detector",
          "Type": "Passive",
          "AbilCmd": "",
          "Row": 2,
          "Column": 3
        },
        {
          "Face": "Detector",
          "Type": "Passive",
          "Row": 2,
          "Column": 3
        },
        {
          "Face": "RavenShredderMissile",
          "Type": "AbilCmd",
          "AbilCmd": "RavenShredderMissile,Execute",
          "Row": 2,
          "Column": 2
        },
        {
          "Face": "RavenScramblerMissile",
          "Type": "AbilCmd",
          "AbilCmd": "RavenScramblerMissile,Execute",
          "Row": 2,
          "Column": 1
        },
        {
          "Face": "AutoTurret",
          "Type": "AbilCmd",
          "AbilCmd": "BuildAutoTurret,Execute",
          "Row": 2,
          "Column": 0
        }
      ]
    }
  ],
  "Attributes": [
    "Light",
    "Mechanical"
  ],
  "GlossaryCategory": "Unit/Category/TerranUnits",
  "HotkeyCategory": "Unit/Category/TerranUnits",
  "GlossaryPriority": 190,
  "EnergyStart": 50,
  "EnergyMax": 200,
  "EnergyRegenRate": 0.5625,
  "KillDisplay": "Always",
  "RankDisplay": "Always",
  "GlossaryStrongArray": [
    "Banshee",
    "LurkerMP",
    "DarkTemplar"
  ],
  "GlossaryWeakArray": [
    "VikingFighter",
    "Mutalisk",
    "HighTemplar"
  ],
  "Icon": "btn-unit-terran-raven",
  "LifeArmorIcon": "btn-upgrade-terran-shipplatinglevel0",
  "ShieldArmorIcon": "btn-upgrade-protoss-shieldslevel0",
  "Id": "Raven",
  "Behaviors": [
    {
      "Link": "Detector11",
      "Id": "Detector11",
      "Tooltip": "This unit can detect cloaked or burrowed units within its sight range.",
      "Name": "Detector"
    }
  ],
  "Upgrades": [
    {
      "Link": "TerranShipArmors",
      "Id": "TerranShipArmors",
      "Name": "Terran Ship Armors"
    },
    {
      "Link": "RavenCorvidReactor",
      "Id": "RavenCorvidReactor",
      "Icon": "btn-upgrade-terran-corvidreactor",
      "Name": "Corvid Reactor"
    },
    {
      "Link": "DurableMaterials",
      "Id": "DurableMaterials",
      "Icon": "btn-upgrade-terran-durablematerials",
      "Name": "Durable Materials"
    },
    {
      "Link": "HunterSeeker",
      "Id": "HunterSeeker",
      "Icon": "btn-ability-terran-huntermissile-color",
      "Name": "Seeker Missile"
    },
    {
      "Link": "TerranShipArmorsLevel1",
      "Id": "TerranShipArmorsLevel1",
      "Icon": "btn-upgrade-terran-shipplatinglevel1",
      "Name": "Terran Ship Plating Level 1"
    },
    {
      "Link": "TerranShipArmorsLevel2",
      "Id": "TerranShipArmorsLevel2",
      "Icon": "btn-upgrade-terran-shipplatinglevel2",
      "Name": "Terran Ship Plating Level 2"
    },
    {
      "Link": "TerranShipArmorsLevel3",
      "Id": "TerranShipArmorsLevel3",
      "Icon": "btn-upgrade-terran-shipplatinglevel3",
      "Name": "Terran Ship Plating Level 3"
    },
    {
      "Link": "TerranVehicleAndShipArmors",
      "Id": "TerranVehicleAndShipArmors",
      "Name": "Terran Vehicle And Ship Plating"
    },
    {
      "Link": "TerranVehicleAndShipArmorsLevel1",
      "Id": "TerranVehicleAndShipArmorsLevel1",
      "Icon": "btn-upgrade-terran-vehicleplatinglevel1",
      "Name": "Terran Vehicle and Ship Plating Level 1"
    },
    {
      "Link": "TerranVehicleAndShipArmorsLevel2",
      "Id": "TerranVehicleAndShipArmorsLevel2",
      "Icon": "btn-upgrade-terran-vehicleplatinglevel2",
      "Name": "Terran Vehicle and Ship Plating Level 2"
    },
    {
      "Link": "TerranVehicleAndShipArmorsLevel3",
      "Id": "TerranVehicleAndShipArmorsLevel3",
      "Icon": "btn-upgrade-terran-vehicleplatinglevel3",
      "Name": "Terran Vehicle and Ship Plating Level 3"
    },
    {
      "Link": "RavenRecalibratedExplosives",
      "Id": "RavenRecalibratedExplosives",
      "Icon": "btn-upgrade-terran-recalibratedexplosives",
      "Name": "Recalibrated Explosives"
    },
    {
      "Link": "RavenDamageUpgrade",
      "Id": "RavenDamageUpgrade",
      "Icon": "btn-upgrade-terran-explosiveshrapnelshells",
      "Name": "Explosive Shrapnel Shells"
    },
    {
      "Link": "RavenEnhancedMunitions",
      "Id": "RavenEnhancedMunitions",
      "Icon": "btn-upgrade-terran-enhancedmunitions",
      "Name": "Enhanced Munitions"
    }
  ],
  "Abilities": [
    {
      "Link": "stop",
      "Id": "stop",
      "Name": "Stop"
    },
    {
      "Link": "move",
      "Id": "move",
      "Name": "Move"
    },
    {
      "Link": "RavenShredderMissile",
      "Id": "RavenShredderMissile",
      "Name": "Shredder Missile"
    },
    {
      "Link": "RavenScramblerMissile",
      "Id": "RavenScramblerMissile",
      "Name": "Scrambler Missile"
    },
    {
      "Link": "BuildAutoTurret",
      "Id": "BuildAutoTurret",
      "Name": "Place Auto Turret"
    }
  ],
  "Requirements": [],
  "Production": [],
  "Producers": [
    {
      "Id": "Starport",
      "Icon": "btn-building-terran-starport",
      "Description": "Air-unit production facility. <br/><br/><span style=\"color: #ffff8a\">Enables:</span><br/>- Vikings<br/>- Medivacs<br/>- Liberators",
      "Name": "Starport"
    }
  ],
  "Commands": [
    {
      "Id": "Move",
      "Icon": "btn-command-move",
      "Tooltip": "Orders selected units to move to the target area or follow the target unit. Moving units will not engage enemies.",
      "Name": "Move",
      "AbilCmd": "move,Move"
    },
    {
      "Id": "Stop",
      "Icon": "btn-command-stop",
      "Tooltip": "Orders selected units to cancel all orders and stop moving.",
      "Name": "Stop",
      "AbilCmd": "stop,Stop"
    },
    {
      "Id": "MoveHoldPosition",
      "Icon": "btn-command-holdposition",
      "Tooltip": "Orders selected units to stay where they are and attack enemies that are within range. Units will neither chase down enemies nor move to engage.",
      "Name": "Hold Position",
      "AbilCmd": "move,HoldPos"
    },
    {
      "Id": "MovePatrol",
      "Icon": "btn-command-patrol",
      "Tooltip": "Orders selected units to patrol between their current position and the target area. Units will attack enemies and move to engage nearby enemies.",
      "Name": "Patrol",
      "AbilCmd": "move,Patrol"
    },
    {
      "Id": "Attack",
      "Icon": "btn-command-attack",
      "Tooltip": "Orders selected units to move to the target point, fighting nearby enemies along the way. Targeting a unit with the Attack command orders that it be attacked until it is destroyed.",
      "Name": "Attack",
      "AbilCmd": "attack,Execute"
    },
    {
      "Id": "AcquireMove",
      "Icon": "btn-command-attack",
      "Tooltip": "Orders selected units to move to the target area or follow the target unit. Scan-moving units will not engage enemies.",
      "Name": "Scan Move",
      "AbilCmd": "move,AcquireMove"
    },
    {
      "Id": "RavenShredderMissile",
      "Icon": "btn-ability-terran-shreddermissile-color",
      "Tooltip": "Deploys a missile which pursues the target unit and, upon contact, reduces the armor and shield armor of affected units by <b>3</b> for <b>30</b> seconds.",
      "Name": "Anti-Armor Missile",
      "AbilCmd": "RavenShredderMissile,Execute"
    },
    {
      "Id": "RavenScramblerMissile",
      "Icon": "btn-upgrade-terran-interferencematrix",
      "Tooltip": "Disables a target unit rendering it unable to attack or use abilities for <b>15</b> seconds. Reveals Cloaked units.<br/><br/><c val=\"#ColorAttackInfo\">Can target mechanical and psionic units.</span>",
      "Name": "Interference Matrix",
      "AbilCmd": "RavenScramblerMissile,Execute"
    },
    {
      "Id": "AutoTurret",
      "Icon": "btn-building-terran-autoturret",
      "Tooltip": "Automated defensive turret. Times out after <b>14</b> seconds.<br/><br/><c val=\"#ColorAttackInfo\">Can attack ground and air units.</span>",
      "Name": "Build Auto-Turret",
      "AbilCmd": "BuildAutoTurret,Execute"
    }
  ]
}