{
  "Name": "Razorback",
  "Description": "Provides supply.<br/>Supply allows you to create more units.",
  "DeathRevealFilters": "Visible;Player,Ally,Neutral,Missile,Dead,Hidden",
  "DeathRevealRadius": 3,
  "DeathRevealDuration": 4,
  "DeathRevealType": "Snapshot",
  "Race": "Dragon",
  "DefaultAcquireLevel": "Offensive",
  "Response": "Acquire",
  "ResourceState": "Unknown",
  "ResourceType": "Unknown",
  "LifeStart": 300,
  "LifeMax": 300,
  "Mover": "Ground",
  "StationaryTurningRate": 720,
  "TurningRate": 360,
  "Radius": 1,
  "SeparationRadius": 1,
  "MinimapRadius": 1,
  "EditorCategories": {
    "ObjectType": "Structure",
    "ObjectFamily": "Melee"
  },
  "TacticalAIFilters": "-;Player,Ally,Neutral",
  "AIEvalFactor": 1,
  "Mass": 0.4,
  "FlagArray": [
    "Turnable",
    "Movable",
    "Unclickable",
    "Unhighlightable",
    "Untooltipable",
    "KillCredit",
    "ShowResources",
    "ClearRallyOnTargetLost",
    "PlayerRevivable",
    "CameraFollow",
    "PreventDestroy",
    "PreventDefeat",
    "PenaltyRevealed",
    "UseLineOfSight",
    "TownAlert",
    "ArmorDisabledWhileConstructing",
    "AIDefense"
  ],
  "EditorFlags": [
    "BlockStructures"
  ],
  "PushPriority": 10,
  "LeaderAlias": "Razorback",
  "HotkeyAlias": "Razorback",
  "SelectAlias": "Razorback",
  "SubgroupAlias": "Razorback",
  "OccludeHeight": 0.75,
  "TacticalAI": "Razorback",
  "AIEvaluateAlias": "Razorback",
  "ReviveType": "Razorback",
  "PawnItemReduction": 1,
  "Fidget": {
    "DelayMax": 30,
    "DelayMin": 10,
    "DistanceMax": 4,
    "DistanceMin": 1,
    "TurnAngle": 90,
    "TurningRate": 90,
    "ChanceArray": {
      "Idle": 100
    }
  },
  "ReviveInfoBase": {
    "Charge": {
      "Link": "Razorback/Revive",
      "Location": "Unit"
    },
    "Cooldown": {
      "Link": "Razorback/Revive",
      "Location": "Unit"
    }
  },
  "InnerRadiusSafetyMultiplier": 1,
  "ArmorType": "Unknown",
  "PlaneArray": [
    "Ground"
  ],
  "Attributes": [
    "Biological",
    "Armored",
    "Structure",
    "Massive"
  ],
  "DamageDealtXP": 1,
  "DamageTakenXP": 1,
  "ScoreResult": "BuildOrder",
  "Mob": "Multiplayer",
  "Collide": [
    "Burrow",
    "Ground",
    "Structure",
    "RoachBurrow",
    "Locust",
    "Phased"
  ],
  "LifeArmor": 1,
  "CostCategory": "Economy",
  "AttackTargetPriority": 20,
  "FogVisibility": "Hidden",
  "HotkeyCategory": "Unit/Category/DragonUnits",
  "CardLayouts": [
    {
      "LayoutButtons": [
        {
          "Face": "Move",
          "Type": "AbilCmd",
          "AbilCmd": "move,Move",
          "Row": 0,
          "Column": 0
        },
        {
          "Face": "CancelBuilding",
          "Type": "AbilCmd",
          "AbilCmd": "BuildInProgress,Cancel",
          "Row": 2,
          "Column": 4
        },
        {
          "Face": "CancelBuilding",
          "Type": "AbilCmd",
          "AbilCmd": "BuildInProgress,Cancel",
          "Row": 2,
          "Column": 4
        },
        {
          "Face": "Stop",
          "Type": "AbilCmd",
          "AbilCmd": "stop,Stop",
          "Row": 0,
          "Column": 1
        },
        {
          "Face": "MoveHoldPosition",
          "Type": "AbilCmd",
          "AbilCmd": "move,HoldPos",
          "Row": 0,
          "Column": 2
        },
        {
          "Face": "MovePatrol",
          "Type": "AbilCmd",
          "AbilCmd": "move,Patrol",
          "Row": 0,
          "Column": 3
        },
        {
          "Face": "Attack",
          "Type": "AbilCmd",
          "AbilCmd": "attack,Execute",
          "Row": 0,
          "Column": 4
        }
      ]
    }
  ],
  "Speed": 1,
  "Acceleration": 1000,
  "Sight": 9,
  "Food": 8,
  "CostResource": {
    "Minerals": 100
  },
  "KillXP": 20,
  "CargoSize": 8,
  "Footprint": "Footprint2x2Contour",
  "PlacementFootprint": "Footprint2x2",
  "ScoreMake": 100,
  "ScoreKill": 100,
  "SubgroupPriority": 1,
  "GlossaryStrongArray": [
    "Marine",
    "Zergling",
    "Zealot"
  ],
  "RankDisplay": "Always",
  "GlossaryPriority": 12,
  "GlossaryWeakArray": [
    "Marauder",
    "Baneling",
    "Stalker"
  ],
  "Icon": "btn-unit-zerg-quillgore",
  "LifeArmorIcon": "btn-upgrade-zerg-groundcarapace-level0",
  "ShieldArmorIcon": "btn-upgrade-protoss-shieldslevel0",
  "Id": "Razorback",
  "Behaviors": [
    {
      "Link": "DragonLineage",
      "Id": "DragonLineage",
      "Name": "Dragon Lineage"
    }
  ],
  "Upgrades": [
    {
      "Link": "DragonMeleeAttacks",
      "Id": "DragonMeleeAttacks",
      "Name": "Dragon Melee Attacks"
    },
    {
      "Link": "DragonPlateArmors",
      "Id": "DragonPlateArmors",
      "Name": "Dragon Plate Armors"
    },
    {
      "Link": "DragonMeleeAttacksLevel1",
      "Id": "DragonMeleeAttacksLevel1",
      "Icon": "btn-upgrade-zerg-meleeattacks-level1",
      "Name": "Dragon Melee Attacks Level 1"
    },
    {
      "Link": "DragonMeleeAttacksLevel2",
      "Id": "DragonMeleeAttacksLevel2",
      "Icon": "btn-upgrade-zerg-meleeattacks-level2",
      "Name": "Dragon Melee Attacks Level 2"
    },
    {
      "Link": "DragonMeleeAttacksLevel3",
      "Id": "DragonMeleeAttacksLevel3",
      "Icon": "btn-upgrade-zerg-meleeattacks-level3",
      "Name": "Dragon Melee Attacks Level 3"
    },
    {
      "Link": "DragonPlateArmorLevel1",
      "Id": "DragonPlateArmorLevel1",
      "Icon": "btn-upgrade-zerg-groundcarapace-level1",
      "Name": "Dragon Plate Armor Level 1"
    },
    {
      "Link": "DragonPlateArmorLevel2",
      "Id": "DragonPlateArmorLevel2",
      "Icon": "btn-upgrade-zerg-groundcarapace-level2",
      "Name": "Dragon Plate Armor Level 2"
    },
    {
      "Link": "DragonPlateArmorLevel3",
      "Id": "DragonPlateArmorLevel3",
      "Icon": "btn-upgrade-zerg-groundcarapace-level3",
      "Name": "Dragon Plate Armor Level 3"
    }
  ],
  "Abilities": [
    {
      "Link": "BuildInProgress",
      "Id": "BuildInProgress",
      "Name": "Build in Progress"
    },
    {
      "Link": "stop",
      "Id": "stop",
      "Name": "Stop"
    },
    {
      "Link": "attack",
      "Id": "attack",
      "Name": "Attack"
    },
    {
      "Link": "Razorback",
      "Id": "Razorback",
      "Name": "Razorback"
    }
  ],
  "Requirements": [],
  "Production": [],
  "Producers": [
    {
      "Id": "DenizenoftheDeep",
      "Icon": "btn-building-zerg-primalhive",
      "Description": "Primary structure. Used to receive gathered resources. Propogates economic Dragon structures.<br/><br/><span style=\"color: #ffff8a\">Enables:</span><br/>- Plodders<br/>- Razorbacks<br/>- Coagulaters",
      "Name": "Denizen of the Deep"
    },
    {
      "Id": "FrontierDeepOne",
      "Icon": "btn-unit-zerg-nyduscreeptower",
      "Description": "Propogates basic Dragon structures. Heals nearby biological units.<br/><br/><span style=\"color: #ffff8a\">Enables:</span><br/>- Razorbacks<br/>- Augmentation Pits<br/>- Sunken Guardians<br/>- Phlogiston Guardians",
      "Name": "Frontier Deep One"
    },
    {
      "Id": "DenizenoftheDeepNoFootprint",
      "Icon": "btn-building-zerg-primalhive",
      "Description": "Primary structure. Used to receive gathered resources. Propogates economic Dragon structures.<br/><br/><span style=\"color: #ffff8a\">Enables:</span><br/>- Plodders<br/>- Razorbacks<br/>- Coagulaters",
      "Name": "Denizen of the Deep"
    }
  ],
  "Commands": [
    {
      "Id": "Move",
      "Icon": "btn-command-move",
      "Tooltip": "Orders selected units to move to the target area or follow the target unit. Moving units will not engage enemies.",
      "Name": "Move",
      "AbilCmd": "move,Move"
    },
    {
      "Id": "CancelBuilding",
      "Icon": "btn-command-cancel",
      "Tooltip": "Cancels construction of this structure, destroying the structure and giving a partial refund.",
      "Name": "Cancel",
      "AbilCmd": "BuildInProgress,Cancel"
    },
    {
      "Id": "CancelBuilding",
      "Icon": "btn-command-cancel",
      "Tooltip": "Cancels construction of this structure, destroying the structure and giving a partial refund.",
      "Name": "Cancel",
      "AbilCmd": "BuildInProgress,Cancel"
    },
    {
      "Id": "Stop",
      "Icon": "btn-command-stop",
      "Tooltip": "Orders selected units to cancel all orders and stop moving.",
      "Name": "Stop",
      "AbilCmd": "stop,Stop"
    },
    {
      "Id": "MoveHoldPosition",
      "Icon": "btn-command-holdposition",
      "Tooltip": "Orders selected units to stay where they are and attack enemies that are within range. Units will neither chase down enemies nor move to engage.",
      "Name": "Hold Position",
      "AbilCmd": "move,HoldPos"
    },
    {
      "Id": "MovePatrol",
      "Icon": "btn-command-patrol",
      "Tooltip": "Orders selected units to patrol between their current position and the target area. Units will attack enemies and move to engage nearby enemies.",
      "Name": "Patrol",
      "AbilCmd": "move,Patrol"
    },
    {
      "Id": "Attack",
      "Icon": "btn-command-attack",
      "Tooltip": "Orders selected units to move to the target point, fighting nearby enemies along the way. Targeting a unit with the Attack command orders that it be attacked until it is destroyed.",
      "Name": "Attack",
      "AbilCmd": "attack,Execute"
    }
  ]
}