{
  "Name": "Reaper",
  "Description": "Raider. Can jump up and down cliffs. Regenerates life quickly while out of combat. Can use KD8 Charge.<br/><br/><c val=\"#ColorAttackInfo\">Can attack ground units.</span>",
  "DeathRevealFilters": "Visible;Player,Ally,Neutral,Missile,Dead,Hidden",
  "DeathRevealRadius": 3,
  "DeathRevealDuration": 4,
  "DeathRevealType": "Snapshot",
  "Race": "Terr",
  "DefaultAcquireLevel": "Offensive",
  "Response": "Acquire",
  "ResourceState": "Unknown",
  "ResourceType": "Unknown",
  "LifeStart": 60,
  "LifeMax": 60,
  "LifeArmorName": "Terran Infantry Armor",
  "Mover": "CliffJumper",
  "StationaryTurningRate": 999.8437,
  "TurningRate": 999.8437,
  "Radius": 0.375,
  "SeparationRadius": 0.375,
  "MinimapRadius": 0.375,
  "EditorCategories": {
    "ObjectType": "Unit",
    "ObjectFamily": "Melee"
  },
  "TacticalAIFilters": "-;Player,Ally,Neutral",
  "AIEvalFactor": 1.5,
  "Mass": 0.4,
  "FlagArray": [
    "Turnable",
    "Movable",
    "Unclickable",
    "Unhighlightable",
    "Untooltipable",
    "KillCredit",
    "ShowResources",
    "ClearRallyOnTargetLost",
    "PlayerRevivable",
    "CameraFollow",
    "PreventDestroy",
    "UseLineOfSight",
    "AIPressForwardDisabled",
    "ArmySelect"
  ],
  "EditorFlags": [
    "BlockStructures"
  ],
  "PushPriority": 10,
  "LeaderAlias": "Reaper",
  "HotkeyAlias": "Reaper",
  "SelectAlias": "Reaper",
  "SubgroupAlias": "Reaper",
  "OccludeHeight": 0.75,
  "TacticalAI": "Reaper",
  "AIEvaluateAlias": "Reaper",
  "ReviveType": "Reaper",
  "PawnItemReduction": 1,
  "Fidget": {
    "DelayMax": 30,
    "DelayMin": 10,
    "DistanceMax": 4,
    "DistanceMin": 1,
    "TurnAngle": 90,
    "TurningRate": 90,
    "ChanceArray": {
      "Idle": 33,
      "Anim": 33,
      "Turn": 33
    }
  },
  "ReviveInfoBase": {
    "Charge": {
      "Link": "Reaper/Revive",
      "Location": "Unit"
    },
    "Cooldown": {
      "Link": "Reaper/Revive",
      "Location": "Unit"
    }
  },
  "InnerRadiusSafetyMultiplier": 1,
  "ArmorType": "Unknown",
  "Mob": "Multiplayer",
  "Speed": 3.75,
  "Acceleration": 1000,
  "LateralAcceleration": 46.0625,
  "Height": 0.5,
  "Food": -1,
  "CostCategory": "Army",
  "CostResource": {
    "Minerals": 50,
    "Vespene": 50
  },
  "RepairTime": 20,
  "AttackTargetPriority": 20,
  "DamageDealtXP": 1,
  "DamageTakenXP": 1,
  "KillXP": 20,
  "InnerRadius": 0.375,
  "CargoSize": 1,
  "ScoreMake": 100,
  "ScoreKill": 100,
  "ScoreResult": "BuildOrder",
  "SubgroupPriority": 70,
  "PlaneArray": [
    "Ground"
  ],
  "Collide": [
    "Ground",
    "ForceField",
    "Small",
    "Locust"
  ],
  "Sight": 9,
  "CardLayouts": [
    {
      "LayoutButtons": [
        {
          "Face": "Move",
          "Type": "AbilCmd",
          "AbilCmd": "move,Move",
          "Row": 0,
          "Column": 0
        },
        {
          "Face": "Stop",
          "Type": "AbilCmd",
          "AbilCmd": "stop,Stop",
          "Row": 0,
          "Column": 1
        },
        {
          "Face": "MoveHoldPosition",
          "Type": "AbilCmd",
          "AbilCmd": "move,HoldPos",
          "Row": 0,
          "Column": 2
        },
        {
          "Face": "Attack",
          "Type": "AbilCmd",
          "AbilCmd": "attack,Execute",
          "Row": 0,
          "Column": 4
        },
        {
          "Face": "MovePatrol",
          "Type": "AbilCmd",
          "AbilCmd": "move,Patrol",
          "Row": 0,
          "Column": 3
        },
        {
          "Face": "JetPack",
          "Type": "Passive",
          "AbilCmd": "255,255",
          "Row": 2,
          "Column": 1
        },
        {
          "Face": "CombatDrugs",
          "Type": "Passive",
          "Row": 2,
          "Column": 2
        },
        {
          "Face": "KD8Charge",
          "Type": "AbilCmd",
          "AbilCmd": "KD8Charge,Execute",
          "Row": 2,
          "Column": 0
        }
      ]
    }
  ],
  "Attributes": [
    "Light",
    "Biological"
  ],
  "GlossaryCategory": "Unit/Category/TerranUnits",
  "HotkeyCategory": "Unit/Category/TerranUnits",
  "GlossaryPriority": 50,
  "GlossaryStrongArray": [
    "SCV",
    "Drone",
    "Probe"
  ],
  "GlossaryWeakArray": [
    "Marauder",
    "Roach",
    "Stalker"
  ],
  "LifeRegenDelay": 10,
  "LifeRegenRate": 2,
  "TacticalAIThink": "AIThinkReaper",
  "Icon": "btn-unit-terran-reaper",
  "LifeArmorIcon": "btn-upgrade-terran-infantryarmorlevel0",
  "ShieldArmorIcon": "btn-upgrade-protoss-shieldslevel0",
  "Id": "Reaper",
  "Weapons": [
    {
      "Link": "P38ScytheGuassPistol",
      "Id": "P38ScytheGuassPistol",
      "Icon": "btn-upgrade-terran-infantryweaponslevel0",
      "Name": "P-45 Gauss Pistol",
      "Amount": 4,
      "AttributeBonus": {
        "Light": 0
      },
      "Kind": "Ranged",
      "DisplayAttackCount": 2,
      "TargetFilters": "Ground",
      "Range": 5,
      "Period": 1.1
    }
  ],
  "Behaviors": [
    {
      "Link": "ReaperJump",
      "Id": "ReaperJump"
    }
  ],
  "Upgrades": [
    {
      "Link": "TerranInfantryWeapons",
      "Id": "TerranInfantryWeapons",
      "Name": "Terran Infantry Weapons"
    },
    {
      "Link": "TerranInfantryArmors",
      "Id": "TerranInfantryArmors",
      "Name": "Terran Infantry Armors"
    },
    {
      "Link": "TerranInfantryWeaponsLevel1",
      "Id": "TerranInfantryWeaponsLevel1",
      "Icon": "btn-upgrade-terran-infantryweaponslevel1",
      "Name": "Terran Infantry Weapons Level 1"
    },
    {
      "Link": "TerranInfantryWeaponsLevel2",
      "Id": "TerranInfantryWeaponsLevel2",
      "Icon": "btn-upgrade-terran-infantryweaponslevel2",
      "Name": "Terran Infantry Weapons Level 2"
    },
    {
      "Link": "TerranInfantryWeaponsLevel3",
      "Id": "TerranInfantryWeaponsLevel3",
      "Icon": "btn-upgrade-terran-infantryweaponslevel3",
      "Name": "Terran Infantry Weapons Level 3"
    },
    {
      "Link": "TerranInfantryArmorsLevel1",
      "Id": "TerranInfantryArmorsLevel1",
      "Icon": "btn-upgrade-terran-infantryarmorlevel1",
      "Name": "Terran Infantry Armor Level 1"
    },
    {
      "Link": "TerranInfantryArmorsLevel2",
      "Id": "TerranInfantryArmorsLevel2",
      "Icon": "btn-upgrade-terran-infantryarmorlevel2",
      "Name": "Terran Infantry Armor Level 2"
    },
    {
      "Link": "TerranInfantryArmorsLevel3",
      "Id": "TerranInfantryArmorsLevel3",
      "Icon": "btn-upgrade-terran-infantryarmorlevel3",
      "Name": "Terran Infantry Armor Level 3"
    },
    {
      "Link": "ReaperJump",
      "Id": "ReaperJump",
      "Icon": "btn-ability-terran-jetpack-color",
      "Name": "Reaper Jump"
    },
    {
      "Link": "CombatDrugs",
      "Id": "CombatDrugs",
      "Icon": "btn-upgrade-terran-reapercombatdrugs",
      "Name": "Combat Drugs"
    }
  ],
  "Abilities": [
    {
      "Link": "stop",
      "Id": "stop",
      "Name": "Stop"
    },
    {
      "Link": "attack",
      "Id": "attack",
      "Name": "Attack"
    },
    {
      "Link": "move",
      "Id": "move",
      "Name": "Move"
    },
    {
      "Link": "KD8Charge",
      "Id": "KD8Charge",
      "Name": "KD8 Charge"
    }
  ],
  "Requirements": [],
  "Production": [],
  "Producers": [
    {
      "Id": "Barracks",
      "Icon": "btn-building-terran-barracks",
      "Description": "Infantry-production facility.<br/><br/><span style=\"color: #ffff8a\">Enables:</span><br/>- Marines<br/>- Reapers<br/>- Bunkers from SCVs<br/>- Orbital Commands from Command Centers",
      "Name": "Barracks"
    }
  ],
  "Commands": [
    {
      "Id": "Move",
      "Icon": "btn-command-move",
      "Tooltip": "Orders selected units to move to the target area or follow the target unit. Moving units will not engage enemies.",
      "Name": "Move",
      "AbilCmd": "move,Move"
    },
    {
      "Id": "Stop",
      "Icon": "btn-command-stop",
      "Tooltip": "Orders selected units to cancel all orders and stop moving.",
      "Name": "Stop",
      "AbilCmd": "stop,Stop"
    },
    {
      "Id": "MoveHoldPosition",
      "Icon": "btn-command-holdposition",
      "Tooltip": "Orders selected units to stay where they are and attack enemies that are within range. Units will neither chase down enemies nor move to engage.",
      "Name": "Hold Position",
      "AbilCmd": "move,HoldPos"
    },
    {
      "Id": "Attack",
      "Icon": "btn-command-attack",
      "Tooltip": "Orders selected units to move to the target point, fighting nearby enemies along the way. Targeting a unit with the Attack command orders that it be attacked until it is destroyed.",
      "Name": "Attack",
      "AbilCmd": "attack,Execute"
    },
    {
      "Id": "MovePatrol",
      "Icon": "btn-command-patrol",
      "Tooltip": "Orders selected units to patrol between their current position and the target area. Units will attack enemies and move to engage nearby enemies.",
      "Name": "Patrol",
      "AbilCmd": "move,Patrol"
    },
    {
      "Id": "JetPack",
      "Icon": "btn-ability-terran-jetpack-color",
      "Tooltip": "Reapers can jump up and down cliffs.  ",
      "Name": "Jet Pack",
      "AbilCmd": "255,255"
    },
    {
      "Id": "KD8Charge",
      "Icon": "btn-upgrade-terran-kd8chargeex3",
      "Tooltip": "Explodes after a short delay, dealing <b>5</b> damage and knocking back nearby units.",
      "Name": "KD8 Charge",
      "AbilCmd": "KD8Charge,Execute"
    }
  ]
}