{
  "Name": "Refinery",
  "Description": "Built over a Vespene Geyser to allow harvesting of vespene gas.",
  "DeathRevealFilters": "Visible;Player,Ally,Neutral,Missile,Dead,Hidden",
  "DeathRevealRadius": 3,
  "DeathRevealDuration": 4,
  "DeathRevealType": "Snapshot",
  "Race": "Terr",
  "DefaultAcquireLevel": "Offensive",
  "Response": "Acquire",
  "ResourceState": "Harvestable",
  "ResourceType": "Vespene",
  "LifeStart": 500,
  "LifeMax": 500,
  "LifeArmorName": "Terran Building Plating",
  "Mover": "Ground",
  "StationaryTurningRate": 719.4726,
  "TurningRate": 719.4726,
  "Radius": 1.5,
  "SeparationRadius": 1.5,
  "MinimapRadius": 1.5,
  "EditorCategories": {
    "ObjectType": "Structure",
    "ObjectFamily": "Melee"
  },
  "TacticalAIFilters": "-;Player,Ally,Neutral",
  "AIEvalFactor": 1,
  "Mass": 0.4,
  "FlagArray": [
    "Movable",
    "Unclickable",
    "Unhighlightable",
    "Untooltipable",
    "KillCredit",
    "ShowResources",
    "ClearRallyOnTargetLost",
    "PlayerRevivable",
    "CameraFollow",
    "PreventDefeat",
    "PreventDestroy",
    "PenaltyRevealed",
    "UseLineOfSight",
    "TownAlert",
    "NoPortraitTalk",
    "ArmorDisabledWhileConstructing"
  ],
  "EditorFlags": [
    "BlockStructures"
  ],
  "PushPriority": 10,
  "LeaderAlias": "Refinery",
  "HotkeyAlias": "Refinery",
  "SelectAlias": "Refinery",
  "SubgroupAlias": "Refinery",
  "OccludeHeight": 0.75,
  "TacticalAI": "Refinery",
  "AIEvaluateAlias": "Refinery",
  "ReviveType": "Refinery",
  "PawnItemReduction": 1,
  "Fidget": {
    "DelayMax": 30,
    "DelayMin": 10,
    "DistanceMax": 4,
    "DistanceMin": 1,
    "TurnAngle": 90,
    "TurningRate": 90,
    "ChanceArray": {
      "Idle": 100
    }
  },
  "ReviveInfoBase": {
    "Charge": {
      "Link": "Refinery/Revive",
      "Location": "Unit"
    },
    "Cooldown": {
      "Link": "Refinery/Revive",
      "Location": "Unit"
    }
  },
  "InnerRadiusSafetyMultiplier": 1,
  "ArmorType": "Unknown",
  "Facing": 315,
  "Mob": "Multiplayer",
  "FogVisibility": "Snapshot",
  "LifeArmor": 1,
  "CostCategory": "Economy",
  "CostResource": {
    "Minerals": 75
  },
  "RepairTime": 30,
  "AttackTargetPriority": 11,
  "Footprint": "FootprintGeyserRoundedBuilt",
  "PlacementFootprint": "Footprint3x3CappedGeyser",
  "ScoreMake": 75,
  "ScoreKill": 75,
  "ScoreResult": "BuildOrder",
  "SubgroupPriority": 1,
  "Attributes": [
    "Armored",
    "Mechanical",
    "Structure"
  ],
  "PlaneArray": [
    "Ground"
  ],
  "Collide": [
    "Burrow",
    "Ground",
    "Structure",
    "RoachBurrow",
    "ForceField",
    "Small",
    "Locust",
    "Phased"
  ],
  "Sight": 9,
  "CardLayouts": [
    {
      "LayoutButtons": [
        {
          "Face": "Halt",
          "Type": "AbilCmd",
          "AbilCmd": "BuildInProgress,Halt",
          "Row": 2,
          "Column": 3
        },
        {
          "Face": "CancelBuilding",
          "Type": "AbilCmd",
          "AbilCmd": "BuildInProgress,Cancel",
          "Row": 2,
          "Column": 4
        },
        {
          "Face": "SelectBuilder",
          "Type": "SelectBuilder",
          "Row": 1,
          "Column": 3
        }
      ]
    }
  ],
  "BuiltOn": [
    "VespeneGeyser",
    "SpacePlatformGeyser",
    "RichVespeneGeyser",
    "ProtossVespeneGeyser",
    "PurifierVespeneGeyser",
    "ShakurasVespeneGeyser"
  ],
  "GlossaryPriority": 244,
  "HotkeyCategory": "Unit/Category/TerranUnits",
  "EffectArray": {
    "Create": "RefineryRichSearch"
  },
  "BuildOnAs": [
    "RefineryRich"
  ],
  "Icon": "btn-building-terran-refinery",
  "LifeArmorIcon": "btn-upgrade-terran-buildingarmor",
  "ShieldArmorIcon": "btn-upgrade-protoss-shieldslevel0",
  "Id": "Refinery",
  "Behaviors": [
    {
      "Link": "HarvestableVespeneGeyserGas",
      "Id": "HarvestableVespeneGeyserGas"
    },
    {
      "Link": "TerranBuildingBurnDown",
      "Id": "TerranBuildingBurnDown"
    }
  ],
  "Upgrades": [
    {
      "Link": "TerranBuildingArmor",
      "Id": "TerranBuildingArmor",
      "Icon": "btn-upgrade-terran-buildingarmor",
      "Name": "Neosteel Armor"
    }
  ],
  "Abilities": [
    {
      "Link": "BuildInProgress",
      "Id": "BuildInProgress",
      "Name": "Build in Progress"
    }
  ],
  "Requirements": [],
  "Production": [],
  "Producers": [
    {
      "Id": "SCV",
      "Icon": "btn-unit-terran-scv",
      "Description": "Basic worker unit. Can gather resources, build Terran structures, and repair.<br/><br/><c val=\"#ColorAttackInfo\">Can attack ground units.</span>",
      "Name": "SCV"
    }
  ],
  "Commands": [
    {
      "Id": "Halt",
      "Icon": "btn-command-stop",
      "Tooltip": "Halts construction of this structure. The partial construction will remain.",
      "Name": "Halt",
      "AbilCmd": "BuildInProgress,Halt"
    },
    {
      "Id": "CancelBuilding",
      "Icon": "btn-command-cancel",
      "Tooltip": "Cancels construction of this structure, destroying the structure and giving a partial refund.",
      "Name": "Cancel",
      "AbilCmd": "BuildInProgress,Cancel"
    }
  ]
}