<?xml version="1.0" encoding="utf-8"?>
<Catalog>
    <CAchievement id="PH101Dominations">
        <Category value="Achievement/Category/MissionPacks/NovaCovertOps"/>
    </CAchievement>
    <CAchievement id="PHBattlecruiserOnline">
        <Category value="Achievement/Category/MissionPacks/NovaCovertOps"/>
    </CAchievement>
    <CAchievement id="PHDefenseoftheDefenders">
        <Category value="Achievement/Category/MissionPacks/NovaCovertOps"/>
    </CAchievement>
    <CAchievement id="PHFightFireWithFire">
        <Category value="Achievement/Category/MissionPacks/NovaCovertOps"/>
    </CAchievement>
    <CAchievement id="PHFixmeupwillya">
        <Category value="Achievement/Category/MissionPacks/NovaCovertOps"/>
        <Description value="Achievements/Description/PHFixmeupwillya"/>
    </CAchievement>
    <CAchievement id="PHFleetFooted">
        <Category value="Achievement/Category/MissionPacks/NovaCovertOps"/>
    </CAchievement>
    <CAchievement id="PHNova07">
        <Category value="Achievement/Category/MissionPacks/NovaCovertOps"/>
    </CAchievement>
    <CAchievement id="PHNova08">
        <Category value="Achievement/Category/MissionPacks/NovaCovertOps"/>
    </CAchievement>
    <CAchievement id="PHNova09">
        <Category value="Achievement/Category/MissionPacks/NovaCovertOps"/>
    </CAchievement>
    <CAchievement id="PHOneWomanArmy">
        <Category value="Achievement/Category/MissionPacks/NovaCovertOps"/>
    </CAchievement>
</Catalog>
