<?xml version="1.0" encoding="us-ascii"?>
<Catalog>
    <CArmyCategory id="Banshee">
        <Title value="ArmyCategory/Title/Banshee"/>
        <BankPath File="NArmy" Section="NStory|ArmyCategory"/>
        <AbilCommandArray value="StarportTrain,Train2"/>
        <UserReference value="TechUnit;Banshee"/>
        <ArmyUnitArray value="Banshee"/>
        <Unit value="Banshee"/>
    </CArmyCategory>
    <CArmyCategory id="Battlecruiser">
        <Title value="ArmyCategory/Title/Battlecruiser"/>
        <BankPath File="NArmy" Section="NStory|ArmyCategory"/>
        <AbilCommandArray value="StarportTrain,Train4"/>
        <UserReference value="TechUnit;Battlecruiser"/>
        <Unit value="Battlecruiser"/>
        <ArmyUnitArray value="Battlecruiser"/>
    </CArmyCategory>
    <CArmyCategory id="Bunker">
        <Title value="ArmyCategory/Title/Bunker"/>
        <BankPath File="NArmy" Section="NStory|ArmyCategory"/>
        <Flags index="Hidden" value="1"/>
        <AbilCommandArray value="TerranBuild,Build7"/>
        <UserReference value="TechUnit;Bunker"/>
        <Unit value="Bunker"/>
    </CArmyCategory>
    <CArmyCategory id="CommandCenter">
        <Title value="ArmyCategory/Title/CommandCenter"/>
        <BankPath File="NArmy" Section="NStory|ArmyCategory"/>
        <Flags index="Hidden" value="1"/>
        <AbilCommandArray value="TerranBuild,Build1"/>
        <AbilCommandArray value="TerranBuild,Build2"/>
        <AbilCommandArray value="TerranBuild,Build3"/>
        <AbilCommandArray value="UpgradeToPlanetaryFortress,Execute"/>
        <UserReference value="TechUnit;CommandCenter"/>
    </CArmyCategory>
    <CArmyCategory id="Goliath">
        <BankPath File="NArmy" Section="NStory|ArmyCategory"/>
        <Unit value="Goliath"/>
        <AbilCommandArray value="FactoryTrain,Train3"/>
        <ArmyUnitArray value="Goliath"/>
        <UserReference value="TechUnit;Goliath"/>
    </CArmyCategory>
    <CArmyCategory id="Hellbat">
        <Title value="ArmyCategory/Title/Hellbat"/>
        <BankPath File="NArmy" Section="NStory|ArmyCategory"/>
        <AbilCommandArray value="FactoryTrain,Train7"/>
        <UserReference value="TechUnit;Hellbat"/>
        <ArmyUnitArray value="Hellbat"/>
        <Unit value="HellionTank"/>
    </CArmyCategory>
    <CArmyCategory id="Marauder">
        <Title value="ArmyCategory/Title/Marauder"/>
        <BankPath File="NArmy" Section="NStory|ArmyCategory"/>
        <AbilCommandArray value="BarracksTrain,Train4"/>
        <UserReference value="TechUnit;Marauder"/>
        <ArmyUnitArray value="Marauder"/>
        <Unit value="Marauder"/>
    </CArmyCategory>
    <CArmyCategory id="Hellion">
        <Title value="ArmyCategory/Title/Hellion"/>
        <BankPath File="NArmy" Section="NStory|ArmyCategory"/>
        <Flags index="Hidden" value="1"/>
        <AbilCommandArray value="FactoryTrain,Train6"/>
        <UserReference value="TechUnit;Hellion"/>
        <Unit value="Hellion"/>
    </CArmyCategory>
    <CArmyCategory id="Liberator">
        <Title value="ArmyCategory/Title/Liberator"/>
        <BankPath File="NArmy" Section="NStory|ArmyCategory"/>
        <AbilCommandArray value="StarportTrain,Train7"/>
        <UserReference value="TechUnit;Liberator"/>
        <ArmyUnitArray value="Liberator"/>
    </CArmyCategory>
    <CArmyCategory id="Marine">
        <Title value="ArmyCategory/Title/Marine"/>
        <BankPath File="NArmy" Section="NStory|ArmyCategory"/>
        <AbilCommandArray value="BarracksTrain,Train1"/>
        <UserReference value="TechUnit;Marine"/>
        <ArmyUnitArray value="Marine"/>
        <Unit value="Marine"/>
    </CArmyCategory>
    <CArmyCategory id="MissileTurret">
        <Title value="ArmyCategory/Title/MissileTurret"/>
        <BankPath File="NArmy" Section="NStory|ArmyCategory"/>
        <Flags index="Hidden" value="1"/>
        <AbilCommandArray value="TerranBuild,Build6"/>
        <UserReference value="TechUnit;MissileTurret"/>
        <Unit value="MissileTurret"/>
    </CArmyCategory>
    <CArmyCategory id="Raven">
        <BankPath File="NArmy" Section="NStory|ArmyCategory"/>
        <Unit value="Raven"/>
        <AbilCommandArray value="StarportTrain,Train3"/>
        <ArmyUnitArray value="Raven"/>
        <UserReference value="TechUnit;Raven"/>
    </CArmyCategory>
    <CArmyCategory id="Reaper">
        <Title value="ArmyCategory/Title/Reaper"/>
        <BankPath File="NArmy" Section="NStory|ArmyCategory"/>
        <AbilCommandArray value="BarracksTrain,Train2"/>
        <UserReference value="TechUnit;Reaper"/>
        <ArmyUnitArray value="Reaper"/>
        <Unit value="Reaper"/>
    </CArmyCategory>
    <CArmyCategory id="SCV">
        <Title value="ArmyCategory/Title/SCV"/>
        <BankPath File="NArmy" Section="NStory|ArmyCategory"/>
        <Flags index="Hidden" value="1"/>
        <AbilCommandArray value="CommandCenterTrain,Train1"/>
        <UserReference value="TechUnit;SCV"/>
    </CArmyCategory>
    <CArmyCategory id="SiegeTank">
        <Title value="ArmyCategory/Title/SiegeTank"/>
        <BankPath File="NArmy" Section="NStory|ArmyCategory"/>
        <AbilCommandArray value="FactoryTrain,Train2"/>
        <UserReference value="TechUnit;Siege Tank"/>
        <ArmyUnitArray value="SiegeTank"/>
        <Unit value="SiegeTank"/>
    </CArmyCategory>
</Catalog>
