<?xml version="1.0" encoding="us-ascii"?>
<Catalog>
    <CArmyUnit id="Banshee">
        <Icon value="Assets\Textures\btn-unit-terran-banshee.dds"/>
        <UserReference value="TechUnit;Banshee"/>
        <BankPath File="NArmy" Section="NStory|ArmyUnit"/>
        <UpgradeArray value="BansheeCloak"/>
        <Unit value="Banshee"/>
    </CArmyUnit>
    <CArmyUnit id="Battlecruiser">
        <Icon value="Assets\Textures\btn-unit-terran-battlecruiser.dds"/>
        <BankPath File="NArmy" Section="NStory|ArmyUnit"/>
        <Unit value="Battlecruiser"/>
        <UpgradeArray value="BattlecruiserEnableSpecializations"/>
        <UserReference value="TechUnit;Battlecruiser"/>
    </CArmyUnit>
    <CArmyUnit id="Goliath">
        <Icon value="Assets\Textures\btn-unit-terran-goliath.dds"/>
        <BankPath File="NArmy" Section="NStory|ArmyUnit"/>
        <Unit value="Goliath"/>
        <UpgradeArray value="MultilockTargetingSystems"/>
        <UserReference value="TechUnit;Goliath"/>
    </CArmyUnit>
    <CArmyUnit id="Hellbat">
        <Icon value="Assets\Textures\btn-unit-terran-hellionbattlemode.dds"/>
        <UserReference value="TechUnit;Hellbat"/>
        <BankPath File="NArmy" Section="NStory|ArmyUnit"/>
        <Unit value="HellionTank"/>
    </CArmyUnit>
    <CArmyUnit id="Liberator">
        <Icon value="Assets\Textures\btn-unit-terran-liberator.dds"/>
        <UserReference value="TechUnit;Liberator"/>
        <BankPath File="NArmy" Section="NStory|ArmyUnit"/>
        <UpgradeArray value="LiberatorMorph"/>
    </CArmyUnit>
    <CArmyUnit id="Marauder">
        <Icon value="Assets\Textures\btn-unit-terran-marauder.dds"/>
        <UserReference value="TechUnit;Marauder"/>
        <BankPath File="NArmy" Section="NStory|ArmyUnit"/>
        <UpgradeArray value="PunisherGrenades"/>
        <Unit value="Marauder"/>
    </CArmyUnit>
    <CArmyUnit id="Marine">
        <Icon value="Assets\Textures\btn-unit-terran-marine.dds"/>
        <UserReference value="TechUnit;Marine"/>
        <BankPath File="NArmy" Section="NStory|ArmyUnit"/>
        <UpgradeArray value="ShieldWallBlackOps"/>
        <Movie value="Assets\Textures\terranarmory_marine_upgrade1.ogv"/>
        <Unit value="Marine"/>
    </CArmyUnit>
    <CArmyUnit id="Raven">
        <Icon value="Assets\Textures\btn-unit-terran-raven.dds"/>
        <BankPath File="NArmy" Section="NStory|ArmyUnit"/>
        <Unit value="Raven"/>
        <UserReference value="TechUnit;Raven"/>
    </CArmyUnit>
    <CArmyUnit id="Reaper">
        <Icon value="Assets\Textures\btn-unit-terran-reaper.dds"/>
        <UserReference value="TechUnit;Reaper"/>
        <BankPath File="NArmy" Section="NStory|ArmyUnit"/>
        <Unit value="Reaper"/>
    </CArmyUnit>
    <CArmyUnit id="SiegeTank">
        <Icon value="Assets\Textures\btn-unit-terran-siegetank.dds"/>
        <BankPath File="NArmy" Section="NStory|ArmyUnit"/>
        <UpgradeArray value="SiegeTankShapedBlast"/>
        <UserReference value="TechUnit;Siege Tank"/>
        <Unit value="SiegeTank"/>
    </CArmyUnit>
</Catalog>
