<?xml version="1.0" encoding="us-ascii"?>
<Catalog>
    <CBankConditionCompareValueInteger id="Nova09Complete">
        <Bank value="NCampaign"/>
        <Section value="Campaign|MissionCompletedAge"/>
        <Key value="Nova09"/>
        <Compare value="GT"/>
    </CBankConditionCompareValueInteger>
    <CBankConditionCompareValueInteger id="Nova08Complete">
        <Bank value="NCampaign"/>
        <Section value="Campaign|MissionCompletedAge"/>
        <Key value="Nova08"/>
        <Compare value="GT"/>
    </CBankConditionCompareValueInteger>
    <CBankConditionCompareValueInteger id="Nova07Complete">
        <Bank value="NCampaign"/>
        <Section value="Campaign|MissionCompletedAge"/>
        <Key value="Nova07"/>
        <Compare value="GT"/>
    </CBankConditionCompareValueInteger>
    <CBankConditionCompareValueInteger id="Nova06Complete">
        <Bank value="NCampaign"/>
        <Section value="Campaign|MissionCompletedAge"/>
        <Key value="Nova06"/>
        <Compare value="GT"/>
    </CBankConditionCompareValueInteger>
    <CBankConditionCompareValueInteger id="Nova05Complete">
        <Bank value="NCampaign"/>
        <Section value="Campaign|MissionCompletedAge"/>
        <Key value="Nova05"/>
        <Compare value="GT"/>
    </CBankConditionCompareValueInteger>
    <CBankConditionCompareValueInteger id="Nova04Complete">
        <Bank value="NCampaign"/>
        <Section value="Campaign|MissionCompletedAge"/>
        <Key value="Nova04"/>
        <Compare value="GT"/>
    </CBankConditionCompareValueInteger>
    <CBankConditionCompareValueInteger id="Nova03Complete">
        <Bank value="NCampaign"/>
        <Section value="Campaign|MissionCompletedAge"/>
        <Key value="Nova03"/>
        <Compare value="GT"/>
    </CBankConditionCompareValueInteger>
    <CBankConditionCompareValueInteger id="Nova02Complete">
        <Bank value="NCampaign"/>
        <Section value="Campaign|MissionCompletedAge"/>
        <Key value="Nova02"/>
        <Compare value="GT"/>
    </CBankConditionCompareValueInteger>
    <CBankConditionCompareValueInteger id="Nova01NotComplete">
        <Bank value="NCampaign"/>
        <Section value="Campaign|MissionCompletedAge"/>
        <Key value="Nova01"/>
    </CBankConditionCompareValueInteger>
    <CBankConditionCompareValueInteger id="Nova01Complete">
        <Bank value="NCampaign"/>
        <Section value="Campaign|MissionCompletedAge"/>
        <Key value="Nova01"/>
        <Compare value="GT"/>
    </CBankConditionCompareValueInteger>
    <CBankConditionCurrentMap id="InNova01">
        <Map value="Nova01"/>
    </CBankConditionCurrentMap>
    <CBankConditionCurrentMap id="InNova02">
        <Map value="Nova02"/>
    </CBankConditionCurrentMap>
    <CBankConditionCurrentMap id="InNova03">
        <Map value="Nova03"/>
    </CBankConditionCurrentMap>
    <CBankConditionCurrentMap id="InNova04">
        <Map value="Nova04"/>
    </CBankConditionCurrentMap>
    <CBankConditionCurrentMap id="InNova05">
        <Map value="Nova05"/>
    </CBankConditionCurrentMap>
    <CBankConditionCurrentMap id="InNova06">
        <Map value="Nova06"/>
    </CBankConditionCurrentMap>
    <CBankConditionCurrentMap id="InNova07">
        <Map value="Nova07"/>
    </CBankConditionCurrentMap>
    <CBankConditionCurrentMap id="InNova08">
        <Map value="Nova08"/>
    </CBankConditionCurrentMap>
    <CBankConditionCurrentMap id="InNova09">
        <Map value="Nova09"/>
    </CBankConditionCurrentMap>
    <CBankConditionCombine id="Nova01InOrComplete">
        <Type value="Or"/>
        <CombineArray value="Nova01Complete"/>
        <CombineArray value="InNova01"/>
    </CBankConditionCombine>
    <CBankConditionCombine id="Nova02InOrComplete">
        <Type value="Or"/>
        <CombineArray value="Nova02Complete"/>
        <CombineArray value="InNova02"/>
    </CBankConditionCombine>
    <CBankConditionCombine id="Nova03InOrComplete">
        <Type value="Or"/>
        <CombineArray value="Nova03Complete"/>
        <CombineArray value="InNova03"/>
    </CBankConditionCombine>
    <CBankConditionCombine id="Nova04InOrComplete">
        <Type value="Or"/>
        <CombineArray value="Nova04Complete"/>
        <CombineArray value="InNova04"/>
    </CBankConditionCombine>
    <CBankConditionCombine id="Nova05InOrComplete">
        <Type value="Or"/>
        <CombineArray value="Nova05Complete"/>
        <CombineArray value="InNova05"/>
    </CBankConditionCombine>
    <CBankConditionCombine id="Nova06InOrComplete">
        <Type value="Or"/>
        <CombineArray value="Nova06Complete"/>
        <CombineArray value="InNova06"/>
    </CBankConditionCombine>
    <CBankConditionCombine id="Nova07InOrComplete">
        <Type value="Or"/>
        <CombineArray value="Nova07Complete"/>
        <CombineArray value="InNova07"/>
    </CBankConditionCombine>
    <CBankConditionCombine id="Nova08InOrComplete">
        <Type value="Or"/>
        <CombineArray value="Nova08Complete"/>
        <CombineArray value="InNova08"/>
    </CBankConditionCombine>
    <CBankConditionCombine id="Nova09InOrComplete">
        <Type value="Or"/>
        <CombineArray value="Nova09Complete"/>
        <CombineArray value="InNova09"/>
    </CBankConditionCombine>
</Catalog>
