<?xml version="1.0" encoding="us-ascii"?>
<Catalog>
    <CLight id="NovaLoadoutScreens" parent="default">
        <ToDInfoArray index="0" Id="NovaLoadoutScreens" AmbientColor="0.411765,0.411765,0.411765" Colorize="1">
            <Param index="HDRExposure" value="1.500000"/>
            <Param index="HDRWhitePoint" value="1.850000"/>
            <Param index="TerrainSpecularExp" value="11.210000"/>
            <Param index="TerrainHDRSpecular" value="3.750000"/>
            <Param index="CreepSpecularExp" value="30.000000"/>
            <Param index="CreepHDRSpecMultiplier" value="3.000000"/>
            <Param index="ColorizationContrast" value="1.066000"/>
            <Param index="ColorizationHue" value="0.001000"/>
            <Param index="ColorizationBlend" value="0.300000"/>
            <DirectionalLight index="Key">
                <Color value="0.529412,0.619608,0.819608"/>
                <ColorMultiplier value="1.175000"/>
                <SpecColorMultiplier value="1.250000"/>
                <Direction value="0.750849,-0.010222,-0.660395"/>
            </DirectionalLight>
            <DirectionalLight index="Fill" Color="0.007843,0.113725,0.082353" ColorMultiplier="3.000000" Direction="-0.463854,-0.769851,0.438371"/>
            <DirectionalLight index="Back" Color="0.058824,0.164706,0.321569" ColorMultiplier="1.496000" Direction="-0.668793,-0.021251,0.743145"/>
        </ToDInfoArray>
        <EditorCategories value="LightGroup:UI"/>
    </CLight>
</Catalog>
