<?xml version="1.0" encoding="us-ascii"?>
<Catalog>
    <CLocation id="Borea">
        <UserReference value="Locations;Borea"/>
    </CLocation>
    <CLocation id="Nova04PH">
        <UserReference value="Locations;Nova04PH"/>
    </CLocation>
    <CLocation id="Nova05PH">
        <UserReference value="Locations;Nova05PH"/>
    </CLocation>
    <CLocation id="Nova06PH">
        <UserReference value="Locations;Nova06PH"/>
    </CLocation>
    <CLocation id="Nova07PH">
        <UserReference value="Locations;Nova07PH"/>
    </CLocation>
    <CLocation id="Nova08PH">
        <UserReference value="Locations;Nova08PH"/>
    </CLocation>
    <CLocation id="Nova09PH">
        <UserReference value="Locations;Nova09PH"/>
    </CLocation>
    <CLocation id="NovaStoryPH">
        <UserReference value="Locations;NovaStoryPH"/>
    </CLocation>
    <CLocation id="TarsonisCity">
        <UserReference value="Locations;Tarsonis City"/>
    </CLocation>
    <CLocation id="DefendersofManSecretBase">
        <UserReference value="Locations;DOM Secret Base"/>
    </CLocation>
</Catalog>
