<?xml version="1.0" encoding="us-ascii"?>
<Catalog>
    <CMap id="NStory01">
        <Location value="NovaStoryPH"/>
        <UserReference value="Maps;NStory01"/>
        <File value="NStory01"/>
        <Kind value="Story"/>
        <LoadingImage value="Assets\Textures\ui_nova_loading_novashiptravel01.dds"/>
    </CMap>
    <CMap id="Nova01">
        <File value="Nova01"/>
        <Location value="DefendersofManSecretBase"/>
        <ObjectiveArray value="Nova01Primary03"/>
        <ObjectiveArray value="Nova01Primary02"/>
        <ObjectiveArray value="Nova01Primary05"/>
        <ObjectiveArray value="Nova01Primary01"/>
        <ObjectiveArray value="Nova01Primary04"/>
        <ObjectiveArray value="Nova01Bonus01"/>
        <UserReference value="Maps;Nova01"/>
        <LoadingImage value="Assets\Textures\ui_nova_loading_nova01.dds"/>
        <ContactModelLink value="SMX3_NovaPortrait3D"/>
        <ContactActor value="SMX3_NovaPortrait3D"/>
    </CMap>
    <CMap id="Nova02">
        <File value="Nova02"/>
        <Location value="Borea"/>
        <ObjectiveArray value="Nova02Primary01"/>
        <ObjectiveArray value="Nova02Bonus02"/>
        <ObjectiveArray value="Nova02Bonus01"/>
        <UserReference value="Maps;Nova02"/>
        <LoadingImage value="Assets\Textures\ui_nova_loading_nova02.dds"/>
        <ContactModelLink value="HornerPortrait3D"/>
    </CMap>
    <CMap id="Nova03">
        <File value="Nova03"/>
        <Location value="TarsonisCity"/>
        <ObjectiveArray value="Nova03Primary01"/>
        <ObjectiveArray value="Nova03Primary03"/>
        <ObjectiveArray value="Nova03Primary02"/>
        <ObjectiveArray value="Nova03Bonus01"/>
        <UserReference value="Maps;Nova03"/>
        <LoadingImage value="Assets\Textures\ui_nova_loading_nova03.dds"/>
        <ContactModelLink value="SMX3_NovaPortrait3D"/>
        <ContactActor value="SMX3_NovaPortrait3D"/>
    </CMap>
    <CMap id="Nova04">
        <File value="Nova04"/>
        <ContactModelLink value="SMX3_ReigelPortrait3D"/>
        <ContactActor value="SMX3_ReigelPortrait3D"/>
        <Location value="Nova04PH"/>
        <ObjectiveArray value="Nova04Primary04"/>
        <ObjectiveArray value="Nova04Primary01"/>
        <ObjectiveArray value="Nova04Primary03"/>
        <ObjectiveArray value="Nova04Primary02"/>
        <ObjectiveArray value="Nova04Bonus01"/>
        <ObjectiveArray value="Nova04Bonus02"/>
        <UserReference value="Maps;Nova04"/>
        <LoadingImage value="Assets\Textures\ui_nova_loading_nova04.dds"/>
    </CMap>
    <CMap id="Nova05">
        <File value="Nova05"/>
        <ContactModelLink value="SMX3_ReigelPortrait3D"/>
        <ContactActor value="SMX3_ReigelPortrait3D"/>
        <Location value="Nova05PH"/>
        <ObjectiveArray value="Nova05Primary02"/>
        <ObjectiveArray value="Nova05Primary01"/>
        <ObjectiveArray value="Nova05Bonus02"/>
        <ObjectiveArray value="Nova05Bonus01"/>
        <UserReference value="Maps;Nova05"/>
        <LoadingImage value="Assets\Textures\ui_nova_loading_nova05.dds"/>
    </CMap>
    <CMap id="Nova06">
        <File value="Nova06"/>
        <ContactModelLink value="SMX3_ReigelPortrait3D"/>
        <ContactActor value="SMX3_ReigelPortrait3D"/>
        <Location value="Nova06PH"/>
        <ObjectiveArray value="Nova06Bonus01"/>
        <ObjectiveArray value="Nova06Primary01"/>
        <UserReference value="Maps;Nova06"/>
        <LoadingImage value="Assets\Textures\ui_nova_loading_nova06.dds"/>
    </CMap>
    <CMap id="Nova07">
        <File value="Nova07"/>
        <ContactModelLink value="SMX3_ReigelPortrait3D"/>
        <ContactActor value="SMX3_ReigelPortrait3D"/>
        <Location value="Nova07PH"/>
        <ObjectiveArray value="Nova07Primary04"/>
        <ObjectiveArray value="Nova07Primary01"/>
        <ObjectiveArray value="Nova07Primary02"/>
        <ObjectiveArray value="Nova07Bonus02"/>
        <ObjectiveArray value="Nova07Primary03"/>
        <ObjectiveArray value="Nova07Bonus01"/>
        <ObjectiveArray value="Nova07Primary05"/>
        <ObjectiveArray value="Nova07Bonus03"/>
        <UserReference value="Maps;Nova07"/>
        <LoadingImage value="Assets\Textures\ui_nova_loading_nova07.dds"/>
    </CMap>
    <CMap id="Nova08">
        <File value="Nova08"/>
        <ContactModelLink value="ValerianEx1Portrait3D"/>
        <ContactActor value="ValerianEx1Portrait3D"/>
        <Location value="Nova08PH"/>
        <ObjectiveArray value="Nova08Primary01"/>
        <ObjectiveArray value="Nova08Bonus01"/>
        <UserReference value="Maps;Nova08"/>
        <LoadingImage value="Assets\Textures\ui_nova_loading_nova08.dds"/>
    </CMap>
    <CMap id="Nova09">
        <File value="Nova09"/>
        <ContactModelLink value="SMX3_ReigelPortrait3D"/>
        <ContactActor value="SMX3_ReigelPortrait3D"/>
        <Location value="Nova09PH"/>
        <ObjectiveArray value="Nova09Primary03"/>
        <ObjectiveArray value="Nova09Primary02"/>
        <ObjectiveArray value="Nova09Primary01"/>
        <ObjectiveArray value="Nova09Primary04"/>
        <UserReference value="Maps;Nova09"/>
        <LoadingImage value="Assets\Textures\ui_nova_loading_nova09.dds"/>
    </CMap>
</Catalog>
