<?xml version="1.0" encoding="us-ascii"?>
<Catalog>
    <CObjective id="NSampleOptionalObjective"/>
    <CObjective id="NSamplePrimaryObjective">
        <Type value="Primary"/>
    </CObjective>
    <CObjective id="Nova03Bonus01">
        <UserReference value="MissionObjective;Nova03Bonus01"/>
        <RequiredCount value="1"/>
    </CObjective>
    <CObjective id="Nova01Primary01">
        <Type value="Primary"/>
        <UserReference value="MissionObjective;Nova01Primary01"/>
    </CObjective>
    <CObjective id="Nova02Primary01">
        <Type value="Primary"/>
        <UserReference value="MissionObjective;Nova02Primary01"/>
    </CObjective>
    <CObjective id="Nova01Primary03">
        <Type value="Primary"/>
        <UserReference value="MissionObjective;Nova01Primary03"/>
    </CObjective>
    <CObjective id="Nova01Primary02">
        <Type value="Primary"/>
        <UserReference value="MissionObjective;Nova01Primary02"/>
    </CObjective>
    <CObjective id="Nova01Primary04">
        <Type value="Primary"/>
        <UserReference value="MissionObjective;Nova01Primary04"/>
    </CObjective>
    <CObjective id="Nova01Bonus01">
        <RequiredCount value="3"/>
        <UserReference value="MissionObjective;Nova01Bonus01"/>
    </CObjective>
    <CObjective id="Nova01Primary05">
        <Type value="Primary"/>
        <UserReference value="MissionObjective;Nova01Primary05"/>
    </CObjective>
    <CObjective id="Nova02Bonus01">
        <UserReference value="MissionObjective;Nova02Bonus01"/>
        <RequiredCount value="1"/>
    </CObjective>
    <CObjective id="Nova02Bonus02">
        <UserReference value="MissionObjective;Nova02Bonus02"/>
        <RequiredCount value="1"/>
    </CObjective>
    <CObjective id="Nova03Bonus02">
        <RequiredCount value="2"/>
        <UserReference value="MissionObjective;Nova03Bonus02"/>
    </CObjective>
    <CObjective id="Nova03Primary01">
        <Type value="Primary"/>
        <RequiredCount value="5"/>
        <UserReference value="MissionObjective;Nova03Primary01"/>
    </CObjective>
    <CObjective id="Nova03Primary03">
        <Type value="Primary"/>
        <UserReference value="MissionObjective;Nova03Primary03"/>
    </CObjective>
    <CObjective id="Nova03Primary02">
        <Type value="Primary"/>
        <UserReference value="MissionObjective;Nova03Primary02"/>
    </CObjective>
    <CObjective id="Nova03Primary04">
        <Type value="Primary"/>
        <UserReference value="MissionObjective;Nova03Primary04"/>
    </CObjective>
    <CObjective id="Nova04Bonus01">
        <RequiredCount value="6"/>
        <UserReference value="MissionObjective;Nova04Bonus01"/>
    </CObjective>
    <CObjective id="Nova04Bonus02">
        <RequiredCount value="1"/>
        <UserReference value="MissionObjective;Nova04Bonus02"/>
    </CObjective>
    <CObjective id="Nova04Primary01">
        <Type value="Primary"/>
        <UserReference value="MissionObjective;Nova04Primary01"/>
    </CObjective>
    <CObjective id="Nova04Primary02">
        <Type value="Primary"/>
        <UserReference value="MissionObjective;Nova04Primary02"/>
    </CObjective>
    <CObjective id="Nova04Primary03">
        <Type value="Primary"/>
        <RequiredCount value="4"/>
        <UserReference value="MissionObjective;Nova04Primary03"/>
    </CObjective>
    <CObjective id="Nova04Primary04">
        <Type value="Primary"/>
        <UserReference value="MissionObjective;Nova04Primary04"/>
    </CObjective>
    <CObjective id="Nova04Primary05">
        <Type value="Primary"/>
        <UserReference value="MissionObjective;Nova04Primary05"/>
    </CObjective>
    <CObjective id="Nova05Bonus01">
        <RequiredCount value="1"/>
        <UserReference value="MissionObjective;Nova05Bonus01"/>
    </CObjective>
    <CObjective id="Nova05Bonus02">
        <RequiredCount value="1"/>
        <UserReference value="MissionObjective;Nova05Bonus02"/>
    </CObjective>
    <CObjective id="Nova05Primary01">
        <Type value="Primary"/>
        <RequiredCount value="5"/>
        <UserReference value="MissionObjective;Nova05Primary01"/>
    </CObjective>
    <CObjective id="Nova05Primary02">
        <Type value="Primary"/>
        <RequiredCount value="5"/>
        <UserReference value="MissionObjective;Nova05Primary02"/>
    </CObjective>
    <CObjective id="Nova06Bonus01">
        <RequiredCount value="1"/>
        <UserReference value="MissionObjective;Nova06Bonus01"/>
    </CObjective>
    <CObjective id="Nova06Primary01">
        <Type value="Primary"/>
        <RequiredCount value="5"/>
        <UserReference value="MissionObjective;Nova06Primary01"/>
    </CObjective>
    <CObjective id="Nova07Bonus01">
        <RequiredCount value="1"/>
        <UserReference value="MissionObjective;Nova07Bonus01"/>
    </CObjective>
    <CObjective id="Nova07Bonus02">
        <RequiredCount value="1"/>
        <UserReference value="MissionObjective;Nova07Bonus02"/>
    </CObjective>
    <CObjective id="Nova07Bonus04">
        <RequiredCount value="1"/>
    </CObjective>
    <CObjective id="Nova07Bonus03">
        <RequiredCount value="1"/>
        <UserReference value="MissionObjective;Nova07Bonus03"/>
    </CObjective>
    <CObjective id="Nova07Primary01">
        <Type value="Primary"/>
        <UserReference value="MissionObjective;Nova07Primary01"/>
    </CObjective>
    <CObjective id="Nova07Primary02">
        <Type value="Primary"/>
        <UserReference value="MissionObjective;Nova07Primary02"/>
    </CObjective>
    <CObjective id="Nova07Primary03">
        <Type value="Primary"/>
        <RequiredCount value="2"/>
        <UserReference value="MissionObjective;Nova07Primary03"/>
    </CObjective>
    <CObjective id="Nova07Primary04">
        <Type value="Primary"/>
        <UserReference value="MissionObjective;Nova07Primary04"/>
    </CObjective>
    <CObjective id="Nova07Primary05">
        <Type value="Primary"/>
        <UserReference value="MissionObjective;Nova07Primary05"/>
    </CObjective>
    <CObjective id="Nova08Bonus01">
        <RequiredCount value="1"/>
        <UserReference value="MissionObjective;Nova08Bonus01"/>
    </CObjective>
    <CObjective id="Nova08Primary01">
        <Type value="Primary"/>
        <UserReference value="MissionObjective;Nova08Primary01"/>
    </CObjective>
    <CObjective id="Nova09Primary01">
        <Type value="Primary"/>
        <RequiredCount value="5"/>
        <UserReference value="MissionObjective;Nova09Primary01"/>
    </CObjective>
    <CObjective id="Nova09Primary02">
        <Type value="Primary"/>
        <UserReference value="MissionObjective;Nova09Primary02"/>
    </CObjective>
    <CObjective id="Nova09Primary03">
        <Type value="Primary"/>
        <UserReference value="MissionObjective;Nova09Primary03"/>
    </CObjective>
    <CObjective id="Nova09Primary04">
        <Type value="Primary"/>
        <UserReference value="MissionObjective;Nova09Primary04"/>
    </CObjective>
</Catalog>
