<?xml version="1.0" encoding="us-ascii"?>
<Catalog>
    <CPreloadScene default="1" id="NCampaignPreloadScene">
        <Flags index="Instantiate" value="0"/>
        <Flags index="MapCampaign" value="1"/>
        <File value="Cutscenes\##id##.SC2Cutscene"/>
    </CPreloadScene>
    <CPreloadAsset default="1" id="NCampaignPreloadImage">
        <Flags index="MapCampaign" value="1"/>
        <File value="Assets\Textures\##id##.dds"/>
    </CPreloadAsset>
    <CPreloadAsset default="1" id="NCampaignPreloadAsset">
        <Flags index="MapCampaign" value="1"/>
    </CPreloadAsset>
    <CPreloadModel default="1" id="NCampaignPreloadModel">
        <Flags index="MapCampaign" value="1"/>
    </CPreloadModel>
    <CPreloadSound default="1" id="NCampaignPreloadSound">
        <Flags index="MapCampaign" value="1"/>
    </CPreloadSound>
    <CPreloadUnit default="1" id="NCampaignPreloadUnit">
        <Flags index="MapCampaign" value="1"/>
    </CPreloadUnit>
    <CPreloadConversation default="1" id="NCampaignPreloadConversation">
        <Flags index="MapCampaign" value="1"/>
    </CPreloadConversation>
    <CPreloadConversation id="Briefing_Nova02" parent="NCampaignPreloadConversation">
        <NormalConditions value="Nova01InOrComplete"/>
    </CPreloadConversation>
    <CPreloadConversation id="Briefing_Nova03" parent="NCampaignPreloadConversation">
        <NormalConditions value="Nova02InOrComplete"/>
    </CPreloadConversation>
    <CPreloadConversation id="Briefing_Nova04" parent="NCampaignPreloadConversation">
        <NormalConditions value="Nova03InOrComplete"/>
    </CPreloadConversation>
    <CPreloadConversation id="Briefing_Nova05" parent="NCampaignPreloadConversation">
        <NormalConditions value="Nova04InOrComplete"/>
    </CPreloadConversation>
    <CPreloadConversation id="Briefing_Nova06" parent="NCampaignPreloadConversation">
        <NormalConditions value="Nova05InOrComplete"/>
    </CPreloadConversation>
    <CPreloadConversation id="Briefing_Nova07" parent="NCampaignPreloadConversation">
        <NormalConditions value="Nova06InOrComplete"/>
    </CPreloadConversation>
    <CPreloadConversation id="Briefing_Nova08" parent="NCampaignPreloadConversation">
        <NormalConditions value="Nova07InOrComplete"/>
    </CPreloadConversation>
    <CPreloadConversation id="Briefing_Nova09" parent="NCampaignPreloadConversation">
        <NormalConditions value="Nova08InOrComplete"/>
    </CPreloadConversation>
    <CPreloadActor id="ValerianEx1Portrait">
        <NormalConditions value="Nova07InOrComplete"/>
    </CPreloadActor>
    <CPreloadSound id="cs_smx3_cutscene_mp03_010_me_5dot1_v3" parent="NCampaignPreloadSound">
        <NormalConditions value="Nova06InOrComplete"/>
        <Link value="CS_SMX3_Cutscene_MP03_010_ME"/>
    </CPreloadSound>
    <CPreloadSound id="cs_smx3_cutscene_mp03_020_me_5dot1_v2" parent="NCampaignPreloadSound">
        <NormalConditions value="Nova07InOrComplete"/>
        <Link value="CS_SMX3_Cutscene_MP03_020_ME"/>
    </CPreloadSound>
    <CPreloadSound id="cs_smx3_cutscene_mp03_030_me_5dot1_v2" parent="NCampaignPreloadSound">
        <NormalConditions value="Nova08InOrComplete"/>
        <Link value="CS_SMX3_Cutscene_MP03_030_ME"/>
    </CPreloadSound>
    <CPreloadSound id="CS_SMX3_Cutscene_MP03_035_ME" parent="NCampaignPreloadSound">
        <NormalConditions value="Nova08InOrComplete"/>
    </CPreloadSound>
    <CPreloadAsset id="video_newsreport_nova03_07intro">
        <NormalConditions value="Nova06InOrComplete"/>
        <Flags index="MapCampaign" value="1"/>
        <File value="Assets\Textures\video_newsreport_nova03_07intro.ogv"/>
    </CPreloadAsset>
    <CPreloadUnit id="CargoTruckUnitBarrelsVulturePath">
        <NormalConditions value="InNova01"/>
    </CPreloadUnit>
    <CPreloadUnit id="CargoTruckUnitFlatbedVulturePath">
        <NormalConditions value="InNova01"/>
    </CPreloadUnit>
    <CPreloadUnit id="CargoTruckUnitTrailerVulturePath">
        <NormalConditions value="InNova01"/>
    </CPreloadUnit>
    <CPreloadUnit id="CruiserBikeVulturePath">
        <NormalConditions value="InNova01"/>
    </CPreloadUnit>
    <CPreloadScene id="SMX3_Cutscene_MP03_010" parent="NCampaignPreloadScene">
        <NormalConditions value="Nova06InOrComplete"/>
    </CPreloadScene>
    <CPreloadScene id="SMX3_Cutscene_MP03_020" parent="NCampaignPreloadScene">
        <NormalConditions value="Nova07InOrComplete"/>
    </CPreloadScene>
    <CPreloadScene id="SMX3_Cutscene_MP03_030" parent="NCampaignPreloadScene">
        <NormalConditions value="Nova08InOrComplete"/>
    </CPreloadScene>
    <CPreloadScene id="SMX3_Cutscene_MP03_035" parent="NCampaignPreloadScene">
        <NormalConditions value="Nova08InOrComplete"/>
    </CPreloadScene>
    <CPreloadScene id="SMX3_Cutscene_MP03_040" parent="NCampaignPreloadScene">
        <NormalConditions value="Nova09InOrComplete"/>
    </CPreloadScene>
    <CPreloadConversation id="Tutorial_ArmyUpgradeRoom3_Reigel_001">
        <NormalConditions value="Nova06InOrComplete"/>
        <Link value="Tutorial_ArmyUpgradeRoom3"/>
    </CPreloadConversation>
    <CPreloadModel id="novaex3_respawnbase_nova" parent="NCampaignPreloadModel">
        <NormalConditions value="Nova02InOrComplete"/>
        <Link value="NovaEx3_RespawnBase_Nova"/>
    </CPreloadModel>
    <CPreloadUnit id="NovaRespawnCocoon">
        <Link value="NovaReviveCocoon"/>
        <NormalConditions value="Nova02InOrComplete"/>
    </CPreloadUnit>
    <CPreloadScene id="SMX3_Cutscene_MP01_010" parent="NCampaignPreloadScene"/>
    <CPreloadScene id="SMX3_Cutscene_MP01_020" parent="NCampaignPreloadScene">
        <NormalConditions value="Nova01InOrComplete"/>
    </CPreloadScene>
    <CPreloadScene id="SMX3_Cutscene_MP01_030" parent="NCampaignPreloadScene">
        <NormalConditions value="Nova02InOrComplete"/>
    </CPreloadScene>
    <CPreloadScene id="SMX3_Cutscene_MP01_040" parent="NCampaignPreloadScene">
        <NormalConditions value="Nova03InOrComplete"/>
    </CPreloadScene>
    <CPreloadScene id="SMX3_Cutscene_MP01_035" parent="NCampaignPreloadScene">
        <NormalConditions value="Nova02InOrComplete"/>
    </CPreloadScene>
    <CPreloadScene id="SMX3_Cutscene_MP02_040" parent="NCampaignPreloadScene">
        <NormalConditions value="Nova06InOrComplete"/>
    </CPreloadScene>
    <CPreloadConversation id="TutorialArmyUpgradeRoom">
        <NormalConditions value="Nova02InOrComplete"/>
    </CPreloadConversation>
    <CPreloadConversation id="TutorialArmyUpgradeRoom2">
        <NormalConditions value="Nova03InOrComplete"/>
    </CPreloadConversation>
    <CPreloadConversation id="TutorialEquipmentRoom" parent="NCampaignPreloadConversation">
        <NormalConditions value="Nova01InOrComplete"/>
    </CPreloadConversation>
    <CPreloadConversation id="TutorialEquipmentRoom2" parent="NCampaignPreloadConversation">
        <NormalConditions value="Nova04InOrComplete"/>
    </CPreloadConversation>
    <CPreloadSound id="cs_smx3_cutscene_mp01_010_v1_me" parent="NCampaignPreloadSound">
        <Link value="CS_SMX3_Cutscene_MP01_010_ME"/>
    </CPreloadSound>
    <CPreloadSound id="cs_smx3_cutscene_mp01_035_v2_me" parent="NCampaignPreloadSound">
        <NormalConditions value="Nova02InOrComplete"/>
        <Link value="CS_SMX3_Cutscene_MP01_035_ME"/>
    </CPreloadSound>
    <CPreloadSound id="cs_smx3_cutscene_mp01_040_me_v1f" parent="NCampaignPreloadSound">
        <NormalConditions value="Nova03InOrComplete"/>
        <Link value="CS_SMX3_Cutscene_MP01_040_ME"/>
    </CPreloadSound>
    <CPreloadSound id="cs_smx3_cutscene_mp01_020_me_v1c" parent="NCampaignPreloadSound">
        <NormalConditions value="Nova01InOrComplete"/>
        <Link value="CS_SMX3_Cutscene_MP01_020_ME"/>
    </CPreloadSound>
    <CPreloadAsset id="smp_prologue01_shot03_asteroids_diff">
        <File value="Assets\Textures\smp_prologue01_shot03_asteroids_diff.dds"/>
    </CPreloadAsset>
    <CPreloadAsset id="smp_prologue01_shot03_asteroids_spec">
        <File value="Assets\Textures\smp_prologue01_shot03_asteroids_spec.dds"/>
    </CPreloadAsset>
    <CPreloadAsset id="smp_prologue01_shot03_asteroids_norm">
        <File value="Assets\Textures\smp_prologue01_shot03_asteroids_norm.dds"/>
    </CPreloadAsset>
    <CPreloadAsset id="smp_prologue01_shot04_asteroidflythrough_nebula1">
        <File value="Assets\Textures\smp_prologue01_shot04_asteroidflythrough_nebula1.dds"/>
    </CPreloadAsset>
    <CPreloadAsset id="smx3_cutscene_mp01_010_mainroom_ambient" parent="NCampaignPreloadImage"/>
    <CPreloadAsset id="smx3_cutscene_mp01_020_mainroom_ambient" parent="NCampaignPreloadImage">
        <NormalConditions value="Nova01InOrComplete"/>
    </CPreloadAsset>
    <CPreloadAsset id="smx3_cutscene_mp02_010_bridge" parent="NCampaignPreloadImage">
        <NormalConditions value="Nova03InOrComplete"/>
    </CPreloadAsset>
    <CPreloadAsset id="covertops_marine_superstim" parent="NCampaignPreloadAsset">
        <File value="Assets\Textures\covertops_marine_superstim.ogv"/>
        <NormalConditions value="Nova02InOrComplete"/>
    </CPreloadAsset>
    <CPreloadAsset id="covertops_marine_lasertargeting" parent="NCampaignPreloadAsset">
        <File value="Assets\Textures\covertops_marine_lasertargeting.ogv"/>
        <NormalConditions value="Nova02InOrComplete"/>
    </CPreloadAsset>
    <CPreloadAsset id="covertops_reaper_superstim" parent="NCampaignPreloadAsset">
        <File value="Assets\Textures\covertops_reaper_superstim.ogv"/>
        <NormalConditions value="Nova02InOrComplete"/>
    </CPreloadAsset>
    <CPreloadAsset id="covertops_reaper_spidermines" parent="NCampaignPreloadAsset">
        <File value="Assets\Textures\covertops_reaper_spidermines.ogv"/>
        <NormalConditions value="Nova02InOrComplete"/>
    </CPreloadAsset>
    <CPreloadAsset id="covertops_reaper_lasertargetingsystem" parent="NCampaignPreloadAsset">
        <File value="Assets\Textures\covertops_reaper_lasertargetingsystem.ogv"/>
        <NormalConditions value="Nova02InOrComplete"/>
    </CPreloadAsset>
    <CPreloadAsset id="covertops_marauder_superstim" parent="NCampaignPreloadAsset">
        <File value="Assets\Textures\covertops_marauder_superstim.ogv"/>
        <NormalConditions value="Nova02InOrComplete"/>
    </CPreloadAsset>
    <CPreloadAsset id="covertops_marauder_internalizedtech" parent="NCampaignPreloadAsset">
        <File value="Assets\Textures\covertops_marauder_internalizedtech.ogv"/>
        <NormalConditions value="Nova02InOrComplete"/>
    </CPreloadAsset>
    <CPreloadAsset id="covertops_marauder_lasertargeting" parent="NCampaignPreloadAsset">
        <File value="Assets\Textures\covertops_marauder_lasertargeting.ogv"/>
        <NormalConditions value="Nova02InOrComplete"/>
    </CPreloadAsset>
    <CPreloadAsset id="covertops_siegetank_spidermines" parent="NCampaignPreloadAsset">
        <File value="Assets\Textures\covertops_siegetank_spidermines.ogv"/>
        <NormalConditions value="Nova02InOrComplete"/>
    </CPreloadAsset>
    <CPreloadAsset id="covertops_siegetank_jumpjets" parent="NCampaignPreloadAsset">
        <File value="Assets\Textures\covertops_siegetank_jumpjets.ogv"/>
        <NormalConditions value="Nova02InOrComplete"/>
    </CPreloadAsset>
    <CPreloadAsset id="covertops_siegetank_internalizedtech" parent="NCampaignPreloadAsset">
        <File value="Assets\Textures\covertops_siegetank_internalizedtech.ogv"/>
        <NormalConditions value="Nova02InOrComplete"/>
    </CPreloadAsset>
    <CPreloadAsset id="covertops_hellbat_superstim" parent="NCampaignPreloadAsset">
        <File value="Assets\Textures\covertops_hellbat_superstim.ogv"/>
        <NormalConditions value="Nova02InOrComplete"/>
    </CPreloadAsset>
    <CPreloadAsset id="covertops_hellbat_jumpjets" parent="NCampaignPreloadAsset">
        <File value="Assets\Textures\covertops_hellbat_jumpjets.ogv"/>
        <NormalConditions value="Nova02InOrComplete"/>
    </CPreloadAsset>
    <CPreloadAsset id="covertops_goliath_lasertargetingsystem" parent="NCampaignPreloadAsset">
        <File value="Assets\Textures\covertops_goliath_lasertargetingsystem.ogv"/>
        <NormalConditions value="Nova03InOrComplete"/>
    </CPreloadAsset>
    <CPreloadAsset id="covertops_goliath_jumpjets" parent="NCampaignPreloadAsset">
        <File value="Assets\Textures\covertops_goliath_jumpjets.ogv"/>
        <NormalConditions value="Nova03InOrComplete"/>
    </CPreloadAsset>
    <CPreloadAsset id="covertops_banshee_internalizedtech" parent="NCampaignPreloadAsset">
        <File value="Assets\Textures\covertops_banshee_internalizedtech.ogv"/>
        <NormalConditions value="Nova03InOrComplete"/>
    </CPreloadAsset>
    <CPreloadAsset id="covertops_banshee_cloak" parent="NCampaignPreloadAsset">
        <File value="Assets\Textures\covertops_banshee_cloak.ogv"/>
        <NormalConditions value="Nova03InOrComplete"/>
    </CPreloadAsset>
    <CPreloadAsset id="covertops_raven_internalizedtech" parent="NCampaignPreloadAsset">
        <File value="Assets\Textures\covertops_raven_internalizedtech.ogv"/>
        <NormalConditions value="Nova04InOrComplete"/>
    </CPreloadAsset>
    <CPreloadAsset id="covertops_raven_spidermines" parent="NCampaignPreloadAsset">
        <File value="Assets\Textures\covertops_raven_spidermines.ogv"/>
        <NormalConditions value="Nova04InOrComplete"/>
    </CPreloadAsset>
    <CPreloadAsset id="covertops_liberator_servos" parent="NCampaignPreloadAsset">
        <File value="Assets\Textures\covertops_liberator_servos.ogv"/>
        <NormalConditions value="Nova04InOrComplete"/>
    </CPreloadAsset>
    <CPreloadAsset id="covertops_liberator_biosteel" parent="NCampaignPreloadAsset">
        <File value="Assets\Textures\covertops_liberator_biosteel.ogv"/>
        <NormalConditions value="Nova04InOrComplete"/>
    </CPreloadAsset>
    <CPreloadAsset id="covertops_liberator_cloak" parent="NCampaignPreloadAsset">
        <File value="Assets\Textures\covertops_liberator_cloak.ogv"/>
        <NormalConditions value="Nova04InOrComplete"/>
    </CPreloadAsset>
    <CPreloadAsset id="covertops_banshee_biosteel" parent="NCampaignPreloadAsset">
        <File value="Assets\Textures\covertops_banshee_biosteel.ogv"/>
        <NormalConditions value="Nova04InOrComplete"/>
    </CPreloadAsset>
    <CPreloadAsset id="covertops_siegetank_servos" parent="NCampaignPreloadAsset">
        <File value="Assets\Textures\covertops_siegetank_servos.ogv"/>
        <NormalConditions value="Nova04InOrComplete"/>
    </CPreloadAsset>
    <CPreloadAsset id="covertops_siegetank_biosteel" parent="NCampaignPreloadAsset">
        <File value="Assets\Textures\covertops_siegetank_biosteel.ogv"/>
        <NormalConditions value="Nova04InOrComplete"/>
    </CPreloadAsset>
    <CPreloadAsset id="covertops_hellbat_servo" parent="NCampaignPreloadAsset">
        <File value="Assets\Textures\covertops_hellbat_servo.ogv"/>
        <NormalConditions value="Nova04InOrComplete"/>
    </CPreloadAsset>
    <CPreloadAsset id="covertops_goliath_biosteel" parent="NCampaignPreloadAsset">
        <File value="Assets\Textures\covertops_goliath_biosteel.ogv"/>
        <NormalConditions value="Nova04InOrComplete"/>
    </CPreloadAsset>
    <CPreloadAsset id="covertops_marine_magrail" parent="NCampaignPreloadAsset">
        <File value="Assets\Textures\covertops_marine_magrail.ogv"/>
        <NormalConditions value="Nova05InOrComplete"/>
    </CPreloadAsset>
    <CPreloadAsset id="covertops_marauder_magrail" parent="NCampaignPreloadAsset">
        <File value="Assets\Textures\covertops_marauder_magrail.ogv"/>
        <NormalConditions value="Nova05InOrComplete"/>
    </CPreloadAsset>
    <CPreloadAsset id="covertops_raven_magrail" parent="NCampaignPreloadAsset">
        <File value="Assets\Textures\covertops_raven_magrail.ogv"/>
        <NormalConditions value="Nova05InOrComplete"/>
    </CPreloadAsset>
    <CPreloadAsset id="video_newsreport_nova02_020" parent="NCampaignPreloadAsset">
        <File value="Assets\Textures\video_newsreport_nova02_020.ogv"/>
        <NormalConditions value="Nova04InOrComplete"/>
    </CPreloadAsset>
    <CPreloadAsset id="video_newsreport_nova02_040" parent="NCampaignPreloadAsset">
        <NormalConditions value="Nova06InOrComplete"/>
        <File value="Assets\Textures\video_newsreport_nova02_040.ogv"/>
    </CPreloadAsset>
    <CPreloadAsset id="video_newsreport_nova02_04intro" parent="NCampaignPreloadAsset">
        <File value="Assets\Textures\video_newsreport_nova02_04intro.ogv"/>
        <NormalConditions value="Nova03InOrComplete"/>
    </CPreloadAsset>
    <CPreloadAsset id="video_newsreport_nova02_05intro" parent="NCampaignPreloadAsset">
        <File value="Assets\Textures\video_newsreport_nova02_05intro.ogv"/>
        <NormalConditions value="Nova04InOrComplete"/>
    </CPreloadAsset>
    <CPreloadAsset id="video_newsreport_nova02_06intro" parent="NCampaignPreloadAsset">
        <File value="Assets\Textures\video_newsreport_nova02_06intro.ogv"/>
        <NormalConditions value="Nova05InOrComplete"/>
    </CPreloadAsset>
    <CPreloadModel id="Pylon_Taldarim_WarpIn" parent="NCampaignPreloadModel">
        <NormalConditions value="Nova03InOrComplete"/>
    </CPreloadModel>
    <CPreloadModel id="GhostFemaleDominion" parent="NCampaignPreloadModel">
        <NormalConditions value="Nova01InOrComplete"/>
    </CPreloadModel>
    <CPreloadModel id="GhostFemaleDOM" parent="NCampaignPreloadModel">
        <NormalConditions value="Nova01InOrComplete"/>
    </CPreloadModel>
    <CPreloadAsset id="covertops_reaper_advancedcloakingfield" parent="NCampaignPreloadAsset">
        <File value="Assets\Textures\covertops_reaper_advancedcloakingfield.ogv"/>
        <NormalConditions value="Nova03InOrComplete"/>
    </CPreloadAsset>
    <CPreloadAsset id="video_newsreport_nova03_08intro">
        <NormalConditions value="Nova07InOrComplete"/>
        <Flags index="MapCampaign" value="1"/>
        <File value="Assets\Textures\video_newsreport_nova03_08intro.ogv"/>
    </CPreloadAsset>
    <CPreloadAsset id="video_newsreport_nova03_09intro">
        <NormalConditions value="Nova08InOrComplete"/>
        <Flags index="MapCampaign" value="1"/>
        <File value="Assets\Textures\video_newsreport_nova03_09intro.ogv"/>
    </CPreloadAsset>
    <CPreloadAsset id="covertops_battlecruiser_specialordnance" parent="NCampaignPreloadAsset">
        <File value="Assets\Textures\covertops_battlecruiser_specialordnance.ogv"/>
        <NormalConditions value="Nova07InOrComplete"/>
    </CPreloadAsset>
    <CPreloadAsset id="covertops_battlecruiser_biosteel" parent="NCampaignPreloadAsset">
        <File value="Assets\Textures\covertops_battlecruiser_biosteel.ogv"/>
        <NormalConditions value="Nova07InOrComplete"/>
    </CPreloadAsset>
    <CPreloadAsset id="covertops_battlecruiser_advancedcloakingfield" parent="NCampaignPreloadAsset">
        <File value="Assets\Textures\covertops_battlecruiser_advancedcloakingfield.ogv"/>
        <NormalConditions value="Nova07InOrComplete"/>
    </CPreloadAsset>
    <CPreloadAsset id="covertops_battlecruiser_internalizedtech" parent="NCampaignPreloadAsset">
        <File value="Assets\Textures\covertops_battlecruiser_internalizedtech.ogv"/>
        <NormalConditions value="Nova07InOrComplete"/>
    </CPreloadAsset>
    <CPreloadAsset id="covertops_banshee_specialordnance" parent="NCampaignPreloadAsset">
        <File value="Assets\Textures\covertops_banshee_specialordnance.ogv"/>
        <NormalConditions value="Nova07InOrComplete"/>
    </CPreloadAsset>
    <CPreloadAsset id="covertops_liberator_optimizedlogistics" parent="NCampaignPreloadAsset">
        <File value="Assets\Textures\covertops_liberator_optimizedlogistics.ogv"/>
        <NormalConditions value="Nova07InOrComplete"/>
    </CPreloadAsset>
    <CPreloadAsset id="covertops_raven_specialordnance" parent="NCampaignPreloadAsset">
        <File value="Assets\Textures\covertops_raven_specialordnance.ogv"/>
        <NormalConditions value="Nova07InOrComplete"/>
    </CPreloadAsset>
    <CPreloadAsset id="covertops_goliath_optimizedlogistics" parent="NCampaignPreloadAsset">
        <File value="Assets\Textures\covertops_goliath_optimizedlogistics.ogv"/>
        <NormalConditions value="Nova07InOrComplete"/>
    </CPreloadAsset>
    <CPreloadAsset id="covertops_hellbat_specialordnance" parent="NCampaignPreloadAsset">
        <File value="Assets\Textures\covertops_hellbat_specialordnance.ogv"/>
        <NormalConditions value="Nova07InOrComplete"/>
    </CPreloadAsset>
    <CPreloadAsset id="covertops_hellbat_optimizedlogistics" parent="NCampaignPreloadAsset">
        <File value="Assets\Textures\covertops_hellbat_optimizedlogistics.ogv"/>
        <NormalConditions value="Nova07InOrComplete"/>
    </CPreloadAsset>
    <CPreloadAsset id="covertops_reaper_specialordnance" parent="NCampaignPreloadAsset">
        <File value="Assets\Textures\covertops_reaper_specialordnance.ogv"/>
        <NormalConditions value="Nova07InOrComplete"/>
    </CPreloadAsset>
    <CPreloadAsset id="covertops_marine_optimizedlogistics" parent="NCampaignPreloadAsset">
        <File value="Assets\Textures\covertops_marine_optimizedlogistics.ogv"/>
        <NormalConditions value="Nova07InOrComplete"/>
    </CPreloadAsset>
    <CPreloadAsset id="video_newsreport_nova03_040">
        <NormalConditions value="Nova08InOrComplete"/>
        <Flags index="MapCampaign" value="1"/>
        <File value="Assets\Textures\video_newsreport_nova03_040.ogv"/>
    </CPreloadAsset>
</Catalog>
