<?xml version="1.0" encoding="us-ascii"?>
<Catalog>
    <CSound id="LoadingMusic">
        <AssetArray index="0">
            <File value="Assets\Music\NDLC_LoadingScreenLoop_01.ogg"/>
            <LoopCount value="0"/>
            <Offset value="0,0"/>
            <FacialGroup value=""/>
        </AssetArray>
    </CSound>
    <CSound id="UI_LoadingFinished">
        <!-- <AssetArray index="0" File="Assets\Music\UI_Stinger_Hit01.ogg" Pitch="-1.000000,-1.000000" FacialGroup=""/> -->
        <AssetArray index="0" File="Assets\Music\NDLC_LoadingScreenComplete_01.ogg" FacialGroup=""/>
    </CSound>
</Catalog>
