<?xml version="1.0" encoding="utf-8"?>
<Catalog>
    <CAccumulator default="1"/>
    <CAccumulatorAbilLevel default="1">
        <PreviousValueFactor value="1"/>
    </CAccumulatorAbilLevel>
    <CAccumulatorAttributePoints default="1">
        <Scale value="1"/>
    </CAccumulatorAttributePoints>
    <CAccumulatorArithmetic default="1"/>
    <CAccumulatorBehavior default="1"/>
    <CAccumulatorCargo default="1">
        <Type value="Load"/>
    </CAccumulatorCargo>
    <CAccumulatorVitals default="1"/>
    <CAccumulatorDistance default="1">
        <Scale value="1"/>
    </CAccumulatorDistance>
    <CAccumulatorEffectAmount default="1">
        <AmountType value="Damaged"/>
    </CAccumulatorEffectAmount>
    <CAccumulatorUserData default="1">
        <Key value="Default"/>
    </CAccumulatorUserData>
    <CAccumulatorUnitCustomValue default="1"/>
    <CAccumulatorSwitch default="1"/>
</Catalog>
