<?xml version="1.0" encoding="us-ascii"?>
<Catalog>
    <CAchievementTerm default="1">
        <Name value="AchievementTerm/Name/##id##"/>
        <Description value="AchievementTerm/Description/##id##"/>
        <Compare value="GE"/>
        <Flags index="Notify" value="1"/>
    </CAchievementTerm>
    <CAchievementTermAchievement default="1">
        <Quantity value="1"/>
    </CAchievementTermAchievement>
    <CAchievementTermGeneric default="1">
        <Quantity value="1"/>
    </CAchievementTermGeneric>
    <CAchievementTermTime default="1">
        <Compare value="LT"/>
        <Evaluate value="Failed"/>
    </CAchievementTermTime>
</Catalog>
