<?xml version="1.0" encoding="us-ascii"?>
<Catalog>
    <CBundle default="1">
        <Name value="Bundle/Name/##id##"/>
        <StoreName value="Bundle/Name/##id##"/>
        <HyperlinkId value="##id##"/>
        <Description value="Bundle/Description/##id##"/>
        <ReleaseDate Month="1" Day="1" Year="2014"/>
        <ShortName value="Bundle/ShortName/##id##"/>
        <StoreTypeName value="UI/StoreTypeName/Bundle"/>
        <Flags index="SuppressDiscount" value="0"/>
    </CBundle>
</Catalog>
