<?xml version="1.0" encoding="us-ascii"?>
<Catalog>
    <SCameraSmooth>
        <SmoothTimeMin value="0.250000"/>
        <DisplacementMin value="0.010000"/>
    </SCameraSmooth>
    <CCamera default="1">
        <FieldOfViewMin value="6.800000"/>
        <FieldOfViewMax value="120.000000"/>
        <FieldOfViewIncrement value="1.875000"/>
        <DistanceMin value="0.001000"/>
        <DistanceMax value="400.000000"/>
        <!-- Should be at least ((max width)^2 + (max height)^2)^0.5 -->
        <DistanceIncrement value="-1.700000"/>
        <PitchMin value="270.000000"/>
        <PitchMax value="90.000000"/>
        <PitchIncrement value="5.000000"/>
        <YawLeft value="-45.000000"/>
        <YawRight value="45.000000"/>
        <YawMax value="360.000000"/>
        <YawIncrement value="5.000000"/>
        <!-- Invalid band means no updating. -->
        <FollowOffsetUpdateBandX value="1.000000,-1.000000"/>
        <!-- Invalid band means no updating. -->
        <FollowOffsetUpdateBandY value="1.000000,-1.000000"/>
        <!-- Format is Down, Left, Up, Right -->
        <!-- Intentionally invalid rect. This means no leash. -->
        <FollowScrollLeash value="1.000000,1.000000,-1.000000,-1.000000"/>
        <FollowScrollLimit value="2.000000"/>
        <BorderSizeX value="4"/>
        <BorderSizeY value="4"/>
        <SmartPanJumpDistance value="56.000000"/>
        <SmartPanSkipDistance value="8.000000"/>
        <HeightDisplacementFactor value="1.000000"/>
        <HeightDisplacementPitchMin value="45.000000"/>
        <HeightDisplacementPitchMax value="90.000000"/>
        <HeightDisplacementMax value="10.000000"/>
        <ParamInitial index="FieldOfView" value="27.799999"/>
        <ParamInitial index="NearClip" value="0.100000"/>
        <!-- Should be at least ((max width)^2 + (max height)^2)^0.5 -->
        <ParamInitial index="FarClip" value="600.000000"/>
        <ParamInitial index="ShadowClip" value="75.000000"/>
        <ParamInitial index="Distance" value="34.000000"/>
        <ParamInitial index="Pitch" value="56.000000"/>
        <ParamInitial index="Yaw" value="180.000000"/>
        <ParamInitial index="FocalDepth" value="8.000000"/>
        <ParamInitial index="FalloffStart" value="0.000300"/>
        <ParamInitial index="FalloffEnd" value="8.000000"/>
        <ZoomTable>
            <Param index="Distance" Modify="1" Value="34.000000"/>
            <Param index="Pitch" Modify="1" Value="56.000000"/>
        </ZoomTable>
        <ZoomTable>
            <Param index="Distance" Modify="1" Value="30.000000"/>
            <Param index="Pitch" Modify="1" Value="52.000000"/>
        </ZoomTable>
        <ZoomTable>
            <Param index="Distance" Modify="1" Value="26.000000"/>
            <Param index="Pitch" Modify="1" Value="48.000000"/>
        </ZoomTable>
        <ZoomTable>
            <Param index="Distance" Modify="1" Value="22.000000"/>
            <Param index="Pitch" Modify="1" Value="44.000000"/>
        </ZoomTable>
        <ZoomTable>
            <Param index="Distance" Modify="1" Value="18.000000"/>
            <Param index="Pitch" Modify="1" Value="40.000000"/>
        </ZoomTable>
        <ZoomTableObserver>
            <Param index="Distance" Modify="1" Value="44.000000"/>
            <Param index="Pitch" Modify="1" Value="56.000000"/>
        </ZoomTableObserver>
        <ZoomTableObserver>
            <Param index="Distance" Modify="1" Value="54.000000"/>
            <Param index="Pitch" Modify="1" Value="56.000000"/>
        </ZoomTableObserver>
        <ParamSmooth index="FieldOfView" SmoothTimeMax="2.000000" VelocityMax="55.000000"/>
        <ParamSmooth index="NearClip" SmoothTimeMax="2.000000" VelocityMax="55.000000"/>
        <ParamSmooth index="FarClip" SmoothTimeMax="2.000000" VelocityMax="55.000000"/>
        <ParamSmooth index="ShadowClip" SmoothTimeMax="2.000000" VelocityMax="55.000000"/>
        <ParamSmooth index="Distance" SmoothTimeMax="8.000000" VelocityMax="80.000000"/>
        <ParamSmooth index="Pitch" SmoothTimeMax="2.000000" VelocityMax="45.000000"/>
        <ParamSmooth index="Yaw" SmoothTimeMax="4.000000" VelocityMax="180.000000"/>
        <ParamSmooth index="Roll" SmoothTimeMax="4.000000" VelocityMax="180.000000"/>
        <ParamSmooth index="HeightOffset" SmoothTimeMax="8.000000" VelocityMax="80.000000"/>
        <ParamSmooth index="DepthOfField" SmoothTimeMax="8.000000" VelocityMax="80.000000"/>
        <ParamSmooth index="FocalDepth" SmoothTimeMax="8.000000" VelocityMax="80.000000"/>
        <ParamSmooth index="FalloffStart" SmoothTimeMax="8.000000" VelocityMax="80.000000"/>
        <ParamSmooth index="FalloffEnd" SmoothTimeMax="8.000000" VelocityMax="80.000000"/>
        <TargetSmooth SmoothTimeMin="0.400000" SmoothTimeMax="2.000000" VelocityMax="10.000000"/>
        <MaxScrollRate index="Normal" value="128.000000"/>
        <MaxScrollRate index="Follow" value="16.000000"/>
        <MaxScrollDistance index="Normal" value="5.000000"/>
        <MaxScrollDistance index="Follow" value="5.000000"/>
        <VerticalScrollRateMultiplier index="Normal" value="1.000000"/>
        <VerticalScrollRateMultiplier index="Follow" value="1.000000"/>
        <ScrollAccelerationPeriod index="Normal" value="0.000000"/>
        <ScrollAccelerationPeriod index="Follow" value="0.166500"/>
        <ScrollDecelerationPeriod index="Normal" value="0.000000"/>
        <ScrollDecelerationPeriod index="Follow" value="0.050000"/>
        <ForwardScale index="Normal" value="0.048000"/>
        <ForwardScale index="Follow" value="0.012000"/>
        <StrafeScale index="Normal" value="0.048000"/>
        <StrafeScale index="Follow" value="0.012000"/>
        <RotateScale value="0.200000"/>
    </CCamera>
    <CCamera id="Dflt"/>
    <CCamera id="Installation">
        <ParamInitial index="FarClip" value="20000.000000"/>
    </CCamera>
    <CCamera id="SpacePlatform">
        <ParamInitial index="FarClip" value="20000.000000"/>
        <ParamInitial index="ShadowClip" value="300.000000"/>
    </CCamera>
    <CCamera id="Floaty">
        <ParamSmooth index="Distance" SmoothTimeMin="1.500000"/>
        <ParamSmooth index="Pitch" SmoothTimeMin="1.500000"/>
        <ParamSmooth index="Yaw" SmoothTimeMin="1.500000"/>
    </CCamera>
    <CCamera id="Micro">
        <DistanceIncrement value="-0.170000"/>
        <PitchIncrement value="0.500000"/>
        <YawIncrement value="0.500000"/>
    </CCamera>
    <CCamera id="Marine">
        <ParamInitial index="Distance" value="5.000000"/>
    </CCamera>
    <CCamera id="BlizzardAllStars">
        <ZoomTable index="0">
            <Param index="Distance" Value="30.000000"/>
            <Param index="Pitch" Value="54.000000"/>
            <Param index="HeightOffset" Modify="1" Value="-1.750000"/>
        </ZoomTable>
        <ZoomTable index="1">
            <Param index="Distance" Value="26.000000"/>
            <Param index="Pitch" Value="50.000000"/>
            <Param index="HeightOffset" Modify="1" Value="-1.000000"/>
        </ZoomTable>
        <ZoomTable index="2">
            <Param index="Distance" Value="22.000000"/>
            <Param index="Pitch" Value="46.000000"/>
            <Param index="HeightOffset" Modify="1" Value="-0.250000"/>
        </ZoomTable>
        <ZoomTable index="3">
            <Param index="Distance" Value="18.000000"/>
            <Param index="Pitch" Value="42.000000"/>
            <Param index="HeightOffset" Modify="1" Value="-0.000000"/>
        </ZoomTable>
        <ZoomTable index="4">
            <Param index="Distance" Value="14.000000"/>
            <Param index="HeightOffset" Modify="1" Value="0.500000"/>
        </ZoomTable>
        <ParamInitial index="FieldOfView" value="37.500000"/>
        <ParamInitial index="FarClip" value="20000.000000"/>
        <ParamInitial index="ShadowClip" value="50.000000"/>
        <ParamInitial index="Distance" value="30.000000"/>
        <ParamInitial index="Pitch" value="54.000000"/>
        <ParamInitial index="HeightOffset" value="-1.750000"/>
        <HeightMap value="Camera"/>
        <MaxScrollRate index="Normal" value="68.500000"/>
        <MaxScrollRate index="Follow" value="68.500000"/>
        <TargetSmooth SmoothTimeMin="0.000000" SmoothTimeMax="0.000000" VelocityMax="80.000000"/>
        <ScrollAccelerationPeriod index="Follow" value="0.000000"/>
        <ScrollDecelerationPeriod index="Follow" value="0.000000"/>
        <ForwardScale index="Follow" value="0.048000"/>
        <StrafeScale index="Follow" value="0.048000"/>
        <FollowOffsetUpdateBandX value="-4.000000,4.000000"/>
        <FollowOffsetUpdateBandY value="-3.000000,3.000000"/>
        <FollowResetDecayDuration value="2.000000"/>
        <FollowResetDecayFactor value="0.700000"/>
        <FollowResetJumpDelay value="1.000000"/>
        <FollowResetJumpDistance value="17.000000"/>
        <FollowResetTimeoutNormal value="6.000000"/>
        <FollowResetTimeoutLeashed value="0.062500"/>
        <FollowResetTimeoutUnleashed value="12.000000"/>
        <!-- Format is Top, Left, Bottom, Right -->
        <FollowScrollLeash value="-9.500000,-10.000000,9.500000,10.000000"/>
    </CCamera>
</Catalog>
