<?xml version="1.0" encoding="us-ascii"?>
<Catalog>
    <CCampaign default="1">
        <CampaignData>
            <FeaturedImagePath value="Assets/Textures/SC2_UI_Collection_Featured_Bundle_##id##.dds"/>
            <FeaturedDescription value="Campaign/Description/##id##"/>
        </CampaignData>
        <Name value="Campaign/Name/##id##"/>
        <ShortName value="Campaign/ShortName/##id##"/>
        <StoreName value="Campaign/Name/##id##"/>
        <StoreTypeName value="UI/StoreTypeName/Campaign"/>
    </CCampaign>
</Catalog>
