<?xml version="1.0" encoding="us-ascii"?>
<Catalog>
    <CCliffMesh default="1">
        <ModelPath value="Assets\Cliffs\##id##\"/>
        <WeldNormals value="1"/>
        <CliffHeights index="0" value="-4.000000"/>
        <CliffHeights index="2" value="2.000000"/>
        <CliffHeights index="3" value="4.000000"/>
        <CliffHeights index="4" value="6.000000"/>
        <CliffHeights index="5" value="8.000000"/>
        <CliffHeights index="6" value="10.000000"/>
        <CliffHeights index="7" value="12.000000"/>
        <CliffHeights index="8" value="14.000000"/>
        <CliffHeights index="9" value="16.000000"/>
        <CliffHeights index="10" value="18.000000"/>
        <CliffHeights index="11" value="20.000000"/>
        <CliffHeights index="12" value="22.000000"/>
        <CliffHeights index="13" value="24.000000"/>
        <CliffHeights index="14" value="26.000000"/>
        <CliffHeights index="15" value="28.000000"/>
    </CCliffMesh>
</Catalog>
