<?xml version="1.0" encoding="us-ascii"?>
<Catalog>
    <CColorStyle default="1">
        <Name value="ColorStyle/Name/##id##"/>
        <ColorEntry index="DefaultNeutral">
            <Value index="Default" value="1.000000,1.000000,1.000000,1.000000"/>
        </ColorEntry>
    </CColorStyle>
    <CColorStyle id="AllWhite"/>
    <CColorStyle id="Primary">
        <ColorEntry index="DefaultNeutral">
            <Value index="Default" value="0.969000,0.871000,0.055000,1.000000"/>
            <Value index="Colorblind" value="0.494000,0.749000,0.945000,1.000000"/>
        </ColorEntry>
        <ColorEntry index="Owner">
            <Value index="Default" value="0.969000,0.871000,0.055000,1.000000"/>
            <Value index="Colorblind" value="0.000000,0.259000,1.000000,1.000000"/>
        </ColorEntry>
        <ColorEntry index="Ally">
            <Value index="Default" value="0.192000,0.518000,1.000000,1.000000"/>
            <Value index="Colorblind" value="0.110000,0.655000,0.918000,1.000000"/>
        </ColorEntry>
        <ColorEntry index="Enemy">
            <Value index="Default" value="0.859000,0.000000,0.251000,1.000000"/>
            <Value index="Colorblind" value="0.996000,0.541000,0.055000,1.000000"/>
        </ColorEntry>
        <ColorEntry index="TeamHostile">
            <Value index="Default" value="1.000000,0.502000,0.251000,1.000000"/>
            <Value index="Colorblind" value="0.753000,0.753000,0.753000,1.000000"/>
        </ColorEntry>
        <ColorEntry index="TeamOrder">
            <Value index="Default" value="0.192000,0.518000,1.000000,1.000000"/>
            <Value index="Colorblind" value="0.110000,0.655000,0.918000,1.000000"/>
        </ColorEntry>
        <ColorEntry index="TeamChaos">
            <Value index="Default" value="0.859000,0.000000,0.251000,1.000000"/>
            <Value index="Colorblind" value="0.996000,0.541000,0.055000,1.000000"/>
        </ColorEntry>
    </CColorStyle>
    <CColorStyle id="Shields" parent="AllWhite"/>
    <CColorStyle id="Energy" parent="AllWhite"/>
    <CColorStyle id="Reduction">
        <ColorEntry index="DefaultNeutral">
            <Value index="Default" value="0.706000,0.000000,0.333000,1.000000"/>
        </ColorEntry>
    </CColorStyle>
    <CColorStyle id="HoT">
        <ColorEntry index="DefaultNeutral">
            <Value index="Default" value="0.000000,0.431000,0.000000,1.000000"/>
        </ColorEntry>
        <!--ColorEntry index="Owner"-->
        <ColorEntry index="Ally">
            <Value index="Default" value="0.000000,0.196000,0.431000,1.000000"/>
        </ColorEntry>
        <ColorEntry index="Enemy">
            <Value index="Default" value="0.431000,0.000000,0.000000,1.000000"/>
        </ColorEntry>
        <ColorEntry index="TeamOrder">
            <Value index="Default" value="0.000000,0.196000,0.431000,1.000000"/>
        </ColorEntry>
        <ColorEntry index="TeamChaos">
            <Value index="Default" value="0.431000,0.000000,0.000000,1.000000"/>
        </ColorEntry>
    </CColorStyle>
    <CColorStyle id="DoT">
        <ColorEntry index="DefaultNeutral">
            <Value index="Default" value="0.588000,0.459000,0.047000,1.000000"/>
        </ColorEntry>
    </CColorStyle>
</Catalog>
