<?xml version="1.0" encoding="us-ascii"?>
<Catalog>
    <SCommanderTalentTree/>
    <SCommanderMasteryTalent>
        <MaxValuePrecision value="2"/>
    </SCommanderMasteryTalent>
    <SCommanderDifficultyLevel/>
    <CCommander default="1">
        <RequiredRewardArray value="Commander##id##"/>
        <Name value="Commander/Name/##id##"/>
        <StoreName value="Commander/Name/##id##"/>
        <Description value="Commander/Description/##id##"/>
        <PurchaseMessage value="UI/CampaignPurchase/InfoDialog/##id##/Description"/>
        <Details value="Commander/Details/##id##"/>
        <Portrait value="Assets\Textures\UI_commanderportrait_##id##.dds"/>
        <HomePanelImage value="Assets\Textures\ui_homepanel_commander_##id##.dds"/>
        <CutsceneFilterSelf value="##id##"/>
        <CutsceneFilterAlly value="##id##Ally"/>
        <LoadingImage value="Assets\Textures\ui_loading_coop_hero_##id##.dds"/>
        <LoadingImageAlly value="Assets\Textures\ui_loading_coop_hero_##id##.dds"/>
        <TraitIcon value="Assets\Textures\SC2_UI_Coop_Detail_Background_##id##.dds"/>
        <CommanderAbilTitle value="Commander/AbilTitle/##id##"/>
        <Movie value="Assets\Textures\video_AC_##id##.ogv"/>
        <MasteryMaxRank value="90"/>
        <FeaturedImagePath value="Assets\Textures\SC2_UI_Collection_Featured_Bundle_Commander_##id##.dds"/>
        <FeaturedDescription value="Commander/Details/##id##"/>
        <ProfileImagePath value="Assets\Textures\SC2_UI_UserProfile_Summary_Commander_##id##.dds"/>
        <StoreTypeName value="UI/StoreTypeName/Commander"/>
        <LearnMoreBackgroundImage value="Assets\Textures\UI_Battlenet_Glue_Campaign_Purchase_Logo_##id##.dds"/>
        <LearnMoreImage1 value="Assets\Textures\UI_Battlenet_Glue_Campaign_Purchase_Thumb_##id##_Standard_01.dds"/>
        <LearnMoreImage2 value="Assets\Textures\UI_Battlenet_Glue_Campaign_Purchase_Thumb_##id##_Standard_02.dds"/>
        <LearnMoreImage3 value="Assets\Textures\UI_Battlenet_Glue_Campaign_Purchase_Thumb_##id##_Standard_03.dds"/>
        <LearnMoreTitleText1 value="UI/CampaignPurchase/InfoDialog/##id##/Standard/Item1/Title"/>
        <LearnMoreTitleText2 value="UI/CampaignPurchase/InfoDialog/##id##/Standard/Item2/Title"/>
        <LearnMoreTitleText3 value="UI/CampaignPurchase/InfoDialog/##id##/Standard/Item3/Title"/>
        <LearnMoreBodyText1 value="UI/CampaignPurchase/InfoDialog/##id##/Standard/Item1/Description"/>
        <LearnMoreBodyText2 value="UI/CampaignPurchase/InfoDialog/##id##/Standard/Item2/Description"/>
        <LearnMoreBodyText3 value="UI/CampaignPurchase/InfoDialog/##id##/Standard/Item3/Description"/>
        <Color value="255,255,255"/>
        <CommanderPrestigeAchievementId value="0"/>
    </CCommander>
</Catalog>
