<?xml version="1.0" encoding="us-ascii"?>
<Catalog>
    <CConsoleSkin default="1">
        <Name value="ConsoleSkin/Name/##id##"/>
        <StoreName value="ConsoleSkin/StoreName/##id##"/>
        <StoreTypeName value="UI/StoreTypeName/ConsoleSkin"/>
        <Description value="ConsoleSkin/Description/##id##"/>
        <ThumbnailImage value="Assets/Textures/SC2_UI_Collection_HUDs_Thumb_##id##.dds"/>
        <FeaturedImage value="Assets/Textures/SC2_UI_Collection_HUDs_Large_##id##.dds"/>
        <SkinId value=""/>
    </CConsoleSkin>
</Catalog>
