<?xml version="1.0" encoding="utf-8"?>
<Catalog>
    <CDataCollection default="1">
        <Name value="DataCollection/Name/##id##"/>
        <Button value="##id##"/>
        <EditorCategories value="DataGroup:Template,Race:Neutral"/>
        <EditorIconSource value="Button"/>
    </CDataCollection>
    <CDataCollectionUnit default="1">
        <TechInfoUnit value="##id##"/>
    </CDataCollectionUnit>
    <CDataCollectionAbil default="1">
        <TechInfoAbil value="##id##"/>
    </CDataCollectionAbil>
    <CDataCollectionUpgrade default="1">
        <TechInfoUpgrade value="##id##"/>
    </CDataCollectionUpgrade>
</Catalog>
