<?xml version="1.0" encoding="us-ascii"?>
<EditorToolBars>

<!-- Module Default -->
<toolbar label="Module.Default">
    <item><text>EDSTR_MENU_FILE_NEW</text>          <icon>ToolBarNew</icon>             <command>New</command>              </item>
    <item><text>EDSTR_MENU_FILE_OPEN</text>         <icon>ToolBarOpen</icon>            <command>Open</command>             </item>
    <item><text>EDSTR_MENU_FILE_SAVE</text>         <icon>ToolBarSave</icon>            <command>Save</command>             </item>
    <item><separator/></item>
    <item><text>EDSTR_MENU_EDIT_UNDO</text>         <icon>ToolBarUndo</icon>            <command>Undo</command>             </item>
    <item><text>EDSTR_MENU_EDIT_REDO</text>         <icon>ToolBarRedo</icon>            <command>Redo</command>             </item>
    <item><separator/></item>
    <item><text>EDSTR_MENU_EDIT_CUT</text>          <icon>ToolBarCut</icon>             <command>Cut</command>              </item>
    <item><text>EDSTR_MENU_EDIT_COPY</text>         <icon>ToolBarCopy</icon>            <command>Copy</command>             </item>
    <item><text>EDSTR_MENU_EDIT_PASTE</text>        <icon>ToolBarPaste</icon>           <command>Paste</command>            </item>
    <item><separator/></item>
    <item><text>EDSTR_MENU_MODULE_TERRAIN</text>    <icon>ToolBarModuleTerrain</icon>   <command>ModuleTerrain</command>    </item>
    <item><text>EDSTR_MENU_MODULE_TRIGGERS</text>   <icon>ToolBarModuleTriggers</icon>  <command>ModuleTriggers</command>   </item>
    <item><text>EDSTR_MENU_MODULE_OBJECT</text>     <icon>ToolBarModuleObject</icon>    <command>ModuleObject</command>     </item>
    <item><text>EDSTR_MENU_MODULE_TEXT</text>       <icon>ToolBarModuleText</icon>      <command>ModuleText</command>       </item>
    <item><text>EDSTR_MENU_MODULE_IMPORTS</text>    <icon>ToolBarModuleImports</icon>   <command>ModuleImports</command>    </item>
    <item><text>EDSTR_MENU_MODULE_AI</text>         <icon>ToolBarModuleAI</icon>        <command>ModuleAI</command>         </item>
    <item><text>EDSTR_MENU_MODULE_UI</text>         <icon>ToolBarModuleUI</icon>        <command>ModuleUI</command>         </item>
    <item><text>EDSTR_MENU_MODULE_CUTSCENES</text>  <icon>ToolBarModuleCutscenes</icon> <command>ModuleCutscenes</command>   </item>
    <item><text>EDSTR_MENU_MODULE_OVERVIEW</text>   <icon>ToolBarModuleOverview</icon>  <command>ModuleOverview</command>   </item>
    <item><separator/></item>
    <item><text>EDSTR_MENU_FILE_TESTDOC</text>      <icon>ToolBarTestDoc</icon>         <command>TestDoc</command>          </item>
</toolbar>
     
<!-- Terrain Editor -->
<toolbar label="Module.TerrainEditor">
    <item><text>EDSTR_MENU_FILE_NEW</text>              <icon>ToolBarNew</icon>             <command>New</command>              </item>
    <item><text>EDSTR_MENU_FILE_OPEN</text>             <icon>ToolBarOpen</icon>            <command>Open</command>             </item>
    <item><text>EDSTR_MENU_FILE_SAVE</text>             <icon>ToolBarSave</icon>            <command>Save</command>             </item>
    <item><separator/></item>
    <item><text>EDSTR_MENU_EDIT_UNDO</text>             <icon>ToolBarUndo</icon>            <command>Undo</command>             </item>
    <item><text>EDSTR_MENU_EDIT_REDO</text>             <icon>ToolBarRedo</icon>            <command>Redo</command>             </item>
    <item><separator/></item>
    <item><text>EDSTR_MENU_EDIT_CUT</text>              <icon>ToolBarCut</icon>             <command>Cut</command>              </item>
    <item><text>EDSTR_MENU_EDIT_COPY</text>             <icon>ToolBarCopy</icon>            <command>Copy</command>             </item>
    <item><text>EDSTR_MENU_EDIT_PASTE</text>            <icon>ToolBarPaste</icon>           <command>Paste</command>            </item>
    <item><separator/></item>
    <item><text>EDSTR_MENU_TERRAIN_LAYERTERRAIN</text>  <icon>ToolBarLayerTerrain</icon>    <command>TerrainLayerTerrain</command>      </item>
    <item><text>EDSTR_MENU_TERRAIN_LAYERUNITS</text>    <icon>ToolBarLayerUnits</icon>      <command>TerrainLayerUnits</command>        </item>
    <item><text>EDSTR_MENU_TERRAIN_LAYERDOODADS</text>  <icon>ToolBarLayerDoodads</icon>    <command>TerrainLayerDoodads</command>      </item>
    <item><text>EDSTR_MENU_TERRAIN_LAYERPOINTS</text>   <icon>ToolBarLayerPoints</icon>     <command>TerrainLayerPoints</command>       </item>
    <item><text>EDSTR_MENU_TERRAIN_LAYERREGIONS</text>  <icon>ToolBarLayerRegions</icon>    <command>TerrainLayerRegions</command>      </item>
    <item><text>EDSTR_MENU_TERRAIN_LAYERCAMERAS</text>  <icon>ToolBarLayerCameras</icon>    <command>TerrainLayerCameras</command>      </item>
    <item><text>EDSTR_MENU_TERRAIN_LAYERPATHING</text>  <icon>ToolBarLayerPathing</icon>    <command>TerrainLayerPathing</command>      </item>
    <item><separator/></item>
    <item><text>EDSTR_MENU_GIZMO_TYPE_NONE</text>       <icon>ToolBarGizmoNone</icon>       <command>GizmoNone</command>        </item>
    <item><text>EDSTR_MENU_GIZMO_TYPE_TRANSLATE</text>  <icon>ToolBarGizmoTranslate</icon>  <command>GizmoTranslate</command>   </item>
    <item><text>EDSTR_MENU_GIZMO_TYPE_ROTATE</text>     <icon>ToolBarGizmoRotate</icon>     <command>GizmoRotate</command>      </item>
    <item><text>EDSTR_MENU_GIZMO_TYPE_SCALE</text>      <icon>ToolBarGizmoScale</icon>      <command>GizmoScale</command>       </item>
    <item><separator/></item>
    <item><text>EDSTR_MENU_GIZMO_SPACE_WORLD</text>     <icon>ToolBarGizmoSpaceWorld</icon> <command>GizmoSpaceWorld</command>  </item>
    <item><text>EDSTR_MENU_GIZMO_SPACE_LOCAL</text>     <icon>ToolBarGizmoSpaceLocal</icon> <command>GizmoSpaceLocal</command>  </item>
    <item><text>EDSTR_MENU_GIZMO_SPACE_OBJECT</text>    <icon>ToolBarGizmoSpaceObject</icon><command>GizmoSpaceObject</command> </item>
    <item><separator/></item>
    <item><text>EDSTR_MENU_MODULE_TERRAIN</text>        <icon>ToolBarModuleTerrain</icon>   <command>ModuleTerrain</command>    </item>
    <item><text>EDSTR_MENU_MODULE_TRIGGERS</text>       <icon>ToolBarModuleTriggers</icon>  <command>ModuleTriggers</command>   </item>
    <item><text>EDSTR_MENU_MODULE_OBJECT</text>         <icon>ToolBarModuleObject</icon>    <command>ModuleObject</command>     </item>
    <item><text>EDSTR_MENU_MODULE_TEXT</text>           <icon>ToolBarModuleText</icon>      <command>ModuleText</command>       </item>
    <item><text>EDSTR_MENU_MODULE_IMPORTS</text>        <icon>ToolBarModuleImports</icon>   <command>ModuleImports</command>    </item>
    <item><text>EDSTR_MENU_MODULE_AI</text>             <icon>ToolBarModuleAI</icon>        <command>ModuleAI</command>         </item>
    <item><text>EDSTR_MENU_MODULE_UI</text>             <icon>ToolBarModuleUI</icon>        <command>ModuleUI</command>         </item>
    <item><text>EDSTR_MENU_MODULE_CUTSCENES</text>      <icon>ToolBarModuleCutscenes</icon> <command>ModuleCutscenes</command>  </item>
    <item><text>EDSTR_MENU_MODULE_OVERVIEW</text>       <icon>ToolBarModuleOverview</icon>  <command>ModuleOverview</command>   </item>
    <item><separator/></item>
    <item><text>EDSTR_MENU_FILE_TESTDOC</text>          <icon>ToolBarTestDoc</icon>         <command>TestDoc</command>          </item>
</toolbar>

<!-- Trigger Editor -->
<toolbar label="Module.TriggerEditor">
    <item><text>EDSTR_MENU_FILE_NEW</text>                  <icon>ToolBarNew</icon>                     <command>New</command>                      </item>
    <item><text>EDSTR_MENU_FILE_OPEN</text>                 <icon>ToolBarOpen</icon>                    <command>Open</command>                     </item>
    <item><text>EDSTR_MENU_FILE_SAVE</text>                 <icon>ToolBarSave</icon>                    <command>Save</command>                     </item>
    <item><separator/></item>
    <item><text>EDSTR_MENU_EDIT_UNDO</text>                 <icon>ToolBarUndo</icon>                    <command>Undo</command>                     </item>
    <item><text>EDSTR_MENU_EDIT_REDO</text>                 <icon>ToolBarRedo</icon>                    <command>Redo</command>                     </item>
    <item><separator/></item>
    <item><text>EDSTR_MENU_EDIT_CUT</text>                  <icon>ToolBarCut</icon>                     <command>Cut</command>                      </item>
    <item><text>EDSTR_MENU_EDIT_COPY</text>                 <icon>ToolBarCopy</icon>                    <command>Copy</command>                     </item>
    <item><text>EDSTR_MENU_EDIT_PASTE</text>                <icon>ToolBarPaste</icon>                   <command>Paste</command>                    </item>
    <item><separator/></item>
    <item><text>EDSTR_MENU_TRIGGER_HISTORYBACK</text>       <icon>ToolBarBack</icon>                    <command>TriggerHistoryBack</command>       </item>
    <item><text>EDSTR_MENU_TRIGGER_HISTORYFORWARD</text>    <icon>ToolBarForward</icon>                 <command>TriggerHistoryForward</command>    </item>
    <item><separator/></item>
    <item><text>EDSTR_MENU_TRIGGER_TOGRAWDATA</text>        <icon>ToolBarObjectRawData</icon>           <command>TriggerToggleRawData</command>     </item>
    <item><separator/></item>    
    <item><text>EDSTR_MENU_TRIGGER_TOGLIBRARY</text>        <icon>ToolBarTriggerShowLibraries</icon>    <command>TriggerToggleLibrary</command>     </item>
    <item><text>EDSTR_MENU_TRIGGER_TOGSUBVIEWS</text>       <icon>ToolBarTriggerShowSubviews</icon>     <command>TriggerToggleSubviews</command>    </item>
    <item><separator/></item>
    <item><text>EDSTR_MENU_TRIGGER_NEWELEMENT</text>        <icon>ToolBarTriggerNewElement</icon>       <command>TriggerNewElement</command>        </item>
    <item><separator/></item>
    <item><text>EDSTR_MENU_TRIGGER_NEWCATEGORY</text>       <icon>ToolBarTriggerNewCategory</icon>      <command>TriggerNewCategory</command>       </item>
    <item><text>EDSTR_MENU_TRIGGER_NEWCOMMENT</text>        <icon>ToolBarTriggerNewComment</icon>       <command>TriggerNewComment</command>        </item>
    <item><text>EDSTR_MENU_TRIGGER_NEWTRIGGER</text>        <icon>ToolBarTriggerNewTrigger</icon>       <command>TriggerNewTrigger</command>        </item>
    <item><separator/></item>
    <item><text>EDSTR_MENU_TRIGGER_NEWEVENT</text>          <icon>ToolBarTriggerNewEvent</icon>         <command>TriggerNewEvent</command>          </item>
    <item><text>EDSTR_MENU_TRIGGER_NEWCONDITION</text>      <icon>ToolBarTriggerNewCondition</icon>     <command>TriggerNewCondition</command>      </item>
    <item><text>EDSTR_MENU_TRIGGER_NEWACTION</text>         <icon>ToolBarTriggerNewAction</icon>        <command>TriggerNewAction</command>         </item>
    <item><separator/></item>
    <item><text>EDSTR_MENU_TRIGGER_NEWCONDITIONDEF</text>   <icon>ToolBarTriggerNewConditionDef</icon>  <command>TriggerNewConditionDef</command>   </item>
    <item><text>EDSTR_MENU_TRIGGER_NEWACTIONDEF</text>      <icon>ToolBarTriggerNewActionDef</icon>     <command>TriggerNewActionDef</command>      </item>
    <item><text>EDSTR_MENU_TRIGGER_NEWFUNCTIONDEF</text>    <icon>ToolBarTriggerNewFunctionDef</icon>   <command>TriggerNewFunctionDef</command>    </item>
    <item><separator/></item>
    <item><text>EDSTR_MENU_TRIGGER_NEWPARAMETER</text>      <icon>ToolBarTriggerNewParameter</icon>     <command>TriggerNewParameter</command>      </item>
    <item><text>EDSTR_MENU_TRIGGER_NEWPRESET</text>         <icon>ToolBarTriggerNewPreset</icon>        <command>TriggerNewPreset</command>         </item>
    <item><text>EDSTR_MENU_TRIGGER_NEWPRESETVALUE</text>    <icon>ToolBarTriggerNewPresetValue</icon>   <command>TriggerNewPresetValue</command>    </item>
    <item><text>EDSTR_MENU_TRIGGER_NEWSTRUCTURE</text>      <icon>ToolBarTriggerNewStructure</icon>     <command>TriggerNewStructure</command>      </item>
    <item><text>EDSTR_MENU_TRIGGER_NEWSUBFUNCTYPE</text>    <icon>ToolBarTriggerNewSubFuncType</icon>   <command>TriggerNewSubFuncType</command>    </item>
    <item><text>EDSTR_MENU_TRIGGER_NEWVARIABLE</text>       <icon>ToolBarTriggerNewVariable</icon>      <command>TriggerNewVariable</command>       </item>
    <item><separator/></item>
    <item><text>EDSTR_MENU_MODULE_TERRAIN</text>            <icon>ToolBarModuleTerrain</icon>           <command>ModuleTerrain</command>            </item>
    <item><text>EDSTR_MENU_MODULE_TRIGGERS</text>           <icon>ToolBarModuleTriggers</icon>          <command>ModuleTriggers</command>           </item>
    <item><text>EDSTR_MENU_MODULE_OBJECT</text>             <icon>ToolBarModuleObject</icon>            <command>ModuleObject</command>             </item>
    <item><text>EDSTR_MENU_MODULE_TEXT</text>               <icon>ToolBarModuleText</icon>              <command>ModuleText</command>               </item>
    <item><text>EDSTR_MENU_MODULE_IMPORTS</text>            <icon>ToolBarModuleImports</icon>           <command>ModuleImports</command>            </item>
    <item><text>EDSTR_MENU_MODULE_AI</text>                 <icon>ToolBarModuleAI</icon>                <command>ModuleAI</command>                 </item>
    <item><text>EDSTR_MENU_MODULE_UI</text>                 <icon>ToolBarModuleUI</icon>                <command>ModuleUI</command>                 </item>
    <item><text>EDSTR_MENU_MODULE_CUTSCENES</text>          <icon>ToolBarModuleCutscenes</icon>         <command>ModuleCutscenes</command>   </item>
    <item><text>EDSTR_MENU_MODULE_OVERVIEW</text>           <icon>ToolBarModuleOverview</icon>          <command>ModuleOverview</command>           </item>
    <item><separator/></item>
    <item><text>EDSTR_MENU_FILE_TESTDOC</text>              <icon>ToolBarTestDoc</icon>                 <command>TestDoc</command>                  </item>
</toolbar>

<!-- Object/Data Editor -->
<toolbar label="Module.ObjectEditor">
    <item><text>EDSTR_MENU_FILE_NEW</text>                  <icon>ToolBarNew</icon>                 <command>New</command>                      </item>
    <item><text>EDSTR_MENU_FILE_OPEN</text>                 <icon>ToolBarOpen</icon>                <command>Open</command>                     </item>
    <item><text>EDSTR_MENU_FILE_SAVE</text>                 <icon>ToolBarSave</icon>                <command>Save</command>                     </item>
    <item><separator/></item>
    <item><text>EDSTR_MENU_EDIT_UNDO</text>                 <icon>ToolBarUndo</icon>                <command>Undo</command>                     </item>
    <item><text>EDSTR_MENU_EDIT_REDO</text>                 <icon>ToolBarRedo</icon>                <command>Redo</command>                     </item>
    <item><separator/></item>
    <item><text>EDSTR_MENU_EDIT_CUT</text>                  <icon>ToolBarCut</icon>                 <command>Cut</command>                      </item>
    <item><text>EDSTR_MENU_EDIT_COPY</text>                 <icon>ToolBarCopy</icon>                <command>Copy</command>                     </item>
    <item><text>EDSTR_MENU_EDIT_PASTE</text>                <icon>ToolBarPaste</icon>               <command>Paste</command>                    </item>
    <item><separator/></item>
    <item><text>EDSTR_MENU_OBJED_TOGEASYMODE</text>          <icon>ToolBarObjectEasyMode</icon>       <command>ObjEdToggleEasyMode</command>       </item>
    <item><separator/></item>
    <item><text>EDSTR_MENU_OBJED_TOGOBJECTLIST</text>       <icon>ToolBarObjectList</icon>          <command>ObjEdToggleObjectList</command>    </item>
    <item><text>EDSTR_MENU_OBJED_TOGMULTISOURCE</text>      <icon>ToolBarObjectMultiSource</icon>   <command>ObjEdToggleMultiSource</command>   </item>
    <item><text>EDSTR_MENU_OBJED_TOGSHOWEXPLORER</text>     <icon>ToolBarObjectExplorer</icon>      <command>ObjEdToggleExplorer</command>      </item>
    <item><text>EDSTR_MENU_EDIT_VIEWINDATANAV</text>        <icon>ToolBarObjectDataNavigator</icon> <command>ObjectViewInDataNavigator</command></item>
    <item><separator/></item>
    <item><separator/></item>
    <item><text>EDSTR_MENU_OBJED_TABLEVIEW</text>           <icon>ToolBarObjectTableView</icon>     <command>ObjEdTableView</command>           </item>
    <item><text>EDSTR_MENU_OBJED_DETAILVIEW</text>          <icon>ToolBarObjectDetailView</icon>    <command>ObjEdDetailView</command>          </item>
    <item><text>EDSTR_MENU_OBJED_XMLVIEW</text>             <icon>ToolBarObjectXMLView</icon>       <command>ObjEdXMLView</command>             </item>
    <item><text>EDSTR_MENU_OBJED_WIZARDVIEW</text>          <icon>ToolBarObjectWizardView</icon>    <command>ObjEdWizardView</command>          </item>
    <item><separator/></item>
    <item><separator/></item>
    <item><text>EDSTR_MENU_OBJED_TOGSORTBYSOURCE</text>     <icon>ToolBarObjectDefault</icon>       <command>ObjEdToggleSortBySource</command>  </item>
    <item><text>EDSTR_MENU_OBJED_TOGSHOWBASICLABEL</text>   <icon>ToolBarObjectAdvanced</icon>      <command>ObjEdToggleShowBasicLabel</command></item>
    <item><text>EDSTR_MENU_OBJED_TOGSHOWFIELDCATS</text>    <icon>ToolBarObjectFieldType</icon>     <command>ObjEdToggleShowFieldCats</command> </item>
    <item><text>EDSTR_MENU_OBJED_TOGSHOWSTRUCTURES</text>   <icon>ToolBarObjectStructure</icon>     <command>ObjEdToggleShowStructures</command></item>
    <item><text>EDSTR_MENU_OBJED_TOGSHOWFIELDDIFF</text>    <icon>ToolBarObjectFieldDiff</icon>     <command>ObjEdToggleShowFieldDiff</command> </item>
    <item><text>EDSTR_MENU_OBJED_TOGSYNTAXHIGHLIGHT</text>  <icon>ToolBarObjectSyntaxHighlight</icon><command>ObjEdToggleSyntaxHighlight</command></item>
    <item><separator/></item>
    <item><text>EDSTR_MENU_OBJED_COMMITXML</text>           <icon>ToolBarCommitXML</icon>           <command>ObjEdCommitXML</command>           </item>
    <item><separator/></item>
    <item><text>EDSTR_MENU_MODULE_TERRAIN</text>            <icon>ToolBarModuleTerrain</icon>       <command>ModuleTerrain</command>            </item>
    <item><text>EDSTR_MENU_MODULE_TRIGGERS</text>           <icon>ToolBarModuleTriggers</icon>      <command>ModuleTriggers</command>           </item>
    <item><text>EDSTR_MENU_MODULE_OBJECT</text>             <icon>ToolBarModuleObject</icon>        <command>ModuleObject</command>             </item>
    <item><text>EDSTR_MENU_MODULE_TEXT</text>               <icon>ToolBarModuleText</icon>          <command>ModuleText</command>               </item>
    <item><text>EDSTR_MENU_MODULE_IMPORTS</text>            <icon>ToolBarModuleImports</icon>       <command>ModuleImports</command>            </item>
    <item><text>EDSTR_MENU_MODULE_AI</text>                 <icon>ToolBarModuleAI</icon>            <command>ModuleAI</command>                 </item>
    <item><text>EDSTR_MENU_MODULE_UI</text>                 <icon>ToolBarModuleUI</icon>            <command>ModuleUI</command>                 </item>
    <item><text>EDSTR_MENU_MODULE_CUTSCENES</text>          <icon>ToolBarModuleCutscenes</icon>     <command>ModuleCutscenes</command>   </item>
    <item><text>EDSTR_MENU_MODULE_OVERVIEW</text>           <icon>ToolBarModuleOverview</icon>      <command>ModuleOverview</command>           </item>
    <item><separator/></item>
    <item><text>EDSTR_MENU_FILE_TESTDOC</text>              <icon>ToolBarTestDoc</icon>             <command>TestDoc</command>                  </item>
</toolbar>
    
<!-- AI Editor -->
<toolbar label="Module.AIEditor">
    <item><text>EDSTR_MENU_FILE_NEW</text>          <icon>ToolBarNew</icon>             <command>New</command>              </item>
    <item><text>EDSTR_MENU_FILE_OPEN</text>         <icon>ToolBarOpen</icon>            <command>Open</command>             </item>
    <item><text>EDSTR_MENU_FILE_SAVE</text>         <icon>ToolBarSave</icon>            <command>Save</command>             </item>
    <item><separator/></item>
    <item><text>EDSTR_MENU_EDIT_UNDO</text>         <icon>ToolBarUndo</icon>            <command>Undo</command>             </item>
    <item><text>EDSTR_MENU_EDIT_REDO</text>         <icon>ToolBarRedo</icon>            <command>Redo</command>             </item>
    <item><separator/></item>
    <item><text>EDSTR_MENU_EDIT_CUT</text>          <icon>ToolBarCut</icon>             <command>Cut</command>              </item>
    <item><text>EDSTR_MENU_EDIT_COPY</text>         <icon>ToolBarCopy</icon>            <command>Copy</command>             </item>
    <item><text>EDSTR_MENU_EDIT_PASTE</text>        <icon>ToolBarPaste</icon>           <command>Paste</command>            </item>
    <item><separator/></item>
    <item><text>EDSTR_MENU_AI_ADDDEFINITION</text>  <icon>ToolBarAIDefinitionAdd</icon> <command>AIDefinitionAdd</command>  </item>
    <item><separator/></item>
    <item><text>EDSTR_MENU_AI_ADDWAVE</text>        <icon>ToolBarAIWaveAdd</icon>       <command>AIWaveAdd</command>        </item>
    <item><text>EDSTR_MENU_AI_ADDWAVELINK</text>    <icon>ToolBarAIWaveAddLink</icon>   <command>AIWaveAddLink</command>    </item>
    <item><text>EDSTR_MENU_AI_ADDCOMMENT</text>     <icon>ToolBarAIWaveAddComment</icon><command>AIWaveAddComment</command> </item>
    <item><separator/></item>
    <item><text>EDSTR_MENU_AI_MOVEUP</text>         <icon>ToolBarMoveUp</icon>          <command>AIMoveUp</command>         </item>
    <item><text>EDSTR_MENU_AI_MOVEDOWN</text>       <icon>ToolBarMoveDown</icon>        <command>AIMoveDown</command>       </item>
    <item><separator/></item>
    <item><text>EDSTR_MENU_MODULE_TERRAIN</text>    <icon>ToolBarModuleTerrain</icon>   <command>ModuleTerrain</command>    </item>
    <item><text>EDSTR_MENU_MODULE_TRIGGERS</text>   <icon>ToolBarModuleTriggers</icon>  <command>ModuleTriggers</command>   </item>
    <item><text>EDSTR_MENU_MODULE_OBJECT</text>     <icon>ToolBarModuleObject</icon>    <command>ModuleObject</command>     </item>
    <item><text>EDSTR_MENU_MODULE_TEXT</text>       <icon>ToolBarModuleText</icon>      <command>ModuleText</command>       </item>
    <item><text>EDSTR_MENU_MODULE_IMPORTS</text>    <icon>ToolBarModuleImports</icon>   <command>ModuleImports</command>    </item>
    <item><text>EDSTR_MENU_MODULE_AI</text>         <icon>ToolBarModuleAI</icon>        <command>ModuleAI</command>         </item>
    <item><text>EDSTR_MENU_MODULE_UI</text>         <icon>ToolBarModuleUI</icon>        <command>ModuleUI</command>         </item>
    <item><text>EDSTR_MENU_MODULE_CUTSCENES</text>  <icon>ToolBarModuleCutscenes</icon> <command>ModuleCutscenes</command>   </item>
    <item><text>EDSTR_MENU_MODULE_OVERVIEW</text>   <icon>ToolBarModuleOverview</icon>  <command>ModuleOverview</command>   </item>
    <item><separator/></item>
    <item><text>EDSTR_MENU_FILE_TESTDOC</text>      <icon>ToolBarTestDoc</icon>         <command>TestDoc</command>          </item>
</toolbar>
    
<!-- UI Editor -->
<toolbar label="Module.UIEditor">
    <item><text>EDSTR_MENU_FILE_NEW</text>          <icon>ToolBarNew</icon>             <command>New</command>              </item>
    <item><text>EDSTR_MENU_FILE_OPEN</text>         <icon>ToolBarOpen</icon>            <command>Open</command>             </item>
    <item><text>EDSTR_MENU_FILE_SAVE</text>         <icon>ToolBarSave</icon>            <command>Save</command>             </item>
    <item><separator/></item>
    <item><text>EDSTR_MENU_EDIT_UNDO</text>         <icon>ToolBarUndo</icon>            <command>Undo</command>             </item>
    <item><text>EDSTR_MENU_EDIT_REDO</text>         <icon>ToolBarRedo</icon>            <command>Redo</command>             </item>
    <item><separator/></item>
    <item><text>EDSTR_MENU_EDIT_CUT</text>          <icon>ToolBarCut</icon>             <command>Cut</command>              </item>
    <item><text>EDSTR_MENU_EDIT_COPY</text>         <icon>ToolBarCopy</icon>            <command>Copy</command>             </item>
    <item><text>EDSTR_MENU_EDIT_PASTE</text>        <icon>ToolBarPaste</icon>           <command>Paste</command>            </item>
    <item><separator/></item>
    <item><text>EDSTR_MENU_UI_TOGSYNTAXHIGHLIGHT</text> <icon>ToolBarObjectSyntaxHighlight</icon>   <command>UIToggleSyntaxHighlight</command>  </item>
    <item><separator/></item>
    <item><text>EDSTR_MENU_MODULE_TERRAIN</text>    <icon>ToolBarModuleTerrain</icon>   <command>ModuleTerrain</command>    </item>
    <item><text>EDSTR_MENU_MODULE_TRIGGERS</text>   <icon>ToolBarModuleTriggers</icon>  <command>ModuleTriggers</command>   </item>
    <item><text>EDSTR_MENU_MODULE_OBJECT</text>     <icon>ToolBarModuleObject</icon>    <command>ModuleObject</command>     </item>
    <item><text>EDSTR_MENU_MODULE_TEXT</text>       <icon>ToolBarModuleText</icon>      <command>ModuleText</command>       </item>
    <item><text>EDSTR_MENU_MODULE_IMPORTS</text>    <icon>ToolBarModuleImports</icon>   <command>ModuleImports</command>    </item>
    <item><text>EDSTR_MENU_MODULE_AI</text>         <icon>ToolBarModuleAI</icon>        <command>ModuleAI</command>         </item>
    <item><text>EDSTR_MENU_MODULE_UI</text>         <icon>ToolBarModuleUI</icon>        <command>ModuleUI</command>         </item>
    <item><text>EDSTR_MENU_MODULE_CUTSCENES</text>  <icon>ToolBarModuleCutscenes</icon> <command>ModuleCutscenes</command>   </item>
    <item><text>EDSTR_MENU_MODULE_OVERVIEW</text>   <icon>ToolBarModuleOverview</icon>  <command>ModuleOverview</command>   </item>
    <item><separator/></item>
    <item><text>EDSTR_MENU_FILE_TESTDOC</text>      <icon>ToolBarTestDoc</icon>         <command>TestDoc</command>          </item>
</toolbar>
  
<!-- Cutscene Editor -->
<toolbar label="Module.CutsceneEditor">
    <item><text>EDSTR_MENU_FILE_NEW</text>                    <icon>ToolBarNew</icon>                     <command>New</command>              </item>
    <item><text>EDSTR_MENU_FILE_OPEN</text>                   <icon>ToolBarOpen</icon>                    <command>Open</command>             </item>
    <item><text>EDSTR_MENU_FILE_SAVE</text>                   <icon>ToolBarSave</icon>                    <command>Save</command>             </item>
    <item><separator/></item>
    <item><text>EDSTR_MENU_EDIT_UNDO</text>                   <icon>ToolBarUndo</icon>                    <command>Undo</command>             </item>
    <item><text>EDSTR_MENU_EDIT_REDO</text>                   <icon>ToolBarRedo</icon>                    <command>Redo</command>             </item>
    <item><separator/></item>
    <item><text>EDSTR_MENU_EDIT_CUT</text>                    <icon>ToolBarCut</icon>                     <command>Cut</command>              </item>
    <item><text>EDSTR_MENU_EDIT_COPY</text>                   <icon>ToolBarCopy</icon>                    <command>Copy</command>             </item>
    <item><text>EDSTR_MENU_EDIT_PASTE</text>                  <icon>ToolBarPaste</icon>                   <command>Paste</command>            </item>
    <item><separator/></item>
    <item><text>EDSTR_MENU_GIZMO_TYPE_NONE</text>             <icon>ToolBarGizmoNone</icon>               <command>GizmoNone</command>        </item>
    <item><text>EDSTR_MENU_GIZMO_TYPE_TRANSLATE</text>        <icon>ToolBarGizmoTranslate</icon>          <command>GizmoTranslate</command>   </item>
    <item><text>EDSTR_MENU_GIZMO_TYPE_ROTATE</text>           <icon>ToolBarGizmoRotate</icon>             <command>GizmoRotate</command>      </item>
    <item><text>EDSTR_MENU_GIZMO_TYPE_SCALE</text>            <icon>ToolBarGizmoScale</icon>              <command>GizmoScale</command>       </item>
    <item><separator/></item>
    <item><text>EDSTR_MENU_GIZMO_SPACE_WORLD</text>           <icon>ToolBarGizmoSpaceWorld</icon>         <command>GizmoSpaceWorld</command>  </item>
    <item><text>EDSTR_MENU_GIZMO_SPACE_LOCAL</text>           <icon>ToolBarGizmoSpaceLocal</icon>         <command>GizmoSpaceLocal</command>  </item>
    <item><text>EDSTR_MENU_GIZMO_SPACE_OBJECT</text>          <icon>ToolBarGizmoSpaceObject</icon>        <command>GizmoSpaceObject</command> </item>
    <item><separator/></item>
    <item><text>EDSTR_MENU_PREVIEWER_SELECTIONBRUSH</text>    <icon>ToolBarPreviewSelectionBrush</icon>   <command>PreviewerSelectionBrush</command>    </item>
    <item><text>EDSTR_MENU_PREVIEWER_PATHMARKERBRUSH</text>   <icon>ToolBarPreviewPathMarkerBrush</icon>  <command>PreviewerPathMarkerBrush</command>   </item>
    <item><separator/></item>
    <item><text>EDSTR_MENU_GIZMO_MODE_NORMAL</text>           <icon>PalettePointTypeNormal</icon>         <command>GizmoNormalMode</command>   </item>
    <item><text>EDSTR_MENU_GIZMO_MODE_EYE</text>              <icon>ToolBarPreviewEyeGizmo</icon>         <command>PreviewerEyeGizmoMode</command>      </item>
    <item><text>EDSTR_MENU_GIZMO_MODE_TARGET</text>           <icon>ToolBarPreviewTargetGizmo</icon>      <command>PreviewerTargetGizmoMode</command>   </item>
    <item><separator/></item>
    <item><text>EDSTR_MENU_PREVIEWER_TOGDEBUGOBJS</text>      <icon>ToolBarPreviewDebugRender</icon>      <command>PreviewerDebugRenderToggle</command>     </item>
    <item><text>EDSTR_MENU_PREVIEWER_TOGDEBUGTIME</text>      <icon>ToolBarPreviewDebugTime</icon>        <command>PreviewerDebugTimestampToggle</command>  </item>
    <item><separator/></item> 
    <item><text>EDSTR_MENU_PREVIEWER_CURVEEDITORWINDOW</text><icon>ToolBarCurveEditor</icon>             <command>PreviewerShowCurveEditorWindow</command>  </item>
    <item><separator/></item>
    <item><text>EDSTR_MENU_PREVIEWER_IMPORTMAPDATA</text>    <icon>ToolBarPreviewImportMapData</icon>     <command>PreviewerImportMapData</command>         </item>
    <item><text>EDSTR_MENU_PREVIEWER_FILERECORDVIDEO</text>   <icon>ToolBarPreviewRecordVideo</icon>      <command>PreviewerRecordVideo</command>       </item>
    <item><separator/></item>
    <item><text>EDSTR_MENU_MODULE_TERRAIN</text>              <icon>ToolBarModuleTerrain</icon>           <command>ModuleTerrain</command>    </item>
    <item><text>EDSTR_MENU_MODULE_TRIGGERS</text>             <icon>ToolBarModuleTriggers</icon>          <command>ModuleTriggers</command>   </item>
    <item><text>EDSTR_MENU_MODULE_OBJECT</text>               <icon>ToolBarModuleObject</icon>            <command>ModuleObject</command>     </item>
    <item><text>EDSTR_MENU_MODULE_TEXT</text>                 <icon>ToolBarModuleText</icon>              <command>ModuleText</command>       </item>
    <item><text>EDSTR_MENU_MODULE_IMPORTS</text>              <icon>ToolBarModuleImports</icon>           <command>ModuleImports</command>    </item>
    <item><text>EDSTR_MENU_MODULE_AI</text>                   <icon>ToolBarModuleAI</icon>                <command>ModuleAI</command>         </item>
    <item><text>EDSTR_MENU_MODULE_UI</text>                   <icon>ToolBarModuleUI</icon>                <command>ModuleUI</command>         </item>
    <item><text>EDSTR_MENU_MODULE_CUTSCENES</text>            <icon>ToolBarModuleCutscenes</icon>         <command>ModuleCutscenes</command>   </item>
    <item><text>EDSTR_MENU_MODULE_OVERVIEW</text>             <icon>ToolBarModuleOverview</icon>          <command>ModuleOverview</command>   </item>
    <item><separator/></item>
    <item><text>EDSTR_MENU_FILE_TESTDOC</text>      <icon>ToolBarTestDoc</icon>         <command>TestDoc</command>          </item>
</toolbar>

<!-- Overview Manager -->
<toolbar label="Module.OverviewManager">
    <item><text>EDSTR_MENU_FILE_NEW</text>                  <icon>ToolBarNew</icon>                 <command>New</command>                  </item>
    <item><text>EDSTR_MENU_FILE_OPEN</text>                 <icon>ToolBarOpen</icon>                <command>Open</command>                 </item>
    <item><text>EDSTR_MENU_FILE_SAVE</text>                 <icon>ToolBarSave</icon>                <command>Save</command>                 </item>
    <item><separator/></item>
    <item><text>EDSTR_MENU_EDIT_UNDO</text>                 <icon>ToolBarUndo</icon>                <command>Undo</command>                 </item>
    <item><text>EDSTR_MENU_EDIT_REDO</text>                 <icon>ToolBarRedo</icon>                <command>Redo</command>                 </item>
    <item><separator/></item>
    <item><text>EDSTR_MENU_EDIT_CUT</text>                  <icon>ToolBarCut</icon>                 <command>Cut</command>                  </item>
    <item><text>EDSTR_MENU_EDIT_COPY</text>                 <icon>ToolBarCopy</icon>                <command>Copy</command>                 </item>
    <item><text>EDSTR_MENU_EDIT_PASTE</text>                <icon>ToolBarPaste</icon>               <command>Paste</command>                </item>
    <item><separator/></item>
    <item><text>EDSTR_MENU_OVERVIEW_REFRESHAUTO</text>      <icon>ToolBarOverviewRefreshAuto</icon> <command>OverviewRefreshAuto</command>  </item>
    <item><text>EDSTR_MENU_OVERVIEW_REFRESHNOW</text>       <icon>ToolBarOverviewRefreshNow</icon>  <command>OverviewRefreshNow</command>   </item>
    <item><separator/></item>
    <item><text>EDSTR_MENU_MODULE_TERRAIN</text>            <icon>ToolBarModuleTerrain</icon>       <command>ModuleTerrain</command>        </item>
    <item><text>EDSTR_MENU_MODULE_TRIGGERS</text>           <icon>ToolBarModuleTriggers</icon>      <command>ModuleTriggers</command>       </item>
    <item><text>EDSTR_MENU_MODULE_OBJECT</text>             <icon>ToolBarModuleObject</icon>        <command>ModuleObject</command>         </item>
    <item><text>EDSTR_MENU_MODULE_TEXT</text>               <icon>ToolBarModuleText</icon>          <command>ModuleText</command>           </item>
    <item><text>EDSTR_MENU_MODULE_IMPORTS</text>            <icon>ToolBarModuleImports</icon>       <command>ModuleImports</command>        </item>
    <item><text>EDSTR_MENU_MODULE_AI</text>                 <icon>ToolBarModuleAI</icon>            <command>ModuleAI</command>             </item>
    <item><text>EDSTR_MENU_MODULE_UI</text>                 <icon>ToolBarModuleUI</icon>            <command>ModuleUI</command>             </item>
    <item><text>EDSTR_MENU_MODULE_CUTSCENES</text>          <icon>ToolBarModuleCutscenes</icon>     <command>ModuleCutscenes</command>   </item>
    <item><text>EDSTR_MENU_MODULE_OVERVIEW</text>           <icon>ToolBarModuleOverview</icon>      <command>ModuleOverview</command>       </item>
    <item><separator/></item>
    <item><text>EDSTR_MENU_FILE_TESTDOC</text>              <icon>ToolBarTestDoc</icon>             <command>TestDoc</command>              </item>
</toolbar>
   
<!-- Curve Editor Window -->
<toolbar label="CurveEditorWindow">
    <item><text>EDSTR_CURVEEDITOR_AUTOBUTTON</text>           <icon>CurveEditorAuto</icon>                <command>CurveEditorAuto</command>            </item>
    <item><text>EDSTR_CURVEEDITOR_SMOOTHBUTTON</text>         <icon>CurveEditorSmooth</icon>              <command>CurveEditorSmooth</command>          </item>
    <item><text>EDSTR_CURVEEDITOR_LINEARBUTTON</text>         <icon>CurveEditorLinear</icon>              <command>CurveEditorLinear</command>          </item>
    <item><text>EDSTR_CURVEEDITOR_SLOWBUTTON</text>           <icon>CurveEditorSlow</icon>                <command>CurveEditorSlow</command>            </item>
    <item><text>EDSTR_CURVEEDITOR_STEPBUTTON</text>           <icon>CurveEditorStep</icon>                <command>CurveEditorStep</command>            </item>
    <item><text>EDSTR_CURVEEDITOR_CUSTOMBUTTON</text>         <icon>CurveEditorCustom</icon>              <command>CurveEditorCustom</command>          </item>
    <item><separator/>                                                                                                                                  </item>
    <item><text>EDSTR_CURVEEDITOR_INBUTTON</text>             <icon>CurveEditorIn</icon>                  <command>CurveEditorIn</command>              </item>
    <item><text>EDSTR_CURVEEDITOR_BOTHBUTTON</text>           <icon>CurveEditorBoth</icon>                <command>CurveEditorBoth</command>            </item>
    <item><text>EDSTR_CURVEEDITOR_OUTBUTTON</text>            <icon>CurveEditorOut</icon>                 <command>CurveEditorOut</command>             </item>
    <item><separator/>                                                                                                                                  </item>
    <item><text>EDSTR_CURVEEDITOR_EDITBUTTON</text>           <icon>CurveEditorEdit</icon>                <command>CurveEditorEdit</command>            </item>
    <item><text>EDSTR_CURVEEDITOR_CREATEBUTTON</text>         <icon>CurveEditorCreate</icon>              <command>CurveEditorCreate</command>          </item>
    <item><text>EDSTR_CURVEEDITOR_SCALECUSTOMBUTTON</text>    <icon>CurveEditorExtentsCustom</icon>       <command>CurveEditorExtentsCustom</command>   </item>
    <item><separator/>                                                                                                                                  </item>
    <item><text>EDSTR_CURVEEDITOR_SCALEXBUTTON</text>         <icon>CurveEditorExtentsX</icon>            <command>CurveEditorExtentsX</command>        </item>
    <item><text>EDSTR_CURVEEDITOR_SCALEYBUTTON</text>         <icon>CurveEditorExtentsY</icon>            <command>CurveEditorExtentsY</command>        </item>
    <item><separator/>                                                                                                                                  </item>
    <item><text>EDSTR_CURVEEDITOR_SHOWTANGENTBUTTON</text>    <icon>CurveEditorShowTangent</icon>         <command>CurveEditorShowTangent</command>     </item>
    <item><text>EDSTR_CURVEEDITOR_SHOWVALUES</text>           <icon>CurveEditorShowValues</icon>          <command>CurveEditorShowValues</command>      </item>
</toolbar>
    
<!-- Archive Browser -->
<toolbar label="ArchiveBrowser">
    <item><text>EDSTR_MENU_ARCHIVEBROWSER_EXPORT</text>     <icon>ToolBarSave</icon>                <command>ArchiveBrowserExport</command>     </item>
    <item><text>EDSTR_MENU_ARCHIVEBROWSER_VIEW</text>       <icon>ToolBarArchiveBrowserView</icon>  <command>ArchiveBrowserView</command>       </item>
    <item><separator/>                                                                                                                          </item>
    <item><text>EDSTR_MENU_EDIT_FIND</text>                 <icon>ToolBarFind</icon>                <command>Find</command>                     </item>
    <item><text>EDSTR_MENU_EDIT_FINDNEXT</text>             <icon>ToolBarFindNext</icon>            <command>FindNext</command>                 </item>
    <item><text>EDSTR_MENU_EDIT_FINDPREV</text>             <icon>ToolBarFindPrev</icon>            <command>FindPrev</command>                 </item>
    <item><separator/>                                                                                                                          </item>
    <item><text>EDSTR_MENU_ARCHIVEBROWSER_TOGPREVIEW</text> <icon>ToolBarArchiveBrowserPreview</icon><command>ArchiveBrowserTogglePreview</command></item>
    <item><text>EDSTR_MENU_ARCHIVEBROWSER_REFRESH</text>    <icon>ToolBarArchiveBrowserRefresh</icon><command>ArchiveBrowserRefresh</command>      </item>
</toolbar>

<!-- Script Test Window -->
<toolbar label="ScriptTestWindow">
    <item><text>EDSTR_MENU_FILE_OPEN</text>             <icon>ToolBarOpen</icon>                <command>Open</command>                 </item>
    <item><text>EDSTR_MENU_FILE_EXPORT</text>           <icon>ToolBarSave</icon>                <command>Export</command>               </item>
    <item><separator/></item>
    <item><text>EDSTR_MENU_EDIT_UNDO</text>             <icon>ToolBarUndo</icon>                <command>Undo</command>                 </item>
    <item><text>EDSTR_MENU_EDIT_REDO</text>             <icon>ToolBarRedo</icon>                <command>Redo</command>                 </item>
    <item><separator/></item>
    <item><text>EDSTR_MENU_EDIT_CUT</text>              <icon>ToolBarCut</icon>                 <command>Cut</command>                  </item>
    <item><text>EDSTR_MENU_EDIT_COPY</text>             <icon>ToolBarCopy</icon>                <command>Copy</command>                 </item>
    <item><text>EDSTR_MENU_EDIT_PASTE</text>            <icon>ToolBarPaste</icon>               <command>Paste</command>                </item>
    <item><separator/></item>
    <item><text>EDSTR_MENU_TRIGGER_TOGERRORS</text>     <icon>ToolBarScriptErrors</icon>        <command>TriggerToggleErrors</command>  </item>
    <item><text>EDSTR_MENU_TRIGGER_TOGSYNTAXHIGHLIGHT</text><icon>ToolBarScriptSyntaxHighlight</icon><command>TriggerToggleSyntaxHighlight</command></item>
    <item><separator/></item>
    <item><text>EDSTR_MENU_TRIGGER_COMPILEALL</text>    <icon>ToolBarScriptCompileAll</icon>    <command>TriggerCompileAll</command>    </item>
</toolbar>

<!-- Player Properties Dialog -->
<toolbar label="PlayerPropsDialog">
    <item><text>EDSTR_MENU_EDIT_UNDO</text>             <icon>ToolBarUndo</icon>                <command>Undo</command>                 </item>
    <item><text>EDSTR_MENU_EDIT_REDO</text>             <icon>ToolBarRedo</icon>                <command>Redo</command>                 </item>
    <item><separator/></item>
    <item><text>EDSTR_MENU_EDIT_CUT</text>              <icon>ToolBarCut</icon>                 <command>Cut</command>                  </item>
    <item><text>EDSTR_MENU_EDIT_COPY</text>             <icon>ToolBarCopy</icon>                <command>Copy</command>                 </item>
    <item><text>EDSTR_MENU_EDIT_PASTE</text>            <icon>ToolBarPaste</icon>               <command>Paste</command>                </item>
</toolbar>
    
<!-- Hints Viewer Window -->
<toolbar label="HintsViewer">
    <item><text>EDSTR_MENU_HINTSVIEWER_FOLLOWACTIVE</text>  <icon>PointIcon</icon>              <command>HintsViewerToggleFollowActive</command>    </item>
</toolbar>
    
<!-- Texture Reduction Window -->
<toolbar label="TextureReduction">
    <item><text>EDSTR_MENU_TEXTUREREDUCTION_SAVE</text>         <icon>ToolBarSave</icon>                <command>Save</command>                         </item>
    <item><separator/>                                                                                                                                  </item>
    <item><text>EDSTR_MENU_TEXTUREREDUCTION_INC</text>          <icon>ToolBarMoveUp</icon>              <command>TextureReductionInc</command>          </item>
    <item><text>EDSTR_MENU_TEXTUREREDUCTION_DEC</text>          <icon>ToolBarMoveDown</icon>            <command>TextureReductionDec</command>          </item>
    <item><text>EDSTR_MENU_TEXTUREREDUCTION_REVERT</text>       <icon>ToolBarUndo</icon>                <command>TextureReductionRevert</command>       </item>
    <item><text>EDSTR_MENU_TEXTUREREDUCTION_DEFAULT</text>      <icon>ToolBarObjectDefault</icon>       <command>TextureReductionDefault</command>      </item>
    <item><separator/>                                                                                                                                  </item>
    <item><text>EDSTR_MENU_TEXTUREREDUCTION_ONLYCHANGED</text>  <icon>ToolBarPreviewActiveOnly</icon>   <command>TextureReductionOnlyChanged</command>  </item>
</toolbar>

</EditorToolBars>
