<?xml version="1.0" encoding="us-ascii"?>
<EditorData>
<!-- This file defines miscellaneous values for use by the editor -->

<!-- Minimap -->
<Minimap>
    <!-- BlendThreshold
        The minimap blend threshold defines an alpha value for determining how to blend terrain
        textures into the minimap.  For any given cell, textures are only blended in if their alpha
        value is greater than or equal to this threshold.  The tradeoff is between blurriness at
        lower values and reduced accuracy at higher values.
    -->
    <BlendThreshold>    <Value>100</Value>              </BlendThreshold>

    <!-- BumpMapPower
        Indicates how "dark" the bump mapping effect is.  A value of 1.0 means that flat terrain
        will exactly match the un-bump-mapped color.  Lower values are darker.
    -->
    <BumpMapPower>      <Value>1.0</Value>              </BumpMapPower>
</Minimap>

<!-- DefaultTrigger - Default trigger added to new maps -->
<DefaultTrigger>
    <Name><Value>EDSTR_DEFAULTTRIGGER_NAME</Value></Name>
    <Events>
        <Value>TriggerAddEventMapInit</Value>
    </Events>
    <Actions>
        <Value>MeleeInitResources</Value>
        <Value>MeleeInitUnits</Value>
        <Value>MeleeInitAI</Value>
        <Value>MeleeInitOptions</Value>
    </Actions>
</DefaultTrigger>

<!-- DefaultFunction - Default function used for new events, conditions, and actions -->
<DefaultFunction>
    <Event>     <Value>TriggerAddEventMapInit</Value>   </Event>
    <Condition> <Value>Comparison</Value>               </Condition>
    <Action>    <Value>SetVariable</Value>              </Action>
</DefaultFunction>

<!-- DefaultEntryTypeParent - Default parent object for an object entry type -->
<DefaultEntryTypeParent>
    <CActorAction>      <Value>GenericAttack</Value>                    </CActorAction>
    <CActorBeamSimple>  <Value>BeamSimpleAnimationStyleOneShot</Value>  </CActorBeamSimple>
    <CActorBeamStandard><Value>BeamStandardAnimationStyleOneShot</Value></CActorBeamStandard>
    <CActorMissile>     <Value>GenericAttackMissile</Value>             </CActorMissile>
    <CActorModel>       <Value>ModelAddition</Value>                    </CActorModel>
    <CActorSelection>   <Value>LocalSelection</Value>                   </CActorSelection>
    <CActorSnapshot>    <Value>SnapshotBase</Value>                     </CActorSnapshot>
    <CActorSound>       <Value>SoundOneShot</Value>                     </CActorSound>
    <CActorSplat>       <Value>GenericUnitSplat</Value>                 </CActorSplat>
    <CActorUnit>        <Value>GenericUnitStandard</Value>              </CActorUnit>
</DefaultEntryTypeParent>

<!-- Object Type Categories
   Used to group object types in the Object Editor menu
-->
<ObjectTypeCategories>
    <!-- Category Definitions
         - The order here determines the order displayed in the editor
         - Each category also needs localized text:
           - EDSTR_OBJECTTYPECAT_NAME_<Category>
           - EDSTR_OBJECTTYPECAT_DESC_<Category>
     -->
    <Value>Game</Value>
    <Value>Campaign</Value>
    <Value>Actor</Value>
    <Value>ArtSound</Value>
    <Value>Terrain</Value>
    <Value>Hero</Value>
    <Value>Interface</Value>
    <Value>Advanced</Value>

    <!-- Category for each object type -->
    <Abil>                  <Value>Game</Value>             </Abil>
    <Accumulator>           <Value>Game</Value>             </Accumulator>
    <Behavior>              <Value>Game</Value>             </Behavior>
    <DataCollection>        <Value>Game</Value>             </DataCollection>
    <DataCollectionPattern> <Value>Game</Value>             </DataCollectionPattern>
    <Effect>                <Value>Game</Value>             </Effect>
    <Footprint>             <Value>Game</Value>             </Footprint>
    <Item>                  <value>Game</value>             </Item>
    <Loot>                  <value>Game</value>             </Loot>
    <Mover>                 <Value>Game</Value>             </Mover>
    <PlayerResponse>        <Value>Game</Value>             </PlayerResponse>
    <Requirement>           <Value>Game</Value>             </Requirement>
    <Turret>                <Value>Game</Value>             </Turret>
    <Unit>                  <Value>Game</Value>             </Unit>
    <Upgrade>               <Value>Game</Value>             </Upgrade>
    <Validator>             <Value>Game</Value>             </Validator>
    <Weapon>                <Value>Game</Value>             </Weapon>

    <ArmyCategory>          <Value>Campaign</Value>         </ArmyCategory>
    <ArmyUnit>              <Value>Campaign</Value>         </ArmyUnit>
    <ArmyUpgrade>           <Value>Campaign</Value>         </ArmyUpgrade>
    <BankCondition>         <Value>Campaign</Value>         </BankCondition>
    <Campaign>              <Value>Campaign</Value>         </Campaign>
    <Character>             <Value>Campaign</Value>         </Character>
    <Commander>             <Value>Campaign</Value>         </Commander>
    <Conversation>          <Value>Campaign</Value>         </Conversation>
    <ConversationState>     <Value>Campaign</Value>         </ConversationState>
    <Location>              <Value>Campaign</Value>         </Location>
    <Map>                   <Value>Campaign</Value>         </Map>
    <Objective>             <Value>Campaign</Value>         </Objective>
    <Preload>               <Value>Campaign</Value>         </Preload>

    <Actor>                 <Value>Actor</Value>            </Actor>
    <AttachMethod>          <Value>Actor</Value>            </AttachMethod>
    <Beam>                  <Value>Actor</Value>            </Beam>

    <Button>                <Value>ArtSound</Value>         </Button>
    <DSP>                   <Value>ArtSound</Value>         </DSP>
    <LensFlareSet>          <Value>ArtSound</Value>         </LensFlareSet>
    <Light>                 <Value>ArtSound</Value>         </Light>
    <Model>                 <Value>ArtSound</Value>         </Model>
    <Reverb>                <Value>ArtSound</Value>         </Reverb>
    <Shape>                 <Value>ArtSound</Value>         </Shape>
    <Sound>                 <Value>ArtSound</Value>         </Sound>
    <SoundExclusivity>      <Value>ArtSound</Value>         </SoundExclusivity>
    <SoundMixSnapshot>      <Value>ArtSound</Value>         </SoundMixSnapshot>
    <Soundtrack>            <Value>ArtSound</Value>         </Soundtrack>
    <Texture>               <Value>ArtSound</Value>         </Texture>

    <Cliff>                 <Value>Terrain</Value>          </Cliff>
    <CliffMesh>             <Value>Terrain</Value>          </CliffMesh>
    <FoW>                   <Value>Terrain</Value>          </FoW>
    <PhysicsMaterial>       <Value>Terrain</Value>          </PhysicsMaterial>
    <Terrain>               <Value>Terrain</Value>          </Terrain>
    <TerrainObject>         <Value>Terrain</Value>          </TerrainObject>
    <TerrainTex>            <Value>Terrain</Value>          </TerrainTex>
    <Tile>                  <Value>Terrain</Value>          </Tile>
    <Water>                 <Value>Terrain</Value>          </Water>

    <Artifact>              <Value>Hero</Value>             </Artifact>
    <ArtifactSlot>          <Value>Hero</Value>             </ArtifactSlot>
    <Config>                <Value>Hero</Value>             </Config>
    <Hero>                  <Value>Hero</Value>             </Hero>
    <HeroAbil>              <Value>Hero</Value>             </HeroAbil>
    <HeroStat>              <Value>Hero</Value>             </HeroStat>
    <Mount>                 <Value>Hero</Value>             </Mount>
    <Skin>                  <Value>Hero</Value>             </Skin>
    <Talent>                <Value>Hero</Value>             </Talent>
    <TalentProfile>         <Value>Hero</Value>             </TalentProfile>
    <VoiceOver>             <Value>Hero</Value>             </VoiceOver>

    <Alert>                 <Value>Interface</Value>        </Alert>
    <RaceBannerPack>        <Value>Interface</Value>        </RaceBannerPack>
    <Camera>                <Value>Interface</Value>        </Camera>
    <ConsoleSkin>           <Value>Interface</Value>        </ConsoleSkin>
    <Cursor>                <Value>Interface</Value>        </Cursor>
    <GameUI>                <Value>Interface</Value>        </GameUI>
    <Bundle>                <Value>Interface</Value>        </Bundle>
    <Ping>                  <Value>Interface</Value>        </Ping>
    <ColorStyle>            <Value>Interface</Value>        </ColorStyle>

    <Achievement>           <Value>Advanced</Value>         </Achievement>
    <AchievementTerm>       <Value>Advanced</Value>         </AchievementTerm>
    <Boost>                 <Value>Advanced</Value>         </Boost>
    <DecalPack>             <Value>Advanced</Value>         </DecalPack>
    <Emoticon>              <Value>Advanced</Value>         </Emoticon>
    <EmoticonPack>          <Value>Advanced</Value>         </EmoticonPack>
    <Error>                 <Value>Advanced</Value>         </Error>
    <Game>                  <Value>Advanced</Value>         </Game>
    <Herd>                  <Value>Advanced</Value>         </Herd>
    <HerdNode>              <Value>Advanced</Value>         </HerdNode>
    <ItemClass>             <Value>Advanced</Value>         </ItemClass>
    <ItemContainer>         <Value>Advanced</Value>         </ItemContainer>
    <Kinetic>               <Value>Advanced</Value>         </Kinetic>
    <PortraitPack>          <Value>Advanced</Value>         </PortraitPack>
    <PremiumMap>            <Value>Advanced</Value>         </PremiumMap>
    <Race>                  <Value>Advanced</Value>         </Race>
    <RequirementNode>       <Value>Advanced</Value>         </RequirementNode>
    <Reward>                <Value>Advanced</Value>         </Reward>
    <ScoreResult>           <Value>Advanced</Value>         </ScoreResult>
    <ScoreValue>            <Value>Advanced</Value>         </ScoreValue>
    <SkinPack>              <Value>Advanced</Value>         </SkinPack>
    <Spray>                 <Value>Advanced</Value>         </Spray>
    <SprayPack>             <Value>Advanced</Value>         </SprayPack>
    <TacCooldown>           <Value>Advanced</Value>         </TacCooldown>
    <Tactical>              <Value>Advanced</Value>         </Tactical>
    <TargetFind>            <Value>Advanced</Value>         </TargetFind>
    <TargetSort>            <Value>Advanced</Value>         </TargetSort>
    <TextureSheet>          <Value>Advanced</Value>         </TextureSheet>
    <Trophy>                <Value>Advanced</Value>         </Trophy>
    <User>                  <Value>Advanced</Value>         </User>
    <VoicePack>             <Value>Advanced</Value>         </VoicePack>
    <WarChest>              <Value>Advanced</Value>         </WarChest>
    <WarChestSeason>        <Value>Advanced</Value>         </WarChestSeason>
    <StimPack>              <Value>Advanced</Value>         </StimPack>
</ObjectTypeCategories>

<!-- Object Effects used with placed objects in the Terrain Editor -->
<ObjectEffect>
    <NoCreateAlpha>     <Value>0.50</Value>             </NoCreateAlpha>
    <InitHiddenAlpha>   <Value>0.50</Value>             </InitHiddenAlpha>
    <DifficultyAlpha>   <Value>0.30</Value>             </DifficultyAlpha>
</ObjectEffect>

<!-- Default light for "game" light settings (overridden by active map, if any) -->
<DefaultGameLight>      <Value>BelShir</Value>          </DefaultGameLight>

<!-- Default unit used in place of any invalid units -->
<DefaultUnit>           <Value>Ball</Value>             </DefaultUnit>

<!-- Automatic sound entry generated for conversation lines -->
<AutoConversationSound>
    <ParentSound>   <Value>VO</Value>                                       </ParentSound>
    <SoundFile>     <Value>LocalizedData\Sounds\VO\##id##.ogg</Value>       </SoundFile>
    <SoundFilePH>   <Value>Assets\Sounds\Uni\PlaceholderDialog.wav</Value>  </SoundFilePH>
</AutoConversationSound>

<!-- Character voices -->
<CharacterVoices>
    <VoiceId>
        <Value>Cepstral Allison</Value>
        <Value>Cepstral Linda</Value>
        <Value>Cepstral William</Value>
        <Value>Cepstral Walter</Value>
        <Value>ATT Crystal</Value>
        <Value>ATT Julia</Value>
        <Value>ATT Lauren</Value>
        <Value>ATT Mel</Value>
        <Value>ATT Mike</Value>
        <Value>ATT Rich</Value>
        <Value>NaturalVoice Kate</Value>
        <Value>NaturalVoice Paul</Value>
        <Value>NaturalSoft Graham</Value>
        <Value>NaturalSoft Heather</Value>
        <Value>NaturalSoft Peter</Value>
        <Value>NaturalSoft Ryan</Value>
    </VoiceId>
    <DisplayText>
        <Value>EDSTR_VOICE_ALLISON</Value>
        <Value>EDSTR_VOICE_LINDA</Value>
        <Value>EDSTR_VOICE_WILLIAM</Value>
        <Value>EDSTR_VOICE_WALTER</Value>
        <Value>EDSTR_VOICE_CRYSTAL</Value>
        <Value>EDSTR_VOICE_JULIA</Value>
        <Value>EDSTR_VOICE_LAUREN</Value>
        <Value>EDSTR_VOICE_MEL</Value>
        <Value>EDSTR_VOICE_MIKE</Value>
        <Value>EDSTR_VOICE_RICH</Value>
        <Value>EDSTR_VOICE_KATE</Value>
        <Value>EDSTR_VOICE_PAUL</Value>
        <Value>EDSTR_VOICE_GRAHAM</Value>
        <Value>EDSTR_VOICE_HEATHER</Value>
        <Value>EDSTR_VOICE_PETER</Value>
        <Value>EDSTR_VOICE_RYAN</Value>
    </DisplayText>
</CharacterVoices>

<!-- Default search text -->
<DefaultSearchText>
    <ArcadeIcon>    <Value>Arcade_Icon</Value>  </ArcadeIcon>
</DefaultSearchText>

<!-- Wizard Help Files -->
<WizardHelp>
    <Title>
        <Value>EDSTR_WIZARDHELP_GENERAL</Value>
        <Value>EDSTR_WIZARDHELP_FILEFORMAT</Value>
    </Title>
    <File>
        <Value>EditorData\WizardHelp\General.rtf</Value>
        <Value>EditorData\WizardHelp\FileFormat.rtf</Value>
    </File>
</WizardHelp>

</EditorData>
