<?xml version="1.0" encoding="us-ascii"?>
<EditorCommands>
    <!-- Gizmos -->
    <cmd label="GizmoNone">                 <key>Q</key>                    </cmd>
    <cmd label="GizmoTranslate">            <key>W</key>                    </cmd>
    <cmd label="GizmoRotate">               <key>E</key>                    </cmd>
    <cmd label="GizmoScale">                <key>R</key>                    </cmd>
    <cmd label="GizmoNormalMode">           <key>Y</key>                    </cmd>
    
    <!-- Commands superceded by gizmos -->
    <cmd label="BrushTypeNext">             <key>Y</key>    <mods>A</mods>  </cmd>
    <cmd label="SelectChoose">              <key>Q</key>    <mods>A</mods>  </cmd>
    <cmd label="TerrainToggleWater">        <key>W</key>    <mods>A</mods>  </cmd>
    <cmd label="TerrainToggleParticles">    <key>E</key>    <mods>A</mods>  </cmd>
    <cmd label="TerrainLayerRegions">       <key>R</key>    <mods>A</mods>  </cmd>

    <!-- Cutscene Editor -->
    <cmd label="PreviewerToggleFiles">      <key>F</key>   <mods>S</mods>   </cmd>
    <cmd label="PreviewerZoomToFit">        <key>F</key>                    </cmd>
</EditorCommands>
