<?xml version="1.0" encoding="us-ascii"?>
<EditorData>
    <!-- Start Location Footprint used for start location placement snapping -->
    <StartLocationFootprint><Value>Footprint5x5DropOff</Value></StartLocationFootprint>
    
    <!-- DefaultMap - Default settings for creating a new map -->
    <DefaultMap>
        <Size>              <Value>128,128</Value>          </Size>
        <TexSet>            <Value>BelShir</Value>          </TexSet>
        <Texture>           <Value>BelShirDirtLight</Value> </Texture>
        <Height>            <Value>8</Value>                </Height>
        <HeightMargin>      <Value>0.5</Value>              </HeightMargin>
        <RandomHeight>      <Value>0</Value>                </RandomHeight>
        <RandomStrength>    <Value>50</Value>               </RandomStrength>
        <RandomPersistency> <Value>50</Value>               </RandomPersistency>
    </DefaultMap>
</EditorData>
