<?xml version="1.0" encoding="us-ascii"?>
<EditorCommands>

    <!-- Application -->
    <cmd label="AppEditPrefs">                  <key>P</key>                    <mods>CSA</mods>    </cmd>
    <cmd label="AppConfigControls">             <key>C</key>                    <mods>CSA</mods>    </cmd>

    <!-- File -->
    <cmd label="New">                           <key>N</key>                    <mods>C</mods>      </cmd>
    <cmd label="Open">                          <key>O</key>                    <mods>C</mods>      </cmd>
    <cmd label="Save">                          <key>S</key>                    <mods>C</mods>      </cmd>
    <cmd label="TestDoc">                       <key>F9</key>                   <mods>C</mods>      </cmd>
    <MacOSX>
        <cmd label="CloseWindow">                <key>W</key>                    <mods>C</mods>      </cmd>
    </MacOSX>

    <!-- Edit -->
    <cmd label="Undo">                          <key>Z</key>                    <mods>C</mods>      </cmd>
    <cmd label="Redo">                          <key>Y</key>                    <mods>C</mods>      </cmd>
    <cmd label="Cut">                           <key>X</key>                    <mods>C</mods>      </cmd>
    <cmd label="Copy">                          <key>C</key>                    <mods>C</mods>      </cmd>
    <cmd label="CopyName">                      <key>N</key>                    <mods>CA</mods>     </cmd>
    <cmd label="CopyRef">                       <key>R</key>                    <mods>CSA</mods>    </cmd>
    <cmd label="CopyAsText">                    <key>C</key>                    <mods>CS</mods>     </cmd>
    <cmd label="CopyHierarchy">                 <key>C</key>                    <mods>CA</mods>     </cmd>
    <cmd label="Paste">                         <key>V</key>                    <mods>C</mods>      </cmd>
    <cmd label="Clear">                         <key>Delete</key>                                   </cmd>
    <cmd label="SelectAll">                     <key>A</key>                    <mods>C</mods>      </cmd>
    <cmd label="SelectAllSpecial">              <key>A</key>                    <mods>CS</mods>     </cmd>
    <cmd label="SelectAllSymmetrical">          <key>A</key>                    <mods>CA</mods>     </cmd>
    <cmd label="Find">                          <key>F</key>                    <mods>C</mods>      </cmd>
    <Windows>
        <cmd label="Replace">                   <key>H</key>                    <mods>C</mods>      </cmd>
        <cmd label="FindNext">                  <key>F3</key>                                       </cmd>
        <cmd label="FindPrev">                  <key>F3</key>                   <mods>S</mods>      </cmd>
        <cmd label="FindSelection">             <key>F3</key>                   <mods>C</mods>      </cmd>
    </Windows>
    <MacOSX>
        <cmd label="FindNext">                  <key>G</key>                    <mods>C</mods>      </cmd>
        <cmd label="FindPrev">                  <key>G</key>                    <mods>CS</mods>     </cmd>
        <cmd label="FindSelection">             <key>F3</key>                                       </cmd>
    </MacOSX>
    <cmd label="GoTo">                          <key>G</key>                    <mods>A</mods>      </cmd>

    <!-- Scintilla -->
    <cmd label="SciLineDown">                   <key>Down</key>                                     </cmd>
    <cmd label="SciLineDownExtend">             <key>Down</key>                 <mods>S</mods>      </cmd>
    <cmd label="SciLineScrollDown">             <key>Down</key>                 <mods>C</mods>      </cmd>
    <cmd label="SciLineDownRectExtend">         <key>Down</key>                 <mods>AS</mods>     </cmd>
    <cmd label="SciLineUp">                     <key>Up</key>                                       </cmd>
    <cmd label="SciLineUpExtend">               <key>Up</key>                   <mods>S</mods>      </cmd>
    <cmd label="SciLineScrollUp">               <key>Up</key>                   <mods>C</mods>      </cmd>
    <cmd label="SciLineUpRectExtend">           <key>Up</key>                   <mods>AS</mods>     </cmd>
    <cmd label="SciParaUp">                     <key>BracketOpen</key>          <mods>C</mods>      </cmd>
    <cmd label="SciParaDown">                   <key>BracketClose</key>         <mods>C</mods>      </cmd>
    <cmd label="SciCharLeft">                   <key>Left</key>                                     </cmd>
    <cmd label="SciCharLeftExtend">             <key>Left</key>                 <mods>S</mods>      </cmd>
    <cmd label="SciWordLeft">                   <key>Left</key>                 <mods>C</mods>      </cmd>
    <cmd label="SciWordLeftExtend">             <key>Left</key>                 <mods>CS</mods>     </cmd>
    <cmd label="SciCharLeftRectExtend">         <key>Left</key>                 <mods>AS</mods>     </cmd>
    <cmd label="SciCharRight">                  <key>Right</key>                                    </cmd>
    <cmd label="SciCharRightExtend">            <key>Right</key>                <mods>S</mods>      </cmd>
    <cmd label="SciWordRight">                  <key>Right</key>                <mods>C</mods>      </cmd>
    <cmd label="SciWordRightExtend">            <key>Right</key>                <mods>CS</mods>     </cmd>
    <cmd label="SciCharRightRectExtend">        <key>Right</key>                <mods>AS</mods>     </cmd>
    <cmd label="SciWordPartLeft">               <key>Slash</key>                <mods>C</mods>      </cmd>
    <cmd label="SciWordPartLeftExtend">         <key>Slash</key>                <mods>CS</mods>     </cmd>
    <cmd label="SciWordPartRight">              <key>BackSlash</key>            <mods>C</mods>      </cmd>
    <cmd label="SciWordPartRightExtend">        <key>BackSlash</key>            <mods>CS</mods>     </cmd>
    <cmd label="SciVCHome">                     <key>Home</key>                                     </cmd>
    <cmd label="SciVCHomeExtend">               <key>Home</key>                 <mods>S</mods>      </cmd>
    <cmd label="SciDocumentStart">              <key>Home</key>                 <mods>C</mods>      </cmd>
    <cmd label="SciDocumentStartExtend">        <key>Home</key>                 <mods>CS</mods>     </cmd>
    <cmd label="SciHomeDisplay">                <key>Home</key>                 <mods>A</mods>      </cmd>
    <cmd label="SciVCHomeRectExtend">           <key>Home</key>                 <mods>AS</mods>     </cmd>
    <cmd label="SciLineEnd">                    <key>End</key>                                      </cmd>
    <cmd label="SciLineEndExtend">              <key>End</key>                  <mods>S</mods>      </cmd>
    <cmd label="SciDocumentEnd">                <key>End</key>                  <mods>C</mods>      </cmd>
    <cmd label="SciDocumentEndExtend">          <key>End</key>                  <mods>CS</mods>     </cmd>
    <cmd label="SciLineEndDisplay">             <key>End</key>                  <mods>A</mods>      </cmd>
    <cmd label="SciLineEndRectExtend">          <key>End</key>                  <mods>AS</mods>     </cmd>
    <cmd label="SciPageUp">                     <key>PageUp</key>                                   </cmd>
    <cmd label="SciPageUpExtend">               <key>PageUp</key>               <mods>S</mods>      </cmd>
    <cmd label="SciPageUpRectExtend">           <key>PageUp</key>               <mods>AS</mods>     </cmd>
    <cmd label="SciPageDown">                   <key>PageDown</key>                                 </cmd>
    <cmd label="SciPageDownExtend">             <key>PageDown</key>             <mods>S</mods>      </cmd>
    <cmd label="SciPageDownRectExtend">         <key>PageDown</key>             <mods>AS</mods>     </cmd>
    <cmd label="SciClear">                      <key>Delete</key>                                   </cmd>
    <cmd label="SciCut">                        <key>Delete</key>               <mods>S</mods>      </cmd>
    <cmd label="SciDelWordRight">               <key>Delete</key>               <mods>C</mods>      </cmd>
    <cmd label="SciDelLineRight">               <key>Delete</key>               <mods>CS</mods>     </cmd>
    <cmd label="SciEditToggleOverType">         <key>Insert</key>                                   </cmd>
    <cmd label="SciPaste">                      <key>Insert</key>               <mods>S</mods>      </cmd>
    <cmd label="SciCopy">                       <key>Insert</key>               <mods>C</mods>      </cmd>
    <cmd label="SciCancel">                     <key>Escape</key>                                   </cmd>
    <cmd label="SciDeleteBack">                 <key>BackSpace</key>                                </cmd>
    <cmd label="SciDelWordLeft">                <key>BackSpace</key>            <mods>C</mods>      </cmd>
    <cmd label="SciUndo">                       <key>BackSpace</key>            <mods>A</mods>      </cmd>
    <cmd label="SciDelLineLeft">                <key>BackSpace</key>            <mods>CS</mods>     </cmd>
    <cmd label="SciUndo">                       <key>Z</key>                    <mods>C</mods>      </cmd>
    <cmd label="SciRedo">                       <key>Y</key>                    <mods>C</mods>      </cmd>
    <cmd label="SciCut">                        <key>X</key>                    <mods>C</mods>      </cmd>
    <cmd label="SciCopy">                       <key>C</key>                    <mods>C</mods>      </cmd>
    <cmd label="SciPaste">                      <key>V</key>                    <mods>C</mods>      </cmd>
    <cmd label="SciSelectAll">                  <key>A</key>                    <mods>C</mods>      </cmd>
    <cmd label="SciTab">                        <key>Tab</key>                                      </cmd>
    <cmd label="SciBackTab">                    <key>Tab</key>                  <mods>S</mods>      </cmd>
    <cmd label="SciNewLine">                    <key>Enter</key>                                    </cmd>
    <cmd label="SciZoomIn">                     <key>NumPadPlus</key>           <mods>C</mods>      </cmd>
    <cmd label="SciZoomOut">                    <key>NumPadMinus</key>          <mods>C</mods>      </cmd>
    <cmd label="SciSetZoom">                    <key>NumPadDivide</key>         <mods>C</mods>      </cmd>
    <cmd label="SciLineCut">                    <key>L</key>                    <mods>C</mods>      </cmd>
    <cmd label="SciLineDelete">                 <key>L</key>                    <mods>CS</mods>     </cmd>
    <cmd label="SciLineCopy">                   <key>T</key>                    <mods>CS</mods>     </cmd>
    <cmd label="SciLineTranspose">              <key>T</key>                    <mods>C</mods>      </cmd>
    <cmd label="SciSelectionDuplicate">         <key>D</key>                    <mods>C</mods>      </cmd>
    <cmd label="SciLowercase">                  <key>U</key>                    <mods>C</mods>      </cmd>
    <cmd label="SciUppercase">                  <key>U</key>                    <mods>CS</mods>     </cmd>
  
    <!-- Module -->
    <cmd label="ModuleImports">                 <key>F9</key>                                       </cmd>
    <cmd label="ModuleObject">                  <key>F7</key>                                       </cmd>
    <cmd label="ModuleTerrain">                 <key>F5</key>                                       </cmd>
    <cmd label="ModuleText">                    <key>F8</key>                                       </cmd>
    <cmd label="ModuleTriggers">                <key>F6</key>                                       </cmd>
    
    <cmd label="ModuleAI">                      <key>F5</key>                   <mods>S</mods>      </cmd>
    <cmd label="ModuleUI">                      <key>F6</key>                   <mods>S</mods>      </cmd>
    <cmd label="ModuleCutscenes">               <key>F7</key>                   <mods>S</mods>      </cmd>
    
    <cmd label="ModuleOverview">                <key>F12</key>                                      </cmd>

    <Windows>
        <cmd label="LocaleToggleActive">        <key>Grave</key>                <mods>C</mods>      </cmd>
    </Windows>
    <MacOSX>
        <!-- cmd+grave switches between open windows within an application -->
        <cmd label="LocaleToggleActive">        <key>Grave</key>                <mods>CA</mods>     </cmd>
    </MacOSX>

    <!-- Window -->
    <cmd label="StatusBar">                     <key>B</key>                    <mods>CS</mods>     </cmd>
    <cmd label="Messages">                      <key>M</key>                    <mods>CS</mods>     </cmd>
    <cmd label="Console">                       <key>Grave</key>                <mods>A</mods>      </cmd>
    <cmd label="LightingWindow">                <key>F10</key>                  <mods>CS</mods>     </cmd>
    <cmd label="ScriptTest">                    <key>F11</key>                  <mods>CS</mods>     </cmd>
    <cmd label="FileTransfers">                 <key>T</key>                    <mods>CS</mods>     </cmd>
    <cmd label="NextDoc">                       <key>F6</key>                   <mods>C</mods>      </cmd>
    <cmd label="PrevDoc">                       <key>F6</key>                   <mods>CS</mods>     </cmd>

    <!-- Object -->
    <cmd label="ObjectRename">                  <key>F2</key>                                       </cmd>
    <cmd label="ObjectModify">                  <key>Enter</key>                                    </cmd>
    <cmd label="ObjectViewInOverviewManager">   <key>F1</key>                                       </cmd>
    <cmd label="ObjectViewInObjectEditor">      <key>F1</key>                   <mods>C</mods>      </cmd>
    <cmd label="ObjectViewInTerrainEditor">     <key>P</key>                    <mods>C</mods>      </cmd>
    <cmd label="ObjectViewInPreviewer">         <key>P</key>                    <mods>CA</mods>     </cmd>
  
    <Windows>
        <cmd label="ObjectViewInDataNavigator"> <key>Space</key>                <mods>C</mods>      </cmd>
    </Windows>
    <MacOSX>
        <!-- cmd+space is Mac spotlight -->
        <cmd label="ObjectViewInDataNavigator"> <key>Space</key>                <mods>CS</mods>     </cmd>
    </MacOSX>

    <!-- Camera -->
    <cmd label="CameraTranslateMouse">          <mousedrag>Right</mousedrag>                        </cmd>
    <cmd label="CameraTranslateLeft">           <key>Left</key>                                     </cmd>
    <cmd label="CameraTranslateRight">          <key>Right</key>                                    </cmd>
    <cmd label="CameraTranslateUp">             <key>Up</key>                                       </cmd>
    <cmd label="CameraTranslateDown">           <key>Down</key>                                     </cmd>
    <cmd label="CameraTranslateLeftFast">       <key>Left</key>                 <mods>S</mods>      </cmd>
    <cmd label="CameraTranslateRightFast">      <key>Right</key>                <mods>S</mods>      </cmd>
    <cmd label="CameraTranslateUpFast">         <key>Up</key>                   <mods>S</mods>      </cmd>
    <cmd label="CameraTranslateDownFast">       <key>Down</key>                 <mods>S</mods>      </cmd>
    <cmd label="CameraRotateMouse">             <mousedrag>Right</mousedrag>    <mods>C</mods>      </cmd>
    <cmd label="CameraRotateLeft">              <key>Left</key>                 <mods>C</mods>      </cmd>
    <cmd label="CameraRotateRight">             <key>Right</key>                <mods>C</mods>      </cmd>
    <cmd label="CameraHeightMouse">             <mousedrag>Right</mousedrag>    <mods>A</mods>      </cmd>
    <cmd label="CameraHeightUp">                <key>Up</key>                   <mods>CA</mods>     </cmd>
    <cmd label="CameraHeightDown">              <key>Down</key>                 <mods>CA</mods>     </cmd>
    <cmd label="CameraHeightUpWheel">           <mousewheel>Up</mousewheel>     <mods>A</mods>      </cmd>
    <cmd label="CameraHeightDownWheel">         <mousewheel>Down</mousewheel>   <mods>A</mods>      </cmd>
    <cmd label="CameraZoomMouse">               <mousedrag>Right</mousedrag>    <mods>S</mods>      </cmd>
    <cmd label="CameraZoomIn">                  <key>Up</key>                   <mods>C</mods>      </cmd>
    <cmd label="CameraZoomOut">                 <key>Down</key>                 <mods>C</mods>      </cmd>
    <cmd label="CameraZoomInWheel">             <mousewheel>Up</mousewheel>                         </cmd>
    <cmd label="CameraZoomOutWheel">            <mousewheel>Down</mousewheel>                       </cmd>
    <cmd label="CameraClipMouse">               <mousedrag>Right</mousedrag>    <mods>CS</mods>     </cmd>
    <cmd label="CameraClipIn">                  <key>Up</key>                   <mods>CS</mods>     </cmd>
    <cmd label="CameraClipOut">                 <key>Down</key>                 <mods>CS</mods>     </cmd>
    <cmd label="CameraClipInWheel">             <mousewheel>Up</mousewheel>     <mods>C</mods>      </cmd>
    <cmd label="CameraClipOutWheel">            <mousewheel>Down</mousewheel>   <mods>C</mods>      </cmd>
    <cmd label="CameraReset">                   <key>C</key>                    <mods>CS</mods>     </cmd>
    <cmd label="CameraResetMouse">              <mousedoubleclick>Middle</mousedoubleclick>         </cmd>
    <cmd label="FreeCameraTruck">               <mousedrag>Middle</mousedrag>   <mods>C</mods>      </cmd>
    <cmd label="FreeCameraHeightOffset">        <mousedrag>X2</mousedrag>       <mods>C</mods>      </cmd>
    <cmd label="FreeCameraTruckX">              <mousedrag>X2</mousedrag>       <mods>CS</mods>     </cmd>
    <cmd label="FreeCameraTruckDepth">          <mousedrag>Middle</mousedrag>   <mods>CSA</mods>    </cmd>
    <cmd label="FreeCameraOrbitTarget">         <mousedrag>Middle</mousedrag>   <mods>A</mods>      </cmd>
    <cmd label="FreeCameraOrbitCamera">         <mousedrag>Middle</mousedrag>   <mods>CA</mods>     </cmd>
    <cmd label="FreeCameraDollyDepth">          <mousedrag>Middle</mousedrag>   <mods>S</mods>      </cmd>
    <cmd label="FreeCameraRoll">                <mousedrag>Middle</mousedrag>   <mods>SA</mods>     </cmd>
    <cmd label="FreeCameraFOV">                 <mousedrag>Middle</mousedrag>   <mods>CS</mods>     </cmd>
    <cmd label="FreeCameraMoveTargetDepthUp">   <mousewheel>Up</mousewheel>     <mods>S</mods>      </cmd>
    <cmd label="FreeCameraMoveTargetDepthDown"> <mousewheel>Down</mousewheel>   <mods>S</mods>      </cmd>
    <cmd label="FreeCameraSelectTarget">        <mouseclick>X1</mouseclick>                         </cmd>
    <cmd label="FreeCameraSelectTargetDrag">    <mousedrag>X1</mousedrag>                           </cmd>
    <cmd label="FreeCameraResetRoll">           <mouseclick>X2</mouseclick>                         </cmd>
    <cmd label="FreeCameraTranslate">           <mousedrag>Middle</mousedrag>                       </cmd>

    <!-- Camera (Alternate) -->
    <cmd label="Camera2TranslateLeft">          <key>Left</key>                                     </cmd>
    <cmd label="Camera2TranslateRight">         <key>Right</key>                                    </cmd>
    <cmd label="Camera2TranslateUp">            <key>Up</key>                                       </cmd>
    <cmd label="Camera2TranslateDown">          <key>Down</key>                                     </cmd>
    <cmd label="Camera2TranslateLeftFast">      <key>Left</key>                 <mods>S</mods>      </cmd>
    <cmd label="Camera2TranslateRightFast">     <key>Right</key>                <mods>S</mods>      </cmd>
    <cmd label="Camera2TranslateUpFast">        <key>Up</key>                   <mods>S</mods>      </cmd>
    <cmd label="Camera2TranslateDownFast">      <key>Down</key>                 <mods>S</mods>      </cmd>
    <cmd label="Camera2PanMouse">               <mousedrag>Middle</mousedrag>                       </cmd>
    <cmd label="Camera2RotateMouse">            <mousedrag>Left</mousedrag>                         </cmd>
    <cmd label="Camera2RotateLeft">             <key>Left</key>                 <mods>C</mods>      </cmd>
    <cmd label="Camera2RotateRight">            <key>Right</key>                <mods>C</mods>      </cmd>
    <cmd label="Camera2ZoomMouse">              <mousedrag>Right</mousedrag>                        </cmd>
    <cmd label="Camera2ZoomIn">                 <key>Up</key>                   <mods>C</mods>      </cmd>
    <cmd label="Camera2ZoomOut">                <key>Down</key>                 <mods>C</mods>      </cmd>
    <cmd label="Camera2ClipMouse">              <mousedrag>Right</mousedrag>    <mods>C</mods>      </cmd>
    <cmd label="Camera2ClipIn">                 <key>Up</key>                   <mods>CS</mods>     </cmd>
    <cmd label="Camera2ClipOut">                <key>Down</key>                 <mods>CS</mods>     </cmd>
    <cmd label="Camera2ClipInWheel">            <mousewheel>Up</mousewheel>     <mods>C</mods>      </cmd>
    <cmd label="Camera2ClipOutWheel">           <mousewheel>Down</mousewheel>   <mods>C</mods>      </cmd>
    <cmd label="Camera2FovInWheel">             <mousewheel>Up</mousewheel>     <mods>S</mods>      </cmd>
    <cmd label="Camera2FovOutWheel">            <mousewheel>Down</mousewheel>   <mods>S</mods>      </cmd>
    <cmd label="Camera2Reset">                  <key>C</key>                    <mods>A</mods>      </cmd>
    <cmd label="Camera2ResetMouse">             <mouseclick>Middle</mouseclick> <mods>C</mods>      </cmd>

    <!-- Brush -->
    <cmd label="BrushApply">                    <mouseclick>Left</mouseclick>                       </cmd>
    <cmd label="BrushApplyDrag">                <mousedrag>Left</mousedrag>                         <idledrag/></cmd>
    <cmd label="BrushApplyInverse">             <mouseclick>Left</mouseclick>   <mods>S</mods>      </cmd>
    <cmd label="BrushApplyInverseDrag">         <mousedrag>Left</mousedrag>     <mods>S</mods>      <idledrag/></cmd>
    <cmd label="BrushApplyOption">              <mouseclick>Left</mouseclick>   <mods>C</mods>      </cmd>
    <cmd label="BrushApplyOptionDrag">          <mousedrag>Left</mousedrag>     <mods>C</mods>      <idledrag/></cmd>
    <cmd label="BrushApplyInverseOption">       <mouseclick>Left</mouseclick>   <mods>CS</mods>     </cmd>
    <cmd label="BrushApplyInverseOptionDrag">   <mousedrag>Left</mousedrag>     <mods>CS</mods>     <idledrag/></cmd>

    <!-- Selection -->
    <cmd label="SelectClick">                   <mouseclick>Left</mouseclick>                       </cmd>
    <cmd label="SelectSpecial">                 <mouseclick>Left</mouseclick>   <mods>S</mods>      </cmd>
    <cmd label="SelectDrag">                    <mousedrag>Left</mousedrag>                         </cmd>
    <cmd label="SelectRangeDrag">               <mousedrag>Left</mousedrag>     <mods>S</mods>      </cmd>
    <cmd label="SelectModify">                  <mousedoubleclick>Left</mousedoubleclick>           </cmd>
    <cmd label="SelectObjectDrag">              <mousedrag>Left</mousedrag>                         </cmd>
    <cmd label="SelectObjectDragForce">         <mousedrag>Left</mousedrag>     <mods>S</mods>      </cmd>
    <cmd label="SelectObjectDragSnap">          <mousedrag>Left</mousedrag>     <mods>C</mods>      </cmd>
    <cmd label="SelectMove">                    <mouseclick>Left</mouseclick>   <mods>A</mods>      </cmd>
    <cmd label="SelectMoveDrag">                <mousedrag>Left</mousedrag>     <mods>A</mods>      </cmd>
    <cmd label="SelectRotate">                  <mouseclick>Left</mouseclick>   <mods>C</mods>      </cmd>
    <cmd label="SelectRotateDrag">              <mousedrag>Left</mousedrag>     <mods>C</mods>      </cmd>
    <cmd label="SelectRotateGroup">             <mouseclick>Left</mouseclick>   <mods>CS</mods>     </cmd>
    <cmd label="SelectRotateGroupDrag">         <mousedrag>Left</mousedrag>     <mods>CS</mods>     </cmd>
    <cmd label="SelectPitch">                   <mouseclick>Left</mouseclick>   <mods>SA</mods>     </cmd>
    <cmd label="SelectPitchDrag">               <mousedrag>Left</mousedrag>     <mods>SA</mods>     </cmd>
    <cmd label="SelectRoll">                    <mouseclick>Left</mouseclick>   <mods>CA</mods>     </cmd>
    <cmd label="SelectRollDrag">                <mousedrag>Left</mousedrag>     <mods>CA</mods>     </cmd>
    <cmd label="SelectHeight">                  <mouseclick>Left</mouseclick>   <mods>CSA</mods>    </cmd>
    <cmd label="SelectHeightDrag">              <mousedrag>Left</mousedrag>     <mods>CSA</mods>    </cmd>
    <cmd label="SelectMoveLeft">                <key>NumPad4</key>                                  </cmd>
    <cmd label="SelectMoveRight">               <key>NumPad6</key>                                  </cmd>
    <cmd label="SelectMoveUp">                  <key>NumPad8</key>                                  </cmd>
    <cmd label="SelectMoveDown">                <key>NumPad2</key>                                  </cmd>
    <cmd label="SelectMoveLeftUp">              <key>NumPad7</key>                                  </cmd>
    <cmd label="SelectMoveLeftDown">            <key>NumPad1</key>                                  </cmd>
    <cmd label="SelectMoveRightUp">             <key>NumPad9</key>                                  </cmd>
    <cmd label="SelectMoveRightDown">           <key>NumPad3</key>                                  </cmd>
    <cmd label="SelectMoveSnap">                <key>NumPad5</key>                                  </cmd>
    <cmd label="SelectMoveSpecial">             <key>NumPad5</key>              <mods>S</mods>      </cmd>
    <cmd label="SelectScaleUp">                 <key>NumPadPlus</key>                               </cmd>
    <cmd label="SelectScaleDown">               <key>NumPadMinus</key>                              </cmd>
    <cmd label="SelectScaleXYUp">               <key>NumPadPlus</key>           <mods>C</mods>      </cmd>
    <cmd label="SelectScaleXYDown">             <key>NumPadMinus</key>          <mods>C</mods>      </cmd>
    <cmd label="SelectScaleZUp">                <key>NumPadPlus</key>           <mods>S</mods>      </cmd>
    <cmd label="SelectScaleZDown">              <key>NumPadMinus</key>          <mods>S</mods>      </cmd>
    <cmd label="SelectScaleReset">              <key>Period</key>               <mods>CS</mods>     </cmd>
    <cmd label="SelectHeightUp">                <key>PageUp</key>                                   </cmd>
    <cmd label="SelectHeightDown">              <key>PageDown</key>                                 </cmd>
    <cmd label="SelectHeightAlign">             <key>PageUp</key>               <mods>C</mods>      </cmd>
    <cmd label="SelectHeightReset">             <key>PageDown</key>             <mods>C</mods>      </cmd>
    <cmd label="SelectVariationNext">           <key>Period</key>                                   </cmd>
    <cmd label="SelectVariationPrev">           <key>Comma</key>                                    </cmd>
    <cmd label="SelectVariationRandomize">      <key>Z</key>                    <mods>CS</mods>     </cmd>
    <cmd label="SelectFlipHor">                 <key>Period</key>               <mods>A</mods>      </cmd>
    <cmd label="SelectFlipVer">                 <key>Comma</key>                <mods>A</mods>      </cmd>
    <cmd label="SelectRotateCW">                <key>NumPadMultiply</key>       <mods>C</mods>      </cmd>
    <cmd label="SelectRotateCCW">               <key>NumPadDivide</key>         <mods>C</mods>      </cmd>
    <cmd label="SelectRotate90CW">              <key>NumPadMultiply</key>                           </cmd>
    <cmd label="SelectRotate90CCW">             <key>NumPadDivide</key>                             </cmd>
    <cmd label="SelectRotate180">               <key>NumPadDecimal</key>                            </cmd>
    <cmd label="SelectPitchDown">               <key>NumPadMultiply</key>       <mods>S</mods>      </cmd>
    <cmd label="SelectPitchUp">                 <key>NumPadDivide</key>         <mods>S</mods>      </cmd>
    <cmd label="SelectRollRight">               <key>NumPadMultiply</key>       <mods>A</mods>      </cmd>
    <cmd label="SelectRollLeft">                <key>NumPadDivide</key>         <mods>A</mods>      </cmd>
    <cmd label="SelectMerge">                   <key>NumPad0</key>                                  </cmd>
    <cmd label="SelectSplit">                   <key>NumPad0</key>              <mods>C</mods>      </cmd>
    <cmd label="SelectViewNext">                <key>Grave</key>                                    </cmd>
    <cmd label="SelectViewPrev">                <key>Grave</key>                <mods>S</mods>      </cmd>
    
    <!-- Gizmos (Note: gizmo type commands are in CommandProfiles) -->
    <cmd label="GizmoSpaceToggle">              <key>J</key>                                        </cmd>
    
    <!-- Cinematics Window -->
    <cmd label="CinematicAdd">                  <key>D</key>                    <mods>C</mods>      </cmd>
    <Windows>
        <cmd label="CinematicSequenceAdd">      <key>Q</key>                    <mods>C</mods>      </cmd>
    </Windows>
    <MacOSX>
        <cmd label="CinematicSequenceAdd">      <key>Q</key>                    <mods>A</mods>      </cmd>
    </MacOSX>
    <cmd label="CinematicActionAdd">            <key>R</key>                    <mods>C</mods>      </cmd>
    <cmd label="CinematicObjectAdd">            <key>B</key>                    <mods>C</mods>      </cmd>
    <cmd label="CinematicActionMoveUp">         <key>Up</key>                   <mods>C</mods>      </cmd>
    <cmd label="CinematicActionMoveDown">       <key>Down</key>                 <mods>C</mods>      </cmd>
    <Windows>
        <cmd label="CinematicSendToGame">       <key>G</key>                    <mods>C</mods>      </cmd>
    </Windows>
    <MacOSX>
        <cmd label="CinematicSendToGame">       <key>G</key>                    <mods>A</mods>     </cmd>
    </MacOSX>
    <cmd label="CinematicPreview">              <key>P</key>                    <mods>C</mods>      </cmd>

    <!-- Archive Browser -->
    <cmd label="ArchiveBrowserExport">          <key>E</key>                    <mods>C</mods>      </cmd>
    <cmd label="ArchiveBrowserView">            <key>Space</key>                                    </cmd>
    <cmd label="ArchiveBrowserTogglePreview">   <key>P</key>                    <mods>S</mods>      </cmd>
    <cmd label="ArchiveBrowserToggleCheckExt">  <key>T</key>                    <mods>C</mods>      </cmd>
    <cmd label="ArchiveBrowserRefresh">         <key>F5</key>                                       </cmd>

    <!-- Console -->
    <cmd label="ConsoleCmdNext">                <key>Down</key>                 <mods>C</mods>      </cmd>
    <cmd label="ConsoleCmdPrev">                <key>Up</key>                   <mods>C</mods>      </cmd>

    <!-- Previewer -->
    <cmd label="PreviewerToggleLock">           <key>T</key>                    <mods>C</mods>      </cmd>
    <cmd label="PreviewerToggleHideAllPanes">   <key>F11</key>                                      </cmd>
    <cmd label="PreviewerLockCamera">           <key>C</key>                    <mods>A</mods>      </cmd>
    <cmd label="PreviewerCameraToggle">         <key>C</key>                                        </cmd>
    <cmd label="PreviewerCameraToggleReverse">  <key>C</key>                    <mods>S</mods>      </cmd>
    <cmd label="PreviewerSetCameraDirector">    <key>D</key>                                        </cmd>
    <cmd label="PreviewerCameraGame">           <key>G</key>                    <mods>S</mods>      </cmd>
    <cmd label="PreviewerToggleTeamColor">      <key>T</key>                                        </cmd>
    <cmd label="PreviewerModelData">            <key>D</key>                    <mods>S</mods>      </cmd>
    <cmd label="PreviewerToggleTimeline">       <key>T</key>                    <mods>S</mods>      </cmd>
    <cmd label="PreviewerToggleSceneState">     <key>Y</key>                    <mods>S</mods>      </cmd>
    <cmd label="PreviewerMoveNodeUp">           <key>BracketOpen</key>          <mods>S</mods>      </cmd>
    <cmd label="PreviewerMoveNodeDown">         <key>BracketClose</key>         <mods>S</mods>      </cmd>
    <cmd label="PreviewerToggleShaderMode">     <key>S</key>                                        </cmd>
    <cmd label="PreviewerToggleShaderModeReverse"><key>S</key>                  <mods>S</mods>      </cmd>
    <Windows>
        <cmd label="PreviewerToggleWireframe">  <key>W</key>                    <mods>C</mods>      </cmd>
    </Windows>
    <MacOSX>
        <cmd label="PreviewerToggleWireframe">  <key>W</key>                    <mods>A</mods>      </cmd>
    </MacOSX>
    <cmd label="PreviewerToggleAttachments">    <key>A</key>                                        </cmd>
    <cmd label="PreviewerToggleBoundingSpheres"><key>B</key>                                        </cmd>
    <cmd label="PreviewerHitTestToggle">        <key>B</key>                    <mods>S</mods>      </cmd>
    <cmd label="PreviewerTogglPhysics">         <key>B</key>                    <mods>C</mods>      </cmd>
    <cmd label="PreviewerToggleWalkable">       <key>B</key>                    <mods>A</mods>      </cmd>
    <cmd label="PreviewerToggleForceFields">    <key>B</key>                    <mods>CA</mods>     </cmd>
    <cmd label="PreviewerToggleAttachmentVolumes"><key>B</key>                  <mods>SA</mods>     </cmd>
    <cmd label="PreviewerGroundToggle">         <key>G</key>                                        </cmd>
    <cmd label="PreviewerGroundTexture">        <key>G</key>                    <mods>CS</mods>     </cmd>
    <cmd label="PreviewerLightingToggle">       <key>L</key>                                        </cmd>
    <cmd label="PreviewerTimeOfDayToggle">      <key>D</key>                    <mods>CS</mods>     </cmd>
    <cmd label="PreviewerToggleShadows">        <key>H</key>                    <mods>C</mods>      </cmd>
    <cmd label="PreviewerToggleHalo">           <key>H</key>                    <mods>S</mods>      </cmd>
    <cmd label="PreviewerToggleWalk">           <key>M</key>                                        </cmd>
    <cmd label="PreviewerAspectRatioToggle">    <key>P</key>                                        </cmd>
    <cmd label="PreviewerMaxWidthToggle">       <key>X</key>                                        </cmd>
    <cmd label="PreviewerRecordVideo">          <key>F11</key>                  <mods>A</mods>      </cmd>
    <cmd label="PreviewerFileExportSounds">     <key>C</key>                    <mods>CS</mods>     </cmd>
    <cmd label="PreviewerAnimPrev">             <key>NumPadMinus</key>                              </cmd>
    <cmd label="PreviewerAnimNext">             <key>NumPadPlus</key>                               </cmd>
    <cmd label="PreviewerFileReload">           <key>R</key>                    <mods>C</mods>      </cmd> 
    <cmd label="PreviewerRotateLeft45">         <key>BracketOpen</key>                              </cmd>
    <cmd label="PreviewerRotateRight45">        <key>BracketClose</key>                             </cmd>
    <cmd label="PreviewerAddAnimLayer">         <key>A</key>                    <mods>C</mods>      </cmd>
    <cmd label="TimelineSwapBlockPrev">         <key>Left</key>                 <mods>A</mods>      </cmd>
    <cmd label="TimelineSwapBlockNext">         <key>Right</key>                <mods>A</mods>      </cmd>
    <cmd label="PreviewerDetach">               <key>N</key>                    <mods>A</mods>      </cmd>
    <cmd label="PreviewerAnimSpeedToggle">      <key>NumPad4</key>                                  </cmd>
    <cmd label="PreviewerIncreaseAnimSpeed">    <key>NumPad2</key>                                  </cmd>
    <cmd label="PreviewerDecreaseAnimSpeed">    <key>NumPad1</key>                                  </cmd>
    <cmd label="PreviewerAnimSpeedReset">       <key>NumPad3</key>                                  </cmd>
    <cmd label="PreviewerEditCamera">           <key>E</key>                    <mods>C</mods>      </cmd>
    <cmd label="PreviewerSetCameraToView">      <key>V</key>                    <mods>A</mods>      </cmd>
    <cmd label="PreviewerSetViewToCamera">      <key>V</key>                                        </cmd>
    <cmd label="PreviewerAddCurrentShot">       <key>S</key>                    <mods>CA</mods>     </cmd>
  
    <cmd label="PreviewerZoomToFitMouse">       <mouseclick>Middle</mouseclick> <mods>S</mods>      </cmd>
    <cmd label="PreviewerRotate">               <mouseclick>Left</mouseclick>   <mods>S</mods>      </cmd>
    <cmd label="PreviewerRotateDrag">           <mousedrag>Left</mousedrag>     <mods>S</mods>      </cmd>
    <cmd label="Previewer2ZoomToFitMouse">      <mouseclick>Middle</mouseclick> <mods>S</mods>      </cmd>
    <cmd label="Previewer2Rotate">              <mouseclick>Left</mouseclick>   <mods>S</mods>      </cmd>
    <cmd label="Previewer2RotateDrag">          <mousedrag>Left</mousedrag>     <mods>S</mods>      </cmd>
    <cmd label="PreviewerMoveDrag">             <mousedrag>Left</mousedrag>     <mods>CS</mods>     </cmd>
    <cmd label="PreviewerMove">                 <mouseclick>Left</mouseclick>   <mods>CS</mods>     </cmd>
    <cmd label="PreviewerRaise">                <mousewheel>Up</mousewheel>     <mods>CS</mods>     </cmd>
    <cmd label="PreviewerLower">                <mousewheel>Down</mousewheel>   <mods>CS</mods>     </cmd>
  
    <!-- Previewer Timeline -->
    <cmd label="TimelineSelectClick">           <mouseclick>Left</mouseclick>                       </cmd>
    <cmd label="TimelineSpliceSelectedAtTime">  <key>K</key>                    <mods>C</mods>      </cmd>
    <cmd label="TimelineSpliceAtTime">          <key>K</key>                    <mods>CS</mods>     </cmd>
    <cmd label="TimelineJumpToNextEdit">        <key>End</key>                                      </cmd>
    <cmd label="TimelineJumpToPrevEdit">        <key>Home</key>                                     </cmd>
    <cmd label="TimelineInsertTime">            <key>Equals</key>                                   </cmd>
    <cmd label="TimelineRemoveTime">            <key>Minus</key>                                    </cmd>
    <cmd label="TimelinePlaceMarkIn">           <key>I</key>                                        </cmd>
    <cmd label="TimelinePlaceMarkOut">          <key>O</key>                                        </cmd>
    <cmd label="TimelineSetTime">               <mouseclick>Left</mouseclick>                       </cmd>
    <cmd label="TimelineSetTimeDrag">           <mousedrag>Left</mousedrag>                         </cmd>
    <cmd label="TimelinePanDrag">               <mousedrag>Middle</mousedrag>                       </cmd>
    <cmd label="TimelineZoomWheelIn">           <mousewheel>Up</mousewheel>                         </cmd>
    <cmd label="TimelineZoomWheelOut">          <mousewheel>Down</mousewheel>                       </cmd>
    <cmd label="TimelineAddBlendTime">          <mousewheel>Up</mousewheel>     <mods>C</mods>      </cmd>
    <cmd label="TimelineSubtractBlendTime">     <mousewheel>Down</mousewheel>   <mods>C</mods>      </cmd>
    <cmd label="TimelineSetStartTimeDrag">      <mousedrag>Left</mousedrag>     <mods>CA</mods>     </cmd>
    <cmd label="TimelineSetEndTimeDrag">        <mousedrag>Right</mousedrag>    <mods>CA</mods>     </cmd>
    <cmd label="TimelineSelectionClick">        <mouseclick>Left</mouseclick>   <mods>S</mods>      </cmd>
    <cmd label="TimelineSelectionDrag">         <mousedrag>Left</mousedrag>     <mods>S</mods>      </cmd>  
    <cmd label="TimelineDragItem">              <mousedrag>Left</mousedrag>                         </cmd> 
    <cmd label="TimelineGhostDragItem">         <mousedrag>Left</mousedrag>     <mods>CS</mods>     </cmd>
    <cmd label="TimelineCloneDragItem">         <mousedrag>Left</mousedrag>     <mods>ACS</mods>    </cmd>
    <cmd label="TimelineContext">               <mouseclick>Right</mouseclick>                      </cmd>
    <cmd label="PreviewerTimelineZoom">         <key>Space</key>                <mods>S</mods>      </cmd>
    <cmd label="TimelineRangeSelectionClick">   <mouseclick>Left</mouseclick>   <mods>S</mods>      </cmd>
    <cmd label="TimelineToggleSelectionClick">  <mouseclick>Left</mouseclick>   <mods>C</mods>      </cmd>  
    <cmd label="TimelineAddSelectionDrag">      <mousedrag>Left</mousedrag>     <mods>C</mods>      </cmd> 
    <cmd label="TimelineRemoveSelectionDrag">   <mousedrag>Left</mousedrag>     <mods>A</mods>      </cmd>
    <cmd label="TimelineNudgeLeft">             <key>Left</key>                                     </cmd>
    <cmd label="TimelineNudgeRight">            <key>Right</key>                                    </cmd>
    <cmd label="TimelineLargeNudgeLeft">        <key>Left</key>                 <mods>CA</mods>     </cmd>
    <cmd label="TimelineLargeNudgeRight">       <key>Right</key>                <mods>CA</mods>     </cmd>
  
    <cmd label="TimelineToggleAutoKey">         <key>N</key>                                        </cmd>
    <cmd label="TimelineDoubleClickOpenCurveEditor"><mousedoubleclick>Left</mousedoubleclick>       </cmd>
    <cmd label="TimelineSelectMode">            <key>Q</key>                    <mods>A</mods>      </cmd>
    <cmd label="TimelineMoveMode">              <key>W</key>                    <mods>A</mods>      </cmd>
    <cmd label="TimelineGhostMode">             <key>E</key>                    <mods>A</mods>      </cmd>
    <cmd label="TimelineLinkMode">              <key>R</key>                    <mods>A</mods>      </cmd>
    <cmd label="TimelineUnlink">                <key>T</key>                    <mods>A</mods>      </cmd>
    <cmd label="TimelineJumpToInMarker">        <key>I</key>                    <mods>A</mods>      </cmd>
    <cmd label="TimelineJumpToOutMarker">       <key>O</key>                    <mods>A</mods>      </cmd>
    <cmd label="TimelineJumpToNextBookmark">    <key>PageUp</key>               <mods>S</mods>      </cmd>
    <cmd label="TimelineJumpToPrevBookmark">    <key>PageDown</key>             <mods>S</mods>      </cmd>
  
    <!-- Previewer Playback -->
    <cmd label="PreviewerPlaybackPlay">         <key>Space</key>                                    </cmd>
    <cmd label="PreviewerPlaybackNext">         <key>PageDown</key>                                 </cmd>
    <cmd label="PreviewerPlaybackPrevious">     <key>PageUp</key>                                   </cmd>
    <cmd label="PreviewerPlaybackRestart">      <key>NumPadMultiply</key>                           </cmd>
  
    <!-- Texture Reduction -->
    <cmd label="TextureReductionInc">           <key>NumPadPlus</key>                               </cmd>
    <cmd label="TextureReductionDec">           <key>NumPadMinus</key>                              </cmd>
    <cmd label="TextureReductionDefault">       <key>Delete</key>                                   </cmd>
    
    <cmd label="TextureReductionLevel01">       <key>1</key>                                        </cmd>
    <cmd label="TextureReductionLevel02">       <key>2</key>                                        </cmd>
    <cmd label="TextureReductionLevel03">       <key>3</key>                                        </cmd>
    <cmd label="TextureReductionLevel04">       <key>4</key>                                        </cmd>
    <cmd label="TextureReductionLevel05">       <key>5</key>                                        </cmd>
    <cmd label="TextureReductionLevel06">       <key>6</key>                                        </cmd>
    <cmd label="TextureReductionLevel07">       <key>7</key>                                        </cmd>
    <cmd label="TextureReductionLevel08">       <key>8</key>                                        </cmd>
    <cmd label="TextureReductionLevel09">       <key>9</key>                                        </cmd>
    <cmd label="TextureReductionLevel10">       <key>0</key>                                        </cmd>
    <cmd label="TextureReductionLevel11">       <key>Minus</key>                                    </cmd>
    <cmd label="TextureReductionLevel12">       <key>Equals</key>                                   </cmd>
  
    <!-- Preview -->
    <cmd label="PreviewFileLaunchGame">         <key>F5</key>                   <mods>C</mods>      </cmd>
    <cmd label="PreviewFileLoad">               <key>L</key>                    <mods>C</mods>      </cmd>
    <cmd label="PreviewFileLoadArchive">        <key>D</key>                    <mods>C</mods>      </cmd>
    <cmd label="PreviewFileReload">             <key>R</key>                    <mods>C</mods>      </cmd>
    <cmd label="PreviewModelPrev">              <key>Left</key>                 <mods>A</mods>      </cmd>
    <cmd label="PreviewModelNext">              <key>Right</key>                <mods>A</mods>      </cmd>
    <cmd label="PreviewAnimPrev">               <key>NumPadMinus</key>                              </cmd>
    <cmd label="PreviewAnimNext">               <key>NumPadPlus</key>                               </cmd>
    <cmd label="PreviewAnimRestart">            <key>NumPadMultiply</key>                           </cmd>
    <cmd label="PreviewAnimPlayPause">          <key>Space</key>                                    </cmd>
    <cmd label="PreviewAnimStepNext">           <key>PageDown</key>                                 </cmd>
    <cmd label="PreviewAnimStepPrev">           <key>PageUp</key>                                   </cmd>
    <cmd label="PreviewAnimStepFirst">          <key>Home</key>                                     </cmd>
    <cmd label="PreviewAnimStepLast">           <key>End</key>                                      </cmd>
    <cmd label="PreviewerAddCameraNode">        <key>X</key>                    <mods>A</mods>      </cmd>
    <cmd label="PreviewerAddDirectorNode">      <key>D</key>                    <mods>A</mods>      </cmd>
    <cmd label="PreviewerAddPathNode">          <key>Z</key>                    <mods>A</mods>      </cmd>
    <cmd label="PreviewerAddElement">           <key>A</key>                    <mods>A</mods>      </cmd>
    <cmd label="PreviewZoomToFit">              <key>F</key>                    <mods>S</mods>      </cmd>
    <cmd label="PreviewMoveUp">                 <key>Up</key>                   <mods>SA</mods>     </cmd>
    <cmd label="PreviewMoveDown">               <key>Down</key>                 <mods>SA</mods>     </cmd>
    <cmd label="PreviewRotateLeft">             <key>Left</key>                 <mods>CS</mods>     </cmd>
    <cmd label="PreviewRotateRight">            <key>Right</key>                <mods>CS</mods>     </cmd>
    <cmd label="PreviewRotateLeft45">           <key>BracketOpen</key>                              </cmd>
    <cmd label="PreviewRotateRight45">          <key>BracketClose</key>                             </cmd>
    <cmd label="PreviewRotateReset">            <key>M</key>                    <mods>C</mods>      </cmd>
    <cmd label="CameraEditor">                  <key>C</key>                    <mods>SA</mods>     </cmd>
    <cmd label="PreviewerDirectorWindow">       <key>D</key>                    <mods>C</mods>      </cmd>
    <cmd label="PreviewToggleAutoAnim">         <key>NumPadDecimal</key>                            </cmd>
    <cmd label="PreviewToggleGroupAnim">        <key>NumPad0</key>                                  </cmd>
    <cmd label="PreviewToggleBounds">           <key>B</key>                                        </cmd>
    <cmd label="PreviewToggleMotion">           <key>M</key>                                        </cmd>
    <cmd label="PreviewToggleAttachments">      <key>A</key>                                        </cmd>
    <cmd label="PreviewToggleStats">            <key>Minus</key>                <mods>C</mods>      </cmd>
    <cmd label="PreviewToggleDataTree">         <key>D</key>                                        </cmd>
    <cmd label="PreviewToggleShadows">          <key>H</key>                                        </cmd>
    <cmd label="PreviewToggleGeoPhysics">       <key>B</key>                    <mods>C</mods>      </cmd>
    <cmd label="PreviewToggleGeoWalkable">      <key>B</key>                    <mods>A</mods>      </cmd>
    <cmd label="PreviewToggleGeoForceFields">   <key>B</key>                    <mods>CA</mods>     </cmd>
    <cmd label="PreviewToggleAttachmentVolumes"><key>B</key>                    <mods>SA</mods>     </cmd>
    <cmd label="PreviewToggleShaderMode">       <key>S</key>                                        </cmd>
    <cmd label="PreviewAspectRatioToggle">      <key>P</key>                                        </cmd>
    <cmd label="PreviewMaxWidthToggle">         <key>X</key>                                        </cmd>
    <cmd label="PreviewCameraToggle">           <key>C</key>                                        </cmd>
    <cmd label="PreviewGroundToggle">           <key>G</key>                                        </cmd>
    <cmd label="PreviewGroundTexture">          <key>G</key>                    <mods>C</mods>      </cmd>
    <cmd label="PreviewGeoHitTestToggle">       <key>B</key>                    <mods>S</mods>      </cmd>
    <cmd label="PreviewLightingToggle">         <key>L</key>                                        </cmd>
    <cmd label="PreviewLightingProps">          <key>L</key>                    <mods>CS</mods>     </cmd>
    <cmd label="PreviewTodToggle">              <key>T</key>                                        </cmd>
    <cmd label="PreviewSpeedToggle">            <key>NumPad4</key>                                  </cmd>
    <cmd label="PreviewSpeedUp">                <key>NumPad2</key>                                  </cmd>
    <cmd label="PreviewSpeedDown">              <key>NumPad1</key>                                  </cmd>
    <cmd label="PreviewSpeedReset">             <key>NumPad3</key>                                  </cmd>
    <cmd label="PreviewLoopAnimToggle">         <key>O</key>                                        </cmd>
    <cmd label="PreviewZoomToFitMouse">         <mouseclick>Middle</mouseclick> <mods>S</mods>      </cmd>   
    <cmd label="PreviewLightRotateKey">         <mousedrag>Left</mousedrag>     <mods>CS</mods>     </cmd>
    <cmd label="PreviewLightRotateFill">        <mousedrag>Left</mousedrag>     <mods>S</mods>      </cmd>
    <cmd label="SetCutsceneLight">              <key>L</key>                    <mods>C</mods>      </cmd>
    <cmd label="PreviewerPropertiesWindow">     <key>NumPadDivide</key>                             </cmd>
    <cmd label="PreviewerClearSelection">       <key>Escape</key>                                   </cmd>
    <cmd label="PreviewerToggleSelectionHighlight"> <key>I</key>                <mods>CS</mods>     </cmd>
    <cmd label="PreviewerFogWindow">            <key>F</key>                    <mods>CS</mods>     </cmd>
    <cmd label="GizmoTogglePivotMode">          <key>Insert</key>                                   </cmd>
    <cmd label="PreviewerEyeGizmoMode">         <key>U</key>                                        </cmd>
    <cmd label="PreviewerTargetGizmoMode">      <key>K</key>                                        </cmd>
    
    <!-- Curve Editor -->
    <cmd label="CurveEditorExtentsXY">          <key>C</key>                                        </cmd>
    
    <!-- Import Editor -->
    <cmd label="ImportEdImport">                <key>I</key>                    <mods>C</mods>      </cmd>
    <cmd label="ImportEdExport">                <key>E</key>                    <mods>C</mods>      </cmd>
    <cmd label="ImportEdRemove">                <key>R</key>                    <mods>C</mods>      </cmd>
    <cmd label="ImportEdMove">                  <key>M</key>                    <mods>C</mods>      </cmd>
    <cmd label="ImportEdRevert">                <key>Minus</key>                <mods>C</mods>      </cmd>

    <!-- Overview Manager -->
    <cmd label="OverviewShowTypes">             <key>T</key>                    <mods>C</mods>      </cmd>
    <cmd label="OverviewShowSubtypeFolders">    <key>B</key>                    <mods>C</mods>      </cmd>
    <cmd label="OverviewShowUsesFolders">       <key>U</key>                    <mods>C</mods>      </cmd>
    <Windows>
        <cmd label="OverviewShowGlobalsOnly">   <key>G</key>                    <mods>C</mods>      </cmd>
    </Windows>
    <MacOSX>
        <cmd label="OverviewShowGlobalsOnly">   <key>G</key>                    <mods>A</mods>      </cmd>
    </MacOSX>
    <cmd label="OverviewSectionAdd">            <key>Equals</key>               <mods>C</mods>      </cmd>
    <cmd label="OverviewSectionModify">         <key>M</key>                    <mods>C</mods>      </cmd>
    <cmd label="OverviewCrossRef">              <key>R</key>                    <mods>C</mods>      </cmd>
    <cmd label="OverviewJumpToInstance">        <key>J</key>                    <mods>C</mods>      </cmd>
    <cmd label="OverviewViewObject">            <key>Enter</key>                                    </cmd>
    <cmd label="OverviewRefreshAuto">           <key>F5</key>                   <mods>CS</mods>     </cmd>
    <cmd label="OverviewRefreshNow">            <key>F5</key>                   <mods>C</mods>      </cmd>
  
    <!-- Data Navigator -->
    <cmd label="DataNavCanvasPanDrag">          <mousedrag>Middle</mousedrag>                       </cmd>
    <cmd label="DataNavCanvasPanDragAlt">       <mousedrag>Left</mousedrag>                         </cmd>
    <cmd label="DataNavCanvasPanDragShift">     <mousedrag>Middle</mousedrag>   <mods>S</mods>      </cmd>
    <cmd label="DataNavCanvasPanDragAltShift">  <mousedrag>Left</mousedrag>     <mods>S</mods>      </cmd>
    <cmd label="DataNavCanvasZoomWheelIn">      <mousewheel>Up</mousewheel>                         </cmd>
    <cmd label="DataNavCanvasZoomWheelOut">     <mousewheel>Down</mousewheel>                       </cmd>
    <cmd label="DataNavCanvasSelect">           <mouseclick>Left</mouseclick>                       </cmd>
    <cmd label="DataNavCanvasToggleExpand">     <mousedoubleclick>Left</mousedoubleclick>           </cmd>
  
    <Windows>
        <cmd label="DataNavViewInDataEditor">       <key>Space</key>                <mods>C</mods>      </cmd>
        <cmd label="DataNavExplorerViewInDataEditor"><key>Space</key>                <mods>C</mods>      </cmd>
    </Windows>
    <MacOSX>
        <cmd label="DataNavViewInDataEditor">       <key>Space</key>                <mods>CS</mods>      </cmd>
        <cmd label="DataNavExplorerViewInDataEditor"><key>Space</key>                <mods>CS</mods>      </cmd>
    </MacOSX>

    <!-- Data Editor -->
    <cmd label="ObjEdTabClose">                 <key>A</key>                    <mods>CS</mods>     </cmd>
    <cmd label="ObjEdTabCloseAll">              <key>A</key>                    <mods>CSA</mods>    </cmd>
    <cmd label="ObjEdTableView">                <key>1</key>                    <mods>C</mods>      </cmd>
    <cmd label="ObjEdDetailView">               <key>2</key>                    <mods>C</mods>      </cmd>
    <cmd label="ObjEdXMLView">                  <key>3</key>                    <mods>C</mods>      </cmd>
    <cmd label="ObjEdWizardView">               <key>4</key>                    <mods>C</mods>      </cmd>
    <cmd label="ObjEdToggleExplorer">           <key>E</key>                    <mods>SA</mods>     </cmd>
    <cmd label="ObjEdToggleObjectList">         <key>O</key>                    <mods>CS</mods>     </cmd>
    <cmd label="ObjEdResetColumnWidths">        <key>R</key>                    <mods>CS</mods>     </cmd>
    <cmd label="ObjEdToggleEasyMode">           <key>E</key>                    <mods>C</mods>      </cmd>
    <cmd label="ObjEdToggleRawData">            <key>D</key>                    <mods>C</mods>      </cmd>
    <cmd label="ObjEdToggleMultiSource">        <key>W</key>                    <mods>CS</mods>     </cmd>
    <cmd label="ObjEdToggleSortBySource">       <key>E</key>                    <mods>CS</mods>      </cmd>
    <cmd label="ObjEdToggleShowBasicLabel">     <key>L</key>                    <mods>CS</mods>     </cmd>
    <cmd label="ObjEdToggleShowFieldCats">      <key>F</key>                    <mods>CS</mods>     </cmd>
    <cmd label="ObjEdToggleShowStructures">     <key>N</key>                    <mods>CS</mods>     </cmd>
    <cmd label="ObjEdToggleShowFieldDiff">      <key>D</key>                    <mods>CS</mods>     </cmd>
    <cmd label="ObjEdToggleSyntaxHighlight">    <key>S</key>                    <mods>SA</mods>     </cmd>
    <cmd label="ObjEdCommitXML">                <key>X</key>                    <mods>CS</mods>     </cmd>
    <cmd label="ObjEdObjectAdd">                <key>Equals</key>               <mods>C</mods>      </cmd>
    <cmd label="ObjEdObjectRemove">             <key>Minus</key>                <mods>C</mods>      </cmd>
    <cmd label="ObjEdObjectDuplicate">          <key>U</key>                    <mods>C</mods>      </cmd>
    <cmd label="ObjEdObjectMove">               <key>K</key>                    <mods>C</mods>      </cmd>
    <cmd label="ObjEdObjectModify">             <key>M</key>                    <mods>C</mods>      </cmd>
    <Windows>
        <cmd label="ObjEdObjectReset">          <key>Comma</key>                <mods>C</mods>      </cmd>
    </Windows>
    <MacOSX>
        <!-- on mac, "cmd+," is always 'preferences', so we don't want to use that combo here -->
        <cmd label="ObjEdObjectReset">          <key>Comma</key>                <mods>CS</mods>      </cmd>
    </MacOSX>
    <cmd label="ObjEdObjectPreview">            <key>P</key>                    <mods>CA</mods>      </cmd>
    <cmd label="ObjEdLinkedObjectView">         <key>V</key>                    <mods>CA</mods>     </cmd>
    <cmd label="ObjEdLinkedObjectModify">       <key>M</key>                    <mods>CA</mods>     </cmd>
    <cmd label="ObjEdLinkedObjectReset">        <key>Comma</key>                <mods>CA</mods>     </cmd>
    <cmd label="ObjEdLinkExplain">              <key>E</key>                    <mods>CA</mods>     </cmd>
    <cmd label="ObjEdTokenModifyKey">           <key>T</key>                    <mods>SA</mods>     </cmd>
    <cmd label="ObjEdTokenModifyValue">         <key>V</key>                    <mods>SA</mods>     </cmd>
    <cmd label="ObjEdTokenAdd">                 <key>A</key>                    <mods>SA</mods>     </cmd>
    <cmd label="ObjEdTokenRemove">              <key>R</key>                    <mods>SA</mods>     </cmd>
    <cmd label="ObjEdValueModify">              <key>Enter</key>                <mods>C</mods>      </cmd>
    <cmd label="ObjEdValueModifyRelative">      <key>Enter</key>                <mods>CA</mods>     </cmd>
    <cmd label="ObjEdValueChildren">            <key>BackSlash</key>            <mods>C</mods>      </cmd>
    <Windows>
        <cmd label="ObjEdValueAdd">             <key>Q</key>                    <mods>C</mods>      </cmd>
    </Windows>
    <MacOSX>
        <cmd label="ObjEdValueAdd">             <key>Q</key>                    <mods>A</mods>      </cmd>
    </MacOSX>
    <cmd label="ObjEdValueMoveUp">              <key>Up</key>                   <mods>C</mods>      </cmd>
    <cmd label="ObjEdValueMoveDown">            <key>Down</key>                 <mods>C</mods>      </cmd>
    <cmd label="ObjEdCreateDoodad">             <key>D</key>                    <mods>CA</mods>     </cmd>
    <cmd label="ObjEdConvAddLine">              <key>L</key>                    <mods>C</mods>      </cmd>
    <cmd label="ObjEdConvAddRunActions">        <key>R</key>                    <mods>C</mods>      </cmd>
    <Windows>
        <cmd label="ObjEdConvAddWait">          <key>W</key>                    <mods>C</mods>      </cmd>
    </Windows>
    <MacOSX>
        <cmd label="ObjEdConvAddWait">          <key>W</key>                    <mods>A</mods>      </cmd>
    </MacOSX>
    <cmd label="ObjEdConvAddJump">              <key>J</key>                    <mods>C</mods>      </cmd>
    <cmd label="ObjEdConvAddChoice">            <key>I</key>                    <mods>C</mods>      </cmd>
    <Windows>
        <cmd label="ObjEdConvAddGroup">         <key>G</key>                    <mods>C</mods>      </cmd>
    </Windows>
    <MacOSX>
        <cmd label="ObjEdConvAddGroup">         <key>G</key>                    <mods>A</mods>      </cmd>
    </MacOSX>
    <cmd label="ObjEdConvAddComment">           <key>Slash</key>                <mods>C</mods>      </cmd>
    <cmd label="ObjEdConvMoveIn">               <key>Right</key>                <mods>C</mods>      </cmd>
    <cmd label="ObjEdConvMoveOut">              <key>Left</key>                 <mods>C</mods>      </cmd>
    <cmd label="ObjEdToggleHintsViewer">        <key>H</key>                    <mods>CA</mods>     </cmd>
    
    <!-- Hints Viewer -->
    <cmd label="HintsViewerToggleFollowActive"> <key>A</key>                    <mods>A</mods>      </cmd>

    <!-- Terrain Editor -->
    <cmd label="TerrainSettingsToggleShowing">  <key>Home</key>                                     </cmd>
    <cmd label="TerrainSettingsToggleWindow">   <key>Home</key>                 <mods>S</mods>      </cmd>
    <cmd label="TerrainToggleRenderStats">      <key>Minus</key>                <mods>C</mods>      </cmd>
    <cmd label="TerrainToggleUIPanel">          <key>I</key>                                        </cmd>
    <Windows>
        <cmd label="TerrainToggleMinimap">      <key>Comma</key>                <mods>C</mods>      </cmd>
    </Windows>
    <MacOSX>
        <!-- on mac, "cmd+," is always 'preferences', so we don't want to use that combo here -->
        <cmd label="TerrainToggleMinimap">      <key>Comma</key>                <mods>CS</mods>     </cmd>
    </MacOSX>
    <cmd label="TerrainTogglePalettePreview">   <key>Slash</key>                <mods>C</mods>      </cmd>
    <cmd label="TerrainTogglePaletteExisting">  <key>SemiColon</key>            <mods>C</mods>      </cmd>
    <cmd label="TerrainTogglePaletteHintText">  <key>Apostrophe</key>           <mods>C</mods>      </cmd>
    <cmd label="TerrainToggleGrid">             <key>G</key>                                        </cmd>
    <Windows>
        <cmd label="TerrainToggleGridDiagonal"> <key>G</key>                    <mods>CS</mods>     </cmd>
    </Windows>
    <MacOSX>
        <cmd label="TerrainToggleGridDiagonal"> <key>G</key>                    <mods>SA</mods>     </cmd>
    </MacOSX>
    <cmd label="TerrainToggleBounds">           <key>O</key>                                        </cmd>
    <cmd label="TerrainToggleSymmetryOverlay">  <key>BackSlash</key>                                </cmd>
    <cmd label="TerrainToggleBaseHeight">       <key>E</key>                    <mods>C</mods>      </cmd>
    <cmd label="TerrainToggleCameraTarget">     <key>V</key>                    <mods>S</mods>      </cmd>
    <cmd label="TerrainToggleCreep">            <key>E</key>                    <mods>S</mods>      </cmd>
    <cmd label="TerrainToggleCreepUpgraded">    <key>E</key>                    <mods>CS</mods>     </cmd>
    <cmd label="TerrainToggleHiddenSelection">  <key>S</key>                    <mods>S</mods>      </cmd>
    <cmd label="TerrainToggleDifficulty">       <key>F</key>                    <mods>S</mods>      </cmd>
    <cmd label="TerrainToggleUserTag">          <key>Q</key>                    <mods>C</mods>      </cmd>
    <cmd label="TerrainTogglePower">            <key>Comma</key>                <mods>S</mods>      </cmd>
    <cmd label="TerrainToggleRange">            <key>O</key>                    <mods>S</mods>      </cmd>
    <cmd label="TerrainToggleVision">           <key>F</key>                    <mods>CS</mods>     </cmd>
    <cmd label="TerrainToggleVisionPlayer">     <key>F</key>                    <mods>CA</mods>     </cmd>
    <cmd label="TerrainToggleHelpers">          <key>Period</key>               <mods>S</mods>      </cmd>
    <cmd label="TerrainToggleSelectionHighlight"><key>I</key>                   <mods>CS</mods>     </cmd>
    <cmd label="TerrainToggleWireframeTiles">   <key>I</key>                    <mods>C</mods>      </cmd>
    <cmd label="TerrainToggleDoodadAreas">      <key>D</key>                    <mods>C</mods>      </cmd>
    <cmd label="TerrainToggleLighting">         <key>L</key>                                        </cmd>
    <cmd label="TerrainToggleLightingMapPreview"><key>R</key>                   <mods>C</mods>      </cmd>
    <cmd label="TerrainToggleTimeOfDay">        <key>D</key>                    <mods>CS</mods>     </cmd>
    <cmd label="TerrainToggleShaderMode">       <key>S</key>                    <mods>CSA</mods>    </cmd>
    <cmd label="TerrainToggleShadows">          <key>S</key>                                        </cmd>
    <cmd label="TerrainToggleFogEffects">       <key>F</key>                                        </cmd>
    <cmd label="TerrainToggleBackground">       <key>K</key>                                        </cmd>
    <Windows>
        <cmd label="TerrainToggleSnapToGrid">   <key>G</key>                    <mods>C</mods>      </cmd>
    </Windows>
    <MacOSX>
        <cmd label="TerrainToggleSnapToGrid">   <key>G</key>                    <mods>A</mods>      </cmd>
    </MacOSX>
    <cmd label="TerrainToggleSelectDiagonal">   <key>D</key>                    <mods>C</mods>      </cmd>
    <cmd label="TerrainToggleGroupSelection">   <key>G</key>                    <mods>S</mods>      </cmd>
    <cmd label="TerrainToggleNamePoints">       <key>P</key>                    <mods>CS</mods>     </cmd>
    <cmd label="TerrainToggleNameRegions">      <key>R</key>                    <mods>CS</mods>     </cmd>
    <cmd label="TerrainToggleNameTerrain">      <key>T</key>                    <mods>CA</mods>     </cmd>
    <cmd label="TerrainToggleNamePathing">      <key>O</key>                    <mods>CA</mods>     </cmd>
    <cmd label="TerrainToggleSound">            <key>O</key>                    <mods>CS</mods>     </cmd>
    <cmd label="TerrainToggleCellHide">         <key>T</key>                    <mods>C</mods>      </cmd>
    <cmd label="TerrainToggleOverlayActiveOnly"><key>Q</key>                    <mods>S</mods>      </cmd>
    <cmd label="TerrainViewModelCamera">        <key>M</key>                    <mods>CA</mods>     </cmd>
    <cmd label="TerrainPathingMeshEnabled">     <key>H</key>                    <mods>CA</mods>     </cmd>
    <cmd label="TerrainPlacementGridEnabled">   <key>H</key>                    <mods>CS</mods>     </cmd>
    <cmd label="TerrainShowLayerTerrain">       <key>T</key>                    <mods>S</mods>      </cmd>
    <cmd label="TerrainShowLayerUnits">         <key>U</key>                    <mods>S</mods>      </cmd>
    <cmd label="TerrainShowLayerDoodads">       <key>D</key>                    <mods>S</mods>      </cmd>
    <cmd label="TerrainShowLayerPoints">        <key>P</key>                    <mods>S</mods>      </cmd>
    <cmd label="TerrainShowLayerCameras">       <key>C</key>                    <mods>S</mods>      </cmd>
    <cmd label="TerrainShowLayerRegions">       <key>R</key>                    <mods>S</mods>      </cmd>
    <cmd label="TerrainShowLayerPathing">       <key>H</key>                    <mods>S</mods>      </cmd>
    <cmd label="TerrainLockGameView">           <key>V</key>                                        </cmd>
    <cmd label="TerrainAspectRatioToggle">      <key>A</key>                                        </cmd>
    <cmd label="TerrainAspectGuideToggle">      <key>A</key>                    <mods>S</mods>      </cmd>
    <cmd label="TerrainLayerTerrain">           <key>T</key>                                        </cmd>
    <cmd label="TerrainLayerUnits">             <key>U</key>                                        </cmd>
    <cmd label="TerrainLayerDoodads">           <key>D</key>                                        </cmd>
    <cmd label="TerrainLayerPoints">            <key>P</key>                                        </cmd>
    <cmd label="TerrainLayerCameras">           <key>C</key>                                        </cmd>
    <cmd label="TerrainLayerPathing">           <key>H</key>                                        </cmd>
    <cmd label="TerrainSelectModeToggle">       <key>Space</key>                                    </cmd>
    <cmd label="TerrainMeasureDistance">        <key>M</key>                    <mods>C</mods>      </cmd>
    <cmd label="TerrainCancelOperation">        <key>Escape</key>                                   </cmd>
    <cmd label="TerrainSymmetryToggle">         <key>BackSlash</key>            <mods>C</mods>      </cmd>
    <cmd label="TerrainSelectFromToggle">       <key>L</key>                    <mods>C</mods>      </cmd>
    <cmd label="BrushSizeIncrease">             <key>BracketClose</key>                             </cmd>
    <cmd label="BrushSizeDecrease">             <key>BracketOpen</key>                              </cmd>
    <cmd label="BrushShapeNext">                <key>X</key>                                        </cmd>
    <cmd label="BrushShapePrev">                <key>Z</key>                                        </cmd>
    <cmd label="BrushStyleNext">                <key>X</key>                    <mods>S</mods>      </cmd>
    <cmd label="BrushStylePrev">                <key>Z</key>                    <mods>S</mods>      </cmd>
    <cmd label="BrushSpeedIncrease">            <key>Apostrophe</key>                               </cmd>
    <cmd label="BrushSpeedDecrease">            <key>SemiColon</key>                                </cmd>
    <cmd label="BrushTabletHeightToggle">       <key>NumPad8</key>              <mods>C</mods>      </cmd>
    <cmd label="BrushTabletHeightSensInc">      <key>NumPad9</key>              <mods>C</mods>      </cmd>
    <cmd label="BrushTabletHeightSensDec">      <key>NumPad7</key>              <mods>C</mods>      </cmd>
    <cmd label="BrushTabletTextureToggle">      <key>NumPad5</key>              <mods>C</mods>      </cmd>
    <cmd label="BrushTabletTextureSensInc">     <key>NumPad6</key>              <mods>C</mods>      </cmd>
    <cmd label="BrushTabletTextureSensDec">     <key>NumPad4</key>              <mods>C</mods>      </cmd>
    <cmd label="BrushTabletSizeToggle">         <key>NumPad2</key>              <mods>C</mods>      </cmd>
    <cmd label="BrushTabletSizeSensInc">        <key>NumPad3</key>              <mods>C</mods>      </cmd>
    <cmd label="BrushTabletSizeSensDec">        <key>NumPad1</key>              <mods>C</mods>      </cmd>
    <cmd label="BrushAspectNext">               <key>B</key>                                        </cmd>
    <cmd label="BrushAspectPrev">               <key>B</key>                    <mods>S</mods>      </cmd>
    <cmd label="BrushOpNext">                   <key>N</key>                                        </cmd>
    <cmd label="BrushOpPrev">                   <key>N</key>                    <mods>S</mods>      </cmd>
    <cmd label="BrushTypePrev">                 <key>Y</key>                    <mods>S</mods>      </cmd>
    <cmd label="BrushParamIncrease">            <key>M</key>                                        </cmd>
    <cmd label="BrushParamDecrease">            <key>M</key>                    <mods>S</mods>      </cmd>
    <cmd label="BrushOptCliffMerge">            <key>I</key>                    <mods>S</mods>      </cmd>
    <cmd label="BrushOptLightMerge">            <key>J</key>                    <mods>S</mods>      </cmd>
    <cmd label="BrushOptTexSameCliff">          <key>L</key>                    <mods>S</mods>      </cmd>
    <cmd label="TerrainRandomReset">            <key>Slash</key>                                    </cmd>
    <cmd label="TerrainPlayer00">               <key>BackSpace</key>                                </cmd>
    <cmd label="TerrainPlayer01">               <key>1</key>                                        </cmd>
    <cmd label="TerrainPlayer02">               <key>2</key>                                        </cmd>
    <cmd label="TerrainPlayer03">               <key>3</key>                                        </cmd>
    <cmd label="TerrainPlayer04">               <key>4</key>                                        </cmd>
    <cmd label="TerrainPlayer05">               <key>5</key>                                        </cmd>
    <cmd label="TerrainPlayer06">               <key>6</key>                                        </cmd>
    <cmd label="TerrainPlayer07">               <key>7</key>                                        </cmd>
    <cmd label="TerrainPlayer08">               <key>8</key>                                        </cmd>
    <cmd label="TerrainPlayer09">               <key>9</key>                                        </cmd>
    <cmd label="TerrainPlayer10">               <key>0</key>                                        </cmd>
    <cmd label="TerrainPlayer11">               <key>Minus</key>                                    </cmd>
    <cmd label="TerrainPlayer12">               <key>Equals</key>                                   </cmd>
    <cmd label="TerrainGenerateLighting">       <key>L</key>                    <mods>CS</mods>     </cmd>
    <cmd label="TerrainCopyPosition">               <key>C</key>                <mods>CA</mods>     </cmd>
    <cmd label="TerrainPastePosition">              <key>V</key>                <mods>CA</mods>     </cmd>
    <cmd label="TerrainPastePositionSymmetrical">   <key>V</key>                <mods>CS</mods>     </cmd>
    <cmd label="TerrainSelectionDetails">       <key>K</key>                    <mods>S</mods>      </cmd>

    <!-- Player Properties -->
    <cmd label="PlayerPropsShowTerrain">        <key>T</key>                    <mods>CA</mods>     </cmd>
    <cmd label="PlayerPropsShowObjects">        <key>O</key>                    <mods>CA</mods>     </cmd>

    <!-- Text Editor -->
    <cmd label="TextToggleTextEntry">           <key>N</key>                    <mods>CS</mods>     </cmd>
    <cmd label="TextToggleTextControls">        <key>O</key>                    <mods>CS</mods>     </cmd>
    <cmd label="TextToggleTextPreview">         <key>R</key>                    <mods>CS</mods>     </cmd>
    <cmd label="TextAdd">                       <key>T</key>                    <mods>C</mods>      </cmd>
    <cmd label="TextRemove">                    <key>R</key>                    <mods>C</mods>      </cmd>
    <cmd label="TextDuplicate">                 <key>D</key>                    <mods>C</mods>      </cmd>
    <cmd label="TextSpellCheck">                <key>K</key>                    <mods>CS</mods>     </cmd>
    <cmd label="TextApplyStyle">                <key>L</key>                    <mods>C</mods>      </cmd>
    <cmd label="TextApplyColorStart">           <key>J</key>                    <mods>C</mods>      </cmd>
    <cmd label="TextApplyColorEnd">             <key>E</key>                    <mods>C</mods>      </cmd>
    <Windows>
        <cmd label="TextApplyColorGradient">    <key>G</key>                    <mods>C</mods>      </cmd>
        <cmd label="TextInsertNewline">         <key>W</key>                    <mods>C</mods>      </cmd>
    </Windows>
    <MacOSX>
        <cmd label="TextApplyColorGradient">    <key>G</key>                    <mods>A</mods>      </cmd>
        <cmd label="TextInsertNewline">         <key>W</key>                    <mods>A</mods>     </cmd>
    </MacOSX>
    <cmd label="TextInsertHotkey">              <key>M</key>                    <mods>C</mods>      </cmd>
    <cmd label="TextInsertImage">               <key>I</key>                    <mods>C</mods>      </cmd>

    <!-- Trigger Editor -->
    <cmd label="TriggerToggleListPanel">        <key>N</key>                    <mods>CS</mods>     </cmd>
    <cmd label="TriggerToggleLibrary">          <key>L</key>                    <mods>CS</mods>     </cmd>
    <cmd label="TriggerToggleTriggers">         <key>R</key>                    <mods>CS</mods>     </cmd>
    <cmd label="TriggerToggleExplorer">         <key>E</key>                    <mods>CS</mods>     </cmd>
    <Windows>
        <cmd label="TriggerToggleGroups">       <key>G</key>                    <mods>CS</mods>     </cmd>
    </Windows>
    <MacOSX>
        <cmd label="TriggerToggleGroups">       <key>G</key>                    <mods>SA</mods>     </cmd>
    </MacOSX>
    <cmd label="TriggerToggleErrors">           <key>O</key>                    <mods>CS</mods>     </cmd>
    <cmd label="TriggerToggleSyntaxHighlight">  <key>S</key>                    <mods>SA</mods>     </cmd>
    <cmd label="TriggerToggleRawData">          <key>D</key>                    <mods>C</mods>      </cmd>
    <cmd label="TriggerToggleSubviews">         <key>W</key>                    <mods>CS</mods>     </cmd>
    <cmd label="TriggerToggleShowTypes">        <key>P</key>                    <mods>CS</mods>     </cmd>
    <Windows>
        <cmd label="TriggerNewElement">         <key>W</key>                    <mods>C</mods>      </cmd>
        <cmd label="TriggerNewCategory">        <key>G</key>                    <mods>C</mods>      </cmd>
    </Windows>
    <MacOSX>
        <cmd label="TriggerNewElement">         <key>W</key>                    <mods>A</mods>      </cmd>
        <cmd label="TriggerNewCategory">        <key>G</key>                    <mods>A</mods>      </cmd>
    </MacOSX>
    <cmd label="TriggerNewComment">             <key>Slash</key>                <mods>C</mods>      </cmd>
    <cmd label="TriggerNewCustomScript">        <key>T</key>                    <mods>CA</mods>     </cmd>
    <cmd label="TriggerNewTrigger">             <key>T</key>                    <mods>C</mods>      </cmd>
    <cmd label="TriggerNewEvent">               <key>E</key>                    <mods>C</mods>      </cmd>
    <cmd label="TriggerNewCondition">           <key>K</key>                    <mods>C</mods>      </cmd>
    <cmd label="TriggerNewAction">              <key>R</key>                    <mods>C</mods>      </cmd>
    <cmd label="TriggerNewEventDef">            <key>E</key>                    <mods>CA</mods>     </cmd>
    <cmd label="TriggerNewConditionDef">        <key>K</key>                    <mods>CA</mods>     </cmd>
    <cmd label="TriggerNewActionDef">           <key>R</key>                    <mods>CA</mods>     </cmd>
    <cmd label="TriggerNewFunctionDef">         <key>F</key>                    <mods>CA</mods>     </cmd>
    <cmd label="TriggerNewPreset">              <key>P</key>                    <mods>C</mods>      </cmd>
    <Windows>
        <cmd label="TriggerNewPresetValue">     <key>Q</key>                    <mods>C</mods>      </cmd>
    </Windows>
    <MacOSX>
        <cmd label="TriggerNewPresetValue">     <key>Q</key>                    <mods>A</mods>      </cmd>
    </MacOSX>
    <cmd label="TriggerNewStructure">           <key>U</key>                    <mods>C</mods>      </cmd>
    <cmd label="TriggerNewVariable">            <key>B</key>                    <mods>C</mods>      </cmd>
    <cmd label="TriggerNewSubFuncType">         <key>J</key>                    <mods>C</mods>      </cmd>
    <cmd label="TriggerNewParameter">           <key>M</key>                    <mods>C</mods>      </cmd>
    <cmd label="TriggerParameterInsert">        <key>Insert</key>               <mods>C</mods>      </cmd>
    <cmd label="TriggerCompileAll">             <key>F12</key>                  <mods>C</mods>      </cmd>
    <cmd label="TriggerViewScript">             <key>F11</key>                  <mods>C</mods>      </cmd>
    <cmd label="TriggerViewUsage">              <key>F10</key>                  <mods>C</mods>      </cmd>
    <cmd label="TriggerElementModify">          <key>Enter</key>                <mods>C</mods>      </cmd>
    <cmd label="TriggerModifyLabels">           <key>Y</key>                    <mods>CS</mods>     </cmd>
    <cmd label="TriggerToggleEnable">           <key>I</key>                    <mods>C</mods>      </cmd>
    <cmd label="TriggerToggleInitOn">           <key>I</key>                    <mods>CS</mods>     </cmd>
    <cmd label="TriggerMoveUp">                 <key>Up</key>                   <mods>C</mods>      </cmd>
    <cmd label="TriggerMoveDown">               <key>Down</key>                 <mods>C</mods>      </cmd>
    <cmd label="TriggerMoveIn">                 <key>Right</key>                <mods>C</mods>      </cmd>
    <cmd label="TriggerMoveOut">                <key>Left</key>                 <mods>C</mods>      </cmd>
    <Windows>
        <cmd label="TriggerViewItems">              <key>Space</key>                <mods>C</mods>      </cmd>
    </Windows>
    <MacOSX>
        <cmd label="TriggerViewItems">              <key>Space</key>                <mods>A</mods>      </cmd>
    </MacOSX>
    <cmd label="TriggerJumpToSelection">        <key>Space</key>                <mods>CS</mods>     </cmd>
    <cmd label="TriggerTabClose">               <key>A</key>                    <mods>CS</mods>     </cmd>
    <cmd label="TriggerTabCloseAll">            <key>A</key>                    <mods>CA</mods>     </cmd>
    <cmd label="TriggerTabNext">                <key>Tab</key>                  <mods>C</mods>      </cmd>
    <cmd label="TriggerTabPrev">                <key>Tab</key>                  <mods>CS</mods>     </cmd>
    <cmd label="TriggerChangeFocusLibrary">     <key>Equals</key>               <mods>C</mods>      </cmd>
    <cmd label="TriggerChangeFocusTrigger">     <key>Minus</key>                <mods>C</mods>      </cmd>
    <cmd label="TriggerChangeFocusExplorer">    <key>0</key>                    <mods>C</mods>      </cmd>
    <cmd label="TriggerChangeFocusGroup01">     <key>1</key>                    <mods>C</mods>      </cmd>
    <cmd label="TriggerChangeFocusGroup02">     <key>2</key>                    <mods>C</mods>      </cmd>
    <cmd label="TriggerChangeFocusGroup03">     <key>3</key>                    <mods>C</mods>      </cmd>
    <cmd label="TriggerChangeFocusSubview01">   <key>1</key>                    <mods>CS</mods>     </cmd>
    <cmd label="TriggerChangeFocusSubview02">   <key>2</key>                    <mods>CS</mods>     </cmd>
    <cmd label="TriggerChangeFocusSubview03">   <key>3</key>                    <mods>CS</mods>     </cmd>
    <cmd label="TriggerHistoryBack">            <key>BracketOpen</key>          <mods>C</mods>      </cmd>
    <cmd label="TriggerHistoryForward">         <key>BracketClose</key>         <mods>C</mods>      </cmd>
    
    <!-- AI Editor -->
    <cmd label="AIViewScript">                  <key>F11</key>                  <mods>C</mods>      </cmd>
    <cmd label="AIViewGraphs">                  <key>F12</key>                  <mods>C</mods>      </cmd>
    <cmd label="AIDefinitionAdd">               <key>P</key>                    <mods>C</mods>      </cmd>
    <Windows>
        <cmd label="AIWaveAdd">                 <key>W</key>                    <mods>C</mods>      </cmd>
    </Windows>
    <MacOSX>
        <cmd label="AIWaveAdd">                 <key>W</key>                    <mods>A</mods>      </cmd>
    </MacOSX>
    <cmd label="AIWaveAddLink">                 <key>L</key>                    <mods>C</mods>      </cmd>
    <cmd label="AIWaveAddComment">              <key>Slash</key>                <mods>C</mods>      </cmd>
    <cmd label="AIWaveIncludeTime">             <key>T</key>                    <mods>C</mods>      </cmd>
    <cmd label="AIWaveToggleShowAll">           <key>R</key>                    <mods>C</mods>      </cmd>

    <cmd label="AIDifficultyToggle">            <key>Equals</key>               <mods>C</mods>      </cmd>
    <cmd label="AIDifficultyAll">               <key>Minus</key>                <mods>C</mods>      </cmd>
    <cmd label="AIDifficulty01">                <key>1</key>                    <mods>C</mods>      </cmd>
    <cmd label="AIDifficulty02">                <key>2</key>                    <mods>C</mods>      </cmd>
    <cmd label="AIDifficulty03">                <key>3</key>                    <mods>C</mods>      </cmd>
    <cmd label="AIDifficulty04">                <key>4</key>                    <mods>C</mods>      </cmd>
    <cmd label="AIDifficulty05">                <key>5</key>                    <mods>C</mods>      </cmd>
    <cmd label="AIDifficulty06">                <key>6</key>                    <mods>C</mods>      </cmd>
    <cmd label="AIDifficulty07">                <key>7</key>                    <mods>C</mods>      </cmd>
    <cmd label="AIDifficulty08">                <key>8</key>                    <mods>C</mods>      </cmd>
    <cmd label="AIDifficulty09">                <key>9</key>                    <mods>C</mods>      </cmd>
    <cmd label="AIDifficulty10">                <key>0</key>                    <mods>C</mods>      </cmd>

    <cmd label="AIMoveUp">                      <key>Up</key>                   <mods>C</mods>      </cmd>
    <cmd label="AIMoveDown">                    <key>Down</key>                 <mods>C</mods>      </cmd>
    
    <cmd label="AICopySpecial">                 <key>C</key>                    <mods>CA</mods>     </cmd>
    <cmd label="AIPasteSpecial">                <key>V</key>                    <mods>CA</mods>     </cmd>
    
    <!-- UI Editor -->
    <cmd label="UIToggleSyntaxHighlight">       <key>S</key>                    <mods>SA</mods>     </cmd>
    <cmd label="UIFrameAdd">                    <key>M</key>                    <mods>C</mods>      </cmd>
    <cmd label="UIFrameRemove">                 <key>R</key>                    <mods>C</mods>      </cmd>
    <cmd label="UIFrameModify">                 <key>Enter</key>                <mods>C</mods>      </cmd>
    <cmd label="UIFrameReset">                  <key>T</key>                    <mods>C</mods>      </cmd>
    <cmd label="UIFramePreview">                <key>P</key>                    <mods>C</mods>      </cmd>
    <cmd label="UILayoutAdd">                   <key>L</key>                    <mods>C</mods>      </cmd>
    <cmd label="UILayoutRemove">                <key>R</key>                    <mods>CS</mods>     </cmd>
    <cmd label="UILayoutRename">                <key>E</key>                    <mods>C</mods>      </cmd>
    <cmd label="UIImport">                      <key>I</key>                    <mods>CS</mods>     </cmd>
</EditorCommands>
