<?xml version="1.0" encoding="us-ascii"?>
<EditorFiles>

<!-- Directories -->
<directory label="ImageDir"             >EditorData/Images/</directory>
<directory label="TextureDir"           >Assets/Textures/</directory>
<directory label="TriggerLibDir"        >TriggerLibs/</directory>

<!-- Data Files -->
<file label="GameData"                  >GameData/GameData</file>
<file label="GameText"                  >LocalizedData/GameStrings</file>
<file label="GameTextProduct"           >LocalizedData/GameStringsProduct</file>
<file label="GameHotkeys"               >LocalizedData/GameHotkeys</file>
<file label="GameHotkeysProduct"        >LocalizedData/GameHotkeysProduct</file>
<file label="ConversationText"          >LocalizedData/ConversationStrings</file>
<file label="ObjectText"                >LocalizedData/ObjectStrings</file>
<file label="ObjectTextProduct"         >LocalizedData/ObjectStringsProduct</file>
<file label="TriggerText"               >LocalizedData/TriggerStrings</file>

<!-- Model Files -->
<file label="CameraModel"               >Assets/UI/Helpers/CameraHelper/CameraHelper</file>

<!-- Image Files -->
<file label="UnknownImage"              ><dir>ImageDir</dir>UnknownImage</file>
<file label="CheckMark"                 ><dir>ImageDir</dir>CheckMark</file>
<file label="ObjectAdd"                 ><dir>ImageDir</dir>ToolbarAddValue</file>
<file label="ObjectModify"              ><dir>ImageDir</dir>ToolbarModifyValue</file>
<file label="ObjectRemove"              ><dir>ImageDir</dir>ToolbarDeleteValue</file>
<file label="MoveLeft"                  ><dir>ImageDir</dir>MoveLeft</file>
<file label="MoveRight"                 ><dir>ImageDir</dir>MoveRight</file>
<file label="MoveUp"                    ><dir>ImageDir</dir>MoveUp</file>
<file label="MoveDown"                  ><dir>ImageDir</dir>MoveDown</file>
<file label="DirUp"                     ><dir>ImageDir</dir>MoveUp</file>
<file label="DirDown"                   ><dir>ImageDir</dir>MoveDown</file>
<file label="RotateCW"                  ><dir>ImageDir</dir>RotateCW</file>
<file label="RotateCCW"                 ><dir>ImageDir</dir>RotateCCW</file>
<file label="FlipX"                     ><dir>ImageDir</dir>FlipX</file>
<file label="FlipY"                     ><dir>ImageDir</dir>FlipY</file>
<file label="FolderOpen"                ><dir>TextureDir</dir>UI-EditorIcon-TriggerCategories_FolderOpen</file>
<file label="FolderClosed"              ><dir>TextureDir</dir>UI-EditorIcon-TriggerCategories_Folder</file>
<file label="SortAscending"             ><dir>ImageDir</dir>SortAscending</file>
<file label="SortDescending"            ><dir>ImageDir</dir>SortDescending</file>
<file label="FileImport"                ><dir>TextureDir</dir>UI-EditorIcon-TriggerCategories_FolderOpen</file>
<file label="PointIcon"                 ><dir>ImageDir</dir>BrushPathingAdd</file>
<file label="CameraIcon"                ><dir>ImageDir</dir>TriggerLabels/Camera</file>
<file label="MultipleObjects"           ><dir>ImageDir</dir>MultipleObjects</file>
<file label="MultiplePoints"            ><dir>ImageDir</dir>MultipleObjects</file>
<file label="MultipleCameras"           ><dir>ImageDir</dir>MultipleObjects</file>
<file label="MultipleRegions"           ><dir>ImageDir</dir>MultipleObjects</file>
<file label="MultipleTriggerElements"   ><dir>ImageDir</dir>MultipleObjects</file>
<file label="MultipleLibraries"         ><dir>ImageDir</dir>MultipleObjects</file>
<file label="GenericItem"               ><dir>ImageDir</dir>ToolbarNew</file>
<file label="ModelDataItem"             ><dir>ImageDir</dir>ToolbarNew</file>
<file label="ObjectFieldValue"          ><dir>ImageDir</dir>ToolbarNew</file>
<file label="SourceFile"                ><dir>ImageDir</dir>ToolbarNew</file>
<file label="SourceFileInUse"           ><dir>ImageDir</dir>SourceFileInUse</file>
<file label="SourceFolderInUseOpen"     ><dir>ImageDir</dir>SourceFileInUse</file>
<file label="SourceFolderInUseClosed"   ><dir>ImageDir</dir>SourceFileInUse</file>
<file label="AboutLogo"                 ><dir>ImageDir</dir>Startup/BlizzardLogo</file>
<file label="WelcomeLogo"               ><dir>ImageDir</dir>Startup/BlizzardLogo</file>
<file label="TextureRemap"              ><dir>ImageDir</dir>TimelinePlay</file>
<file label="LightingWindowLight"       ><dir>ImageDir</dir>LightingWindowLight</file>
<file label="WaterWindowWater"          ><dir>ImageDir</dir>WaterWindowWater</file>
<file label="PaletteFootprintResLarge"  ><dir>ImageDir</dir>FootprintResLarge</file>
<file label="PaletteFootprintResMedium" ><dir>ImageDir</dir>FootprintResMedium</file>
<file label="PaletteFootprintResSmall"  ><dir>ImageDir</dir>FootprintResSmall</file>
<file label="PaletteFootprintResTiny"   ><dir>ImageDir</dir>FootprintResTiny</file>
<file label="PaletteFootprintCell"      ><dir>ImageDir</dir>FootprintBrushSizeCell</file>
<file label="PaletteFootprintSubCell"   ><dir>ImageDir</dir>FootprintBrushSizeSubCell</file>
<file label="PaletteFootprintTriangle"  ><dir>ImageDir</dir>FootprintBrushSizeTriangle</file>
<file label="TimelineCursor"            ><dir>ImageDir</dir>TimelineCursor</file>
<file label="CinematicsSendToGame"      ><dir>ImageDir</dir>ToolbarRedo</file>
<file label="CinematicsPreview"         ><dir>ImageDir</dir>TriggerLabels/Camera</file>
<file label="MatrixCardDigit"           ><dir>TextureDir</dir>decalnumber*_diffuse</file>
<file label="ArcadeIconOverlay"         ><dir>ImageDir</dir>ArcadeIconTemplate</file>

<file label="LayoutFile"                ><dir>ImageDir</dir>ToolbarNew</file>
<file label="FrameGeneric"              ><dir>TextureDir</dir>ui-editoricon-triggercategories_objective</file>
<file label="FrameImage"                ><dir>TextureDir</dir>ui-editoricon-triggercategories_actor</file>
<file label="FrameButton"               ><dir>TextureDir</dir>ui-editoricon-triggercategories_orders</file>
<file label="FrameLabel"                ><dir>TextureDir</dir>ui-editoricon-triggercategories_strings</file>
<file label="FrameTooltip"              ><dir>TextureDir</dir>ui-editoricon-triggercategories_story</file>

<file label="MinimapStartLocation"      ><dir>ImageDir</dir>MinimapStartLocation</file>

<file label="SoundPlay"                 ><dir>ImageDir</dir>SoundPlay</file>
<file label="SoundStop"                 ><dir>ImageDir</dir>SoundStop</file>

<file label="ConversationGroup"         ><dir>ImageDir</dir>FolderClosed</file>
<file label="ConversationComment"       ><dir>TextureDir</dir>UI-EditorIcon-TriggerCategories_Comment</file>
<file label="ConversationChoice"        ><dir>ImageDir</dir>TriggerCondition</file>
<file label="ConversationLine"          ><dir>ImageDir</dir>TriggerLabels/Sound</file>
<file label="ConversationRunActions"    ><dir>ImageDir</dir>TriggerLabels/Gear</file>
<file label="ConversationWait"          ><dir>ImageDir</dir>TriggerLabels/Wait</file>
<file label="ConversationJump"          ><dir>ImageDir</dir>TriggerLabels/Gear</file>
<file label="ConversationCondition"     ><dir>ImageDir</dir>ConversationCondition</file>
<file label="ConversationCut"           ><dir>ImageDir</dir>ToolbarCut</file>

<file label="VoiceOverLine"             ><dir>ImageDir</dir>TriggerLabels/Sound</file>

<file label="CutsceneNodeActiveCamera"  ><dir>ImageDir</dir>CutSceneEditor/Nodes/Camera_Active</file>
<file label="CutsceneNodeActiveLight"   ><dir>ImageDir</dir>CutSceneEditor/Nodes/Light_Active</file>
<file label="CutsceneNodeActor"         ><dir>ImageDir</dir>CutSceneEditor/Nodes/Actor</file>
<file label="CutsceneNodeAnimationLayer"><dir>ImageDir</dir>CutSceneEditor/Nodes/Animation</file>
<file label="CutsceneNodeAttachment"    ><dir>ImageDir</dir>CutSceneEditor/Nodes/Attachment</file>
<file label="CutsceneNodeBookmark"      ><dir>ImageDir</dir>CutSceneEditor/Nodes/Bookmark</file>
<file label="CutsceneNodeCamera"        ><dir>ImageDir</dir>CutSceneEditor/Nodes/Camera_Game</file>
<file label="CutsceneNodeConversationDriver"><dir>ImageDir</dir>CutSceneEditor/Nodes/ConversationDriver</file>
<file label="CutsceneNodeConversation"  ><dir>ImageDir</dir>CutSceneEditor/Nodes/Conversation</file>
<file label="CutsceneNodeDirector"      ><dir>ImageDir</dir>CutSceneEditor/Nodes/Director</file>
<file label="CutsceneNodeEndScene"      ><dir>ImageDir</dir>CutSceneEditor/Nodes/EndScene</file>
<file label="CutsceneNodeEnvironmentLight"><dir>ImageDir</dir>CutSceneEditor/Nodes/Light_Environment</file>
<file label="CutsceneNodeFade"          ><dir>ImageDir</dir>CutSceneEditor/Nodes/Fade</file>
<file label="CutsceneNodeFog"           ><dir>ImageDir</dir>CutSceneEditor/Nodes/Fog</file>
<file label="CutsceneNodeFolder"        ><dir>ImageDir</dir>CutSceneEditor/Nodes/Folder</file>
<file label="CutsceneNodeFollowPath"    ><dir>ImageDir</dir>CutSceneEditor/Nodes/FollowPath</file>
<file label="CutsceneNodeOmniLight"     ><dir>ImageDir</dir>CutSceneEditor/Nodes/Light_Omni</file>
<file label="CutsceneNodeSpotLight"     ><dir>ImageDir</dir>CutSceneEditor/Nodes/Light_Spot</file>
<file label="CutsceneNodeLookAt"        ><dir>ImageDir</dir>CutSceneEditor/Nodes/LookAt</file>
<file label="CutsceneNodeM3A"           ><dir>ImageDir</dir>CutSceneEditor/Nodes/File</file>
<file label="CutsceneNodeMasterSound"   ><dir>ImageDir</dir>CutSceneEditor/Nodes/MasterSound</file>
<file label="CutsceneNodeModelMaterial" ><dir>ImageDir</dir>CutSceneEditor/Nodes/ModelMaterial</file>
<file label="CutsceneNodePathMarker"    ><dir>ImageDir</dir>CutSceneEditor/Nodes/PathMarker</file>
<file label="CutsceneNodePath"          ><dir>ImageDir</dir>CutSceneEditor/Nodes/Path</file>
<file label="CutsceneNodePropertyValue" ><dir>ImageDir</dir>CutSceneEditor/Nodes/PropertyValue</file>
<file label="CutsceneNodeRoot"          ><dir>ImageDir</dir>CutSceneEditor/Nodes/Cutscene</file>
<file label="CutsceneNodeRTT"           ><dir>ImageDir</dir>CutSceneEditor/Nodes/RenderToTexture</file>
<file label="CutsceneNodeSound"         ><dir>ImageDir</dir>CutSceneEditor/Nodes/Sound</file>
<file label="CutsceneNodeSoundGroup"    ><dir>ImageDir</dir>CutSceneEditor/Nodes/SoundGroup</file>
<file label="CutsceneNodeText"          ><dir>ImageDir</dir>CutSceneEditor/Nodes/Text</file>

<file label="ImportFileNormal"          ><dir>ImageDir</dir>ToolbarNew</file>
<file label="ImportFileAdded"           ><dir>ImageDir</dir>ToolbarNew</file>
<file label="ImportFileRemoved"         ><dir>ImageDir</dir>ToolbarNew</file>
<file label="ImportFileMoved"           ><dir>ImageDir</dir>ToolbarNew</file>
<file label="ImportFileReplaced"        ><dir>ImageDir</dir>ToolbarNew</file>
<file label="ImportFileReserved"        ><dir>ImageDir</dir>ToolbarNew</file>

<file label="DataAbil"                  ><dir>TextureDir</dir>UI-EditorIcon-Data_Types_Abilities</file>
<file label="DataAccumulator"           ><dir>TextureDir</dir>UI-EditorIcon-DataEditor_AdvancedValues</file>
<file label="DataAchievement"           ><dir>TextureDir</dir>UI-EditorIcon-DataEditor_AdvancedValues</file>
<file label="DataAchievementTerm"       ><dir>TextureDir</dir>UI-EditorIcon-DataEditor_AdvancedValues</file>
<file label="DataActor"                 ><dir>TextureDir</dir>UI-EditorIcon-Data_Types_Actors</file>
<file label="DataAdd"                   ><dir>ImageDir</dir>DataAdd</file>
<file label="DataAlert"                 ><dir>TextureDir</dir>UI-EditorIcon-DataEditor_AdvancedValues</file>
<file label="DataArmyCategory"          ><dir>TextureDir</dir>UI-EditorIcon-DataEditor_AdvancedValues</file>
<file label="DataArmyUnit"              ><dir>TextureDir</dir>UI-EditorIcon-DataEditor_AdvancedValues</file>
<file label="DataArmyUpgrade"           ><dir>TextureDir</dir>UI-EditorIcon-DataEditor_AdvancedValues</file>
<file label="DataArtifact"              ><dir>TextureDir</dir>UI-EditorIcon-DataEditor_AdvancedValues</file>
<file label="DataArtifactSlot"          ><dir>TextureDir</dir>UI-EditorIcon-DataEditor_AdvancedValues</file>
<file label="DataAttachMethod"          ><dir>TextureDir</dir>UI-EditorIcon-Data_Types_AttachMethods</file>
<file label="DataBankCondition"         ><dir>TextureDir</dir>UI-EditorIcon-DataEditor_AdvancedValues</file>
<file label="DataBeam"                  ><dir>TextureDir</dir>UI-EditorIcon-Data_Types_Beams</file>
<file label="DataBehavior"              ><dir>TextureDir</dir>UI-EditorIcon-Data_Types_Behaviours</file>
<file label="DataButton"                ><dir>TextureDir</dir>UI-EditorIcon-Data_Types_Buttons</file>
<file label="DataCamera"                ><dir>TextureDir</dir>UI-EditorIcon-DataEditor_AdvancedValues</file>
<file label="DataCampaign"              ><dir>TextureDir</dir>UI-EditorIcon-DataEditor_AdvancedValues</file>
<file label="DataCharacter"             ><dir>TextureDir</dir>UI-EditorIcon-DataEditor_AdvancedValues</file>
<file label="DataCliff"                 ><dir>TextureDir</dir>UI-EditorIcon-DataEditor_AdvancedValues</file>
<file label="DataCliffMesh"             ><dir>TextureDir</dir>UI-EditorIcon-DataEditor_AdvancedValues</file>
<file label="DataCommander"             ><dir>TextureDir</dir>UI-EditorIcon-DataEditor_AdvancedValues</file>
<file label="DataColorStyle"            ><dir>TextureDir</dir>UI-EditorIcon-Data_Types_Effects</file>
<file label="DataConfig"                ><dir>TextureDir</dir>UI-EditorIcon-DataEditor_AdvancedValues</file>
<file label="DataConsoleSkin"           ><dir>TextureDir</dir>UI-EditorIcon-DataEditor_AdvancedValues</file>
<file label="DataConversation"          ><dir>TextureDir</dir>UI-EditorIcon-DataEditor_AdvancedValues</file>
<file label="DataConversationState"     ><dir>TextureDir</dir>UI-EditorIcon-DataEditor_AdvancedValues</file>
<file label="DataDataCollection"        ><dir>TextureDir</dir>UI-EditorIcon-DataEditor_AdvancedValues</file>
<file label="DataDataCollectionPattern" ><dir>TextureDir</dir>UI-EditorIcon-DataEditor_AdvancedValues</file>
<file label="DataCursor"                ><dir>TextureDir</dir>UI-EditorIcon-DataEditor_AdvancedValues</file>
<file label="DataDecalPack"             ><dir>TextureDir</dir>UI-EditorIcon-DataEditor_AdvancedValues</file>
<file label="DataDSP"                   ><dir>TextureDir</dir>UI-EditorIcon-Data_Types_DigitalSounds</file>
<file label="DataEffect"                ><dir>TextureDir</dir>UI-EditorIcon-Data_Types_Effects</file>
<file label="DataEmoticon"              ><dir>TextureDir</dir>UI-EditorIcon-DataEditor_AdvancedValues</file>
<file label="DataEmoticonPack"          ><dir>TextureDir</dir>UI-EditorIcon-DataEditor_AdvancedValues</file>
<file label="DataError"                 ><dir>TextureDir</dir>UI-EditorIcon-DataEditor_AdvancedValues</file>
<file label="DataFoW"                   ><dir>TextureDir</dir>UI-EditorIcon-Data_Types_FogofWar</file>
<file label="DataFootprint"             ><dir>TextureDir</dir>UI-EditorIcon-Data_Types_Footprints</file>
<file label="DataGame"                  ><dir>TextureDir</dir>UI-EditorIcon-DataEditor_AdvancedValues</file>
<file label="DataGameUI"                ><dir>TextureDir</dir>UI-EditorIcon-DataEditor_AdvancedValues</file>
<file label="DataHerd"                  ><dir>TextureDir</dir>UI-EditorIcon-DataEditor_AdvancedValues</file>
<file label="DataHerdNode"              ><dir>TextureDir</dir>UI-EditorIcon-DataEditor_AdvancedValues</file>
<file label="DataHero"                  ><dir>TextureDir</dir>UI-EditorIcon-DataEditor_AdvancedValues</file>
<file label="DataHeroAbil"              ><dir>TextureDir</dir>UI-EditorIcon-DataEditor_AdvancedValues</file>
<file label="DataHeroStat"              ><dir>TextureDir</dir>UI-EditorIcon-DataEditor_AdvancedValues</file>
<file label="DataItem"                  ><dir>TextureDir</dir>UI-EditorIcon-Data_Types_Items</file>
<file label="DataItemClass"             ><dir>TextureDir</dir>UI-EditorIcon-DataEditor_AdvancedValues</file>
<file label="DataItemContainer"         ><dir>TextureDir</dir>UI-EditorIcon-DataEditor_AdvancedValues</file>
<file label="DataLight"                 ><dir>TextureDir</dir>UI-EditorIcon-Data_Types_Lights</file>
<file label="DataLocation"              ><dir>TextureDir</dir>UI-EditorIcon-DataEditor_AdvancedValues</file>
<file label="DataLoot"                  ><dir>TextureDir</dir>UI-EditorIcon-DataEditor_AdvancedValues</file>
<file label="DataMap"                   ><dir>TextureDir</dir>UI-EditorIcon-DataEditor_AdvancedValues</file>
<file label="DataModel"                 ><dir>TextureDir</dir>UI-EditorIcon-Data_Types_Models</file>
<file label="DataMover"                 ><dir>TextureDir</dir>UI-EditorIcon-Data_Types_Movers</file>
<file label="DataMount"                 ><dir>TextureDir</dir>UI-EditorIcon-DataEditor_AdvancedValues</file>
<file label="DataObjective"             ><dir>TextureDir</dir>UI-EditorIcon-DataEditor_AdvancedValues</file>
<file label="DataPlayerResponse"        ><dir>TextureDir</dir>UI-EditorIcon-DataEditor_AdvancedValues</file>
<file label="DataPhysicsMaterial"       ><dir>TextureDir</dir>UI-EditorIcon-DataEditor_AdvancedValues</file>
<file label="DataPortraitPack"          ><dir>TextureDir</dir>UI-EditorIcon-DataEditor_AdvancedValues</file>
<file label="DataPreload"               ><dir>TextureDir</dir>UI-EditorIcon-DataEditor_AdvancedValues</file>
<file label="DataPremiumMap"            ><dir>ImageDir</dir>MainToolbar/TestDocument</file>
<file label="DataRace"                  ><dir>TextureDir</dir>UI-EditorIcon-DataEditor_AdvancedValues</file>
<file label="DataRequirement"           ><dir>TextureDir</dir>UI-EditorIcon-Data_Types_Requirements</file>
<file label="DataRequirementNode"       ><dir>TextureDir</dir>UI-EditorIcon-Data_Types_Requirements</file>
<file label="DataReverb"                ><dir>TextureDir</dir>UI-EditorIcon-Data_Types_ReverbEffects</file>
<file label="DataReward"                ><dir>TextureDir</dir>UI-EditorIcon-DataEditor_AdvancedValues</file>
<file label="DataScoreResult"           ><dir>TextureDir</dir>UI-EditorIcon-DataEditor_AdvancedValues</file>
<file label="DataScoreValue"            ><dir>TextureDir</dir>UI-EditorIcon-DataEditor_AdvancedValues</file>
<file label="DataSkin"                  ><dir>TextureDir</dir>UI-EditorIcon-DataEditor_AdvancedValues</file>
<file label="DataSkinPack"              ><dir>TextureDir</dir>UI-EditorIcon-DataEditor_AdvancedValues</file>
<file label="DataSprayPack"              ><dir>TextureDir</dir>UI-EditorIcon-DataEditor_AdvancedValues</file>
<file label="DataSound"                 ><dir>TextureDir</dir>UI-EditorIcon-Data_Types_Sounds</file>
<file label="DataSoundExclusivity"      ><dir>TextureDir</dir>UI-EditorIcon-Data_Types_Sounds</file>
<file label="DataSoundMixSnapshot"      ><dir>TextureDir</dir>UI-EditorIcon-Data_Types_Sounds</file>
<file label="DataSoundtrack"            ><dir>TextureDir</dir>UI-EditorIcon-Data_Types_Soundtracks</file>
<file label="DataSpray"                 ><dir>TextureDir</dir>UI-EditorIcon-Data_Types_Textures</file>
<file label="DataStore"                 ><dir>TextureDir</dir>UI-EditorIcon-DataEditor_AdvancedValues</file>
<file label="DataTacCooldown"           ><dir>TextureDir</dir>UI-EditorIcon-DataEditor_AdvancedValues</file>
<file label="DataTactical"              ><dir>TextureDir</dir>UI-EditorIcon-DataEditor_AdvancedValues</file>
<file label="DataTalent"                ><dir>TextureDir</dir>UI-EditorIcon-DataEditor_AdvancedValues</file>
<file label="DataTalentProfile"         ><dir>TextureDir</dir>UI-EditorIcon-DataEditor_AdvancedValues</file>
<file label="DataTargetFind"            ><dir>TextureDir</dir>UI-EditorIcon-DataEditor_AdvancedValues</file>
<file label="DataTargetSort"            ><dir>TextureDir</dir>UI-EditorIcon-DataEditor_AdvancedValues</file>
<file label="DataTerrain"               ><dir>TextureDir</dir>UI-EditorIcon-DataEditor_AdvancedValues</file>
<file label="DataTerrainObject"         ><dir>TextureDir</dir>UI-EditorIcon-DataEditor_AdvancedValues</file>
<file label="DataTerrainTex"            ><dir>TextureDir</dir>UI-EditorIcon-DataEditor_AdvancedValues</file>
<file label="DataTexture"               ><dir>TextureDir</dir>UI-EditorIcon-Data_Types_Textures</file>
<file label="DataTextureSheet"          ><dir>TextureDir</dir>UI-EditorIcon-DataEditor_AdvancedValues</file>
<file label="DataTile"                  ><dir>TextureDir</dir>UI-EditorIcon-DataEditor_AdvancedValues</file>
<file label="DataTrophy"                ><dir>TextureDir</dir>UI-EditorIcon-DataEditor_AdvancedValues</file>
<file label="DataTurret"                ><dir>TextureDir</dir>UI-EditorIcon-Data_Types_Turrets</file>
<file label="DataUnit"                  ><dir>TextureDir</dir>UI-EditorIcon-Data_Types_Units</file>
<file label="DataUpgrade"               ><dir>TextureDir</dir>UI-EditorIcon-Data_Types_Upgrades</file>
<file label="DataUser"                  ><dir>TextureDir</dir>UI-EditorIcon-DataEditor_AdvancedValues</file>
<file label="DataValidator"             ><dir>TextureDir</dir>UI-EditorIcon-Data_Types_Validators</file>
<file label="DataVoiceOver"             ><dir>TextureDir</dir>UI-EditorIcon-DataEditor_AdvancedValues</file>
<file label="DataVoicePack"             ><dir>TextureDir</dir>UI-EditorIcon-DataEditor_AdvancedValues</file>
<file label="DataWater"                 ><dir>TextureDir</dir>UI-EditorIcon-DataEditor_AdvancedValues</file>
<file label="DataWarChest"              ><dir>TextureDir</dir>UI-EditorIcon-DataEditor_AdvancedValues</file>
<file label="DataWarChestSeason"        ><dir>TextureDir</dir>UI-EditorIcon-DataEditor_AdvancedValues</file>
<file label="DataWeapon"                ><dir>TextureDir</dir>UI-EditorIcon-Data_Types_Weapons</file>

<file label="DataStimPack"              ><dir>TextureDir</dir>UI-EditorIcon-DataEditor_AdvancedValues</file>

<file label="TriggerDefaultLabel"           ><dir>TextureDir</dir>UI-EditorIcon-TriggerCategories_Triggers</file>
<file label="TriggerEvent"                  ><dir>TextureDir</dir>UI-EditorIcon-TriggerCategories_Event</file>
<file label="TriggerCondition"              ><dir>TextureDir</dir>UI-EditorIcon-TriggerCategories_Condition</file>
<file label="TriggerAction"                 ><dir>TextureDir</dir>UI-EditorIcon-TriggerCategories_Action</file>
<file label="TriggerPresetInfo"             ><dir>ImageDir</dir>TriggerLabels/Code</file>
<file label="TriggerFunctionFlags"          ><dir>ImageDir</dir>TriggerLabels/Code</file>
<file label="TriggerReturnType"             ><dir>ImageDir</dir>TriggerLabels/Variables</file>
<file label="TriggerGrammarText"            ><dir>ImageDir</dir>TriggerLabels/Comment</file>
<file label="TriggerHintText"               ><dir>ImageDir</dir>TriggerLabels/Comment</file>
<file label="TriggerScriptCode"             ><dir>ImageDir</dir>TriggerLabels/Comment</file>
<file label="TriggerItemComment"            ><dir>TextureDir</dir>UI-EditorIcon-TriggerCategories_Comment</file>
<file label="TriggerItemCustomScript"       ><dir>ImageDir</dir>TriggerLabels/Code</file>
<file label="TriggerItemTrigger"            ><dir>TextureDir</dir>UI-EditorIcon-TriggerCategories_Element</file>
<file label="TriggerItemFunctionDef"        ><dir>ImageDir</dir>TriggerLabels/Logical</file>
<file label="TriggerItemEventDef"           ><dir>ImageDir</dir>TriggerEvent</file>
<file label="TriggerItemConditionDef"       ><dir>ImageDir</dir>TriggerCondition</file>
<file label="TriggerItemActionDef"          ><dir>ImageDir</dir>TriggerLabels/Code</file>
<file label="TriggerItemFunctionCall"       ><dir>ImageDir</dir>TriggerLabels/Logical</file>
<file label="TriggerItemEventCall"          ><dir>ImageDir</dir>TriggerEvent</file>
<file label="TriggerItemConditionCall"      ><dir>ImageDir</dir>TriggerCondition</file>
<file label="TriggerItemActionCall"         ><dir>ImageDir</dir>TriggerLabels/Code</file>
<file label="TriggerItemParam"              ><dir>TextureDir</dir>UI-EditorIcon-TriggerCategories_Parameter</file>
<file label="TriggerItemParamDef"           ><dir>ImageDir</dir>TriggerLabels/Variables</file>
<file label="TriggerItemPreset"             ><dir>TextureDir</dir>UI-EditorIcon-TriggerCategories_Preset</file>
<file label="TriggerItemPresetValue"        ><dir>ImageDir</dir>TriggerLabels/Presets</file>
<file label="TriggerItemStructure"          ><dir>TextureDir</dir>UI-EditorIcon-TriggerCategories_Record</file>
<file label="TriggerItemSubFuncType"        ><dir>ImageDir</dir>TriggerLabels/Gear</file>
<file label="TriggerItemVariable"           ><dir>TextureDir</dir>UI-EditorIcon-TriggerCategories_LocalVariable</file>
<file label="TriggerDisabledFull"           ><dir>ImageDir</dir>TriggerDisabledFull</file>
<file label="TriggerDisabledHalf"           ><dir>ImageDir</dir>TriggerDisabledHalf</file>
<file label="TriggerCut"                    ><dir>ImageDir</dir>ToolbarCut</file>
<file label="TriggerDeprecated"             ><dir>ImageDir</dir>TriggerDeprecated</file>
<file label="TriggerNotYetImp"              ><dir>ImageDir</dir>TriggerNotYetImplemented</file>
<file label="TriggerTemplate"               ><dir>ImageDir</dir>TriggerTemplate</file>
<file label="TriggerLibraryOpen"            ><dir>ImageDir</dir>TriggerModule/Library</file>
<file label="TriggerLibraryClosed"          ><dir>ImageDir</dir>TriggerModule/Library</file>
<file label="TriggerLibraryIncludeOverlay"  ><dir>ImageDir</dir>ReferenceOverlay</file>

<file label="ActorEvent"                    ><dir>TextureDir</dir>UI-EditorIcon-TriggerCategories_Event</file>
<file label="ActorTerm"                     ><dir>TextureDir</dir>UI-EditorIcon-TriggerCategories_Condition</file>
<file label="ActorMsg"                      ><dir>TextureDir</dir>UI-EditorIcon-TriggerCategories_Action</file>

<file label="PaletteSelection"              ><dir>ImageDir</dir>General/Editor_Selection_Highlight</file>
<file label="PaletteNoChange"               ><dir>ImageDir</dir>BrushNoChange</file>
<file label="PaletteAspectHeight"           ><dir>ImageDir</dir>TerrainModule/Palette/Height/RaiseHeight</file>
<file label="PaletteAspectCliff"            ><dir>ImageDir</dir>BrushCliffRaise</file>
<file label="PaletteAspectCreep"            ><dir>ImageDir</dir>TerrainModule/Palette/Creep/MainIcon</file>
<file label="PaletteAspectVision"           ><dir>ImageDir</dir>TriggerLabels/Visibility</file>
<file label="PaletteAspectCustom"           ><dir>ImageDir</dir>TriggerLabels/Code</file>
<file label="PaletteAspectTexture"          ><dir>ImageDir</dir>TerrainModule/Palette/Texture/MainIcon</file>
<file label="PaletteAspectTile"             ><dir>ImageDir</dir>TerrainModule/Palette/Road/MainIcon</file>
<file label="PaletteAspectDoodad"           ><dir>ImageDir</dir>BrushDoodadAdd</file>
<file label="PaletteAspectPathing"          ><dir>ImageDir</dir>BrushPathingAdd</file>
<file label="PaletteAspectWater"            ><dir>ImageDir</dir>TerrainModule/Palette/Water/MainIcon</file>
<file label="PaletteAspectTextureSet"       ><dir>ImageDir</dir>TerrainModule/Palette/TextureSet/MainIcon</file>
<file label="PaletteAspectObject"           ><dir>ImageDir</dir>BrushTerrainObject</file>
<file label="PaletteAspectLighting"         ><dir>ImageDir</dir>TerrainModule/Palette/Lighting/MainIcon</file>
<file label="PaletteHeightRaise"            ><dir>ImageDir</dir>TerrainModule/Palette/Height/RaiseHeight</file>
<file label="PaletteHeightLower"            ><dir>ImageDir</dir>TerrainModule/Palette/Height/LowerHeight</file>
<file label="PaletteHeightUniform"          ><dir>ImageDir</dir>TerrainModule/Palette/Height/UniformHeight</file>
<file label="PaletteHeightNoise"            ><dir>ImageDir</dir>TerrainModule/Palette/Height/NoiseHeight</file>
<file label="PaletteHeightSmooth"           ><dir>ImageDir</dir>TerrainModule/Palette/Height/SmoothHeight</file>
<file label="PaletteTextureAdd"             ><dir>ImageDir</dir>TerrainModule/Palette/Texture/AddTexture</file>
<file label="PaletteTextureRemove"          ><dir>ImageDir</dir>TerrainModule/Palette/Texture/RemoveTexture</file>
<file label="PaletteTextureUniform"         ><dir>ImageDir</dir>TerrainModule/Palette/Texture/UniformTexture</file>
<file label="PaletteTextureReplace"         ><dir>ImageDir</dir>TerrainModule/Palette/Texture/ReplaceTexture</file>
<file label="PaletteTextureSmudge"          ><dir>ImageDir</dir>TerrainModule/Palette/Texture/SmudgeTexture</file>
<file label="PaletteTextureBlur"            ><dir>ImageDir</dir>TerrainModule/Palette/Texture/BlurTexture</file>
<file label="PaletteTextureFill"            ><dir>ImageDir</dir>TerrainModule/Palette/Texture/FillTexture</file>
<file label="PaletteTextureOptimize"        ><dir>ImageDir</dir>BrushTextureOptimize</file>
<file label="PaletteTileAddPoint"           ><dir>ImageDir</dir>TerrainModule/Palette/Road/AddRoad</file>
<file label="PaletteCliffRaise"             ><dir>ImageDir</dir>BrushCliffRaise</file>
<file label="PaletteCliffLower"             ><dir>ImageDir</dir>BrushCliffLower</file>
<file label="PaletteCliffSameLevel"         ><dir>ImageDir</dir>BrushCliffSameLevel</file>
<file label="PaletteCliffRampAdd"           ><dir>ImageDir</dir>TerrainModule/Palette/Cliff/AddRamp</file>
<file label="PaletteCliffRampRemove"        ><dir>ImageDir</dir>TerrainModule/Palette/Cliff/RemoveRamp</file>
<file label="PaletteCreepAdd"               ><dir>ImageDir</dir>TerrainModule/Palette/Creep/AddCreep</file>
<file label="PaletteCreepRemove"            ><dir>ImageDir</dir>TerrainModule/Palette/Creep/RemoveCreep</file>
<file label="PaletteCreepDisallow"          ><dir>ImageDir</dir>TerrainModule/Palette/Creep/DisallowCreep</file>
<file label="PaletteCreepAllow"             ><dir>ImageDir</dir>TerrainModule/Palette/Creep/AllowCreep</file>
<file label="PaletteCreepFillAdd"           ><dir>ImageDir</dir>TerrainModule/Palette/Creep/FillCreep</file>
<file label="PaletteCreepFillDisallow"      ><dir>ImageDir</dir>TerrainModule/Palette/Creep/FillDisallowCreep</file>
<file label="PaletteVisionBlock"            ><dir>ImageDir</dir>BrushPathingRemove</file>
<file label="PaletteVisionShrub"            ><dir>ImageDir</dir>BrushDoodadAdd</file>
<file label="PaletteVisionUnrevealable"     ><dir>ImageDir</dir>BrushPathingRemove</file>
<file label="PaletteVisionClear"            ><dir>ImageDir</dir>BrushPathingAdd</file>
<file label="PaletteVisionFillBlock"        ><dir>ImageDir</dir>BrushPathingDynamicFill</file>
<file label="PaletteVisionFillShrub"        ><dir>ImageDir</dir>BrushPathingDynamicFill</file>
<file label="PaletteVisionFillUnrevealable" ><dir>ImageDir</dir>BrushPathingDynamicFill</file>
<file label="PaletteCustomAdd1"             ><dir>ImageDir</dir>BrushPathingAdd</file>
<file label="PaletteCustomAdd2"             ><dir>ImageDir</dir>BrushPathingAdd</file>
<file label="PaletteCustomAdd3"             ><dir>ImageDir</dir>BrushPathingAdd</file>
<file label="PaletteCustomAdd4"             ><dir>ImageDir</dir>BrushPathingAdd</file>
<file label="PaletteCustomClear"            ><dir>ImageDir</dir>BrushPathingRemove</file>
<file label="PaletteCustomFill1"            ><dir>ImageDir</dir>BrushPathingDynamicFill</file>
<file label="PaletteCustomFill2"            ><dir>ImageDir</dir>BrushPathingDynamicFill</file>
<file label="PaletteCustomFill3"            ><dir>ImageDir</dir>BrushPathingDynamicFill</file>
<file label="PaletteCustomFill4"            ><dir>ImageDir</dir>BrushPathingDynamicFill</file>
<file label="PaletteDoodadAdd"              ><dir>ImageDir</dir>BrushDoodadAdd</file>
<file label="PaletteDoodadRemove"           ><dir>ImageDir</dir>BrushDoodadRemove</file>
<file label="PalettePathingPainted"         ><dir>ImageDir</dir>BrushPathingPainted</file>
<file label="PalettePathingDynamicFill"     ><dir>ImageDir</dir>BrushPathingDynamicFill</file>
<file label="PalettePathingNoFlyZone"       ><dir>TextureDir</dir>UI-EditorIcon-TerrainEditor_NoFlyZone</file>
<file label="PalettePathingAdd"             ><dir>ImageDir</dir>TerrainModule/Palette/Path/AddPath</file>
<file label="PalettePathingRemove"          ><dir>ImageDir</dir>TerrainModule/Palette/Path/RemovePath</file>
<file label="PalettePathingFill"            ><dir>ImageDir</dir>TerrainModule/Palette/Path/FillPath</file>
<file label="PaletteWaterAdd"               ><dir>ImageDir</dir>TerrainModule/Palette/Water/AddWater</file>
<file label="PaletteWaterRemove"            ><dir>ImageDir</dir>TerrainModule/Palette/Water/RemoveWater</file>
<file label="PaletteLightingAdd"            ><dir>ImageDir</dir>TerrainModule/Palette/Lighting/AddLight</file>
<file label="PaletteTextureSetApply"        ><dir>ImageDir</dir>TerrainModule/Palette/TextureSet/ApplyTextureSet</file>
<file label="PaletteLightingRemove"         ><dir>ImageDir</dir>TerrainModule/Palette/Lighting/RemoveLight</file>
<file label="PaletteLightingUniform"        ><dir>ImageDir</dir>TerrainModule/Palette/Lighting/UniformLight</file>
<file label="PaletteLightingBlur"           ><dir>ImageDir</dir>TerrainModule/Palette/Lighting/BlurLight</file>
<file label="PaletteLightingFill"           ><dir>ImageDir</dir>TerrainModule/Palette/Lighting/FillLight</file>
<file label="PalettePointTypeNormal"        ><dir>ImageDir</dir>BrushPathingAdd</file>
<file label="PalettePointTypeStartLoc"      ><dir>ImageDir</dir>StartLocation</file>
<file label="PalettePointTypeBlockPathing"  ><dir>ImageDir</dir>BrushPathingRemove</file>
<file label="PalettePointTypeSoundEmitter"  ><dir>ImageDir</dir>TerrainModule/Palette/Point/SoundEmitter</file>
<file label="PalettePointTypeThreeD"        ><dir>TextureDir</dir>UI-EditorIcon-TerrainEditor_3DPoint</file>
<file label="PalettePointTypeNoFlyZone"     ><dir>ImageDir</dir>BrushPathingRemove</file>
<file label="PaletteRegionShapeRect"        ><dir>ImageDir</dir>BrushShapeSquare</file>
<file label="PaletteRegionShapeCircle"      ><dir>ImageDir</dir>BrushShapeCircle</file>
<file label="PaletteRegionShapeDiamond"     ><dir>ImageDir</dir>BrushShapeDiamond</file>
<file label="PaletteShapeCircle"            ><dir>ImageDir</dir>BrushShapeCircle</file>
<file label="PaletteShapeSquare"            ><dir>ImageDir</dir>BrushShapeSquare</file>
<file label="PaletteShapeDiamond"           ><dir>ImageDir</dir>BrushShapeDiamond</file>
<file label="PaletteTerrainObject"          ><dir>ImageDir</dir>BrushTerrainObject</file>
<file label="PaletteTerrainShow"            ><dir>ImageDir</dir>BrushTerrainShow</file>
<file label="PaletteTerrainHide"            ><dir>ImageDir</dir>BrushTerrainHide</file>
<file label="PaletteOptions"                ><dir>ImageDir</dir>CheckMark</file>
<file label="PaletteStyleAirbrush"          ><dir>ImageDir</dir>TerrainModule/BrushStyle/AirBrush</file>
<file label="PaletteStylePaintbrush"        ><dir>ImageDir</dir>TerrainModule/BrushStyle/PaintBrush</file>
<file label="PaletteStyleNoise"             ><dir>ImageDir</dir>TerrainModule/BrushStyle/NoiseBrush</file>
<file label="PaletteStyleFractal"           ><dir>ImageDir</dir>TerrainModule/BrushStyle/FractalBrush</file>
<file label="BrushGrid"                     ><dir>ImageDir</dir>BrushGrid</file>

<file label="TerrainSettingSimpleToggle"    ><dir>ImageDir</dir>MoveRight</file>
<file label="TerrainSettingMutexToggle"     ><dir>ImageDir</dir>ToolbarRefresh</file>
<file label="TerrainSettingMutexItem"       ><dir>ImageDir</dir>BrushNoChange</file>

<file label="PreviewerGlobal"           	><dir>ImageDir</dir>PreviewerGlobal</file>
<file label="PreviewerActor"            	><dir>TextureDir</dir>UI-EditorIcon-Previewer_Tree_Model</file>
<file label="PreviewerActorMessage"     	><dir>TextureDir</dir>UI-EditorIcon-Previewer_Tree_ActorMessage</file>
<file label="PreviewerAnim"             	><dir>TextureDir</dir>UI-EditorIcon-Previewer_Tree_Animation</file>
<file label="PreviewerFile"             	><dir>ImageDir</dir>PreviewerFile</file>
<file label="PreviewerFacial"           	><dir>TextureDir</dir>UI-EditorIcon-Previewer_Tree_Face</file>
<file label="PreviewerSound"            	><dir>TextureDir</dir>UI-EditorIcon-Previewer_Tree_Sound</file>
<file label="PreviewerCamera"           	><dir>ImageDir</dir>TriggerLabels/Camera</file>
<file label="PreviewerBasicButton"          ><dir>TextureDir</dir>UI-EditorIcon-Previewer_Properties_Info</file>
<file label="PreviewerSequencesButton"      ><dir>TextureDir</dir>UI-EditorIcon-Previewer_Properties_Sequences</file>
<file label="PreviewerGeometryButton"       ><dir>TextureDir</dir>UI-EditorIcon-Previewer_Properties_Geometry</file>
<file label="PreviewerMaterialsButton"      ><dir>TextureDir</dir>UI-EditorIcon-Previewer_Properties_Materials</file>
<file label="PreviewerAttachmentsButton"    ><dir>TextureDir</dir>UI-EditorIcon-Previewer_Properties_Attachments</file>
<file label="PreviewerBonesButton"          ><dir>TextureDir</dir>UI-EditorIcon-Previewer_Properties_Bones</file>
<file label="PreviewerAnimSetsButton"       ><dir>TextureDir</dir>UI-EditorIcon-Previewer_Properties_Sets</file>
<file label="PreviewerLightsButton"         ><dir>TextureDir</dir>UI-EditorIcon-Previewer_Properties_Lights</file>
<file label="PreviewerCamerasButton"        ><dir>TextureDir</dir>UI-EditorIcon-Previewer_Properties_Cameras</file>
<file label="PreviewerPhysicsBodiesButton"  ><dir>TextureDir</dir>UI-EditorIcon-Previewer_Properties_Physics</file>
<file label="PreviewerEffectsButton"        ><dir>TextureDir</dir>UI-EditorIcon-Previewer_Properties_Effects</file>
<file label="PreviewerLookAt"               ><dir>TextureDir</dir>UI-EditorIcon-TriggerCategories_AI</file>

<file label="PathingTypeUnpathable"     ><dir>ImageDir</dir>TerrainModule/Palette/Path/NoPathing</file>
<file label="PathingTypeGround"         ><dir>ImageDir</dir>BrushCliffSameLevel</file>
<file label="PathingTypeNoBuild"        ><dir>ImageDir</dir>TerrainModule/Palette/Path/NoBuilding</file>
<file label="PathingTypeDense"          ><dir>ImageDir</dir>TerrainModule/Palette/Path/NoBurrow</file>
<file label="PathingTypeWaterShallow"   ><dir>ImageDir</dir>TerrainModule/Palette/Path/WaterShallow</file>
<file label="PathingTypeWaterDeep"      ><dir>ImageDir</dir>TerrainModule/Palette/Path/WaterDeep</file>
<file label="PathingTypeCliff"          ><dir>ImageDir</dir>PathingTypeCliff</file>

<file label="RegionIcon"                ><dir>ImageDir</dir>BrushShapeSquare</file>
<file label="CinematicIcon"             ><dir>ImageDir</dir>TriggerLabels/Camera</file>
<file label="LibraryIcon"               ><dir>ImageDir</dir>TriggerModule/Library</file>

<file label="ModuleAI"                  ><dir>TextureDir</dir>UI-EditorIcon-General_AI</file>
<file label="ModuleOverview"            ><dir>ImageDir</dir>MainToolbar/OverviewManager</file>
<file label="ModuleImports"             ><dir>TextureDir</dir>UI-EditorIcon-General_Import</file>
<file label="ModuleObject"              ><dir>ImageDir</dir>MainToolbar/DataModule</file>
<file label="ModuleTerrain"             ><dir>TextureDir</dir>UI-EditorIcon-General_Terrain</file>
<file label="ModuleText"                ><dir>TextureDir</dir>UI-EditorIcon-General_Text</file>
<file label="ModuleTriggers"            ><dir>TextureDir</dir>UI-EditorIcon-General_Triggers</file>
<file label="ModuleUI"                  ><dir>TextureDir</dir>UI-EditorIcon-General_UI</file>
<file label="ModuleCutscenes"           ><dir>ImageDir</dir>MainToolbar/CutSceneEditor</file>

<file label="TimelineStart"             ><dir>ImageDir</dir>CutSceneEditor/Playhead/Control_JumpToStart</file>
<file label="TimelineStepBackward"      ><dir>ImageDir</dir>CutSceneEditor/Playhead/Control_StepBackward</file>
<file label="TimelinePlay"              ><dir>ImageDir</dir>CutSceneEditor/Playhead/Control_Play</file>
<file label="TimelinePause"             ><dir>ImageDir</dir>CutSceneEditor/Playhead/Control_Pause</file>
<file label="TimelineStepForward"       ><dir>ImageDir</dir>CutSceneEditor/Playhead/Control_StepForward</file>
<file label="TimelineEnd"               ><dir>ImageDir</dir>CutSceneEditor/Playhead/Control_JumpToEnd</file>
<file label="TimelineZoom"              ><dir>ImageDir</dir>CutSceneEditor/Playhead/Control_ZoomToFit</file>
<file label="TimelineAutoKey"           ><dir>ImageDir</dir>CutSceneEditor/Playhead/Control_AutoKey</file>
<file label="TimelineAutoKeyOn"         ><dir>ImageDir</dir>CutSceneEditor/Playhead/Control_AutoKeyOn</file>
<file label="TimelineSetInMarker"       ><dir>ImageDir</dir>CutSceneEditor/Playhead/Control_SetInMarker</file>
<file label="TimelineSetOutMarker"      ><dir>ImageDir</dir>CutSceneEditor/Playhead/Control_SetOutMarker</file>
<file label="TimelineToggleLoopInOut"   ><dir>ImageDir</dir>CutSceneEditor/Playhead/Control_Loop</file>
<file label="TimelineJumpToInMarker"    ><dir>ImageDir</dir>CutSceneEditor/Playhead/Control_JumpToInMarker</file>
<file label="TimelineJumpToOutMarker"   ><dir>ImageDir</dir>CutSceneEditor/Playhead/Control_JumpToOutMarker</file>
<file label="TimelineJumpToNextBookmark"><dir>ImageDir</dir>CutSceneEditor/Playhead/Control_NextBookmark</file>
<file label="TimelineJumpToPrevBookmark"><dir>ImageDir</dir>CutSceneEditor/Playhead/Control_PrevBookmark</file>
<file label="TimelinePlayInOut"         ><dir>ImageDir</dir>CutSceneEditor/Playhead/Control_PlayInOut</file>
<file label="TimelineSelectMode"        ><dir>ImageDir</dir>CutSceneEditor/Timeline/SelectMode</file>
<file label="TimelineMoveMode"          ><dir>ImageDir</dir>CutSceneEditor/Timeline/MoveMode</file>
<file label="TimelineGhostMode"         ><dir>ImageDir</dir>CutSceneEditor/Timeline/GhostMode</file>
<file label="TimelineLinkMode"          ><dir>ImageDir</dir>CutSceneEditor/Timeline/LinkMode</file>
<file label="TimelineUnlink"            ><dir>ImageDir</dir>CutSceneEditor/Timeline/Unlink</file>

<file label="ToolBarNew"                ><dir>TextureDir</dir>UI-EditorIcon-General_New</file>
<file label="ToolBarOpen"               ><dir>ImageDir</dir>General/Open</file>
<file label="ToolBarSave"               ><dir>TextureDir</dir>UI-EditorIcon-General_Save</file>
<file label="ToolBarUndo"               ><dir>ImageDir</dir>General/Undo</file>
<file label="ToolBarRedo"               ><dir>ImageDir</dir>General/Redo</file>
<file label="ToolBarCut"                ><dir>ImageDir</dir>General/Cut</file>
<file label="ToolBarCopy"               ><dir>TextureDir</dir>UI-EditorIcon-General_Copy</file>
<file label="ToolBarPaste"              ><dir>TextureDir</dir>UI-EditorIcon-General_Paste</file>
<file label="ToolBarMoveUp"             ><dir>ImageDir</dir>MoveUp</file>
<file label="ToolBarMoveDown"           ><dir>ImageDir</dir>MoveDown</file>
<file label="ToolBarBack"               ><dir>ImageDir</dir>TriggerModule/Back</file>
<file label="ToolBarForward"            ><dir>ImageDir</dir>TriggerModule/Forward</file>
<file label="ToolBarFind"               ><dir>TextureDir</dir>UI-EditorIcon-ToolBar_Find</file>
<file label="ToolBarReplace"            ><dir>TextureDir</dir>UI-EditorIcon-ToolBar_Replace</file>
<file label="ToolBarFindNext"           ><dir>TextureDir</dir>UI-EditorIcon-ToolBar_FindNext</file>
<file label="ToolBarFindPrev"           ><dir>TextureDir</dir>UI-EditorIcon-ToolBar_FindPrev</file>
<file label="ToolBarFindSelection"      ><dir>TextureDir</dir>UI-EditorIcon-ToolBar_FindSelection</file>
<file label="ToolBarGoTo"               ><dir>TextureDir</dir>UI-EditorIcon-ToolBar_GoTo</file>
<file label="ToolBarModuleAI"           ><dir>TextureDir</dir>UI-EditorIcon-General_AI</file>
<file label="ToolBarModuleOverview"     ><dir>ImageDir</dir>MainToolbar/OverviewManager</file>
<file label="ToolBarModuleImports"      ><dir>TextureDir</dir>UI-EditorIcon-General_Import</file>
<file label="ToolBarModuleObject"       ><dir>ImageDir</dir>MainToolbar/DataModule</file>
<file label="ToolBarModuleTerrain"      ><dir>TextureDir</dir>UI-EditorIcon-General_Terrain</file>
<file label="ToolBarModuleText"         ><dir>TextureDir</dir>UI-EditorIcon-General_Text</file>
<file label="ToolBarModuleTriggers"     ><dir>TextureDir</dir>UI-EditorIcon-General_Triggers</file>
<file label="ToolBarModuleUI"           ><dir>TextureDir</dir>UI-EditorIcon-General_UI</file>
<file label="ToolBarModuleCutscenes"    ><dir>ImageDir</dir>MainToolbar/CutSceneEditor</file>
<file label="ToolBarTestDoc"            ><dir>ImageDir</dir>MainToolbar/TestDocument</file>

<file label="ToolBarLayerTerrain"       ><dir>ImageDir</dir>TerrainModule/Toolbar/TerrainLayer</file>
<file label="ToolBarLayerUnits"         ><dir>ImageDir</dir>TerrainModule/Toolbar/UnitsLayer</file>
<file label="ToolBarLayerDoodads"       ><dir>ImageDir</dir>TerrainModule/Toolbar/DoodadsLayer</file>
<file label="ToolBarLayerPoints"        ><dir>ImageDir</dir>TerrainModule/Toolbar/PointsLayer</file>
<file label="ToolBarLayerRegions"       ><dir>ImageDir</dir>TerrainModule/Toolbar/RegionsLayer</file>
<file label="ToolBarLayerCameras"       ><dir>ImageDir</dir>TerrainModule/Toolbar/CamerasLayer</file>
<file label="ToolBarLayerPathing"       ><dir>ImageDir</dir>TerrainModule/Toolbar/PathsLayer</file>

<file label="ToolBarArchiveBrowserView"     ><dir>TextureDir</dir>UI-EditorIcon-ArchiveBrowser_View</file>
<file label="ToolBarArchiveBrowserPreview"  ><dir>TextureDir</dir>UI-EditorIcon-ArchiveBrowser_Preview</file>
<file label="ToolBarArchiveBrowserRefresh"  ><dir>TextureDir</dir>UI-EditorIcon-OverviewManager_Refresh</file>

<file label="ToolBarOverviewRefreshAuto"    ><dir>TextureDir</dir>UI-EditorIcon-OverviewManager_AutoRefresh</file>
<file label="ToolBarOverviewRefreshNow"     ><dir>TextureDir</dir>UI-EditorIcon-OverviewManager_Refresh</file>

<file label="ToolBarTriggerShowLibraries"   ><dir>TextureDir</dir>UI-EditorIcon-TriggerEditor_ShowLibraries</file>
<file label="ToolBarTriggerShowSubviews"    ><dir>TextureDir</dir>UI-EditorIcon-TriggerEditor_UseSubviews</file>
<file label="ToolBarTriggerNewElement"      ><dir>TextureDir</dir>UI-EditorIcon-TriggerEditor_NewElement</file>
<file label="ToolBarTriggerNewCategory"     ><dir>TextureDir</dir>UI-EditorIcon-TriggerEditor_NewFolder</file>
<file label="ToolBarTriggerNewComment"      ><dir>TextureDir</dir>UI-EditorIcon-TriggerEditor_NewComment</file>
<file label="ToolBarTriggerNewTrigger"      ><dir>TextureDir</dir>UI-EditorIcon-TriggerEditor_NewTrigger</file>
<file label="ToolBarTriggerNewEvent"        ><dir>TextureDir</dir>UI-EditorIcon-TriggerEditor_NewEvent</file>
<file label="ToolBarTriggerNewCondition"    ><dir>TextureDir</dir>UI-EditorIcon-TriggerEditor_NewCondition</file>
<file label="ToolBarTriggerNewAction"       ><dir>TextureDir</dir>UI-EditorIcon-TriggerEditor_NewAction</file>
<file label="ToolBarTriggerNewConditionDef" ><dir>TextureDir</dir>UI-EditorIcon-TriggerEditor_NewConditionDefinition</file>
<file label="ToolBarTriggerNewActionDef"    ><dir>TextureDir</dir>UI-EditorIcon-TriggerEditor_NewActionDefinition</file>
<file label="ToolBarTriggerNewFunctionDef"  ><dir>TextureDir</dir>UI-EditorIcon-TriggerEditor_NewFunction</file>
<file label="ToolBarTriggerNewParameter"    ><dir>TextureDir</dir>UI-EditorIcon-TriggerEditor_NewParameter</file>
<file label="ToolBarTriggerNewPreset"       ><dir>TextureDir</dir>UI-EditorIcon-TriggerEditor_NewPresetType</file>
<file label="ToolBarTriggerNewPresetValue"  ><dir>TextureDir</dir>UI-EditorIcon-TriggerEditor_NewPresetValue</file>
<file label="ToolBarTriggerNewStructure"    ><dir>TextureDir</dir>UI-EditorIcon-TriggerEditor_NewRecord</file>
<file label="ToolBarTriggerNewSubFuncType"  ><dir>TextureDir</dir>UI-EditorIcon-TriggerEditor_NewSubFunctionType</file>
<file label="ToolBarTriggerNewVariable"     ><dir>TextureDir</dir>UI-EditorIcon-TriggerEditor_NewVariable</file>

<file label="ToolBarObjectRawData"          ><dir>TextureDir</dir>UI-EditorIcon-DataEditor_ViewRawData</file>
<file label="ToolBarObjectEasyMode"         ><dir>TextureDir</dir>UI-EditorIcon-DataEditor-EZ</file>
<file label="ToolBarObjectDataNavigator"    ><dir>ImageDir</dir>DataModule/DataNavigator.tga</file>
<file label="ToolBarObjectList"             ><dir>TextureDir</dir>UI-EditorIcon-DataEditor_ViewAsTree</file>
<file label="ToolBarObjectMultiSource"      ><dir>TextureDir</dir>UI-EditorIcon-DataEditor_DisplayObjectSources</file>
<file label="ToolBarObjectExplorer"         ><dir>TextureDir</dir>UI-EditorIcon-DataEditor_ObjectExplorer</file>
<file label="ToolBarObjectTableView"        ><dir>TextureDir</dir>UI-EditorIcon-DataEditor_TableView</file>
<file label="ToolBarObjectDetailView"       ><dir>TextureDir</dir>UI-EditorIcon-DataEditor_DetailView</file>
<file label="ToolBarObjectXMLView"          ><dir>TextureDir</dir>UI-EditorIcon-DataEditor_XMLView</file>
<file label="ToolBarObjectWizardView"       ><dir>TextureDir</dir>UI-EditorIcon-DataEditor_DetailView</file>
<file label="ToolBarObjectDefault"          ><dir>TextureDir</dir>UI-EditorIcon-DataEditor_DefaultValues</file>
<file label="ToolBarObjectAdvanced"         ><dir>TextureDir</dir>UI-EditorIcon-DataEditor_AdvancedValues</file>
<file label="ToolBarObjectFieldType"        ><dir>TextureDir</dir>UI-EditorIcon-DataEditor_FieldTypenames</file>
<file label="ToolBarObjectStructure"        ><dir>TextureDir</dir>UI-EditorIcon-DataEditor_CombineStructureValues</file>
<file label="ToolBarObjectFieldDiff"        ><dir>TextureDir</dir>UI-EditorIcon-DataEditor_DefaultValues</file>
<file label="ToolBarObjectSyntaxHighlight"  ><dir>TextureDir</dir>UI-EditorIcon-DataEditor_SyntaxHighlighting</file>

<file label="ToolBarCommitXML"              ><dir>TextureDir</dir>UI-EditorIcon-DataEditor_CommitXML</file>

<file label="ToolBarUIFrameView"            ><dir>TextureDir</dir>UI-EditorIcon-DataEditor_DetailView</file>
<file label="ToolBarUIXMLView"              ><dir>TextureDir</dir>UI-EditorIcon-DataEditor_XMLView</file>

<file label="ToolBarAIDefinitionAdd"        ><dir>TextureDir</dir>UI-EditorIcon-TriggerEditor_NewTrigger</file>
<file label="ToolBarAIWaveAdd"              ><dir>TextureDir</dir>UI-EditorIcon-TriggerEditor_NewAction</file>
<file label="ToolBarAIWaveAddLink"          ><dir>TextureDir</dir>UI-EditorIcon-TriggerEditor_NewVariable</file>
<file label="ToolBarAIWaveAddComment"       ><dir>TextureDir</dir>UI-EditorIcon-TriggerEditor_NewComment</file>

<file label="ToolBarPreviewFileLoad"        ><dir>TextureDir</dir>UI-EditorIcon-General_Open</file>
<file label="ToolBarPreviewFileReload"      ><dir>TextureDir</dir>UI-EditorIcon-Previewer_Reload</file>
<file label="ToolBarPreviewFileExport"      ><dir>TextureDir</dir>UI-EditorIcon-General_Save</file>
<file label="ToolBarPreviewModelRemove"     ><dir>TextureDir</dir>UI-EditorIcon-Previewer_Delete</file>
<file label="ToolBarPreviewMoveUp"          ><dir>TextureDir</dir>UI-EditorIcon-Previewer_Raise</file>
<file label="ToolBarPreviewMoveDown"        ><dir>TextureDir</dir>UI-EditorIcon-Previewer_Lower</file>
<file label="ToolBarPreviewRotateLeft45"    ><dir>TextureDir</dir>UI-EditorIcon-Previewer_RotateLeft</file>
<file label="ToolBarPreviewRotateRight45"   ><dir>TextureDir</dir>UI-EditorIcon-Previewer_RotateRight</file>
<file label="ToolBarPreviewZoomToFit"       ><dir>TextureDir</dir>UI-EditorIcon-Previewer_ZoomFit</file>
<file label="ToolBarPreviewResetCamera"     ><dir>TextureDir</dir>UI-EditorIcon-Previewer_ZoomGameCam</file>
<file label="ToolBarPreviewRecordVideo"     ><dir>TextureDir</dir>UI-EditorIcon-Previewer_Record</file>

<file label="ToolBarPreviewDebugRender"     ><dir>ImageDir</dir>CutSceneEditor/Toolbar/ToggleDebugHelpers</file>
<file label="ToolBarPreviewDebugTime"       ><dir>ImageDir</dir>CutSceneEditor/Toolbar/ToggleTimestamp</file>
<file label="ToolBarGizmoNone"              ><dir>TextureDir</dir>UI-EditorIcon-Previewer_NoGizmo</file>
<file label="ToolBarGizmoTranslate"         ><dir>TextureDir</dir>UI-EditorIcon-Previewer_TranslationGizmo</file>
<file label="ToolBarGizmoRotate"            ><dir>TextureDir</dir>UI-EditorIcon-Previewer_RotationGizmo</file>
<file label="ToolBarGizmoScale"             ><dir>TextureDir</dir>UI-EditorIcon-Previewer_ScaleGizmo</file>
<file label="ToolBarGizmoSpaceWorld"        ><dir>ImageDir</dir>GizmoSpaceWorld</file>
<file label="ToolBarGizmoSpaceObject"       ><dir>ImageDir</dir>GizmoSpaceObject</file>
<file label="ToolBarGizmoSpaceLocal"        ><dir>ImageDir</dir>GizmoSpaceLocal</file>
<file label="ToolBarPreviewEyeGizmo"        ><dir>ImageDir</dir>CutSceneEditor/Toolbar/EyeManipulator</file>
<file label="ToolBarPreviewTargetGizmo"     ><dir>ImageDir</dir>CutSceneEditor/Toolbar/TargetManipulator</file>

<file label="ToolBarPreviewImportMapData"   ><dir>ImageDir</dir>CutSceneEditor/Toolbar/ImportMapData</file>

<file label="ToolBarPreviewSelectionBrush"  ><dir>TextureDir</dir>UI-EditorIcon-Previewer_SelectionBrush</file>
<file label="ToolBarPreviewPathMarkerBrush" ><dir>TextureDir</dir>UI-EditorIcon-Previewer_PathMarkerBrush</file>

<file label="ToolBarPreviewListView"        ><dir>ImageDir</dir>ListViewSmall</file>
<file label="ToolBarPreviewActiveOnly"      ><dir>ImageDir</dir>ActiveOnlySmall</file>
<file label="ToolBarPreviewShowAllNodes"    ><dir>ImageDir</dir>TreeViewSmall</file>
<file label="ToolBarPreviewAddFolder"       ><dir>ImageDir</dir>ToolbarOpenAdd</file>
<file label="ToolBarPreviewAddScene"        ><dir>ImageDir</dir>ToolbarNew</file>

<file label="ToolBarScriptErrors"           ><dir>TextureDir</dir>UI-EditorIcon-ScriptEditor_ShowErrors</file>
<file label="ToolBarScriptSyntaxHighlight"  ><dir>TextureDir</dir>UI-EditorIcon-DataEditor_FieldTypenames</file>
<file label="ToolBarScriptCompileAll"       ><dir>TextureDir</dir>UI-EditorIcon-TriggerEditor_Compile</file>

<file label="ToolBarCurveEditor"            ><dir>TextureDir</dir>UI-EditorIcon-Previewer_CurveEditor</file>
<file label="CurveEditorSmooth"             ><dir>TextureDir</dir>UI-EditorIcon-CurveEditor_Smooth</file>
<file label="CurveEditorAuto"               ><dir>TextureDir</dir>UI-EditorIcon-CurveEditor_Auto</file>
<file label="CurveEditorLinear"             ><dir>TextureDir</dir>UI-EditorIcon-CurveEditor_Linear</file>
<file label="CurveEditorSlow"               ><dir>TextureDir</dir>UI-EditorIcon-CurveEditor_Slow</file>
<file label="CurveEditorStep"               ><dir>TextureDir</dir>UI-EditorIcon-CurveEditor_Step</file>
<file label="CurveEditorCustom"             ><dir>TextureDir</dir>UI-EditorIcon-CurveEditor_Custom</file>
<file label="CurveEditorIn"                 ><dir>TextureDir</dir>UI-EditorIcon-CurveEditor_SetIn</file>
<file label="CurveEditorBoth"               ><dir>TextureDir</dir>UI-EditorIcon-CurveEditor_SetBoth</file>
<file label="CurveEditorOut"                ><dir>TextureDir</dir>UI-EditorIcon-CurveEditor_SetOut</file>
<file label="CurveEditorEdit"               ><dir>TextureDir</dir>UI-EditorIcon-CurveEditor_Edit</file>
<file label="CurveEditorCreate"             ><dir>TextureDir</dir>UI-EditorIcon-CurveEditor_Create</file>
<file label="CurveEditorExtentsCustom"      ><dir>TextureDir</dir>UI-EditorIcon-CurveEditor_ZoomExtentsCustom</file>
<file label="CurveEditorExtentsX"           ><dir>TextureDir</dir>UI-EditorIcon-CurveEditor_ZoomExtentsX</file>
<file label="CurveEditorExtentsY"           ><dir>TextureDir</dir>UI-EditorIcon-CurveEditor_ZoomExtentsY</file>
<file label="CurveEditorShowTangent"        ><dir>TextureDir</dir>UI-EditorIcon-CurveEditor_ShowTangents</file>
<file label="CurveEditorShowValues"         ><dir>TextureDir</dir>UI-EditorIcon-CurveEditor_ShowValues</file>

<file label="LockedOverlay"                 ><dir>ImageDir</dir>LockedOverlay</file>
<file label="ReferenceOverlay"              ><dir>ImageDir</dir>ReferenceOverlay</file>

<file label="PublishPending"                ><dir>ImageDir</dir>Publishing/Pending</file>
<file label="PublishActive"                 ><dir>ImageDir</dir>Publishing/Active</file>
<file label="PublishComplete"               ><dir>ImageDir</dir>Publishing/Complete</file>
<file label="PublishFailure"                ><dir>ImageDir</dir>Publishing/Failure</file>

<file label="HintsViewerEnumValue"          ><dir>ImageDir</dir>ToolbarNew</file>
</EditorFiles>
