<?xml version="1.0" encoding="utf-8"?>
<EditorPreferences>

<!-- General Preferences -->
<pref label="UndoLimit">                    <value>256</value>                      </pref>
<pref label="UndoOutput">                   <flag>false</flag>                      </pref>
<pref label="FramerateCapTerrain">          <value>25</value>                       </pref>
<pref label="FramerateCapPreview">          <value>40</value>                       </pref>
<pref label="DisableVisualStyles">          <flag>false</flag>                      </pref>
<pref label="DisableLiveResize">            <flag>true</flag>                       </pref>
<pref label="ToolbarSize">                  <value>2</value>                        </pref>
<pref label="TextEditSpellCheck">           <flag>true</flag>                       </pref>
<pref label="DarkEditorCheck">              <flag>false</flag>                      </pref>

<!-- Startup Preferences -->
<pref label="StartupWindowType">            <value>2</value>                        </pref>
<pref label="StartupModules">               <value>32</value>                       </pref>
<pref label="StartupDocument">              <value>2</value>                        </pref>
<pref label="StartupDocumentType">          <value>0</value>                        </pref>

<!-- Document Preferences -->
<pref label="DocsMaxCompression">           <flag>false</flag>                      </pref>
<pref label="DocsAutosave">                 <flag>false</flag>                      </pref>
<pref label="DocsAutoSaveTime">             <value>10</value>                       </pref>
<pref label="DocsAutoSaveTimeUnit">         <value>2</value>                        </pref>
<pref label="DocsBackup">                   <flag>true</flag>                       </pref>
<pref label="DocsBackupLoc">                <value>2</value>                        </pref>
<pref label="DocsBackupLocPath">            <text></text>                           </pref>
<pref label="DocsBackupAutosaves">          <flag>false</flag>                      </pref>
<pref label="DocsBackupLimit">              <flag>true</flag>                       </pref>
<pref label="DocsBackupLimitAmount">        <value>5</value>                        </pref>
<pref label="DocsBackupTimeLimit">          <flag>true</flag>                       </pref>
<pref label="DocsBackupTimeLimitTime">      <value>1</value>                        </pref>
<pref label="DocsBackupTimeLimitUnit">      <value>3</value>                        </pref>
<pref label="DocsBackupDelete">             <flag>false</flag>                      </pref>
<pref label="DocsBackupDeleteTime">         <value>4</value>                        </pref>
<pref label="DocsBackupDeleteTimeUnit">     <value>5</value>                        </pref>
<pref label="DocsAutoReload">               <flag>true</flag>                       </pref>
<pref label="DocsPreserveExtraData">        <flag>false</flag>                      </pref>

<!-- Test Document Preferences -->
<pref label="TestDocFilePath">              <text>Test/EditorTest</text>            </pref>
<pref label="TestDocDifficulty">            <value>2</value>                        </pref>
<pref label="TestDocSpeed">                 <value>2</value>                        </pref>
<pref label="TestDocFixedSeed">             <flag>false</flag>                      </pref>
<pref label="TestDocWindowed">              <flag>false</flag>                      </pref>
<pref label="TestDocWindowedFullscreen">    <flag>false</flag>                      </pref>
<pref label="TestDocTrigDebug">             <flag>false</flag>                      </pref>
<pref label="TestDocBreakOnError">          <flag>false</flag>                      </pref>
<pref label="TestDocBreakOnStart">          <flag>false</flag>                      </pref>
<pref label="TestDocMinimizeEditor">        <value>2</value>                        </pref>
<pref label="TestDocMinimizeGame">          <value>2</value>                        </pref>
<pref label="TestDocPreload">               <flag>true</flag>                       </pref>

<!-- BattleNet Preferences -->
<pref label="BattleNetStartupPatchCheck">   <flag>true</flag>                       </pref>
<pref label="BattleNetObfuscateLocked">     <flag>false</flag>                      </pref>

<pref label="PrefColorListColorText">               <flag>false</flag>                      </pref>
<!-- Non-Dark Color Preferences -->
<pref label="ColorGeneralDisabled">                 <color>255,128,128,128</color>          </pref>
<pref label="ColorGeneralUnset">                    <color>255,128,128,255</color>          </pref>
<pref label="ColorGeneralValid">                    <color>255,0,128,0</color>              </pref>
<pref label="ColorGeneralInvalid">                  <color>255,128,0,0</color>              </pref>
<pref label="ColorGeneralAngleCircle">              <color>255,64,64,64</color>             </pref>
<pref label="ColorGeneralAngleLine">                <color>255,128,192,128</color>          </pref>
<pref label="ColorGeneralHyperlinkActive">          <color>255,0,0,255</color>              </pref>
<pref label="ColorGeneralHyperlinkPushed">          <color>255,255,0,255</color>            </pref>
<pref label="ColorGeneralTextPreviewText">          <color>255,0,0,0</color>                </pref>
<pref label="ColorGeneralTextPreviewBackground">    <color>255,128,128,128</color>          </pref>
<pref label="ColorFindStateAny">                    <color>255,128,128,128</color>          </pref>
<pref label="ColorFindStateTrue">                   <color>255,0,0,128</color>              </pref>
<pref label="ColorFindStateFalse">                  <color>255,128,0,0</color>              </pref>
<pref label="ColorGameIconBackground">              <color>255,0,0,0</color>                </pref>
<pref label="ColorGameIconForeground">              <color>255,0,255,0</color>              </pref>
<pref label="ColorImagePreviewBackground">          <color>255,0,0,0</color>                </pref>
<pref label="ColorImageCropBounds">                 <color>255,255,255,0</color>            </pref>
<pref label="ColorMessagePlain">                    <color>255,0,0,0</color>                </pref>
<pref label="ColorMessageWarning">                  <color>255,0,128,0</color>              </pref>
<pref label="ColorMessageError">                    <color>255,192,0,0</color>              </pref>
<pref label="ColorMessageUndo">                     <color>255,0,128,128</color>            </pref>
<pref label="ColorMessageRedo">                     <color>255,128,128,255</color>          </pref>
<pref label="ColorMessageLog">                      <color>255,0,0,128</color>              </pref>
<pref label="ColorMessageSuccess">                  <color>255,0,200,0</color>              </pref>
<pref label="ColorNonDefault">                      <color>255,0,0,255</color>              </pref>
<pref label="ColorDisabledNonDefault">              <color>255,96,96,160</color>            </pref>
<pref label="ColorConsoleEcho">                     <color>255,155,78,0</color>             </pref>
<pref label="ColorConsoleOutput">                   <color>255,0,0,0</color>                </pref>
<pref label="ColorPreviewBackground">               <color>255,50,105,125</color>           </pref>
<pref label="ColorPreviewBoundSphere">              <color>128,0,255,0</color>              </pref>
<pref label="ColorPreviewBoundSphereSegment">       <color>128,128,128,255</color>          </pref>
<pref label="ColorPreviewBoundGrid">                <color>255,255,255,255</color>          </pref>
<pref label="ColorPreviewGridSmall">                <color>255,128,128,128</color>          </pref>
<pref label="ColorPreviewGridMedium">               <color>255,255,255,255</color>          </pref>
<pref label="ColorPreviewGridLarge">                <color>255,255,0,0</color>              </pref>
<pref label="ColorPreviewAttach">                   <color>255,0,128,0</color>              </pref>
<pref label="ColorPreviewAttachGrid">               <color>255,192,255,192</color>          </pref>
<pref label="ColorPreviewAttachSel">                <color>255,0,255,0</color>              </pref>
<pref label="ColorPreviewAttachGridSel">            <color>255,255,255,255</color>          </pref>
<pref label="ColorPreviewFocusBorder1">             <color>255,0,192,0</color>              </pref>
<pref label="ColorPreviewFocusBorder2">             <color>255,0,128,0</color>              </pref>
<pref label="ColorPreviewLightKeyArrow">            <color>255,192,192,192</color>          </pref>
<pref label="ColorPreviewLightKeyArrowGrid">        <color>255,255,255,255</color>          </pref>
<pref label="ColorPreviewLightFillArrow">           <color>255,128,128,192</color>          </pref>
<pref label="ColorPreviewLightFillArrowGrid">       <color>255,192,192,255</color>          </pref>
<pref label="ColorTextPreviewText">                 <color>255,0,0,0</color>                </pref>
<pref label="ColorTextPreviewBackground">           <color>255,128,128,128</color>          </pref>
<pref label="ColorMinimapTarget">                   <color>255,192,192,0</color>            </pref>
<pref label="ColorMinimapViewBox">                  <color>255,255,255,0</color>            </pref>
<pref label="ColorMinimapBoundsPlayable">           <color>255,0,0,128</color>              </pref>
<pref label="ColorMinimapBoundsCamera">             <color>255,255,255,0</color>            </pref>
<pref label="ColorMinimapBaseHeight">               <color>255,255,160,0</color>            </pref>
<pref label="ColorMinimapSelectionBox">             <color>255,0,255,0</color>              </pref>
<pref label="ColorMinimapSelectedTerrain">          <color>255,0,128,0</color>              </pref>
<pref label="ColorMinimapDistance">                 <color>255,255,255,255</color>          </pref>
<pref label="ColorPlacementBackground">             <color>255,128,128,128</color>          </pref>
<pref label="ColorPlacementLocNormal">              <color>255,0,0,0</color>                </pref>
<pref label="ColorPlacementLocSelected">            <color>255,0,255,0</color>              </pref>
<pref label="ColorPlacementLocLinked">              <color>255,128,255,0</color>            </pref>
<pref label="ColorBoundsAdded">                     <color>255,0,64,0</color>               </pref>
<pref label="ColorBoundsUnplayable">                <color>255,64,64,64</color>             </pref>
<pref label="ColorBoundsCamera">                    <color>255,255,255,0</color>            </pref>
<pref label="ColorSymmetryEdge">                    <color>255,255,192,0</color>            </pref>
<pref label="ColorSymmetryLine">                    <color>255,255,192,0</color>            </pref>
<pref label="ColorSymmetryTest">                    <color>255,255,255,0</color>            </pref>
<pref label="ColorPaletteSelection">                <color>255,0,255,0</color>              </pref>
<pref label="ColorWorldViewSelection">              <color>255,0,255,0</color>              </pref>
<pref label="ColorTerrainSelection">                <color>255,0,160,0</color>              </pref>
<pref label="ColorTerrainCursor">                   <color>255,255,128,0</color>            </pref>
<pref label="ColorTerrainCursorPaste">              <color>255,128,128,255</color>          </pref>
<pref label="ColorTerrainCellPaste">                <color>255,32,32,192</color>            </pref>
<pref label="ColorTerrainGridLarge">                <color>255,255,0,0</color>              </pref>
<pref label="ColorTerrainGridLargeCenter">          <color>255,96,96,96</color>             </pref>
<pref label="ColorTerrainGrid">                     <color>255,0,0,0</color>                </pref>
<pref label="ColorTerrainBoundsPlayable">           <color>255,0,0,128</color>              </pref>
<pref label="ColorTerrainBoundsCamera">             <color>255,255,255,0</color>            </pref>
<pref label="ColorTerrainSymmetryEdge">             <color>255,255,192,0</color>            </pref>
<pref label="ColorTerrainSymmetryLine">             <color>255,255,192,0</color>            </pref>
<pref label="ColorTerrainBaseHeight">               <color>255,255,160,0</color>            </pref>
<pref label="ColorTerrainChooseText1">              <color>255,255,255,0</color>            </pref>
<pref label="ColorTerrainChooseText2">              <color>255,255,192,0</color>            </pref>
<pref label="ColorTerrainAspectGuide">              <color>255,255,255,255</color>          </pref>
<pref label="ColorTerrainDistance">                 <color>255,255,255,255</color>          </pref>
<pref label="ColorTerrainLightRegion1">             <color>255,192,0,0</color>              </pref>
<pref label="ColorTerrainLightRegion2">             <color>255,0,192,0</color>              </pref>
<pref label="ColorTerrainLightRegion3">             <color>255,0,0,192</color>              </pref>
<pref label="ColorTerrainLightRegion4">             <color>255,192,192,0</color>            </pref>
<pref label="ColorPaintedPathingUnpathable">        <color>255,170,0,0</color>              </pref>
<pref label="ColorPaintedPathingGround">            <color>255,0,255,0</color>              </pref>
<pref label="ColorPaintedPathingNoBuild">           <color>255,255,255,0</color>            </pref>
<pref label="ColorPaintedPathingDense">             <color>255,0,0,128</color>              </pref>
<pref label="ColorPaintedPathingCliff">             <color>255,255,128,0</color>            </pref>
<pref label="ColorPaintedPathingWaterShallow">      <color>255,0,0,128</color>              </pref>
<pref label="ColorPaintedPathingWaterDeep">         <color>255,0,0,255</color>              </pref>
<pref label="ColorPaintedCreepPlaced">              <color>255,128,0,128</color>            </pref>
<pref label="ColorPaintedCreepDisallow">            <color>255,128,128,128</color>          </pref>
<pref label="ColorPaintedVisionBlocked">            <color>255,128,0,128</color>            </pref>
<pref label="ColorPaintedVisionShrub">              <color>255,0,0,128</color>              </pref>
<pref label="ColorPaintedVisionUnrevealable">       <color>255,0,128,128</color>            </pref>
<pref label="ColorPaintedCustom1">                  <color>255,192,0,0</color>              </pref>
<pref label="ColorPaintedCustom2">                  <color>255,0,192,0</color>              </pref>
<pref label="ColorPaintedCustom3">                  <color>255,0,0,192</color>              </pref>
<pref label="ColorPaintedCustom4">                  <color>255,192,192,0</color>            </pref>
<pref label="ColorNoFlyNormalSoft">                 <color>255,0,0,255</color>              </pref>
<pref label="ColorNoFlyNormalHard">                 <color>255,170,0,0</color>              </pref>
<pref label="ColorNoFlyOverlapSoft">                <color>255,0,0,128</color>              </pref>
<pref label="ColorNoFlyOverlapHard">                <color>255,85,0,0</color>               </pref>
<pref label="ColorNoFlyWarningSoft">                <color>255,128,128,0</color>            </pref>
<pref label="ColorNoFlyWarningHard">                <color>255,170,0,0</color>              </pref>
<pref label="ColorPlacementGridGround">             <color>255,0,196,0</color>              </pref>
<pref label="ColorPlacementGridNoBuild">            <color>255,128,0,0</color>              </pref>
<pref label="ColorPlacementGridNearResources">      <color>255,0,128,128</color>            </pref>
<pref label="ColorPlacementGridCreep">              <color>255,128,0,128</color>            </pref>
<pref label="ColorPlacementGridBlockVision">        <color>255,0,0,255</color>              </pref>
<pref label="ColorPlacementGridShrubVision">        <color>255,128,196,255</color>          </pref>
<pref label="ColorPlacementGridBoostCliff">         <color>255,128,128,128</color>          </pref>
<pref label="ColorTileWireframe">                   <color>255,128,128,255</color>          </pref>
<pref label="ColorTilePoint">                       <color>255,0,128,0</color>              </pref>
<pref label="ColorTilePointEdge">                   <color>255,192,255,192</color>          </pref>
<pref label="ColorTilePointSelected">               <color>255,0,255,0</color>              </pref>
<pref label="ColorTilePointEdgeSelected">           <color>255,255,255,255</color>          </pref>
<pref label="ColorPointDefault">                    <color>255,255,255,255</color>          </pref>
<pref label="ColorPointName">                       <color>255,255,255,255</color>          </pref>
<pref label="ColorPointNameSelected">               <color>255,192,255,192</color>          </pref>
<pref label="ColorCameraDefault">                   <color>255,128,128,128</color>          </pref>
<pref label="ColorRegionDefault">                   <color>255,0,0,192</color>              </pref>
<pref label="ColorRegionName">                      <color>255,192,192,192</color>          </pref>
<pref label="ColorRegionNameSelected">              <color>255,255,255,255</color>          </pref>
<pref label="ColorRegionImageBackground">           <color>255,128,128,128</color>          </pref>
<pref label="ColorRegionImageGrid">                 <color>255,0,0,0</color>                </pref>
<pref label="ColorRegionImagePositive">             <color>255,0,0,128</color>              </pref>
<pref label="ColorRegionImageNegative">             <color>255,128,0,0</color>              </pref>
<pref label="ColorRegionShapeListPositive">         <color>255,0,0,128</color>              </pref>
<pref label="ColorRegionShapeListNegative">         <color>255,128,0,0</color>              </pref>
<pref label="ColorInstanceListVisible">             <color>255,0,0,0</color>                </pref>
<pref label="ColorInstanceListHidden">              <color>255,128,128,128</color>          </pref>
<pref label="ColorInstanceListTagHidden">           <color>255,64,64,128</color>            </pref>
<pref label="ColorUnitOverheadText">                <color>255,255,255,255</color>          </pref>
<pref label="ColorUnitNotCreated">                  <color>255,255,64,64</color>            </pref>
<pref label="ColorUnitInitHidden">                  <color>255,64,64,255</color>            </pref>
<pref label="ColorTextureUnbuildable">              <color>255,0,0,255</color>              </pref>
<pref label="ColorDataSourceCore">                  <color>255,128,128,128</color>          </pref>
<pref label="ColorDataSourceBlizzard">              <color>255,0,100,180</color>            </pref>
<pref label="ColorDataSourceMod">                   <color>255,160,96,0</color>             </pref>
<pref label="ColorDataSourceInherited">             <color>255,64,160,64</color>            </pref>
<pref label="ColorDataSourceOverridden">            <color>255,200,0,0</color>              </pref>
<pref label="ColorDataSourceActive">                <color>255,0,96,0</color>               </pref>
<pref label="ColorAxisVector">                      <color>255,192,192,255</color>          </pref>
<pref label="ColorLightVector">                     <color>255,255,255,0</color>            </pref>
<pref label="ColorWaterSelection">                  <color>255,0,255,0</color>              </pref>
<pref label="ColorSectionMergeError">               <color>255,128,0,0</color>              </pref>
<pref label="ColorSectionMergeSelf">                <color>255,0,128,0</color>              </pref>
<pref label="ColorSectionMergeIdentical">           <color>255,0,128,0</color>              </pref>
<pref label="ColorSectionMergeNo">                  <color>255,128,128,128</color>          </pref>
<pref label="ColorSectionMergeYes">                 <color>255,0,0,0</color>                </pref>
<pref label="ColorPaletteHintText">                 <color>255,96,96,96</color>             </pref>
<pref label="ColorLightingStatusUpToDate">          <color>255,0,0,0</color>                </pref>
<pref label="ColorLightingStatusOutOfDate">         <color>255,128,0,0</color>              </pref>
<pref label="ColorOverviewDefinition">              <color>255,0,0,0</color>                </pref>
<pref label="ColorOverviewReference">               <color>255,0,0,255</color>              </pref>
<pref label="ColorCutscenePropertyDefault">         <color>255,0,0,0</color>                </pref>
<pref label="ColorCutscenePropertyChanged">         <color>255,0,96,0</color>               </pref>
<pref label="ColorCutscenePropertyReadOnly">        <color>255,128,128,128</color>          </pref>
<pref label="ColorDependencyModifiable">            <color>255,0,0,192</color>              </pref>
    
<pref label="ColorDiffText">                        <color>255,192,0,0</color>              </pref>
<pref label="ColorDiffFileIdentical">               <color>255,0,0,0</color>                </pref>
<pref label="ColorDiffFileChanged">                 <color>255,0,0,192</color>              </pref>
<pref label="ColorDiffFileAdded">                   <color>255,0,128,0</color>              </pref>
<pref label="ColorDiffFileRemoved">                 <color>255,192,0,0</color>              </pref>

<pref label="ColorMergeStatusNoChange">             <color>255,0,0,0</color>                </pref>
<pref label="ColorMergeStatusAdded">                <color>255,128,0,128</color>            </pref>
<pref label="ColorMergeStatusRemoved">              <color>255,128,0,128</color>            </pref>
<pref label="ColorMergeStatusChanged1">             <color>255,128,0,128</color>            </pref>
<pref label="ColorMergeStatusChanged2">             <color>255,128,0,128</color>            </pref>
<pref label="ColorMergeStatusMerged">               <color>255,128,0,128</color>            </pref>
<pref label="ColorMergeStatusConflict">             <color>255,255,0,255</color>            </pref>
<pref label="ColorMergeStatusPending">              <color>255,128,0,255</color>            </pref>
<pref label="ColorMergeStatusResolved">             <color>255,0,0,128</color>              </pref>
<pref label="ColorMergeStatusError">                <color>255,128,0,0</color>              </pref>
    
<pref label="ColorMergeResolveNotAllowed">          <color>255,255,0,255</color>            </pref>
<pref label="ColorMergeResolveUnresolved">          <color>255,128,0,128</color>            </pref>
<pref label="ColorMergeResolveResolved">            <color>255,0,0,128</color>              </pref>

<pref label="ColorBattleNetSpaceUsed">              <color>255,0,196,255</color>    </pref>
<pref label="ColorBattleNetSpaceAdded">             <color>255,0,96,255</color>     </pref>
<pref label="ColorBattleNetSpaceRemoved">           <color>255,0,196,255</color>    </pref>
<pref label="ColorBattleNetSpaceExcess">            <color>255,128,0,0</color>      </pref>
<pref label="ColorBattleNetSpaceTick">              <color>255,0,0,0</color>        </pref>
<pref label="ColorBattleNetVersionOld">             <color>255,96,96,96</color>     </pref>
<pref label="ColorBattleNetNotOptimized">           <color>255,128,0,0</color>      </pref>
<pref label="ColorBattleNetMatrixCardActiveCell">   <color>255,0,96,0</color>       </pref>
<pref label="ColorBattleNetMatrixCardDigitButton">  <color>255,96,128,96</color>    </pref>
<pref label="ColorBattleNetMatrixCardDigitNumber">  <color>255,0,0,0</color>        </pref>
<pref label="ColorBattleNetMatrixCardDigitPressed"> <color>255,0,96,0</color>       </pref>
<pref label="ColorBattleNetMatrixCardDigitEntered"> <color>255,0,96,0</color>       </pref>
    
<pref label="ColorAttributeValueDefault">           <color>255,128,128,128</color>  </pref>
<pref label="ColorAttributeValueUnlocked">          <color>255,0,0,0</color>        </pref>
<pref label="ColorAttributeValueLocked">            <color>255,128,0,0</color>      </pref>
<pref label="ColorAttributeValueHidden">            <color>255,0,0,128</color>      </pref>
    
<pref label="ColorConversationGroup">               <color>255,0,0,0</color>        </pref>
<pref label="ColorConversationComment">             <color>255,0,64,0</color>       </pref>
<pref label="ColorConversationChoice">              <color>255,128,0,0</color>      </pref>
<pref label="ColorConversationLine">                <color>255,0,0,96</color>       </pref>
<pref label="ColorConversationRunActions">          <color>255,128,0,96</color>     </pref>
<pref label="ColorConversationWait">                <color>255,128,0,96</color>     </pref>
<pref label="ColorConversationJump">                <color>255,96,96,96</color>     </pref>
<pref label="ColorConversationCondition">           <color>255,128,0,128</color>    </pref>
<pref label="ColorConversationHighlightChanged">    <color>255,255,255,0</color>    </pref>
<pref label="ColorConversationHighlightAdded">      <color>255,255,128,128</color>  </pref>
<pref label="ColorConversationSoundNoEntry">        <color>255,96,0,0</color>       </pref>
<pref label="ColorConversationSoundNoFile">         <color>255,96,0,0</color>       </pref>
<pref label="ColorConversationSoundNoFilePH">       <color>255,96,0,0</color>       </pref>
<pref label="ColorConversationSoundLocalFile">      <color>255,0,0,128</color>      </pref>
<pref label="ColorConversationSoundTTSFile">        <color>255,128,128,0</color>    </pref>
<pref label="ColorConversationSoundObsolete">       <color>255,128,0,0</color>      </pref>
<pref label="ColorConversationSoundFinalUpdate">    <color>255,0,96,0</color>       </pref>
<pref label="ColorConversationSoundFinalRerecord">  <color>255,0,96,0</color>       </pref>
<pref label="ColorConversationSoundFinal">          <color>255,0,96,0</color>       </pref>
    
<pref label="ColorImportFileNormal">                <color>255,0,0,0</color>        </pref>
<pref label="ColorImportFileAdded">                 <color>255,0,128,0</color>      </pref>
<pref label="ColorImportFileRemoved">               <color>255,128,0,0</color>      </pref>
<pref label="ColorImportFileMoved">                 <color>255,0,0,128</color>      </pref>
<pref label="ColorImportFileReplaced">              <color>255,128,0,128</color>    </pref>
<pref label="ColorImportFileReserved">              <color>255,128,128,0</color>    </pref>

<pref label="ColorTriggerParamSet">         <color>255,0,0,255</color>              </pref>
<pref label="ColorTriggerParamSetHi">       <color>255,0,160,0</color>              </pref>
<pref label="ColorTriggerParamUnset">       <color>255,255,0,0</color>              </pref>
<pref label="ColorTriggerParamUnsetHi">     <color>255,0,160,0</color>              </pref>
<pref label="ColorTriggerParamPushed">      <color>255,255,0,255</color>            </pref>
<pref label="ColorTriggerParamDisabled">    <color>255,64,64,128</color>            </pref>
<pref label="ColorTriggerParamDisabledHi">  <color>255,0,160,0</color>              </pref>
<pref label="ColorTriggerParamTreeSet">     <color>255,0,0,255</color>              </pref>
<pref label="ColorTriggerParamTreeUnset">   <color>255,192,0,0</color>              </pref>
<pref label="ColorTriggerElementDisabled">  <color>255,192,0,0</color>              </pref>
<pref label="ColorTriggerElementDeprecated"><color>255,128,128,0</color>            </pref>
<pref label="ColorTriggerElementNotYetImp"> <color>255,220,140,0</color>            </pref>
<pref label="ColorTriggerElementTemplate">  <color>255,128,192,128</color>          </pref>
<pref label="ColorTriggerElementInternal">  <color>255,64,192,64</color>            </pref>
<pref label="ColorTriggerElementCut">       <color>255,128,128,192</color>          </pref>
<pref label="ColorTriggerElementComment">   <color>255,0,128,0</color>              </pref>
<pref label="ColorTriggerLibraryInclude">   <color>255,128,0,128</color>            </pref>
<pref label="ColorTriggerLibraryDepModify"> <color>255,0,0,192</color>              </pref>
<pref label="ColorTriggerInvalidResponse">  <color>255,128,128,128</color>          </pref>
<pref label="ColorTriggerHintText">         <color>255,96,96,96</color>             </pref>
<pref label="ColorTriggerExpressionParam">  <color>255,192,0,0</color>              </pref>

<pref label="ColorScriptBackground">        <color>0,255,255,255</color>            </pref>
<pref label="ColorScriptDefault">           <color>255,0,0,0</color>                </pref>
<pref label="ColorScriptCursor">            <color>255,0,0,0</color>                </pref>
<pref label="ColorScriptSelection">         <color>255,192,192,192</color>          </pref>
<pref label="ColorScriptPreprocess">        <color>255,128,64,0</color>             </pref>
<pref label="ColorScriptKeyword">           <color>255,55,55,255</color>            </pref>
<pref label="ColorScriptOperator">          <color>255,96,96,96</color>             </pref>
<pref label="ColorScriptNativeType">        <color>255,96,0,192</color>             </pref>
<pref label="ColorScriptNativeFunction">    <color>255,96,96,192</color>            </pref>
<pref label="ColorScriptComment">           <color>255,0,128,0</color>              </pref>
<pref label="ColorScriptString">            <color>255,128,128,128</color>          </pref>
    
<pref label="ColorAIWaveDef">               <color>255,0,0,0</color>                </pref>
<pref label="ColorAIWaveDefNoTime">         <color>255,128,128,128</color>          </pref>
<pref label="ColorAIWaveLink">              <color>255,0,0,128</color>              </pref>
<pref label="ColorAIWaveLinkNoTime">        <color>255,128,128,255</color>          </pref>
<pref label="ColorAIWaveRepeat">            <color>255,128,48,128</color>           </pref>
<pref label="ColorAIWaveComment">           <color>255,0,128,0</color>              </pref>
<pref label="ColorAIWaveTimeUnused">        <color>255,128,128,128</color>          </pref>
    
<pref label="ColorAIGraphBackground">       <color>255,0,0,0</color>                </pref>
<pref label="ColorAIGraphTitle">            <color>255,192,192,192</color>          </pref>
<pref label="ColorAIGraphSubtitle">         <color>255,160,160,160</color>          </pref>
<pref label="ColorAIGraphLabelX">           <color>255,192,192,192</color>          </pref>
<pref label="ColorAIGraphLabelY">           <color>255,192,192,192</color>          </pref>
<pref label="ColorAIGraphAxisX">            <color>255,192,192,192</color>          </pref>
<pref label="ColorAIGraphAxisY">            <color>255,192,192,192</color>          </pref>
<pref label="ColorAIGraphDataDefault">      <color>255,192,192,192</color>          </pref>

<pref label="ColorDataAttribute">           <color>255,50,100,100</color>           </pref>
<pref label="ColorDataAttributeValue">      <color>255,150,50,150</color>           </pref>
<pref label="ColorDataBackground">          <color>255,255,255,255</color>            </pref>
<pref label="ColorDataComment">             <color>255,0,128,0</color>              </pref>
<pref label="ColorDataDefault">             <color>255,0,0,0</color>                </pref>
<pref label="ColorDataCursor">              <color>255,0,0,0</color>                </pref>
<pref label="ColorDataSelection">           <color>255,192,192,192</color>          </pref>
<pref label="ColorDataElement">             <color>255,0,50,150</color>             </pref>
<pref label="ColorDataMargin">              <color>255,255,255,255</color>          </pref>

<pref label="ColorPathingMeshGround">               <color>255,19,176,11</color>    </pref>
<pref label="ColorPathingMeshGroundLine">           <color>255,82,221,62</color>    </pref>
<pref label="ColorPathingMeshBorderLine">           <color>255,255,255,0</color>    </pref>
<pref label="ColorPathingMeshBuilding">             <color>255,173,87,10</color>    </pref>
<pref label="ColorPathingMeshBuildingLine">         <color>255,255,163,70</color>   </pref>
<pref label="ColorPathingMeshClimbable">            <color>255,13,30,242</color>    </pref>
<pref label="ColorPathingMeshClimbableLine">        <color>255,114,106,255</color>  </pref>
<pref label="ColorPathingMeshUnpathable">           <color>255,113,4,4</color>      </pref>
<pref label="ColorPathingMeshUnpathableLine">       <color>255,225,0,0</color>      </pref>

<pref label="ColorFootprintGrid">                   <color>255,0,0,0</color>        </pref>
<pref label="ColorFootprintCenter">                 <color>255,128,128,64</color>   </pref>
<pref label="ColorFootprintContourNoCell">          <color>255,32,32,32</color>     </pref>
<pref label="ColorFootprintContourCell">            <color>255,128,128,128</color>  </pref>
<pref label="ColorFootprintContourInvalid">         <color>255,255,0,0</color>      </pref>
<pref label="ColorFootprintSelection">              <color>255,64,192,64</color>    </pref>
<pref label="ColorFootprintSetNone">                <color>255,0,0,0</color>        </pref>
<pref label="ColorFootprintSet00">                  <color>255,128,0,128</color>    </pref>
<pref label="ColorFootprintSet01">                  <color>255,64,64,192</color>    </pref>
<pref label="ColorFootprintSet02">                  <color>255,0,96,96</color>      </pref>
<pref label="ColorFootprintSet03">                  <color>255,128,128,0</color>    </pref>
<pref label="ColorFootprintGridBuilding">           <color>255,255,204,0</color>    </pref>
<pref label="ColorFootprintGridUnpathable">         <color>255,153,0,0</color>      </pref>
<pref label="ColorFootprintGridGround">             <color>255,0,153,0</color>      </pref>
<pref label="ColorFootprintGridCliff">              <color>255,51,51,204</color>    </pref>

<pref label="ColorSoundSyncPointBackground">        <color>255,0,0,0</color>        </pref>
<pref label="ColorSoundSyncPointTick">              <color>255,128,128,128</color>  </pref>
<pref label="ColorSoundSyncPointLabel">             <color>255,192,192,192</color>  </pref>
<pref label="ColorSoundSyncPointManual">            <color>255,0,128,192</color>    </pref>
<pref label="ColorSoundSyncPointManualSel">         <color>255,0,255,255</color>    </pref>
<pref label="ColorSoundSyncPointRange">             <color>255,0,128,0</color>      </pref>
<pref label="ColorSoundSyncPointRangeSel">          <color>255,0,255,0</color>      </pref>

<pref label="ColorGraphBackground">                 <color>255,0,0,0</color>        </pref>
<pref label="ColorGraphGridBorder">                 <color>255,100,100,100</color>  </pref>
<pref label="ColorGraphGridLine">                   <color>255,64,64,64</color>     </pref>
<pref label="ColorGraphPoint">                      <color>255,255,255,255</color>  </pref>
<pref label="ColorGraphPointSelected">              <color>255,0,255,0</color>      </pref>
<pref label="ColorGraphLine">                       <color>255,255,0,0</color>      </pref>
    
<pref label="ColorFieldTokenized">                  <color>255,255,255,200</color>  </pref>
    
<pref label="ColorTargetFilterAllowed">             <color>255,0,0,0</color>        </pref>
<pref label="ColorTargetFilterRequired">            <color>255,0,128,0</color>      </pref>
<pref label="ColorTargetFilterExcluded">            <color>255,192,0,0</color>      </pref>
    
<pref label="ColorSectionMergeAdded">               <color>255,0,0,192</color>      </pref>
<pref label="ColorSectionMergeChanged">             <color>255,0,0,0</color>        </pref>
<pref label="ColorSectionMergeRemoved">             <color>255,192,0,0</color>      </pref>
    
<pref label="ColorBattleNetStatusRetrieving">       <color>255,196,96,196</color>   </pref>
<pref label="ColorBattleNetStatusUnused">           <color>255,255,128,128</color>  </pref>
<pref label="ColorBattleNetStatusNotLocal">         <color>255,128,128,128</color>  </pref>
<pref label="ColorBattleNetStatusDownloading">      <color>255,196,96,196</color>   </pref>
<pref label="ColorBattleNetStatusFailure">          <color>255,128,0,0</color>      </pref>
<pref label="ColorBattleNetStatusComplete">         <color>255,0,0,0</color>        </pref>
<pref label="ColorBattleNetStatusLocked">           <color>255,128,0,128</color>    </pref>

<pref label="ColorBattleNetPublishStatusPending">   <color>255,128,128,255</color>  </pref>
<pref label="ColorBattleNetPublishStatusUploading"> <color>255,196,96,196</color>   </pref>
<pref label="ColorBattleNetPublishStatusFailure">   <color>255,128,0,0</color>      </pref>
<pref label="ColorBattleNetPublishStatusComplete">  <color>255,0,0,0</color>        </pref>
    
<pref label="ColorBattleNetPublishVerifySuccess">   <color>255,0,128,0</color>      </pref>
<pref label="ColorBattleNetPublishVerifyFailure">   <color>255,128,0,0</color>      </pref>

<pref label="ColorDataNavBG">                       <color>255,68,68,68</color>     </pref>
<pref label="ColorDataNavObjectNodeBG">             <color>255,187,187,187</color>  </pref>
<pref label="ColorDataNavObjectNodeBorder">         <color>255,0,0,0</color>        </pref>
<pref label="ColorDataNavObjectNodeBorderSelected"> <color>255,255,255,255</color>  </pref>
<pref label="ColorDataNavObjectNodeBorderEdgeSelected"><color>255,255,255,204</color>  </pref>
<pref label="ColorDataNavTextColor">                <color>255,0,0,0</color>        </pref>
<pref label="ColorDataNavTitleGame">                <color>255,146,208,80</color>   </pref>
<pref label="ColorDataNavTitleCampaign">            <color>255,255,34,34</color>    </pref>
<pref label="ColorDataNavTitleActor">               <color>255,255,192,0</color>    </pref>
<pref label="ColorDataNavTitleArtSound">            <color>255,64,176,251</color>   </pref>
<pref label="ColorDataNavTitleTerrain">             <color>255,187,119,0</color>    </pref>
<pref label="ColorDataNavTitleAdvanced">            <color>255,216,100,255</color>  </pref>
<pref label="ColorDataNavFieldNodeBG">              <color>255,153,153,153</color>  </pref>
<pref label="ColorDataNavFieldNodeBorder">          <color>255,0,0,0</color>        </pref>
<pref label="ColorDataNavFieldNodeBorderSelected">  <color>255,255,255,255</color>  </pref>
<pref label="ColorDataNavFieldNodeBorderEdgeSelected"><color>255,255,255,205</color>  </pref>
<pref label="ColorDataNavEdgeColor">                <color>255,0,0,0</color>        </pref>
<pref label="ColorDataNavSrcSelectedEdgeColor">     <color>255,255,255,255</color>  </pref>
<pref label="ColorDataNavDstSelectedEdgeColor">     <color>255,255,255,204</color>  </pref>
    
<pref label="ColorWizardWarning">                   <color>255,0,128,0</color>      </pref>
<pref label="ColorWizardUnconfirmed">               <color>255,192,128,0</color>    </pref>
<pref label="ColorWizardConfirmed">                 <color>255,0,0,128</color>      </pref>
<pref label="ColorWizardError">                     <color>255,128,0,0</color>      </pref>

<pref label="ColorObjectMoveOpNone">                <color>255,128,128,128</color>  </pref>
<pref label="ColorObjectMoveOpSpaceMove">           <color>255,0,128,0</color>      </pref>
<pref label="ColorObjectMoveOpSourceMove">          <color>255,0,128,0</color>      </pref>
<pref label="ColorObjectMoveOpSourceMerge">         <color>255,0,128,128</color>    </pref>
<pref label="ColorObjectMoveOpSourceOverride">      <color>255,0,0,128</color>      </pref>
<pref label="ColorObjectMoveOpNotAllowed">          <color>255,255,64,64</color>    </pref>
    
<!-- Dark Color Preferences -->
<pref label="DarkColorGeneralDisabled">                 <color>255,128,128,128</color>          </pref>
<pref label="DarkColorGeneralUnset">                    <color>255,128,128,255</color>          </pref>
<pref label="DarkColorGeneralValid">                    <color>255,0,128,0</color>              </pref>
<pref label="DarkColorGeneralInvalid">                  <color>255,128,0,0</color>              </pref>
<pref label="DarkColorGeneralAngleCircle">              <color>255,64,64,64</color>             </pref>
<pref label="DarkColorGeneralAngleLine">                <color>255,128,192,128</color>          </pref>
<pref label="DarkColorGeneralHyperlinkActive">          <color>255,0,0,255</color>              </pref>
<pref label="DarkColorGeneralHyperlinkPushed">          <color>255,255,0,255</color>            </pref>
<pref label="DarkColorGeneralTextPreviewText">          <color>255,0,0,0</color>                </pref>
<pref label="DarkColorGeneralTextPreviewBackground">    <color>255,128,128,128</color>          </pref>
<pref label="DarkColorFindStateAny">                    <color>255,128,128,128</color>          </pref>
<pref label="DarkColorFindStateTrue">                   <color>255,0,0,128</color>              </pref>
<pref label="DarkColorFindStateFalse">                  <color>255,128,0,0</color>              </pref>
<pref label="DarkColorGameIconBackground">              <color>255,0,0,0</color>                </pref>
<pref label="DarkColorGameIconForeground">              <color>255,0,255,0</color>              </pref>
<pref label="DarkColorImagePreviewBackground">          <color>255,0,0,0</color>                </pref>
<pref label="DarkColorImageCropBounds">                 <color>255,255,255,0</color>            </pref>
<pref label="DarkColorMessagePlain">                    <color>255,0,0,0</color>                </pref>
<pref label="DarkColorMessageWarning">                  <color>255,0,128,0</color>              </pref>
<pref label="DarkColorMessageError">                    <color>255,192,0,0</color>              </pref>
<pref label="DarkColorMessageUndo">                     <color>255,0,128,128</color>            </pref>
<pref label="DarkColorMessageRedo">                     <color>255,128,128,255</color>          </pref>
<pref label="DarkColorMessageLog">                      <color>255,0,0,128</color>              </pref>
<pref label="DarkColorMessageSuccess">                  <color>255,0,200,0</color>              </pref>
<pref label="DarkColorNonDefault">                      <color>255,0,0,255</color>              </pref>
<pref label="DarkColorDisabledNonDefault">              <color>255,96,96,160</color>            </pref>
<pref label="DarkColorConsoleEcho">                     <color>255,155,78,0</color>             </pref>
<pref label="DarkColorConsoleOutput">                   <color>255,0,0,0</color>                </pref>
<pref label="DarkColorPreviewBackground">               <color>255,50,105,125</color>           </pref>
<pref label="DarkColorPreviewBoundSphere">              <color>128,0,255,0</color>              </pref>
<pref label="DarkColorPreviewBoundSphereSegment">       <color>128,128,128,255</color>          </pref>
<pref label="DarkColorPreviewBoundGrid">                <color>255,255,255,255</color>          </pref>
<pref label="DarkColorPreviewGridSmall">                <color>255,128,128,128</color>          </pref>
<pref label="DarkColorPreviewGridMedium">               <color>255,255,255,255</color>          </pref>
<pref label="DarkColorPreviewGridLarge">                <color>255,255,0,0</color>              </pref>
<pref label="DarkColorPreviewAttach">                   <color>255,0,128,0</color>              </pref>
<pref label="DarkColorPreviewAttachGrid">               <color>255,192,255,192</color>          </pref>
<pref label="DarkColorPreviewAttachSel">                <color>255,0,255,0</color>              </pref>
<pref label="DarkColorPreviewAttachGridSel">            <color>255,255,255,255</color>          </pref>
<pref label="DarkColorPreviewFocusBorder1">             <color>255,0,192,0</color>              </pref>
<pref label="DarkColorPreviewFocusBorder2">             <color>255,0,128,0</color>              </pref>
<pref label="DarkColorPreviewLightKeyArrow">            <color>255,192,192,192</color>          </pref>
<pref label="DarkColorPreviewLightKeyArrowGrid">        <color>255,255,255,255</color>          </pref>
<pref label="DarkColorPreviewLightFillArrow">           <color>255,128,128,192</color>          </pref>
<pref label="DarkColorPreviewLightFillArrowGrid">       <color>255,192,192,255</color>          </pref>
<pref label="DarkColorTextPreviewText">                 <color>255,0,0,0</color>                </pref>
<pref label="DarkColorTextPreviewBackground">           <color>255,128,128,128</color>          </pref>
<pref label="DarkColorMinimapTarget">                   <color>255,192,192,0</color>            </pref>
<pref label="DarkColorMinimapViewBox">                  <color>255,255,255,0</color>            </pref>
<pref label="DarkColorMinimapBoundsPlayable">           <color>255,0,0,128</color>              </pref>
<pref label="DarkColorMinimapBoundsCamera">             <color>255,255,255,0</color>            </pref>
<pref label="DarkColorMinimapBaseHeight">               <color>255,255,160,0</color>            </pref>
<pref label="DarkColorMinimapSelectionBox">             <color>255,0,255,0</color>              </pref>
<pref label="DarkColorMinimapSelectedTerrain">          <color>255,0,128,0</color>              </pref>
<pref label="DarkColorMinimapDistance">                 <color>255,255,255,255</color>          </pref>
<pref label="DarkColorPlacementBackground">             <color>255,128,128,128</color>          </pref>
<pref label="DarkColorPlacementLocNormal">              <color>255,0,0,0</color>                </pref>
<pref label="DarkColorPlacementLocSelected">            <color>255,0,255,0</color>              </pref>
<pref label="DarkColorPlacementLocLinked">              <color>255,128,255,0</color>            </pref>
<pref label="DarkColorBoundsAdded">                     <color>255,0,64,0</color>               </pref>
<pref label="DarkColorBoundsUnplayable">                <color>255,64,64,64</color>             </pref>
<pref label="DarkColorBoundsCamera">                    <color>255,255,255,0</color>            </pref>
<pref label="DarkColorSymmetryEdge">                    <color>255,255,192,0</color>            </pref>
<pref label="DarkColorSymmetryLine">                    <color>255,255,192,0</color>            </pref>
<pref label="DarkColorSymmetryTest">                    <color>255,255,255,0</color>            </pref>
<pref label="DarkColorPaletteSelection">                <color>255,0,255,0</color>              </pref>
<pref label="DarkColorWorldViewSelection">              <color>255,0,255,0</color>              </pref>
<pref label="DarkColorTerrainSelection">                <color>255,0,160,0</color>              </pref>
<pref label="DarkColorTerrainCursor">                   <color>255,255,128,0</color>            </pref>
<pref label="DarkColorTerrainCursorPaste">              <color>255,128,128,255</color>          </pref>
<pref label="DarkColorTerrainCellPaste">                <color>255,32,32,192</color>            </pref>
<pref label="DarkColorTerrainGridLarge">                <color>255,255,0,0</color>              </pref>
<pref label="DarkColorTerrainGridLargeCenter">          <color>255,96,96,96</color>             </pref>
<pref label="DarkColorTerrainGrid">                     <color>255,0,0,0</color>                </pref>
<pref label="DarkColorTerrainBoundsPlayable">           <color>255,0,0,128</color>              </pref>
<pref label="DarkColorTerrainBoundsCamera">             <color>255,255,255,0</color>            </pref>
<pref label="DarkColorTerrainSymmetryEdge">             <color>255,255,192,0</color>            </pref>
<pref label="DarkColorTerrainSymmetryLine">             <color>255,255,192,0</color>            </pref>
<pref label="DarkColorTerrainBaseHeight">               <color>255,255,160,0</color>            </pref>
<pref label="DarkColorTerrainChooseText1">              <color>255,255,255,0</color>            </pref>
<pref label="DarkColorTerrainChooseText2">              <color>255,255,192,0</color>            </pref>
<pref label="DarkColorTerrainAspectGuide">              <color>255,255,255,255</color>          </pref>
<pref label="DarkColorTerrainDistance">                 <color>255,255,255,255</color>          </pref>
<pref label="DarkColorTerrainLightRegion1">             <color>255,192,0,0</color>              </pref>
<pref label="DarkColorTerrainLightRegion2">             <color>255,0,192,0</color>              </pref>
<pref label="DarkColorTerrainLightRegion3">             <color>255,0,0,192</color>              </pref>
<pref label="DarkColorTerrainLightRegion4">             <color>255,192,192,0</color>            </pref>
<pref label="DarkColorPaintedPathingUnpathable">        <color>255,170,0,0</color>              </pref>
<pref label="DarkColorPaintedPathingGround">            <color>255,0,255,0</color>              </pref>
<pref label="DarkColorPaintedPathingNoBuild">           <color>255,255,255,0</color>            </pref>
<pref label="DarkColorPaintedPathingDense">             <color>255,0,0,128</color>              </pref>
<pref label="DarkColorPaintedPathingCliff">             <color>255,255,128,0</color>            </pref>
<pref label="DarkColorPaintedCreepPlaced">              <color>255,128,0,128</color>            </pref>
<pref label="DarkColorPaintedCreepDisallow">            <color>255,128,128,128</color>          </pref>
<pref label="DarkColorPaintedVisionBlocked">            <color>255,128,0,128</color>            </pref>
<pref label="DarkColorPaintedVisionShrub">              <color>255,0,0,128</color>              </pref>
<pref label="DarkColorPaintedVisionUnrevealable">       <color>255,0,128,128</color>            </pref>
<pref label="DarkColorPaintedCustom1">                  <color>255,192,0,0</color>              </pref>
<pref label="DarkColorPaintedCustom2">                  <color>255,0,192,0</color>              </pref>
<pref label="DarkColorPaintedCustom3">                  <color>255,0,0,192</color>              </pref>
<pref label="DarkColorPaintedCustom4">                  <color>255,192,192,0</color>            </pref>
<pref label="DarkColorNoFlyNormalSoft">                 <color>255,0,0,255</color>              </pref>
<pref label="DarkColorNoFlyNormalHard">                 <color>255,170,0,0</color>              </pref>
<pref label="DarkColorNoFlyOverlapSoft">                <color>255,0,0,128</color>              </pref>
<pref label="DarkColorNoFlyOverlapHard">                <color>255,85,0,0</color>               </pref>
<pref label="DarkColorNoFlyWarningSoft">                <color>255,128,128,0</color>            </pref>
<pref label="DarkColorNoFlyWarningHard">                <color>255,170,0,0</color>              </pref>
<pref label="DarkColorPlacementGridGround">             <color>255,0,196,0</color>              </pref>
<pref label="DarkColorPlacementGridNoBuild">            <color>255,128,0,0</color>              </pref>
<pref label="DarkColorPlacementGridNearResources">      <color>255,0,128,128</color>            </pref>
<pref label="DarkColorPlacementGridCreep">              <color>255,128,0,128</color>            </pref>
<pref label="DarkColorPlacementGridBlockVision">        <color>255,0,0,255</color>              </pref>
<pref label="DarkColorPlacementGridShrubVision">        <color>255,128,196,255</color>          </pref>
<pref label="DarkColorPlacementGridBoostCliff">         <color>255,128,128,128</color>          </pref>
<pref label="DarkColorTileWireframe">                   <color>255,128,128,255</color>          </pref>
<pref label="DarkColorTilePoint">                       <color>255,0,128,0</color>              </pref>
<pref label="DarkColorTilePointEdge">                   <color>255,192,255,192</color>          </pref>
<pref label="DarkColorTilePointSelected">               <color>255,0,255,0</color>              </pref>
<pref label="DarkColorTilePointEdgeSelected">           <color>255,255,255,255</color>          </pref>
<pref label="DarkColorPointDefault">                    <color>255,255,255,255</color>          </pref>
<pref label="DarkColorPointName">                       <color>255,255,255,255</color>          </pref>
<pref label="DarkColorPointNameSelected">               <color>255,192,255,192</color>          </pref>
<pref label="DarkColorCameraDefault">                   <color>255,128,128,128</color>          </pref>
<pref label="DarkColorRegionDefault">                   <color>255,0,0,192</color>              </pref>
<pref label="DarkColorRegionName">                      <color>255,192,192,192</color>          </pref>
<pref label="DarkColorRegionNameSelected">              <color>255,255,255,255</color>          </pref>
<pref label="DarkColorRegionImageBackground">           <color>255,128,128,128</color>          </pref>
<pref label="DarkColorRegionImageGrid">                 <color>255,0,0,0</color>                </pref>
<pref label="DarkColorRegionImagePositive">             <color>255,0,0,128</color>              </pref>
<pref label="DarkColorRegionImageNegative">             <color>255,128,0,0</color>              </pref>
<pref label="DarkColorRegionShapeListPositive">         <color>255,0,0,128</color>              </pref>
<pref label="DarkColorRegionShapeListNegative">         <color>255,128,0,0</color>              </pref>
<pref label="DarkColorInstanceListVisible">             <color>255,0,0,0</color>                </pref>
<pref label="DarkColorInstanceListHidden">              <color>255,128,128,128</color>          </pref>
<pref label="DarkColorInstanceListTagHidden">           <color>255,64,64,128</color>            </pref>
<pref label="DarkColorUnitOverheadText">                <color>255,255,255,255</color>          </pref>
<pref label="DarkColorUnitNotCreated">                  <color>255,255,64,64</color>            </pref>
<pref label="DarkColorUnitInitHidden">                  <color>255,64,64,255</color>            </pref>
<pref label="DarkColorTextureUnbuildable">              <color>255,0,0,255</color>              </pref>
<pref label="DarkColorDataSourceCore">                  <color>255,128,128,128</color>          </pref>
<pref label="DarkColorDataSourceBlizzard">              <color>255,0,100,180</color>            </pref>
<pref label="DarkColorDataSourceMod">                   <color>255,160,96,0</color>             </pref>
<pref label="DarkColorDataSourceInherited">             <color>255,64,160,64</color>            </pref>
<pref label="DarkColorDataSourceOverridden">            <color>255,200,0,0</color>              </pref>
<pref label="DarkColorDataSourceActive">                <color>255,0,96,0</color>               </pref>
<pref label="DarkColorAxisVector">                      <color>255,192,192,255</color>          </pref>
<pref label="DarkColorLightVector">                     <color>255,255,255,0</color>            </pref>
<pref label="DarkColorWaterSelection">                  <color>255,0,255,0</color>              </pref>
<pref label="DarkColorSectionMergeError">               <color>255,128,0,0</color>              </pref>
<pref label="DarkColorSectionMergeSelf">                <color>255,0,128,0</color>              </pref>
<pref label="DarkColorSectionMergeIdentical">           <color>255,0,128,0</color>              </pref>
<pref label="DarkColorSectionMergeNo">                  <color>255,128,128,128</color>          </pref>
<pref label="DarkColorSectionMergeYes">                 <color>255,0,0,0</color>                </pref>
<pref label="DarkColorPaletteHintText">                 <color>255,96,96,96</color>             </pref>
<pref label="DarkColorLightingStatusUpToDate">          <color>255,0,0,0</color>                </pref>
<pref label="DarkColorLightingStatusOutOfDate">         <color>255,128,0,0</color>              </pref>
<pref label="DarkColorOverviewDefinition">              <color>255,0,0,0</color>                </pref>
<pref label="DarkColorOverviewReference">               <color>255,0,0,255</color>              </pref>
<pref label="DarkColorCutscenePropertyDefault">         <color>255,0,0,0</color>                </pref>
<pref label="DarkColorCutscenePropertyChanged">         <color>255,0,96,0</color>               </pref>
<pref label="DarkColorCutscenePropertyReadOnly">        <color>255,128,128,128</color>          </pref>
<pref label="DarkColorDependencyModifiable">            <color>255,0,0,192</color>              </pref>
    
<pref label="DarkColorDiffText">                        <color>255,192,0,0</color>              </pref>
<pref label="DarkColorDiffFileIdentical">               <color>255,0,0,0</color>                </pref>
<pref label="DarkColorDiffFileChanged">                 <color>255,0,0,192</color>              </pref>
<pref label="DarkColorDiffFileAdded">                   <color>255,0,128,0</color>              </pref>
<pref label="DarkColorDiffFileRemoved">                 <color>255,192,0,0</color>              </pref>

<pref label="DarkColorMergeStatusNoChange">             <color>255,0,0,0</color>                </pref>
<pref label="DarkColorMergeStatusAdded">                <color>255,128,0,128</color>            </pref>
<pref label="DarkColorMergeStatusRemoved">              <color>255,128,0,128</color>            </pref>
<pref label="DarkColorMergeStatusChanged1">             <color>255,128,0,128</color>            </pref>
<pref label="DarkColorMergeStatusChanged2">             <color>255,128,0,128</color>            </pref>
<pref label="DarkColorMergeStatusMerged">               <color>255,128,0,128</color>            </pref>
<pref label="DarkColorMergeStatusConflict">             <color>255,255,0,255</color>            </pref>
<pref label="DarkColorMergeStatusPending">              <color>255,128,0,255</color>            </pref>
<pref label="DarkColorMergeStatusResolved">             <color>255,0,0,128</color>              </pref>
<pref label="DarkColorMergeStatusError">                <color>255,128,0,0</color>              </pref>
    
<pref label="DarkColorMergeResolveNotAllowed">          <color>255,255,0,255</color>            </pref>
<pref label="DarkColorMergeResolveUnresolved">          <color>255,128,0,128</color>            </pref>
<pref label="DarkColorMergeResolveResolved">            <color>255,0,0,128</color>              </pref>

<pref label="DarkColorBattleNetSpaceUsed">              <color>255,0,196,255</color>    </pref>
<pref label="DarkColorBattleNetSpaceAdded">             <color>255,0,96,255</color>     </pref>
<pref label="DarkColorBattleNetSpaceRemoved">           <color>255,0,196,255</color>    </pref>
<pref label="DarkColorBattleNetSpaceExcess">            <color>255,128,0,0</color>      </pref>
<pref label="DarkColorBattleNetSpaceTick">              <color>255,0,0,0</color>        </pref>
<pref label="DarkColorBattleNetVersionOld">             <color>255,96,96,96</color>     </pref>
<pref label="DarkColorBattleNetNotOptimized">           <color>255,128,0,0</color>      </pref>
<pref label="DarkColorBattleNetMatrixCardActiveCell">   <color>255,0,96,0</color>       </pref>
<pref label="DarkColorBattleNetMatrixCardDigitButton">  <color>255,96,128,96</color>    </pref>
<pref label="DarkColorBattleNetMatrixCardDigitNumber">  <color>255,0,0,0</color>        </pref>
<pref label="DarkColorBattleNetMatrixCardDigitPressed"> <color>255,0,96,0</color>       </pref>
<pref label="DarkColorBattleNetMatrixCardDigitEntered"> <color>255,0,96,0</color>       </pref>
    
<pref label="DarkColorAttributeValueDefault">           <color>255,128,128,128</color>  </pref>
<pref label="DarkColorAttributeValueUnlocked">          <color>255,0,0,0</color>        </pref>
<pref label="DarkColorAttributeValueLocked">            <color>255,128,0,0</color>      </pref>
<pref label="DarkColorAttributeValueHidden">            <color>255,0,0,128</color>      </pref>
    
<pref label="DarkColorConversationGroup">               <color>255,0,0,0</color>        </pref>
<pref label="DarkColorConversationComment">             <color>255,0,64,0</color>       </pref>
<pref label="DarkColorConversationChoice">              <color>255,128,0,0</color>      </pref>
<pref label="DarkColorConversationLine">                <color>255,0,0,96</color>       </pref>
<pref label="DarkColorConversationRunActions">          <color>255,128,0,96</color>     </pref>
<pref label="DarkColorConversationWait">                <color>255,128,0,96</color>     </pref>
<pref label="DarkColorConversationJump">                <color>255,96,96,96</color>     </pref>
<pref label="DarkColorConversationCondition">           <color>255,128,0,128</color>    </pref>
<pref label="DarkColorConversationHighlightChanged">    <color>255,255,255,0</color>    </pref>
<pref label="DarkColorConversationHighlightAdded">      <color>255,255,128,128</color>  </pref>
<pref label="DarkColorConversationSoundNoEntry">        <color>255,96,0,0</color>       </pref>
<pref label="DarkColorConversationSoundNoFile">         <color>255,96,0,0</color>       </pref>
<pref label="DarkColorConversationSoundNoFilePH">       <color>255,96,0,0</color>       </pref>
<pref label="DarkColorConversationSoundLocalFile">      <color>255,0,0,128</color>      </pref>
<pref label="DarkColorConversationSoundTTSFile">        <color>255,128,128,0</color>    </pref>
<pref label="DarkColorConversationSoundObsolete">       <color>255,128,0,0</color>      </pref>
<pref label="DarkColorConversationSoundFinalUpdate">    <color>255,0,96,0</color>       </pref>
<pref label="DarkColorConversationSoundFinalRerecord">  <color>255,0,96,0</color>       </pref>
<pref label="DarkColorConversationSoundFinal">          <color>255,0,96,0</color>       </pref>
    
<pref label="DarkColorImportFileNormal">                <color>255,0,0,0</color>        </pref>
<pref label="DarkColorImportFileAdded">                 <color>255,0,128,0</color>      </pref>
<pref label="DarkColorImportFileRemoved">               <color>255,128,0,0</color>      </pref>
<pref label="DarkColorImportFileMoved">                 <color>255,0,0,128</color>      </pref>
<pref label="DarkColorImportFileReplaced">              <color>255,128,0,128</color>    </pref>
<pref label="DarkColorImportFileReserved">              <color>255,128,128,0</color>    </pref>

<pref label="DarkColorTriggerParamSet">         <color>255,0,0,255</color>              </pref>
<pref label="DarkColorTriggerParamSetHi">       <color>255,0,160,0</color>              </pref>
<pref label="DarkColorTriggerParamUnset">       <color>255,255,0,0</color>              </pref>
<pref label="DarkColorTriggerParamUnsetHi">     <color>255,0,160,0</color>              </pref>
<pref label="DarkColorTriggerParamPushed">      <color>255,255,0,255</color>            </pref>
<pref label="DarkColorTriggerParamDisabled">    <color>255,64,64,128</color>            </pref>
<pref label="DarkColorTriggerParamDisabledHi">  <color>255,0,160,0</color>              </pref>
<pref label="DarkColorTriggerParamTreeSet">     <color>255,0,0,255</color>              </pref>
<pref label="DarkColorTriggerParamTreeUnset">   <color>255,192,0,0</color>              </pref>
<pref label="DarkColorTriggerElementDisabled">  <color>255,192,0,0</color>              </pref>
<pref label="DarkColorTriggerElementDeprecated"><color>255,128,128,0</color>            </pref>
<pref label="DarkColorTriggerElementNotYetImp"> <color>255,220,140,0</color>            </pref>
<pref label="DarkColorTriggerElementTemplate">  <color>255,128,192,128</color>          </pref>
<pref label="DarkColorTriggerElementInternal">  <color>255,64,192,64</color>            </pref>
<pref label="DarkColorTriggerElementCut">       <color>255,128,128,192</color>          </pref>
<pref label="DarkColorTriggerElementComment">   <color>255,0,128,0</color>              </pref>
<pref label="DarkColorTriggerLibraryInclude">   <color>255,128,0,128</color>            </pref>
<pref label="DarkColorTriggerLibraryDepModify"> <color>255,0,0,192</color>              </pref>
<pref label="DarkColorTriggerInvalidResponse">  <color>255,128,128,128</color>          </pref>
<pref label="DarkColorTriggerHintText">         <color>255,96,96,96</color>             </pref>
<pref label="DarkColorTriggerExpressionParam">  <color>255,192,0,0</color>              </pref>

<pref label="DarkColorScriptBackground">        <color>0,255,255,255</color>            </pref>
<pref label="DarkColorScriptDefault">           <color>255,0,0,0</color>                </pref>
<pref label="DarkColorScriptCursor">            <color>255,0,0,0</color>                </pref>
<pref label="DarkColorScriptSelection">         <color>255,192,192,192</color>          </pref>
<pref label="DarkColorScriptPreprocess">        <color>255,128,64,0</color>             </pref>
<pref label="DarkColorScriptKeyword">           <color>255,55,55,255</color>            </pref>
<pref label="DarkColorScriptOperator">          <color>255,96,96,96</color>             </pref>
<pref label="DarkColorScriptNativeType">        <color>255,96,0,192</color>             </pref>
<pref label="DarkColorScriptNativeFunction">    <color>255,96,96,192</color>            </pref>
<pref label="DarkColorScriptComment">           <color>255,0,128,0</color>              </pref>
<pref label="DarkColorScriptString">            <color>255,128,128,128</color>          </pref>
    
<pref label="DarkColorAIWaveDef">               <color>255,0,0,0</color>                </pref>
<pref label="DarkColorAIWaveDefNoTime">         <color>255,128,128,128</color>          </pref>
<pref label="DarkColorAIWaveLink">              <color>255,0,0,128</color>              </pref>
<pref label="DarkColorAIWaveLinkNoTime">        <color>255,128,128,255</color>          </pref>
<pref label="DarkColorAIWaveRepeat">            <color>255,128,48,128</color>           </pref>
<pref label="DarkColorAIWaveComment">           <color>255,0,128,0</color>              </pref>
<pref label="DarkColorAIWaveTimeUnused">        <color>255,128,128,128</color>          </pref>
    
<pref label="DarkColorAIGraphBackground">       <color>255,0,0,0</color>                </pref>
<pref label="DarkColorAIGraphTitle">            <color>255,192,192,192</color>          </pref>
<pref label="DarkColorAIGraphSubtitle">         <color>255,160,160,160</color>          </pref>
<pref label="DarkColorAIGraphLabelX">           <color>255,192,192,192</color>          </pref>
<pref label="DarkColorAIGraphLabelY">           <color>255,192,192,192</color>          </pref>
<pref label="DarkColorAIGraphAxisX">            <color>255,192,192,192</color>          </pref>
<pref label="DarkColorAIGraphAxisY">            <color>255,192,192,192</color>          </pref>
<pref label="DarkColorAIGraphDataDefault">      <color>255,192,192,192</color>          </pref>

<pref label="DarkColorDataAttribute">           <color>255,195,190,90</color>           </pref>
<pref label="DarkColorDataAttributeValue">      <color>255,230,230,230</color>          </pref>
<pref label="DarkColorDataBackground">          <color>255,35,50,60</color>               </pref>
<pref label="DarkColorDataComment">             <color>255,140,140,140</color>          </pref>
<pref label="DarkColorDataDefault">             <color>255,80,130,205</color>           </pref>
<pref label="DarkColorDataCursor">              <color>255,230,230,230</color>          </pref>
<pref label="DarkColorDataSelection">           <color>255,95,100,115</color>           </pref>
<pref label="DarkColorDataElement">             <color>255,80,130,205</color>           </pref>
<pref label="DarkColorDataMargin">              <color>255,35,50,60</color>             </pref>

<pref label="DarkColorPathingMeshGround">               <color>255,19,176,11</color>    </pref>
<pref label="DarkColorPathingMeshGroundLine">           <color>255,82,221,62</color>    </pref>
<pref label="DarkColorPathingMeshBorderLine">           <color>255,255,255,0</color>    </pref>
<pref label="DarkColorPathingMeshBuilding">             <color>255,173,87,10</color>    </pref>
<pref label="DarkColorPathingMeshBuildingLine">         <color>255,255,163,70</color>   </pref>
<pref label="DarkColorPathingMeshClimbable">            <color>255,13,30,242</color>    </pref>
<pref label="DarkColorPathingMeshClimbableLine">        <color>255,114,106,255</color>  </pref>
<pref label="DarkColorPathingMeshUnpathable">           <color>255,113,4,4</color>      </pref>
<pref label="DarkColorPathingMeshUnpathableLine">       <color>255,225,0,0</color>      </pref>

<pref label="DarkColorFootprintGrid">                   <color>255,0,0,0</color>        </pref>
<pref label="DarkColorFootprintCenter">                 <color>255,128,128,64</color>   </pref>
<pref label="DarkColorFootprintContourNoCell">          <color>255,32,32,32</color>     </pref>
<pref label="DarkColorFootprintContourCell">            <color>255,128,128,128</color>  </pref>
<pref label="DarkColorFootprintContourInvalid">         <color>255,255,0,0</color>      </pref>
<pref label="DarkColorFootprintSelection">              <color>255,64,192,64</color>    </pref>
<pref label="DarkColorFootprintSetNone">                <color>255,0,0,0</color>        </pref>
<pref label="DarkColorFootprintSet00">                  <color>255,128,0,128</color>    </pref>
<pref label="DarkColorFootprintSet01">                  <color>255,64,64,192</color>    </pref>
<pref label="DarkColorFootprintSet02">                  <color>255,0,96,96</color>      </pref>
<pref label="DarkColorFootprintSet03">                  <color>255,128,128,0</color>    </pref>
<pref label="DarkColorFootprintGridBuilding">           <color>255,255,204,0</color>    </pref>
<pref label="DarkColorFootprintGridUnpathable">         <color>255,153,0,0</color>      </pref>
<pref label="DarkColorFootprintGridGround">             <color>255,0,153,0</color>      </pref>
<pref label="DarkColorFootprintGridCliff">              <color>255,51,51,204</color>    </pref>

<pref label="DarkColorSoundSyncPointBackground">        <color>255,0,0,0</color>        </pref>
<pref label="DarkColorSoundSyncPointTick">              <color>255,128,128,128</color>  </pref>
<pref label="DarkColorSoundSyncPointLabel">             <color>255,192,192,192</color>  </pref>
<pref label="DarkColorSoundSyncPointManual">            <color>255,0,128,192</color>    </pref>
<pref label="DarkColorSoundSyncPointManualSel">         <color>255,0,255,255</color>    </pref>
<pref label="DarkColorSoundSyncPointRange">             <color>255,0,128,0</color>      </pref>
<pref label="DarkColorSoundSyncPointRangeSel">          <color>255,0,255,0</color>      </pref>

<pref label="DarkColorGraphBackground">                 <color>255,0,0,0</color>        </pref>
<pref label="DarkColorGraphGridBorder">                 <color>255,100,100,100</color>  </pref>
<pref label="DarkColorGraphGridLine">                   <color>255,64,64,64</color>     </pref>
<pref label="DarkColorGraphPoint">                      <color>255,255,255,255</color>  </pref>
<pref label="DarkColorGraphPointSelected">              <color>255,0,255,0</color>      </pref>
<pref label="DarkColorGraphLine">                       <color>255,255,0,0</color>      </pref>
    
<pref label="DarkColorFieldTokenized">                  <color>255,255,255,200</color>  </pref>
    
<pref label="DarkColorTargetFilterAllowed">             <color>255,0,0,0</color>        </pref>
<pref label="DarkColorTargetFilterRequired">            <color>255,0,128,0</color>      </pref>
<pref label="DarkColorTargetFilterExcluded">            <color>255,192,0,0</color>      </pref>
    
<pref label="DarkColorSectionMergeAdded">               <color>255,0,0,192</color>      </pref>
<pref label="DarkColorSectionMergeChanged">             <color>255,0,0,0</color>        </pref>
<pref label="DarkColorSectionMergeRemoved">             <color>255,192,0,0</color>      </pref>
    
<pref label="DarkColorBattleNetStatusRetrieving">       <color>255,196,96,196</color>   </pref>
<pref label="DarkColorBattleNetStatusUnused">           <color>255,255,128,128</color>  </pref>
<pref label="DarkColorBattleNetStatusNotLocal">         <color>255,128,128,128</color>  </pref>
<pref label="DarkColorBattleNetStatusDownloading">      <color>255,196,96,196</color>   </pref>
<pref label="DarkColorBattleNetStatusFailure">          <color>255,128,0,0</color>      </pref>
<pref label="DarkColorBattleNetStatusComplete">         <color>255,0,0,0</color>        </pref>
<pref label="DarkColorBattleNetStatusLocked">           <color>255,128,0,128</color>    </pref>

<pref label="DarkColorBattleNetPublishStatusPending">   <color>255,128,128,255</color>  </pref>
<pref label="DarkColorBattleNetPublishStatusUploading"> <color>255,196,96,196</color>   </pref>
<pref label="DarkColorBattleNetPublishStatusFailure">   <color>255,128,0,0</color>      </pref>
<pref label="DarkColorBattleNetPublishStatusComplete">  <color>255,0,0,0</color>        </pref>
    
<pref label="DarkColorBattleNetPublishVerifySuccess">   <color>255,0,128,0</color>      </pref>
<pref label="DarkColorBattleNetPublishVerifyFailure">   <color>255,128,0,0</color>      </pref>

<pref label="DarkColorDataNavBG">                       <color>255,68,68,68</color>     </pref>
<pref label="DarkColorDataNavObjectNodeBG">             <color>255,187,187,187</color>  </pref>
<pref label="DarkColorDataNavObjectNodeBorder">         <color>255,0,0,0</color>        </pref>
<pref label="DarkColorDataNavObjectNodeBorderSelected"> <color>255,255,255,255</color>  </pref>
<pref label="DarkColorDataNavObjectNodeBorderEdgeSelected"><color>255,255,255,204</color>  </pref>
<pref label="DarkColorDataNavTextColor">                <color>255,0,0,0</color>        </pref>
<pref label="DarkColorDataNavTitleGame">                <color>255,146,208,80</color>   </pref>
<pref label="DarkColorDataNavTitleCampaign">            <color>255,255,34,34</color>    </pref>
<pref label="DarkColorDataNavTitleActor">               <color>255,255,192,0</color>    </pref>
<pref label="DarkColorDataNavTitleArtSound">            <color>255,64,176,251</color>   </pref>
<pref label="DarkColorDataNavTitleTerrain">             <color>255,187,119,0</color>    </pref>
<pref label="DarkColorDataNavTitleAdvanced">            <color>255,216,100,255</color>  </pref>
<pref label="DarkColorDataNavFieldNodeBG">              <color>255,153,153,153</color>  </pref>
<pref label="DarkColorDataNavFieldNodeBorder">          <color>255,0,0,0</color>        </pref>
<pref label="DarkColorDataNavFieldNodeBorderSelected">  <color>255,255,255,255</color>  </pref>
<pref label="DarkColorDataNavFieldNodeBorderEdgeSelected"><color>255,255,255,205</color>  </pref>
<pref label="DarkColorDataNavEdgeColor">                <color>255,0,0,0</color>        </pref>
<pref label="DarkColorDataNavSrcSelectedEdgeColor">     <color>255,255,255,255</color>  </pref>
<pref label="DarkColorDataNavDstSelectedEdgeColor">     <color>255,255,255,204</color>  </pref>
    
<pref label="DarkColorWizardWarning">                   <color>255,0,128,0</color>      </pref>
<pref label="DarkColorWizardUnconfirmed">               <color>255,192,128,0</color>    </pref>
<pref label="DarkColorWizardConfirmed">                 <color>255,0,0,128</color>      </pref>
<pref label="DarkColorWizardError">                     <color>255,128,0,0</color>      </pref>

<pref label="DarkColorObjectMoveOpNone">                <color>255,128,128,128</color>  </pref>
<pref label="DarkColorObjectMoveOpSpaceMove">           <color>255,0,128,0</color>      </pref>
<pref label="DarkColorObjectMoveOpSourceMove">          <color>255,0,128,0</color>      </pref>
<pref label="DarkColorObjectMoveOpSourceMerge">         <color>255,0,128,128</color>    </pref>
<pref label="DarkColorObjectMoveOpSourceOverride">      <color>255,0,0,128</color>      </pref>
<pref label="DarkColorObjectMoveOpNotAllowed">          <color>255,255,64,64</color>    </pref>

<!-- Font Preferences -->
<Windows>
<pref label="FontTriggerScriptCode">                <font>Courier New,10</font>             </pref>
<pref label="FontTriggerGrammarText">               <font>Microsoft Sans Serif,16</font>    </pref>
<pref label="FontHyperlinkLarge">                   <font>Microsoft Sans Serif,16</font>    </pref>
<pref label="FontTipWindow">                        <font>Microsoft Sans Serif,12</font>    </pref>
<pref label="FontObjectEditorXML">                  <font>Courier New,10</font>             </pref>
<pref label="FontConversationTree">                 <font>Microsoft Sans Serif,8</font>     </pref>
<pref label="FontConversationEdit">                 <font>Microsoft Sans Serif,8</font>     </pref>
<pref label="FontGameTextEdit">                     <font>Microsoft Sans Serif,8</font>     </pref>
<pref label="FontHintView">                         <font>Microsoft Sans Serif,12</font>    </pref>
</Windows>
<MacOSX>
<pref label="FontTriggerScriptCode">                <font>Monaco,10</font>              </pref>
<pref label="FontTriggerGrammarText">               <font>Helvetica,16</font>           </pref>
<pref label="FontHyperlinkLarge">                   <font>Helvetica,16</font>           </pref>
<pref label="FontTipWindow">                        <font>Helvetica,12</font>           </pref>
<pref label="FontObjectEditorXML">                  <font>Monaco,10</font>              </pref>
<pref label="FontConversationTree">                 <font>Helvetica,8</font>            </pref>
<pref label="FontConversationEdit">                 <font>Helvetica,8</font>            </pref>
<pref label="FontGameTextEdit">                     <font>Helvetica,8</font>            </pref>
<pref label="FontHintView">                         <font>Helvetica,12</font>           </pref>
</MacOSX>

<!-- Sound Preferences -->
<pref label="SoundVolumeMaster">                    <value>100</value>                  </pref>
<pref label="SoundVolumeEditor">                    <value>50</value>                   </pref>

<pref label="SoundAboutDialog">                     <text>Assets/Sounds/Protoss/Probe/Probe_Ready0.ogg</text>                                   </pref>
<pref label="SoundTriggerCompileSuccess">           <text>Assets/Sounds/Uni/UI/UI_RescueUnit.wav</text>                                         </pref>
<pref label="SoundTriggerCompileFailure">           <text>Assets/Sounds/Uni/UI/UI_Warning.wav</text>                                            </pref>
<pref label="SoundUndo">                            <text>Assets/Sounds/Terran/Medivac/Medivac_HealStart.wav</text>                             </pref>
<pref label="SoundRedo">                            <text>Assets/Sounds/Uni/UI/UI_Transmission.wav</text>                                       </pref>
<pref label="SoundPlacementSuccess">                <text>Assets/Sounds/Terran/SharedEffects/Construction/Terran_BuildingPlacement0.wav</text>  </pref>
<pref label="SoundPlacementFailure">                <text>Assets/Sounds/Uni/UI/UI_Error.wav</text>                                              </pref>
<pref label="SoundPlacementDelete">                 <text>Assets/Sounds/Terran/SharedEffects/Explosions/Terran_ExplosionSmall2.wav</text>       </pref>
<pref label="SoundPublishSuccess">                  <text>Assets/Sounds/Uni/UI/UI_RescueUnit.wav</text>                                         </pref>
<pref label="SoundPublishFailure">                  <text>Assets/Sounds/Uni/UI/UI_Warning.wav</text>                                            </pref>

<!-- Camera Preferences -->
<pref label="CameraInvertMouse">            <flag>false</flag>                      </pref>
<pref label="CameraSpeedTranslateMouse">    <value>100</value>                      </pref>
<pref label="CameraSpeedTranslateKey">      <value>100</value>                      </pref>
<pref label="CameraSpeedRotateMouse">       <value>100</value>                      </pref>
<pref label="CameraSpeedRotateKey">         <value>100</value>                      </pref>
<pref label="CameraAutoScroll">             <flag>true</flag>                       </pref>
<pref label="CameraAutoScrollSpeed">        <value>100</value>                      </pref>
<pref label="SelectionAutoScroll">          <flag>true</flag>                       </pref>
<pref label="SelectionAutoScrollSpeed">     <value>100</value>                      </pref>

<!-- Tablet Preferences -->
<pref label="TabletHeight">                 <flag>true</flag>                       </pref>
<pref label="TabletHeightSens">             <value>50</value>                       </pref>
<pref label="TabletTexture">                <flag>true</flag>                       </pref>
<pref label="TabletTextureSense">           <value>50</value>                       </pref>
<pref label="TabletSize">                   <flag>false</flag>                      </pref>
<pref label="TabletSizeSens">               <value>50</value>                       </pref>

<!-- Text Preferences -->
<pref label="TextWhitespace">               <value>0</value>                        </pref>
<pref label="TextLineNumber">               <flag>true</flag>                       </pref>
    
<!-- Video Preferences -->
<pref label="VideoMatchGame">               <flag>true</flag>                       </pref>
    
<!-- Wizard Preferences -->
<pref label="WizardUserDirEnabled">         <flag>true</flag>                       </pref>

<!-- Preferences not modified in the prefs dialog -->
<pref label="ObjectEditorView">                     <flag>0</flag>                  </pref>
<pref label="ObjectEditorShowExplorer">             <flag>true</flag>               </pref>
<pref label="ObjectEditorDisplayRawData">           <flag>false</flag>              </pref>
<pref label="ObjectEditorSortBySource">             <flag>true</flag>               </pref>
<pref label="ObjectEditorShowBasicLabel">           <flag>true</flag>               </pref>
<pref label="ObjectEditorShowFieldTypeNames">       <flag>true</flag>               </pref>
<pref label="ObjectEditorShowStructures">           <flag>true</flag>               </pref>
<pref label="ObjectEditorShowFieldDiff">            <flag>false</flag>              </pref>
<pref label="ObjectEditorSyntaxHighlight">          <flag>false</flag>              </pref>
<pref label="ObjectEditorAssetShowFilePreview">     <flag>true</flag>               </pref>
<pref label="ObjectEditorUnitButtonPaletteSortByName"><flag>true</flag>             </pref>
<pref label="ObjectEditorFootprintSnap">            <value>2</value>                </pref>
<pref label="ObjectEditorConversationColorMode">    <value>1</value>                </pref>

<pref label="ArchiveBrowserViewType">       <value>1</value>                        </pref>
  
<pref label="DataNavShowTypeGame">          <flag>true</flag>                        </pref>
<pref label="DataNavShowTypeCampaign">      <flag>true</flag>                        </pref>
<pref label="DataNavShowTypeActor">         <flag>true</flag>                        </pref>
<pref label="DataNavShowTypeArtSound">      <flag>true</flag>                        </pref>
<pref label="DataNavShowTypeTerrain">       <flag>true</flag>                        </pref>
<pref label="DataNavShowTypeAdvanced">      <flag>true</flag>                        </pref>

<pref label="TerrainUIPanelShow">           <flag>true</flag>                       </pref>
<pref label="TerrainMinimapShow">           <flag>true</flag>                       </pref>
<pref label="TerrainMinimapShowTarget">     <flag>true</flag>                       </pref>
<pref label="TerrainMinimapShowViewBox">    <flag>true</flag>                       </pref>
<pref label="TerrainPaletteShow">           <flag>true</flag>                       </pref>
<pref label="TerrainPaletteShowHintText">   <flag>true</flag>                       </pref>
<pref label="TerrainSectionNamesShow">      <flag>false</flag>                      </pref>
<pref label="TerrainRenderStatsShow">       <flag>false</flag>                      </pref>
<pref label="TerrainScrollBarsShow">        <flag>true</flag>                       </pref>
<pref label="TerrainShowPower">             <flag>true</flag>                       </pref>
<pref label="TerrainPaletteUnitViewType">   <value>0</value>                        </pref>
<pref label="TerrainPaletteUnitSortByName"> <flag>false</flag>                      </pref>
<pref label="TerrainPaletteDoodadViewType"> <value>1</value>                        </pref>
<pref label="TerrainPaletteTerrainViewType"><value>0</value>                        </pref>
<pref label="TerrainLockActiveVisible">     <flag>true</flag>                       </pref>
<pref label="TerrainActiveLayer">           <value>0</value>                        </pref>
<pref label="TerrainLayersVisible">         <value>-1</value>                       </pref>
<pref label="TerrainSelectFrom">            <value>0</value>                        </pref>
<pref label="TerrainSelectFromSpecific">    <value>0</value>                        </pref>
<pref label="TerrainSnapToGrid">            <flag>false</flag>                      </pref>
<pref label="TerrainSelectDiagonal">        <flag>false</flag>                      </pref>
<pref label="TerrainGroupSelection">        <flag>true</flag>                       </pref>
<pref label="TerrainSymmetryEnabled">       <flag>true</flag>                       </pref>
<pref label="TerrainBrushAllowCliffMerge">  <flag>true</flag>                       </pref>
<pref label="TerrainBrushAllowLightMerge">  <flag>true</flag>                       </pref>
<pref label="TerrainBrushSameCliffLevels">  <flag>false</flag>                      </pref>
<pref label="TerrainCameraAutoPreview">     <flag>false</flag>                      </pref>
<pref label="TerrainShowSelectionHighlight"><flag>true</flag>                       </pref>
    
<pref label="TerrainManipulatorSpaceTranslate"> <value>0</value>                    </pref>
<pref label="TerrainManipulatorSpaceRotate">    <value>0</value>                    </pref>
<pref label="TerrainManipulatorSpaceScale">     <value>1</value>                    </pref>
    
<pref label="TerrainCopyOptionTextures">    <flag>true</flag>                       </pref>
<pref label="TerrainCopyOptionGeometry">    <flag>true</flag>                       </pref>
<pref label="TerrainCopyOptionWater">       <flag>true</flag>                       </pref>
<pref label="TerrainCopyOptionPathing">     <flag>true</flag>                       </pref>
<pref label="TerrainCopyOptionCreep">       <flag>true</flag>                       </pref>
<pref label="TerrainCopyOptionVision">      <flag>true</flag>                       </pref>
<pref label="TerrainCopyOptionCustom">      <flag>true</flag>                       </pref>

<pref label="SelectionLegacyDragToggle">    <flag>true</flag>                       </pref>

<pref label="OverviewShowTypes">            <flag>true</flag>                       </pref>
<pref label="OverviewShowSubtypeFolders">   <flag>true</flag>                       </pref>
<pref label="OverviewShowUsesFolders">      <flag>false</flag>                      </pref>
<pref label="OverviewShowGlobalsOnly">      <flag>true</flag>                       </pref>
<pref label="OverviewRefreshAuto">          <flag>true</flag>                       </pref>
    
<pref label="PlayerPropsShowTerrain">       <flag>true</flag>                       </pref>
<pref label="PlayerPropsShowObjects">       <flag>false</flag>                      </pref>

<pref label="TextPreviewFontSize">          <value>16</value>                       </pref>
<pref label="TextShowTextEntry">            <flag>true</flag>                       </pref>
<pref label="TextShowTextControls">         <flag>true</flag>                       </pref>
<pref label="TextShowTextPreview">          <flag>true</flag>                       </pref>

<pref label="TriggerShowListPanel">         <flag>true</flag>                       </pref>
<pref label="TriggerShowLibrary">           <flag>false</flag>                      </pref>
<pref label="TriggerShowTriggers">          <flag>true</flag>                       </pref>
<pref label="TriggerShowExplorer">          <flag>false</flag>                      </pref>
<pref label="TriggerShowGroups">            <value>0</value>                        </pref>
<pref label="TriggerViewCreateTabs">        <flag>true</flag>                       </pref>
<pref label="TriggerViewInGroup01">         <flag>false</flag>                      </pref>
<pref label="TriggerViewInGroup02">         <flag>true</flag>                       </pref>
<pref label="TriggerViewInGroup03">         <flag>true</flag>                       </pref>
<pref label="TriggerTrackInGroup01">        <flag>true</flag>                       </pref>
<pref label="TriggerTrackInGroup02">        <flag>false</flag>                      </pref>
<pref label="TriggerTrackInGroup03">        <flag>false</flag>                      </pref>
<pref label="TriggerDisplayRawData">        <flag>false</flag>                      </pref>
<pref label="TriggerUseSubviews">           <flag>true</flag>                       </pref>
<pref label="TriggerUseGlobalDialog">       <flag>false</flag>                      </pref>
<pref label="TriggerLibOnBottom">           <flag>false</flag>                      </pref>
<pref label="TriggerAutoViewNew">           <flag>false</flag>                      </pref>
<pref label="TriggerShowTypes">             <flag>true</flag>                       </pref>
<pref label="TriggerShowSectionNames">      <flag>false</flag>                      </pref>
<pref label="TriggerParamView">             <value>2</value>                        </pref>
<pref label="TriggerSoundLinkCategory">     <value>0</value>                        </pref>
<pref label="TriggerScriptSyntaxHighlight"> <flag>false</flag>                      </pref>

<pref label="PreviewerCameraControls">      <value>0</value>                        </pref>
<pref label="PreviewerTimelineFormat">      <value>0</value>                        </pref>
    
<pref label="PreviewerStatusSceneTime">     <flag>true</flag>                       </pref>
<pref label="PreviewerStatusCamera">        <flag>true</flag>                       </pref>
<pref label="PreviewerStatusCameraControls"><flag>false</flag>                      </pref>
<pref label="PreviewerStatusGizmo">         <flag>true</flag>                       </pref>
<pref label="PreviewerStatusMotion">        <flag>false</flag>                      </pref>
<pref label="PreviewerStatusShaderMode">    <flag>false</flag>                      </pref>
<pref label="PreviewerStatusLighting">      <flag>false</flag>                      </pref>
<pref label="PreviewerStatusShadows">       <flag>false</flag>                      </pref>
<pref label="PreviewerStatusFPS">           <flag>true</flag>                       </pref>
<pref label="PreviewerStatusBatches">       <flag>false</flag>                      </pref>
<pref label="PreviewerStatusVertices">      <flag>true</flag>                       </pref>
<pref label="PreviewerStatusPrimitives">    <flag>true</flag>                       </pref>
<pref label="PreviewerStatusTexturesSize">  <flag>false</flag>                      </pref>
<pref label="PreviewerStatusAnimSpeed">     <flag>true</flag>                       </pref>
<pref label="PreviewerImportTerrain">       <flag>true</flag>                       </pref>
<pref label="PreviewerImportFoliage">       <flag>true</flag>                       </pref>
<pref label="PreviewerImportPlacedObjects"> <flag>true</flag>                       </pref>
<pref label="PreviewMovementGridSnapAmount"><flag>0.5f</flag>                       </pref>
<pref label="PreviewRotationGridSnapAmount"><flag>0.0f</flag>                       </pref>
<pref label="PreviewSnapXAxis">             <flag>false</flag>                       </pref>
<pref label="PreviewSnapYAxis">             <flag>false</flag>                       </pref>
<pref label="PreviewSnapZAxis">             <flag>false</flag>                       </pref>

<pref label="RecordLockAspect">             <flag>true</flag>                       </pref>
<pref label="RecordResize">                 <flag>false</flag>                      </pref>
  
<pref label="PreviewAutoReload">                <flag>false</flag>                  </pref>
<pref label="PreviewAutoCycleAnims">            <flag>false</flag>                  </pref>
<pref label="PreviewGroupAnim">                 <flag>false</flag>                  </pref>
<pref label="PreviewLoopAnims">                 <value>0</value>                    </pref>
<pref label="PreviewAlternateControlsAlone">    <flag>true</flag>                   </pref>
<pref label="PreviewAlternateControlsEditor">   <flag>false</flag>                  </pref>
<pref label="PreviewAlwaysOnTop">               <flag>false</flag>                  </pref>
<pref label="PreviewCameraMode">                <value>0</value>                    </pref>
<pref label="PreviewShowGround">                <value>2</value>                    </pref>
<pref label="PreviewShowGeoHitTest">            <value>0</value>                    </pref>
<pref label="PreviewShowGeoPhysics">            <flag>false</flag>                  </pref>
<pref label="PreviewShowGeoWalkable">           <flag>false</flag>                  </pref>
<pref label="PreviewPhysicsQuality">            <value>1</value>                    </pref>
<pref label="PreviewShowStats">                 <flag>false</flag>                  </pref>
<pref label="PreviewShowShadows">               <flag>true</flag>                   </pref>
<pref label="PreviewShowSelectionHighlight">    <flag>true</flag>                   </pref>
<pref label="PreviewLighting">                  <flag>false</flag>                  </pref>
<pref label="PreviewTimeOfDay">                 <value>2</value>                    </pref>
<pref label="PreviewSpeed">                     <value>2</value>                    </pref>
<pref label="PreviewSpeedFactor">               <real>1</real>                      </pref>
<pref label="PreviewShaderMode">                <value>0</value>                    </pref>
<pref label="PreviewGroundTexture">             <text>BelShirDirtLight</text>       </pref>
<pref label="PreviewGameLight">                 <text>BelShir</text>                </pref>
<pref label="PreviewAspectRatio">               <value>0</value>                    </pref>
<pref label="PreviewMaxWidth">                  <value>0</value>                    </pref>
<pref label="PreviewStayInRange">               <flag>false</flag>                  </pref>
<pref label="PreviewQuickLaunchText">           <text></text>                       </pref>
    
<pref label="PreviewManipulatorSpaceTranslate"> <value>0</value>                    </pref>
<pref label="PreviewManipulatorSpaceRotate">    <value>0</value>                    </pref>
<pref label="PreviewManipulatorSpaceScale">     <value>1</value>                    </pref>
  
<pref label="PreviewFilterBasic">               <flag>true</flag>                   </pref>
<pref label="PreviewFilterSequences">           <flag>true</flag>                   </pref>
<pref label="PreviewFilterGeometry">            <flag>true</flag>                   </pref>
<pref label="PreviewFilterMaterials">           <flag>true</flag>                   </pref>
<pref label="PreviewFilterAttachments">         <flag>true</flag>                   </pref>
<pref label="PreviewFilterBones">               <flag>false</flag>                  </pref>
<pref label="PreviewFilterAnimSets">            <flag>false</flag>                  </pref>
<pref label="PreviewFilterLights">              <flag>true</flag>                   </pref>
<pref label="PreviewFilterCameras">             <flag>true</flag>                   </pref>
<pref label="PreviewFilterPhysicsBodies">       <flag>false</flag>                  </pref>
    
<pref label="PreviewStatusCameraMode">          <flag>true</flag>                   </pref>
<pref label="PreviewStatusCameraDistance">      <flag>true</flag>                   </pref>
<pref label="PreviewStatusCameraRotation">      <flag>true</flag>                   </pref>
<pref label="PreviewStatusCameraHeight">        <flag>false</flag>                  </pref>
<pref label="PreviewStatusModelPosition">       <flag>false</flag>                  </pref>
<pref label="PreviewStatusModelRotation">       <flag>false</flag>                  </pref>
<pref label="PreviewStatusMotion">              <flag>false</flag>                  </pref>
<pref label="PreviewStatusShaderMode">          <flag>true</flag>                   </pref>
<pref label="PreviewStatusLighting">            <flag>true</flag>                   </pref>
<pref label="PreviewStatusShadows">             <flag>false</flag>                  </pref>
<pref label="PreviewStatusGeometry">            <flag>false</flag>                  </pref>
<pref label="PreviewStatusAnimSpeed">           <flag>true</flag>                   </pref>
<pref label="PreviewStatusAnimTime">            <flag>true</flag>                   </pref>

<pref label="LightingWindowPreviewTerrain">     <flag>true</flag>                   </pref>
<pref label="LightingWindowPreviewModel">       <flag>true</flag>                   </pref>
<pref label="LightingWindowPreviewTestDoc">     <flag>false</flag>                  </pref>
    
<pref label="ArchiveBrowserCheckExternal">      <flag>true</flag>                   </pref>
<pref label="TipShowOnStart">                   <flag>true</flag>                   </pref>
<pref label="CommandProfile">                   <text>Modern</text>                 </pref>
    
<pref label="UIEditorViewFrame">                <value>0</value>                    </pref>
<pref label="UIEditorSyntaxHighlight">          <flag>false</flag>                  </pref>
<pref label="UIEditorLastSelectedLayout">       <text></text>                       </pref>
<pref label="UIEditorLastSelectedFrame">        <text></text>                       </pref>

</EditorPreferences>
