<?xml version="1.0" encoding="us-ascii"?>
<Catalog>
    <SSoundData>
        <ThresholdFadeTime value="500"/>
        <AlertFadeTimeOut value="250"/>
        <AlertFadeTimeIn value="2000"/>
        <DupeFadeIn Volume="-96.000000"/>
        <DupeFadeIn Time="250"/>
        <DupeFadeOut/>
        <DupeFadeOut Time="250" Volume="-96.000000"/>
        <FogFadeIn Volume="-96.000000"/>
        <FogFadeIn Time="250"/>
        <FogFadeOut/>
        <FogFadeOut Time="250" Volume="-96.000000"/>
        <MuteFadeIn Volume="-96.000000"/>
        <MuteFadeIn Time="250"/>
        <MuteFadeOut/>
        <MuteFadeOut Time="250" Volume="-96.000000"/>
        <VolumeRolloffFadeIn Volume="-96.000000"/>
        <VolumeRolloffFadeIn Time="100"/>
        <VolumeRolloffFadeOut/>
        <VolumeRolloffFadeOut Time="100" Volume="-96.000000"/>
        <VolumeRolloffPoints Distance="10.000000"/>
        <VolumeRolloffPoints Distance="30.000000" Volume="-96.000000"/>
    </SSoundData>
    <!--<VolumeBaseline value="-6.000000"/>-->
    <CGameUI default="1"/>
    <CGameUI id="CoreDflt">
        <SoundQuality>
            <AutoDetectCPUCoreMaximum value="1"/>
            <Channels value="16"/>
            <Name value="UI/Low"/>
            <Format value="PCM16"/>
            <SampleRate value="22050"/>
            <SpeakerMode value="Stereo"/>
            <VariationMaximum index="Other" value="3"/>
            <VariationMaximum index="Ambient" value="3"/>
            <VariationMaximum index="Death" value="3"/>
            <VariationMaximum index="Spell" value="3"/>
            <VariationMaximum index="Combat" value="3"/>
            <VariationMaximum index="UI" value="3"/>
            <VariationMaximum index="Flames" value="3"/>
            <VariationMaximum index="Build" value="3"/>
            <VariationMaximum index="Gather" value="3"/>
            <VariationMaximum index="Doodad" value="3"/>
            <VariationMaximum index="Movement" value="3"/>
        </SoundQuality>
        <SoundQuality>
            <AutoDetectCPUCoreMaximum value="2"/>
            <Channels value="32"/>
            <Name value="UI/Medium"/>
            <Format value="PCM16"/>
            <Resampler value="Linear"/>
            <SampleRate value="44100"/>
            <Flags index="Herds" value="1"/>
            <VariationMaximum index="Other" value="6"/>
            <VariationMaximum index="Ambient" value="6"/>
            <VariationMaximum index="Death" value="6"/>
            <VariationMaximum index="Spell" value="6"/>
            <VariationMaximum index="Combat" value="6"/>
            <VariationMaximum index="UI" value="6"/>
            <VariationMaximum index="Flames" value="6"/>
            <VariationMaximum index="Build" value="6"/>
            <VariationMaximum index="Gather" value="6"/>
            <VariationMaximum index="Doodad" value="6"/>
            <VariationMaximum index="Movement" value="6"/>
        </SoundQuality>
        <SoundQuality>
            <Channels value="64"/>
            <Name value="UI/High"/>
            <Format value="PCM16"/>
            <Resampler value="Linear"/>
            <SampleRate value="44100"/>
            <Flags index="Herds" value="1"/>
        </SoundQuality>
        <RegionNameSize value="28"/>
        <SelectionData>
            <SelectionWidth value="0.030000"/>
            <SelectionFallOff value="0.030000"/>
            <SelectionAlpha value="1.000000,1.000000,1.000000"/>
            <SelectionTiming value="0.000000,340282346638528859811704183484516925440.000000,0.000000"/>
            <SelectionSegmentCount value="1"/>
            <SelectionSegmentPercentSolid value="1.000000"/>
            <SelectionInnerOffsetRatio value="0.140000"/>
            <SelectionInnerBoundaryRatio value="0.860000"/>
            <SelectionInnerBoundaryFallOffRatio value="0.400000"/>
            <PreselectionWidth value="0.030000"/>
            <PreselectionFallOff value="0.030000"/>
            <PreselectionAlpha value="0.750000,0.750000,0.750000"/>
            <PreselectionTiming value="0.000000,340282346638528859811704183484516925440.000000,0.000000"/>
            <PreselectionSegmentCount value="8"/>
            <PreselectionSegmentPercentSolid value="0.800000"/>
            <PreselectionRotationSpeed value="0.500000"/>
        </SelectionData>
        <SoundData index="ME" MixerPriority="5" Volume="-0.500000" MuteControl="Sound"/>
        <SoundData index="Movie" MixerPriority="10" MuteControl="Sound">
            <MuteFadeOut index="1" Time="2000"/>
            <VolumeRolloffPoints index="0" Distance="100.000000"/>
            <VolumeRolloffPoints index="1" Distance="1000.000000"/>
        </SoundData>
        <SoundData index="TV" MixerPriority="15" Volume="-2.000000" MuteControl="Sound">
            <VolumeRolloffPoints index="0" Distance="100.000000"/>
            <VolumeRolloffPoints index="1" Distance="1000.000000"/>
        </SoundData>
        <SoundData index="Dialogue">
            <MixerPriority value="20"/>
            <Volume value="-2.000000"/>
            <MuteControl value="SoundVoices"/>
            <VolumeControl value="SoundVoices"/>
            <VolumeRolloffPoints index="0" Distance="1.000000"/>
            <VolumeRolloffPoints index="1" Distance="100.000000"/>
        </SoundData>
        <SoundData index="Mission">
            <MixerPriority value="25"/>
            <Volume value="-2.000000"/>
            <MuteControl value="SoundVoices"/>
            <VolumeControl value="SoundVoices"/>
            <VolumeRolloffPoints index="0" Distance="100.000000"/>
            <VolumeRolloffPoints index="1" Distance="1000.000000"/>
        </SoundData>
        <SoundData index="Music">
            <MixerPriority value="30"/>
            <Volume value="-3.000000"/>
            <MuteControl value="Music"/>
            <VolumeControl value="Music"/>
            <DupeFadeOut index="1" Time="2000"/>
            <MuteFadeOut index="1" Time="100"/>
        </SoundData>
        <SoundData index="Other" MixerPriority="35" Volume="-2.000000" MuteControl="Sound"/>
        <SoundData index="Ambient">
            <MixerPriority value="40"/>
            <Volume value="-2.000000"/>
            <AlertFadeVolume value="-32.000000,-6.000000"/>
            <MuteControl value="SoundAmbience"/>
            <VolumeControl value="SoundAmbience"/>
        </SoundData>
        <SoundData index="SAmbient">
            <MixerPriority value="45"/>
            <Volume value="-2.000000"/>
            <AlertFadeVolume value="-32.000000,-6.000000"/>
            <MuteControl value="SoundAmbience"/>
            <VolumeControl value="SoundAmbience"/>
        </SoundData>
        <SoundData index="Alert">
            <MixerPriority value="50"/>
            <Volume value="-2.000000"/>
            <MuteControl value="Sound"/>
            <VolumeControl value="SoundVoices"/>
            <VolumeRolloffPoints index="0" Distance="100.000000"/>
            <VolumeRolloffPoints index="1" Distance="1000.000000"/>
        </SoundData>
        <SoundData index="Death">
            <MixerPriority value="55"/>
            <Volume value="-2.000000"/>
            <MuteControl value="SoundEffects"/>
            <VolumeControl value="SoundEffects"/>
        </SoundData>
        <SoundData index="Ready">
            <MixerPriority value="60"/>
            <Volume value="-2.000000"/>
            <MuteControl value="SoundVoices"/>
            <VolumeControl value="SoundVoices"/>
            <VolumeRolloffPoints index="0" Distance="100.000000"/>
            <VolumeRolloffPoints index="1" Distance="1000.000000"/>
        </SoundData>
        <SoundData index="Spell">
            <MixerPriority value="65"/>
            <Volume value="-2.000000"/>
            <AlertFadeVolume value="-32.000000,-6.000000"/>
            <MuteControl value="SoundEffects"/>
            <VolumeControl value="SoundEffects"/>
        </SoundData>
        <SoundData index="SpellOneshotImpact" MuteControl="SoundEffects" VolumeControl="SoundEffects"/>
        <SoundData index="SpellOneshotLaunch" MuteControl="SoundEffects" VolumeControl="SoundEffects"/>
        <SoundData index="Combat">
            <MixerPriority value="70"/>
            <Volume value="-2.000000"/>
            <AlertFadeVolume value="-32.000000,-6.000000"/>
            <MuteControl value="SoundEffects"/>
            <VolumeControl value="SoundEffects"/>
            <ThresholdPoints Count="20"/>
            <ThresholdPoints Count="50" Volume="-6.020000"/>
        </SoundData>
        <SoundData index="Voice">
            <MixerPriority value="75"/>
            <Volume value="-2.000000"/>
            <AlertFadeVolume value="-32.000000,-6.000000"/>
            <MuteControl value="SoundVoices"/>
            <VolumeControl value="SoundVoices"/>
            <VolumeRolloffPoints index="0" Distance="100.000000"/>
            <VolumeRolloffPoints index="1" Distance="1000.000000"/>
        </SoundData>
        <SoundData index="Message" MixerPriority="80" Volume="-2.000000" MuteControl="Sound"/>
        <SoundData index="UI">
            <MixerPriority value="85"/>
            <Volume value="-2.000000"/>
            <MuteControl value="SoundUI"/>
            <VolumeControl value="SoundUI"/>
        </SoundData>
        <SoundData index="UIMovie" MixerPriority="90" MuteControl="Sound">
            <MuteFadeOut index="1" Time="2000"/>
            <VolumeRolloffPoints index="0" Distance="100.000000"/>
            <VolumeRolloffPoints index="1" Distance="1000.000000"/>
        </SoundData>
        <SoundData index="Flames">
            <MixerPriority value="95"/>
            <Volume value="-2.000000"/>
            <AlertFadeVolume value="-32.000000,-6.000000"/>
            <MuteControl value="SoundEffects"/>
            <VolumeControl value="SoundEffects"/>
        </SoundData>
        <SoundData index="Build">
            <MixerPriority value="100"/>
            <Volume value="-2.000000"/>
            <AlertFadeVolume value="-32.000000,-6.000000"/>
            <MuteControl value="SoundEffects"/>
            <VolumeControl value="SoundEffects"/>
        </SoundData>
        <SoundData index="Gather">
            <MixerPriority value="105"/>
            <Volume value="-2.000000"/>
            <AlertFadeVolume value="-32.000000,-6.000000"/>
            <MuteControl value="SoundEffects"/>
            <VolumeControl value="SoundEffects"/>
        </SoundData>
        <SoundData index="Doodad">
            <MixerPriority value="110"/>
            <Volume value="-3.000000"/>
            <AlertFadeVolume value="-32.000000,-6.000000"/>
            <MuteControl value="SoundAmbience"/>
            <VolumeControl value="SoundAmbience"/>
            <VolumeRolloffPoints index="0" Distance="5.000000"/>
            <VolumeRolloffPoints index="1" Distance="20.000000"/>
        </SoundData>
        <SoundData index="SEmitters">
            <MixerPriority value="115"/>
            <Volume value="-2.000000"/>
            <MuteControl value="SoundAmbience"/>
            <VolumeControl value="SoundAmbience"/>
        </SoundData>
        <SoundData index="SPieces">
            <MixerPriority value="120"/>
            <Volume value="-2.000000"/>
            <MuteControl value="SoundAmbience"/>
            <VolumeControl value="SoundAmbience"/>
            <VolumeRolloffPoints index="1" Distance="100.000000"/>
        </SoundData>
        <SoundData index="Foley">
            <MixerPriority value="125"/>
            <Volume value="-2.000000"/>
            <MuteControl value="SoundAmbience"/>
            <VolumeControl value="SoundAmbience"/>
            <VolumeRolloffPoints index="0" Distance="1.000000"/>
            <VolumeRolloffPoints index="1" Distance="15.000000"/>
        </SoundData>
        <SoundData index="Movement">
            <MixerPriority value="130"/>
            <Volume value="-2.000000"/>
            <AlertFadeVolume value="-32.000000,-6.000000"/>
            <MuteControl value="SoundMovement"/>
            <VolumeControl value="SoundEffects"/>
        </SoundData>
        <SoundData index="User1" MuteControl="SoundEffects" VolumeControl="SoundEffects"/>
        <SoundData index="User2" MuteControl="SoundEffects" VolumeControl="SoundEffects"/>
        <SoundData index="User3" MuteControl="SoundEffects" VolumeControl="SoundEffects"/>
        <SoundData index="User4" MuteControl="SoundEffects" VolumeControl="SoundEffects"/>
        <SoundData index="User5" MuteControl="SoundEffects" VolumeControl="SoundEffects"/>
        <SoundData index="User6" MuteControl="SoundEffects" VolumeControl="SoundEffects"/>
        <SoundData index="User7" MuteControl="SoundEffects" VolumeControl="SoundEffects"/>
        <SoundData index="User8" MuteControl="SoundEffects" VolumeControl="SoundEffects"/>
        <SoundData index="User9" MuteControl="SoundEffects" VolumeControl="SoundEffects"/>
        <SoundData index="User10" MuteControl="SoundEffects" VolumeControl="SoundEffects"/>
        <SoundData index="User11" MuteControl="SoundEffects" VolumeControl="SoundVoices"/>
        <SoundData index="User12" MuteControl="SoundEffects" VolumeControl="SoundEffects"/>
        <SoundData index="User13" MuteControl="SoundEffects" VolumeControl="SoundEffects"/>
        <SoundData index="User14" MuteControl="SoundEffects" VolumeControl="SoundEffects"/>
        <SoundData index="User15" MuteControl="SoundEffects" VolumeControl="SoundEffects"/>
        <LookAtTypes Id="FastStanding" Name="LookAtType/FastStanding">
            <Start Group="Head" Weight="0.75" Time="250"/>
            <Start Group="Chest" Weight="0.5" Time="375"/>
            <Start Group="EyeLeft" Weight="1" Time="100"/>
            <Start Group="EyeRight" Weight="1" Time="100"/>
            <Stop Group="Head" Weight="1" Time="250"/>
            <Stop Group="Chest" Weight="1" Time="750"/>
            <Stop Group="EyeLeft" Weight="1" Time="50"/>
            <Stop Group="EyeRight" Weight="1" Time="50"/>
        </LookAtTypes>
        <LookAtTypes Id="FastStandingSubtle" Name="LookAtType/FastStandingSubtle">
            <Start Group="Head" Weight="0.5" Time="250"/>
            <Start Group="Chest" Weight="0.25" Time="375"/>
            <Start Group="EyeLeft" Weight="1" Time="200"/>
            <Start Group="EyeRight" Weight="1" Time="200"/>
            <Stop Group="Head" Weight="1" Time="250"/>
            <Stop Group="Chest" Weight="1" Time="750"/>
            <Stop Group="EyeLeft" Weight="1" Time="50"/>
            <Stop Group="EyeRight" Weight="1" Time="50"/>
        </LookAtTypes>
        <LookAtTypes Id="FastHeadOnly" Name="LookAtType/FastHeadOnly">
            <Start Group="Head" Weight="0.75" Time="250"/>
            <Start Group="EyeLeft" Weight="1" Time="100"/>
            <Start Group="EyeRight" Weight="1" Time="100"/>
            <Stop Group="Head" Weight="1" Time="250"/>
            <Stop Group="EyeLeft" Weight="1" Time="50"/>
            <Stop Group="EyeRight" Weight="1" Time="50"/>
        </LookAtTypes>
        <LookAtTypes Id="FastHeadOnlySubtle" Name="LookAtType/FastHeadOnlySubtle">
            <Start Group="Head" Weight="0.45" Time="250"/>
            <Start Group="EyeLeft" Weight="1" Time="200"/>
            <Start Group="EyeRight" Weight="1" Time="200"/>
            <Stop Group="Head" Weight="1" Time="250"/>
            <Stop Group="EyeLeft" Weight="1" Time="50"/>
            <Stop Group="EyeRight" Weight="1" Time="50"/>
        </LookAtTypes>
        <LookAtTypes Id="FastEyesOnly" Name="LookAtType/FastEyesOnly">
            <Start Group="EyeLeft" Weight="1" Time="100"/>
            <Start Group="EyeRight" Weight="1" Time="100"/>
            <Stop Group="EyeLeft" Weight="1" Time="50"/>
            <Stop Group="EyeRight" Weight="1" Time="50"/>
        </LookAtTypes>
        <LookAtTypes Id="MedStanding" Name="LookAtType/MedStanding">
            <Start Group="Head" Weight="0.75" Time="500"/>
            <Start Group="Chest" Weight="0.5" Time="750"/>
            <Start Group="EyeLeft" Weight="1" Time="200"/>
            <Start Group="EyeRight" Weight="1" Time="200"/>
            <Stop Group="Head" Weight="1" Time="500"/>
            <Stop Group="Chest" Weight="1" Time="1500"/>
            <Stop Group="EyeLeft" Weight="1" Time="100"/>
            <Stop Group="EyeRight" Weight="1" Time="100"/>
        </LookAtTypes>
        <LookAtTypes Id="MedStandingSubtle" Name="LookAtType/MedStandingSubtle">
            <Start Group="Head" Weight="0.5" Time="500"/>
            <Start Group="Chest" Weight="0.25" Time="700"/>
            <Start Group="EyeLeft" Weight="1" Time="300"/>
            <Start Group="EyeRight" Weight="1" Time="300"/>
            <Stop Group="Head" Weight="1" Time="500"/>
            <Stop Group="Chest" Weight="1" Time="1500"/>
            <Stop Group="EyeLeft" Weight="1" Time="100"/>
            <Stop Group="EyeRight" Weight="1" Time="100"/>
        </LookAtTypes>
        <LookAtTypes Id="MedHeadOnly" Name="LookAtType/MedHeadOnly">
            <Start Group="Head" Weight="0.75" Time="500"/>
            <Start Group="EyeLeft" Weight="1" Time="200"/>
            <Start Group="EyeRight" Weight="1" Time="200"/>
            <Stop Group="Head" Weight="1" Time="500"/>
            <Stop Group="EyeLeft" Weight="1" Time="100"/>
            <Stop Group="EyeRight" Weight="1" Time="100"/>
        </LookAtTypes>
        <LookAtTypes Id="MedHeadOnlySubtle" Name="LookAtType/MedHeadOnlySubtle">
            <Start Group="Head" Weight="0.45" Time="500"/>
            <Start Group="EyeLeft" Weight="1" Time="300"/>
            <Start Group="EyeRight" Weight="1" Time="300"/>
            <Stop Group="Head" Weight="1" Time="500"/>
            <Stop Group="EyeLeft" Weight="1" Time="100"/>
            <Stop Group="EyeRight" Weight="1" Time="100"/>
        </LookAtTypes>
        <LookAtTypes Id="MedEyesOnly" Name="LookAtType/MedEyesOnly">
            <Start Group="EyeLeft" Weight="1" Time="200"/>
            <Start Group="EyeRight" Weight="1" Time="200"/>
            <Stop Group="EyeLeft" Weight="1" Time="100"/>
            <Stop Group="EyeRight" Weight="1" Time="100"/>
        </LookAtTypes>
        <LookAtTypes Id="SlowStanding" Name="LookAtType/SlowStanding">
            <Start Group="Head" Weight="0.75" Time="1000"/>
            <Start Group="Chest" Weight="0.5" Time="1250"/>
            <Start Group="EyeLeft" Weight="1" Time="200"/>
            <Start Group="EyeRight" Weight="1" Time="200"/>
            <Stop Group="Head" Weight="1" Time="500"/>
            <Stop Group="Chest" Weight="1" Time="1500"/>
            <Stop Group="EyeLeft" Weight="1" Time="100"/>
            <Stop Group="EyeRight" Weight="1" Time="100"/>
        </LookAtTypes>
        <LookAtTypes Id="SlowStandingSubtle" Name="LookAtType/SlowStandingSubtle">
            <Start Group="Head" Weight="0.5" Time="1000"/>
            <Start Group="Chest" Weight="0.25" Time="1250"/>
            <Start Group="EyeLeft" Weight="1" Time="300"/>
            <Start Group="EyeRight" Weight="1" Time="300"/>
            <Stop Group="Head" Weight="1" Time="500"/>
            <Stop Group="Chest" Weight="1" Time="1500"/>
            <Stop Group="EyeLeft" Weight="1" Time="100"/>
            <Stop Group="EyeRight" Weight="1" Time="100"/>
        </LookAtTypes>
        <LookAtTypes Id="SlowHeadOnly" Name="LookAtType/SlowHeadOnly">
            <Start Group="Head" Weight="0.75" Time="1000"/>
            <Start Group="EyeLeft" Weight="1" Time="200"/>
            <Start Group="EyeRight" Weight="1" Time="200"/>
            <Stop Group="Head" Weight="1" Time="500"/>
            <Stop Group="EyeLeft" Weight="1" Time="100"/>
            <Stop Group="EyeRight" Weight="1" Time="100"/>
        </LookAtTypes>
        <LookAtTypes Id="SlowHeadOnlySubtle" Name="LookAtType/SlowHeadOnlySubtle">
            <Start Group="Head" Weight="0.45" Time="1000"/>
            <Start Group="EyeLeft" Weight="1" Time="300"/>
            <Start Group="EyeRight" Weight="1" Time="300"/>
            <Stop Group="Head" Weight="1" Time="500"/>
            <Stop Group="EyeLeft" Weight="1" Time="100"/>
            <Stop Group="EyeRight" Weight="1" Time="100"/>
        </LookAtTypes>
        <LookAtTypes Id="SlowEyesOnly" Name="LookAtType/SlowEyesOnly">
            <Start Group="EyeLeft" Weight="1" Time="300"/>
            <Start Group="EyeRight" Weight="1" Time="300"/>
            <Stop Group="EyeLeft" Weight="1" Time="100"/>
            <Stop Group="EyeRight" Weight="1" Time="100"/>
        </LookAtTypes>
        <LookAtTypes Id="VerySlowStanding" Name="LookAtType/VerySlowStanding">
            <Start Group="Head" Weight="0.75" Time="2000"/>
            <Start Group="Chest" Weight="0.5" Time="2250"/>
            <Start Group="EyeLeft" Weight="1" Time="400"/>
            <Start Group="EyeRight" Weight="1" Time="400"/>
            <Stop Group="Head" Weight="1" Time="500"/>
            <Stop Group="Chest" Weight="1" Time="1500"/>
            <Stop Group="EyeLeft" Weight="1" Time="100"/>
            <Stop Group="EyeRight" Weight="1" Time="100"/>
        </LookAtTypes>
        <LookAtTypes Id="VerySlowStandingSubtle" Name="LookAtType/VerySlowStandingSubtle">
            <Start Group="Head" Weight="0.5" Time="2000"/>
            <Start Group="Chest" Weight="0.25" Time="2250"/>
            <Start Group="EyeLeft" Weight="1" Time="500"/>
            <Start Group="EyeRight" Weight="1" Time="500"/>
            <Stop Group="Head" Weight="1" Time="500"/>
            <Stop Group="Chest" Weight="1" Time="1500"/>
            <Stop Group="EyeLeft" Weight="1" Time="100"/>
            <Stop Group="EyeRight" Weight="1" Time="100"/>
        </LookAtTypes>
        <LookAtTypes Id="VerySlowHeadOnly" Name="LookAtType/VerySlowHeadOnly">
            <Start Group="Head" Weight="0.75" Time="2000"/>
            <Start Group="EyeLeft" Weight="1" Time="400"/>
            <Start Group="EyeRight" Weight="1" Time="400"/>
            <Stop Group="Head" Weight="1" Time="500"/>
            <Stop Group="EyeLeft" Weight="1" Time="100"/>
            <Stop Group="EyeRight" Weight="1" Time="100"/>
        </LookAtTypes>
        <LookAtTypes Id="VerySlowHeadOnlySubtle" Name="LookAtType/VerySlowHeadOnlySubtle">
            <Start Group="Head" Weight="0.45" Time="2000"/>
            <Start Group="EyeLeft" Weight="1" Time="500"/>
            <Start Group="EyeRight" Weight="1" Time="500"/>
            <Stop Group="Head" Weight="1" Time="500"/>
            <Stop Group="EyeLeft" Weight="1" Time="100"/>
            <Stop Group="EyeRight" Weight="1" Time="100"/>
        </LookAtTypes>
        <LookAtTypes Id="VerySlowEyesOnly" Name="LookAtType/VerySlowEyesOnly">
            <Start Group="EyeLeft" Weight="1" Time="400"/>
            <Start Group="EyeRight" Weight="1" Time="400"/>
            <Stop Group="EyeLeft" Weight="1" Time="100"/>
            <Stop Group="EyeRight" Weight="1" Time="100"/>
        </LookAtTypes>
        <LookAtTypes Id="InstantStanding" Name="LookAtType/InstantStanding">
            <Start Group="Head" Weight="0.75"/>
            <Start Group="Chest" Weight="0.5"/>
            <Start Group="EyeLeft" Weight="1"/>
            <Start Group="EyeRight" Weight="1"/>
            <Stop Group="Head" Weight="1"/>
            <Stop Group="Chest" Weight="1"/>
            <Stop Group="EyeLeft" Weight="1"/>
            <Stop Group="EyeRight" Weight="1"/>
        </LookAtTypes>
        <LookAtTypes Id="InstantStandingSubtle" Name="LookAtType/InstantStandingSubtle">
            <Start Group="Head" Weight="0.5"/>
            <Start Group="Chest" Weight="0.25"/>
            <Start Group="EyeLeft" Weight="1"/>
            <Start Group="EyeRight" Weight="1"/>
            <Stop Group="Head" Weight="1"/>
            <Stop Group="Chest" Weight="1"/>
            <Stop Group="EyeLeft" Weight="1"/>
            <Stop Group="EyeRight" Weight="1"/>
        </LookAtTypes>
        <LookAtTypes Id="InstantHeadOnly" Name="LookAtType/InstantHeadOnly">
            <Start Group="Head" Weight="0.75"/>
            <Start Group="EyeLeft" Weight="1"/>
            <Start Group="EyeRight" Weight="1"/>
            <Stop Group="Head" Weight="1"/>
            <Stop Group="EyeLeft" Weight="1"/>
            <Stop Group="EyeRight" Weight="1"/>
        </LookAtTypes>
        <LookAtTypes Id="InstantEyesOnly" Name="LookAtType/InstantEyesOnly">
            <Start Group="EyeLeft" Weight="1"/>
            <Start Group="EyeRight" Weight="1"/>
            <Stop Group="EyeLeft" Weight="1"/>
            <Stop Group="EyeRight" Weight="1"/>
        </LookAtTypes>
        <LookAtTypes Id="InstantHeadOnlySubtle" Name="LookAtType/InstantHeadOnlySubtle">
            <Start Group="Head" Weight="0.45"/>
            <Start Group="EyeLeft" Weight="1"/>
            <Start Group="EyeRight" Weight="1"/>
            <Stop Group="Head" Weight="1"/>
            <Stop Group="EyeLeft" Weight="1"/>
            <Stop Group="EyeRight" Weight="1"/>
        </LookAtTypes>
        <LookAtTypes Id="Turret_Right" Name="LookAtType/Turret_Right">
            <Start Group="Turret_Right" Weight="1"/>
            <Stop Group="Turret_Right" Weight="1"/>
        </LookAtTypes>
        <LookAtTypes Id="Turret_Left" Name="LookAtType/Turret_Left">
            <Start Group="Turret_Left" Weight="1"/>
            <Stop Group="Turret_Left" Weight="1"/>
        </LookAtTypes>
        <LookAtTypes Id="LiberatorAG">
            <Start Group="Turret_Right" Weight="1" Time="125"/>
            <Stop Group="Turret_Right" Weight="1" Time="125"/>
        </LookAtTypes>
        <CameraShakeAmplitudes Id="Massive" Name="CameraShake/Massive" Position="1.000000,1.000000,0.500000">
            <Rotation Yaw="8.000000" Pitch="8.000000" Roll="3.000000"/>
        </CameraShakeAmplitudes>
        <CameraShakeAmplitudes Id="Heavy" Name="CameraShake/Heavy" Position="0.500000,0.500000,0.250000">
            <Rotation Yaw="4.000000" Pitch="4.000000" Roll="2.000000"/>
        </CameraShakeAmplitudes>
        <CameraShakeAmplitudes Id="Medium" Name="CameraShake/Medium" Position="0.050000,0.050000,0.025000">
            <Rotation Yaw="2.000000" Pitch="2.000000" Roll="1.000000"/>
        </CameraShakeAmplitudes>
        <CameraShakeAmplitudes Id="Light" Name="CameraShake/Light" Position="0.100000,0.100000,0.005000">
            <Rotation Yaw="1.000000" Pitch="1.000000" Roll="0.300000"/>
        </CameraShakeAmplitudes>
        <CameraShakeFrequencies Id="Earthquake" Name="CameraShake/Earthquake" Position="0.150000,0.100000,0.100000">
            <Rotation Yaw="0.200000" Pitch="0.200000" Roll="0.400000"/>
        </CameraShakeFrequencies>
        <CameraShakeFrequencies Id="Tremor" Name="CameraShake/Tremor" Position="0.300000,0.200000,0.200000">
            <Rotation Yaw="0.400000" Pitch="0.400000" Roll="0.900000"/>
        </CameraShakeFrequencies>
        <CameraShakeFrequencies Id="Shake" Name="CameraShake/Shake" Position="1.000000,1.000000,1.000000">
            <Rotation Yaw="1.000000" Pitch="1.000000" Roll="2.000000"/>
        </CameraShakeFrequencies>
        <CameraShakeFrequencies Id="SubtleMove" Name="CameraShake/SubtleMove" Position="2.000000,2.000000,2.000000">
            <Rotation Yaw="2.000000" Pitch="2.000000" Roll="4.000000"/>
        </CameraShakeFrequencies>
        <ListenerAngleRolloff CameraValue="25.000000" ListenerFactor="1.000000"/>
        <ListenerAngleRolloff CameraValue="50.000000" ListenerFactor="1.560000"/>
        <ListenerAngleRolloff CameraValue="60.000000" ListenerFactor="1.670000"/>
        <ListenerAngleRolloff CameraValue="90.000000" ListenerFactor="1.000000"/>
        <ListenerDistanceRolloff CameraValue="5.000000" ListenerFactor="0.500000"/>
        <ListenerDistanceRolloff CameraValue="30.000000" ListenerFactor="0.300000"/>
        <ListenerDistanceRolloff CameraValue="60.000000" ListenerFactor="0.400000"/>
        <ListenerDistanceRolloff CameraValue="70.000000" ListenerFactor="1.000000"/>
        <PlanetPanelDefaultBackground value="PlanetViewGalaxy"/>
        <WayPointMultiUnitFadePoint value="0.900000"/>
        <WayPointMultiUnitFadeAlpha value="0.250000"/>
        <WayPointLineWidth value="0.150000"/>
        <WayPointTileLength value="0.800000"/>
        <DefaultPathColor index="World" value="255,255,255,255"/>
        <DefaultPathColor index="Minimap" value="255,255,255,255"/>
        <DefaultPathLineWidth index="World" value="0.150000"/>
        <DefaultPathLineWidth index="Minimap" value="6.000000"/>
        <DefaultPathTexture index="World" value="Assets\Textures\WayPointLine.dds"/>
        <DefaultPathTexture index="Minimap" value="Assets\Textures\WayPointLine.dds"/>
        <DefaultPathTileLength index="World" value="0.800000"/>
        <DefaultPathTileLength index="Minimap" value="32.000000"/>
        <DefaultPathStepModel index="World" value="Assets\UI\Feedback\WayPointConfirm\WayPointConfirm.m3"/>
        <DefaultPathStepModelScale index="World" value="1.000000"/>
        <PointModels index="Normal">
            <Model value="Assets/Effects/Terran/VeterancyFlagFour/VeterancyFlagFour.m3"/>
            <Scale value="2.500000"/>
            <NameSize value="24"/>
            <SelectionOffset value="0.000000,0.000000,1.000000"/>
            <SelectionRadius value="0.500000"/>
        </PointModels>
        <PointModels index="StartLoc">
            <Model value="Assets/Effects/Terran/VeterancyFlagFour/VeterancyFlagFour.m3"/>
            <Scale value="4.000000"/>
            <NameSize value="32"/>
            <SelectionOffset value="0.000000,0.000000,1.000000"/>
            <SelectionRadius value="0.500000"/>
        </PointModels>
        <OverrideColors index="SelfMinimap">
            <Value index="Diffuse" value="0.000000,0.733300,0.000000,1.000000"/>
            <Value index="Emissive" value="0.000000,0.733300,0.000000,1.000000"/>
            <Value index="Selected" value="0.000000,1.000000,0.000000,1.000000"/>
            <Value index="Attacked" value="1.000000,0.000000,0.000000,1.000000"/>
        </OverrideColors>
        <OverrideColors index="Self">
            <Value index="Diffuse" value="0.000000,0.733300,0.000000,1.000000"/>
            <Value index="Emissive" value="0.000000,0.733300,0.000000,1.000000"/>
            <Value index="Selected" value="0.000000,1.000000,0.000000,1.000000"/>
            <Value index="Attacked" value="1.000000,0.000000,0.000000,1.000000"/>
        </OverrideColors>
        <OverrideColors index="Ally">
            <Value index="Diffuse" value="1.000000,1.000000,0.000000,1.000000"/>
            <Value index="Emissive" value="1.000000,1.000000,0.000000,1.000000"/>
            <Value index="Selected" value="0.000000,1.000000,0.000000,1.000000"/>
            <Value index="Attacked" value="1.000000,0.000000,0.000000,1.000000"/>
        </OverrideColors>
        <OverrideColors index="Hostile">
            <Value index="Diffuse" value="1.000000,0.000000,0.000000,1.000000"/>
            <Value index="Emissive" value="1.000000,0.000000,0.000000,1.000000"/>
            <Value index="Selected" value="0.000000,1.000000,0.000000,1.000000"/>
            <Value index="Attacked" value="1.000000,0.000000,0.000000,1.000000"/>
        </OverrideColors>
        <OverrideColors index="Neutral">
            <Value index="Diffuse" value="0.494100,0.749000,0.945000,1.000000"/>
            <Value index="Emissive" value="0.494100,0.749000,0.945000,1.000000"/>
            <Value index="Selected" value="0.000000,1.000000,0.000000,1.000000"/>
            <Value index="Attacked" value="1.000000,0.000000,0.000000,1.000000"/>
        </OverrideColors>
        <ColorBlindColors index="SelfMinimap">
            <Value index="Diffuse" value="0.000000,0.258700,1.000000,1.000000"/>
            <Value index="Emissive" value="0.000000,0.258700,1.000000,1.000000"/>
            <Value index="Selected" value="0.250900,0.376400,1.000000,1.000000"/>
            <Value index="Attacked" value="1.000000,0.000000,0.000000,1.000000"/>
        </ColorBlindColors>
        <ColorBlindColors index="Self">
            <Value index="Diffuse" value="0.000000,0.258700,1.000000,1.000000"/>
            <Value index="Emissive" value="0.000000,0.258700,1.000000,1.000000"/>
            <Value index="Selected" value="0.000000,1.000000,0.000000,1.000000"/>
            <Value index="Attacked" value="1.000000,0.000000,0.000000,1.000000"/>
        </ColorBlindColors>
        <ColorBlindColors index="Ally">
            <Value index="Diffuse" value="0.109375,0.652344,0.914063,1.000000"/>
            <Value index="Emissive" value="0.066600,0.517500,0.733300,1.000000"/>
            <Value index="Selected" value="0.000000,1.000000,0.000000,1.000000"/>
            <Value index="Attacked" value="1.000000,0.000000,0.000000,1.000000"/>
        </ColorBlindColors>
        <ColorBlindColors index="Hostile">
            <Value index="Diffuse" value="0.996000,0.541200,0.055000,1.000000"/>
            <Value index="Emissive" value="0.996000,0.541200,0.055000,1.000000"/>
            <Value index="Selected" value="0.000000,1.000000,0.000000,1.000000"/>
            <Value index="Attacked" value="1.000000,0.000000,0.000000,1.000000"/>
        </ColorBlindColors>
        <ColorBlindColors index="Neutral">
            <Value index="Diffuse" value="0.494100,0.749000,0.945000,1.000000"/>
            <Value index="Emissive" value="0.494100,0.749000,0.945000,1.000000"/>
            <Value index="Selected" value="0.000000,1.000000,0.000000,1.000000"/>
            <Value index="Attacked" value="1.000000,0.000000,0.000000,1.000000"/>
        </ColorBlindColors>
        <RadarAlpha value="128"/>
        <PlayerIdObserverColorMap index="DefaultNeutral" value="Owner"/>
        <PlayerIdObserverColorMap index="Owner" value="TeamOrder"/>
        <PlayerIdObserverColorMap index="Ally" value="TeamOrder"/>
        <PlayerIdObserverColorMap index="Enemy" value="TeamOrder"/>
        <PlayerIdObserverColorMap index="TeamHostile" value="TeamOrder"/>
        <PlayerIdObserverColorMap index="TeamOrder" value="TeamOrder"/>
        <PlayerIdObserverColorMap index="TeamChaos" value="TeamChaos"/>
        <PlayerIdObserverColorMap index="7" value="TeamChaos"/>
        <PlayerIdObserverColorMap index="8" value="TeamChaos"/>
        <PlayerIdObserverColorMap index="9" value="TeamChaos"/>
        <PlayerIdObserverColorMap index="10" value="TeamChaos"/>
        <PlayerIdObserverColorMap index="11" value="TeamOrder"/>
        <PlayerIdObserverColorMap index="12" value="TeamChaos"/>
        <PlayerIdObserverColorMap index="15" value="TeamHostile"/>
        <!--
        
        Uncomment these values if you want to show speeds as text again
        
        <MovementSpeedArray MinSpeed="1.4882" Text="e_gameUIStringMoveSpeedVerySlow"/>
        <MovementSpeedArray MinSpeed="1.9882" Text="e_gameUIStringMoveSpeedSlow"/>
        <MovementSpeedArray MinSpeed="2.75" Text="e_gameUIStringMoveSpeedNormal"/>
        <MovementSpeedArray MinSpeed="3.9882" Text="e_gameUIStringMoveSpeedFast"/>
        <MovementSpeedArray MinSpeed="99.9882" Text="e_gameUIStringMoveSpeedVeryFast"/>
        <WeaponSpeedArray Text="e_gameUIStringAttackSpeedVeryFast"/>
        <WeaponSpeedArray MinSpeed="0.75" Text="e_gameUIStringAttackSpeedFast"/>
        <WeaponSpeedArray MinSpeed="1" Text="e_gameUIStringAttackSpeedNormal"/>
        <WeaponSpeedArray MinSpeed="1.75" Text="e_gameUIStringAttackSpeedSlow"/>
        <WeaponSpeedArray MinSpeed="2.5" Text="e_gameUIStringAttackSpeedVerySlow"/>
        -->
        <InfoColorBuffed value="255,0,255,0"/>
        <InfoColorDebuffed value="255,255,0,0"/>
        <InfoColorUpgraded value="255,255,255,0"/>
        <RequirementsSatisfiedColor value="255,255,255,255"/>
        <RequirementsUnsatisfiedColor value="255,255,0,0"/>
        <UnitDamageFlashDuration value="3000"/>
        <UnitDamageNotificationCooldown value="3000"/>
        <UnitDamageNotificationDelay value="15000"/>
        <CancelTargetModeButtonFace value="Cancel"/>
        <CancelPlacementModeButtonFace value="Cancel"/>
        <PlacementDisplayBonusRadius value="3"/>
        <PlacementErrorColor value="170,255,0,0"/>
        <!-- Warping in protoss units outside power radius.  Can't-place-here build grid color -->
        <PlacementWarningColor value="180,255,180,49"/>
        <!-- Build grid color for ramps and already taken squares -->
        <PlacementPerfectColor value="180,0,255,0"/>
        <!-- The can-build-here color directly below the building being placed -->
        <PlacementColorBlindErrorColor value="255,224,180,0"/>
        <!-- Warping in protoss units outside power radius.  Not used for color blind build grid -->
        <PlacementColorBlindWarningColor value="255,50,50,50"/>
        <!-- Build grid color blind color for ramps and already taken squares -->
        <PlacementColorBlindDefaultColor value="255,255,255,255"/>
        <!-- Should not be used assuming RaceData.xml's PlacementGridColorBlindColor is set -->
        <PlacementGridDimensions value="56,48"/>
        <ScreenModeTransitionDuration value="600"/>
        <PossibleEnemyPlacementPingDuration value="5"/>
        <PossibleEnemyPlacementPingModel value="MinimapPing"/>
        <PossibleEnemyPlacementPingColor value="255,255,0,0"/>
        <CostDisplayFade value="6"/>
        <CostDisplayHeight value="24"/>
        <CostDisplayHeightOffset value="0.45"/>
        <CostDisplaySpeed value="150"/>
        <CostDisplayTime value="8"/>
        <MinimapData>
            <InnerBorderColor value="255,136,136,136"/>
            <OuterBorderColor value="255,255,255,255"/>
            <FrustumColor value="255,255,255,255"/>
            <ResourceUnitColor value="255,126,191,241"/>
            <ResourceUnitColorBlindColor value="255,220,220,255"/>
            <BlipUnitColor value="255,255,0,0"/>
            <UnitBorderColor value="255,0,0,0"/>
            <SelectedUnitBorderColor value="255,0,0,0"/>
            <BackGroundColor value="255,0,0,0"/>
            <BorderSize value="1.000000"/>
            <SelectedBorderSize value="1.000000"/>
            <MinUnitDotSize value="3.000000"/>
            <RadarAlpha value="60"/>
        </MinimapData>
        <BehaviorIconColors index="Neutral" value="255,255,255,255"/>
        <BehaviorIconColors index="Positive" value="255,0,255,0"/>
        <BehaviorIconColors index="Negative" value="255,255,0,0"/>
        <BehaviorBorderColors index="Neutral" value="255,180,180,180"/>
        <BehaviorBorderColors index="Positive" value="255,0,180,0"/>
        <BehaviorBorderColors index="Negative" value="255,180,0,0"/>
        <VitalColors index="Life">
            <ColorArray value="255,208,34,0"/>
            <ColorArray value="255,208,34,0"/>
            <ColorArray value="255,229,129,0"/>
            <ColorArray value="255,229,129,0"/>
            <ColorArray value="255,229,221,0"/>
            <ColorArray value="255,229,221,0"/>
            <ColorArray value="255,22,229,0"/>
            <ColorArray value="255,22,229,0"/>
        </VitalColors>
        <VitalColors index="Shields">
            <ColorArray value="255,72,164,255"/>
        </VitalColors>
        <VitalColors index="Energy">
            <ColorArray value="255,184,112,232"/>
        </VitalColors>
        <SelectionColors index="Subgroup" value="255,0,250,25"/>
        <SelectionColors index="Selected" value="255,0,168,90"/>
        <SelectionColors index="Ally" value="255,255,255,0"/>
        <SelectionColors index="Enemy" value="255,230,0,0"/>
        <SelectionColorBlindColors index="Subgroup" value="255,0,0,255"/>
        <SelectionColorBlindColors index="Selected" value="255,0,0,255"/>
        <SelectionColorBlindColors index="Ally" value="255,0,255,255"/>
        <SelectionColorBlindColors index="Enemy" value="255,255,140,13"/>
        <WireframeColorArray value="255,255,0,0"/>
        <WireframeColorArray value="255,255,0,0"/>
        <WireframeColorArray value="255,229,129,0"/>
        <WireframeColorArray value="255,229,129,0"/>
        <WireframeColorArray value="255,255,255,0"/>
        <WireframeColorArray value="255,255,255,0"/>
        <WireframeColorArray value="255,0,255,0"/>
        <WireframeColorArray value="255,0,255,0"/>
        <CostDisplayColor index="Life" value="255,208,34,0"/>
        <CostDisplayColor index="Shields" value="255,0,0,255"/>
        <CostDisplayColor index="Energy" value="255,150,40,220"/>
        <CostDisplayColor index="Minerals" value="255,0,128,192"/>
        <CostDisplayColor index="Vespene" value="255,100,180,80"/>
        <GlowPeakMultiplier value="2.000000,2.000000,2.000000"/>
        <TransmissionSoundDepth value="1.000000"/>
        <AlertPanMaxVelocity value="68.000000"/>
        <AlertPanMaxDuration value="1.000000"/>
        <AlertPanMinDuration value="0.250000"/>
        <BeaconMinimapIcon value="Assets\Textures\ui_minimap_icon_destructablerocks.dds"/>
        <BeaconMinimapRenderPriority value="Beacon"/>
        <!-- W = Weapons -->
        <!-- B = Behaviors -->
        <!-- A = Abilities -->
        <!-- Un = Units produced -->
        <!-- UpP = Upgrades produced -->
        <!-- UpR = Upgrades received -->
        <DefaultInfoTooltipTypes value="W,D,A,B,Un,UpP,UpR"/>
        <CameraEventThresholdDistance value="0.1"/>
        <CameraEventThresholdPitch value="0.0988"/>
        <CameraEventThresholdYaw value="0.0988"/>
        <CameraEventThresholdTarget value="0.1"/>
        <GameCategories>
            <Info Id="1" Name="GameCategory/Custom/Name" Description="GameCategory/Custom/Desc"/>
            <Modes>
                <Id value="1"/>
                <CanOverrideText value="1"/>
                <Name value="GameCategory/Custom_Custom/Name"/>
                <Description value="GameCategory/Custom_Custom/Desc"/>
            </Modes>
            <Modes>
                <Id value="2"/>
                <IsTutorial value="1"/>
                <Name value="GameCategory/Arcade_Tutorial/Name"/>
                <Description value="GameCategory/Arcade_Tutorial/Desc"/>
            </Modes>
            <Modes Id="3" Name="GameCategory/Arcade_SinglePlayer/Name" Description="GameCategory/Arcade_SinglePlayer/Desc"/>
        </GameCategories>
        <GameCategories Usage="Melee">
            <Info Id="2" Name="GameCategory/Melee/Name" Description="GameCategory/Melee/Desc"/>
            <Modes>
                <Id value="1"/>
                <CanOverrideText value="1"/>
                <Name value="GameCategory/Melee_Other/Name"/>
                <Description value="GameCategory/Melee_Other/Desc"/>
            </Modes>
            <Modes Id="2" Name="GameCategory/Melee_1v1/Name" Description="GameCategory/Melee_1v1/Desc"/>
            <Modes Id="3" Name="GameCategory/Melee_2v2/Name" Description="GameCategory/Melee_2v2/Desc"/>
            <Modes Id="4" Name="GameCategory/Melee_3v3/Name" Description="GameCategory/Melee_3v3/Desc"/>
            <Modes Id="5" Name="GameCategory/Melee_4v4/Name" Description="GameCategory/Melee_4v4/Desc"/>
            <Modes Id="6" Name="GameCategory/Melee_FFA/Name" Description="GameCategory/Melee_FFA/Desc"/>
        </GameCategories>
        <GameCategories Usage="Melee">
            <Info Id="3" Name="GameCategory/Coop/Name" Description="GameCategory/Coop/Desc"/>
            <Modes>
                <Id value="1"/>
                <CanOverrideText value="1"/>
                <Name value="GameCategory/Coop_Other/Name"/>
                <Description value="GameCategory/Coop_Other/Desc"/>
            </Modes>
            <Modes Id="2" Name="UI/Difficulty01" Description="GameCategory/Coop_General/Desc"/>
            <Modes Id="3" Name="UI/Difficulty02" Description="GameCategory/Coop_General/Desc"/>
            <Modes Id="4" Name="UI/Difficulty03" Description="GameCategory/Coop_General/Desc"/>
            <Modes Id="5" Name="UI/Difficulty04" Description="GameCategory/Coop_General/Desc"/>
            <Modes Id="6" Name="UI/Difficulty05" Description="GameCategory/Coop_General/Desc"/>
            <Modes Id="7" Name="UI/Difficulty06" Description="GameCategory/Coop_General/Desc"/>
            <Modes Id="8" Name="UI/Difficulty07" Description="GameCategory/Coop_General/Desc"/>
            <Modes Id="9" Name="UI/Difficulty08" Description="GameCategory/Coop_General/Desc"/>
            <Modes Id="10" Name="UI/Difficulty09" Description="GameCategory/Coop_General/Desc"/>
            <Modes Id="11" Name="UI/Difficulty10" Description="GameCategory/Coop_General/Desc"/>
        </GameCategories>
        <GameCategories>
            <Info Id="4" Name="GameCategory/TowerDefense/Name" Description="GameCategory/TowerDefense/Desc"/>
            <Modes>
                <Id value="1"/>
                <CanOverrideText value="1"/>
                <Name value="GameCategory/TowerDefense_Custom/Name"/>
                <Description value="GameCategory/TowerDefense_Custom/Desc"/>
            </Modes>
            <Modes>
                <Id value="2"/>
                <IsTutorial value="1"/>
                <Name value="GameCategory/Arcade_Tutorial/Name"/>
                <Description value="GameCategory/Arcade_Tutorial/Desc"/>
            </Modes>
            <Modes Id="3" Name="GameCategory/Arcade_SinglePlayer/Name" Description="GameCategory/Arcade_SinglePlayer/Desc"/>
            <Modes Id="4" Name="GameCategory/Arcade_Coop/Name" Description="GameCategory/Arcade_Coop/Desc"/>
            <Modes Id="5" Name="GameCategory/Melee_FFA/Name" Description="GameCategory/Melee_FFA/Desc"/>
        </GameCategories>
        <GameCategories>
            <Info Id="5" Name="GameCategory/TugOfWar/Name" Description="GameCategory/TugOfWar/Desc"/>
            <Modes>
                <Id value="1"/>
                <CanOverrideText value="1"/>
                <Name value="GameCategory/TugOfWar_Custom/Name"/>
                <Description value="GameCategory/TugOfWar_Custom/Desc"/>
            </Modes>
            <Modes>
                <Id value="2"/>
                <IsTutorial value="1"/>
                <Name value="GameCategory/Arcade_Tutorial/Name"/>
                <Description value="GameCategory/Arcade_Tutorial/Desc"/>
            </Modes>
            <Modes Id="3" Name="GameCategory/Arcade_SinglePlayer/Name" Description="GameCategory/Arcade_SinglePlayer/Desc"/>
            <Modes Id="4" Name="GameCategory/Melee_2v2/Name" Description="GameCategory/Melee_2v2/Desc"/>
            <Modes Id="5" Name="GameCategory/Melee_3v3/Name" Description="GameCategory/Melee_3v3/Desc"/>
            <Modes Id="6" Name="GameCategory/Melee_4v4/Name" Description="GameCategory/Melee_4v4/Desc"/>
        </GameCategories>
        <GameCategories Usage="Melee">
            <Info Id="6" Name="GameCategory/Misc/Name" Description="GameCategory/Misc/Desc"/>
            <Modes>
                <Id value="1"/>
                <CanOverrideText value="1"/>
                <Name value="GameCategory/Misc_Other/Name"/>
                <Description value="GameCategory/Misc_Other/Desc"/>
            </Modes>
        </GameCategories>
        <GameCategories Usage="Melee">
            <Info Id="7" Name="GameCategory/Training/Name" Description="GameCategory/Training/Desc"/>
            <Modes>
                <Id value="1"/>
                <CanOverrideText value="1"/>
                <Name value="GameCategory/Training_Other/Name"/>
                <Description value="GameCategory/Training_Other/Desc"/>
            </Modes>
            <Modes Id="2" Name="GameCategory/Training_Build/Name" Description="GameCategory/Training_Build/Desc"/>
            <Modes Id="3" Name="GameCategory/Training_Micro/Name" Description="GameCategory/Training_Micro/Desc"/>
        </GameCategories>
        <GameCategories Usage="Melee">
            <Info Id="8" Name="GameCategory/Observer/Name" Description="GameCategory/Observer/Desc"/>
            <Modes>
                <Id value="1"/>
                <CanOverrideText value="1"/>
                <Name value="GameCategory/Observer_Other/Name"/>
                <Description value="GameCategory/Observer_Other/Desc"/>
            </Modes>
        </GameCategories>
        <GameCategories>
            <Info Id="9" Name="GameCategory/HeroBattle/Name" Description="GameCategory/HeroBattle/Desc"/>
            <Modes>
                <Id value="1"/>
                <CanOverrideText value="1"/>
                <Name value="GameCategory/HeroBattle_Custom/Name"/>
                <Description value="GameCategory/HeroBattle_Custom/Desc"/>
            </Modes>
            <Modes>
                <Id value="2"/>
                <IsTutorial value="1"/>
                <Name value="GameCategory/Arcade_Tutorial/Name"/>
                <Description value="GameCategory/Arcade_Tutorial/Desc"/>
            </Modes>
            <Modes Id="3" Name="GameCategory/Arcade_SinglePlayer/Name" Description="GameCategory/Arcade_SinglePlayer/Desc"/>
            <Modes Id="4" Name="GameCategory/Melee_3v3/Name" Description="GameCategory/Melee_3v3/Desc"/>
            <Modes Id="5" Name="GameCategory/Melee_5v5/Name" Description="GameCategory/Melee_5v5/Desc"/>
        </GameCategories>
        <GameCategories>
            <Info Id="10" Name="GameCategory/Puzzle/Name" Description="GameCategory/Puzzle/Desc"/>
            <Modes>
                <Id value="1"/>
                <CanOverrideText value="1"/>
                <Name value="GameCategory/Puzzle_Custom/Name"/>
                <Description value="GameCategory/Puzzle_Custom/Desc"/>
            </Modes>
            <Modes>
                <Id value="2"/>
                <IsTutorial value="1"/>
                <Name value="GameCategory/Arcade_Tutorial/Name"/>
                <Description value="GameCategory/Arcade_Tutorial/Desc"/>
            </Modes>
            <Modes Id="3" Name="GameCategory/Arcade_SinglePlayer/Name" Description="GameCategory/Arcade_SinglePlayer/Desc"/>
            <Modes Id="4" Name="GameCategory/Arcade_Coop/Name" Description="GameCategory/Arcade_Coop/Desc"/>
        </GameCategories>
        <GameCategories>
            <Info Id="11" Name="GameCategory/RPG/Name" Description="GameCategory/RPG/Desc"/>
            <Modes>
                <Id value="1"/>
                <CanOverrideText value="1"/>
                <Name value="GameCategory/RPG_Custom/Name"/>
                <Description value="GameCategory/RPG_Custom/Desc"/>
            </Modes>
            <Modes>
                <Id value="2"/>
                <IsTutorial value="1"/>
                <Name value="GameCategory/Arcade_Tutorial/Name"/>
                <Description value="GameCategory/Arcade_Tutorial/Desc"/>
            </Modes>
            <Modes Id="3" Name="GameCategory/Arcade_SinglePlayer/Name" Description="GameCategory/Arcade_SinglePlayer/Desc"/>
            <Modes Id="4" Name="GameCategory/Arcade_Coop/Name" Description="GameCategory/Arcade_Coop/Desc"/>
        </GameCategories>
        <GameCategories Usage="Melee">
            <Info Id="12" Name="GameCategory/Monobattle/Name" Description="GameCategory/Monobattle/Desc"/>
            <Modes>
                <Id value="1"/>
                <CanOverrideText value="1"/>
                <Name value="GameCategory/Monobattle_Other/Name"/>
                <Description value="GameCategory/Monobattle_Other/Desc"/>
            </Modes>
            <Modes Id="2" Name="GameCategory/Melee_1v1/Name" Description="GameCategory/Melee_1v1/Desc"/>
            <Modes Id="3" Name="GameCategory/Melee_2v2/Name" Description="GameCategory/Melee_2v2/Desc"/>
            <Modes Id="4" Name="GameCategory/Melee_3v3/Name" Description="GameCategory/Melee_3v3/Desc"/>
            <Modes Id="5" Name="GameCategory/Melee_4v4/Name" Description="GameCategory/Melee_4v4/Desc"/>
            <Modes Id="6" Name="GameCategory/Melee_FFA/Name" Description="GameCategory/Melee_FFA/Desc"/>
        </GameCategories>
        <GameCategories>
            <Info Id="13" Name="GameCategory/Arena/Name" Description="GameCategory/Arena/Desc"/>
            <Modes>
                <Id value="1"/>
                <CanOverrideText value="1"/>
                <Name value="GameCategory/Arena_Custom/Name"/>
                <Description value="GameCategory/Arena_Custom/Desc"/>
            </Modes>
            <Modes>
                <Id value="2"/>
                <IsTutorial value="1"/>
                <Name value="GameCategory/Arcade_Tutorial/Name"/>
                <Description value="GameCategory/Arcade_Tutorial/Desc"/>
            </Modes>
            <Modes Id="3" Name="GameCategory/Arcade_SinglePlayer/Name" Description="GameCategory/Arcade_SinglePlayer/Desc"/>
            <Modes Id="4" Name="GameCategory/Melee_FFA/Name" Description="GameCategory/Melee_FFA/Desc"/>
        </GameCategories>
        <GameCategories>
            <Info Id="14" Name="GameCategory/Action/Name" Description="GameCategory/Action/Desc"/>
            <Modes>
                <Id value="1"/>
                <CanOverrideText value="1"/>
                <Name value="GameCategory/Action_Custom/Name"/>
                <Description value="GameCategory/Action_Custom/Desc"/>
            </Modes>
            <Modes>
                <Id value="2"/>
                <IsTutorial value="1"/>
                <Name value="GameCategory/Arcade_Tutorial/Name"/>
                <Description value="GameCategory/Arcade_Tutorial/Desc"/>
            </Modes>
            <Modes Id="3" Name="GameCategory/Arcade_SinglePlayer/Name" Description="GameCategory/Arcade_SinglePlayer/Desc"/>
            <Modes Id="4" Name="GameCategory/Arcade_Coop/Name" Description="GameCategory/Arcade_Coop/Desc"/>
        </GameCategories>
        <GameCategories>
            <Info Id="15" Name="GameCategory/Strategy/Name" Description="GameCategory/Strategy/Desc"/>
            <Modes>
                <Id value="1"/>
                <CanOverrideText value="1"/>
                <Name value="GameCategory/Strategy_Custom/Name"/>
                <Description value="GameCategory/Strategy_Custom/Desc"/>
            </Modes>
            <Modes>
                <Id value="2"/>
                <IsTutorial value="1"/>
                <Name value="GameCategory/Arcade_Tutorial/Name"/>
                <Description value="GameCategory/Arcade_Tutorial/Desc"/>
            </Modes>
            <Modes Id="3" Name="GameCategory/Arcade_SinglePlayer/Name" Description="GameCategory/Arcade_SinglePlayer/Desc"/>
            <Modes Id="4" Name="GameCategory/Arcade_Coop/Name" Description="GameCategory/Arcade_Coop/Desc"/>
        </GameCategories>
        <GameCategories>
            <Info Id="16" Name="GameCategory/Survival/Name" Description="GameCategory/Survival/Desc"/>
            <Modes>
                <Id value="1"/>
                <CanOverrideText value="1"/>
                <Name value="GameCategory/Survival_Custom/Name"/>
                <Description value="GameCategory/Survival_Custom/Desc"/>
            </Modes>
            <Modes>
                <Id value="2"/>
                <IsTutorial value="1"/>
                <Name value="GameCategory/Arcade_Tutorial/Name"/>
                <Description value="GameCategory/Arcade_Tutorial/Desc"/>
            </Modes>
            <Modes Id="3" Name="GameCategory/Arcade_SinglePlayer/Name" Description="GameCategory/Arcade_SinglePlayer/Desc"/>
            <Modes Id="4" Name="GameCategory/Arcade_Coop/Name" Description="GameCategory/Arcade_Coop/Desc"/>
        </GameCategories>
        <GameCategories Usage="Melee">
            <Info Id="17" Name="GameCategory/Tandem/Name" Description="GameCategory/Tandem/Desc"/>
            <Modes Id="1" Name="GameCategory/Tandem_1v1/Name" Description="GameCategory/Tandem_1v1/Desc"/>
            <Modes Id="2" Name="GameCategory/Tandem_2v2/Name" Description="GameCategory/Tandem_2v2/Desc"/>
            <Modes Id="3" Name="GameCategory/Tandem_3v3/Name" Description="GameCategory/Tandem_3v3/Desc"/>
            <Modes Id="4" Name="GameCategory/Tandem_FFA/Name" Description="GameCategory/Tandem_FFA/Desc"/>
            <Modes Id="5" Name="GameCategory/Tandem_Custom/Name" Description="GameCategory/Tandem_Custom/Desc"/>
        </GameCategories>
        <GameCategories>
            <Info Id="18" Name="GameCategory/Single_Player/Name" Description="GameCategory/Single_Player/Desc"/>
            <Modes Id="1" Name="GameCategory/Single_Player_Custom/Name" Description="GameCategory/Single_Player_Custom/Desc"/>
        </GameCategories>
        <GameCategories Usage="Melee">
            <Info Id="19" Name="GameCategory/TandemCoop/Name" Description="GameCategory/TandemCoop/Desc"/>
            <Modes>
                <Id value="1"/>
                <CanOverrideText value="1"/>
                <Name value="GameCategory/TandemCoop_Other/Name"/>
                <Description value="GameCategory/TandemCoop_Other/Desc"/>
            </Modes>
            <Modes Id="2" Name="UI/Difficulty01" Description="GameCategory/TandemCoop_General/Desc"/>
            <Modes Id="3" Name="UI/Difficulty02" Description="GameCategory/TandemCoop_General/Desc"/>
            <Modes Id="4" Name="UI/Difficulty03" Description="GameCategory/TandemCoop_General/Desc"/>
            <Modes Id="5" Name="UI/Difficulty04" Description="GameCategory/TandemCoop_General/Desc"/>
            <Modes Id="6" Name="UI/Difficulty05" Description="GameCategory/TandemCoop_General/Desc"/>
            <Modes Id="7" Name="UI/Difficulty06" Description="GameCategory/TandemCoop_General/Desc"/>
            <Modes Id="8" Name="UI/Difficulty07" Description="GameCategory/TandemCoop_General/Desc"/>
            <Modes Id="9" Name="UI/Difficulty08" Description="GameCategory/TandemCoop_General/Desc"/>
            <Modes Id="10" Name="UI/Difficulty09" Description="GameCategory/TandemCoop_General/Desc"/>
            <Modes Id="11" Name="UI/Difficulty10" Description="GameCategory/TandemCoop_General/Desc"/>
        </GameCategories>
        <GameCategories>
            <Info Id="20" Name="GameCategory/Campaign/Name" Description="GameCategory/Campaign/Desc"/>
            <Modes>
                <Id value="1"/>
                <CanOverrideText value="1"/>
                <Name value="GameCategory/Campaign_Custom/Name"/>
                <Description value="GameCategory/Campaign_Custom/Desc"/>
            </Modes>
        </GameCategories>
        <AutoVariantArcade CategoryId="1" ModeId="1">
            <Options index="Custom" value="1"/>
        </AutoVariantArcade>
        <AutoVariantMelee CategoryId="6" ModeId="1">
            <Options index="Custom" value="1"/>
        </AutoVariantMelee>
        <DefaultVariants>
            <CategoryId value="2"/>
            <ModeId value="2"/>
            <MinPlayers value="2"/>
            <MaxPlayers value="16"/>
            <TeamCount value="2"/>
            <PlayersPerTeam value="1"/>
            <Options index="Premade" value="1"/>
            <Options index="Default" value="1"/>
        </DefaultVariants>
        <DefaultVariants>
            <CategoryId value="2"/>
            <ModeId value="3"/>
            <MinPlayers value="4"/>
            <MaxPlayers value="16"/>
            <TeamCount value="2"/>
            <PlayersPerTeam value="2"/>
            <Options index="Premade" value="1"/>
            <Options index="Default" value="1"/>
        </DefaultVariants>
        <DefaultVariants>
            <CategoryId value="2"/>
            <ModeId value="4"/>
            <MinPlayers value="6"/>
            <MaxPlayers value="16"/>
            <TeamCount value="2"/>
            <PlayersPerTeam value="3"/>
            <Options index="Premade" value="1"/>
            <Options index="Default" value="1"/>
        </DefaultVariants>
        <DefaultVariants>
            <CategoryId value="2"/>
            <ModeId value="5"/>
            <MinPlayers value="8"/>
            <MaxPlayers value="16"/>
            <TeamCount value="2"/>
            <PlayersPerTeam value="4"/>
            <Options index="Premade" value="1"/>
            <Options index="Default" value="1"/>
        </DefaultVariants>
        <DefaultVariants>
            <CategoryId value="2"/>
            <ModeId value="6"/>
            <MinPlayers value="3"/>
            <MaxPlayers value="16"/>
            <PlayersPerTeam value="1"/>
            <Options index="Premade" value="1"/>
            <Options index="FreeForAll" value="1"/>
        </DefaultVariants>
        <DefaultVariants>
            <CategoryId value="3"/>
            <ModeId value="2"/>
            <MinPlayers value="4"/>
            <MaxPlayers value="16"/>
            <TeamCount value="2"/>
            <AIDifficulty value="1"/>
            <Options index="Premade" value="1"/>
            <Options index="Coop" value="1"/>
        </DefaultVariants>
        <DefaultVariants>
            <CategoryId value="3"/>
            <ModeId value="3"/>
            <MinPlayers value="4"/>
            <MaxPlayers value="16"/>
            <TeamCount value="2"/>
            <AIDifficulty value="2"/>
            <Options index="Premade" value="1"/>
            <Options index="Coop" value="1"/>
        </DefaultVariants>
        <DefaultVariants>
            <CategoryId value="3"/>
            <ModeId value="4"/>
            <MinPlayers value="4"/>
            <MaxPlayers value="16"/>
            <TeamCount value="2"/>
            <AIDifficulty value="3"/>
            <Options index="Premade" value="1"/>
            <Options index="Coop" value="1"/>
        </DefaultVariants>
        <DefaultVariants>
            <CategoryId value="3"/>
            <ModeId value="5"/>
            <MinPlayers value="4"/>
            <MaxPlayers value="16"/>
            <TeamCount value="2"/>
            <AIDifficulty value="4"/>
            <Options index="Premade" value="1"/>
            <Options index="Coop" value="1"/>
        </DefaultVariants>
        <DefaultVariants>
            <CategoryId value="3"/>
            <ModeId value="6"/>
            <MinPlayers value="4"/>
            <MaxPlayers value="16"/>
            <TeamCount value="2"/>
            <AIDifficulty value="5"/>
            <Options index="Premade" value="1"/>
            <Options index="Coop" value="1"/>
        </DefaultVariants>
        <DefaultVariants>
            <CategoryId value="3"/>
            <ModeId value="7"/>
            <MinPlayers value="4"/>
            <MaxPlayers value="16"/>
            <TeamCount value="2"/>
            <AIDifficulty value="6"/>
            <Options index="Premade" value="1"/>
            <Options index="Coop" value="1"/>
        </DefaultVariants>
        <DefaultVariants>
            <CategoryId value="3"/>
            <ModeId value="8"/>
            <MinPlayers value="4"/>
            <MaxPlayers value="16"/>
            <TeamCount value="2"/>
            <AIDifficulty value="7"/>
            <Options index="Premade" value="1"/>
            <Options index="Coop" value="1"/>
        </DefaultVariants>
        <DefaultVariants>
            <CategoryId value="3"/>
            <ModeId value="9"/>
            <MinPlayers value="4"/>
            <MaxPlayers value="16"/>
            <TeamCount value="2"/>
            <AIDifficulty value="8"/>
            <Options index="Premade" value="1"/>
            <Options index="Coop" value="1"/>
        </DefaultVariants>
        <DefaultVariants>
            <CategoryId value="3"/>
            <ModeId value="10"/>
            <MinPlayers value="4"/>
            <MaxPlayers value="16"/>
            <TeamCount value="2"/>
            <AIDifficulty value="9"/>
            <Options index="Premade" value="1"/>
            <Options index="Coop" value="1"/>
        </DefaultVariants>
        <DefaultVariants>
            <CategoryId value="3"/>
            <ModeId value="11"/>
            <MinPlayers value="4"/>
            <MaxPlayers value="16"/>
            <TeamCount value="2"/>
            <AIDifficulty value="10"/>
            <Options index="Premade" value="1"/>
            <Options index="Coop" value="1"/>
        </DefaultVariants>
        <DefaultVariants>
            <CategoryId value="17"/>
            <ModeId value="1"/>
            <MinPlayers value="4"/>
            <MaxPlayers value="16"/>
            <TeamCount value="2"/>
            <PlayersPerTeam value="2"/>
            <PlayersPerTandem value="2"/>
            <Options index="Premade" value="1"/>
        </DefaultVariants>
        <DefaultVariants>
            <CategoryId value="17"/>
            <ModeId value="2"/>
            <MinPlayers value="8"/>
            <MaxPlayers value="16"/>
            <TeamCount value="2"/>
            <PlayersPerTeam value="4"/>
            <PlayersPerTandem value="2"/>
            <Options index="Premade" value="1"/>
        </DefaultVariants>
        <DefaultVariants>
            <CategoryId value="17"/>
            <ModeId value="3"/>
            <MinPlayers value="12"/>
            <MaxPlayers value="16"/>
            <TeamCount value="2"/>
            <PlayersPerTeam value="6"/>
            <PlayersPerTandem value="2"/>
            <Options index="Premade" value="1"/>
        </DefaultVariants>
        <DefaultVariants>
            <CategoryId value="17"/>
            <ModeId value="4"/>
            <MinPlayers value="6"/>
            <MaxPlayers value="16"/>
            <PlayersPerTeam value="2"/>
            <PlayersPerTandem value="2"/>
            <Options index="FreeForAll" value="1"/>
        </DefaultVariants>
        <DefaultVariants>
            <CategoryId value="17"/>
            <ModeId value="5"/>
            <MinPlayers value="12"/>
            <MaxPlayers value="16"/>
            <PlayersPerTeam value="6"/>
            <PlayersPerTandem value="6"/>
            <Options index="Custom" value="1"/>
        </DefaultVariants>
        <DefaultVariants>
            <CategoryId value="19"/>
            <ModeId value="2"/>
            <MinPlayers value="4"/>
            <MaxPlayers value="16"/>
            <TeamCount value="2"/>
            <PlayersPerTandem value="2"/>
            <AIDifficulty value="1"/>
            <Options index="Premade" value="1"/>
            <Options index="Coop" value="1"/>
        </DefaultVariants>
        <DefaultVariants>
            <CategoryId value="19"/>
            <ModeId value="3"/>
            <MinPlayers value="4"/>
            <MaxPlayers value="16"/>
            <TeamCount value="2"/>
            <PlayersPerTandem value="2"/>
            <AIDifficulty value="2"/>
            <Options index="Premade" value="1"/>
            <Options index="Coop" value="1"/>
        </DefaultVariants>
        <DefaultVariants>
            <CategoryId value="19"/>
            <ModeId value="4"/>
            <MinPlayers value="4"/>
            <MaxPlayers value="16"/>
            <TeamCount value="2"/>
            <PlayersPerTandem value="2"/>
            <AIDifficulty value="3"/>
            <Options index="Premade" value="1"/>
            <Options index="Coop" value="1"/>
        </DefaultVariants>
        <DefaultVariants>
            <CategoryId value="19"/>
            <ModeId value="5"/>
            <MinPlayers value="4"/>
            <MaxPlayers value="16"/>
            <TeamCount value="2"/>
            <PlayersPerTandem value="2"/>
            <AIDifficulty value="4"/>
            <Options index="Premade" value="1"/>
            <Options index="Coop" value="1"/>
        </DefaultVariants>
        <DefaultVariants>
            <CategoryId value="19"/>
            <ModeId value="6"/>
            <MinPlayers value="4"/>
            <MaxPlayers value="16"/>
            <TeamCount value="2"/>
            <PlayersPerTandem value="2"/>
            <AIDifficulty value="5"/>
            <Options index="Premade" value="1"/>
            <Options index="Coop" value="1"/>
        </DefaultVariants>
        <DefaultVariants>
            <CategoryId value="19"/>
            <ModeId value="7"/>
            <MinPlayers value="4"/>
            <MaxPlayers value="16"/>
            <TeamCount value="2"/>
            <PlayersPerTandem value="2"/>
            <AIDifficulty value="6"/>
            <Options index="Premade" value="1"/>
            <Options index="Coop" value="1"/>
        </DefaultVariants>
        <DefaultVariants>
            <CategoryId value="19"/>
            <ModeId value="8"/>
            <MinPlayers value="4"/>
            <MaxPlayers value="16"/>
            <TeamCount value="2"/>
            <PlayersPerTandem value="2"/>
            <AIDifficulty value="7"/>
            <Options index="Premade" value="1"/>
            <Options index="Coop" value="1"/>
        </DefaultVariants>
        <DefaultVariants>
            <CategoryId value="19"/>
            <ModeId value="9"/>
            <MinPlayers value="4"/>
            <MaxPlayers value="16"/>
            <TeamCount value="2"/>
            <PlayersPerTandem value="2"/>
            <AIDifficulty value="8"/>
            <Options index="Premade" value="1"/>
            <Options index="Coop" value="1"/>
        </DefaultVariants>
        <DefaultVariants>
            <CategoryId value="19"/>
            <ModeId value="10"/>
            <MinPlayers value="4"/>
            <MaxPlayers value="16"/>
            <TeamCount value="2"/>
            <PlayersPerTandem value="2"/>
            <AIDifficulty value="9"/>
            <Options index="Premade" value="1"/>
            <Options index="Coop" value="1"/>
        </DefaultVariants>
        <DefaultVariants>
            <CategoryId value="19"/>
            <ModeId value="11"/>
            <MinPlayers value="4"/>
            <MaxPlayers value="16"/>
            <TeamCount value="2"/>
            <PlayersPerTandem value="2"/>
            <AIDifficulty value="10"/>
            <Options index="Premade" value="1"/>
            <Options index="Coop" value="1"/>
        </DefaultVariants>
        <DefaultUIRace value="Neut"/>
        <MinCooldownDisplayDuration value="2"/>
        <MinTimeDisplayDuration value="2"/>
        <AchievementTags value="CSTM"/>
        <AchievementTags value="NOAI"/>
        <AchievementTags value="COCA"/>
        <!--By default use all soundtracks; the default has a blank suffix-->
        <AltSoundtrack AltSoundtrackName="UI/SoundOptions/AltSoundtrack/SoundtrackAll"/>
        <TargetModeValidation value="Present"/>
    </CGameUI>
</Catalog>
