<?xml version="1.0" encoding="us-ascii"?>
<Catalog>
    <CHero default="1">
        <Name value="Hero/Name/##id##"/>
        <Flags index="GoodForModeA" value="1"/>
        <Flags index="AllowAIRandomSelection" value="1"/>
        <Model value="##id##"/>
        <Description value="Hero/Description/##id##"/>
        <InfoText value="Hero/Info/##id##"/>
        <Title value="Hero/Title/##id##"/>
        <RequiredRewardArray value="##id##"/>
        <Portrait value="Assets\Textures\UI_targetportrait_Hero_##id##.dds"/>
        <SelectScreenButtonImage value="Assets\Textures\storm_ui_ingame_heroselect_btn_##id##.dds"/>
        <PartyPanelButtonImage value="Assets\Textures\storm_ui_ingame_partypanel_btn_##id##.dds"/>
        <LeaderboardImage value="Assets\Textures\UI_targetportrait_Hero_##id##.dds"/>
        <ScoreScreenImage value="Assets\Textures\storm_ui_ingame_hero_leaderboard_##id##.dds"/>
        <VariationIcon value="Assets/Textures/ui_glues_heroselect_skin_##id##.dds"/>
        <CollectionIcon value="Assets/Textures/storm_ui_glues_draft_portrait_##id##.dds"/>
        <DraftScreenLargeImage value="Assets/Textures/storm_ui_glues_draft_banner_##id##.dds"/>
        <DraftScreenLargeImageBackground value="Assets/Textures/storm_ui_glues_draft_banner_glow_##id##.dds"/>
        <DraftScreenPortrait value="Assets/Textures/storm_ui_glues_draft_portrait_##id##.dds"/>
        <DraftScreenPortraitBackground value="Assets/Textures/storm_ui_glues_draft_portrait_bg_##id##.dds"/>
        <ImageFacing value="Mid"/>
        <AdditionalSearchText value="Hero/AdditionalSearchText/##id##"/>
        <HyperlinkId value="##id##"/>
        <SkinVariationRequiredReward value="##id##SkinVariation1"/>
        <SkinVariationRequiredReward value="##id##SkinVariation2"/>
        <MountVariationRequiredReward value="##id##MountTint1"/>
        <MountVariationRequiredReward value="##id##MountTint2"/>
        <ReleaseDate Month="1" Day="1" Year="2014"/>
    </CHero>
</Catalog>
