<?xml version="1.0" encoding="us-ascii"?>
<Catalog>
    <!-- Abstract entries -->
    <CKinetic default="1">
        <Name value="Kinetic/Name/##id##"/>
        <Chance value="1"/>
        <Duration value="32767.9997"/>
    </CKinetic>
    <!-- Standard entries -->
    <CKineticFollow default="1"/>
    <CKineticRotate default="1"/>
    <CKineticSequence default="1"/>
    <CKineticSet default="1"/>
    <CKineticTranslate default="1"/>
    <CKineticDistance default="1"/>
</Catalog>
