<?xml version="1.0" encoding="us-ascii"?>
<Catalog>
    <CLensFlareSet id="Default">
        <Flare Model="LensFlareSunDefault" Template="Sun"/>
        <Flare Model="LensFlareSimpleGlowDefault" Template="SimpleGlow"/>
        <Flare Model="LensFlareSimpleStreaksDefault" Template="SimpleStreaks"/>
        <Flare Model="LensFlareMedGlowDefault" Template="MedGlow"/>
        <Flare Model="LensFlareMedStreaksDefault" Template="MedStreaks"/>
        <Flare Model="LensFlareLargeGlowDefault" Template="LargeGlow"/>
        <Flare Model="LensFlareLargeStreaksDefault" Template="LargeStreaks"/>
        <Flare Model="LensFlareChromaticAbberationDefault" Template="ChromaticAbberation"/>
        <Flare Model="LensFlareHorizontalFlareDefault" Template="HorizontalFlare"/>
    </CLensFlareSet>
</Catalog>
