<?xml version="1.0" encoding="us-ascii"?>
<Catalog>
    <CLoot default="1"/>
    <CLootSpawn default="1">
        <SpawnOwner value="Neutral"/>
        <SpawnRange value="2"/>
    </CLootSpawn>
    <CLootEffect default="1">
        <Effect value="##id##"/>
    </CLootEffect>
    <CLootItem default="1"/>
    <CLootSet default="1"/>
    <CLootUnit default="1">
        <Unit value="##id##"/>
    </CLootUnit>
    <CLootItem id="TriggerRandomItemGenerator">
        <ClassArray value=""/>
        <MinLevel value="255"/>
    </CLootItem>
    <CLootItem id="TriggerRandomItemGeneratorAnyClass">
        <MinLevel value="255"/>
    </CLootItem>
</Catalog>
