<?xml version="1.0" encoding="us-ascii"?>
<Catalog>
    <CPlayerResponse default="1"/>
    <CPlayerResponseUnit default="1">
        <Location value="Defender"/>
        <Chance value="1"/>
        <CasterFilters value="-;Missile,Destructible,Hidden"/>
        <TargetFilters value="-;Missile,Destructible,Hidden"/>
    </CPlayerResponseUnit>
    <CPlayerResponseUnitDeath default="1">
        <DeathType index="Remove" value="0"/>
    </CPlayerResponseUnitDeath>
    <CPlayerResponseUnitDamage default="1">
        <DeathType index="Remove" value="0"/>
    </CPlayerResponseUnitDamage>
    <CPlayerResponseUnitBirth default="1"/>
</Catalog>
