<?xml version="1.0" encoding="us-ascii"?>
<Catalog>
    <CPreload default="1">
        <Flags index="Automatic" value="1"/>
        <Flags index="Instantiate" value="1"/>
    </CPreload>
    <CPreloadActor default="1">
        <Link value="##id##"/>
    </CPreloadActor>
    <CPreloadConversation default="1">
        <Link value="##id##"/>
    </CPreloadConversation>
    <CPreloadModel default="1">
        <Link value="##id##"/>
    </CPreloadModel>
    <CPreloadSound default="1">
        <Link value="##id##"/>
    </CPreloadSound>
    <CPreloadUnit default="1">
        <Link value="##id##"/>
    </CPreloadUnit>
</Catalog>
