<?xml version="1.0" encoding="us-ascii"?>
<Catalog>
    <CTalent default="1" id="CommanderDefaultSettings">
        <Face value="##id##"/>
    </CTalent>
    <CCampaign id="WingsOfLiberty">
        <CampaignData>
            <Id value="WingsOfLiberty"/>
            <Name value="UI/WingsOfLiberty"/>
            <Description value="UI/WingsOfLibertyDescription"/>
            <ImagePath value="Assets/Textures/ui_battlenet_glue_campaign_mapicon_wings_start.dds"/>
            <LaunchMap value="Campaign/TStory01.SC2Map"/>
            <TutorialMap value="Campaign/TTutorial01.SC2Map"/>
            <SaveName value="LibertyCampaignSave.SC2Save"/>
            <ProgressAchievement value="Campaign_Progress_Liberty"/>
            <PromoTextCN value="UI/CampaignPurchase/CNPurchaseWingsGetSwarm"/>
            <CinematicsImagePath value="Assets/Textures/UI_Battlenet_Glue_Campaign_MapIcon_Wings_Cinematic.dds"/>
            <StorySoFarImagePath value="Assets/Textures/UI_Battlenet_Glue_Campaign_MapIcon_Wings_StorySoFar.dds"/>
            <Movie Name="Movie/Cinematic0" Path="Assets/Textures/Cinematic_BetterMarine.ogv" Source="Campaigns/Liberty.SC2Campaign"/>
            <CampaignBanks value="TCampaign"/>
            <CampaignBanks value="TStory01"/>
            <CampaignBanks value="TRaynor01"/>
            <CampaignBanks value="TRaynor02"/>
            <CampaignBanks value="TRaynor03"/>
            <CampaignBanks value="THanson01"/>
            <CampaignBanks value="THanson02"/>
            <CampaignBanks value="THanson03A"/>
            <CampaignBanks value="THanson03B"/>
            <CampaignBanks value="TTosh01"/>
            <CampaignBanks value="TTosh02"/>
            <CampaignBanks value="TTosh03A"/>
            <CampaignBanks value="TTosh03B"/>
            <CampaignBanks value="THorner01"/>
            <CampaignBanks value="THorner02"/>
            <CampaignBanks value="THorner03"/>
            <CampaignBanks value="THorner04"/>
            <CampaignBanks value="THorner05"/>
            <CampaignBanks value="THorner05S"/>
            <CampaignBanks value="TTychus01"/>
            <CampaignBanks value="TTychus02"/>
            <CampaignBanks value="TTychus03"/>
            <CampaignBanks value="TTychus04"/>
            <CampaignBanks value="TTychus05"/>
            <CampaignBanks value="TZeratul01"/>
            <CampaignBanks value="TZeratul02"/>
            <CampaignBanks value="TZeratul03"/>
            <CampaignBanks value="TZeratul04"/>
            <CampaignBanks value="TValerian01"/>
            <CampaignBanks value="TValerian02A"/>
            <CampaignBanks value="TValerian02B"/>
            <CampaignBanks value="TValerian03"/>
            <TransitionBanks value="TStory01"/>
            <StorySoFarMovie Name="Movie/StorySoFar0" Path="Assets/Textures/video_SCStory_Pt1.ogv" Source="Campaigns/Liberty.SC2Campaign"/>
        </CampaignData>
    </CCampaign>
    <!-- This is the new campaign only Heart of the Swarm license for 4.0 -->
    <CCampaign id="HeartOfTheSwarm">
        <CampaignData>
            <Id value="HeartOfTheSwarm"/>
            <Name value="UI/HeartOfTheSwarm"/>
            <Description value="UI/HeartOfTheSwarmDescription"/>
            <ImagePath value="Assets/Textures/ui_battlenet_glue_campaign_mapicon_swarm_start.dds"/>
            <LaunchMap value="Campaign/Swarm/ZLab01.SC2Map"/>
            <ProgressLaunchMap value="Campaign/Swarm/ZStoryLab.SC2Map"/>
            <SaveName value="SwarmCampaignSave.SC2Save"/>
            <CompletedSaveName value="SwarmCampaignCompletedSave.SC2Save"/>
            <PublishArchiveName value="SwarmPublishArchive.SC2Save"/>
            <ProgressAchievement value="Campaign_Progress_Swarm"/>
            <ShowArchivesButton value="1"/>
            <ArchiveDisabledTooltip value="UI/HeartOfTheSwarmArchivesTooltip"/>
            <PromoProduct value="22001"/>
            <PromoPurchaseWarningTitle value="UI/CampaignPurchase/PromoPurchaseWarningTitle"/>
            <PromoPurchaseWarningMessage value="UI/CampaignPurchase/PromoPurchaseWarningMessage"/>
            <PromoText value="UI/CampaignPurchase/PromoWarningLotVGetSwarm"/>
            <PromoTextCN value="UI/CampaignPurchase/CNPurchaseSwarmGetWings"/>
            <CinematicsImagePath value="Assets/Textures/UI_Battlenet_Glue_Campaign_MapIcon_Swarm_Cinematic.dds"/>
            <StorySoFarImagePath value="Assets/Textures/UI_Battlenet_Glue_Campaign_MapIcon_Swarm_StorySoFar.dds"/>
            <FeaturedImagePath value="Assets/Textures/SC2_UI_Collection_Featured_Bundle_HeartoftheSwarm.dds"/>
            <FeaturedDescription value="Campaign/Description/HeartOfTheSwarmLicenseOnly"/>
            <Movie Name="Movie/Cinematic4" Path="Assets/Textures/cinematic_swarm_intro.ogv" Source="Campaigns/Swarm.SC2Campaign"/>
            <CampaignBanks value="ZCampaign"/>
            <CampaignBanks value="ZStory"/>
            <CampaignBanks value="ZArmy"/>
            <CampaignBanks value="ZStoryTransition"/>
            <CampaignBanks value="DebugBank"/>
            <CampaignBanks value="ZSSTempConvoBank"/>
            <TransitionBanks value="ZStoryTransition"/>
            <TransitionBanks value="DebugBank"/>
            <TransitionBanks value="ZSSTempConvoBank"/>
            <TransitionBanks value="TCampaign"/>
            <TransitionBanks value="ZCampaign"/>
            <TransitionBanks value="ZStory"/>
            <TransitionBanks value="ZArmy"/>
            <StorySoFarMovie Name="Movie/StorySoFar1" Path="Assets/Textures/video_SCStory_Pt12.ogv" Source="Campaigns/Swarm.SC2Campaign"/>
        </CampaignData>
        <StoreName value="Campaign/StoreName/HeartOfTheSwarm"/>
        <ProductId value="32210"/>
        <PurchaseProductIdArray value="32210"/>
        <PurchaseProductIdArray value="32192"/>
        <PurchaseProductIdArray value="32212"/>
        <ScreenshotImage1 value="Assets\Textures\SC2_UI_Collection_Featured_Bundle_Screenshot_HeartoftheSwarm_A.dds"/>
        <ScreenshotImage2 value="Assets\Textures\SC2_UI_Collection_Featured_Bundle_Screenshot_HeartoftheSwarm_B.dds"/>
        <ScreenshotImage3 value="Assets\Textures\SC2_UI_Collection_Featured_Bundle_Screenshot_HeartoftheSwarm_C.dds"/>
        <ScreenshotImage4 value="Assets\Textures\SC2_UI_Collection_Featured_Bundle_Screenshot_HeartoftheSwarm_D.dds"/>
        <ScreenshotImage5 value="Assets\Textures\SC2_UI_Collection_Featured_Bundle_Screenshot_HeartoftheSwarm_E.dds"/>
        <LearnMoreBackgroundImage value="Assets\Textures\UI_Battlenet_Glue_Campaign_Purchase_Logo_Swarm.dds"/>
        <LearnMoreImage1 value="Assets\Textures\UI_Battlenet_Glue_Campaign_Purchase_Thumb_Swarm_Standard_01.dds"/>
        <LearnMoreImage2 value="Assets\Textures\UI_Battlenet_Glue_Campaign_Purchase_Thumb_Swarm_Standard_02.dds"/>
        <LearnMoreImage3 value="Assets\Textures\UI_Battlenet_Glue_Campaign_Purchase_Thumb_Swarm_Standard_03.dds"/>
        <LearnMoreTitleText1 value="UI/CampaignPurchase/InfoDialog/Swarm/Standard/Item1/Title"/>
        <LearnMoreTitleText2 value="UI/CampaignPurchase/InfoDialog/Swarm/Standard/Item2/Title"/>
        <LearnMoreTitleText3 value="UI/CampaignPurchase/InfoDialog/Swarm/Standard/Item3/Title"/>
        <LearnMoreBodyText1 value="UI/CampaignPurchase/InfoDialog/Swarm/Standard/Item1/Description"/>
        <LearnMoreBodyText2 value="UI/CampaignPurchase/InfoDialog/Swarm/Standard/Item2/Description"/>
        <LearnMoreBodyText3 value="UI/CampaignPurchase/InfoDialog/Swarm/Standard/Item3/Description"/>
    </CCampaign>
    <!-- This is created to support the old box licenses (pre-4.0 for Heart of the Swarm within our UI) -->
    <CCampaign id="HeartOfTheSwarmLicenseOnly">
        <CampaignData Id="HeartOfTheSwarmLicenseOnly" Name="Campaign/Name/HeartOfTheSwarmLicenseOnly" FeaturedImagePath="Assets/Textures/SC2_UI_Collection_Featured_Bundle_HeartoftheSwarm.dds"/>
        <ProductId value="32194"/>
        <ScreenshotImage1 value="Assets\Textures\SC2_UI_Collection_Featured_Bundle_Screenshot_HeartoftheSwarm_A.dds"/>
        <ScreenshotImage2 value="Assets\Textures\SC2_UI_Collection_Featured_Bundle_Screenshot_HeartoftheSwarm_B.dds"/>
        <ScreenshotImage3 value="Assets\Textures\SC2_UI_Collection_Featured_Bundle_Screenshot_HeartoftheSwarm_C.dds"/>
        <ScreenshotImage4 value="Assets\Textures\SC2_UI_Collection_Featured_Bundle_Screenshot_HeartoftheSwarm_D.dds"/>
        <ScreenshotImage5 value="Assets\Textures\SC2_UI_Collection_Featured_Bundle_Screenshot_HeartoftheSwarm_E.dds"/>
        <LearnMoreBackgroundImage value="Assets\Textures\UI_Battlenet_Glue_Campaign_Purchase_Logo_Swarm.dds"/>
        <LearnMoreImage1 value="Assets\Textures\UI_Battlenet_Glue_Campaign_Purchase_Thumb_Swarm_Standard_01.dds"/>
        <LearnMoreImage2 value="Assets\Textures\UI_Battlenet_Glue_Campaign_Purchase_Thumb_Swarm_Standard_02.dds"/>
        <LearnMoreImage3 value="Assets\Textures\UI_Battlenet_Glue_Campaign_Purchase_Thumb_Swarm_Standard_03.dds"/>
        <LearnMoreTitleText1 value="UI/CampaignPurchase/InfoDialog/Swarm/Standard/Item1/Title"/>
        <LearnMoreTitleText2 value="UI/CampaignPurchase/InfoDialog/Swarm/Standard/Item2/Title"/>
        <LearnMoreTitleText3 value="UI/CampaignPurchase/InfoDialog/Swarm/Standard/Item3/Title"/>
        <LearnMoreBodyText1 value="UI/CampaignPurchase/InfoDialog/Swarm/Standard/Item1/Description"/>
        <LearnMoreBodyText2 value="UI/CampaignPurchase/InfoDialog/Swarm/Standard/Item2/Description"/>
        <LearnMoreBodyText3 value="UI/CampaignPurchase/InfoDialog/Swarm/Standard/Item3/Description"/>
    </CCampaign>
    <CCampaign id="LegacyOfTheVoidPrologue">
        <CampaignData>
            <Id value="LegacyOfTheVoidPrologue"/>
            <Name value="UI/LegacyOfTheVoidPrologue"/>
            <Subtitle value="UI/LegacyOfTheVoidPrologueSubtitle"/>
            <Description value="UI/LegacyOfTheVoidPrologueDescription"/>
            <ImagePath value="Assets/Textures/ui_battlenet_glue_campaign_mapicon_prologue_start.dds"/>
            <LaunchMap value="Campaign/VoidPrologue/VoidPrologue01.SC2Map"/>
            <ProgressLaunchMap value="Campaign/Void/VoidPrologue01.SC2Map"/>
            <SaveName value="VoidPrologueCampaignSave.SC2Save"/>
            <CompletedSaveName value="VoidPrologueCampaignCompletedSave.SC2Save"/>
            <PublishArchiveName value="VoidProloguePublishArchive.SC2Save"/>
            <ProgressAchievement value="Campaign_Progress_VoidPrologue"/>
            <ShowArchivesButton value="1"/>
            <ArchiveDisabledTooltip value="UI/HeartOfTheSwarmArchivesTooltip"/>
            <SubPanelImage value="Assets/Textures/UI_Battlenet_Glue_Campaign_SubselectionIcon_Prologue.dds"/>
            <CampaignBanks value="PPrologue"/>
            <TransitionBanks value="TCampaign"/>
        </CampaignData>
    </CCampaign>
    <!-- This is the new campaign only Legacy of the Void license for 4.0 -->
    <CCampaign id="LegacyOfTheVoid">
        <CampaignData>
            <Id value="LegacyOfTheVoid"/>
            <Name value="Campaign/ShortName/LegacyOfTheVoid"/>
            <Subtitle value="UI/LegacyOfTheVoidMainStorySubtitle"/>
            <Description value="UI/LegacyOfTheVoidDescription"/>
            <ImagePath value="Assets/Textures/ui_battlenet_glue_campaign_mapicon_void_start.dds"/>
            <LaunchMap value="Campaign/Void/PAiur01.SC2Map"/>
            <ProgressLaunchMap value="Campaign/Void/PStory01.SC2Map"/>
            <SaveName value="VoidCampaignSave.SC2Save"/>
            <CompletedSaveName value="VoidCampaignCompletedSave.SC2Save"/>
            <PublishArchiveName value="VoidPublishArchive.SC2Save"/>
            <ProgressAchievement value="Campaign_Progress_Void"/>
            <ShowArchivesButton value="1"/>
            <ArchiveDisabledTooltip value="UI/HeartOfTheSwarmArchivesTooltip"/>
            <PromoProduct value="22001"/>
            <PromoText value="UI/CampaignPurchase/PromoPurchaseLotVGetSwarm"/>
            <CinematicsImagePath value="Assets/Textures/UI_Battlenet_Glue_Campaign_MapIcon_Void_Cinematic.dds"/>
            <StorySoFarImagePath value="Assets/Textures/UI_Battlenet_Glue_Campaign_MapIcon_Void_StorySoFar.dds"/>
            <SubPanelImage value="Assets/Textures/UI_Battlenet_Glue_Campaign_SubselectionIcon_Void.dds"/>
            <FeaturedImagePath value="Assets/Textures/SC2_UI_Collection_Featured_Bundle_LegacyoftheVoid.dds"/>
            <FeaturedDescription value="Campaign/Description/LegacyOfTheVoidLicenseOnly"/>
            <Movie Name="Movie/Cinematic4" Path="Assets/Textures/cinematic_voidintro.ogv" Source="Mods/Liberty.SC2Mod"/>
            <CampaignBanks value="PCampaign"/>
            <CampaignBanks value="PStory"/>
            <CampaignBanks value="PArmy"/>
            <CampaignBanks value="PStoryTransition"/>
            <CampaignBanks value="DebugBank"/>
            <CampaignBanks value="PSTempConvoBank"/>
            <TransitionBanks value="PStoryTransition"/>
            <TransitionBanks value="DebugBank"/>
            <TransitionBanks value="PSTempConvoBank"/>
            <TransitionBanks value="TCampaign"/>
            <TransitionBanks value="PCampaign"/>
            <TransitionBanks value="PStory"/>
            <TransitionBanks value="PArmy"/>
            <StorySoFarMovie Name="Movie/StorySoFar2" Path="Assets/Textures/video_SCStory_Full.ogv" Source="Mods/Liberty.SC2Mod"/>
        </CampaignData>
        <StoreName value="Campaign/StoreName/LegacyOfTheVoid"/>
        <ProductId value="32191"/>
        <PurchaseProductIdArray value="32191"/>
        <PurchaseProductIdArray value="32192"/>
        <PurchaseProductIdArray value="32212"/>
        <ScreenshotImage1 value="Assets\Textures\SC2_UI_Collection_Featured_Bundle_Screenshot_LegacyoftheVoid_A.dds"/>
        <ScreenshotImage2 value="Assets\Textures\SC2_UI_Collection_Featured_Bundle_Screenshot_LegacyoftheVoid_B.dds"/>
        <ScreenshotImage3 value="Assets\Textures\SC2_UI_Collection_Featured_Bundle_Screenshot_LegacyoftheVoid_C.dds"/>
        <ScreenshotImage4 value="Assets\Textures\SC2_UI_Collection_Featured_Bundle_Screenshot_LegacyoftheVoid_D.dds"/>
        <ScreenshotImage5 value="Assets\Textures\SC2_UI_Collection_Featured_Bundle_Screenshot_LegacyoftheVoid_E.dds"/>
        <LearnMoreBackgroundImage value="Assets\Textures\UI_Battlenet_Glue_Campaign_Purchase_Logo_Void.dds"/>
        <LearnMoreImage1 value="Assets\Textures\UI_Battlenet_Glue_Campaign_Purchase_Thumb_Void_Standard_01.dds"/>
        <LearnMoreImage2 value="Assets\Textures\UI_Battlenet_Glue_Campaign_Purchase_Thumb_Void_Standard_02.dds"/>
        <LearnMoreImage3 value="Assets\Textures\UI_Battlenet_Glue_Campaign_Purchase_Thumb_Void_Standard_03.dds"/>
        <LearnMoreTitleText1 value="UI/CampaignPurchase/InfoDialog/Void/Standard/Item1/Title"/>
        <LearnMoreTitleText2 value="UI/CampaignPurchase/InfoDialog/Void/Standard/Item2/Title"/>
        <LearnMoreTitleText3 value="UI/CampaignPurchase/InfoDialog/Void/Standard/Item3/Title"/>
        <LearnMoreBodyText1 value="UI/CampaignPurchase/InfoDialog/Void/Standard/Item1/Description"/>
        <LearnMoreBodyText2 value="UI/CampaignPurchase/InfoDialog/Void/Standard/Item2/Description"/>
        <LearnMoreBodyText3 value="UI/CampaignPurchase/InfoDialog/Void/Standard/Item3/Description"/>
    </CCampaign>
    <CCampaign id="LegacyOfTheVoidEpilogue">
        <CampaignData>
            <Id value="LegacyOfTheVoidEpilogue"/>
            <Name value="UI/LegacyOfTheVoidEpilogue"/>
            <Subtitle value="UI/LegacyOfTheVoidEpilogueSubtitle"/>
            <Description value="UI/LegacyOfTheVoidEpilogueDescription"/>
            <ImagePath value="Assets/Textures/ui_battlenet_glue_campaign_mapicon_epilogue_start.dds"/>
            <LaunchMap value="Campaign/Void/SC2Epilogue01.SC2Map"/>
            <ProgressLaunchMap value="Campaign/Void/PStory01.SC2Map"/>
            <SaveName value="VoidEpilogueCampaignSave.SC2Save"/>
            <CompletedSaveName value="VoidEpilogueCampaignCompletedSave.SC2Save"/>
            <PublishArchiveName value="VoidEpiloguePublishArchive.SC2Save"/>
            <ProgressAchievement value="Campaign_Progress_VoidEpilogue"/>
            <ShowArchivesButton value="1"/>
            <ArchiveDisabledTooltip value="UI/HeartOfTheSwarmArchivesTooltip"/>
            <PrerequisiteCampaignId value="LegacyOfTheVoid"/>
            <PrerequisitesNotMetTooltip value="UI/LegacyOfTheVoidEpilogueNotAvailableTooltip"/>
            <SubPanelImage value="Assets\Textures\UI_Battlenet_Glue_Campaign_SubselectionIcon_Epilogue.dds"/>
            <CampaignBanks value="SC2Epilogue"/>
            <CampaignBanks value="DebugBank"/>
            <TransitionBanks value="DebugBank"/>
            <TransitionBanks value="TCampaign"/>
            <TransitionBanks value="PCampaign"/>
            <TransitionBanks value="PStory"/>
            <TransitionBanks value="PStoryTransition"/>
        </CampaignData>
    </CCampaign>
    <!-- This is created to support the old box licenses (pre-4.0 for Legacy of the Void within our UI) -->
    <CCampaign id="LegacyOfTheVoidLicenseOnly">
        <CampaignData Id="LegacyOfTheVoidLicenseOnly" Name="Campaign/Name/LegacyOfTheVoidLicenseOnly" FeaturedImagePath="Assets/Textures/SC2_UI_Collection_Featured_Bundle_LegacyoftheVoid.dds"/>
        <ProductId value="32193"/>
        <ScreenshotImage1 value="Assets\Textures\SC2_UI_Collection_Featured_Bundle_Screenshot_LegacyoftheVoid_A.dds"/>
        <ScreenshotImage2 value="Assets\Textures\SC2_UI_Collection_Featured_Bundle_Screenshot_LegacyoftheVoid_B.dds"/>
        <ScreenshotImage3 value="Assets\Textures\SC2_UI_Collection_Featured_Bundle_Screenshot_LegacyoftheVoid_C.dds"/>
        <ScreenshotImage4 value="Assets\Textures\SC2_UI_Collection_Featured_Bundle_Screenshot_LegacyoftheVoid_D.dds"/>
        <ScreenshotImage5 value="Assets\Textures\SC2_UI_Collection_Featured_Bundle_Screenshot_LegacyoftheVoid_E.dds"/>
        <LearnMoreBackgroundImage value="Assets\Textures\UI_Battlenet_Glue_Campaign_Purchase_Logo_Void.dds"/>
        <LearnMoreImage1 value="Assets\Textures\UI_Battlenet_Glue_Campaign_Purchase_Thumb_Void_Standard_01.dds"/>
        <LearnMoreImage2 value="Assets\Textures\UI_Battlenet_Glue_Campaign_Purchase_Thumb_Void_Standard_02.dds"/>
        <LearnMoreImage3 value="Assets\Textures\UI_Battlenet_Glue_Campaign_Purchase_Thumb_Swarm_Standard_03.dds"/>
        <LearnMoreTitleText1 value="UI/CampaignPurchase/InfoDialog/Void/Standard/Item1/Title"/>
        <LearnMoreTitleText2 value="UI/CampaignPurchase/InfoDialog/Void/Standard/Item2/Title"/>
        <LearnMoreTitleText3 value="UI/CampaignPurchase/InfoDialog/Void/Standard/Item3/Title"/>
        <LearnMoreBodyText1 value="UI/CampaignPurchase/InfoDialog/Void/Standard/Item1/Description"/>
        <LearnMoreBodyText2 value="UI/CampaignPurchase/InfoDialog/Void/Standard/Item2/Description"/>
        <LearnMoreBodyText3 value="UI/CampaignPurchase/InfoDialog/Void/Standard/Item3/Description"/>
    </CCampaign>
    <CCampaign id="NovaDLC1">
        <CampaignData>
            <Id value="NovaDLC1"/>
            <Name value="UI/NovaCampaign01"/>
            <Description value="UI/NovaCampaign01Description"/>
            <ImagePath value="Assets/Textures/UI_Battlenet_Glue_Campaign_Purchase_Thumb_Nova_1.dds"/>
            <LaunchMap value="Campaign/Nova/Nova01.SC2Map"/>
            <ProgressLaunchMap value="Campaign/Nova/NStory01.SC2Map"/>
            <SaveName value="NovaCampaign01Save.SC2Save"/>
            <CompletedSaveName value="NovaCampaign01CompletedSave.SC2Save"/>
            <PublishArchiveName value="Nova01PublishArchive.SC2Save"/>
            <ProgressAchievement value="Campaign_Progress_MissionPacks"/>
            <ShowArchivesButton value="1"/>
            <ArchiveDisabledTooltip value="UI/HeartOfTheSwarmArchivesTooltip"/>
            <CinematicsImagePath value="Assets/Textures/UI_Battlenet_Glue_Campaign_Purchase_Thumb_Small_Nova_MP1.dds"/>
            <CompletedCampaignImagePath value="Assets/Textures/UI_Battlenet_Glue_Campaign_Nova_Thumb_Small_Nova_MP1End.dds"/>
            <FeaturedImagePath value="Assets/Textures/SC2_UI_Collection_Featured_Bundle_NovaCovertOps_MissionPack1.dds"/>
            <FeaturedDescription value="UI/CampaignPurchase/InfoDialog/Nova/MissionPack1/Item1/Description"/>
            <CampaignBanks value="NCampaign"/>
            <CampaignBanks value="NStory"/>
            <CampaignBanks value="NArmy"/>
            <CampaignBanks value="NStoryTransition"/>
            <CampaignBanks value="DebugBank"/>
            <TransitionBanks value="NStoryTransition"/>
            <TransitionBanks value="DebugBank"/>
            <TransitionBanks value="NStory"/>
            <TransitionBanks value="NArmy"/>
        </CampaignData>
        <StoreName value="Campaign/StoreName/NovaDLC1"/>
        <ProductId value="21299"/>
        <PurchaseProductIdArray value="32229"/>
        <PurchaseProductIdArray value="32192"/>
        <PurchaseProductIdArray value="32212"/>
        <ShortName value="UI/NovaCampaign01ShortName"/>
        <StoreTypeName value="UI/StoreTypeName/MissionPack"/>
        <ScreenshotImage1 value="Assets\Textures\SC2_UI_Collection_Featured_Bundle_Screenshot_NovaCovertOps_MissionPack1_A.dds"/>
        <ScreenshotImage2 value="Assets\Textures\SC2_UI_Collection_Featured_Bundle_Screenshot_NovaCovertOps_MissionPack1_B.dds"/>
        <ScreenshotImage3 value="Assets\Textures\SC2_UI_Collection_Featured_Bundle_Screenshot_NovaCovertOps_MissionPack1_C.dds"/>
        <ScreenshotImage4 value="Assets\Textures\SC2_UI_Collection_Featured_Bundle_Screenshot_NovaCovertOps_MissionPack1_D.dds"/>
    </CCampaign>
    <CCampaign id="NovaDLC2">
        <CampaignData>
            <Id value="NovaDLC2"/>
            <Name value="UI/NovaCampaign02"/>
            <Description value="UI/NovaCampaign02Description"/>
            <ImagePath value="Assets/Textures/UI_Battlenet_Glue_Campaign_Purchase_Thumb_Nova_1.dds"/>
            <LaunchMap value="Campaign/Nova/Nova01.SC2Map"/>
            <ProgressLaunchMap value="Campaign/Nova/NStory01.SC2Map"/>
            <SaveName value="NovaCampaign01Save.SC2Save"/>
            <CompletedSaveName value="NovaCampaign01CompletedSave.SC2Save"/>
            <PublishArchiveName value="Nova01PublishArchive.SC2Save"/>
            <ShowArchivesButton value="1"/>
            <CinematicsImagePath value="Assets/Textures/UI_Battlenet_Glue_Campaign_Purchase_Thumb_Small_Nova_MP2.dds"/>
            <UnavailableMessageNotPurchased value="UI/NovaDLC2NotMessagePurchased"/>
            <UnavailableMessagePreReleaseOwned value="UI/NovaDLC2MessagePreReleaseOwned"/>
            <UnavailableMessagePreReleaseNotOwned value="UI/NovaDLC2MessagePreReleaseNotOwned"/>
            <CompletedCampaignImagePath value="Assets/Textures/UI_Battlenet_Glue_Campaign_Nova_Thumb_Small_Nova_MP2End.dds"/>
            <FeaturedImagePath value="Assets/Textures/SC2_UI_Collection_Featured_Bundle_NovaCovertOps_MissionPack2.dds"/>
            <FeaturedDescription value="UI/CampaignPurchase/InfoDialog/Nova/MissionPack2/Item1/Description"/>
            <CampaignBanks value="NCampaign"/>
            <CampaignBanks value="NStory"/>
            <CampaignBanks value="NArmy"/>
            <CampaignBanks value="NStoryTransition"/>
            <CampaignBanks value="DebugBank"/>
            <TransitionBanks value="NStoryTransition"/>
            <TransitionBanks value="DebugBank"/>
        </CampaignData>
        <StoreName value="Campaign/StoreName/NovaDLC2"/>
        <ProductId value="21303"/>
        <PurchaseProductIdArray value="32229"/>
        <ShortName value="UI/NovaCampaign02ShortName"/>
        <StoreTypeName value="UI/StoreTypeName/MissionPack"/>
        <ScreenshotImage1 value="Assets\Textures\SC2_UI_Collection_Featured_Bundle_Screenshot_NovaCovertOps_MissionPack2_A.dds"/>
        <ScreenshotImage2 value="Assets\Textures\SC2_UI_Collection_Featured_Bundle_Screenshot_NovaCovertOps_MissionPack2_B.dds"/>
        <ScreenshotImage3 value="Assets\Textures\SC2_UI_Collection_Featured_Bundle_Screenshot_NovaCovertOps_MissionPack2_C.dds"/>
        <ScreenshotImage4 value="Assets\Textures\SC2_UI_Collection_Featured_Bundle_Screenshot_NovaCovertOps_MissionPack2_D.dds"/>
    </CCampaign>
    <CCampaign id="NovaDLC3">
        <CampaignData>
            <Id value="NovaDLC3"/>
            <Name value="UI/NovaCampaign03"/>
            <Description value="UI/NovaCampaign03Description"/>
            <ImagePath value="Assets/Textures/UI_Battlenet_Glue_Campaign_Purchase_Thumb_Nova_1.dds"/>
            <LaunchMap value="Campaign/Nova/Nova01.SC2Map"/>
            <ProgressLaunchMap value="Campaign/Nova/NStory01.SC2Map"/>
            <SaveName value="NovaCampaign01Save.SC2Save"/>
            <CompletedSaveName value="NovaCampaign01CompletedSave.SC2Save"/>
            <PublishArchiveName value="Nova01PublishArchive.SC2Save"/>
            <ShowArchivesButton value="1"/>
            <CinematicsImagePath value="Assets/Textures/UI_Battlenet_Glue_Campaign_Purchase_Thumb_Small_Nova_MP3.dds"/>
            <UnavailableMessageNotPurchased value="UI/NovaDLC3NotMessagePurchased"/>
            <UnavailableMessagePreReleaseOwned value="UI/NovaDLC3MessagePreReleaseOwned"/>
            <UnavailableMessagePreReleaseNotOwned value="UI/NovaDLC3MessagePreReleaseNotOwned"/>
            <CompletedCampaignImagePath value="Assets/Textures/UI_Battlenet_Glue_Campaign_Nova_Thumb_Small_Nova_MP3End.dds"/>
            <FeaturedImagePath value="Assets/Textures/SC2_UI_Collection_Featured_Bundle_NovaCovertOps_MissionPack3.dds"/>
            <FeaturedDescription value="UI/CampaignPurchase/InfoDialog/Nova/MissionPack3/Item1/Description"/>
            <CampaignBanks value="NCampaign"/>
            <CampaignBanks value="NStory"/>
            <CampaignBanks value="NArmy"/>
            <CampaignBanks value="NStoryTransition"/>
            <CampaignBanks value="DebugBank"/>
            <TransitionBanks value="NStoryTransition"/>
            <TransitionBanks value="DebugBank"/>
        </CampaignData>
        <StoreName value="Campaign/StoreName/NovaDLC3"/>
        <ProductId value="22860"/>
        <PurchaseProductIdArray value="32229"/>
        <ShortName value="UI/NovaCampaign03ShortName"/>
        <StoreTypeName value="UI/StoreTypeName/MissionPack"/>
        <ScreenshotImage1 value="Assets\Textures\SC2_UI_Collection_Featured_Bundle_Screenshot_NovaCovertOps_MissionPack3_A.dds"/>
        <ScreenshotImage2 value="Assets\Textures\SC2_UI_Collection_Featured_Bundle_Screenshot_NovaCovertOps_MissionPack3_B.dds"/>
        <ScreenshotImage3 value="Assets\Textures\SC2_UI_Collection_Featured_Bundle_Screenshot_NovaCovertOps_MissionPack3_C.dds"/>
        <ScreenshotImage4 value="Assets\Textures\SC2_UI_Collection_Featured_Bundle_Screenshot_NovaCovertOps_MissionPack3_D.dds"/>
    </CCampaign>
    <CCampaign id="CompleteEdition">
        <CampaignData>
            <Id value="CompleteEdition"/>
            <Name value="UI/CompleteEdition"/>
            <ImagePath value="Assets/Textures/ui_battlenet_glue_campaign_mapicon_void_start.dds"/>
            <CinematicsImagePath value="Assets/Textures/UI_Battlenet_Glue_Campaign_MapIcon_Void_Cinematic.dds"/>
            <Movie Name="Movie/Cinematic4" Path="Assets/Textures/cinematic_voidintro.ogv" Source="Mods/Liberty.SC2Mod"/>
        </CampaignData>
    </CCampaign>
    <CCampaign id="NovaDLC1NoBundle">
        <CampaignData>
            <Id value="NovaDLC1NoBundle"/>
            <Name value="UI/NovaCampaign01"/>
            <ImagePath value="Assets/Textures/UI_Battlenet_Glue_Campaign_Purchase_Thumb_Nova_1.dds"/>
            <CinematicsImagePath value="Assets/Textures/UI_Battlenet_Glue_Campaign_Purchase_Thumb_Small_Nova_MP1.dds"/>
        </CampaignData>
        <ProductId value="21299"/>
        <StoreTypeName value="UI/StoreTypeName/MissionPack"/>
    </CCampaign>
    <CCampaign id="NovaDLC3NoSkin">
        <CampaignData>
            <Id value="NovaDLC1NoSkin"/>
            <Name value="UI/NovaCampaign03"/>
            <ImagePath value="Assets/Textures/UI_Battlenet_Glue_Campaign_Purchase_Thumb_Nova_1.dds"/>
            <CinematicsImagePath value="Assets/Textures/UI_Battlenet_Glue_Campaign_Purchase_Thumb_Small_Nova_MP3.dds"/>
        </CampaignData>
        <StoreTypeName value="UI/StoreTypeName/MissionPack"/>
    </CCampaign>
    <CCampaign id="NovaDLCBundle">
        <CampaignData>
            <Id value="NovaDLCBundle"/>
            <Name value="UI/NovaDLCBundle"/>
            <ImagePath value="Assets/Textures/ui_battlenet_glue_campaign_mapicon_void_start.dds"/>
            <CinematicsImagePath value="Assets/Textures/UI_Battlenet_Glue_Campaign_Purchase_Thumb_Small_Nova_Bundle.dds"/>
        </CampaignData>
        <StoreTypeName value="UI/StoreTypeName/MissionBundle"/>
    </CCampaign>
    <CCampaign id="WingsOfLibertyCollectorLicense">
        <CampaignData Id="WingsOfLibertyCollectorLicense" Name="Campaign/Name/WingsOfLibertyCollectorLicense" FeaturedDescription="UI/CampaignPurchase/InfoDialog/CompleteCollectionDeluxe/Item3/Description"/>
        <StoreName value="Campaign/StoreName/WingsOfLibertyCollectorLicense"/>
        <ProductId value="32070"/>
        <StoreTypeName value="UI/StoreTypeName/DigitalDeluxeLicense"/>
    </CCampaign>
    <CCampaign id="HeartOfTheSwarmCollectorLicense">
        <CampaignData Id="HeartOfTheSwarmCollectorLicense" Name="Campaign/Name/HeartOfTheSwarmCollectorLicense" FeaturedDescription="UI/CampaignPurchase/InfoDialog/CompleteCollectionDeluxe/Item2/Description"/>
        <StoreName value="Campaign/StoreName/HeartOfTheSwarmCollectorLicense"/>
        <ProductId value="32093"/>
        <StoreTypeName value="UI/StoreTypeName/DigitalDeluxeLicense"/>
    </CCampaign>
    <CCampaign id="LegacyOfTheVoidCollectorLicense">
        <CampaignData Id="LegacyOfTheVoidCollectorLicense" Name="Campaign/Name/LegacyOfTheVoidCollectorLicense" FeaturedDescription="UI/CampaignPurchase/InfoDialog/CompleteCollectionDeluxe/Item1/Description"/>
        <StoreName value="Campaign/StoreName/LegacyOfTheVoidCollectorLicense"/>
        <ProductId value="32091"/>
        <StoreTypeName value="UI/StoreTypeName/DigitalDeluxeLicense"/>
    </CCampaign>
    <CModel id="UI_TournamentLanding_Nebula" parent="SMSET">
        <Model value="Assets\UI\Glues\Tournament\UI_TournamentLanding_Nebula\UI_TournamentLanding_Nebula.m3"/>
    </CModel>
    <CModel id="UI_TournamentLanding_FrontPlanetFlare" parent="SMSET">
        <Model value="Assets\UI\Glues\Tournament\UI_TournamentLanding_FrontPlanetFlare\UI_TournamentLanding_FrontPlanetFlare.m3"/>
    </CModel>
    <CModel id="UI_TournamentLanding_FrontPlanet" parent="SMSET">
        <Model value="Assets\UI\Glues\Tournament\UI_TournamentLanding_FrontPlanet\UI_TournamentLanding_FrontPlanet.m3"/>
    </CModel>
    <CModel id="UI_Screens_AlliedCommander_BG" parent="SMSET">
        <Model value="Assets\UI\Glues\AlliedCommander\UI_Screens_AlliedCommander_BG\UI_Screens_AlliedCommander_BG.m3"/>
    </CModel>
    <CModel id="UI_Screens_Zeratul_Prologue_BG" parent="SMSET">
        <Model value="Assets\UI\Glues\Prologue\UI_Screens_Zeratul_Prologue_BG\UI_Screens_Zeratul_Prologue_BG.m3"/>
    </CModel>
    <CModel id="UI_Screens_Zeratul_Prologue_Smoke" parent="SMSET">
        <Model value="Assets\UI\Glues\Prologue\UI_Screens_Zeratul_Prologue_Smoke\UI_Screens_Zeratul_Prologue_Smoke.m3"/>
    </CModel>
    <CModel id="UI_Screens_Zeratul_Prologue_SunFlare" parent="SMSET">
        <Model value="Assets\UI\Glues\Prologue\UI_Screens_Zeratul_Prologue_SunFlare\UI_Screens_Zeratul_Prologue_SunFlare.m3"/>
    </CModel>
    <CModel id="GlueZeratul" parent="SMCHARACTER" Race="Protoss">
        <Model value="Assets\StoryModeCharacters\Protoss\SMX2_Zeratul\SMX2_Zeratul.m3"/>
        <RequiredAnims value="Assets\StoryModeCharacters\Protoss\SMX1_Zeratul_FacialAnims\SMX1_Zeratul_FacialAnims.m3a"/>
        <RequiredAnims value="Assets\StoryModeCharacters\Protoss\SMX2_Zeratul_RequiredAnims\SMX2_Zeratul_RequiredAnims.m3a"/>
    </CModel>
    <CModel id="Glue_GenericRocks00" parent="SMSET">
        <Model value="Assets\StoryModeSets\Protoss\SMX2_GenericRocks\SMX2_GenericRocks_00.m3"/>
    </CModel>
    <CModel id="Glue_GenericRocks01" parent="SMSET">
        <Model value="Assets\StoryModeSets\Protoss\SMX2_GenericRocks\SMX2_GenericRocks_01.m3"/>
    </CModel>
    <CModel id="Glue_GenericRocks02" parent="SMSET">
        <Model value="Assets\StoryModeSets\Protoss\SMX2_GenericRocks\SMX2_GenericRocks_02.m3"/>
    </CModel>
    <CModel id="Glue_GenericRocks03" parent="SMSET">
        <Model value="Assets\StoryModeSets\Protoss\SMX2_GenericRocks\SMX2_GenericRocks_03.m3"/>
    </CModel>
    <CModel id="Glue_GenericRocks04" parent="SMSET">
        <Model value="Assets\StoryModeSets\Protoss\SMX2_GenericRocks\SMX2_GenericRocks_04.m3"/>
    </CModel>
    <CModel id="Glue_GenericRocks05" parent="SMSET">
        <Model value="Assets\StoryModeSets\Protoss\SMX2_GenericRocks\SMX2_GenericRocks_05.m3"/>
    </CModel>
    <CModel id="Glue_GenericRocks06" parent="SMSET">
        <Model value="Assets\StoryModeSets\Protoss\SMX2_GenericRocks\SMX2_GenericRocks_06.m3"/>
    </CModel>
    <CModel id="Glue_GenericRocks07" parent="SMSET">
        <Model value="Assets\StoryModeSets\Protoss\SMX2_GenericRocks\SMX2_GenericRocks_07.m3"/>
    </CModel>
    <CModel id="Glue_GenericRocks08" parent="SMSET">
        <Model value="Assets\StoryModeSets\Protoss\SMX2_GenericRocks\SMX2_GenericRocks_08.m3"/>
    </CModel>
    <CModel id="Glue_GenericRocks09" parent="SMSET">
        <Model value="Assets\StoryModeSets\Protoss\SMX2_GenericRocks\SMX2_GenericRocks_09.m3"/>
    </CModel>
    <CModel id="Glue_GenericRocks10" parent="SMSET">
        <Model value="Assets\StoryModeSets\Protoss\SMX2_GenericRocks\SMX2_GenericRocks_10.m3"/>
    </CModel>
    <CModel id="Glue_GenericRocks11" parent="SMSET">
        <Model value="Assets\StoryModeSets\Protoss\SMX2_GenericRocks\SMX2_GenericRocks_11.m3"/>
    </CModel>
    <CModel id="Glue_GenericRocks12" parent="SMSET">
        <Model value="Assets\StoryModeSets\Protoss\SMX2_GenericRocks\SMX2_GenericRocks_12.m3"/>
    </CModel>
    <CModel id="Glue_GenericRocks13" parent="SMSET">
        <Model value="Assets\StoryModeSets\Protoss\SMX2_GenericRocks\SMX2_GenericRocks_13.m3"/>
    </CModel>
    <CModel id="Glue_GenericRocks14" parent="SMSET">
        <Model value="Assets\StoryModeSets\Protoss\SMX2_GenericRocks\SMX2_GenericRocks_14.m3"/>
    </CModel>
    <CModel id="Glue_GenericRocks15" parent="SMSET">
        <Model value="Assets\StoryModeSets\Protoss\SMX2_GenericRocks\SMX2_GenericRocks_15.m3"/>
    </CModel>
    <CModel id="Glue_Aiur02_Foliage03" parent="SMSET">
        <Model value="Assets\StoryModeSets\Protoss\SMX2_Aiur02_Foliage\SMX2_Aiur02_Foliage_03.m3"/>
    </CModel>
    <CModel id="UI_Screens_Zeratul_Platform" parent="SMSET">
        <Model value="Assets\UI\Glues\Prologue\UI_Screens_Zeratul_Platform\UI_Screens_Zeratul_Platform.m3"/>
    </CModel>
    <CModel id="UI_Screens_Zeratul_Blade" parent="SMSET">
        <Model value="Assets\UI\Glues\Prologue\UI_Screens_Zeratul_Blade\UI_Screens_Zeratul_Blade.m3"/>
    </CModel>
    <CModel id="GlueProtossArtanis" parent="Unit" Race="Protoss">
        <Model value="Assets\StoryModeCharacters\Protoss\SMX2_Artanis_T1\SMX2_Artanis_T1.m3"/>
        <RequiredAnims value="Assets\StoryModeCharacters\Protoss\SMX2_Artanis_T1_RequiredAnims\SMX2_Artanis_T1_RequiredAnims.m3a"/>
        <RequiredAnims value="Assets\StoryModeCharacters\Protoss\SMX2_Artanis_T1_FacialAnims\SMX2_Artanis_T1_FacialAnims.m3a"/>
        <RequiredAnims value="Assets\StoryModeCharacters\Protoss\SMX2_Artanis_T1_InteractiveAnims\SMX2_Artanis_T1_InteractiveAnims.m3a"/>
        <Events>
            <Anim value="Stand,00"/>
            <Name value="StandStart"/>
            <Type value="Custom"/>
            <Time value="0.010000"/>
        </Events>
        <Events>
            <Anim value="Stand,Alternate,00"/>
            <Name value="StandStart"/>
            <Type value="Custom"/>
            <Time value="0.010000"/>
        </Events>
    </CModel>
    <CModel id="GlueKerriganInfestedWithLight" parent="SMCHARACTER" Race="Zerg">
        <Model value="Assets\StoryModeCharacters\Zerg\SMX1_KerriganInfestedT1\SMX1_KerriganInfestedT1.m3"/>
        <RequiredAnims value="Assets\StoryModeCharacters\Zerg\SMX1_KerriganInfested_InteractiveAnims\SMX1_KerriganInfested_InteractiveAnims.m3a"/>
        <RequiredAnims value="Assets\StoryModeCharacters\Zerg\SMX1_KerriganInfested_FacialAnims\SMX1_KerriganInfested_FacialAnims.m3a"/>
        <Events>
            <Anim value="Fidget,00"/>
            <Name value="SMModelEventSound"/>
            <Type value="Sound"/>
            <Time value="0.142000"/>
            <Payload value="set_fol_mov_wings_kerrigan_primal_long_half_volume"/>
        </Events>
        <Events>
            <Anim value="Fidget,00"/>
            <Name value="SMModelEventSound"/>
            <Type value="Sound"/>
            <Time value="3.001000"/>
            <Payload value="set_fol_mov_wings_kerrigan_primal_v2_turn_half_volume"/>
        </Events>
        <Events>
            <Anim value="Fidget,00"/>
            <Name value="SMModelEventSound"/>
            <Type value="Sound"/>
            <Time value="1.679000"/>
            <Payload value="set_fol_mov_wings_kerrigan_carryover_half_volume"/>
        </Events>
        <Events>
            <Anim value="Fidget,00"/>
            <Name value="SMModelEventSound"/>
            <Type value="Sound"/>
            <Time value="0.254000"/>
            <Payload value="set_fol_mov_wings_kerrigan_primal_long_half_volume"/>
        </Events>
        <Events>
            <Anim value="Fidget,00"/>
            <Name value="SMModelEventSound"/>
            <Type value="Sound"/>
            <Time value="2.827000"/>
            <Payload value="set_fol_mov_wings_kerrigan_primal_long_half_volume"/>
        </Events>
        <Events>
            <Anim value="Fidget,01"/>
            <Name value="SMModelEventSound"/>
            <Type value="Sound"/>
            <Time value="0.142000"/>
            <Payload value="set_fol_mov_wings_kerrigan_primal_long_half_volume"/>
        </Events>
        <Events>
            <Anim value="Fidget,01"/>
            <Name value="SMModelEventSound"/>
            <Type value="Sound"/>
            <Time value="3.711000"/>
            <Payload value="set_fol_mov_wings_kerrigan_primal_v2_turn_half_volume"/>
        </Events>
        <Events>
            <Anim value="Fidget,01"/>
            <Name value="SMModelEventSound"/>
            <Type value="Sound"/>
            <Time value="1.679000"/>
            <Payload value="set_fol_mov_wings_kerrigan_carryover_half_volume"/>
        </Events>
        <Events>
            <Anim value="Fidget,01"/>
            <Name value="set_fol_mov_wings_kerrigan_primal_long_half_volume"/>
            <Type value="Sound"/>
            <Time value="0.349000"/>
            <Payload value="set_fol_mov_wings_kerrigan_primal_long_half_volume"/>
        </Events>
        <Events>
            <Anim value="Fidget,01"/>
            <Name value="set_fol_mov_wings_kerrigan_primal_long_half_volume"/>
            <Type value="Sound"/>
            <Time value="2.827000"/>
            <Payload value="set_fol_mov_wings_kerrigan_primal_long_half_volume"/>
        </Events>
        <Events>
            <Anim value="Fidget,02"/>
            <Name value="SMModelEventSound"/>
            <Type value="Sound"/>
            <Time value="0.938000"/>
            <Payload value="set_fol_mov_wings_kerrigan_primal_v2_turn_half_volume"/>
        </Events>
        <Events>
            <Anim value="Fidget,02"/>
            <Name value="SMModelEventSound"/>
            <Type value="Sound"/>
            <Time value="1.679000"/>
            <Payload value="set_fol_mov_wings_kerrigan_carryover_half_volume"/>
        </Events>
        <Events>
            <Anim value="Fidget,02"/>
            <Name value="SMModelEventSound"/>
            <Type value="Sound"/>
            <Payload value="set_fol_mov_wings_kerrigan_carryover_half_volume"/>
        </Events>
        <Events>
            <Anim value="Fidget,03"/>
            <Name value="SMModelEventSound"/>
            <Type value="Sound"/>
            <Time value="1.817000"/>
            <Payload value="set_fol_mov_wings_kerrigan_carryover_half_volume"/>
        </Events>
        <Events>
            <Anim value="Fidget,03"/>
            <Name value="SMModelEventSound"/>
            <Type value="Sound"/>
            <Time value="2.999000"/>
            <Payload value="set_fol_mov_wings_kerrigan_primal_short_half_volume"/>
        </Events>
        <Events>
            <Anim value="Fidget,Superior,00"/>
            <Name value="SMModelEventSound"/>
            <Type value="Sound"/>
            <Time value="4.553000"/>
            <Payload value="set_fol_mov_wings_kerrigan_primal_fast_half_volume"/>
        </Events>
        <Events>
            <Anim value="Fidget,Superior,00"/>
            <Name value="SMModelEventSound"/>
            <Type value="Sound"/>
            <Time value="4.294000"/>
            <Payload value="set_fol_mov_wings_kerrigan_primal_v2_gesture_half_volume"/>
        </Events>
        <Events>
            <Anim value="Stand,Angry,00"/>
            <Name value="SMModelEventSound"/>
            <Type value="Sound"/>
            <Payload value="set_fol_mov_wings_kerrigan_carryover_half_volume"/>
        </Events>
        <Events>
            <Anim value="Stand,Turn,Cover,00"/>
            <Name value="SMModelEventSound"/>
            <Type value="Sound"/>
            <Time value="0.433000"/>
            <Payload value="set_fol_mov_wings_kerrigan_carryover_half_volume"/>
        </Events>
        <Events>
            <Anim value="Stand,Turn,Cover,End,00"/>
            <Name value="SMModelEventSound"/>
            <Type value="Sound"/>
            <Time value="0.451000"/>
            <Payload value="set_fol_mov_wings_kerrigan_carryover_half_volume"/>
        </Events>
        <Events>
            <Anim value="Stand,Turn,Cover,End,00"/>
            <Name value="SMModelEventSound"/>
            <Type value="Sound"/>
            <Time value="2.489000"/>
            <Payload value="set_fol_fs_kerrigan_ghost_creep_half_volume"/>
        </Events>
        <Events>
            <Anim value="Stand,Turn,Cover,End,00"/>
            <Name value="SMModelEventSound"/>
            <Type value="Sound"/>
            <Time value="3.548000"/>
            <Payload value="set_fol_fs_kerrigan_ghost_creep_half_volume"/>
        </Events>
        <Events>
            <Anim value="Stand,Turn,Cover,End,00"/>
            <Name value="SMModelEventSound"/>
            <Type value="Sound"/>
            <Time value="4.424000"/>
            <Payload value="set_fol_fs_kerrigan_ghost_creep_half_volume"/>
        </Events>
        <Events>
            <Anim value="Stand,Turn,Cover,End,00"/>
            <Name value="SMModelEventSound"/>
            <Type value="Sound"/>
            <Time value="2.095000"/>
            <Payload value="set_fol_mov_wings_kerrigan_primal_v2_turn_half_volume"/>
        </Events>
        <Events>
            <Anim value="Stand,Turn,Cover,End,00"/>
            <Name value="SMModelEventSound"/>
            <Type value="Sound"/>
            <Time value="3.342000"/>
            <Payload value="set_fol_mov_wings_kerrigan_primal_v2_turn_half_volume"/>
        </Events>
        <Events>
            <Anim value="Stand,Turn,Cover,Start,00"/>
            <Name value="SMModelEventSound"/>
            <Type value="Sound"/>
            <Time value="2.503000"/>
            <Payload value="set_fol_mov_wings_kerrigan_carryover_half_volume"/>
        </Events>
        <Events>
            <Anim value="Stand,Turn,Cover,Start,00"/>
            <Name value="SMModelEventSound"/>
            <Type value="Sound"/>
            <Time value="1.022000"/>
            <Payload value="set_fol_fs_kerrigan_ghost_creep_half_volume"/>
        </Events>
        <Events>
            <Anim value="Stand,Turn,Cover,Start,00"/>
            <Name value="SMModelEventSound"/>
            <Type value="Sound"/>
            <Time value="1.938000"/>
            <Payload value="set_fol_fs_kerrigan_ghost_creep_half_volume"/>
        </Events>
        <Events>
            <Anim value="Stand,Turn,Cover,Start,00"/>
            <Name value="SMModelEventSound"/>
            <Type value="Sound"/>
            <Time value="3.062000"/>
            <Payload value="set_fol_fs_kerrigan_ghost_creep_half_volume"/>
        </Events>
        <Events>
            <Anim value="Stand,Turn,Cover,Start,00"/>
            <Name value="SMModelEventSound"/>
            <Type value="Sound"/>
            <Time value="0.292000"/>
            <Payload value="set_fol_mov_wings_kerrigan_primal_v2_turn_half_volume"/>
        </Events>
        <Events>
            <Anim value="Stand,Turn,Cover,Start,00"/>
            <Name value="SMModelEventSound"/>
            <Type value="Sound"/>
            <Time value="1.520000"/>
            <Payload value="set_fol_mov_wings_kerrigan_primal_v2_turn_half_volume"/>
        </Events>
        <Events>
            <Anim value="Talk,00"/>
            <Name value="SMModelEventSound"/>
            <Type value="Sound"/>
            <Payload value="set_fol_mov_wings_kerrigan_carryover_half_volume"/>
        </Events>
        <Events>
            <Anim value="Talk,01"/>
            <Name value="SMModelEventSound"/>
            <Type value="Sound"/>
            <Payload value="set_fol_mov_wings_kerrigan_carryover_half_volume"/>
        </Events>
        <Events>
            <Anim value="Talk,02"/>
            <Name value="SMModelEventSound"/>
            <Type value="Sound"/>
            <Time value="0.160000"/>
            <Payload value="set_fol_mov_wings_kerrigan_carryover_half_volume"/>
        </Events>
        <Events>
            <Anim value="Talk,03"/>
            <Name value="SMModelEventSound"/>
            <Type value="Sound"/>
            <Time value="0.333000"/>
            <Payload value="set_fol_mov_wings_kerrigan_carryover_half_volume"/>
        </Events>
        <Events>
            <Anim value="Talk,04"/>
            <Name value="SMModelEventSound"/>
            <Type value="Sound"/>
            <Payload value="set_fol_mov_wings_kerrigan_carryover_half_volume"/>
        </Events>
        <Events>
            <Anim value="Talk,04"/>
            <Name value="SMModelEventSound"/>
            <Type value="Sound"/>
            <Time value="2.814000"/>
            <Payload value="set_fol_mov_wings_kerrigan_carryover_half_volume"/>
        </Events>
        <Events>
            <Anim value="Talk,Simple,00"/>
            <Name value="SMModelEventSound"/>
            <Type value="Sound"/>
            <Time value="0.289000"/>
            <Payload value="set_fol_mov_wings_kerrigan_carryover_half_volume"/>
        </Events>
        <Events>
            <Anim value="Talk,Simple,02"/>
            <Name value="SMModelEventSound"/>
            <Type value="Sound"/>
            <Time value="1.264000"/>
            <Payload value="set_fol_mov_wings_kerrigan_carryover_half_volume"/>
        </Events>
        <Events>
            <Anim value="Talk,Simple,02"/>
            <Name value="SMModelEventSound"/>
            <Type value="Sound"/>
            <Time value="0.194000"/>
            <Payload value="set_fol_mov_wings_kerrigan_primal_v2_turn_half_volume"/>
        </Events>
        <Events>
            <Anim value="Talk,Simple,03"/>
            <Name value="SMModelEventSound"/>
            <Type value="Sound"/>
            <Time value="2.052000"/>
            <Payload value="set_fol_mov_wings_kerrigan_carryover_half_volume"/>
        </Events>
        <Events>
            <Anim value="Talk,Simple,03"/>
            <Name value="SMModelEventSound"/>
            <Type value="Sound"/>
            <Time value="0.194000"/>
            <Payload value="set_fol_mov_wings_kerrigan_primal_v2_turn_half_volume"/>
        </Events>
        <Events>
            <Anim value="Talk,Simple,04"/>
            <Name value="SMModelEventSound"/>
            <Type value="Sound"/>
            <Time value="2.052000"/>
            <Payload value="set_fol_mov_wings_kerrigan_carryover_half_volume"/>
        </Events>
        <Events>
            <Anim value="Talk,Simple,04"/>
            <Name value="SMModelEventSound"/>
            <Type value="Sound"/>
            <Time value="0.194000"/>
            <Payload value="set_fol_mov_wings_kerrigan_primal_v2_turn_half_volume"/>
        </Events>
        <Events>
            <Anim value="Talk,Simple,05"/>
            <Name value="SMModelEventSound"/>
            <Type value="Sound"/>
            <Time value="0.808000"/>
            <Payload value="set_fol_mov_wings_kerrigan_carryover_half_volume"/>
        </Events>
        <Events>
            <Anim value="Walk,00"/>
            <Name value="SMModelEventSound"/>
            <Type value="Sound"/>
            <Time value="0.412000"/>
            <Payload value="set_fol_fs_kerrigan_ghost_creep_half_volume"/>
        </Events>
        <Events>
            <Anim value="Walk,00"/>
            <Name value="SMModelEventSound"/>
            <Type value="Sound"/>
            <Time value="0.976000"/>
            <Payload value="set_fol_fs_kerrigan_ghost_creep_half_volume"/>
        </Events>
        <FacialController value="LocalizedData\Facial\SMX1_KerriganInfested.fxa"/>
        <Flags index="Facial" value="1"/>
        <Image value="Assets\Textures\smx1_kerriganinfested_static.dds"/>
        <ScaleMax value="0.850000,0.850000,0.850000"/>
        <ScaleMin value="0.850000,0.850000,0.850000"/>
    </CModel>
    <CModel id="GlueRaynorMarine" parent="SMCHARACTER" Race="Terran">
        <Model value="Assets\StoryModeCharacters\Terran\SM_RaynorMarine\SM_RaynorMarine.m3"/>
        <RequiredAnims value="Assets\StoryModeCharacters\Terran\SM_RaynorMarine_RequiredAnims\SM_RaynorMarine_RequiredAnims.m3a"/>
        <RequiredAnims value="Assets\StoryModeCharacters\Terran\SM_RaynorMarine_FacialAnims\SM_RaynorMarine_FacialAnims.m3a"/>
        <FacialController value="LocalizedData\Facial\RaynorMarinePortrait.fxa"/>
        <Flags index="Facial" value="1"/>
        <Image value="Assets\Textures\smx1_raynorcommander_static.dds"/>
        <TextureDeclares Prefix="reflection_"/>
    </CModel>
    <CModel id="UI_Screens_AlliedCommander_Floor" parent="SMSET">
        <Model value="Assets\UI\Glues\AlliedCommander\UI_Screens_AlliedCommander_Floor\UI_Screens_AlliedCommander_Floor.m3"/>
    </CModel>
    <CModel id="UI_Screens_AlliedCommander_WarpIn" parent="SMSET">
        <Model value="Assets\UI\Glues\AlliedCommander\UI_Screens_AlliedCommander_WarpIn\UI_Screens_AlliedCommander_WarpIn.m3"/>
    </CModel>
    <CModel id="UI_Screens_AlliedCommander_WarpOut" parent="SMSET">
        <Model value="Assets\UI\Glues\AlliedCommander\UI_Screens_AlliedCommander_WarpOut\UI_Screens_AlliedCommander_WarpOut.m3"/>
    </CModel>
    <CModel id="UI_Screens_CampaignMode_Floor" parent="SMSET">
        <Model value="Assets\UI\Glues\UI_Screens_CampaignMode_Floor\UI_Screens_CampaignMode_Floor.m3"/>
    </CModel>
    <CGameUI id="Dflt" parent="CoreDflt">
        <ChallengeMasterAchievement value="Challenge_Meta_GoldCollection"/>
        <ChallengeCategory Name="@ChallengeCategory/Basic">
            <Challenge>
                <Id value="TerranCombat"/>
                <Name value="@Challenge/TerranCombat/Name"/>
                <Description value="@Challenge/TerranCombat/Description"/>
                <Score value="@Challenge/TerranCombat/Score"/>
                <MapPath value="Challenges/TerranCombat.SC2Map"/>
                <ThumbnailImagePath value="Assets/Textures/ui_challenges_tacticalcommand.dds"/>
                <IsAllowedInTrial value="1"/>
                <Achievement value="Challenge_TerranCombat_Basic"/>
                <Achievement value="Challenge_TerranCombat_Mastery"/>
                <Achievement value="Challenge_TerranCombat_Dominance"/>
            </Challenge>
            <Challenge>
                <Id value="ProtossCombat"/>
                <Name value="@Challenge/ProtossCombat/Name"/>
                <Description value="@Challenge/ProtossCombat/Description"/>
                <Score value="@Challenge/ProtossCombat/Score"/>
                <MapPath value="Challenges/ProtossCombat.SC2Map"/>
                <ThumbnailImagePath value="Assets/Textures/ui_challenges_pathofascension.dds"/>
                <IsAllowedInTrial value="1"/>
                <Achievement value="Challenge_ProtossCombat_Basic"/>
                <Achievement value="Challenge_ProtossCombat_Mastery"/>
                <Achievement value="Challenge_ProtossCombat_Dominance"/>
            </Challenge>
            <Challenge>
                <Id value="ZergCombat"/>
                <Name value="@Challenge/ZergCombat/Name"/>
                <Description value="@Challenge/ZergCombat/Description"/>
                <Score value="@Challenge/ZergCombat/Score"/>
                <MapPath value="Challenges/ZergCombat.SC2Map"/>
                <ThumbnailImagePath value="Assets/Textures/ui_challenges_fortheswarm.dds"/>
                <IsAllowedInTrial value="1"/>
                <Achievement value="Challenge_ZergCombat_Basic"/>
                <Achievement value="Challenge_ZergCombat_Mastery"/>
                <Achievement value="Challenge_ZergCombat_Dominance"/>
            </Challenge>
        </ChallengeCategory>
        <ChallengeCategory Name="@ChallengeCategory/Advanced">
            <Challenge>
                <Id value="TerranCovertOps"/>
                <Name value="@Challenge/TerranCovertOps/Name"/>
                <Description value="@Challenge/TerranCovertOps/Description"/>
                <Score value="@Challenge/TerranCovertOps/Score"/>
                <MapPath value="Challenges/TerranCovertOps.SC2Map"/>
                <ThumbnailImagePath value="Assets/Textures/ui_challenges_covertops.dds"/>
                <IsAllowedInTrial value="1"/>
                <Achievement value="Challenge_TerranCovertOps_Basic"/>
                <Achievement value="Challenge_TerranCovertOps_Mastery"/>
                <Achievement value="Challenge_TerranCovertOps_Dominance"/>
            </Challenge>
            <Challenge>
                <Id value="ProtossPsionics"/>
                <Name value="@Challenge/ProtossPsionics/Name"/>
                <Description value="@Challenge/ProtossPsionics/Description"/>
                <Score value="@Challenge/ProtossPsionics/Score"/>
                <MapPath value="Challenges/ProtossPsionics.SC2Map"/>
                <ThumbnailImagePath value="Assets/Textures/ui_challenges_psionicassault.dds"/>
                <IsAllowedInTrial value="1"/>
                <Achievement value="Challenge_ProtossPsionics_Basic"/>
                <Achievement value="Challenge_ProtossPsionics_Mastery"/>
                <Achievement value="Challenge_ProtossPsionics_Dominance"/>
            </Challenge>
            <Challenge>
                <Id value="ZergInfestation"/>
                <Name value="@Challenge/ZergInfestation/Name"/>
                <Description value="@Challenge/ZergInfestation/Description"/>
                <Score value="@Challenge/ZergInfestation/Score"/>
                <MapPath value="Challenges/ZergInfestation.SC2Map"/>
                <ThumbnailImagePath value="Assets/Textures/ui_challenges_infestation.dds"/>
                <IsAllowedInTrial value="1"/>
                <Achievement value="Challenge_ZergInfestation_Basic"/>
                <Achievement value="Challenge_ZergInfestation_Mastery"/>
                <Achievement value="Challenge_ZergInfestation_Dominance"/>
            </Challenge>
        </ChallengeCategory>
        <ChallengeCategory Name="@ChallengeCategory/Expert">
            <Challenge>
                <Id value="AdvancedCommand"/>
                <Name value="@Challenge/AdvancedCommand/Name"/>
                <Description value="@Challenge/AdvancedCommand/Description"/>
                <Score value="@Challenge/AdvancedCommand/Score"/>
                <MapPath value="Challenges/AdvancedCommand.SC2Map"/>
                <ThumbnailImagePath value="Assets/Textures/ui_challenges_harbingerofdeath.dds"/>
                <IsAllowedInTrial value="1"/>
                <Achievement value="Challenge_AdvancedCommand_Basic"/>
                <Achievement value="Challenge_AdvancedCommand_Mastery"/>
                <Achievement value="Challenge_AdvancedCommand_Dominance"/>
            </Challenge>
            <Challenge>
                <Id value="Economy"/>
                <Name value="@Challenge/Economy/Name"/>
                <Description value="@Challenge/Economy/Description"/>
                <Score value="@Challenge/Economy/Score"/>
                <MapPath value="Challenges/Economy.SC2Map"/>
                <ThumbnailImagePath value="Assets/Textures/ui_challenges_openinggambit.dds"/>
                <IsAllowedInTrial value="1"/>
                <Achievement value="Challenge_Economy_Basic"/>
                <Achievement value="Challenge_Economy_Mastery"/>
                <Achievement value="Challenge_Economy_Dominance"/>
            </Challenge>
            <Challenge>
                <Id value="RushDefense"/>
                <Name value="@Challenge/RushDefense/Name"/>
                <Description value="@Challenge/RushDefense/Description"/>
                <Score value="@Challenge/RushDefense/Score"/>
                <MapPath value="Challenges/RushDefense.SC2Map"/>
                <ThumbnailImagePath value="Assets/Textures/ui_challenges_rushdefense.dds"/>
                <IsAllowedInTrial value="1"/>
                <Achievement value="Challenge_RushDefense_Basic"/>
                <Achievement value="Challenge_RushDefense_Mastery"/>
                <Achievement value="Challenge_RushDefense_Dominance"/>
            </Challenge>
        </ChallengeCategory>
        <Campaign value="WingsOfLiberty"/>
        <Campaign value="HeartOfTheSwarm"/>
        <Campaign value="LegacyOfTheVoidPrologue"/>
        <Campaign value="LegacyOfTheVoid"/>
        <Campaign value="LegacyOfTheVoidEpilogue"/>
        <Campaign value="NovaDLC1"/>
        <Campaign value="NovaDLC2"/>
        <Campaign value="NovaDLC3"/>
        <Campaign value="WingsOfLibertyCollectorLicense"/>
        <Campaign value="HeartOfTheSwarmCollectorLicense"/>
        <Campaign value="LegacyOfTheVoidCollectorLicense"/>
        <ResourceArray index="Minerals" Icon="UI/ResourceIconNoBackground0" IconBackground="UI/ResourceIcon0" Tooltip="UI/ResourceName0"/>
        <ResourceArray index="Vespene" Icon="UI/ResourceIconNoBackground1" IconBackground="UI/ResourceIcon1" Tooltip="UI/ResourceName1"/>
        <ResourceArray index="Terrazine" Icon="UI/ResourceIconNoBackground2" IconBackground="UI/ResourceIcon2" Tooltip="UI/ResourceName2"/>
        <ResourceArray index="Custom" Icon="UI/ResourceIconNoBackground3" IconBackground="UI/ResourceIcon3" Tooltip="UI/ResourceName3"/>
        <PossibleEnemyPlacementPingModel value="PingObjective"/>
        <PossibleEnemyPlacementPingDuration value="25"/>
        <TrialAllowedSinglePlayerMaps value="TStory01.SC2Map"/>
        <TrialAllowedSinglePlayerMaps value="TRaynor01.SC2Map"/>
        <TrialAllowedSinglePlayerMaps value="TRaynor02.SC2Map"/>
        <TrialAllowedSinglePlayerMaps value="TRaynor03.SC2Map"/>
        <TrialAllowedSinglePlayerMaps value="TTychus01.SC2Map"/>
        <TrialAllowedSinglePlayerMaps value="TTychus02.SC2Map"/>
        <TrialAllowedSinglePlayerMaps value="TTychus03.SC2Map"/>
        <TrialAllowedSinglePlayerMaps value="TTychus04.SC2Map"/>
        <TrialAllowedSinglePlayerMaps value="TTychus05.SC2Map"/>
        <TrialAllowedSinglePlayerMaps value="THanson01.SC2Map"/>
        <TrialAllowedSinglePlayerMaps value="THanson02.SC2Map"/>
        <TrialAllowedSinglePlayerMaps value="THanson03A.SC2Map"/>
        <TrialAllowedSinglePlayerMaps value="THanson03B.SC2Map"/>
        <TrialAllowedSinglePlayerMaps value="THorner01.SC2Map"/>
        <TrialAllowedSinglePlayerMaps value="THorner02.SC2Map"/>
        <TrialAllowedSinglePlayerMaps value="THorner03.SC2Map"/>
        <TrialAllowedSinglePlayerMaps value="THorner04.SC2Map"/>
        <TrialAllowedSinglePlayerMaps value="THorner05S.SC2Map"/>
        <TrialAllowedSinglePlayerMaps value="TTosh01.SC2Map"/>
        <TrialAllowedSinglePlayerMaps value="TTosh02.SC2Map"/>
        <TrialAllowedSinglePlayerMaps value="TTosh03A.SC2Map"/>
        <TrialAllowedSinglePlayerMaps value="TTosh03B.SC2Map"/>
        <TrialAllowedSinglePlayerMaps value="TValerian01.SC2Map"/>
        <TrialAllowedSinglePlayerMaps value="TValerian02A.SC2Map"/>
        <TrialAllowedSinglePlayerMaps value="TValerian02B.SC2Map"/>
        <TrialAllowedSinglePlayerMaps value="TValerian03.SC2Map"/>
        <TrialAllowedSinglePlayerMaps value="TZeratul01.SC2Map"/>
        <TrialAllowedSinglePlayerMaps value="TZeratul02.SC2Map"/>
        <TrialAllowedSinglePlayerMaps value="TZeratul03.SC2Map"/>
        <TrialAllowedSinglePlayerMaps value="TZeratul04.SC2Map"/>
        <TrialAllowedSinglePlayerMaps value="TArcade.SC2Map"/>
        <TrialAllowedSinglePlayerMaps value="TTutorial01.SC2Map"/>
        <TrialAllowedSinglePlayerMaps value="AdvancedCommand.SC2Map"/>
        <TrialAllowedSinglePlayerMaps value="Economy.SC2Map"/>
        <TrialAllowedSinglePlayerMaps value="ProtossCombat.SC2Map"/>
        <TrialAllowedSinglePlayerMaps value="ProtossPsionics.SC2Map"/>
        <TrialAllowedSinglePlayerMaps value="RushDefense.SC2Map"/>
        <TrialAllowedSinglePlayerMaps value="TerranCombat.SC2Map"/>
        <TrialAllowedSinglePlayerMaps value="TerranCovertOps.SC2Map"/>
        <TrialAllowedSinglePlayerMaps value="ZergCombat.SC2Map"/>
        <TrialAllowedSinglePlayerMaps value="ZergInfestation.SC2Map"/>
        <TrialAllowedSinglePlayerMaps value="SC2Tutorial.SC2Map"/>
        <TrialAllowedSinglePlayerMaps value="SC2TutorialTransitionNova.SC2Map"/>
        <TrialAllowedSinglePlayerMaps value="VoidPrologue01.SC2Map"/>
        <TrialAllowedSinglePlayerMaps value="VoidPrologue02.SC2Map"/>
        <TrialAllowedSinglePlayerMaps value="VoidPrologue03.SC2Map"/>
        <TrialAllowedSinglePlayerMaps value="VoidPrologueStory.SC2Map"/>
        <GlobalSoundData HeadphoneModeMinAngle="125.000000" HeadphoneModeMaxAngle="180.000000" HeadphoneModeFrequency="4250.000000"/>
    </CGameUI>
    <CSound id="VideoSpeakermix_5dot1" parent="Movie">
        <SpeakerMix index="FrontLeft" value="1.000000"/>
        <SpeakerMix index="FrontRight" value="1.000000"/>
        <SpeakerMix index="Center" value="1.000000"/>
        <SpeakerMix index="SideLeft" value="0.000050"/>
        <SpeakerMix index="SideRight" value="0.000050"/>
    </CSound>
    <CSound id="VideoSpeakermix_Stereo" parent="Movie">
        <SpeakerMix index="FrontLeft" value="1.000000"/>
        <SpeakerMix index="FrontRight" value="1.000000"/>
        <SpeakerMix index="Center" value="0.001000"/>
        <SpeakerMix index="LFE" value="0.000000"/>
        <SpeakerMix index="BackLeft" value="0.000050"/>
        <SpeakerMix index="BackRight" value="0.000050"/>
        <SpeakerMix index="SideLeft" value="0.000050"/>
        <SpeakerMix index="SideRight" value="0.000050"/>
    </CSound>
    <CSound id="UI_AC_MusicStinger_AllyFound" parent="UI">
        <AssetArray File="Assets\Sounds\UI_AC_MusicStinger01.ogg" FacialGroup=""/>
        <Flags index="Stream" value="1"/>
        <SpeakerMix index="Center" value="0.000000"/>
        <Volume value="-7.000000,-7.000000"/>
    </CSound>
    <CSound id="UI_AC_Stinger_AllyFound" parent="UI">
        <AssetArray File="Assets\Sounds\UI_AC_AllyFound.wav" FacialGroup=""/>
        <SpeakerMix index="Center" value="0.250000"/>
        <Volume value="-13.000000,-13.000000"/>
    </CSound>
    <CSound id="AC_CameraWhoosh" parent="SetPiece">
        <AssetArray File="Assets\Sounds\UI_whooshCameraZoom_In.wav" FacialGroup=""/>
        <AssetArray File="Assets\Sounds\UI_whooshCameraZoom_Out.wav" FacialGroup=""/>
        <Mode value="2D"/>
        <Pitch value="3.000000,4.000000"/>
        <SpeakerMix index="Center" value="0.500000"/>
        <SpeakerMix index="BackLeft" value="0.000000"/>
        <SpeakerMix index="BackRight" value="0.000000"/>
        <SpeakerMix index="SideLeft" value="0.000000"/>
        <SpeakerMix index="SideRight" value="0.000000"/>
        <Volume value="-5.000000,-5.000000"/>
        <Category value="User23"/>
    </CSound>
    <CSound id="PsiBlade_On" parent="SetPiece">
        <AssetArray File="Assets\Sounds\UI_Glue_PsiBladeOn.ogg" FacialGroup=""/>
        <Flags index="Stream" value="1"/>
        <Mode value="2D"/>
        <SpeakerMix index="BackLeft" value="0.000000"/>
        <SpeakerMix index="BackRight" value="0.000000"/>
        <SpeakerMix index="SideLeft" value="0.000000"/>
        <SpeakerMix index="SideRight" value="0.000000"/>
        <Category value="User23"/>
    </CSound>
    <CSound id="CloudSmoke_On" parent="SetPiece">
        <AssetArray File="Assets\Sounds\UI_PrologueScreen_Cloud_5dot1.ogg" FacialGroup=""/>
        <Flags index="Stream" value="1"/>
        <Mode value="2D"/>
        <SpeakerMix index="SideLeft" value="0.125000"/>
        <SpeakerMix index="SideRight" value="0.125000"/>
        <Category value="User23"/>
    </CSound>
    <CSound id="FoleyBlade" parent="SetPiece">
        <AssetArray File="Assets\Sounds\UI_PrologueScreen_Foley_5dot1.ogg" FacialGroup=""/>
        <Flags index="Stream" value="1"/>
        <Mode value="2D"/>
        <SpeakerMix index="FrontLeft" value="0.500000"/>
        <SpeakerMix index="FrontRight" value="0.500000"/>
        <SpeakerMix index="BackLeft" value="0.000000"/>
        <SpeakerMix index="BackRight" value="0.000000"/>
        <SpeakerMix index="SideLeft" value="0.000000"/>
        <SpeakerMix index="SideRight" value="0.000000"/>
        <Category value="User23"/>
    </CSound>
    <CSound id="PsiBlade_Loop" parent="SetPiece">
        <AssetArray File="Assets\Sounds\UI_Prologue_BladeLoop.ogg" FacialGroup=""/>
        <Flags index="Stream" value="1"/>
        <Mode value="2D"/>
        <OffsetFadeIn Volume="-96.000000"/>
        <OffsetFadeIn Time="2000"/>
        <OffsetFadeOut/>
        <OffsetFadeOut Time="2000" Volume="-96.000000"/>
        <SpeakerMix index="FrontLeft" value="0.500000"/>
        <SpeakerMix index="FrontRight" value="0.500000"/>
        <SpeakerMix index="BackLeft" value="0.000000"/>
        <SpeakerMix index="BackRight" value="0.000000"/>
        <SpeakerMix index="SideLeft" value="0.000000"/>
        <SpeakerMix index="SideRight" value="0.000000"/>
        <Volume value="-3.000000,-3.000000"/>
        <LoopCount value="-1"/>
        <Category value="User23"/>
    </CSound>
    <CSound id="WarpIn_AC" parent="SetPiece">
        <SpeakerMix index="FrontLeft" value="0.500000"/>
        <SpeakerMix index="FrontRight" value="0.500000"/>
        <SpeakerMix index="BackLeft" value="0.000000"/>
        <SpeakerMix index="BackRight" value="0.000000"/>
        <SpeakerMix index="SideLeft" value="0.000000"/>
        <SpeakerMix index="SideRight" value="0.000000"/>
        <AssetArray File="Assets\Sounds\UI_AC_WarpInB_01.wav" FacialGroup=""/>
        <AssetArray File="Assets\Sounds\UI_AC_WarpInB_02.wav" FacialGroup=""/>
        <AssetArray File="Assets\Sounds\UI_AC_WarpInB_03.wav" FacialGroup=""/>
        <AssetArray File="Assets\Sounds\UI_AC_WarpInB_04.wav" FacialGroup=""/>
        <AssetArray File="Assets\Sounds\UI_AC_WarpInB_05.wav" FacialGroup=""/>
        <Mode value="2D"/>
        <Pitch value="1.000000,2.000000"/>
        <Volume value="-8.000000,-8.000000"/>
        <Category value="User23"/>
    </CSound>
</Catalog>
