<?xml version="1.0" encoding="us-ascii"?>
<Catalog>
    <CSoundtrack default="1">
        <Flags index="Continuous" value="1"/>
    </CSoundtrack>
    <CSoundtrack default="1" id="SetPiece">
        <CueArray>
            <MasterLayer Sound="##id##"/>
        </CueArray>
        <Delay value="10,20"/>
        <Select value="Sequential"/>
    </CSoundtrack>
    <CSoundtrack default="1" id="Music"/>
    <CSoundtrack default="1" id="Ambience_Map">
        <CueArray>
            <MasterLayer Sound="##id##"/>
        </CueArray>
    </CSoundtrack>
</Catalog>
