<?xml version="1.0" encoding="us-ascii"?>
<Catalog>
    <SSoundAsset>
        <FacialGroup value="Default"/>
    </SSoundAsset>
    <CSound default="1">
        <Category value="Voice"/>
        <ConeAngle value="360.000000,360.000000"/>
        <ConeVolume value="1.000000,1.000000"/>
        <DopplerLevel value="1.000000"/>
        <DupeDestroyCount value="16"/>
        <DupeDestroyCountPerPlayer value="65535"/>
        <DupeHistoryCount value="16"/>
        <DupeFadeBlend value="Unknown"/>
        <DupeMuteCount value="10"/>
        <DupeMuteCountPerPlayer value="65535"/>
        <DupeRepeatCount value="65535"/>
        <DupeThresholdFadeTime value="500"/>
        <Flags index="Download" value="1"/>
        <Flags index="VariationFallback" value="1"/>
        <Flags index="AllowDuckingInPlayDelay" value="1"/>
        <FogFadeBlend value="Unknown"/>
        <LowPassGain value="1.000000"/>
        <MuteFadeBlend value="Unknown"/>
        <OverlapPitchDelta value="0.022000"/>
        <OverlapTimeDelta value="250"/>
        <PanLevel value="1.000000"/>
        <ResourcePriority value="32"/>
        <ReverbBalance Room="-10000"/>
        <ReverbRolloffBlend value="Unknown"/>
        <Select value="Shuffle"/>
        <SpeakerMix index="FrontLeft" value="1.000000"/>
        <SpeakerMix index="FrontRight" value="1.000000"/>
        <SpeakerMix index="Center" value="1.000000"/>
        <SpeakerMix index="BackLeft" value="1.000000"/>
        <SpeakerMix index="BackRight" value="1.000000"/>
        <SpeakerMix index="SideLeft" value="1.000000"/>
        <SpeakerMix index="SideRight" value="1.000000"/>
        <SustainFade/>
        <SustainFade Time="500" Volume="-96.000000"/>
        <VolumeRolloffBlend value="Unknown"/>
        <VolumeRolloffFadeBlend value="Unknown"/>
    </CSound>
    <CSound default="1" id="Foley">
        <Flags index="Download" value="0"/>
        <Flags index="Ignorable" value="1"/>
        <Category value="Foley"/>
        <Volume value="-12.000000,-12.000000"/>
        <AssetArray File="Assets\Sounds\Uni\Foley\##id##.wav"/>
        <Mode value="3DWorld"/>
        <ReverbBalance Room="300"/>
        <ResourcePriority value="16"/>
    </CSound>
    <CSound default="1" id="GunsSet">
        <AssetArray File="Assets\Sounds\Uni\Foley\##id##.wav"/>
        <Category value="Combat"/>
        <Mode value="3DWorld"/>
        <MuteFadeBlend value="Linear"/>
        <MuteFadeOut/>
        <MuteFadeOut Time="500" Volume="-96.000000"/>
        <ReverbBalance Room="0"/>
        <Volume value="-6.000000,-6.000000"/>
        <VolumeRolloffFadeBlend value="Linear"/>
        <VolumeRolloffPoints/>
        <VolumeRolloffPoints Distance="30.000000" Volume="-96.000000"/>
    </CSound>
    <CSound default="1" id="IGNORE"/>
    <CSound default="1" id="WORLD">
        <Mode value="3DWorld"/>
        <ReverbBalance Room="0"/>
    </CSound>
    <CSound default="1" id="MUSIC">
        <Flags index="Download" value="0"/>
        <Flags index="Stream" value="1"/>
        <Category value="Music"/>
        <SustainFade index="1" Time="2000" Volume="-96.000000"/>
        <Volume value="-6.000000,-6.000000"/>
        <SpeakerMix index="Center" value="0.400000"/>
        <SpeakerMix index="BackLeft" value="0.700000"/>
        <SpeakerMix index="BackRight" value="0.700000"/>
        <SpeakerMix index="SideLeft" value="0.500000"/>
        <SpeakerMix index="SideRight" value="0.500000"/>
    </CSound>
    <CSound default="1" id="SM">
        <Category value="Mission"/>
        <Flags index="AutoUnload" value="1"/>
        <Flags index="Stream" value="1"/>
    </CSound>
    <CSound default="1" id="SM_Old">
        <Category value="Dialogue"/>
        <Flags index="Stream" value="1"/>
    </CSound>
    <CSound default="1" id="Highlight">
        <Flags index="Ignorable" value="1"/>
        <Category value="UI"/>
        <AssetArray File="Assets\Sounds\Uni\UI\UI_Hotspot_Hightlights0.wav" Volume="-8.920000,-8.920000"/>
        <AssetArray File="Assets\Sounds\Uni\UI\UI_Hotspot_Hightlights1.wav" Volume="-8.920000,-8.920000"/>
        <AssetArray File="Assets\Sounds\Uni\UI\UI_Hotspot_Hightlights2.wav" Volume="-8.920000,-8.920000"/>
        <AssetArray File="Assets\Sounds\Uni\UI\UI_Hotspot_Hightlights3.wav" Volume="-8.920000,-8.920000"/>
        <AssetArray File="Assets\Sounds\Uni\UI\UI_Hotspot_Hightlights4.wav" Volume="-8.920000,-8.920000"/>
    </CSound>
    <CSound default="1" id="Ambience_Map">
        <Flags index="Download" value="0"/>
        <Flags index="Stream" value="1"/>
        <Category value="Ambient"/>
        <OffsetFadeIn Volume="-96.000000"/>
        <OffsetFadeIn Time="1000"/>
        <LoopCount value="-1"/>
        <SustainFade index="1" Time="2000" Volume="-96.000000"/>
    </CSound>
    <CSound default="1" id="Alert">
        <Category value="Alert"/>
        <Flags index="Ignorable" value="1"/>
        <Flags index="Stream" value="1"/>
        <Volume value="-4.000000,-4.000000"/>
        <SustainFade index="1" Time="250" Volume="-96.000000"/>
        <SpeakerMix index="BackLeft" value="0.000000"/>
        <SpeakerMix index="BackRight" value="0.000000"/>
        <SpeakerMix index="SideLeft" value="0.000000"/>
        <SpeakerMix index="SideRight" value="0.000000"/>
    </CSound>
    <CSound default="1" id="Announcer">
        <?token id="Line"?>
        <Category value="Alert"/>
        <AssetArray>
            <File value="LocalizedData\Sounds\Announcer\##id##.ogg"/>
            <FacialGroup value=""/>
            <Speaker value="ConversationState/Characters/ModUtilityVoice"/>
            <Subtitle value="Conversation/ModUtilityVoice/Line##Line##"/>
        </AssetArray>
        <SustainFade index="1" Time="250" Volume="-96.000000"/>
    </CSound>
    <CSound default="1" id="Installer">
        <?token id="Line"?>
        <Flags index="Ignorable" value="1"/>
        <Flags index="Stream" value="1"/>
        <AssetArray>
            <File value="LocalizedData\Sounds\Dev\Installer\##id##.ogg"/>
            <FacialAnim value="##id##"/>
            <PortraitModel value="AdjutantPortrait"/>
            <Speaker value="ConversationState/Characters/CharAdjutant"/>
            <Subtitle value="Conversation/InstallerText/Line##Line##"/>
        </AssetArray>
        <Volume value="-6.000000,-6.000000"/>
    </CSound>
    <CSound default="1" id="Death" parent="WORLD">
        <Flags index="Ignorable" value="1"/>
        <Category value="Death"/>
    </CSound>
    <CSound default="1" id="DeathVoice" parent="Death">
        <Flags index="Download" value="0"/>
        <Chance value="25"/>
    </CSound>
    <CSound default="1" id="Ready" parent="WORLD">
        <Flags index="Ignorable" value="1"/>
        <Flags index="Stream" value="1"/>
        <Category value="Ready"/>
        <SustainFade index="1" Time="250" Volume="-96.000000"/>
        <ReverbBalance Room="-1500"/>
    </CSound>
    <CSound default="1" id="Spell" parent="WORLD">
        <Flags index="Purgable" value="1"/>
        <Category value="Spell"/>
    </CSound>
    <CSound default="1" id="Combat" parent="WORLD">
        <Flags index="Purgable" value="1"/>
        <Category value="Combat"/>
    </CSound>
    <CSound default="1" id="PhysicsImpact" parent="WORLD">
        <Flags index="Purgable" value="1"/>
        <Category value="Combat"/>
    </CSound>
    <CSound default="1" id="Voice" parent="WORLD">
        <Flags index="Ignorable" value="1"/>
        <Flags index="Stream" value="1"/>
        <SustainFade index="1" Time="250" Volume="-96.000000"/>
        <PanLevel value="0.750000"/>
    </CSound>
    <CSound default="1" id="Pissed" parent="Voice">
        <Flags index="Download" value="0"/>
        <Select value="Sequential"/>
        <!-- PanLevel value="1.000000"/> Why is this different than id="Voice"??? -->
        <ReverbBalance Room="-1500"/>
    </CSound>
    <CSound default="1" id="UI">
        <Flags index="Ignorable" value="1"/>
        <Category value="UI"/>
        <SpeakerMix index="BackLeft" value="0.000000"/>
        <SpeakerMix index="BackRight" value="0.000000"/>
        <SpeakerMix index="SideLeft" value="0.000000"/>
        <SpeakerMix index="SideRight" value="0.000000"/>
    </CSound>
    <CSound default="1" id="Bnet_UI">
        <Flags index="Ignorable" value="1"/>
        <Category value="UI"/>
        <AssetArray File="Assets\Sounds\Uni\UI\BattleNet_UI\##id##.wav"/>
        <SpeakerMix index="BackLeft" value="0.000000"/>
        <SpeakerMix index="BackRight" value="0.000000"/>
        <SpeakerMix index="SideLeft" value="0.000000"/>
        <SpeakerMix index="SideRight" value="0.000000"/>
    </CSound>
    <CSound default="1" id="Flames" parent="WORLD">
        <Flags index="Purgable" value="1"/>
        <Category value="Flames"/>
    </CSound>
    <CSound default="1" id="ConstantFlames" parent="WORLD">
        <Category value="Flames"/>
    </CSound>
    <CSound default="1" id="Build" parent="WORLD">
        <Flags index="Purgable" value="1"/>
        <Category value="Build"/>
    </CSound>
    <CSound default="1" id="Gather" parent="WORLD">
        <Flags index="Purgable" value="1"/>
        <Category value="Gather"/>
    </CSound>
    <CSound default="1" id="Ambience_Object" parent="WORLD">
        <Flags index="Download" value="0"/>
        <Category value="Doodad"/>
        <DupeDestroyCount value="32"/>
        <SustainFade index="1" Time="1000" Volume="-96.000000"/>
        <ResourcePriority value="16"/>
    </CSound>
    <CSound default="1" id="Movement" parent="WORLD">
        <Flags index="Download" value="0"/>
        <Flags index="Purgable" value="1"/>
        <Category value="Movement"/>
        <ResourcePriority value="16"/>
    </CSound>
    <CSound default="1" id="Other">
        <Category value="Other"/>
        <SpeakerMix index="Center" value="0.800000"/>
        <SpeakerMix index="BackLeft" value="0.700000"/>
        <SpeakerMix index="BackRight" value="0.700000"/>
        <SpeakerMix index="SideLeft" value="0.500000"/>
        <SpeakerMix index="SideRight" value="0.500000"/>
    </CSound>
    <CSound default="1" id="VO">
        <?token id="Portrait"?>
        <?token id="Actor"?>
        <?token id="Speaker"?>
        <?token id="Subtitle"?>
        <?token id="Line"?>
        <!-- newly added for HoS -->
        <Category value="Dialogue"/>
        <AssetArray>
            <File value="LocalizedData\Sounds\VO\##id##.ogg"/>
            <FacialAnim value="##id##"/>
            <FacialGroup value="##id##"/>
            <FacialFile value="LocalizedData\Sounds\VO\##id##.fxe"/>
            <PortraitModel value="##Portrait##"/>
            <PortraitActor value="##Actor##"/>
            <Speaker value="Character/Name/##Speaker##"/>
            <Subtitle value="Conversation/##Subtitle##/Line##Line##"/>
        </AssetArray>
        <Flags index="AutoUnload" value="1"/>
        <Flags index="Stream" value="1"/>
        <Flags index="Wait" value="1"/>
    </CSound>
    <CSound default="1" id="Interactive" parent="WORLD">
        <?token id="Race" value="Terran"?>
        <?token id="Portrait"?>
        <?token id="Speaker"?>
        <?token id="Subtitle"?>
        <?token id="Line"?>
        <Category value="Dialogue"/>
        <AssetArray>
            <File value="LocalizedData\Sounds\##Race##VO\CampaignVO\##id##.ogg"/>
            <FacialAnim value="##id##"/>
            <PortraitModel value="##Portrait##"/>
            <Speaker value="ConversationState/Characters/##Speaker##"/>
            <Subtitle value="Conversation/##Subtitle##/Line##Line##"/>
        </AssetArray>
        <Flags index="AutoUnload" value="1"/>
        <Flags index="Stream" value="1"/>
        <Flags index="Wait" value="1"/>
        <PanLevel value="0.750000"/>
        <ReverbBalance Room="-1000"/>
        <ReverbRolloffBlend value="Linear"/>
        <SustainFade index="1" Time="250" Volume="-96.000000"/>
        <ReverbRolloffPoints Direct="1.000000" Room="1.000000"/>
        <ReverbRolloffPoints Distance="15.000000" Direct="0.910000" Room="1.000000"/>
        <SpeakerMix index="BackLeft" value="0.500000"/>
        <SpeakerMix index="BackRight" value="0.500000"/>
        <SpeakerMix index="SideLeft" value="0.500000"/>
        <SpeakerMix index="SideRight" value="0.500000"/>
    </CSound>
    <CSound default="1" id="Interactive2D" parent="Interactive">
        <Mode value="2D"/>
        <Volume value="-3.000000,-3.000000"/>
        <PanLevel value="1.000000"/>
        <ReverbBalance Room="-10000"/>
        <ReverbRolloffBlend value="Unknown"/>
        <ReverbRolloffPoints index="0" removed="1"/>
        <ReverbRolloffPoints index="1" removed="1"/>
    </CSound>
    <CSound default="1" id="DevCutScene" parent="WORLD">
        <?token id="Portrait"?>
        <?token id="Speaker"?>
        <?token id="Subtitle"?>
        <?token id="Line"?>
        <AssetArray>
            <File value="LocalizedData\Sounds\Dev\Cutscenes\##id##.ogg"/>
            <FacialAnim value="##id##"/>
            <PortraitModel value="##Portrait##"/>
            <Speaker value="ConversationState/Characters/##Speaker##"/>
            <Subtitle value="Conversation/##Subtitle##/Line##Line##"/>
        </AssetArray>
        <Category value="Dialogue"/>
        <Flags index="AutoUnload" value="1"/>
        <Flags index="Stream" value="1"/>
        <Flags index="Wait" value="1"/>
        <Mode value="2D"/>
    </CSound>
    <CSound default="1" id="CutScene">
        <?token id="Race" value="Terran"?>
        <?token id="Portrait"?>
        <?token id="Speaker"?>
        <?token id="Subtitle"?>
        <?token id="Line"?>
        <AssetArray>
            <File value="LocalizedData\Sounds\##Race##VO\StoryModeVO\##id##.ogg"/>
            <FacialAnim value="##id##"/>
            <PortraitModel value="##Portrait##"/>
            <Speaker value="ConversationState/Characters/##Speaker##"/>
            <Subtitle value="Conversation/##Subtitle##/Line##Line##"/>
        </AssetArray>
        <Category value="ME"/>
        <!-- why is it ME? - Evan -->
        <Flags index="AutoUnload" value="1"/>
        <Flags index="Stream" value="1"/>
        <Flags index="Wait" value="1"/>
        <ReverbBalance Room="0"/>
        <SpeakerMix index="BackLeft" value="0.100000"/>
        <SpeakerMix index="BackRight" value="0.100000"/>
        <SpeakerMix index="SideLeft" value="0.250000"/>
        <SpeakerMix index="SideRight" value="0.250000"/>
    </CSound>
    <CSound default="1" id="Briefings" parent="Interactive">
        <ReverbRolloffBlend value="Unknown"/>
        <ReverbRolloffPoints index="0" removed="1"/>
        <ReverbRolloffPoints index="1" removed="1"/>
        <SpeakerMix index="BackLeft" value="1.000000"/>
        <SpeakerMix index="BackRight" value="1.000000"/>
        <SpeakerMix index="SideLeft" value="1.000000"/>
        <SpeakerMix index="SideRight" value="1.000000"/>
    </CSound>
    <CSound default="1" id="Mission" parent="WORLD">
        <Category value="Mission"/>
        <Flags index="AutoUnload" value="1"/>
        <Flags index="Stream" value="1"/>
        <Flags index="Wait" value="1"/>
        <Mode value="3DHead"/>
        <PanLevel value="0.750000"/>
        <ReverbBalance Room="-1000"/>
        <SustainFade index="1" Time="250" Volume="-96.000000"/>
        <SpeakerMix index="BackLeft" value="0.500000"/>
        <SpeakerMix index="BackRight" value="0.500000"/>
        <SpeakerMix index="SideLeft" value="0.500000"/>
        <SpeakerMix index="SideRight" value="0.500000"/>
    </CSound>
    <CSound default="1" id="Campaign" parent="Mission">
        <?token id="Race" value="Terran"?>
        <?token id="Portrait"?>
        <?token id="Speaker"?>
        <?token id="Subtitle"?>
        <?token id="Line"?>
        <AssetArray>
            <File value="LocalizedData\Sounds\##Race##VO\CampaignVO\##id##.ogg"/>
            <FacialAnim value="##id##"/>
            <PortraitModel value="##Portrait##"/>
            <Speaker value="ConversationState/Characters/##Speaker##"/>
            <Subtitle value="Conversation/##Subtitle##/Line##Line##"/>
        </AssetArray>
        <Mode value="3DWorld"/>
    </CSound>
    <CSound default="1" id="Campaign2D" parent="Campaign">
        <Mode value="2D"/>
        <Volume value="-3.000000,-3.000000"/>
        <PanLevel value="1.000000"/>
        <ReverbBalance Room="-10000"/>
    </CSound>
    <CSound default="1" id="TutorialTerran" parent="Mission">
        <?token id="Line"?>
        <AssetArray>
            <File value="LocalizedData\Sounds\Tutorial\##id##.ogg"/>
            <FacialAnim value="##id##"/>
            <PortraitModel value="AdjutantPortrait_L"/>
            <Speaker value="ConversationState/Characters/CharAdjutant"/>
            <Subtitle value="Conversation/Tutorial/Line##Line##"/>
        </AssetArray>
        <ReverbBalance Room="-10000"/>
        <PanLevel value="1.000000"/>
        <SpeakerMix index="BackLeft" value="1.000000"/>
        <SpeakerMix index="BackRight" value="1.000000"/>
        <SpeakerMix index="SideLeft" value="1.000000"/>
        <SpeakerMix index="SideRight" value="1.000000"/>
    </CSound>
    <CSound default="1" id="TutorialProtoss" parent="Mission">
        <?token id="Line"?>
        <AssetArray>
            <File value="LocalizedData\Sounds\Dev\Tutorial_Protoss\##id##.wav"/>
            <FacialAnim value="##id##"/>
            <PortraitModel value="ExecutorPortrait"/>
            <Speaker value="ConversationState/Characters/CharExecutor"/>
            <Subtitle value="Conversation/Tutorial/Line##Line##"/>
        </AssetArray>
        <ReverbBalance Room="-10000"/>
        <PanLevel value="1.000000"/>
        <SpeakerMix index="BackLeft" value="1.000000"/>
        <SpeakerMix index="BackRight" value="1.000000"/>
        <SpeakerMix index="SideLeft" value="1.000000"/>
        <SpeakerMix index="SideRight" value="1.000000"/>
    </CSound>
    <CSound default="1" id="TutorialZerg" parent="Mission">
        <?token id="Line"?>
        <AssetArray>
            <File value="LocalizedData\Sounds\Dev\Tutorial_Zerg\##id##.wav"/>
            <FacialAnim value="##id##"/>
            <PortraitModel value="QueenPortrait"/>
            <Speaker value="ConversationState/Characters/CharQueen"/>
            <Subtitle value="Conversation/Tutorial/Line##Line##"/>
        </AssetArray>
        <ReverbBalance Room="-10000"/>
        <PanLevel value="1.000000"/>
        <SpeakerMix index="BackLeft" value="1.000000"/>
        <SpeakerMix index="BackRight" value="1.000000"/>
        <SpeakerMix index="SideLeft" value="1.000000"/>
        <SpeakerMix index="SideRight" value="1.000000"/>
        <Volume value="-3.000000,-3.000000"/>
        <Mode value="2D"/>
    </CSound>
    <CSound default="1" id="ChallengesTerran" parent="Mission">
        <?token id="Line"?>
        <AssetArray>
            <File value="LocalizedData\Sounds\Challenges\##id##.ogg"/>
            <FacialAnim value="##id##"/>
            <PortraitModel value="AdjutantPortrait_L"/>
            <Speaker value="ConversationState/Characters/CharAdjutant"/>
            <Subtitle value="Conversation/Challengescombined/Line##Line##"/>
        </AssetArray>
        <PanLevel value="1.000000"/>
        <SpeakerMix index="BackLeft" value="1.000000"/>
        <SpeakerMix index="BackRight" value="1.000000"/>
        <SpeakerMix index="SideLeft" value="1.000000"/>
        <SpeakerMix index="SideRight" value="1.000000"/>
    </CSound>
    <CSound default="1" id="ChallengesProtoss" parent="Mission">
        <?token id="Line"?>
        <AssetArray>
            <File value="LocalizedData\Sounds\Challenges\##id##.ogg"/>
            <FacialAnim value="##id##"/>
            <PortraitModel value="ExecutorPortrait"/>
            <Speaker value="ConversationState/Characters/CharExecutor"/>
            <Subtitle value="Conversation/Challengescombined/Line##Line##"/>
        </AssetArray>
        <PanLevel value="1.000000"/>
        <SpeakerMix index="BackLeft" value="1.000000"/>
        <SpeakerMix index="BackRight" value="1.000000"/>
        <SpeakerMix index="SideLeft" value="1.000000"/>
        <SpeakerMix index="SideRight" value="1.000000"/>
    </CSound>
    <CSound default="1" id="ChallengesZerg" parent="Mission">
        <?token id="Line"?>
        <AssetArray>
            <File value="LocalizedData\Sounds\Challenges\##id##.ogg"/>
            <FacialAnim value="##id##"/>
            <PortraitModel value="QueenPortrait"/>
            <Speaker value="ConversationState/Characters/CharQueen"/>
            <Subtitle value="Conversation/Challengescombined/Line##Line##"/>
        </AssetArray>
        <PanLevel value="1.000000"/>
        <SpeakerMix index="BackLeft" value="1.000000"/>
        <SpeakerMix index="BackRight" value="1.000000"/>
        <SpeakerMix index="SideLeft" value="1.000000"/>
        <SpeakerMix index="SideRight" value="1.000000"/>
    </CSound>
    <CSound default="1" id="TV" parent="Interactive">
        <Category value="TV"/>
        <PanLevel value="1.000000"/>
        <ReverbRolloffBlend value="Unknown"/>
        <SustainFade index="1" Time="100" Volume="-96.000000"/>
        <ReverbRolloffPoints index="0" removed="1"/>
        <ReverbRolloffPoints index="1" removed="1"/>
        <SpeakerMix index="BackLeft" value="1.000000"/>
        <SpeakerMix index="BackRight" value="1.000000"/>
        <SpeakerMix index="SideLeft" value="1.000000"/>
        <SpeakerMix index="SideRight" value="1.000000"/>
    </CSound>
    <CSound default="1" id="DevTV" parent="WORLD">
        <?token id="Portrait"?>
        <?token id="Speaker"?>
        <?token id="Subtitle"?>
        <?token id="Line"?>
        <Flags index="AutoUnload" value="1"/>
        <Flags index="Stream" value="1"/>
        <AssetArray>
            <File value="LocalizedData\Sounds\Dev\TVReports\##id##.ogg"/>
            <FacialAnim value="##id##"/>
            <PortraitModel value="##Portrait##"/>
            <Speaker value="ConversationState/Characters/##Speaker##"/>
            <Subtitle value="Conversation/##Subtitle##/Line##Line##"/>
        </AssetArray>
        <Category value="Other"/>
        <Mode value="2D"/>
    </CSound>
    <CSound default="1" id="Movie">
        <Category value="Movie"/>
        <Flags index="AutoUnload" value="1"/>
        <Flags index="Stream" value="1"/>
        <Flags index="Wait" value="1"/>
        <SustainFade index="1" Time="2000" Volume="-96.000000"/>
        <SpeakerMix index="FrontLeft" value="1.122000"/>
        <SpeakerMix index="FrontRight" value="1.122000"/>
        <SpeakerMix index="Center" value="1.122000"/>
        <SpeakerMix index="LFE" value="1.000000"/>
    </CSound>
    <CSound default="1" id="ME" parent="Movie">
        <Category value="ME"/>
        <AssetArray File="Assets\Sounds\CinematicsSFX\##id##.ogg"/>
        <SpeakerMix index="Center" value="0.750000"/>
        <SpeakerMix index="BackLeft" value="0.500000"/>
        <SpeakerMix index="BackRight" value="0.500000"/>
        <SpeakerMix index="SideLeft" value="0.500000"/>
        <SpeakerMix index="SideRight" value="0.500000"/>
    </CSound>
    <CSound default="1" id="Movie3D" parent="WORLD">
        <Category value="Movie"/>
    </CSound>
    <CSound default="1" id="SetPiece" parent="WORLD">
        <Category value="SEmitters"/>
        <Flags index="Wait" value="1"/>
        <SustainFade index="1" Time="2000" Volume="-96.000000"/>
        <ResourcePriority value="16"/>
    </CSound>
    <CSound id="EditorDefaultSound">
        <Flags index="Stream" value="1"/>
    </CSound>
</Catalog>
