<?xml version="1.0" encoding="us-ascii"?>
<Catalog>
    <CTargetFind default="1"/>
    <CTargetFindBestPoint default="1">
        <Effect value="##id##"/>
    </CTargetFindBestPoint>
    <CTargetFindEnumArea default="1">
        <MaxCount value="4294967295"/>
        <MinCountError value="CantFindEnoughTargets"/>
        <LaunchLocation Value="SourceUnit"/>
        <ImpactLocation Value="TargetUnitOrPoint"/>
        <SearchFlags index="OffsetAreaByAngle" value="1"/>
    </CTargetFindEnumArea>
    <CTargetFindEffect default="1">
        <Effect value="##id##"/>
        <TargetFilters value="Visible;Player,Ally,Neutral"/>
    </CTargetFindEffect>
    <CTargetFindOffset default="1"/>
    <CTargetFindOrder default="1"/>
    <CTargetFindLastAttacker id="LastAttacker"/>
    <CTargetFindOrder id="OrderTarget"/>
    <CTargetFindOrder id="AttackOrderTarget">
        <Abil value="attack"/>
    </CTargetFindOrder>
</Catalog>
