<?xml version="1.0" encoding="us-ascii"?>
<Catalog>
    <CTerrain default="1">
        <Name value="Terrain/Name/##id##"/>
        <Lighting value="##id##"/>
        <Camera value="Dflt"/>
        <Ambience value="Ambience_Map##id##"/>
        <ReverbGlobal value="Off"/>
        <ReverbAmbient value="Off"/>
        <SoundDistanceFactor value="1.000000"/>
        <SoundDopplerFactor value="1.000000"/>
        <SoundRolloffFactor value="1.000000"/>
        <TilingFreq value="4.000000"/>
        <POMScale value="0.030000"/>
        <MinimapBackgroundColor value="255,0,0,0"/>
        <FOWColor value="255,0,0,0"/>
        <FogColor value="255,0,0,0"/>
        <Gravity value="-9.800000"/>
        <PhysicsTimeScale value="1.000000"/>
        <WindAngleHorizontal value="90.000000"/>
        <WindSpeed value="0.750000"/>
        <WindTurbulencePower value="2.000000"/>
        <WindTurbulenceSpeed value="0.050000"/>
        <CreepBaseTexture value="Assets\Textures\Creep.dds"/>
        <CreepBaseSpecularMap value="Assets\Textures\CreepSpecularMask.dds"/>
        <CreepEdgeNormalMap value="Assets\Textures\CreepEdgeNormal.dds"/>
        <CreepHeightMap value="Assets\Textures\CreepHeight.dds"/>
        <CreepNoiseMap value="Assets\Textures\CreepNoise.dds"/>
        <!--
        <CreepSettingsArray index="Off" CreepTranslucentMinThreshold="0.050000" CreepNoiseStrength="0.450000"/>
        <CreepSettingsArray index="On" CreepTranslucentMinThreshold="0.050000" CreepNoiseStrength="0.450000"/>
        -->
        <CreepSettingsArray index="Low" CreepGroundNormalBlend="0.000000"/>
        <CreepSettingsArray index="Medium" CreepGroundNormalBlend="0.000000"/>
        <CreepSettingsArray index="High" CreepGroundNormalBlend="0.000000"/>
        <CreepSettingsArray index="Ultra" CreepGroundNormalBlend="0.000000"/>
        <CreepSettingsArray index="Extreme" CreepGroundNormalBlend="0.000000"/>
        <FoliageSettingsArray index="Low">
            <SamplingDistance index="Grass" value="2.000000"/>
            <SamplingDistance index="Shrubs" value="2.000000"/>
            <SamplingDistance index="Trees" value="2.000000"/>
        </FoliageSettingsArray>
        <FoliageSettingsArray index="Medium">
            <SamplingDistance index="Grass" value="2.000000"/>
            <SamplingDistance index="Shrubs" value="0.750000"/>
            <SamplingDistance index="Trees" value="2.000000"/>
            <AcceptWorldForces index="Shrubs" value="1"/>
        </FoliageSettingsArray>
        <FoliageSettingsArray index="High">
            <SamplingDistance index="Grass" value="2.000000"/>
            <SamplingDistance index="Shrubs" value="0.750000"/>
            <SamplingDistance index="Trees" value="1.000000"/>
            <AcceptWorldForces index="Shrubs" value="1"/>
            <AcceptWorldForces index="Trees" value="1"/>
        </FoliageSettingsArray>
        <FoliageSettingsArray index="Ultra">
            <SamplingDistance index="Grass" value="0.750000"/>
            <SamplingDistance index="Shrubs" value="0.750000"/>
            <SamplingDistance index="Trees" value="1.000000"/>
            <AcceptWorldForces index="Grass" value="1"/>
            <AcceptWorldForces index="Shrubs" value="1"/>
            <AcceptWorldForces index="Trees" value="1"/>
        </FoliageSettingsArray>
        <HeightFlags index="AirSmoothing" value="1"/>
    </CTerrain>
</Catalog>
