<?xml version="1.0" encoding="us-ascii"?>
<Catalog>
    <CTile default="1">
        <Material value="TerrainTileDef/Material/##id##"/>
        <EditorIcon value="TerrainTileDef/EditorIcon/##id##"/>
        <TesselationDistance value="1.000000"/>
        <TileWidthDistance value="2.000000"/>
        <TileHeightRepetitions value="1"/>
        <CapLength value="1.000000"/>
        <DefaultSplineWidth value="1.000000"/>
        <DefaultWingWidth value="1.000000"/>
        <Flags index="Conform" value="1"/>
    </CTile>
</Catalog>
