<?xml version="1.0" encoding="us-ascii"?>
<Catalog>
    <CWarChestSeason default="1">
        <Name value="WarChestSeason/Name/##id##"/>
        <ESportsSeason value="WarChestSeason/ESportsSeason/##id##"/>
        <ESportsName value="WarChestSeason/ESportsName/##id##"/>
        <ESportsLocation value="WarChestSeason/ESportsLocation/##id##"/>
        <ESportsDate value="WarChestSeason/ESportsDate/##id##"/>
        <ESportsShowPlayers value="0"/>
        <HowItWorks1 value="WarChestSeason/HowItWorks1/##id##"/>
        <HowItWorks2 value="WarChestSeason/HowItWorks2/##id##"/>
        <HowItWorks3 value="WarChestSeason/HowItWorks3/##id##"/>
        <HowItWorks4 value="WarChestSeason/HowItWorks4/##id##"/>
        <LearnMoreTitle1 value="WarChestSeason/LearnMoreTitle1/##id##"/>
        <LearnMoreTitle2 value="WarChestSeason/LearnMoreTitle2/##id##"/>
        <LearnMoreTitle3 value="WarChestSeason/LearnMoreTitle3/##id##"/>
        <LearnMoreDescription1 value="WarChestSeason/LearnMoreDescription1/##id##"/>
        <LearnMoreDescription2 value="WarChestSeason/LearnMoreDescription2/##id##"/>
        <LearnMoreDescription3 value="WarChestSeason/LearnMoreDescription3/##id##"/>
        <LearnMoreImage1 value="Assets/Textures/SC2_UI_Collection_WarChest_IntroDialog_ImageA.dds"/>
        <LearnMoreImage2 value="Assets/Textures/SC2_UI_Collection_WarChest_IntroDialog_ImageB.dds"/>
        <LearnMoreImage3 value="Assets/Textures/SC2_UI_Collection_WarChest_IntroDialog_ImageC.dds"/>
        <PurchaseTitle value="WarChestSeason/PurchaseTitle/##id##"/>
        <PurchaseDescription value="WarChestSeason/PurchaseDescription/##id##"/>
        <PurchaseWarning value="WarChestSeason/PurchaseWarning/##id##"/>
    </CWarChestSeason>
</Catalog>
