<?xml version="1.0" encoding="us-ascii"?>
<Catalog>
    <CWater default="1">
        <TextureKey value="Assets/Textures/DefaultWater.dds"/>
        <TilingFreq value="0.125000,0.125000,0.125000,0.125000"/>
        <!--this controls the 2 normal maps (for faking the waves) scrooling rate and direction-->
        <ScrollVectors value="0.030000,0.030000,-0.030000,-0.030000"/>
        <CausticsTilingFreq value="0.225000,0.225000"/>
        <CausticsFPS value="15.000000"/>
        <!--FramesPerSec only used by cheap flip book animated water-->
        <FramesPerSec value="15.000000"/>
        <LavaModel value="DefaultLava"/>
        <Sound value="Emitter_WaterCalm"/>
        <Density value="1000.000000"/>
        <Drag value="4.000000"/>
        <AngularDamping value="2.500000"/>
        <MaxLinearVelocity value="5.000000"/>
        <State>
            <Name value="[Default]"/>
            <Height value="9.000000"/>
            <Color value="0.100000,0.350000,0.500000,0.300000"/>
            <ColorFallOff value="0.100000"/>
            <Specularity value="100.000000"/>
            <SpecularScaler value="2.450000"/>
            <UvRate value="0.000000,-1.000000,0.000000,0.000000"/>
            <ReflectionDistortion value="0.012000"/>
            <RefractionDistortion value="0.025000"/>
            <MinReflection value="0.300000"/>
            <ReflectivityPower value="8.000000"/>
        </State>
    </CWater>
    <CWater id="Default"/>
</Catalog>
